reservoir,policy_id,GRanD_ID,GRanD_NAME,GRanD_CAP_MCM,GRanD_MEANFLOW_CUMECS,Obs_MEANFLOW_CUMECS,fit,match,NORhi_alpha,NORhi_beta,NORhi_max,NORhi_min,NORhi_mu,NORlo_alpha,NORlo_beta,NORlo_max,NORlo_min,NORlo_mu,Release_alpha1,Release_alpha2,Release_beta1,Release_beta2,Release_c,Release_max,Release_min,Release_p1,Release_p2,GRanD_CAP_MG,GRanD_MEANFLOW_MGD,Adjusted_CAP_MG,Adjusted_MEANFLOW_MGD,Max_release,notes
cannonsville,default,1550,Cannonsville Dam,555.1,24.605,,extrapolated,1615,-0.23,-2.01,inf,-99999,15.08,0.2,-4.08,15.52,12.31,12.58,0.2118,-0.0357,0.1302,-0.0248,-0.123,1.774,-0.804,0.183,0.732,146641.8772,561.5959693,95700,561.5959693,544.2,Adjust to use NYC stated capacity here https://www.nyc.gov/site/dep/water/reservoir-levels.page
pepacton,default,2192,Downsville Dam,752.1,20.799,,extrapolated,1615,-0.23,-2.01,inf,-99999,15.08,0.2,-4.08,15.52,12.31,12.58,0.2118,-0.0357,0.1302,-0.0248,-0.123,1.774,-0.804,0.183,0.732,198683.7612,474.7260543,140200,474.7260543,1332.7,Adjust to use NYC stated capacity here https://www.nyc.gov/site/dep/water/reservoir-levels.page
neversink,default,2200,Neversink Reservoir Dam,175.2,5.169,,extrapolated,1615,-0.23,-2.01,inf,-99999,15.08,0.2,-4.08,15.52,12.31,12.58,0.2118,-0.0357,0.1302,-0.0248,-0.123,1.774,-0.804,0.183,0.732,46282.9344,117.9796613,34900,117.9796613,195.8,Adjust to use NYC stated capacity here https://www.nyc.gov/site/dep/water/reservoir-levels.page
wallenpaupack_original,default,1560,Wallenpaupack,333,10.777,,extrapolated,1615,-0.23,-2.01,inf,-99999,15.08,0.2,-4.08,15.52,12.31,12.58,0.2118,-0.0357,0.1302,-0.0248,-0.123,1.774,-0.804,0.183,0.732,87969.276,245.9792628,87969.276,245.9792628,682.346475,
blueMarsh,default,1615,Blue Marsh Dam,160.2,8.768,8.164,full,,-0.23,-2.01,inf,-99999,15.08,0.2,-4.08,15.52,12.31,12.58,0.2118,-0.0357,0.1302,-0.0248,-0.123,1.774,-0.804,0.183,0.732,42320.3544,200.124912,42320.3544,200.124912,969.5,
beltzville,default,1585,Beltzville Dam,127.8,5.106,5.017,full,,0,0,inf,-99999,100,2.28,-0.56,41.31,-99999,40.9,0.2824,-0.0585,0.1903,0.005,-0.338,1.878,-0.807,17.016,0.788,33761.1816,116.5417199,33761.1816,116.5417199,969.5,
beltzvilleCombined,default,"1585, 1580, 1583","Beltzville Dam, Penn Forest, Wild Creek",182.9,5.106,5.017,full,,0,0,inf,-99999,100,2.28,-0.56,41.31,-99999,40.9,0.2824,-0.0585,0.1903,0.005,-0.338,1.878,-0.807,17.016,0.788,48317.0588,116.5417199,48317.0588,116.5417199,969.5,add storage of Penn Forest & Wild Creek dams upstream. keep just Beltzville mean inflows.
wallenpaupack,default,1560,Wallenpaupack,333,10.777,,extrapolated,1585,0,0,inf,-99999,100,2.28,-0.56,41.31,-99999,40.9,0.2824,-0.0585,0.1903,0.005,-0.338,1.878,-0.807,17.016,0.788,87969.276,245.9792628,87969.276,245.9792628,707.9283183,
prompton_original,default,,,,,,,,,,,,,,,,,,,,,,,,,,,,,,,,
shoholaMarsh_original,default,2212,Shohola Marsh,32.6,2.702,,extrapolated,1615,-0.23,-2.01,inf,-99999,15.08,0.2,-4.08,15.52,12.31,12.58,0.2118,-0.0357,0.1302,-0.0248,-0.123,1.774,-0.804,0.183,0.732,8612.0072,61.67170531,8612.0072,61.67170531,171.0773105,
mongaupeCombined_original,default,"2205, 2204","Rio, Toronto",107.4,10.652,,extrapolated,1615,-0.23,-2.01,inf,-99999,15.08,0.2,-4.08,15.52,12.31,12.58,0.2118,-0.0357,0.1302,-0.0248,-0.123,1.774,-0.804,0.183,0.732,28372.0728,243.1262046,28372.0728,243.1262046,674.4320916,"add storage of Rio & Toronto upstream. There are others in Mongaup chain, but these are only ones in GRanD/ISTARF. Only use Rio mean inflow, last in chain."
fewalter_original,default,,,,,,,,,,,,,,,,,,,,,,,,,,,,,,,1292.6,
merrillCreek_original,default,2237,Merrill Creek Reservoir Dike,56.7,0.147,,extrapolated,1615,-0.23,-2.01,inf,-99999,15.08,0.2,-4.08,15.52,12.31,12.58,0.2118,-0.0357,0.1302,-0.0248,-0.123,1.774,-0.804,0.183,0.732,14978.5524,3.355196403,14978.5524,3.355196403,9.307314822,
hopatcong_original,default,2235,Lake Hopatcong Dam,59.5,1.365,,extrapolated,1615,-0.23,-2.01,inf,-99999,15.08,0.2,-4.08,15.52,12.31,12.58,0.2118,-0.0357,0.1302,-0.0248,-0.123,1.774,-0.804,0.183,0.732,15718.234,31.15539517,15718.234,31.15539517,86.4250662,
nockamixon_original,default,1610,Nockamixon,87.6,3.658,,extrapolated,1615,-0.23,-2.01,inf,-99999,15.08,0.2,-4.08,15.52,12.31,12.58,0.2118,-0.0357,0.1302,-0.0248,-0.123,1.774,-0.804,0.183,0.732,23141.4672,83.49189416,23141.4672,83.49189416,646.3,
assunpink_original,default,2240,Assunpink Dam 6,15.6,1.185,,extrapolated,1615,-0.23,-2.01,inf,-99999,15.08,0.2,-4.08,15.52,12.31,12.58,0.2118,-0.0357,0.1302,-0.0248,-0.123,1.774,-0.804,0.183,0.732,4121.0832,27.04699141,4121.0832,27.04699141,75.02835417,
ontelaunee_original,default,,,,,,,,,,,,,,,,,,,,,,,,,,,,,,,,
stillCreek_original,default,1584,Still Creek,14.3,0.375,,extrapolated,1615,-0.23,-2.01,inf,-99999,15.08,0.2,-4.08,15.52,12.31,12.58,0.2118,-0.0357,0.1302,-0.0248,-0.123,1.774,-0.804,0.183,0.732,3777.6596,8.559174497,3777.6596,8.559174497,23.74315005,
greenLane_original,default,1618,Greenlane Reservoir,31,5.094,,extrapolated,1615,-0.23,-2.01,inf,-99999,15.08,0.2,-4.08,15.52,12.31,12.58,0.2118,-0.0357,0.1302,-0.0248,-0.123,1.774,-0.804,0.183,0.732,8189.332,116.2678264,8189.332,116.2678264,322.5269504,
prompton,default,,,,,,extrapolated,1615,-0.23,-2.01,inf,-99999,15.08,0.2,-4.08,15.52,12.31,12.58,0.2118,-0.0357,0.1302,-0.0248,-0.123,1.774,-0.804,0.183,0.732,,,27956.02,83.49189416,231.6065144,"reservoir isnt in grand. Assume capacity to be ""authorized flood control storage"" from pg 17 of 2023 Prompton Master Plan, https://www.nap.usace.army.mil/Portals/39/docs/Civil/Reports/Prompton/Final-Prompton-Reservoir-Master-Plan-Jan-2023.pdf. For inflow, use Nockamixon value since that is similar in total capacity."
shoholaMarsh,default,2212,Shohola Marsh,32.6,2.702,,extrapolated,1615,-0.23,-2.01,inf,-99999,15.08,0.2,-4.08,15.52,12.31,12.58,0.2118,-0.0357,0.1302,-0.0248,-0.123,1.774,-0.804,0.183,0.732,8612.0072,61.67170531,8612.0072,61.67170531,171.0773105,
mongaupeCombined,default,"2205, 2204","Rio, Toronto",107.4,10.652,,extrapolated,1615,-0.23,-2.01,inf,-99999,15.08,0.2,-4.08,15.52,12.31,12.58,0.2118,-0.0357,0.1302,-0.0248,-0.123,1.774,-0.804,0.183,0.732,28372.0728,243.1262046,28372.0728,243.1262046,674.4320916,"add storage of Rio & Toronto upstream. There are others in Mongaup chain, but these are only ones in GRanD/ISTARF. Only use Rio mean inflow, last in chain."
fewalter,default,,,14.3,0.375,,extrapolated,1615,-0.23,-2.01,inf,-99999,15.08,0.2,-4.08,15.52,12.31,12.58,0.2118,-0.0357,0.1302,-0.0248,-0.123,1.774,-0.804,0.183,0.732,,,35800,137.23,1292.6,Storage: 35.8 BG Source: https://www.nap.usace.army.mil/Portals/39/docs/Civil/Walter/F-E-Walter-Brochure-Revised-August-2020.pdf
merrillCreek,default,2237,Merrill Creek Reservoir Dike,56.7,0.147,,extrapolated,1615,-0.23,-2.01,inf,-99999,15.08,0.2,-4.08,15.52,12.31,12.58,0.2118,-0.0357,0.1302,-0.0248,-0.123,1.774,-0.804,0.183,0.732,14978.5524,3.355196403,14978.5524,3.355196403,9.307314822,
hopatcong,default,2235,Lake Hopatcong Dam,59.5,1.365,,extrapolated,1615,-0.23,-2.01,inf,-99999,15.08,0.2,-4.08,15.52,12.31,12.58,0.2118,-0.0357,0.1302,-0.0248,-0.123,1.774,-0.804,0.183,0.732,15718.234,31.15539517,15718.234,31.15539517,86.4250662,
nockamixon,default,1610,Nockamixon,87.6,3.658,,extrapolated,1615,-0.23,-2.01,inf,-99999,15.08,0.2,-4.08,15.52,12.31,12.58,0.2118,-0.0357,0.1302,-0.0248,-0.123,1.774,-0.804,0.183,0.732,23141.4672,83.49189416,23141.4672,83.49189416,646.3,
assunpink,default,2240,Assunpink Dam 6,15.6,1.185,,extrapolated,1615,-0.23,-2.01,inf,-99999,15.08,0.2,-4.08,15.52,12.31,12.58,0.2118,-0.0357,0.1302,-0.0248,-0.123,1.774,-0.804,0.183,0.732,4121.0832,27.04699141,4121.0832,27.04699141,75.02835417,
vanSciver,default,2242,Van Sciver Lake,14.2,1.12,,extrapolated,1615,-0.23,-2.01,inf,-99999,15.08,0.2,-4.08,15.52,12.31,12.58,0.2118,-0.0357,0.1302,-0.0248,-0.123,1.774,-0.804,0.183,0.732,3751.2424,25.56340116,3751.2424,25.56340116,70.91287482,
ontelaunee,default,,,14.3,0.375,,extrapolated,1615,-0.23,-2.01,inf,-99999,15.08,0.2,-4.08,15.52,12.31,12.58,0.2118,-0.0357,0.1302,-0.0248,-0.123,1.774,-0.804,0.183,0.732,,,3777.6596,8.559174497,23.74315005,reservoir isnt in grand. just assume still creek cap & meanflow conservatively. Footprint of Ontelaunee is ~3x larger than Still Creek so I think it is worth including
stillCreek,default,1584,Still Creek,14.3,0.375,,extrapolated,1615,-0.23,-2.01,inf,-99999,15.08,0.2,-4.08,15.52,12.31,12.58,0.2118,-0.0357,0.1302,-0.0248,-0.123,1.774,-0.804,0.183,0.732,3777.6596,8.559174497,3777.6596,8.559174497,23.74315005,
greenLane,default,1618,Greenlane Reservoir,31,5.094,,extrapolated,1615,-0.23,-2.01,inf,-99999,15.08,0.2,-4.08,15.52,12.31,12.58,0.2118,-0.0357,0.1302,-0.0248,-0.123,1.774,-0.804,0.183,0.732,8189.332,116.2678264,8189.332,116.2678264,322.5269504,
modified_blueMarsh,default,1615,Blue Marsh Dam,160.2,8.768,8.164,full,,-0.23,-2.01,inf,-99999,15.08,0.2,-4.08,15.52,12.31,12.58,0.2118,-0.0357,0.1302,-0.0248,-0.123,1.774,-0.804,0.183,0.732,42320.3544,200.124912,42320.3544,200.124912,969.5,
modified_fewalter,default,,,14.3,0.375,,extrapolated,1615,0,-15,20,5,15.08,-1,-30,14.2,1.6,9,0.2118,-0.0357,0.1302,-0.0248,-0.123,1.774,-0.804,0.183,0.732,,,35800,137.23,1292.6,- Storage: 35.8 BG Source: https://www.nap.usace.army.mil/Portals/39/docs/Civil/Walter/F-E-Walter-Brochure-Revised-August-2020.pdf
modified_beltzvilleCombined,default,"1585, 1580, 1583","Beltzville Dam, Penn Forest, Wild Creek",182.9,5.106,5.017,full,,0,0,inf,-99999,100,2.28,-0.56,91,85,90,0.2824,-0.0585,0.1903,0.005,-0.338,1.878,-0.807,17.016,0.788,48317.0588,116.5417199,13500,116.5417199,969.5,"Does not include storage of above reservoirs, just median of observed"
fewalter,0,,,,,,,,-6.733946695,5.21,21.90679682,25.12642122,96.89318355,-14.41,-21.6459454,1.76,0,91.27019939,87.20434898,56.53545116,6.391034764,-24.95843294,5.435987589,1.774,-0.804,92.59523122,0.01036049,,,35800,137.23,1292.6,
fewalter,1,,,,,,,,58.73996771,-18.85049436,9.153102198,78.06925423,52.96094887,3.990460036,-23.29068424,7.163897952,4.217145239,22.50431168,0.315231968,64.21214462,76.79659377,-0.425196781,3.559971551,1.774,-0.804,0.181519519,0.79099755,,,35800,137.23,1292.6,
fewalter,2,,,,,,,,21.6189178,-26.16552723,9.644934084,60.88737649,90.73104012,-5.931356667,-28.52870408,3.623954419,91.86959922,73.26842506,42.62562085,50.64111247,0.002797295,0.11581461,17.42263993,1.774,-0.804,16.45942087,0.707019115,,,35800,137.23,1292.6,
fewalter,3,,,,,,,,2.530012999,-13.93377479,10.60364106,53.58950061,34.54230945,-3.625347004,-12.35316587,1.786031906,32.44041525,94.83465871,0.429681737,83.76303785,71.18215957,-0.451694127,7.166773583,1.774,-0.804,72.12151388,0.882009592,,,35800,137.23,1292.6,
fewalter,4,,,,,,,,3.544983923,-14.12765229,10.20888001,78.94470014,20.81703698,-0.287179851,-24.70492065,2.090849101,23.84377733,10.82857944,5.965242803,84.2782365,78.35258368,-34.96180443,7.166773583,1.774,-0.804,88.26445785,0.166811101,,,35800,137.23,1292.6,
fewalter,5,,,,,,,,55.51170571,-10.78773798,9.652896882,30.0498477,0.564974905,5.244779448,-28.48396556,2.125478883,21.31678802,89.33326092,1.522609572,75.523165,-0.016814058,-6.252783916,1.594763114,1.774,-0.804,3.032852166,0.452318236,,,35800,137.23,1292.6,
fewalter,6,,,,,,,,57.88254798,-8.827883349,9.948780721,34.839136,8.314510946,6.379013446,-24.59614847,7.479436831,3.957241288,19.12776538,-0.499060595,74.77312098,71.38180387,-1.353968955,-1.046650617,1.774,-0.804,1.261647028,0.957,,,35800,137.23,1292.6,
fewalter,7,,,,,,,,58.73996771,-18.85049436,9.153102198,78.06925423,52.96094887,3.990460036,-23.29068424,7.163897952,55.58274432,22.50431168,0.315231968,64.21214462,76.79659377,-0.425196781,3.559971551,1.774,-0.804,0.181519519,0.79099755,,,35800,137.23,1292.6,
fewalter,8,,,,,,,,15.70724195,-7.777895568,17.9582233,5.91022644,16.53571594,0.281020682,-14.77188979,1.777835684,32.6374435,93.58881891,5.0793953,61.09473985,51.33768775,-0.004253482,-1.185048193,1.774,-0.804,4.22065048,0.884525653,,,35800,137.23,1292.6,
fewalter,9,,,,,,,,29.25278596,-20.38943044,27.291006,25.7020463,94.15170828,1.148526135,-2.50025296,3.47220851,78.16254356,68.94175147,96.34181619,71.26861673,26.46422438,-36.01060138,26.79020016,1.774,-0.804,31.17429973,0.292005317,,,35800,137.23,1292.6,
fewalter,10,,,,,,,,46.44105962,-15.85812219,42.28941811,14.79923708,15.10461528,-0.96396287,-16.89932103,7.302976208,82.48465236,11.19024207,85.48838733,36.04232821,27.34818813,-33.80033338,45.42941818,1.774,-0.804,61.19950372,0.512665555,,,35800,137.23,1292.6,
fewalter,11,,,,,,,,8.68406697,3.304164039,10.44389734,8.507131971,18.90846377,7.247726928,-19.28921176,6.739982844,59.54452481,26.93399993,42.89904712,37.53166668,45.88419031,-13.61824356,17.6899715,1.774,-0.804,16.54236289,0.877808579,,,35800,137.23,1292.6,
fewalter,12,,,,,,,,50.27636951,-34.0653034,9.496201373,38.96750586,64.25910186,5.62160966,5.525742169,6.637434644,3.219308892,73.43856266,45.26422087,34.65326358,25.29051728,-30.92226938,43.92631176,1.774,-0.804,27.07358079,0.777830968,,,35800,137.23,1292.6,
fewalter,13,,,,,,,,57.93366035,2.061815987,19.20023524,71.2169932,27.51082032,-13.49447057,-7.935547753,1.841429198,56.20721863,7.866536026,100.3368041,64.75984463,21.93078212,-26.12741588,45.67820427,1.774,-0.804,38.66654853,0.092226098,,,35800,137.23,1292.6,
fewalter,14,,,,,,,,27.1270878,-15.67894666,42.28941811,15.41350926,18.06769971,-0.900851601,-16.89419106,7.332544583,45.14541504,46.58511496,85.12610825,36.04232821,27.34210898,-38.3966109,45.95618619,1.774,-0.804,64.88700561,0.456964944,,,35800,137.23,1292.6,
fewalter,15,,,,,,,,31.54726589,-15.69590434,42.28941811,14.31376157,22.01201562,-0.900851601,-14.39498306,7.332544583,45.14541504,46.58511496,85.12610825,36.04232821,27.53518909,-38.3966109,45.95618619,1.774,-0.804,63.5895876,0.097786338,,,35800,137.23,1292.6,
fewalter,16,,,,,,,,-9.075236985,2.596987713,18.97238635,8.089562687,6.181159079,-7.454236247,-23.83141472,1.877806854,59.81273727,67.48746963,106.7929848,84.7844,80.94529576,-41.77435224,26.13462191,1.774,-0.804,49.89549523,0.65612987,,,35800,137.23,1292.6,
fewalter,17,,,,,,,,-9.038230483,2.596987713,18.97238635,8.357290387,6.181159079,-14.27212658,-23.83141472,1.877806854,62.50157705,67.48746963,109.3478523,84.7844,80.94603199,-41.56723261,22.8348019,1.774,-0.804,49.89549523,0.755218356,,,35800,137.23,1292.6,
fewalter,18,,,,,,,,31.54726589,-15.69590434,42.93838357,14.31035379,18.06769971,-1.178325313,-14.39498306,7.343167046,45.14541504,46.58511496,85.09358519,36.04232821,27.53518909,-38.31640254,45.95618619,1.774,-0.804,63.54427765,0.097786338,,,35800,137.23,1292.6,
fewalter,19,,,,,,,,31.49276306,-1.315897243,23.78690526,36.60805871,50.05589944,-13.82062653,-14.35397641,1.77578248,81.03539794,96.78266294,79.75207181,39.18991313,8.717604601,-29.42938066,12.27160928,1.774,-0.804,43.32012021,0.231741909,,,35800,137.23,1292.6,
fewalter,20,,,,,,,,46.44105962,-15.85812219,42.28941811,14.79923708,15.10461528,-0.460434326,-16.89932103,7.772737389,55.74533742,11.18249497,85.48838733,36.04232821,27.34818813,-33.80033338,45.42941818,1.774,-0.804,38.72421759,0.514997297,,,35800,137.23,1292.6,
fewalter,21,,,,,,,,46.79299698,-15.67894666,73.03315338,14.79923708,15.69150866,-1.508867963,-16.8835775,7.323787516,80.52445321,47.69575667,84.2495824,36.07522478,27.34818813,-16.16309696,32.44118572,1.774,-0.804,92.51716515,0.460370242,,,35800,137.23,1292.6,
fewalter,22,,,,,,,,-10.84162561,0.735429928,27.38577265,7.807579978,13.32750384,-7.231019227,-20.82295742,2.042124718,67.17159567,68.62065591,109.0606847,84.7844,82.97285117,-38.01271113,24.22588183,1.774,-0.804,50.88254868,0.816014443,,,35800,137.23,1292.6,
fewalter,23,,,,,,,,-6.703554197,-10.60558029,30.64548363,9.251935619,2.638442678,3.279081607,-18.96950697,8.407017791,49.86966439,7.218276209,33.96787867,78.25630928,72.42075597,-28.23046116,24.77680785,1.774,-0.804,28.99313574,0.87880518,,,35800,137.23,1292.6,
fewalter,24,,,,,,,,-5.605244794,3.231198298,9.428413931,43.16699537,91.5774742,-13.44243857,-8.566992762,8.496494439,48.83331958,2.537634069,24.54267374,61.77884671,75.1713796,-28.33797559,29.50628894,1.774,-0.804,31.23281491,0.324897683,,,35800,137.23,1292.6,
fewalter,25,,,,,,,,57.93366035,3.738009224,19.20023524,71.2169932,27.51082032,-14.38111969,-8.998264196,1.841429198,56.25605265,45.77094055,101.8272375,64.75984463,21.93078212,-26.18297298,45.67820427,1.774,-0.804,39.16900508,0.076995973,,,35800,137.23,1292.6,
fewalter,26,,,,,,,,47.99311603,5.21,10.93429677,61.6203356,89.707104,6.461998205,-1.825364196,1.765502196,56.06105029,94.8256383,12.31244233,31.68131735,28.77810028,0.4454,6.524592551,1.774,-0.804,10.85634955,0.644685272,,,35800,137.23,1292.6,
fewalter,27,,,,,,,,46.56869574,4.636818017,10.93429677,61.67503444,89.707104,6.461998205,-0.517440038,1.765502196,54.06727677,94.8256383,12.31244233,44.77538004,28.77810028,0.4454,6.524592551,1.774,-0.804,7.902000592,0.644685272,,,35800,137.23,1292.6,
fewalter,28,,,,,,,,47.99311603,5.21,10.93429677,58.9230175,89.84162983,6.516217177,-1.825364196,1.765502196,63.77373882,94.8256383,12.31244233,31.7231525,28.77810028,0.4454,6.524592551,1.774,-0.804,10.85634955,0.644685272,,,35800,137.23,1292.6,
fewalter,29,,,,,,,,55.08940223,-3.80179888,9.317326353,58.33423358,94.05781603,-5.004374324,-5.926712252,1.781527389,9.551052475,100,10.51260718,29.25911616,27.01666219,-0.111400172,4.981040097,1.774,-0.804,12.14449798,0.618368772,,,35800,137.23,1292.6,
fewalter,30,,,,,,,,47.54588277,-30.37452627,10.94880956,62.5814043,92.23452547,5.734889127,-42.45648118,1.76,58.5556657,91.88811585,11.98599972,43.93015859,28.11683636,0.4454,-1.414,1.774,-0.804,61.01169882,0.936913714,,,35800,137.23,1292.6,
fewalter,31,,,,,,,,-10.95,1.99840089,52.01960136,46.92380815,46.75642265,-4.231049696,3.38767829,1.774105751,63.6306924,62.38961576,132.8146836,84.7844,3.91744058,-52.3545,-1.414,1.774,-0.804,26.36784194,0,,,35800,137.23,1292.6,
fewalter,32,,,,,,,,66.93493776,-2.481970662,15.17380659,75.67107901,12.05994724,-2.4596807,-17.94950628,1.76,9.395732885,73.1896031,139.0974706,81.38751012,0.290215431,-30.19896466,59.56060042,1.774,-0.804,75.47227804,0.719214394,,,35800,137.23,1292.6,
fewalter,33,,,,,,,,52.8532603,4.839847111,10.1823574,61.33043599,82.38368692,-1.662645688,-3.577721366,1.781582377,10.37255015,96.0152491,10.88997088,33.07660074,28.43329173,-2.284366932,2.985181328,1.774,-0.804,2.369214817,0.622719768,,,35800,137.23,1292.6,
fewalter,34,,,,,,,,16.93678761,4.636818017,10.93429677,61.55560252,87.14515505,5.430487662,-39.61297953,1.765502196,53.68872892,90.16631011,12.31244233,44.78673911,28.77810028,0.4454,6.524592551,1.774,-0.804,7.765673169,0.751372597,,,35800,137.23,1292.6,
fewalter,35,,,,,,,,49.53934054,2.853626567,31.61518377,9.10481146,89.55887966,-6.437625592,5.72,1.76,0,81.18625763,29.96190489,76.24964533,30.97772819,-18.58610204,-1.414,1.774,-0.804,26.57107894,0.957,,,35800,137.23,1292.6,
fewalter,36,,,,,,,,46.10026941,4.990121816,10.17995919,61.0732793,89.7516298,5.305726021,-3.204530638,1.77606275,58.24800058,98.4217807,10.38186508,32.45760136,27.79110974,-0.529752563,5.907414731,1.774,-0.804,10.42950244,0.40641675,,,35800,137.23,1292.6,
fewalter,37,,,,,,,,46.21913414,3.313773114,10.18235732,61.38801968,88.69895936,6.388746244,-3.492788409,1.76,58.02793074,96.37592756,10.88997088,32.88172851,28.43329173,-1.421727454,6.111757203,1.774,-0.804,11.64156602,0.623537592,,,35800,137.23,1292.6,
fewalter,38,,,,,,,,13.70293553,-30.60263151,23.23310112,63.41877103,97.46696442,0.749266869,-38.98009775,1.76,99.85369163,76.48627342,70.32411488,56.8802775,12.7647279,-9.032846705,5.895101232,1.774,-0.804,54.21738585,0.347579429,,,35800,137.23,1292.6,
fewalter,39,,,,,,,,0.442206645,-36.24448276,19.78751524,49.30079772,100,3.742905881,-44.63957695,2.80808685,75.511152,82.60525337,53.76387758,56.10869325,11.40272453,-7.560561438,-1.414,1.774,-0.804,53.38661019,0.957,,,35800,137.23,1292.6,
fewalter,40,,,,,,,,16.1046012,0.327724331,15.86310694,34.52250015,98.80028106,-8.451607087,5.72,1.76,8.532693553,100,111.9113179,44.28681356,25.80139248,-22.58438338,57.65503978,1.774,-0.804,36.87365862,0.271238299,,,35800,137.23,1292.6,
fewalter,41,,,,,,,,37.19808324,-2.976811709,48.11533833,11.49159319,15.33487917,10.88219195,-18.61213805,7.875508822,92.8765714,67.00712577,115.7774133,17.39770917,-0.957175225,-46.04284003,55.95213046,1.774,-0.804,94.93858332,0.013278851,,,35800,137.23,1292.6,
fewalter,42,,,,,,,,1.342233988,-13.28418812,9.387661644,39.49066245,67.15865639,-11.12098162,-39.09628929,5.102864617,29.57695643,74.88252897,78.17459011,44.22970143,9.765714165,-42.03276004,33.29333431,1.774,-0.804,77.74453911,0.88925332,,,35800,137.23,1292.6,
fewalter,43,,,,,,,,33.29461819,1.613380841,13.05189229,46.52320149,40.29721488,-5.223011783,-10.85014749,3.415011566,17.2774637,74.26301692,67.85434496,78.37307889,34.70743494,-2.767683644,33.89739592,1.774,-0.804,52.12228726,0.726176413,,,35800,137.23,1292.6,
fewalter,44,,,,,,,,34.37566824,4.998313473,11.54355762,45.89107558,38.2178682,-6.673993111,-11.566612,2.274284534,12.7183884,73.5109314,58.87055555,83.93140761,34.92190594,0.4454,33.6726398,1.774,-0.804,52.99549288,0.778121905,,,35800,137.23,1292.6,
fewalter,45,,,,,,,,-9.331753733,-19.89818069,11.12906543,79.24,4.36186878,-8.254591456,-6.830634464,2.20835614,73.25182266,67.28401741,12.54688585,84.7844,72.07023221,-32.85452863,-1.414,1.774,-0.804,97.625,0.619194029,,,35800,137.23,1292.6,
fewalter,46,,,,,,,,34.37566824,4.998313473,11.54355762,45.89107558,38.2178682,-6.673993111,-11.566612,2.274284534,12.7183884,73.5109314,58.87055555,83.93140761,34.92190594,0.4454,33.6726398,1.774,-0.804,52.99549288,0.755478483,,,35800,137.23,1292.6,
fewalter,47,,,,,,,,37.19808324,-2.976811709,48.11533833,11.49159319,15.33487917,10.88219195,-18.61213805,7.875508822,61.3822817,67.00712577,115.7774133,20.74533891,-0.957175225,-46.04284003,55.95213046,1.774,-0.804,94.93858332,0.013278851,,,35800,137.23,1292.6,
fewalter,48,,,,,,,,34.58134783,-25.63303099,28.3078061,62.03445415,27.44199618,-4.039167804,-11.42002204,1.76,36.67207208,66.76251605,108.7624736,77.1183622,12.03531492,-28.40164253,3.726257496,1.774,-0.804,83.35519232,0.645702646,,,35800,137.23,1292.6,
fewalter,49,,,,,,,,37.04234275,-13.97485152,21.75855501,5.740465217,29.2476856,-10.94807093,-28.14298903,5.0034498,37.86749267,70.49519613,64.1768731,42.60200695,82.25427838,-12.11389051,-1.414,1.774,-0.804,33.78743997,0.574875042,,,35800,137.23,1292.6,
fewalter,50,,,,,,,,37.20920925,-38.09668143,11.09582565,79.24,0,-9.361929625,-6.995483176,6.430454532,74.36209071,82.62078937,2.264931483,77.42165562,79.76349424,-5.328596647,-1.24182869,1.774,-0.804,97.20910914,0.716030208,,,35800,137.23,1292.6,
fewalter,51,,,,,,,,33.29461819,-29.48462147,13.05189229,17.55006242,41.07926789,-5.223011783,-21.79064756,3.415011566,17.2774637,64.78786534,67.85434496,78.37307889,25.84714753,-1.992097525,33.89739592,1.774,-0.804,52.18620234,0.726819329,,,35800,137.23,1292.6,
fewalter,52,,,,,,,,48.34283066,5.21,11.59659371,45.64815134,38.986008,-7.133205461,-9.734673709,1.986887094,10.08168587,84.53825477,57.31950204,80.52431111,34.23964001,0.443581051,34.67892417,1.774,-0.804,52.81323343,0.803072887,,,35800,137.23,1292.6,
fewalter,53,,,,,,,,33.96475557,-24.1096949,29.3773062,40.88830509,88.25760023,-5.343159486,-33.77875325,1.76,93.81333297,76.33394955,105.0070577,77.06658986,17.81093208,-34.45162462,0.49012536,1.774,-0.804,87.46220793,0.419421441,,,35800,137.23,1292.6,
fewalter,54,,,,,,,,14.00610376,-26.75532358,23.28652335,39.03504571,74.55853449,-4.362564667,-29.53645204,1.76,71.6732497,72.84471498,101.700745,60.06004322,15.08289234,-29.79955418,9.405180135,1.774,-0.804,83.08368082,0.338011237,,,35800,137.23,1292.6,
fewalter,55,,,,,,,,-5.5635016,-1.844938156,30.62657155,39.94850205,87.51838341,-13.57971212,-25.86017502,1.805126857,51.76306773,75.38330131,56.11183234,84.53917213,0.851496424,-30.57696314,-1.117546307,1.774,-0.804,42.20221786,0.850919489,,,35800,137.23,1292.6,
fewalter,56,,,,,,,,41.46000273,5.21,14.93968248,78.40827593,11.05427534,-8.500876814,-11.08925386,6.423994519,71.66104231,76.74310568,4.24403674,76.25883916,68.50167837,-13.72021712,0.032588772,1.774,-0.804,59.74535278,0.781131516,,,35800,137.23,1292.6,
fewalter,57,,,,,,,,60.58681903,-32.28463062,36.07211604,0.59159685,95.68910855,5.904631997,-16.86743441,8.010911952,33.21786021,61.59553679,161.4813713,45.93295266,35.92796992,-23.80078887,-0.83450074,1.774,-0.804,38.49350051,0.261698673,,,35800,137.23,1292.6,
fewalter,58,,,,,,,,37.55885514,5.21,14.93968248,36.81656036,11.05427534,-8.530503641,-11.08925386,6.553065516,71.66104231,76.74310568,4.24403674,80.879529,68.50167837,-6.874602019,-1.400591014,1.774,-0.804,97.625,0.916085162,,,35800,137.23,1292.6,
fewalter,59,,,,,,,,57.33857921,-14.66753645,10.60220013,33.4823951,21.1786465,-5.040102112,-24.09611713,4.857367872,8.543399507,82.86689352,0.772120799,34.95878586,50.47987973,-34.10320448,-1.300104632,1.774,-0.804,84.08533972,0.887462499,,,35800,137.23,1292.6,
fewalter,60,,,,,,,,6.548009637,-26.29716796,10.57738251,38.53150399,16.46133917,-5.537111714,-22.97170841,3.426854834,94.72369517,78.74092068,87.94997209,52.39719207,5.693656132,-36.29533717,30.33785546,1.774,-0.804,90.62418,0.670220605,,,35800,137.23,1292.6,
fewalter,61,,,,,,,,55.56548801,-19.98347632,9.652896882,79.24,53.13353582,4.850565622,-23.02651573,2.011179168,21.31678802,87.89882925,5.771534306,58.1214906,8.243952611,-8.115940932,-1.250277566,1.774,-0.804,1.24318877,0.273695036,,,35800,137.23,1292.6,
fewalter,62,,,,,,,,55.56548801,-9.972803969,9.652896882,49.1886807,53.13353582,4.850565622,-6.348555062,2.136957317,21.31678802,92.84087845,5.771534306,58.1214906,7.946194295,-8.115940932,-1.250277566,1.774,-0.804,1.24318877,0.293786234,,,35800,137.23,1292.6,
fewalter,63,,,,,,,,35.85520523,-14.08470001,16.35775015,68.97692066,20.49947193,-4.679744154,-28.53381716,2.572465978,73.54767931,87.82110273,86.65663378,51.85275764,5.055761691,-29.31547232,9.622634263,1.774,-0.804,72.49358016,0.559742345,,,35800,137.23,1292.6,
fewalter,64,,,,,,,,55.72307152,-18.67754041,9.652896882,35.25800532,0.564974905,5.244779448,-28.48396556,2.124375795,22.33895502,89.08705675,2.754152738,74.46786307,-0.016814058,-6.252783916,1.594763114,1.774,-0.804,3.032852166,0.183247245,,,35800,137.23,1292.6,
fewalter,65,,,,,,,,35.28381789,-26.73999895,10.71083049,7.952289517,17.39491321,6.094699144,-16.68278581,5.790236321,13.92411061,64.79993546,-0.082411728,54.39334927,51.1014985,-16.466713,8.162391537,1.774,-0.804,3.990950843,0.855931809,,,35800,137.23,1292.6,
fewalter,66,,,,,,,,55.34703555,-14.48725046,17.11186895,7.922801467,31.57221842,-2.992925042,-13.9565166,1.776407851,20.42652565,88.61853472,3.701849114,53.93190167,45.76220958,-1.591827851,25.66920989,1.774,-0.804,2.426393416,0.452797906,,,35800,137.23,1292.6,
fewalter,Best q20 Bias,,,,,,,,13.43988827,-2.886310609,30.61517449,69.44986537,43.03049216,0.056127142,-24.77911215,1.761428241,60.91247692,41.68122028,100.7462859,83.76486134,12.97298385,-51.12607784,30.86547012,1.774,-0.804,16.46477273,0.896652373,,,35800,137.23,1292.6,
fewalter,68,,,,,,,,53.39674589,-1.868689228,9.392360559,75.54186023,6.335931516,-6.024480577,-8.23786238,1.901689428,23.409365,88.25019034,7.521606543,51.93547086,64.45597899,-2.075314379,-1.023616619,1.774,-0.804,1.186316011,0.894888189,,,35800,137.23,1292.6,
fewalter,69,,,,,,,,58.26119403,-10.55316508,9.367397733,7.246827869,55.77228664,0.403225361,-29.2460831,4.888769284,78.67439361,76.4579967,72.16505542,78.0552409,41.4038117,-20.88792087,14.40188707,1.774,-0.804,19.10835524,0.952654888,,,35800,137.23,1292.6,
fewalter,70,,,,,,,,-5.413679154,-12.82133976,16.10950616,3.673895788,0,-0.272344251,-15.46289305,1.918824598,32.130035,6.815271796,4.186303431,9.326447922,49.54682235,-16.25042451,21.64429567,1.774,-0.804,20.44213378,0.435934695,,,35800,137.23,1292.6,
fewalter,71,,,,,,,,57.73816451,-4.371138763,17.57160482,8.785560824,1.90710724,7.869336066,-28.41297675,7.090388865,27.11987494,24.81035885,9.368230109,70.14243614,54.54169615,-1.226602642,31.15770584,1.774,-0.804,15.62277234,0.345065545,,,35800,137.23,1292.6,
fewalter,72,,,,,,,,57.89967891,-10.39385737,10.20421974,58.24402847,60.36250721,0.180718731,-14.00927292,1.997783499,79.33414701,67.89095281,60.68630095,76.22657728,0.873426843,-21.89801486,2.852319567,1.774,-0.804,66.32776166,0.82264032,,,35800,137.23,1292.6,
fewalter,73,,,,,,,,58.22533097,-14.60390519,11.06341988,4.411582692,25.78490166,-7.835638477,-5.498025865,1.76,37.20740182,51.46651594,4.34471545,35.69065755,17.40882756,-1.093222684,-1.414,1.774,-0.804,19.51064342,0.916483991,,,35800,137.23,1292.6,
fewalter,74,,,,,,,,57.73816451,-4.371138763,17.57160482,8.785560824,1.90710724,7.869336066,-28.41297675,7.090388865,27.11987494,24.81035885,9.368230109,70.14243614,54.54169615,-1.226602642,31.15770584,1.774,-0.804,15.62277234,0.216201991,,,35800,137.23,1292.6,
fewalter,75,,,,,,,,16.03858134,-7.778577915,11.22554133,5.91022644,10.75019015,0.281020682,-14.77188979,1.76413855,32.6374435,90.44228351,4.246030846,70.03516053,35.76296626,-25.63296185,-1.185048193,1.774,-0.804,3.276816296,0.0382358,,,35800,137.23,1292.6,
fewalter,76,,,,,,,,51.33900687,-23.54968893,8.35790307,7.528145564,50.61857056,-2.929885764,-20.84341913,4.27302752,54.23306824,50.5084542,224.7732676,35.05093179,20.23860449,-14.66760076,25.81345847,1.774,-0.804,96.24339684,0.76025819,,,35800,137.23,1292.6,
fewalter,77,,,,,,,,35.00879688,-28.47391285,18.490948,5.917861503,35.96439569,5.529347423,-14.47579834,1.768095912,85.97258508,53.82699615,6.706653612,53.94603508,47.81556469,-3.600510301,8.031178127,1.774,-0.804,23.32404765,0.294963137,,,35800,137.23,1292.6,
fewalter,78,,,,,,,,65.21640616,-14.9912584,9.092418317,7.90341785,41.41715896,-4.95385339,-35.0215809,6.955146157,89.60955975,72.27306217,75.50943635,53.97328833,50.42330438,-13.69310877,17.03775373,1.774,-0.804,88.17387493,0.072169133,,,35800,137.23,1292.6,
fewalter,79,,,,,,,,35.65066698,3.774670325,9.961366185,49.16256665,25.78156786,7.684058886,-14.36698772,2.176812874,71.28304914,4.287771717,89.67754044,80.60323719,0.578335499,-24.77476983,38.91471478,1.774,-0.804,7.47250023,0.92606239,,,35800,137.23,1292.6,
fewalter,80,,,,,,,,35.65066698,-20.80921164,9.692676876,49.16256665,25.76419828,7.825694162,-14.36698772,2.176812874,72.62177,77.16047253,91.35337537,80.68439231,0.578335499,-24.78214915,38.91471478,1.774,-0.804,7.343476879,0.867764201,,,35800,137.23,1292.6,
fewalter,81,,,,,,,,55.51170571,-25.97090476,9.648250715,73.6776261,1.82504468,4.978261548,-23.28598452,2.09813555,21.31678802,87.89882925,1.522609572,39.72872696,2.271087844,-6.252783916,-1.376741627,1.774,-0.804,2.250135509,0.957,,,35800,137.23,1292.6,
fewalter,82,,,,,,,,16.17803211,-11.92387837,14.52787403,49.94993771,86.73912522,3.937383677,-27.41553785,1.889311511,82.36742042,9.586047492,52.00148844,52.50139994,5.462332147,-3.520567516,31.56871157,1.774,-0.804,23.91273279,0.813234487,,,35800,137.23,1292.6,
fewalter,83,,,,,,,,2.079179387,3.614727698,21.34408192,4.577783995,92.15156653,-13.09128195,-23.21058044,1.763996082,0.448630865,88.69590243,91.84208131,62.11070195,9.107316756,-25.64058457,6.764599137,1.774,-0.804,91.74258482,0.122313339,,,35800,137.23,1292.6,
fewalter,84,,,,,,,,36.30908473,-28.59784446,18.490948,5.917861503,35.96439569,5.529347423,-17.28381771,1.800393803,85.97258508,53.82699615,6.706653612,30.62688742,69.51885359,-3.600510301,8.031178127,1.774,-0.804,23.32404765,0.290456999,,,35800,137.23,1292.6,
fewalter,85,,,,,,,,57.50345636,-10.34500203,9.852659226,55.65186096,7.38226328,0.379382202,-15.23613133,3.402832119,77.39956414,27.2098948,71.1810896,73.38346215,8.632629484,-20.80984544,18.04899196,1.774,-0.804,63.96099207,0.913582993,,,35800,137.23,1292.6,
fewalter,86,,,,,,,,53.91015234,-43.12506384,18.46838138,70.00175764,0.361473171,-0.362400607,-29.86698041,1.769832802,63.12378895,16.8964542,42.62562085,20.09192603,-0.126174682,0.316699127,26.90678869,1.774,-0.804,16.62138934,0.738252269,,,35800,137.23,1292.6,
fewalter,87,,,,,,,,7.584232327,-7.778577915,11.22554133,6.829102076,28.87747457,-5.368955898,-14.94609715,1.76413855,32.6374435,90.50971175,2.804429321,60.59657718,51.4751096,-17.17313255,-1.394528742,1.774,-0.804,67.16127946,0.875459994,,,35800,137.23,1292.6,
fewalter,88,,,,,,,,61.81502252,-10.25068612,9.375145076,58.24402847,3.398699883,0.512724887,3.249101606,3.388614497,29.67516509,22.78467983,73.45564567,76.25292518,4.094506163,-20.88152083,18.37526132,1.774,-0.804,66.04987016,0.95362014,,,35800,137.23,1292.6,
fewalter,89,,,,,,,,60.47741612,-13.53973018,16.18038599,10.76293844,3.794835527,-10.87028764,-23.49199372,2.556330641,28.62381029,24.41050145,8.077665143,67.14370666,50.92507765,-1.329169176,9.709310236,1.774,-0.804,18.89348861,0.488089305,,,35800,137.23,1292.6,
fewalter,90,,,,,,,,55.56548801,-20.79646781,9.652896882,50.10583682,26.73701346,4.850565622,-22.30960326,2.097496345,21.31678802,87.89882925,8.733729852,80.09135502,8.347225196,-6.180896667,1.940255707,1.774,-0.804,1.244689432,0.273695036,,,35800,137.23,1292.6,
fewalter,91,,,,,,,,35.8842901,-14.35096433,16.35775015,68.97692066,19.52241703,-4.707834564,-28.53381716,2.647397946,73.54767931,82.40936036,86.65663378,51.85275764,7.018549063,-29.29035649,10.17779075,1.774,-0.804,73.26534788,0.559742345,,,35800,137.23,1292.6,
fewalter,92,,,,,,,,58.80132718,-4.453616112,17.57160482,8.785560824,1.90710724,-2.388541397,-10.55531401,7.047300411,27.11987494,24.81035885,9.368230109,70.1449877,54.54169615,-23.34241005,-0.780803692,1.774,-0.804,35.58845986,0.707309511,,,35800,137.23,1292.6,
fewalter,93,,,,,,,,43.31407439,-14.72905896,14.52235767,7.742454029,24.28070343,-0.022468158,-16.20979654,1.771994177,24.47733494,22.82775977,-0.829708331,71.68978722,6.207853394,-3.455438479,6.973050154,1.774,-0.804,1.387081988,0.573605552,,,35800,137.23,1292.6,
fewalter,94,,,,,,,,33.71886132,1.085329816,9.575372621,30.94607627,16.36757916,5.477080013,-21.80815175,6.152400408,25.07941383,60.99744521,88.5931111,39.7219097,8.475217144,-29.09619704,57.46733549,1.774,-0.804,15.97296452,0.676730418,,,35800,137.23,1292.6,
fewalter,95,,,,,,,,57.76710397,-10.10794536,9.852659226,55.65186096,7.38226328,-4.89093968,-15.19066321,3.402832119,32.99240893,25.75690959,71.1810896,73.38346215,8.632629484,-21.07986906,18.04899196,1.774,-0.804,63.96099207,0.913582993,,,35800,137.23,1292.6,
fewalter,96,,,,,,,,60.18431294,-43.34368667,20.89884657,28.16305423,97.4683982,-11.14409732,-23.15605192,2.180056453,22.35673814,75.40408702,99.10154992,64.47887643,8.440817714,-25.48342146,9.499320348,1.774,-0.804,76.12971403,0.051616693,,,35800,137.23,1292.6,
fewalter,97,,,,,,,,65.21640616,-14.88889492,9.619153466,7.967627489,40.78019849,-4.95385339,-44.76415826,7.071441398,85.99040251,53.69715996,75.39504587,32.36621495,21.96599902,-3.60793081,10.37647415,1.774,-0.804,87.79375921,0.809323608,,,35800,137.23,1292.6,
fewalter,98,,,,,,,,15.70724195,-7.777895568,17.9582233,5.91022644,16.53571594,0.281020682,-14.68419138,1.777835684,32.6374435,93.58881891,5.0793953,73.44269065,51.33768775,-0.004253482,0.687622458,1.774,-0.804,4.291275755,0.748186554,,,35800,137.23,1292.6,
fewalter,99,,,,,,,,60.83833488,-34.68343873,9.530632604,13.05525464,53.68789872,-6.108463258,-29.25635619,5.266137501,31.642633,91.40810839,51.33793985,61.85850684,-1.167293048,-1.74910958,5.098111822,1.774,-0.804,96.29405716,0.592864948,,,35800,137.23,1292.6,
fewalter,100,,,,,,,,-3.100663651,-8.078499769,11.5356552,51.01642154,3.086304129,-5.236743165,-17.55672589,6.369835728,28.65175132,24.41050145,7.993264139,65.60318227,49.18525603,-25.13912116,9.51126018,1.774,-0.804,84.32240385,0.807906507,,,35800,137.23,1292.6,
fewalter,101,,,,,,,,-4.384587117,4.615202286,12.08591441,27.51387763,84.40750988,-1.539436846,-21.80811424,2.014917229,24.19148571,82.32731878,104.0413213,80.87383803,2.940333504,-30.8330489,30.8739194,1.774,-0.804,76.62135235,0.56884614,,,35800,137.23,1292.6,
fewalter,102,,,,,,,,45.41493729,-17.83643078,10.60589436,78.85523693,58.50194559,0.806584317,-26.35775801,3.633860925,0.59727825,17.47664308,87.64984003,84.74860318,28.19204517,-6.751831581,41.79800339,1.774,-0.804,49.99034266,0.735248256,,,35800,137.23,1292.6,
fewalter,103,,,,,,,,36.17592377,-2.96479002,14.52787403,49.78064725,85.54383894,5.082604819,-33.21003843,1.887569445,82.109918,14.26053703,55.22728494,71.35671343,5.524903217,-3.631078429,31.89035636,1.774,-0.804,25.32159195,0.848601606,,,35800,137.23,1292.6,
fewalter,104,,,,,,,,43.54821233,-15.07193542,14.55559224,7.936675914,29.69442271,-2.992925042,-13.89025078,1.760562547,21.89966278,88.61853472,3.701849114,53.92248376,24.39859511,-6.129264976,24.87573335,1.774,-0.804,2.892336789,0.441457482,,,35800,137.23,1292.6,
fewalter,105,,,,,,,,-6.733946695,5.21,21.90679682,28.85387382,48.56401908,-14.39988268,-21.6459454,1.761843339,0,47.2887816,87.20434898,55.91787448,6.45516019,-24.95843294,5.435987589,1.774,-0.804,92.59523122,0.01036049,,,35800,137.23,1292.6,
fewalter,106,,,,,,,,53.94544204,-22.52709984,20.99701766,33.69595195,0.471828228,0.593276782,-29.08425529,4.714233878,17.95038844,82.42424805,110.9408347,72.75696196,6.649520568,-34.2622754,12.99158802,1.774,-0.804,97.19638151,0.312244377,,,35800,137.23,1292.6,
fewalter,107,,,,,,,,58.26119403,-9.233601255,9.367397733,7.246943298,55.77228664,-0.005584327,-29.2460831,4.902477821,78.67439361,76.4579967,72.16505542,78.0552409,41.41297373,-20.88792087,14.60154497,1.774,-0.804,19.10835524,0.264143877,,,35800,137.23,1292.6,
fewalter,108,,,,,,,,58.80132718,-4.453616112,17.57160482,8.785560824,1.90710724,7.986569973,-10.59065691,7.047300411,29.56610041,22.87263869,9.505540209,70.1449877,53.97234862,-23.34241005,22.17037811,1.774,-0.804,35.58845986,0.707309511,,,35800,137.23,1292.6,
fewalter,109,,,,,,,,8.750074792,3.807212046,21.20859178,43.89325489,96.15361609,-12.50636547,-23.89321905,1.768326721,36.18028916,69.50723427,92.46698721,64.45750633,8.502556071,-25.60667921,6.511829941,1.774,-0.804,91.07543993,0.122243026,,,35800,137.23,1292.6,
fewalter,110,,,,,,,,16.04324405,-7.777895568,17.9582233,7.043445166,16.53571594,0.281020682,-14.68419138,1.772020718,29.73884018,26.95437411,3.848640019,73.55311168,51.33768775,-0.00425962,0.687622458,1.774,-0.804,3.842579057,0.748186554,,,35800,137.23,1292.6,
fewalter,111,,,,,,,,57.22078251,-22.45685991,21.16731429,28.81678121,42.69687508,0.062364711,-30.58297359,1.941288644,89.78455758,6.083594683,99.13896087,58.5149491,8.502178702,-25.87674061,9.715474331,1.774,-0.804,79.92520653,0.083707091,,,35800,137.23,1292.6,
fewalter,112,,,,,,,,55.88440002,-10.29035642,9.652896882,12.99911679,7.068131604,4.328839776,-29.00573466,5.205420829,21.31678802,66.42358009,1.522609572,57.63623332,8.407323065,-6.921150466,1.546302518,1.774,-0.804,1.070733568,0.607609546,,,35800,137.23,1292.6,
fewalter,113,,,,,,,,73.58709205,-14.79157879,9.085631577,7.90341785,42.14797446,-3.583237446,-35.0215809,6.943218156,73.94798966,82.79081995,74.30153233,18.21617811,43.60710967,-20.5228932,7.212487801,1.774,-0.804,88.35819132,0.552223683,,,35800,137.23,1292.6,
fewalter,114,,,,,,,,57.37555503,-14.56037447,9.622628199,33.4823951,21.1786465,-3.346449741,-24.09611713,4.857367872,22.26482267,83.15709273,1.522602546,16.73026912,57.90594289,-6.906641537,1.939322048,1.774,-0.804,3.156879368,0.894314352,,,35800,137.23,1292.6,
fewalter,115,,,,,,,,53.79072953,-41.90716315,17.20139996,5.913908212,7.093426191,-3.130909562,-8.208273906,2.692780604,29.17860746,88.87762469,4.558324155,64.67374436,22.27063543,-3.9319363,-0.989784842,1.774,-0.804,0.935942257,0.302777812,,,35800,137.23,1292.6,
fewalter,116,,,,,,,,28.24050971,-33.05419479,21.16737545,34.7232454,0.471828228,9.184311649,-32.17215249,2.010981297,88.56115335,82.42424805,111.3109319,73.62267104,8.426826864,-34.26269743,12.83897381,1.774,-0.804,91.90793543,0.568472139,,,35800,137.23,1292.6,
fewalter,117,,,,,,,,-7.084327838,-26.24576335,9.607708328,7.353830052,4.826745855,0.02527306,-13.70198805,1.760932874,17.51803871,79.52652459,5.170506182,84.7844,3.720972671,-3.811202022,12.96545577,1.774,-0.804,27.24834776,0.762079779,,,35800,137.23,1292.6,
fewalter,118,,,,,,,,55.62758603,-2.099517163,9.462329898,8.203283281,20.50439718,-2.706475992,-20.63564448,6.379492587,19.00269107,88.95481691,18.53814417,20.12730559,51.44442227,-4.199811298,7.192560018,1.774,-0.804,0.197336124,0.761074643,,,35800,137.23,1292.6,
fewalter,119,,,,,,,,57.96925962,-10.78773798,9.652896882,30.0498477,0.564974905,5.244779448,-24.77722336,2.125478883,21.31678802,11.27711932,1.539650767,74.78706403,-0.016814058,-1.346887789,1.594763114,1.774,-0.804,1.248205601,0.452318236,,,35800,137.23,1292.6,
fewalter,120,,,,,,,,28.8513801,-11.0981499,8.882639711,4.724470385,21.39764957,2.322866483,-26.21650225,4.254319571,23.43315971,49.21942501,7.883646593,69.7830839,2.270100896,-0.029090161,-1.081007112,1.774,-0.804,1.357424886,0.878682548,,,35800,137.23,1292.6,
fewalter,121,,,,,,,,59.71092226,-34.12952886,13.52096949,13.05525464,33.62185707,7.295527676,-29.00279509,5.266137501,83.32917114,63.68348501,53.66908263,61.85850684,-1.167293048,-0.724818185,5.072631561,1.774,-0.804,77.29476434,0.568975091,,,35800,137.23,1292.6,
fewalter,122,,,,,,,,3.957423679,-15.14233638,17.83988983,4.76558158,8.864580241,0.339981551,-27.24818803,1.76413855,17.66617388,18.91196615,0.263021499,60.99196113,78.86922459,-7.60050462,-0.78254554,1.774,-0.804,4.772604912,0.587524024,,,35800,137.23,1292.6,
fewalter,123,,,,,,,,53.4344159,-42.87170319,9.625739501,53.47869955,52.52523876,3.980541639,-8.566402797,2.176812874,57.682863,74.81188054,89.65745982,67.76694943,0.453720156,-26.0875711,42.20513029,1.774,-0.804,12.46067263,0.7189847,,,35800,137.23,1292.6,
fewalter,124,,,,,,,,35.28381789,-26.73999895,10.71083049,7.952289517,17.39491321,6.094699144,-16.68278581,5.790236321,13.92411061,64.79993546,-0.082411728,54.39334927,51.1014985,-16.466713,8.162391537,1.774,-0.804,90.64053014,0.855931809,,,35800,137.23,1292.6,
fewalter,125,,,,,,,,55.56548801,-9.452999004,9.653737836,5.872432472,53.88113275,7.812906183,-15.0986802,2.136957317,21.13942959,47.22312121,0.272279696,58.05887667,12.39460575,-8.832349387,-1.255510133,1.774,-0.804,39.12539228,0.272547296,,,35800,137.23,1292.6,
fewalter,126,,,,,,,,3.957423679,-7.778577915,18.24052927,4.76558158,8.864580241,0.27376524,-27.24818803,1.76413855,24.03405245,18.91196615,0.263021499,47.32528108,78.86922459,-0.912957196,-0.78254554,1.774,-0.804,4.772604912,0.083494314,,,35800,137.23,1292.6,
fewalter,127,,,,,,,,57.73816451,-4.371138763,17.64379303,8.785560824,1.862426231,7.869336066,-28.41297675,7.431048323,32.23427329,90.49680906,4.187152362,70.03631811,36.23063038,-1.226602642,15.10999305,1.774,-0.804,15.64092221,0.216201991,,,35800,137.23,1292.6,
fewalter,128,,,,,,,,45.41493729,-39.40930441,10.60589436,78.85523693,58.50194559,0.806584317,-26.35775801,3.633860925,0.59727825,17.47664308,87.64984003,84.74860318,28.19204517,-6.751831581,41.79800339,1.774,-0.804,49.99034266,0.920171329,,,35800,137.23,1292.6,
fewalter,129,,,,,,,,33.71886132,1.085329816,9.575372621,30.94607627,16.36757916,5.477080013,-21.80815175,6.152400408,25.07941383,60.99744521,88.5931111,39.7219097,0.017629096,-29.09619704,57.46733549,1.774,-0.804,15.97296452,0.676730418,,,35800,137.23,1292.6,
fewalter,130,,,,,,,,55.51170571,-25.49477404,9.61313077,75.21104172,92.71627914,3.829787944,-23.28598452,2.045081959,48.76670847,84.55178864,1.522609572,52.31808077,2.271087844,-1.471171733,-0.579117466,1.774,-0.804,2.250135509,0.076854583,,,35800,137.23,1292.6,
fewalter,131,,,,,,,,58.22533097,-32.46691007,17.673509,5.456621915,25.78490166,-7.835638477,-5.498025865,1.912934462,37.20740182,51.68825807,4.34471545,35.69065755,36.02624895,-1.9012244,-1.4111989,1.774,-0.804,18.09779752,0.93715691,,,35800,137.23,1292.6,
fewalter,132,,,,,,,,57.73816451,-4.371138763,17.64379303,8.785560824,1.862426231,7.869336066,-28.41297675,7.431048323,32.23427329,90.49680906,4.187152362,1.233963856,36.23063038,-1.226602642,-1.344669505,1.774,-0.804,15.64092221,0.216201991,,,35800,137.23,1292.6,
fewalter,133,,,,,,,,58.22533097,-14.60390519,11.06341988,4.411582692,25.78490166,-7.835638477,-5.498025865,1.76,37.20740182,51.46651594,4.34471545,35.69065755,17.40882756,-1.093222684,-1.414,1.774,-0.804,19.51064342,0.030749768,,,35800,137.23,1292.6,
fewalter,134,,,,,,,,43.31407439,-14.72905896,14.52235767,7.742454029,24.28070343,-0.022468158,-16.20979654,1.771994177,24.47733494,22.82775977,-0.829708331,22.22544332,6.207853394,-3.455438479,6.973050154,1.774,-0.804,1.387081988,0.573605552,,,35800,137.23,1292.6,
fewalter,135,,,,,,,,18.58798302,-9.981348272,10.48197703,38.46783737,16.21005141,-5.880080269,-44.79830639,3.630860954,95.38924694,98.98352792,86.79797731,51.90395033,5.727093844,-37.39301354,30.21409277,1.774,-0.804,90.562937,0.730045298,,,35800,137.23,1292.6,
fewalter,136,,,,,,,,3.333159637,-13.58003938,11.19099484,4.76558158,2.550446955,0.323902539,-24.56688224,2.021248215,86.90200422,90.44228351,0.263021499,61.12521475,79.17331489,-25.65829665,-0.542529005,1.774,-0.804,5.022060124,0.083494314,,,35800,137.23,1292.6,
fewalter,137,,,,,,,,54.06049428,-42.94817585,9.142018078,78.77435786,6.07307009,2.766213023,-24.95724223,2.102704721,23.82044955,88.25019034,7.191352416,51.75126767,1.093227225,-4.099406039,-1.085769659,1.774,-0.804,4.444755256,0.914375898,,,35800,137.23,1292.6,
fewalter,138,,,,,,,,52.12020455,-22.94480432,21.16731429,57.19515626,95.81965686,-11.12171272,-23.15605192,1.875242128,89.79036392,75.63847992,101.1463531,58.68432635,7.422103037,-25.72272245,9.713103681,1.774,-0.804,80.98468965,0.203272296,,,35800,137.23,1292.6,
fewalter,139,,,,,,,,55.71963092,-18.6076573,9.61313077,37.68060737,92.71627914,3.829787944,-28.48861806,2.043383017,48.76670847,84.55178864,1.522609572,53.33745706,2.203850776,-6.247656879,-0.579117466,1.774,-0.804,2.250135509,0.072149332,,,35800,137.23,1292.6,
fewalter,140,,,,,,,,4.634461113,-13.63335495,17.2071865,5.814447114,7.093426191,7.856339949,-8.208273906,2.621609071,23.48077904,85.39097018,4.558324155,76.25352036,35.80244456,-5.32652703,-1.175222674,1.774,-0.804,0.98035954,0.302777812,,,35800,137.23,1292.6,
fewalter,141,,,,,,,,31.27665045,-1.315897243,23.67537476,36.55017766,2.02171338,-13.77390127,-14.34833685,1.77578248,80.34922409,92.76562993,79.75207181,39.18991313,8.717604601,-29.42938066,12.12632819,1.774,-0.804,43.32012021,0.231741909,,,35800,137.23,1292.6,
fewalter,142,,,,,,,,-6.962083023,-10.79500236,30.21545559,7.445980324,2.035788285,-7.804276122,-11.74593943,6.736021364,72.25070889,40.72476653,47.1292132,42.57186484,82.97285117,-31.00426295,15.77896032,1.774,-0.804,73.27712197,0.497771961,,,35800,137.23,1292.6,
fewalter,143,,,,,,,,51.70560923,-22.2016967,11.56088493,8.674002059,20.59768681,2.774892326,-41.87649587,1.802634148,71.79118547,22.17089837,25.49414102,74.97299049,82.97285117,-32.1161955,4.141272702,1.774,-0.804,67.74704607,0.273588906,,,35800,137.23,1292.6,
fewalter,144,,,,,,,,-7.876638193,0.722302056,11.3718385,7.807579978,3.280167952,3.244863282,-29.78923296,1.766071853,25.6662715,37.90602589,81.07282008,81.86890107,82.49805947,-31.94442054,24.78986697,1.774,-0.804,26.11952677,0.838880629,,,35800,137.23,1292.6,
fewalter,145,,,,,,,,46.27387905,-15.57297654,67.05651018,14.79923708,15.10461528,-0.751987636,-17.99797273,7.309905189,55.19456817,78.07661306,85.42657064,36.92074332,20.8828379,-39.11632307,45.42941818,1.774,-0.804,60.53903988,0.460340483,,,35800,137.23,1292.6,
fewalter,146,,,,,,,,38.75075372,-0.533237509,12.95030644,24.58960868,43.9903218,-11.19402766,-5.400884079,2.671178959,82.53105974,75.28453767,129.0766218,74.25696241,7.082277132,-39.03833732,42.89460614,1.774,-0.804,72.78995704,0.26926664,,,35800,137.23,1292.6,
fewalter,147,,,,,,,,-8.78578236,5.092181758,17.02017919,14.78672573,4.507029695,-14.37676872,-10.33542882,1.92903728,78.69488398,53.69613684,114.3452811,71.67855254,34.84585256,-28.66707498,26.79427524,1.774,-0.804,69.8516431,0.882369925,,,35800,137.23,1292.6,
fewalter,148,,,,,,,,-10.7216274,4.112927905,66.82652584,7.871782219,5.119715634,-6.775651171,5.704362972,2.17035297,69.85051934,8.565918742,85.06707076,27.32433356,7.755593855,-32.00523116,37.84997985,1.774,-0.804,13.2703722,0.499709999,,,35800,137.23,1292.6,
fewalter,149,,,,,,,,-9.897203626,-15.83122484,11.560797,37.12126691,93.63023009,-1.489326587,-4.074543976,2.078188396,50.26858772,38.11501485,57.77873889,50.79327414,10.03385463,-23.09773425,16.32591055,1.774,-0.804,49.08109478,0.038798989,,,35800,137.23,1292.6,
fewalter,150,,,,,,,,-10.95,-6.179693954,17.22617358,7.809459472,7.012150419,-12.3917474,-45.01113552,1.841189182,83.32188535,39.70325894,173.311016,61.14962615,77.03032931,-35.81403436,24.7330398,1.774,-0.804,42.49325474,0.027403675,,,35800,137.23,1292.6,
fewalter,151,,,,,,,,36.35560664,3.604410855,17.19361739,25.27570205,51.28962645,-9.201519754,-7.295860861,2.471355103,83.01416755,89.98460281,124.8518317,62.65522409,-0.817853793,-36.51811521,47.13411405,1.774,-0.804,50.76285076,0.024130307,,,35800,137.23,1292.6,
fewalter,152,,,,,,,,-10.84162561,0.735429928,27.24235077,7.807579978,7.619412957,1.845251579,-20.78766928,2.062790312,72.0421585,68.89099229,109.0606847,82.18954151,82.87121803,-38.01271113,19.98178104,1.774,-0.804,50.88254868,0.816014443,,,35800,137.23,1292.6,
fewalter,153,,,,,,,,58.69076093,-10.85793069,19.20023524,71.76074051,27.51082032,-13.49447057,-7.959924141,1.841429198,56.55214651,7.866536026,100.3368041,63.34515952,21.93078212,-26.12741588,45.81638902,1.774,-0.804,38.66654853,0.092226098,,,35800,137.23,1292.6,
fewalter,154,,,,,,,,71.55170783,-1.315897243,23.78690526,65.46996159,24.97306255,-14.07189872,-14.35397641,2.021401515,79.84933143,97.82643239,79.75207181,39.18991313,8.699514394,-29.43132598,12.27160928,1.774,-0.804,49.147675,0.231741909,,,35800,137.23,1292.6,
fewalter,155,,,,,,,,-10.7216274,-15.87627336,66.55446037,7.871782219,3.322029897,-7.141513727,5.263316086,6.670276676,69.93893595,1.899414559,85.39750581,50.81964356,25.89548741,-31.79306187,37.32263041,1.774,-0.804,43.22176772,0.455401908,,,35800,137.23,1292.6,
fewalter,156,,,,,,,,46.62236456,-24.20854805,27.59131022,14.72787116,16.62104349,-4.086775282,5.695728677,7.323787516,69.86222959,86.76835027,84.2495824,71.93266851,25.53421753,-32.13559653,37.85246067,1.774,-0.804,57.62328622,0.923221068,,,35800,137.23,1292.6,
fewalter,157,,,,,,,,-9.897203626,-15.83122484,11.560797,37.12126691,93.63023009,-1.21961942,-4.074543976,2.078188396,50.26858772,38.11501485,57.77873889,50.79327414,9.761560728,-23.09773425,16.32591055,1.774,-0.804,49.08109478,0.038822397,,,35800,137.23,1292.6,
fewalter,158,,,,,,,,-3.87802073,-11.00090258,21.86761945,8.454306982,7.719705913,-12.85473266,-5.477661723,7.218832056,78.05577461,42.47049384,63.73594475,68.62312265,80.43020312,-12.96273171,62.13450522,1.774,-0.804,31.78230326,0.118382077,,,35800,137.23,1292.6,
fewalter,159,,,,,,,,-7.079149211,-10.70759411,29.30989432,7.440983189,2.091039792,-13.35968217,-5.886199757,6.736021364,71.86461878,40.13509053,45.78573798,83.92634639,82.97285117,-30.92999284,3.214835431,1.774,-0.804,94.73902697,0.870163667,,,35800,137.23,1292.6,
fewalter,160,,,,,,,,45.84663601,-2.272025195,9.220008341,8.525069812,18.90846377,-14.13159957,-31.40691415,6.626999046,54.35904035,52.49329656,85.99924883,58.13360977,33.64884463,-20.30447854,26.72537597,1.774,-0.804,11.52360078,0.848655506,,,35800,137.23,1292.6,
fewalter,161,,,,,,,,-7.129116305,-10.79500236,28.49797815,7.148990052,2.080217993,-13.2888456,-16.52382236,6.723419949,69.32507452,40.56148308,65.0766792,61.91392678,83.1832563,-25.89463118,35.0550456,1.774,-0.804,76.050893,0.71976343,,,35800,137.23,1292.6,
fewalter,162,,,,,,,,-10.1910522,-12.35989838,24.75472115,58.5422112,32.20326001,-7.319553231,-11.86972967,1.762292543,55.54112634,19.249156,79.0459028,36.13689117,12.13597181,-31.01461505,21.84670249,1.774,-0.804,51.75958986,0.321748143,,,35800,137.23,1292.6,
fewalter,163,,,,,,,,74.48500238,-20.05046155,20.35422057,14.79923708,15.66797493,-12.68612224,-34.74869839,7.323787516,87.62494498,52.89538674,91.55265923,36.07522478,28.20533114,-18.07503478,26.30793133,1.774,-0.804,60.81936643,0.440789062,,,35800,137.23,1292.6,
fewalter,164,,,,,,,,-10.76782653,-11.33586433,93.3912535,8.813352495,2.776616087,2.622591927,-23.01427852,8.400320598,71.75761088,36.00610621,56.92028828,61.73252769,82.91931504,-25.71448878,23.89584692,1.774,-0.804,92.4888107,0.429321241,,,35800,137.23,1292.6,
fewalter,165,,,,,,,,44.91670565,-15.57297654,67.07444312,14.79923708,15.00818906,-0.751987636,-17.99797273,7.318913122,55.19456817,78.07661306,85.39713742,36.92074332,20.8828379,-31.83216733,37.07180534,1.774,-0.804,61.90832541,0.460435811,,,35800,137.23,1292.6,
fewalter,166,,,,,,,,57.91551322,4.313212702,24.9984048,77.2886903,51.27427175,-12.60973153,-6.106376045,1.760887663,55.79929905,97.79137738,79.73480303,70.46057585,8.70860741,-37.46616174,6.155507621,1.774,-0.804,43.26555315,0.07146152,,,35800,137.23,1292.6,
fewalter,167,,,,,,,,-6.913279615,-10.47905623,20.1379272,7.323805868,3.399213926,-0.620862179,-5.534498835,6.932727643,72.97396799,28.19502433,46.15053204,35.02617857,72.7485162,-2.476737657,23.21162031,1.774,-0.804,78.02538831,0.439122037,,,35800,137.23,1292.6,
fewalter,168,,,,,,,,44.91670565,-15.57297654,31.65759025,14.79923708,15.00818906,-0.751987636,-6.246558996,7.318913122,55.19456817,78.37117321,87.20512572,36.92074332,21.11180707,-31.83216733,37.07180534,1.774,-0.804,61.90832541,0.757432944,,,35800,137.23,1292.6,
fewalter,169,,,,,,,,-7.1274771,-12.32430792,23.79445418,7.74602313,5.435898934,-7.228335932,-12.48675756,6.735283085,72.20458089,18.86155834,47.55836285,40.65357078,13.65274837,-28.69499783,2.043052345,1.774,-0.804,92.29811307,0.358989872,,,35800,137.23,1292.6,
fewalter,170,,,,,,,,36.52847259,-10.35289332,13.58062862,8.64037076,38.60180246,1.334204151,-10.3188267,6.909666676,10.95384306,51.21544077,50.7169006,3.261648849,32.98163443,-14.46417719,3.9837499,1.774,-0.804,66.2747841,0.74677194,,,35800,137.23,1292.6,
fewalter,171,,,,,,,,53.38367989,-7.637113646,9.459211803,69.64023589,63.65087075,-13.44243857,4.627641604,8.496494439,48.91773516,0.924044619,46.472288,83.10119614,33.64042685,-12.98292191,24.07172811,1.774,-0.804,16.1599667,0.845215685,,,35800,137.23,1292.6,
fewalter,172,,,,,,,,-7.141154572,-1.20854031,23.2704515,7.445980324,2.673536327,-13.35968217,-5.944937177,6.736021364,71.8552501,40.6954283,47.26624794,84.06847347,82.97285117,-15.83777605,2.687899938,1.774,-0.804,18.58259806,0.41299365,,,35800,137.23,1292.6,
fewalter,173,,,,,,,,-9.897203626,-35.70047739,11.560797,37.12126691,93.63023009,-11.4846169,-4.074543976,2.078188396,50.26858772,67.71993229,57.77873889,50.79327414,10.03385463,-23.09773425,16.32591055,1.774,-0.804,49.08109478,0.819823198,,,35800,137.23,1292.6,
fewalter,174,,,,,,,,77.31220707,-21.98592754,20.35422057,14.79923708,14.95224329,-0.973153072,-16.89419106,7.323787516,87.62494498,52.89538674,91.55265923,36.07522478,27.32336361,-18.07503478,26.30793133,1.774,-0.804,60.67114002,0.440789062,,,35800,137.23,1292.6,
fewalter,175,,,,,,,,-7.124766192,-10.79500236,28.49797815,7.10608141,2.091039792,-13.2888456,-16.97481752,6.736021364,72.05997259,40.6954283,65.0766792,59.06353714,81.45553385,-30.81103464,35.0550456,1.774,-0.804,76.050893,0.25099622,,,35800,137.23,1292.6,
fewalter,176,,,,,,,,-7.124766192,-10.79500236,28.49797815,7.10608141,2.091039792,-13.2888456,-16.97481752,6.736021364,72.05997259,40.6954283,65.0766792,61.90796005,81.45553385,-37.74182687,35.0550456,1.774,-0.804,90.02505027,0.511530347,,,35800,137.23,1292.6,
fewalter,177,,,,,,,,77.31220707,-21.98592754,20.35422057,14.79923708,15.69150866,-0.973153072,-16.89419106,7.323787516,87.62494498,52.89538674,91.55265923,36.07522478,27.32336361,-18.07503478,31.38349551,1.774,-0.804,60.67114002,0.440789062,,,35800,137.23,1292.6,
fewalter,178,,,,,,,,77.31220707,-21.98592754,19.53947632,14.79923708,15.69150866,-0.973153072,-16.89419106,7.323787516,88.38163928,52.89538674,148.3741725,36.07522478,27.32336361,-23.01334992,26.92293287,1.774,-0.804,59.80345538,0.435416571,,,35800,137.23,1292.6,
fewalter,179,,,,,,,,-9.001637134,-10.79500236,32.18548713,7.955876605,2.091039792,-13.43943557,5.117932351,6.732375035,59.77161337,36.36792269,103.2074431,84.0002062,82.97285117,-48.46889006,26.46006595,1.774,-0.804,49.1720842,0.114166664,,,35800,137.23,1292.6,
fewalter,180,,,,,,,,-7.141154572,-1.20854031,23.2704515,7.445980324,2.673536327,-13.35968217,-5.944937177,6.736021364,12.71705495,40.6954283,47.26624794,84.06847347,82.97285117,-15.83777605,3.869660599,1.774,-0.804,18.58259806,0.107725892,,,35800,137.23,1292.6,
fewalter,181,,,,,,,,-10.7216274,4.092827188,66.82652584,7.871782219,5.119715634,-6.775651171,5.704362972,2.17035297,69.93893595,9.26917582,85.06707076,43.86001787,25.26884084,-31.85427498,37.84997985,1.774,-0.804,13.5821322,0.462255258,,,35800,137.23,1292.6,
fewalter,182,,,,,,,,-7.603438097,2.67427568,9.731110356,8.347334269,7.479504092,-13.11498021,-5.677694363,2.150762853,72.94811374,33.92835596,109.0467074,54.01284803,82.77069231,-38.03157252,19.87922602,1.774,-0.804,50.90644034,0.755218356,,,35800,137.23,1292.6,
fewalter,183,,,,,,,,46.21566283,-15.76283842,42.01826049,14.90511057,15.13610122,-0.996372177,-16.59926048,7.309634594,82.21540832,11.3633812,85.26259318,36.95618895,27.75243045,-33.65947039,44.66544853,1.774,-0.804,61.19023215,0.505879855,,,35800,137.23,1292.6,
fewalter,184,,,,,,,,31.49276306,-1.269762988,23.78690526,36.60805871,50.05589944,1.3004782,-15.8716894,1.77578248,81.03539794,96.78266294,79.75207181,41.21748437,8.717604601,-29.55398209,12.27160928,1.774,-0.804,43.32012021,0.231741909,,,35800,137.23,1292.6,
fewalter,185,,,,,,,,-5.797822677,1.132064382,10.25384665,78.0914605,2.082460758,-14.31287273,-6.549994065,2.541583684,63.81955439,5.875324838,41.27587862,63.81853754,17.9630132,-2.955505089,22.61870578,1.774,-0.804,76.55928838,0.82445875,,,35800,137.23,1292.6,
fewalter,186,,,,,,,,-7.876638193,-0.404909633,11.3718385,7.807579978,3.280167952,3.244863282,-29.78923296,1.768986897,25.6662715,38.51210608,81.07282008,81.86890107,82.49805947,-31.94442054,24.78986697,1.774,-0.804,26.11952677,0.828631915,,,35800,137.23,1292.6,
fewalter,187,,,,,,,,-8.990992655,-10.79500236,29.9607867,7.457978605,1.449953143,-1.900721737,-5.886199757,6.736021364,59.66459498,72.55322137,103.2074431,35.0031605,22.70308731,-31.58089001,26.45692063,1.774,-0.804,49.89940229,0.114166664,,,35800,137.23,1292.6,
fewalter,188,,,,,,,,-7.141154572,-10.79500236,29.25002389,7.445980324,2.091039792,0.748880761,-7.110538542,6.817546721,71.21973284,13.72962339,55.7265892,84.26454044,82.74852458,-30.999867,2.349419197,1.774,-0.804,92.29811307,0.119221248,,,35800,137.23,1292.6,
fewalter,189,,,,,,,,-0.541993108,-12.69278478,19.9399749,77.289108,17.30656851,-7.317275023,5.264193022,1.761069782,83.42843432,89.95887929,110.4445862,65.41856113,27.95627849,-29.5436326,24.9176198,1.774,-0.804,68.38041347,0.472755885,,,35800,137.23,1292.6,
fewalter,190,,,,,,,,-9.386194862,-1.363692842,18.97238635,8.089562687,6.181159079,-7.357582706,-23.91848751,1.877806854,59.96630361,67.48746963,107.1794268,66.35739651,83.28057592,-38.24180534,25.96657334,1.774,-0.804,49.89549523,0.390179993,,,35800,137.23,1292.6,
fewalter,191,,,,,,,,35.90098444,-28.15833145,9.787456626,36.96628508,19.09165346,-1.256087465,-11.60511238,2.023149433,83.64778508,70.51672818,77.98073268,60.18600287,5.58037563,-23.42398029,29.89184346,1.774,-0.804,37.14240714,0.65446882,,,35800,137.23,1292.6,
fewalter,192,,,,,,,,-7.124766192,-10.79500236,28.49797815,7.10608141,2.473902194,-13.43412761,-15.66131569,6.705420875,72.05997259,40.6954283,65.0766792,58.94433979,81.45553385,-30.81103464,35.0550456,1.774,-0.804,75.74187293,0.25099622,,,35800,137.23,1292.6,
fewalter,193,,,,,,,,-10.17990338,-13.35976574,11.31031533,7.807579978,1.263142609,-1.061264196,-11.87365381,1.760061025,71.72270296,40.84339713,46.34142486,84.55991967,-0.558601467,-27.56383636,6.610030431,1.774,-0.804,14.40377848,0.865054858,,,35800,137.23,1292.6,
fewalter,194,,,,,,,,-7.079149211,-10.70759411,29.30989432,7.440983189,4.704473406,-13.35968217,-5.886199757,6.738333915,71.50020592,40.13509053,45.78573798,83.92634639,82.97285117,-30.92999284,4.243239763,1.774,-0.804,84.05869327,0.877617294,,,35800,137.23,1292.6,
fewalter,195,,,,,,,,-7.079149211,-10.70759411,29.92109954,7.440983189,0.842362999,-3.435148537,-5.886199757,3.430636154,71.51085977,40.14338472,48.38760346,83.72357325,82.97285117,-31.02960734,3.214835431,1.774,-0.804,94.73902697,0.870163667,,,35800,137.23,1292.6,
fewalter,196,,,,,,,,-10.84085336,-13.36764682,19.9399749,78.141475,17.25868714,-7.317275023,5.264193022,1.773704831,83.42843432,34.58454701,110.2824112,65.86755495,26.88569981,-31.89009526,24.92045279,1.774,-0.804,68.09277922,0.420072762,,,35800,137.23,1292.6,
fewalter,197,,,,,,,,-10.69876044,-16.22309783,11.560797,37.12126691,93.66454939,-11.4846169,-4.527613356,2.078188396,50.26858772,67.71993229,58.29874599,50.82336223,10.03385463,-22.95752864,16.32591055,1.774,-0.804,42.88966471,0.819823198,,,35800,137.23,1292.6,
fewalter,198,,,,,,,,-7.819964614,-12.69278478,19.9399749,77.289108,1.751613035,-6.277548339,-28.86527699,1.760497289,83.4088573,89.95887929,83.80292603,66.37831331,27.95627849,-29.5436326,24.9176198,1.774,-0.804,41.8481184,0.476893059,,,35800,137.23,1292.6,
fewalter,199,,,,,,,,-6.959013799,-10.79500236,20.09881694,7.445683521,2.051005008,-7.723609128,-6.645430379,6.736021364,72.13984951,40.75950442,46.17726148,42.81924723,83.35830312,-31.00426295,15.77896032,1.774,-0.804,37.4628074,0.450453935,,,35800,137.23,1292.6,
fewalter,200,,,,,,,,-9.578483543,1.486547969,22.69440191,7.324809607,6.633781233,-11.72835165,-40.50955706,6.865715139,72.13030253,66.94963392,102.4262806,84.7844,72.09428077,-47.95027923,12.31952128,1.774,-0.804,46.18076387,0.222903774,,,35800,137.23,1292.6,
fewalter,201,,,,,,,,-9.578483543,1.486547969,23.92558081,7.793951514,6.555107957,-11.72835165,-30.21686911,1.865843324,72.13030253,66.94963392,102.4262806,81.76320683,72.09428077,-47.95027923,12.31952128,1.774,-0.804,46.03770001,0.222903774,,,35800,137.23,1292.6,
fewalter,202,,,,,,,,77.31220707,-21.98592754,19.44798623,13.43405804,16.8869975,-1.002238795,-12.27611299,7.302329287,87.62494498,52.89538674,91.55265923,35.44877513,30.67004645,-18.07503478,5.120949231,1.774,-0.804,62.67098064,0.422663294,,,35800,137.23,1292.6,
fewalter,203,,,,,,,,35.90098444,-8.0683876,9.787456626,78.03457285,18.68950054,-1.244504581,-11.60511238,2.023149433,83.65343282,70.51672818,77.98073268,60.18600287,17.72534057,-26.27554512,29.89184346,1.774,-0.804,37.14240714,0.489052293,,,35800,137.23,1292.6,
fewalter,204,,,,,,,,44.95373956,-15.57297654,67.07444312,14.79935184,15.00818906,0.383696704,-11.75648995,7.318913122,55.45320974,78.07661306,85.39713742,36.85983265,20.8828379,-31.82554268,37.79916084,1.774,-0.804,61.8367862,0.686704532,,,35800,137.23,1292.6,
fewalter,205,,,,,,,,47.4269338,-2.120036366,8.724676679,8.569524568,17.97094574,-3.562355713,-22.7690223,7.382184021,55.77122662,63.47609542,197.2890241,58.00576999,80.45164152,-38.53169911,6.109813465,1.774,-0.804,13.20172105,0.874014734,,,35800,137.23,1292.6,
fewalter,206,,,,,,,,34.94820023,1.285118282,24.75043621,41.00589575,26.23363126,7.357279211,-11.53802642,1.838166239,80.2578849,73.25500418,79.77525856,43.86511511,16.57683319,-27.15392478,21.01981161,1.774,-0.804,47.48235307,0.458577665,,,35800,137.23,1292.6,
fewalter,207,,,,,,,,43.35445764,-12.71857138,21.87019999,37.11327869,59.6989066,0.510794555,4.026233018,1.863491414,87.49530877,94.04756923,63.93003886,68.54151728,19.34597917,-23.44320977,5.111686169,1.774,-0.804,37.19036015,0.035066441,,,35800,137.23,1292.6,
fewalter,208,,,,,,,,-10.7216274,-15.95578799,64.98001527,7.871782219,3.322029897,-7.092453668,5.26436205,6.520207235,69.93893595,35.65539147,85.39750581,50.81964356,25.89548741,-31.79306187,37.32263041,1.774,-0.804,43.22176772,0.454677159,,,35800,137.23,1292.6,
fewalter,209,,,,,,,,47.87623477,-13.22728544,9.721511853,57.19916272,20.49781843,-9.022222146,5.317313032,5.519446214,83.30237768,90.37387516,79.76127805,61.96188559,0.259239178,-31.82952022,30.14173686,1.774,-0.804,90.45521952,0.436237256,,,35800,137.23,1292.6,
fewalter,210,,,,,,,,-6.722274555,-10.68798772,29.77748008,7.438572636,1.970851922,-7.234241568,5.399826457,5.1719218,56.52838172,34.58454701,87.43107182,61.80572261,38.98541539,-31.79306187,33.00550802,1.774,-0.804,14.47191654,0.478280065,,,35800,137.23,1292.6,
fewalter,211,,,,,,,,-9.958587508,0.871765899,17.17157145,9.360598934,2.955814491,-14.41,-10.6458432,1.764698736,25.59043334,33.23447518,64.54207955,84.54084878,83.74548872,-13.84051633,22.73431218,1.774,-0.804,24.97815646,0.029118423,,,35800,137.23,1292.6,
fewalter,212,,,,,,,,44.27112697,4.316786688,11.560797,37.27890139,84.56092323,-4.666787324,-9.620166905,2.078188396,51.66263819,15.81846008,54.98987824,50.79327414,9.719764058,-23.13004795,14.6840983,1.774,-0.804,57.21216666,0.038798989,,,35800,137.23,1292.6,
fewalter,213,,,,,,,,52.7974244,-13.80877478,11.56360033,58.77210894,89.177464,-12.15573014,-21.48246503,6.835454919,54.17904613,14.33740948,41.15405124,71.88627833,3.148765739,-13.40898814,44.26991093,1.774,-0.804,14.29830223,0.778104408,,,35800,137.23,1292.6,
fewalter,214,,,,,,,,46.27102965,1.295105349,31.7085943,9.356252153,8.530754714,-0.594130501,-20.7052231,7.302976208,55.54348139,74.5923882,85.03061844,35.0073301,24.80507058,-49.23267925,54.10280652,1.774,-0.804,53.67359569,0.460340516,,,35800,137.23,1292.6,
fewalter,215,,,,,,,,-5.08089879,2.356709564,27.79456533,3.75663123,15.01973585,-7.159659324,-11.99482868,3.555573862,77.04740456,10.83848586,57.70807084,84.7844,83.9024,-22.74996748,10.62785792,1.774,-0.804,23.89596817,0.454559168,,,35800,137.23,1292.6,
fewalter,216,,,,,,,,-10.95,0.039167209,15.62394235,7.386874269,5.99144281,-12.48337451,-45.01113552,1.862392224,38.5392522,5.251550771,86.95471309,81.50445442,80.81924916,-35.81403436,24.7330398,1.774,-0.804,42.58932127,0.309382815,,,35800,137.23,1292.6,
fewalter,217,,,,,,,,-10.483649,-0.86919176,15.58460292,7.809459472,7.012150419,-12.3917474,-29.75532138,6.405668888,38.61257449,39.70325894,174.7863253,84.57500022,81.07704962,-32.26873733,24.47069591,1.774,-0.804,42.58932127,0.305120272,,,35800,137.23,1292.6,
fewalter,218,,,,,,,,28.88277339,-16.07790781,65.12007912,14.79923708,30.4443818,-3.618809893,-2.3766418,7.302976208,82.75964025,78.26186715,85.08736862,36.04232821,26.28909687,-34.5389742,45.43913499,1.774,-0.804,60.67114002,0.457812369,,,35800,137.23,1292.6,
fewalter,219,,,,,,,,79.40810184,-33.65986234,10.9462414,5.948953731,92.47592233,-13.86418081,-4.351048162,3.614186297,84.22379809,7.909562198,89.84408054,73.94396014,30.48413827,-29.5866816,45.39491929,1.774,-0.804,38.8668116,0.650679476,,,35800,137.23,1292.6,
fewalter,220,,,,,,,,25.94744023,4.004662918,9.721511853,57.22239751,20.49781843,-7.012378055,5.317313032,5.519446214,78.31373082,90.37387516,79.76127805,33.73780926,-0.091487153,-31.82952022,48.82975258,1.774,-0.804,90.45521952,0.400226751,,,35800,137.23,1292.6,
fewalter,221,,,,,,,,50.82233285,4.80840717,11.56360033,8.91085769,84.37288137,-0.865335174,-11.09035926,6.855365897,50.5261093,14.41548768,26.22514629,74.9792251,-0.646645168,-12.6206848,14.70785816,1.774,-0.804,57.25818019,0.46715213,,,35800,137.23,1292.6,
fewalter,222,,,,,,,,-9.001637134,-10.76888856,19.41216767,9.70895555,2.091039792,2.680340164,-8.854543545,6.732375035,59.77161337,74.85297645,104.1973766,82.90157703,80.72347318,-22.55829411,23.63886281,1.774,-0.804,49.1720842,0.074376025,,,35800,137.23,1292.6,
fewalter,223,,,,,,,,-9.001637134,-10.79500236,32.18548713,7.797322593,2.091039792,-13.44469344,5.117932351,2.26659479,72.2694406,36.36792269,103.2074431,84.0002062,82.97285117,-48.46889006,26.54534351,1.774,-0.804,49.1720842,0.114166664,,,35800,137.23,1292.6,
fewalter,224,,,,,,,,57.5611829,-24.32246149,8.961534577,49.26800477,2.145407343,-13.53661233,-23.51527974,5.612723945,50.22512842,42.90149082,42.3949156,65.75375928,0.872245423,-27.96167577,11.2525258,1.774,-0.804,12.92071666,0.834614159,,,35800,137.23,1292.6,
fewalter,225,,,,,,,,-10.44105832,0.712074777,18.38811111,7.807579978,3.239835113,-12.82302872,-29.7358415,1.778667386,71.93387305,36.22609974,80.51126733,84.34799586,79.58389022,-31.78436897,24.90522895,1.774,-0.804,41.37182725,0.84884743,,,35800,137.23,1292.6,
fewalter,226,,,,,,,,-10.1910522,3.491166835,24.75472115,58.5422112,33.44407785,-6.923474175,-8.879632211,1.762292543,48.57995636,18.90611738,79.0459028,36.13689117,12.26911814,-31.01461505,21.84670249,1.774,-0.804,52.38898127,0.321748143,,,35800,137.23,1292.6,
fewalter,227,,,,,,,,56.44319701,-13.11313898,24.75472115,67.86019418,5.095835646,-7.330353699,-7.951820101,1.889759371,85.76623068,33.08279279,77.8857706,43.34564389,16.29810179,-22.14703796,23.4819285,1.774,-0.804,38.04500843,0.683771006,,,35800,137.23,1292.6,
fewalter,228,,,,,,,,14.54753289,-30.04658954,21.57974734,66.20134086,100,-14.41,-37.36790805,1.76,83.00457758,100,62.98648944,51.30293797,17.29839007,-8.440131724,6.503669582,1.774,-0.804,60.68171427,0.310047536,,,35800,137.23,1292.6,
fewalter,229,,,,,,,,-0.905675382,-12.03645729,21.64342427,59.37763717,94.01303133,4.229279241,-39.64340807,1.780783645,56.52450474,91.75597666,105.1499938,36.82346034,16.99278255,-44.12160962,37.89434057,1.774,-0.804,48.38563501,0.764687995,,,35800,137.23,1292.6,
fewalter,230,,,,,,,,40.87353494,-43.30380889,17.05082121,77.41635224,3.373704067,-0.344998383,-2.299155919,1.765528999,63.76038394,68.26606018,67.31096479,54.88949198,0.572290945,-19.52634997,1.303658694,1.774,-0.804,59.2162559,0.694424368,,,35800,137.23,1292.6,
fewalter,231,,,,,,,,47.54588277,-5.576193976,10.18441266,62.5814043,92.23452547,6.200758107,-42.45648118,1.76,59.62044282,91.57529381,3.105308407,43.93015859,28.11683636,0.4454,-1.414,1.774,-0.804,61.01169882,0.936913714,,,35800,137.23,1292.6,
fewalter,232,,,,,,,,46.1867678,-5.957455492,10.35059956,61.38801968,88.69895936,6.394547372,-3.492788409,1.76,57.83548443,97.44200994,12.42872495,32.88172851,30.25932428,-1.421727454,6.111757203,1.774,-0.804,11.64156602,0.921100976,,,35800,137.23,1292.6,
fewalter,233,,,,,,,,52.8532603,4.839847111,10.1823574,61.33043599,82.29888309,4.700176935,-3.577721366,1.781582377,18.7131671,96.0152491,10.74225965,39.15780565,28.43329173,-3.278278326,4.960437465,1.774,-0.804,2.369214817,0.622719768,,,35800,137.23,1292.6,
fewalter,234,,,,,,,,15.80021316,-32.49812103,12.90588129,63.69871932,89.97658845,7.51983084,-0.421328952,1.760017842,12.40944333,96.00055811,13.87955831,64.32973993,6.225363321,-0.512479545,6.280657482,1.774,-0.804,9.216266473,0.252851301,,,35800,137.23,1292.6,
fewalter,235,,,,,,,,46.21913414,0.06428172,10.18235732,61.38801968,88.69895936,5.558512423,-3.492788409,1.76,58.02793074,82.56704817,10.88997088,32.88678894,28.43329173,-1.408139719,6.051427341,1.774,-0.804,11.65617448,0.625261808,,,35800,137.23,1292.6,
fewalter,236,,,,,,,,48.00057517,-22.30816197,10.16367248,5.729030118,40.35920344,-3.817635809,-17.67962884,1.764376032,41.41355424,85.00437866,12.32047596,64.78513569,25.20262507,-1.613491084,10.73519353,1.774,-0.804,19.74449459,0.651985076,,,35800,137.23,1292.6,
fewalter,237,,,,,,,,-10.95,2.920659868,52.01960136,46.92380815,46.75642265,-4.231049696,3.38767829,1.774105751,63.6306924,62.38961576,132.8146836,84.7844,3.91744058,-52.3545,5.652182723,1.774,-0.804,26.36784194,0,,,35800,137.23,1292.6,
fewalter,238,,,,,,,,61.95148004,-5.194002757,11.16415951,59.84733447,40.88521825,9.441965445,1.586565423,1.870716727,54.39611171,93.97495583,14.13711232,44.23058885,0.165128794,-1.664845003,0.373157872,1.774,-0.804,43.02129139,0.556489755,,,35800,137.23,1292.6,
fewalter,239,,,,,,,,65.16252272,-10.28301209,19.41322936,70.55105769,1.051898487,-14.29505411,5.72,1.76,64.51816628,41.43716084,120.3068597,63.53267886,34.80651579,-25.78161675,59.68431656,1.774,-0.804,66.64826184,0.805768484,,,35800,137.23,1292.6,
fewalter,240,,,,,,,,45.24843548,0.804162293,13.51520813,18.94551522,53.90811691,-6.105678875,-7.54177213,1.884224956,24.16121295,39.55241458,104.8613084,68.86020379,-1.2104,-24.8459218,57.77781514,1.774,-0.804,51.46844914,0.045892345,,,35800,137.23,1292.6,
fewalter,Best Release NSE,,,,,,,,51.67000262,-36.82944539,50.8940631,16.3074012,45.26903148,4.44618419,-17.41421896,10.81355223,90.00979801,74.63614829,23.11690573,69.53293881,18.43168547,-1.830788794,61.56996223,1.774,-0.804,72.66223977,0.957,,,35800,137.23,1292.6,
fewalter,242,,,,,,,,46.19554632,4.844686542,10.93429677,36.28127045,89.707104,6.461998205,-1.719708507,1.765494649,57.91123366,94.8256383,16.05615188,44.66199033,28.7748584,0.37609206,-1.329935937,1.774,-0.804,56.9951948,0.53660259,,,35800,137.23,1292.6,
fewalter,243,,,,,,,,-10.95,-4.178835262,19.74203852,9.922096309,1.605165453,-4.103440384,-22.93900637,2.6814588,58.76721897,0,105.6182166,41.652196,55.06471722,-33.03748718,2.001572209,1.774,-0.804,26.89601523,0.858637639,,,35800,137.23,1292.6,
fewalter,244,,,,,,,,49.51344272,-41.74546864,11.79968538,7.263972147,38.75410747,-0.408999493,-19.14399845,1.818951121,48.20909285,91.89101514,3.373310166,52.06043771,66.83694776,-3.066892757,0.290645375,1.774,-0.804,21.50767481,0.611618271,,,35800,137.23,1292.6,
fewalter,245,,,,,,,,-9.434177118,-9.567233103,10.91097278,61.61057374,95.14665008,6.461998205,-4.492682521,1.779181831,56.16380599,94.15988535,16.43250934,44.16090471,29.15232555,0.376324278,3.730609772,1.774,-0.804,58.84547018,0.64714561,,,35800,137.23,1292.6,
fewalter,246,,,,,,,,47.76770639,-0.724947158,10.18585834,61.29497593,82.68295047,-2.619727212,-6.698379512,1.78225017,51.88613714,49.06972746,10.83155075,55.70144254,28.99532758,-2.288769209,1.329894305,1.774,-0.804,7.698106416,0.957,,,35800,137.23,1292.6,
fewalter,247,,,,,,,,57.50570791,-5.473011157,10.1823574,67.02918692,88.7479282,6.889905043,-7.832647165,1.761298509,47.60991192,96.38748453,3.475711794,54.57709487,64.07958643,-0.160324303,-0.91139023,1.774,-0.804,10.73626897,0.936026972,,,35800,137.23,1292.6,
fewalter,248,,,,,,,,41.51386138,-30.36519025,10.40620805,7.891969234,28.27220624,5.585496274,-0.580123474,2.755906293,51.89756385,92.88225711,13.74999938,51.9122335,19.34594124,-2.38990425,6.790628972,1.774,-0.804,13.61533743,0.648170435,,,35800,137.23,1292.6,
fewalter,249,,,,,,,,55.94536848,0.484592135,10.59865759,59.72479543,35.06378442,6.346313713,-22.16749956,1.76,55.04551512,94.8439119,12.98350149,32.81313919,28.92421815,-0.268530473,6.447253931,1.774,-0.804,12.08434191,0.351939156,,,35800,137.23,1292.6,
fewalter,250,,,,,,,,52.75453187,4.819390336,10.12419497,36.28127045,90.24467985,8.332404851,-1.719708507,1.765494649,57.91123366,94.8256383,5.763360411,44.66199033,28.7748584,0.37609206,-1.329935937,1.774,-0.804,58.50422953,0.53660259,,,35800,137.23,1292.6,
fewalter,251,,,,,,,,43.34358007,-6.138779303,10.18224984,62.98063484,40.01444976,-9.393678657,-3.482965081,1.782319142,10.35740041,77.49128595,13.78117981,46.03374907,61.46083067,-2.266857824,6.357563451,1.774,-0.804,11.59913842,0.630483793,,,35800,137.23,1292.6,
fewalter,252,,,,,,,,6.055689354,-6.938527547,10.1823574,61.33043599,82.38368692,-1.716173869,-27.00475346,1.782355627,95.67961604,67.24140553,10.87703534,33.07660074,9.799691549,-2.347972668,2.351988676,1.774,-0.804,10.9180708,0.155200913,,,35800,137.23,1292.6,
fewalter,253,,,,,,,,48.73095842,2.778759719,10.35835303,67.23675425,88.74821598,8.348672139,-7.225228063,1.78225017,53.98758086,88.58342214,12.31173197,54.87291822,30.05911231,-0.144792902,11.61663913,1.774,-0.804,7.698106416,0.956860851,,,35800,137.23,1292.6,
fewalter,254,,,,,,,,57.50842783,-5.698774048,10.59302138,57.97881137,79.93347381,6.75837759,4.465346667,1.763185689,54.80153011,95.45684217,5.504621999,32.82089479,29.04728945,-0.496674563,-0.412760606,1.774,-0.804,10.61739371,0.626986268,,,35800,137.23,1292.6,
fewalter,255,,,,,,,,46.48370422,-6.595145836,10.17272802,61.6696257,88.76141015,-1.127373757,-4.662185859,1.76517707,10.14954423,99.09810323,12.50853131,45.2859241,23.93843012,-2.263073533,6.331512183,1.774,-0.804,10.82324268,0.647147023,,,35800,137.23,1292.6,
fewalter,256,,,,,,,,52.09428481,-3.42340221,10.26383778,61.60389546,86.66375049,-0.192683107,2.500319301,1.782038946,89.4219815,63.37512798,-2.186156042,30.43090588,25.81085656,-1.503980825,3.987431811,1.774,-0.804,12.48833371,0.05622227,,,35800,137.23,1292.6,
fewalter,257,,,,,,,,45.32483883,-8.946932668,21.25331676,33.80362805,4.638908751,6.622933276,-26.20972973,1.76,57.78266597,67.62969098,67.89611067,57.31566474,21.83110695,-6.648584354,5.556454261,1.774,-0.804,57.2662667,0.645129034,,,35800,137.23,1292.6,
fewalter,258,,,,,,,,48.28991826,0.804162293,13.51520813,62.1627339,53.90811691,-6.105678875,5.266877089,1.888899301,24.16121295,39.46797464,104.5731169,69.00654179,-1.2104,-24.72472976,57.77781514,1.774,-0.804,65.96106076,0.842443698,,,35800,137.23,1292.6,
fewalter,259,,,,,,,,48.45969881,-40.61996874,19.83035672,3.70488488,44.58113966,6.231724036,-4.920586285,1.766157652,60.29901221,17.71988162,10.95652511,20.40920637,63.32032718,-3.116362708,7.174954482,1.774,-0.804,0.059967631,0.617783241,,,35800,137.23,1292.6,
fewalter,260,,,,,,,,46.10026941,5.207692516,10.19008898,35.09231846,89.7516298,8.209696999,-5.161177651,1.783188653,63.35728043,97.84201902,10.38186508,28.0514283,11.22108543,-0.484286066,0.076022315,1.774,-0.804,10.40300513,0.407153488,,,35800,137.23,1292.6,
fewalter,261,,,,,,,,62.40211667,-2.244188375,10.35694714,59.4088532,89.87518033,6.622213627,-26.05395581,2.057583033,38.86443211,99.97453002,12.25711051,50.62298247,7.621567616,-0.495106995,6.042015618,1.774,-0.804,10.91320912,0.77970782,,,35800,137.23,1292.6,
fewalter,262,,,,,,,,45.94874843,4.990121816,9.683623499,5.615886771,75.32177691,5.328225179,-3.504032177,1.77606275,41.83595063,98.4217807,10.38186508,35.46047227,24.88136168,-3.078771806,-1.104998281,1.774,-0.804,0.332277497,0.402939513,,,35800,137.23,1292.6,
fewalter,263,,,,,,,,58.48718958,-6.139301909,10.17651046,6.741571135,43.22275925,-5.353371947,-21.21145184,1.781584168,35.94206377,52.65942488,12.30727064,53.35905851,68.5605304,-2.535010462,6.295105872,1.774,-0.804,12.60623777,0.627785103,,,35800,137.23,1292.6,
fewalter,264,,,,,,,,-10.95,2.920659868,52.01960136,46.92380815,46.75642265,-4.760790185,3.162840036,1.774226393,64.07182465,61.12271147,130.5318283,84.7844,4.966967916,-52.3545,5.749436516,1.774,-0.804,25.04593937,0.007303858,,,35800,137.23,1292.6,
fewalter,265,,,,,,,,3.647164204,-31.02280516,16.24650203,8.687280142,0,-14.41,4.838921355,2.875302827,100,29.44622089,2.097064303,26.04219815,-1.2104,0.4454,3.661786724,1.774,-0.804,10.67026839,0.095133693,,,35800,137.23,1292.6,
fewalter,266,,,,,,,,47.8833118,-19.11186363,10.15967331,61.31880224,90.43671433,-7.680479358,-3.409242367,1.780992142,62.79922788,95.94531781,10.88997088,32.54760937,28.08291467,-2.232853874,5.807238965,1.774,-0.804,11.25632258,0.623529339,,,35800,137.23,1292.6,
fewalter,267,,,,,,,,47.95234299,-10.07544642,8.544215688,59.61881547,94.0541217,-0.998843741,-42.32548296,1.765643947,62.7479982,2.619754843,18.72419895,14.87535776,1.628360431,-5.780894872,6.524592551,1.774,-0.804,10.79558176,0.686394582,,,35800,137.23,1292.6,
fewalter,268,,,,,,,,59.35950538,-2.042699798,10.22333274,38.34729335,87.73412567,9.371489502,-4.652084806,3.540675094,7.586591605,96.0853396,12.39534212,31.89489366,28.37477448,-0.160590443,3.583469916,1.774,-0.804,8.555444026,0.631575968,,,35800,137.23,1292.6,
fewalter,269,,,,,,,,46.43631502,-5.576193976,10.43143007,62.5814043,6.640265978,-0.251366513,-42.41706301,1.76,59.62044282,90.79172357,3.105308407,42.41511117,28.11683636,-0.356556785,5.479150651,1.774,-0.804,60.94072306,0.939204197,,,35800,137.23,1292.6,
fewalter,270,,,,,,,,46.17136932,-5.473011157,10.1823574,15.24224426,91.53304153,-1.464655595,-36.09670022,1.76,73.18108472,17.92798548,2.97968001,35.91615265,28.43630742,-0.034724706,-0.503156785,1.774,-0.804,10.73626897,0.329496928,,,35800,137.23,1292.6,
fewalter,271,,,,,,,,58.73716815,-6.119643143,10.18244144,6.829161091,43.14087242,-9.393678657,-3.496210235,1.781582388,10.35740041,26.80163121,13.78143966,46.03374907,61.71140599,-2.266857824,6.355104471,1.774,-0.804,12.57432004,0.630483793,,,35800,137.23,1292.6,
fewalter,272,,,,,,,,-10.95,4.290454789,17.55307691,5.915151589,6.693563919,-4.119743896,-21.91309974,1.760007938,95.54909142,5.122740589,152.0446743,22.85819659,42.31355058,-49.83829136,53.15432857,1.774,-0.804,27.51787096,0.818195207,,,35800,137.23,1292.6,
fewalter,273,,,,,,,,50.20164968,-40.98008496,10.17913507,61.58271111,57.6720078,3.665108072,-0.016584914,1.784118431,2.281058736,92.80818244,6.644897097,29.76279342,31.25499296,-0.570403449,0.05691085,1.774,-0.804,8.351098304,0.625765853,,,35800,137.23,1292.6,
fewalter,274,,,,,,,,49.0707805,-0.118073347,20.32439507,6.744145436,43.10036636,-12.32362029,-0.685233265,1.76569579,93.82463713,96.0910024,13.67398781,22.12032331,73.54588062,-0.320844879,0.903156022,1.774,-0.804,10.89101091,0.338564439,,,35800,137.23,1292.6,
fewalter,275,,,,,,,,46.10026941,5.207692516,10.19008898,61.0732793,89.7516298,8.312325152,-26.001456,2.058336551,38.01403081,97.84201902,10.38186508,50.20689503,11.34202459,-7.207357554,5.92538554,1.774,-0.804,10.42950244,0.407153488,,,35800,137.23,1292.6,
fewalter,276,,,,,,,,3.647164204,-31.02280516,16.24650203,8.687280142,0,-14.41,4.838921355,2.875302827,100,29.44622089,2.097064303,12.9868336,-1.2104,0.4454,3.661786724,1.774,-0.804,10.67026839,0.095133693,,,35800,137.23,1292.6,
fewalter,277,,,,,,,,53.14021305,-5.247045481,9.146320571,1.843993211,81.5974694,6.415238038,-1.201197755,1.793090644,59.46605839,96.06362328,5.668869179,33.79960598,24.02592765,-1.863106774,-1.244221763,1.774,-0.804,10.87839326,0.639836707,,,35800,137.23,1292.6,
fewalter,278,,,,,,,,-1.739658967,-23.08242034,10.35130061,59.4087183,62.03208474,9.357245788,-27.3801086,2.039167634,55.72582293,92.84196211,13.74950166,54.52934852,62.25024791,-43.64621066,6.711336939,1.774,-0.804,14.17088957,0.939885142,,,35800,137.23,1292.6,
fewalter,279,,,,,,,,26.56843184,-2.656766254,10.13227175,58.17796805,88.81528411,6.100471972,-5.448495334,3.580926888,64.22112124,83.18491691,15.54691011,32.20785756,2.903455962,-2.215896493,0.541436837,1.774,-0.804,10.34436196,0.870275869,,,35800,137.23,1292.6,
fewalter,280,,,,,,,,-7.118768307,3.32274098,19.14818279,11.03073849,14.06057608,-0.033953398,-18.30191561,1.762591322,9.85600361,43.78740314,129.5849011,78.96177729,19.02742842,-25.22233616,7.79304794,1.774,-0.804,24.62864614,0.538887704,,,35800,137.23,1292.6,
fewalter,281,,,,,,,,46.64174756,-1.95814296,10.35694714,61.67521231,88.64849294,-4.833768117,-5.213673625,1.7915178,64.20768173,99.97453002,12.37535762,29.40280732,24.52801421,-1.445436586,3.597786257,1.774,-0.804,7.556047025,0.381454963,,,35800,137.23,1292.6,
fewalter,282,,,,,,,,43.34358007,-7.121979396,10.18224984,9.61428031,83.68296313,-9.393678657,-3.496210235,1.815331842,6.42386379,26.78993501,13.78143966,51.82995882,71.16137603,-9.237554579,6.355104471,1.774,-0.804,11.1127594,0.632999941,,,35800,137.23,1292.6,
fewalter,283,,,,,,,,-10.95,-1.607018815,17.61053676,8.304469537,6.693563919,-5.565712591,-21.91309974,1.76,93.63680137,5.122740589,152.0446743,77.78198847,32.47755528,-49.83829136,6.929506831,1.774,-0.804,28.63766888,0.817700979,,,35800,137.23,1292.6,
fewalter,284,,,,,,,,52.41395446,-39.42935467,19.83035672,3.771707073,6.860197316,-6.304455557,-0.970301687,1.765502196,93.51864827,20.08050881,10.95652511,20.27964719,74.6859183,-0.265833486,1.016129615,1.774,-0.804,10.85634955,0.345712943,,,35800,137.23,1292.6,
fewalter,285,,,,,,,,13.70293553,-30.60263151,23.23310112,63.41877103,97.46696442,0.749266869,-11.39455757,1.76,99.85369163,76.48627342,70.32411488,56.8802775,12.7647279,-6.064514649,5.895101232,1.774,-0.804,54.21738585,0.347579429,,,35800,137.23,1292.6,
fewalter,286,,,,,,,,49.51344272,-41.74546864,11.79968538,7.263972147,38.75410747,4.683257606,-19.14399845,1.818951121,48.20909285,91.89101514,3.373310166,52.06043771,27.16587392,-3.066892757,0.290645375,1.774,-0.804,35.30929553,0.27038407,,,35800,137.23,1292.6,
fewalter,287,,,,,,,,14.54753289,-30.04658954,21.06098684,65.85049847,36.94620548,-13.70146945,-24.31597956,1.760000878,83.10301031,100,62.98648944,51.30293797,17.28083141,-8.440131724,6.503669582,1.774,-0.804,60.86999291,0.310047536,,,35800,137.23,1292.6,
fewalter,Best Overall,,,,,,,,-10.95,2.163433856,54.65202695,48.53749731,47.70904854,-5.819650001,2.754135718,1.76,62.53566482,58.75193369,135.7932112,84.7844,-0.773003378,-52.3545,3.412779132,1.774,-0.804,27.05315801,0,,,35800,137.23,1292.6,
fewalter,289,,,,,,,,46.07282685,-39.42935467,19.83035672,1.785605868,5.780269735,7.918488154,-0.970301687,1.765421687,56.03841025,19.94208444,10.95652511,73.71962766,29.3384223,-0.145718647,-1.066631167,1.774,-0.804,37.64924283,0.392399172,,,35800,137.23,1292.6,
fewalter,290,,,,,,,,46.1867678,-5.957455492,10.35059956,61.38801968,88.69895936,6.394547372,-3.492788409,1.76,57.83548443,97.44200994,12.42872495,32.88172851,30.25932428,-1.421727454,5.587563683,1.774,-0.804,11.64156602,0.921100976,,,35800,137.23,1292.6,
fewalter,291,,,,,,,,53.14021305,4.448839174,9.146320571,61.43715106,81.5974694,6.415238038,-1.201197755,1.793090644,59.46605839,96.06362328,5.668869179,33.79960598,24.02592765,-1.848816586,-1.244221763,1.774,-0.804,10.87179488,0.407222805,,,35800,137.23,1292.6,
fewalter,292,,,,,,,,59.57553754,-5.19880296,11.6847779,57.54428363,63.07222928,5.091470517,-31.57265388,2.211973656,53.01542966,99.65735343,17.89422108,42.02794284,0.598580268,0.4454,8.442577838,1.774,-0.804,42.82246619,0.137271858,,,35800,137.23,1292.6,
fewalter,293,,,,,,,,47.98054989,0.777790901,13.51520813,13.83012269,53.90811691,-6.105678875,-42.23026524,1.889275003,24.16121295,39.55241458,104.8613084,68.86020379,2.743814572,-24.72460321,57.77781514,1.774,-0.804,80.92367675,0.685535682,,,35800,137.23,1292.6,
fewalter,294,,,,,,,,44.10066503,-6.985153512,10.19438531,75.04635173,81.22271758,3.188142023,-17.61567732,1.76,57.0109825,92.73719067,9.829959093,31.57235184,4.603274206,0.4454,0.875846596,1.774,-0.804,0.373316162,0.635533935,,,35800,137.23,1292.6,
fewalter,295,,,,,,,,-1.965880363,-9.707354718,11.43711962,58.70148318,20.8495029,5.004997908,2.607423353,1.761063422,72.89650813,22.48588792,11.00359522,71.30980641,26.92234254,-16.12278432,33.16313838,1.774,-0.804,1.330792239,0.214168224,,,35800,137.23,1292.6,
fewalter,296,,,,,,,,46.48370422,-6.611573134,10.17289168,61.64858515,88.7614119,-0.752051176,-4.662185859,1.76517707,41.42637349,99.1669709,12.50853131,45.28380436,24.04199481,-2.259787879,6.584474142,1.774,-0.804,10.88229256,0.647147023,,,35800,137.23,1292.6,
fewalter,297,,,,,,,,44.98117165,3.029057304,10.47414387,61.37287191,41.77246816,8.131266744,0.538726744,1.794425514,54.69959814,99.94006768,8.084674661,35.56347117,31.08774422,0.148544266,-1.414,1.774,-0.804,2.934052888,0.949197894,,,35800,137.23,1292.6,
fewalter,298,,,,,,,,57.60462539,4.443212329,10.1823574,38.350545,39.33298224,6.44346381,-1.491520985,1.762121389,74.32963201,96.0152491,6.171035911,33.43314311,3.876646222,0.426912628,0.248508199,1.774,-0.804,8.620882038,0.623501418,,,35800,137.23,1292.6,
fewalter,299,,,,,,,,41.85654215,5.21,10.14631784,4.960801549,69.53829286,5.146586977,-0.943836402,1.76,34.07409652,100,8.357059648,32.70960411,22.15216422,-5.238860069,-1.414,1.774,-0.804,3.346989569,0.508216059,,,35800,137.23,1292.6,
fewalter,300,,,,,,,,57.60462539,4.78490137,10.1823574,38.350545,58.40581679,9.147794374,-1.491520985,1.782438813,74.32963201,95.98728066,6.171035911,33.43314311,4.120504375,0.426912628,2.423505011,1.774,-0.804,8.613211283,0.625713406,,,35800,137.23,1292.6,
fewalter,301,,,,,,,,41.56590836,-11.78017947,10.32459785,5.698243351,29.39108822,-11.52786884,-45.21,5.24698446,42.60269014,74.92310026,60.72302953,42.20281121,83.9024,-10.69688348,-1.099784518,1.774,-0.804,30.87134024,0.635873197,,,35800,137.23,1292.6,
fewalter,302,,,,,,,,33.31391723,4.733608518,12.22372276,39.69667143,39.92187397,7.024317493,-10.09377872,1.997118161,78.14707232,61.6430762,111.4421528,83.69348931,33.49373967,-2.213179927,30.23115839,1.774,-0.804,86.31214313,0.828556795,,,35800,137.23,1292.6,
fewalter,303,,,,,,,,7.93758377,-24.1096949,29.3773062,40.88830509,89.3803645,-5.343159486,-33.77875325,1.76,93.81333297,51.02305314,105.0070577,77.06658986,14.98762352,-34.28270656,-0.478930051,1.774,-0.804,87.46220793,0.419421441,,,35800,137.23,1292.6,
fewalter,304,,,,,,,,-10.59381283,-21.08240847,19.82775844,45.88049173,22.34116648,10.55947027,-13.71193503,2.890251888,45.79993327,65.82935014,130.3811909,72.8421228,30.52335028,-41.87288242,40.69151731,1.774,-0.804,73.09655052,0.456829934,,,35800,137.23,1292.6,
fewalter,305,,,,,,,,-10.00086372,-21.08240847,19.82775844,46.21812618,97.94091221,10.55947027,-13.93803106,2.866784349,45.79993327,65.82935014,130.3811909,72.8421228,30.52335028,-41.87288242,41.88716269,1.774,-0.804,72.60450104,0.456829934,,,35800,137.23,1292.6,
fewalter,306,,,,,,,,32.25989138,-14.3042677,10.69677944,5.637582395,41.1676067,-5.921863327,-38.21545671,1.852711205,9.207722725,44.30345122,174.4807336,47.2525346,34.96094769,-25.55647588,-1.414,1.774,-0.804,92.4918108,0.872395085,,,35800,137.23,1292.6,
fewalter,307,,,,,,,,42.00143567,5.21,11.57501101,48.92946318,39.61046189,-8.118928872,-12.23112061,1.980640514,8.902764786,73.49703217,58.0295012,83.70001924,31.49201669,0.4454,31.76846964,1.774,-0.804,58.82203371,0.891953121,,,35800,137.23,1292.6,
fewalter,308,,,,,,,,35.65729829,-13.73720082,10.63946671,6.28779278,42.8774116,-5.747523454,-9.042062611,1.767117256,6.210520936,53.70770641,30.95699121,47.69493606,18.24031932,-16.0948587,5.331393095,1.774,-0.804,9.503991749,0.434449167,,,35800,137.23,1292.6,
fewalter,309,,,,,,,,46.1529741,5.21,9.166675095,39.89080636,45.12812126,-5.386102017,-7.952966962,1.925536092,20.59047134,79.67271372,62.27410973,80.34130192,34.75960429,0.4454,34.52708857,1.774,-0.804,89.71288742,0.732365409,,,35800,137.23,1292.6,
fewalter,310,,,,,,,,34.77322881,2.967358733,13.61508658,43.71043989,46.70964338,-6.615199635,-11.70207262,2.424428811,16.68289586,73.81772491,61.34242261,81.18428912,33.61726686,0.054322208,35.34214809,1.774,-0.804,53.2241862,0.81184352,,,35800,137.23,1292.6,
fewalter,311,,,,,,,,30.54687967,-23.79752822,12.09142722,8.614988606,50.75688202,-7.835230463,-24.99737908,6.019794507,16.95778585,74.07773336,27.58292406,71.81015425,64.58631024,-7.886955558,8.693456173,1.774,-0.804,24.14201237,0.942242322,,,35800,137.23,1292.6,
fewalter,312,,,,,,,,35.85647074,-6.257709051,33.92573541,12.13443519,10.20341683,9.588463327,-20.06049704,6.997152599,49.5597122,65.47808174,140.3336809,37.56369734,45.88971222,-49.42379391,56.42600406,1.774,-0.804,91.63914613,0.638257281,,,35800,137.23,1292.6,
fewalter,313,,,,,,,,52.51164471,-12.52015972,9.104228898,5.024215788,35.6139465,-11.21903843,-45.21,3.117080738,14.92004191,57.42692606,69.02811335,78.51925782,18.79992187,-23.44356451,10.5861959,1.774,-0.804,2.244595076,0.945609653,,,35800,137.23,1292.6,
fewalter,314,,,,,,,,34.8517303,-12.89937946,11.57274874,7.897489487,22.61885932,-5.775524519,-41.25682657,6.822395589,13.72940204,58.46354506,74.33971813,8.19306654,53.14660262,-20.54298287,9.115929135,1.774,-0.804,6.517416675,0.151693941,,,35800,137.23,1292.6,
fewalter,315,,,,,,,,36.85380602,-12.52015972,9.104228898,5.171233221,35.6139465,-11.21903843,-45.21,3.105477699,5.104852131,57.31472438,69.02811335,78.51925782,39.63958603,-23.44356451,10.5861959,1.774,-0.804,3.129533694,0.885108582,,,35800,137.23,1292.6,
fewalter,316,,,,,,,,35.17628506,-11.19953575,9.084814551,45.77757559,43.20994668,-6.94108827,-7.501885479,2.163713824,18.27640422,73.71027309,62.07079154,80.60835586,6.175864353,0.24601415,31.24922127,1.774,-0.804,32.37680557,0.81247087,,,35800,137.23,1292.6,
fewalter,317,,,,,,,,33.31059608,5.21,11.98943084,17.66174007,30.76344333,-8.09774078,-21.73421032,3.407397608,17.05580116,73.26301778,67.68018517,84.7844,39.83060065,-1.878287413,40.47576995,1.774,-0.804,67.6222997,0.889561109,,,35800,137.23,1292.6,
fewalter,318,,,,,,,,-8.969805675,-14.24492811,23.85933295,36.99363603,41.61844255,-4.861808241,-21.10853092,2.757256844,9.379418721,42.38822052,57.42562434,60.48043468,6.694544711,-28.18432976,-1.197978104,1.774,-0.804,36.95899026,0.879188675,,,35800,137.23,1292.6,
fewalter,319,,,,,,,,34.8517303,-12.89937946,11.57274874,9.927167427,22.61885932,-3.510595181,-41.25682657,6.822395589,13.72940204,58.46354506,74.33971813,8.19306654,53.14660262,-20.54298287,9.115929135,1.774,-0.804,39.47949321,0.269729267,,,35800,137.23,1292.6,
fewalter,320,,,,,,,,35.10740375,-22.88941122,10.48125329,69.77607115,49.3162775,2.522804122,-18.07883676,3.633188981,57.16920048,44.72425613,89.31702127,78.3559422,-0.309351803,-23.50107488,51.80434976,1.774,-0.804,90.9239054,0.525642361,,,35800,137.23,1292.6,
fewalter,321,,,,,,,,36.36263435,-14.9796793,10.12279629,5.753626769,42.59400688,-5.87319555,-44.1000637,2.059175811,67.87011024,54.16787669,28.60872973,46.16208309,36.52470298,-18.0133198,3.659713379,1.774,-0.804,9.993208962,0.683287546,,,35800,137.23,1292.6,
fewalter,322,,,,,,,,41.46000273,-11.51490893,14.93968248,78.40827593,11.05427534,2.529409387,-10.85665595,6.423994519,71.66104231,76.74310568,-0.096324684,76.51767831,64.59429378,-29.71080046,0.032588772,1.774,-0.804,59.76073481,0.781131516,,,35800,137.23,1292.6,
fewalter,323,,,,,,,,41.56590836,-11.90526436,10.64926531,5.698243351,29.39108822,-11.47234597,-45.16965298,5.082923496,43.82048988,74.92310026,60.87233848,41.73211766,83.9024,-25.46654961,4.546102239,1.774,-0.804,30.87134024,0.635873197,,,35800,137.23,1292.6,
fewalter,324,,,,,,,,34.8517303,-12.89937946,11.57274874,7.897489487,22.61885932,-5.775524519,-41.25682657,6.822395589,13.67039467,58.46354506,74.33971813,71.89800345,53.14660262,-20.54298287,9.115929135,1.774,-0.804,37.03815375,0.151693941,,,35800,137.23,1292.6,
fewalter,325,,,,,,,,36.56891246,-34.37536045,21.19831845,39.53859121,86.90703225,-3.437615882,-19.7568875,1.76,91.53092793,69.03036007,97.74697161,75.26043099,14.02149964,-27.60682086,-1.414,1.774,-0.804,96.83042208,0.628471211,,,35800,137.23,1292.6,
fewalter,326,,,,,,,,46.65374218,-12.19284297,11.33910634,7.858650459,31.27798517,-5.306766941,-35.44649339,2.510176074,71.23819006,55.30801505,76.68105454,83.85323118,5.393262329,-52.32598381,5.372756458,1.774,-0.804,6.424344411,0,,,35800,137.23,1292.6,
fewalter,327,,,,,,,,38.04457303,-6.784366619,13.68455402,9.442380674,14.5586968,8.620560226,-39.05173744,6.736302676,90.67519777,62.89301085,107.3893014,15.5868902,44.0691579,-52.26279561,48.53466735,1.774,-0.804,91.97081788,0.046834004,,,35800,137.23,1292.6,
fewalter,328,,,,,,,,34.37566824,5.044383741,9.641565293,45.79278636,38.56637901,-4.37025928,-39.51541301,1.820403572,10.26653041,73.5109314,60.24336692,83.65732043,12.32850135,0.320708662,34.41393701,1.774,-0.804,50.85538743,0.876333356,,,35800,137.23,1292.6,
fewalter,329,,,,,,,,33.08304695,-20.88357787,10.69349359,12.40116371,55.49014446,-10.4077604,-38.3568954,2.129945434,73.00086364,56.5838803,73.79447809,82.26853001,1.574686826,-44.68258684,2.255877239,1.774,-0.804,94.51720092,0.558538825,,,35800,137.23,1292.6,
fewalter,330,,,,,,,,51.13143482,-19.57176158,11.43811548,8.534812899,35.68494391,-4.986696894,-41.85992481,2.534428181,33.26697941,58.04694756,80.83671349,14.40821441,5.412790604,-21.90461063,12.50610469,1.774,-0.804,0.270595348,0.703799711,,,35800,137.23,1292.6,
fewalter,Best q80 Bias,,,,,,,,76.91985801,-23.47031139,18.17542587,52.44679019,80.79025026,-5.944553099,-24.12994939,1.766039857,87.02269941,59.73984879,89.26059047,69.79116812,7.609779053,-27.41948457,0.402410835,1.774,-0.804,96.66882723,0.571448142,,,35800,137.23,1292.6,
fewalter,332,,,,,,,,39.43553956,-23.20713606,10.54401593,6.288059034,36.45158219,-7.017874614,-34.40744247,5.18537782,36.66850339,50.64092027,171.9001748,62.89380448,2.188226185,-25.45922492,-0.934179545,1.774,-0.804,27.79249532,0.870380366,,,35800,137.23,1292.6,
fewalter,333,,,,,,,,9.451626573,5.21,9.97450382,41.58171298,13.98697982,-12.01988269,-7.464432213,6.876115864,15.78619093,61.40439292,21.40784485,9.065080869,54.32998661,0.232022278,8.777985399,1.774,-0.804,34.67992819,0.053630306,,,35800,137.23,1292.6,
fewalter,334,,,,,,,,37.174077,-25.58890008,31.71243597,71.69040837,17.40536889,1.9615865,-27.77528669,1.767287958,71.7173163,63.98174954,62.07242211,80.21539765,15.22738859,-25.4830546,1.601747408,1.774,-0.804,28.87853368,0.286452151,,,35800,137.23,1292.6,
fewalter,335,,,,,,,,-10.95,-16.78765333,23.56487859,37.47460002,56.01820003,-5.558604841,-20.4059391,2.789696361,2.376736972,69.23324924,70.54236298,58.42430909,4.135618058,-28.98994707,-0.310176286,1.774,-0.804,32.10496298,0.931944704,,,35800,137.23,1292.6,
fewalter,336,,,,,,,,36.81972374,-2.96670854,13.89578918,12.82339429,39.55681855,-6.232554129,-9.504566773,2.131878689,29.55834879,71.74904736,73.2463638,71.15484404,3.751070413,-14.79773867,22.06791956,1.774,-0.804,22.66429529,0.957,,,35800,137.23,1292.6,
fewalter,337,,,,,,,,8.159511041,-34.00022835,29.56426494,41.14501353,89.56283927,-5.697512217,-34.44365406,1.769695114,94.07205953,50.95067483,105.6501297,77.04710375,14.71944693,-34.88831214,-1.22521135,1.774,-0.804,87.82082798,0.397790324,,,35800,137.23,1292.6,
fewalter,338,,,,,,,,3.843837236,4.015889123,9.06094786,43.73764451,51.02017065,5.763659249,-6.905526452,2.41420762,11.09918154,58.91688475,66.68975144,78.75615179,16.61146804,0.198155503,33.2037176,1.774,-0.804,49.34051498,0.737345206,,,35800,137.23,1292.6,
fewalter,339,,,,,,,,40.29623169,-26.85084911,27.85833888,52.94407354,98.68620506,-4.28580717,-26.85270497,1.800971538,100,65.34960422,98.62021296,70.31370849,12.89700621,-31.70160978,-0.874574266,1.774,-0.804,92.49567514,0.370148877,,,35800,137.23,1292.6,
fewalter,340,,,,,,,,39.27860455,-23.11898514,11.08826606,6.298497302,35.61368394,-5.139689646,-43.93693634,5.189698617,29.90998267,54.60084192,77.68121896,67.90371387,5.448790858,-30.82347042,10.54661436,1.774,-0.804,2.716464015,0.90776029,,,35800,137.23,1292.6,
fewalter,341,,,,,,,,3.843837236,4.015889123,9.06094786,43.13006611,32.58764843,5.763659249,-6.905526452,2.219085429,33.17742108,58.41200528,66.68975144,72.82927285,10.71443377,0.198155503,33.2037176,1.774,-0.804,49.34051498,0.736353525,,,35800,137.23,1292.6,
fewalter,342,,,,,,,,23.57595591,-9.164159924,13.43138899,5.419349098,18.51112481,11.16,-30.15476871,1.795833684,46.59702007,21.60287976,30.1172028,83.86635431,76.70777668,-29.85438741,8.251719044,1.774,-0.804,31.00963406,0.091256344,,,35800,137.23,1292.6,
fewalter,343,,,,,,,,1.342233988,-13.28986452,9.387661644,39.49066245,64.19493775,-11.12098162,-39.21543188,5.102864617,29.57695643,45.66526092,78.17459011,45.77317697,9.366434689,-42.03276004,33.29333431,1.774,-0.804,77.74453911,0.947149502,,,35800,137.23,1292.6,
fewalter,344,,,,,,,,20.40706254,-3.462352198,12.6933358,9.290762219,23.59668714,7.59465095,-11.10932142,1.76,49.9259246,22.55517685,51.53913343,82.33859696,78.39254711,-3.491049488,13.97661674,1.774,-0.804,65.49162776,0.230834248,,,35800,137.23,1292.6,
fewalter,345,,,,,,,,34.06928041,3.176105723,9.130965099,43.70656386,51.08875053,7.874251586,-13.34766724,2.053692592,20.95344525,72.20580695,62.3079322,81.71702866,15.29834332,-2.307264448,25.72876942,1.774,-0.804,52.85173485,0.757760775,,,35800,137.23,1292.6,
fewalter,346,,,,,,,,39.96125135,-22.46211601,8.754975718,5.334768851,33.2306576,-6.350151759,-22.77538979,5.104832838,34.7670589,64.86648056,21.11712809,68.31112577,22.58153929,-30.18467672,-1.300303141,1.774,-0.804,25.19556116,0.957,,,35800,137.23,1292.6,
fewalter,347,,,,,,,,42.00143567,5.21,11.59542854,48.97924575,38.97072845,-8.118928872,-10.75798595,2.059928,10.0682366,73.49703217,58.0295012,83.75273054,31.4559691,0.4454,31.87992528,1.774,-0.804,58.82203371,0.891953121,,,35800,137.23,1292.6,
fewalter,348,,,,,,,,50.80378045,-11.43780087,10.53687074,6.102588305,29.26738229,-6.64465575,-44.10506677,2.253978662,36.98914731,58.20726161,72.42330455,14.04415796,6.655268187,-32.71191682,6.193086678,1.774,-0.804,1.759248432,0.747515769,,,35800,137.23,1292.6,
fewalter,349,,,,,,,,35.33514705,-12.10346727,9.512134587,6.278102732,39.36652422,-5.060252152,-45.21,1.76,24.36167687,52.317192,37.167786,42.29517445,31.90645587,-28.22648871,5.331419865,1.774,-0.804,7.40075099,0.937600934,,,35800,137.23,1292.6,
fewalter,350,,,,,,,,33.55116326,-18.60397935,9.544583705,6.565271753,42.6470947,-5.000752524,-42.38859259,1.776945274,84.59020972,73.327177,30.95699121,47.60839088,34.70154271,-25.6532101,4.277052723,1.774,-0.804,8.494262884,0.947636543,,,35800,137.23,1292.6,
fewalter,351,,,,,,,,35.56763129,5.21,11.59542854,48.97924575,38.97072845,-6.102224456,-10.75798595,2.060793694,10.0682366,73.49703217,58.55868056,83.75273054,30.58299662,-7.323851677,31.87992528,1.774,-0.804,58.82203371,0.89845357,,,35800,137.23,1292.6,
fewalter,352,,,,,,,,3.72756212,4.651092237,11.59659371,45.64815134,38.986008,-7.099063161,-9.734673709,1.986887094,12.69794456,84.83679885,80.6771371,80.52431111,34.23964001,0.078935922,34.58134688,1.774,-0.804,52.81323343,0.805912663,,,35800,137.23,1292.6,
fewalter,353,,,,,,,,77.67217513,-31.19537612,25.952557,25.87318421,85.22564284,-1.03334319,-30.24289117,2.813617382,13.81752268,63.88285993,25.23830846,79.70326143,29.92118126,-52.3545,-1.414,1.774,-0.804,13.87232475,0.957,,,35800,137.23,1292.6,
fewalter,354,,,,,,,,5.192002169,-16.72950701,10.61017241,40.31508614,68.885017,-14.32958903,-43.83847634,4.735048164,28.3475912,73.61894716,65.42920997,52.92200133,12.02929386,-37.21458124,32.12062686,1.774,-0.804,78.40602014,0.864010153,,,35800,137.23,1292.6,
fewalter,355,,,,,,,,34.12249957,3.933174469,8.77289743,12.45036841,38.56078205,-7.194606916,-36.73980941,2.173473496,29.96967833,53.46829582,70.12880305,71.5765019,7.186249386,-6.427810451,28.83854405,1.774,-0.804,29.72851351,0.894273072,,,35800,137.23,1292.6,
fewalter,356,,,,,,,,19.90131671,0.035666864,14.33436572,8.271101471,25.68181772,8.234785721,-45.16053067,1.76,43.74912463,19.16744103,50.6152502,79.37639074,76.24654085,0.4454,-1.414,1.774,-0.804,62.83565849,0.373471756,,,35800,137.23,1292.6,
fewalter,357,,,,,,,,35.32348699,-10.5618971,10.24654562,9.348330187,41.35221957,-5.390256804,-39.51037355,2.067667061,8.59165705,57.22720723,32.63134049,47.36439564,36.77473321,-22.84607036,4.754253274,1.774,-0.804,10.09472373,0.911418538,,,35800,137.23,1292.6,
fewalter,358,,,,,,,,-10.95,-19.167208,22.69136651,45.82396348,15.95131088,9.298002399,-15.46078983,2.5256279,46.50268069,66.70974925,147.2711352,74.21725514,30.88030899,-47.72917297,45.30113544,1.774,-0.804,77.72654546,0.401675377,,,35800,137.23,1292.6,
fewalter,359,,,,,,,,7.93758377,-24.11705767,29.37752175,39.03964267,92.62890178,-3.959241519,-24.95810125,1.76,93.81333297,52.35013324,105.0070577,77.06658986,14.98762352,-34.30111937,-0.478930051,1.774,-0.804,87.18507573,0.424874325,,,35800,137.23,1292.6,
fewalter,360,,,,,,,,41.0202518,-17.73414665,10.6993032,29.59376839,100,-9.702250037,5.323914168,3.759438539,50.69693391,50.75205707,63.83547786,83.80314029,-0.817988353,-50.64259414,2.343466583,1.774,-0.804,40.00246273,0.038384465,,,35800,137.23,1292.6,
fewalter,361,,,,,,,,7.765456802,-29.48663159,18.10896971,35.63040144,29.40501075,-0.663611428,-10.58553537,1.866456192,42.41401617,49.09863742,66.12632482,68.51713933,14.01952672,-12.80762548,0.394465079,1.774,-0.804,72.56130432,0.861570982,,,35800,137.23,1292.6,
fewalter,362,,,,,,,,60.60480268,-29.71804976,14.77642989,7.879018934,22.34163595,-5.217868239,-25.9314023,2.578128902,48.21587876,26.25779977,41.84900025,75.52873288,73.22744548,-4.497453777,1.358181292,1.774,-0.804,62.55911633,0.761388598,,,35800,137.23,1292.6,
fewalter,363,,,,,,,,37.11390622,2.541817272,13.16154401,6.597698325,31.5728956,-8.827347695,-20.44259125,5.791411726,54.64618793,24.43862791,36.47124258,84.10937948,71.58280241,-2.435433526,20.04165006,1.774,-0.804,46.68683182,0.571750552,,,35800,137.23,1292.6,
fewalter,364,,,,,,,,-10.51590202,-9.763684814,9.504358306,38.07940442,94.14537501,-10.57503933,-45.21,2.031295091,46.38696273,74.67956668,74.83054772,77.81409561,-1.2104,-21.55372858,11.01471631,1.774,-0.804,47.98090578,0.904985189,,,35800,137.23,1292.6,
fewalter,365,,,,,,,,36.3554655,-34.71929532,20.98965382,39.78552049,88.01309681,-3.707885249,-19.81633658,1.76,93.34682312,69.61786609,96.91679273,75.50838403,13.51836968,-27.4209791,-1.414,1.774,-0.804,97.625,0.638624364,,,35800,137.23,1292.6,
fewalter,366,,,,,,,,20.40948729,-3.462352198,12.54392302,9.310190165,23.59668714,7.76627568,-44.42955,1.76,49.9259246,22.69958967,42.08652352,81.08442485,78.39254711,-3.659163043,-0.051097226,1.774,-0.804,66.07616743,0.230834248,,,35800,137.23,1292.6,
fewalter,367,,,,,,,,40.92410251,-8.015634589,11.59006025,4.76558158,31.8029855,-0.120060391,-24.72672976,1.767961521,25.13210657,74.20725514,-0.19937304,58.49816117,67.51727019,-25.27098073,-0.761716487,1.774,-0.804,6.812232974,0.083134701,,,35800,137.23,1292.6,
fewalter,368,,,,,,,,58.1357327,-20.58429369,21.16731429,28.50324987,5.256436315,-11.12171272,-23.06227253,1.815225648,93.76966964,87.33456291,92.56879489,58.68432635,8.502178702,-25.72994846,9.715474331,1.774,-0.804,81.1877149,0.550960667,,,35800,137.23,1292.6,
fewalter,369,,,,,,,,49.96556699,-41.93019205,17.20139996,2.737548524,7.093426191,-3.068382328,-8.29411147,2.692780604,10.7689734,88.87762469,4.558324155,64.67374436,55.4205577,-2.814774019,0.205868357,1.774,-0.804,0.888325425,0.293525241,,,35800,137.23,1292.6,
fewalter,370,,,,,,,,58.80132718,-4.453616112,17.57160482,8.710106377,1.925916978,7.986569973,-10.59065691,7.047300411,29.56610041,22.87263869,9.505540209,70.1449877,53.78489223,-23.37662434,14.76022196,1.774,-0.804,35.60707508,0.707309511,,,35800,137.23,1292.6,
fewalter,371,,,,,,,,53.14384526,-14.72905896,14.52235767,7.742454029,24.28070343,-0.380833652,-16.20979654,1.777314848,24.47733494,58.68231926,-0.829708331,22.22544332,6.207853394,-2.073259443,-0.951185207,1.774,-0.804,2.030542285,0.918654036,,,35800,137.23,1292.6,
fewalter,372,,,,,,,,12.4860527,-24.56671863,20.024332,5.467502013,0,7.781820487,-28.67952317,1.874863495,23.14399086,18.92948498,-2.264953428,63.72479959,6.448755137,0.436452279,5.250033444,1.774,-0.804,6.212433571,0.142107452,,,35800,137.23,1292.6,
fewalter,373,,,,,,,,15.70724195,-6.43497496,17.9582233,5.91022644,14.75239107,-0.024291439,-29.72660504,1.797833401,11.4667558,58.13681169,5.0793953,61.09473985,51.33768775,-0.004253482,-1.185048193,1.774,-0.804,4.175542403,0.884525653,,,35800,137.23,1292.6,
fewalter,374,,,,,,,,8.750074792,3.807212046,21.20859178,27.59850524,96.15361609,-11.21003665,-23.12086062,2.231453499,36.18028916,69.50723427,98.70954053,64.45750633,8.502556071,-25.42594885,6.511829941,1.774,-0.804,81.26618091,0.050667424,,,35800,137.23,1292.6,
fewalter,375,,,,,,,,60.11700983,-24.59655687,10.62253886,5.646205943,82.71979069,2.351843971,-21.27326577,4.857770219,32.22288301,78.06084636,-3.314217927,34.00576255,70.19639747,-8.01901302,7.236718376,1.774,-0.804,14.36748582,0.882009592,,,35800,137.23,1292.6,
fewalter,376,,,,,,,,-7.502196271,-32.86141013,11.40839571,7.291342188,20.05077867,-2.882439821,-29.16315284,5.535375639,35.94646895,71.95242666,-3.468336517,34.34237043,76.3472679,-28.62930927,-0.435624952,1.774,-0.804,13.17780812,0.490521937,,,35800,137.23,1292.6,
fewalter,377,,,,,,,,54.92242331,-15.08403923,14.5845549,5.646205943,49.81391185,-5.366979409,-44.57587584,4.857770219,32.22288301,73.03055046,-3.430442518,20.25708977,70.19639747,-30.47363655,7.267749095,1.774,-0.804,75.38116482,0.573107991,,,35800,137.23,1292.6,
fewalter,378,,,,,,,,4.165212322,-16.21017799,17.95444728,7.760777659,0,2.386288898,-24.33531202,1.896108013,24.06864568,90.24049521,4.089973031,76.63603723,8.198450062,-0.149270007,2.326618952,1.774,-0.804,5.315548026,0.443408892,,,35800,137.23,1292.6,
fewalter,379,,,,,,,,3.24791691,-24.12236039,10.6617401,5.82632447,0.161067127,1.959102347,-28.67952317,2.662400088,23.47566103,85.3347757,4.539449273,60.66979755,-0.17004668,-4.832824433,-1.031437967,1.774,-0.804,6.212433571,0.527386139,,,35800,137.23,1292.6,
fewalter,380,,,,,,,,15.78584391,-26.37179323,17.95929228,7.307379808,0.697956533,7.696040041,-13.05204235,1.785112249,17.44572063,18.92948498,-1.314664244,81.64268887,6.434927674,-31.45239076,17.32389167,1.774,-0.804,22.32721699,0.081922999,,,35800,137.23,1292.6,
fewalter,381,,,,,,,,55.39833863,3.814102836,9.948780721,74.93409441,8.314510946,8.618955912,-12.43643129,2.069575017,88.05224836,66.75671313,40.66148136,54.91242149,-0.37350657,-7.455599271,3.072972537,1.774,-0.804,88.29152558,0.263672253,,,35800,137.23,1292.6,
fewalter,382,,,,,,,,3.975222185,-31.03638868,17.47573534,5.124518478,0,2.373992289,-38.54547482,2.107900821,29.67534316,73.35552661,-0.619079974,81.90727484,73.43130326,-26.89987951,0.357769252,1.774,-0.804,9.40673096,0.781507967,,,35800,137.23,1292.6,
fewalter,383,,,,,,,,53.39795186,-32.41125219,11.68344985,7.782931053,6.012821448,-5.052583976,-8.208273906,1.900995379,23.70293339,90.31724888,7.604369537,67.98904525,31.49098717,-14.51755074,-0.917650861,1.774,-0.804,0.818788738,0.303311025,,,35800,137.23,1292.6,
fewalter,384,,,,,,,,2.091956131,-24.86458067,14.43835126,5.346795808,0.717528686,-2.992925042,-14.28449018,1.760562547,22.07294774,19.06888549,0.247779523,53.93190167,78.78656364,0.205378231,-1.281769577,1.774,-0.804,2.984006168,0.82875062,,,35800,137.23,1292.6,
fewalter,385,,,,,,,,55.57338223,-14.35091301,9.649330247,49.3047881,86.75651928,0.135980172,-29.79779236,2.016979707,10.16230706,58.43242602,7.165085645,53.20421085,-1.070445534,-2.055742077,1.301898261,1.774,-0.804,2.387916172,0.914491326,,,35800,137.23,1292.6,
fewalter,386,,,,,,,,52.96315781,-23.12773237,18.490948,5.917861503,35.16929348,5.529347423,-14.47579834,1.768095912,87.33677332,53.82699615,2.679845326,54.82443501,47.81556469,-3.600510301,1.592067302,1.774,-0.804,23.32404765,0.294963137,,,35800,137.23,1292.6,
fewalter,387,,,,,,,,55.90338878,-14.5423005,9.165803764,10.74864174,31.47545698,4.03605761,-23.53861557,2.014056158,20.07576089,88.51539447,1.580471501,53.7767453,32.61904942,-0.734144981,1.687624388,1.774,-0.804,1.164625162,0.430085215,,,35800,137.23,1292.6,
fewalter,388,,,,,,,,3.333159637,-13.56408065,11.19099484,4.76558158,2.550446955,-5.186098672,-24.54659002,2.137257557,30.28515166,73.48799253,0.253765123,61.12521475,79.17331489,-25.961615,-1.278771853,1.774,-0.804,5.005459793,0.083494314,,,35800,137.23,1292.6,
fewalter,389,,,,,,,,3.957423679,-7.070948372,18.15322868,5.572119746,8.864580241,0.27376524,-24.31700193,1.764162332,24.03405245,18.91196615,3.069837765,47.32528108,69.3911857,-0.77467788,-0.78254554,1.774,-0.804,5.198034708,0.901286795,,,35800,137.23,1292.6,
fewalter,390,,,,,,,,55.56548801,-18.7575772,9.68201931,48.95610378,53.13353582,4.850158063,-23.46039511,2.013130571,21.31678802,87.89882925,9.861873709,64.03488195,7.973989049,-8.50105584,-1.250277566,1.774,-0.804,1.24318877,0.292859228,,,35800,137.23,1292.6,
fewalter,391,,,,,,,,65.65365682,-17.85044574,10.79692965,7.909169439,41.43318,10.00970362,-32.7812109,6.784249704,78.8326738,72.44703387,75.27378095,70.58658642,47.44004416,-45.97764777,38.56694674,1.774,-0.804,78.4932803,0.164011238,,,35800,137.23,1292.6,
fewalter,392,,,,,,,,57.39998438,-18.77806185,10.60220013,5.898252158,21.1786465,-5.243534129,-15.27833763,4.857367872,8.543399507,18.69947102,0.682383808,34.947916,66.74914876,-34.10320448,-1.300104632,1.774,-0.804,25.01653201,0.887462499,,,35800,137.23,1292.6,
fewalter,393,,,,,,,,11.29196758,-13.08598336,14.52787403,50.40930128,43.48962537,-0.081500987,-25.13836749,1.892460492,77.49755708,10.80480747,52.11407764,53.25310661,5.546716993,-3.629414425,30.79248554,1.774,-0.804,59.4059413,0.84738408,,,35800,137.23,1292.6,
fewalter,394,,,,,,,,3.975222185,-16.09701343,10.38381032,5.124518478,0,2.386288898,-38.54547482,2.107900821,23.14399086,81.43445146,1.695085813,81.91452608,73.51991456,-0.341890124,20.01879771,1.774,-0.804,9.368816749,0.701693937,,,35800,137.23,1292.6,
fewalter,395,,,,,,,,3.325555051,-20.97328532,17.83686732,4.454964097,0.536794269,0.339981551,-27.24818803,1.881472258,17.66617388,25.22133251,0.281395423,61.77275857,78.86922459,-30.37692288,-0.258199619,1.774,-0.804,4.772604912,0.453787936,,,35800,137.23,1292.6,
fewalter,396,,,,,,,,-4.637613787,4.380365407,9.549032564,28.2247685,84.38619245,4.25820182,2.19161167,2.145665321,24.53487635,52.47893752,127.9993673,56.23257226,3.125235381,-34.16408626,61.98290792,1.774,-0.804,81.81349176,0.760450697,,,35800,137.23,1292.6,
fewalter,397,,,,,,,,55.56548801,-19.98347632,9.652896882,77.82125437,51.71835208,4.850872898,-8.712259441,2.011179168,21.31678802,87.89882925,5.771534306,58.1214906,8.576762158,-7.794823226,-1.391676913,1.774,-0.804,0.969760707,0.273695036,,,35800,137.23,1292.6,
fewalter,398,,,,,,,,5.488454183,3.383292451,20.67624331,8.486043888,32.23737086,-0.729517096,-23.09684697,1.776059147,91.74639455,87.06897841,90.4098915,57.52916929,16.03848202,-25.20565242,9.925981632,1.774,-0.804,89.22341466,0.310996041,,,35800,137.23,1292.6,
fewalter,399,,,,,,,,43.45410216,-15.02258103,14.43835126,6.198961728,32.1794888,-2.992925042,-13.89025078,1.760562547,24.47754615,90.12144867,3.525673268,54.3367026,83.22055962,0.196791147,10.09180523,1.774,-0.804,2.984006168,0.042988632,,,35800,137.23,1292.6,
fewalter,400,,,,,,,,60.11936098,-41.85186317,9.634668674,31.57065117,52.13805825,5.150949312,-36.35449623,2.095974819,80.0273055,67.11946824,39.4645726,81.1490624,0.429247538,-25.82744771,-0.526849954,1.774,-0.804,15.47334822,0.895775466,,,35800,137.23,1292.6,
fewalter,401,,,,,,,,3.957423679,-24.44052959,18.06406749,4.76558158,0.32892548,0.34212669,-27.30170877,2.644429328,24.03405245,22.35125599,4.616948133,61.14810522,-0.204692146,-0.912957196,-0.783152923,1.774,-0.804,4.925066704,0.083494314,,,35800,137.23,1292.6,
fewalter,402,,,,,,,,15.70724195,-6.43497496,17.9582233,5.91022644,14.75239107,-0.024291439,-23.30309358,1.797833401,11.4667558,85.92372697,5.0793953,54.69973843,51.33768775,-0.501521709,-1.185048193,1.774,-0.804,4.331376181,0.884525653,,,35800,137.23,1292.6,
fewalter,403,,,,,,,,58.94062832,-25.63179921,9.462963474,7.777003479,17.63118173,-5.040102112,-33.76471378,6.524616376,33.71744169,75.29723189,1.524445845,51.9274962,72.91339646,-28.70126903,-0.402077179,1.774,-0.804,0.51430788,0.229072792,,,35800,137.23,1292.6,
fewalter,404,,,,,,,,57.34666558,-14.5667157,11.16001336,5.217731254,27.27522573,-7.79359718,-5.498025865,1.76,37.20740182,50.40382867,4.34471545,83.21124459,17.40882756,-1.093222684,-1.414,1.774,-0.804,19.51064342,0.030749768,,,35800,137.23,1292.6,
fewalter,405,,,,,,,,15.70724195,-7.777895568,17.9582233,5.232399004,16.52621826,0.281020682,-14.68419138,1.777835684,62.5165773,73.8424074,5.0793953,73.49489206,51.68978869,-0.004253482,0.600434796,1.774,-0.804,4.066775688,0.748186554,,,35800,137.23,1292.6,
fewalter,406,,,,,,,,35.65066698,-43.05247422,9.60276144,49.16256665,52.28996718,7.684058886,-14.36698772,2.176812874,71.28304914,4.287771717,89.67754044,80.60323719,0.578335499,-24.77476983,38.91471478,1.774,-0.804,7.47250023,0.92606239,,,35800,137.23,1292.6,
fewalter,407,,,,,,,,60.32751044,-41.85186317,9.634668674,35.02843512,52.13805825,4.977620207,-28.49278907,2.124452326,24.67369926,67.11946824,39.4645726,81.1490624,0.429247538,-25.82744771,-0.621022643,1.774,-0.804,15.47334822,0.895775466,,,35800,137.23,1292.6,
fewalter,408,,,,,,,,58.22533097,-34.12257591,21.0959477,5.456621915,25.78490166,-7.835638477,-5.39819653,1.770304636,34.13413289,51.68825807,4.34471545,35.54970154,36.02624895,-1.9012244,-1.4111989,1.774,-0.804,12.73500109,0.251286716,,,35800,137.23,1292.6,
fewalter,409,,,,,,,,3.957423679,-24.44700338,14.52993718,5.802934592,0.32892548,0.378065217,-24.94355212,2.644429328,24.03405245,22.35125599,4.616948133,52.94704784,-0.204692146,-3.177710585,-0.783152923,1.774,-0.804,4.390562191,0.090668461,,,35800,137.23,1292.6,
fewalter,410,,,,,,,,15.22909566,-7.755113513,15.70252041,4.490050761,17.58892868,0.322701,-15.39009369,1.76,23.37509841,94.47537203,7.431537951,61.12459168,50.35949014,-25.16540361,0.346546168,1.774,-0.804,3.16061341,0.843253227,,,35800,137.23,1292.6,
fewalter,411,,,,,,,,58.53404292,-25.50012726,11.66911398,7.781992912,17.63118173,-5.040102112,-9.875928437,6.537846594,29.29883096,69.97644972,4.599750646,33.16145063,72.29564369,-28.70126903,-0.95016666,1.774,-0.804,26.23432064,0.304819167,,,35800,137.23,1292.6,
fewalter,412,,,,,,,,11.93424689,-14.64560377,21.22697828,42.50005124,92.15156653,-12.53405793,-34.27132071,1.768273417,91.16492586,18.69103032,92.46698721,62.20574114,8.874954435,-23.76909483,2.583601561,1.774,-0.804,91.07543993,0.551501125,,,35800,137.23,1292.6,
fewalter,413,,,,,,,,-1.29771742,-22.4490432,9.139097773,54.02269419,55.64235212,-9.561767531,5.565667218,3.430271528,24.93466371,93.30300876,7.246479592,63.48863038,66.23511693,-0.837148051,1.45970447,1.774,-0.804,1.518726425,0.147946164,,,35800,137.23,1292.6,
fewalter,414,,,,,,,,3.333159637,-13.56408065,11.22316204,5.226682906,2.550446955,6.610315159,-24.54659002,2.137257557,30.20068935,74.18001985,0.287605994,61.22554109,79.17331489,-25.961615,-1.047173652,1.774,-0.804,5.005459793,0.883772664,,,35800,137.23,1292.6,
fewalter,415,,,,,,,,44.29485861,-14.89393982,14.48611709,6.091743288,28.87747457,6.382220953,-14.77188979,1.760556885,32.87065099,89.76747146,4.23516932,60.59657718,48.89482755,-3.198129388,8.00998193,1.774,-0.804,2.285560229,0.049611533,,,35800,137.23,1292.6,
fewalter,416,,,,,,,,-7.598511783,-23.65466824,11.55635954,7.579904,11.97418993,0.281444687,-14.76597832,1.771930566,11.01343963,90.02241113,4.230728083,58.60278641,50.95749812,-2.751846358,20.01989365,1.774,-0.804,3.843683919,0.885518787,,,35800,137.23,1292.6,
fewalter,417,,,,,,,,45.41493729,-17.83643078,10.60569489,78.85523693,58.50194559,0.806584317,-26.3394788,3.633860925,0.59727825,85.93778866,86.78371986,84.74860318,28.19204517,-6.751831581,41.16277446,1.774,-0.804,49.98992653,0.831612343,,,35800,137.23,1292.6,
fewalter,418,,,,,,,,3.956095933,-15.14233638,17.83686732,4.76558158,12.12758859,0.339981551,-27.24818803,1.881472258,17.24419235,17.95136052,0.263021499,61.12931899,78.86922459,-18.63585137,0.197335763,1.774,-0.804,4.800015848,0.088338666,,,35800,137.23,1292.6,
fewalter,419,,,,,,,,5.488454183,3.383292451,20.67624331,8.486043888,32.36040526,-0.729517096,-24.64362411,1.814249814,89.20676728,87.06897841,88.81580215,57.32545046,16.03848202,-25.20565242,9.925981632,1.774,-0.804,89.22341466,0.300156952,,,35800,137.23,1292.6,
fewalter,420,,,,,,,,1.779057217,-31.12086594,17.48472324,5.115881434,3.420569412,7.918629092,-7.310535095,2.659910414,23.17284139,92.58263361,-0.594526905,73.5842708,37.38637062,-6.269356293,-1.121637684,1.774,-0.804,9.562275974,0.788543711,,,35800,137.23,1292.6,
fewalter,421,,,,,,,,43.31407439,-14.72147415,14.52235767,7.742454029,27.27271152,-0.022468158,-16.20979654,1.760918669,24.47733494,22.82775977,3.948800092,82.93233738,6.207853394,-3.455438479,7.446726095,1.774,-0.804,20.23650872,0.573605552,,,35800,137.23,1292.6,
fewalter,422,,,,,,,,55.83568976,-42.94446211,9.182260818,6.316533811,57.05595567,-3.031610277,-16.8063314,3.446259964,29.5449476,24.62792799,9.989886828,62.93256708,7.533641358,-1.00456243,1.447501886,1.774,-0.804,1.258325954,0.91750988,,,35800,137.23,1292.6,
fewalter,423,,,,,,,,53.21441679,-3.645145269,9.392360559,53.40344281,17.49194519,-5.12470654,-16.93095545,2.014020975,23.409365,88.23472446,7.362597303,51.70662439,66.22213246,-2.690826289,-0.988984662,1.774,-0.804,1.186316011,0.915392072,,,35800,137.23,1292.6,
fewalter,424,,,,,,,,4.381554821,-15.14233638,17.83686732,4.708214366,8.341832962,0.339981551,-13.88263635,1.76087294,19.42467825,17.95136052,0.263021499,54.56879049,78.88831209,-0.413521521,-1.308809414,1.774,-0.804,4.756525146,0.441103595,,,35800,137.23,1292.6,
fewalter,425,,,,,,,,55.56548801,-9.452999004,9.653737836,5.872432472,53.88113275,7.812906183,-15.0986802,2.136957317,21.13942959,89.30194205,0.272212192,58.05887667,12.39460575,-8.832349387,-1.235261177,1.774,-0.804,3.725038716,0.272547296,,,35800,137.23,1292.6,
fewalter,426,,,,,,,,3.957423679,-15.14233638,17.83988983,4.750579141,8.940183564,0.604317184,-27.24818803,1.766932385,23.9420811,18.91196615,0.263021499,64.54630305,23.11075868,-5.720662245,-0.972442185,1.774,-0.804,4.770849156,0.587524024,,,35800,137.23,1292.6,
fewalter,427,,,,,,,,-1.274457298,-25.98632103,17.91023715,4.786286457,0.386249828,0.341965288,-16.13307739,3.446259964,30.0790014,18.79984059,4.628542732,61.0816592,73.07599749,0.179592877,1.482532553,1.774,-0.804,4.93295572,0.093056606,,,35800,137.23,1292.6,
fewalter,428,,,,,,,,55.36963132,3.814102836,9.912804585,75.6392055,8.314510946,8.482519938,-24.23669874,2.069575017,10.2856584,66.75671313,40.66148136,54.1854776,-0.37256592,-7.455599271,-1.229597769,1.774,-0.804,88.29152558,0.263672253,,,35800,137.23,1292.6,
fewalter,429,,,,,,,,-5.413679154,-12.82133976,16.10950616,3.646430355,12.04569164,-0.277867238,-15.46289305,1.921664136,32.130035,6.815271796,4.186303431,26.82763019,49.54682235,-16.25042451,-1.203332039,1.774,-0.804,20.44213378,0.919356079,,,35800,137.23,1292.6,
fewalter,430,,,,,,,,-3.263344133,-34.21816703,9.400490058,2.043755368,6.267874961,1.294229378,-14.47310669,1.87711981,19.23310299,53.50244841,-3.306347462,81.55359799,-1.2104,0.4454,31.53936935,1.774,-0.804,0.549731844,0.746700971,,,35800,137.23,1292.6,
fewalter,431,,,,,,,,52.12020455,-5.605449952,21.16731429,57.45885887,95.81965686,-11.12171272,-23.15605192,1.846744033,91.2155161,74.96023891,101.1463531,51.25498265,7.422103037,-28.90180891,9.713103681,1.774,-0.804,80.98468965,0.203272296,,,35800,137.23,1292.6,
fewalter,432,,,,,,,,35.28381789,-26.73999895,10.71083049,7.952289517,17.39491321,6.094699144,-16.68278581,5.779199981,13.92411061,64.79993546,-3.14112874,54.39334927,51.1014985,-16.466713,8.162391537,1.774,-0.804,90.64053014,0.855931809,,,35800,137.23,1292.6,
fewalter,433,,,,,,,,-1.334794668,-31.03638868,17.47573534,5.124518478,0.111772873,2.764366327,-29.66509073,2.107900821,29.67534316,71.47059186,-0.887744662,81.90727484,46.15087053,-26.9263645,2.193640222,1.774,-0.804,8.229431263,0.781507967,,,35800,137.23,1292.6,
fewalter,434,,,,,,,,-1.792472827,4.682963301,12.08591441,25.76054362,84.51820675,-5.453995405,-22.23211168,2.014895766,14.25349958,82.33964109,104.0413213,80.83043061,10.9086542,-32.06927829,31.90590699,1.774,-0.804,76.1367995,0.567476898,,,35800,137.23,1292.6,
fewalter,435,,,,,,,,55.96852106,-18.7575772,9.68201931,48.80243681,29.59794859,4.874820041,-23.02651573,2.090469111,4.09115869,33.44436824,9.781632365,46.3026866,7.764845083,-8.50105584,-1.250277566,1.774,-0.804,9.448602311,0.834899679,,,35800,137.23,1292.6,
fewalter,436,,,,,,,,43.89501992,-25.64824474,17.23930452,7.773891096,17.64947042,-5.040102112,-10.44647645,1.804637964,29.35161463,75.42630728,3.667438048,53.90227272,72.29564369,-28.70126903,-1.005215101,1.774,-0.804,0.609237685,0.313675411,,,35800,137.23,1292.6,
fewalter,437,,,,,,,,36.198871,-16.81241994,14.8434958,11.13380634,18.78213439,-2.799193779,-26.97212991,6.501869374,20.74479113,24.36984224,15.95823391,63.07039689,-0.87095064,-4.575595462,8.845136924,1.774,-0.804,11.51262512,0.126279542,,,35800,137.23,1292.6,
fewalter,438,,,,,,,,-8.263148046,-11.92387837,14.52787403,49.94993771,86.73912522,3.937383677,-27.41553785,1.889311511,82.36742042,9.586047492,52.00148844,51.88363968,4.474089314,-3.520567516,16.00314455,1.774,-0.804,23.91273279,0.813234487,,,35800,137.23,1292.6,
fewalter,439,,,,,,,,-6.462685531,-24.02310673,9.885874943,5.898644989,10.79108505,2.176411117,-14.47987738,1.765729764,50.82377067,90.48235488,0.404531621,72.84873805,35.18581935,-25.63296185,-1.019741861,1.774,-0.804,41.48631577,0.0382358,,,35800,137.23,1292.6,
fewalter,440,,,,,,,,11.93424689,3.487582472,21.22697828,41.32490562,4.494482674,-12.57703768,-37.66914889,2.118661923,19.5898434,9.403063243,89.61916928,62.20574114,9.360759787,-23.65415235,6.917007673,1.774,-0.804,92.18139867,0.122313339,,,35800,137.23,1292.6,
fewalter,441,,,,,,,,51.33540159,-42.86819205,9.617109026,31.24687858,86.10061936,5.152411506,-28.89855614,2.012477872,72.49809282,74.46435392,41.64156052,60.59275655,8.362541946,-29.71909084,9.617178496,1.774,-0.804,15.99006116,0.89635239,,,35800,137.23,1292.6,
fewalter,442,,,,,,,,15.70724195,-7.777895568,17.71674987,7.260251156,20.945963,0.279570843,-24.77164875,1.772453072,23.42667621,93.58881891,5.0793953,60.15180388,51.33768775,-1.443968402,-1.185048193,1.774,-0.804,4.22065048,0.887666972,,,35800,137.23,1292.6,
fewalter,443,,,,,,,,-10.18697926,-25.32345431,10.84843741,6.188745571,9.092561139,4.811507504,-23.67650908,2.099865332,90.60975328,87.87266868,4.347198575,53.5106874,7.780882219,-0.060714028,9.603330223,1.774,-0.804,25.25358552,0.618431113,,,35800,137.23,1292.6,
fewalter,444,,,,,,,,62.09336602,-19.86610437,9.434404149,70.33337584,13.49387123,3.984767173,-23.83803218,1.809960736,21.5547837,14.54634449,14.71547339,64.03540936,75.05181725,-7.708889813,2.17566762,1.774,-0.804,1.533171294,0.956934277,,,35800,137.23,1292.6,
fewalter,445,,,,,,,,41.57780756,-15.14233638,9.862805165,4.76558158,21.53396802,0.339981551,-23.6756378,1.76413855,4.209737151,18.91196615,0.263021499,55.2325047,78.87368948,-0.819408334,-0.78254554,1.774,-0.804,4.772604912,0.677009879,,,35800,137.23,1292.6,
fewalter,446,,,,,,,,57.98633412,-10.34500203,9.852659226,78.05443673,7.38226328,0.379382202,-15.22362854,3.283850909,77.39956414,27.86995824,71.1810896,71.94445451,8.610168759,-3.269392242,18.04899196,1.774,-0.804,64.32919867,0.913582993,,,35800,137.23,1292.6,
fewalter,447,,,,,,,,-2.472766877,-27.95735888,15.68092228,5.657247908,8.002264415,0.560729118,-15.6550202,1.787731179,21.24754259,73.48867498,-3.452050123,78.75218228,6.617988,-1.349446786,29.41356745,1.774,-0.804,3.165195782,0.858007868,,,35800,137.23,1292.6,
fewalter,448,,,,,,,,3.957423679,-9.196081916,36.6563842,7.124806134,8.310237218,0.427015814,-24.70967802,1.766740747,21.99931055,28.82483155,0.094693399,62.05821656,73.12034793,-18.67144801,-0.781746077,1.774,-0.804,3.654530448,0.292099247,,,35800,137.23,1292.6,
fewalter,449,,,,,,,,43.31407439,-14.89751957,17.84460492,7.742454029,17.12557783,7.426491162,-16.27273055,1.867690492,23.14086145,22.34925226,-0.829708331,25.73493158,-1.001598513,-3.460831558,-1.273263727,1.774,-0.804,6.325849343,0.900698641,,,35800,137.23,1292.6,
fewalter,450,,,,,,,,3.957423679,-24.46258868,14.52993718,5.802934592,0.294672872,0.546029397,-25.10659601,2.554835575,24.03405245,22.8297635,4.616948133,52.94704784,7.151734989,-3.177710585,-0.783982128,1.774,-0.804,4.390562191,0.026101757,,,35800,137.23,1292.6,
fewalter,451,,,,,,,,12.4860527,-24.56671863,19.99430056,5.46178349,0,7.781820487,-28.67952317,1.874863495,10.87893197,88.67860224,-2.264953428,50.02732004,6.448755137,0.436452279,-1.006336843,1.774,-0.804,6.212433571,0.511065577,,,35800,137.23,1292.6,
fewalter,452,,,,,,,,59.61859758,-39.25153003,9.634668674,9.971427217,52.13805825,-12.05514792,-6.747469187,2.063327596,80.0135058,52.54053001,37.4988567,81.88547208,0.211997388,-25.82744771,2.165162277,1.774,-0.804,16.12773703,0.768611801,,,35800,137.23,1292.6,
fewalter,453,,,,,,,,53.40118468,-29.09532951,9.377469924,76.62640615,6.007403622,-4.342436756,-23.28285819,2.016401177,78.9423282,88.64554472,10.97471466,69.7759521,1.430954885,-4.986854336,-1.003030868,1.774,-0.804,1.186316011,0.813275545,,,35800,137.23,1292.6,
fewalter,454,,,,,,,,29.5527524,4.672265473,20.99983942,75.63498689,94.32296507,2.882354534,-19.77695351,2.071299775,88.85400509,41.41406253,119.0202532,72.49471156,5.964823758,-42.97792679,12.99158802,1.774,-0.804,91.36486027,0.611437265,,,35800,137.23,1292.6,
fewalter,455,,,,,,,,45.20950863,-36.38927717,11.40839571,7.731066803,20.05077867,-2.908808955,-29.61671177,5.730873407,35.94646895,21.74221116,-3.468336517,34.34237043,1.369453125,-28.62930927,7.124201027,1.774,-0.804,13.17780812,0.490521937,,,35800,137.23,1292.6,
fewalter,456,,,,,,,,60.47741612,-13.53973018,16.18038599,10.76293844,3.794835527,-10.87028764,-23.14145431,2.556330641,77.69740444,24.41050145,8.077665143,67.07640237,50.76071698,-1.329169176,9.876297883,1.774,-0.804,18.89348861,0.136049475,,,35800,137.23,1292.6,
fewalter,457,,,,,,,,54.94498586,-18.65018739,9.595721608,9.683789037,16.87972887,-0.386191009,-24.59321298,2.016979707,9.281213084,59.20433479,0.222244692,60.54161149,50.91562035,-2.136786286,-0.518269963,1.774,-0.804,2.068952775,0.117320888,,,35800,137.23,1292.6,
fewalter,458,,,,,,,,-6.462685531,-24.300483,9.885874943,6.93346373,7.897954681,2.176411117,-14.47987738,1.765729764,51.44329194,22.0530611,-0.119110201,64.34483995,35.18581935,-25.63384121,-1.019741861,1.774,-0.804,41.82023849,0.053715931,,,35800,137.23,1292.6,
fewalter,459,,,,,,,,15.15355711,-13.86196378,10.5898962,49.24529027,32.71071904,-0.081500987,-19.23987888,2.161219827,78.75133356,93.05733327,54.27508362,71.35671343,8.386336582,-3.056214285,26.77400158,1.774,-0.804,24.48661292,0.815647551,,,35800,137.23,1292.6,
fewalter,460,,,,,,,,5.488454183,4.560262859,20.67624331,43.65393749,33.91962901,-0.360185063,-23.88725406,1.773677396,89.20676728,68.32208725,88.86305613,57.5558567,6.181459273,-25.20565242,9.925981632,1.774,-0.804,89.27210377,0.1228706,,,35800,137.23,1292.6,
fewalter,461,,,,,,,,55.56548801,-3.079165597,9.681048937,79.21186098,53.13353582,-0.032906501,-23.02651573,2.011179168,29.15241086,87.89882925,8.831683222,64.05785267,7.764845083,-8.50105584,-1.250277566,1.774,-0.804,1.374258653,0.72137433,,,35800,137.23,1292.6,
fewalter,462,,,,,,,,58.94062832,-25.63179921,14.42000344,49.75504529,17.81929218,-5.29505862,-33.74081852,6.355546101,34.55547164,75.29723189,2.006362197,51.9274962,72.91339646,-28.70126903,-0.402077179,1.774,-0.804,1.633686107,0.229072792,,,35800,137.23,1292.6,
fewalter,463,,,,,,,,15.93270813,-7.777907797,11.22554133,7.040524977,28.87747457,-5.20622006,-14.94609715,1.772098208,32.6374435,95.29483909,2.797718469,60.44170531,51.32836054,-16.85443628,-1.394528742,1.774,-0.804,67.16127946,0.875459994,,,35800,137.23,1292.6,
fewalter,464,,,,,,,,4.042210322,-18.02724947,12.41160944,8.082614727,0,10.45550668,-28.92924419,5.425957849,81.09750676,72.45003285,-1.020920249,54.49380904,48.13020907,-31.86868675,13.873997,1.774,-0.804,11.50697173,0.913842201,,,35800,137.23,1292.6,
fewalter,465,,,,,,,,3.301822712,-24.86458067,14.43835126,5.313400991,0.547106174,-3.045408456,-14.51956369,1.760562547,21.8416767,19.06888549,0.247779523,53.93190167,78.78656364,0.270468028,-0.14953157,1.774,-0.804,2.984006168,0.434394292,,,35800,137.23,1292.6,
fewalter,466,,,,,,,,2.118555379,-20.97328532,17.83686732,4.488358914,0.707216782,0.392464965,-27.01311452,1.881472258,17.66617388,25.22133251,0.281395423,61.77275857,78.86922459,-30.37692288,-1.373962804,1.774,-0.804,4.772604912,0.454281004,,,35800,137.23,1292.6,
fewalter,467,,,,,,,,57.85661469,-13.75537742,9.590465417,35.68523686,17.67019439,-10.72970129,-28.58879115,9.127224724,58.61822148,18.98939487,4.545839255,64.4791284,21.83503589,-1.095560175,-0.912401392,1.774,-0.804,2.578197581,0.945282369,,,35800,137.23,1292.6,
fewalter,468,,,,,,,,59.55626597,-42.86819205,9.253414356,8.232978512,87.49561922,5.150096726,-27.47743888,2.071805018,20.78190703,89.6102602,41.64156052,51.46983155,6.081911683,-25.45162802,-1.143195622,1.774,-0.804,14.46518469,0.899038795,,,35800,137.23,1292.6,
fewalter,469,,,,,,,,56.54876072,-24.29419527,8.988373315,8.042049906,17.66397648,-5.087181261,-13.72781876,6.667821416,32.63335958,74.12063672,-3.343961976,71.89737875,74.62544463,-20.82925291,17.91539096,1.774,-0.804,0.618761354,0.223975341,,,35800,137.23,1292.6,
fewalter,470,,,,,,,,1.779057217,-12.82865104,18.23603325,4.557958841,3.32935188,8.150261153,-8.387770377,2.00513745,4.548622182,92.58263361,2.233519693,75.23375013,37.38637062,-26.1718457,-1.121637684,1.774,-0.804,0,0.271105852,,,35800,137.23,1292.6,
fewalter,471,,,,,,,,3.958338789,-24.4259806,17.90630903,7.680348891,0.964718762,0.318454629,-27.13684099,1.770267591,24.03405245,22.35125599,4.616948133,61.14810522,-0.204692146,-0.912957196,-0.783152923,1.774,-0.804,3.799172791,0.873637963,,,35800,137.23,1292.6,
fewalter,472,,,,,,,,57.37555503,-8.885285407,9.403397316,33.4823951,21.38055526,-3.346449741,-24.11548521,4.857367872,9.891099859,83.15709273,0.809499779,16.73026912,57.94730424,-6.906641537,1.658352095,1.774,-0.804,3.156879368,0.89823721,,,35800,137.23,1292.6,
fewalter,473,,,,,,,,54.36278382,-38.10576853,9.531702684,29.87754381,55.74793604,4.746962272,-35.50998683,2.093684373,60.01154225,79.27591861,42.41814414,83.87419329,4.927134251,-32.16565909,1.508880826,1.774,-0.804,11.01842241,0.730036972,,,35800,137.23,1292.6,
fewalter,474,,,,,,,,3.566831173,-15.00176887,10.61696662,8.097930966,3.438686671,2.658981749,-21.8774271,2.019925022,17.871447,89.31649189,-1.019103997,59.98114976,30.68152329,-30.25800337,-0.542529005,1.774,-0.804,8.337311159,0.083494314,,,35800,137.23,1292.6,
fewalter,475,,,,,,,,4.300092196,-7.778577915,18.23644477,4.76558158,9.764640055,0.27376524,-27.24818803,1.766529343,24.03405245,18.91196615,0.263021499,47.32528108,82.80736562,-0.912957196,-0.78254554,1.774,-0.804,4.772604912,0.083494314,,,35800,137.23,1292.6,
fewalter,476,,,,,,,,55.90338878,-14.54079383,9.139166735,8.673765171,31.47545698,4.152529669,-14.96745171,2.014056158,25.00212745,93.45350316,4.214925846,53.7767453,32.61904942,-0.35846921,1.687624388,1.774,-0.804,1.137162402,0.648091031,,,35800,137.23,1292.6,
fewalter,477,,,,,,,,-9.186307358,-11.13173247,14.52787403,49.94792073,32.29586332,3.896728561,-27.41553785,1.889311511,82.36742042,9.586047492,54.26751571,51.83287613,4.489699363,-3.520567516,16.00314455,1.774,-0.804,23.87319316,0.813234487,,,35800,137.23,1292.6,
fewalter,478,,,,,,,,58.80132718,-4.453616112,17.57160482,8.710106377,1.925916978,8.020791645,-10.59065691,7.047300411,29.56610041,22.7540013,9.505540209,70.1449877,53.78489223,-23.37662434,14.76022196,1.774,-0.804,23.32398821,0.294312642,,,35800,137.23,1292.6,
fewalter,479,,,,,,,,43.31407439,-14.72147415,14.52235767,7.772971188,27.27271152,0.826642718,-36.45609165,1.760918669,24.71045589,74.85012094,3.840631578,82.90512584,6.251636545,-26.16497086,7.517260702,1.774,-0.804,19.70956125,0.574807191,,,35800,137.23,1292.6,
fewalter,480,,,,,,,,60.26115714,-13.16255283,16.18038599,10.76293844,3.794835527,-0.413738667,-23.3021043,2.680052748,60.9274996,20.95873325,4.766242477,68.09326067,49.10295637,-5.989014981,9.709310236,1.774,-0.804,12.08497196,0.265350861,,,35800,137.23,1292.6,
fewalter,481,,,,,,,,5.218789865,3.383292451,20.67624331,31.73719432,32.36040526,-0.699768135,-23.90118867,2.07642294,79.02653975,26.95552118,88.81580215,57.32545046,16.03848202,-24.82461382,9.80422053,1.774,-0.804,89.22341466,0.3007143,,,35800,137.23,1292.6,
fewalter,482,,,,,,,,60.18431294,-23.22101132,20.89884657,28.18055059,96.84059928,2.008493901,-23.21158685,2.181335169,61.31039364,75.40408702,99.10154992,64.47682401,8.457522434,-25.4258478,9.499320348,1.774,-0.804,81.23820581,0.051616693,,,35800,137.23,1292.6,
fewalter,483,,,,,,,,-7.34880449,-26.10356207,10.80213629,7.887771274,3.663221911,-2.815073574,3.872619651,2.073759033,20.73500228,80.36981671,1.784167231,81.54341892,3.925960371,-6.036637841,16.50856032,1.774,-0.804,33.32823147,0.812049337,,,35800,137.23,1292.6,
fewalter,484,,,,,,,,53.39674589,-18.17121339,9.391019311,75.20952142,9.046474382,0.219547238,-27.34555135,1.762551673,23.409365,17.44904707,7.521606543,52.11277528,64.45597899,-2.108282242,-0.765619221,1.774,-0.804,4.993643417,0.092862568,,,35800,137.23,1292.6,
fewalter,485,,,,,,,,69.9575538,-13.61983506,9.068777458,7.159366826,41.14529592,-11.67961679,2.820061279,6.903154604,23.54385486,72.27306217,76.87941229,54.96321289,72.42439333,-28.75872765,17.03775373,1.774,-0.804,3.934345313,0.569926713,,,35800,137.23,1292.6,
fewalter,486,,,,,,,,-3.324290959,-25.94706415,9.400490058,2.043755368,6.267874961,1.294229378,-14.45399407,1.861970543,19.23310299,18.66516917,5.363534554,81.55359799,71.78429555,0.437624997,31.53936935,1.774,-0.804,0.549731844,0.664978818,,,35800,137.23,1292.6,
fewalter,487,,,,,,,,2.483916055,-24.27340358,19.94418362,5.304400674,0,2.194755205,-28.67952317,1.879181941,23.14399086,13.19915103,-3.338410945,73.88428957,6.437866714,0.4454,31.14397713,1.774,-0.804,6.307081573,0.122420745,,,35800,137.23,1292.6,
fewalter,488,,,,,,,,55.85901059,-14.48725046,16.85559152,7.938043296,32.58712816,-5.044616454,-13.9565166,4.887481086,30.2690857,88.71841034,3.701849114,53.98356407,45.76220958,-1.591827851,25.66920989,1.774,-0.804,51.02238292,0.223661617,,,35800,137.23,1292.6,
fewalter,489,,,,,,,,-7.28280708,-34.73843284,11.22554133,5.928933207,10.75019015,0.258684753,-13.93337861,1.773790644,32.68448741,72.48143343,4.323700523,80.21181038,50.47371478,-25.305721,-1.185048193,1.774,-0.804,53.1168111,0.219338279,,,35800,137.23,1292.6,
fewalter,490,,,,,,,,51.52703701,-9.515157502,21.22697828,43.89857024,92.15156653,-1.682214502,-23.49269225,1.768273417,2.873685469,84.91706742,89.64452989,62.28760445,8.874954435,-25.61064697,6.917007673,1.774,-0.804,91.80532173,0.122313339,,,35800,137.23,1292.6,
fewalter,491,,,,,,,,15.78584391,-26.37179323,17.95929228,7.307379808,0.697956533,7.696040041,-30.14254769,1.767232938,17.44572063,18.92948498,7.529570503,81.64268887,6.434927674,-1.791138577,-0.212831335,1.774,-0.804,22.32721699,0.085375994,,,35800,137.23,1292.6,
fewalter,492,,,,,,,,53.79072953,-41.90716315,17.20139996,5.913908212,7.093426191,-3.130909562,-8.208273906,2.692780604,29.17860746,88.87762469,4.558324155,64.67374436,22.27063543,-3.9319363,-0.989784842,1.774,-0.804,31.99352185,0.302777812,,,35800,137.23,1292.6,
fewalter,493,,,,,,,,56.54876072,-24.29419527,8.988373315,8.042049906,17.66397648,-5.087181261,-13.72781876,6.667821416,32.63335958,74.12063672,-3.343961976,53.34604438,74.62544463,-20.82925291,17.91539096,1.774,-0.804,0.618761354,0.223975341,,,35800,137.23,1292.6,
fewalter,494,,,,,,,,-10.18697926,-25.32345431,11.20323802,6.188745571,9.092561139,4.811507504,-15.11402737,2.099865332,20.78181584,87.87266868,4.347198575,20.31105683,7.780882219,-0.060714028,-0.989441381,1.774,-0.804,25.25358552,0.368920875,,,35800,137.23,1292.6,
fewalter,495,,,,,,,,55.56548801,-20.79646781,9.652896882,50.10583682,26.73701346,4.850565622,-22.30960326,2.097496345,21.31678802,68.92619996,8.733729852,80.09135502,8.347225196,-6.180896667,1.940255707,1.774,-0.804,1.244689432,0.234473306,,,35800,137.23,1292.6,
fewalter,496,,,,,,,,13.70460711,-11.92387837,14.52787403,49.94565368,86.73912522,0.371481306,-45.05206171,1.956580087,82.36742042,10.80480747,52.06660786,52.50139994,0.990194666,-19.37898273,17.65459851,1.774,-0.804,64.28152123,0.813234487,,,35800,137.23,1292.6,
fewalter,497,,,,,,,,58.6018266,-4.700833674,17.32394537,9.13463064,1.611511134,8.040816019,-10.26924901,6.983359126,29.13614545,23.00298256,9.251674068,70.42937619,54.1210644,-23.1135236,22.12167752,1.774,-0.804,35.10569427,0.751844314,,,35800,137.23,1292.6,
fewalter,498,,,,,,,,-9.186307358,-11.13173247,14.52787403,49.94792073,32.29586332,3.896728561,-27.41553785,1.889311511,82.36742042,9.586047492,54.26751571,51.83287613,4.489699363,-3.520567516,16.00314455,1.774,-0.804,23.87319316,0.71859889,,,35800,137.23,1292.6,
fewalter,499,,,,,,,,-9.074129192,-34.73843284,11.22554133,5.928933207,10.75019015,0.258684753,-13.93337861,1.773790644,32.68448741,72.48143343,4.323700523,80.21181038,50.47371478,-25.305721,-1.185048193,1.774,-0.804,53.1168111,0.219338279,,,35800,137.23,1292.6,
fewalter,500,,,,,,,,58.94062832,-24.30926211,8.96273814,7.781992912,17.63118173,-5.040102112,-33.76471378,6.667821416,32.2798386,74.12063672,-3.343961976,71.89737875,73.6959766,-28.70126903,29.19762462,1.774,-0.804,11.5341269,0.221795722,,,35800,137.23,1292.6,
fewalter,501,,,,,,,,46.34440266,-23.72596325,14.52235767,5.891417479,24.28070343,-0.022468158,-16.55428916,1.765005005,90.2946843,22.82775977,-0.829708331,71.68978722,35.50096113,-8.324942307,-1.342397319,1.774,-0.804,1.387081988,0.608025202,,,35800,137.23,1292.6,
fewalter,502,,,,,,,,49.4832876,-10.60054506,9.365552725,77.83127255,65.18582957,4.971851808,-23.46702626,2.023470357,87.6925682,48.91640886,3.715215185,57.31568902,-0.786743388,-0.064337806,1.608888003,1.774,-0.804,2.927541064,0.069398808,,,35800,137.23,1292.6,
fewalter,503,,,,,,,,15.70724195,-6.43497496,17.9582233,5.91022644,14.75239107,-0.024291439,-23.30309358,1.797833401,11.4667558,85.92372697,5.0793953,83.62013673,51.33768775,-0.501521709,-1.185048193,1.774,-0.804,4.331376181,0.884525653,,,35800,137.23,1292.6,
fewalter,504,,,,,,,,41.50480473,-31.71081847,11.62174083,4.780014981,31.8029855,-0.120060391,-24.72672976,1.778487699,35.7579951,74.20725514,-0.19937304,58.49816117,67.51727019,-27.00078391,-0.761716487,1.774,-0.804,6.812232974,0.083134701,,,35800,137.23,1292.6,
fewalter,505,,,,,,,,2.118555379,-20.97328532,17.83686732,4.488358914,0.707216782,0.392464965,-27.01311452,1.881472258,17.66617388,25.22133251,0.281395423,61.77275857,78.86922459,-30.37692288,-1.373962804,1.774,-0.804,4.772604912,0.576637831,,,35800,137.23,1292.6,
fewalter,506,,,,,,,,60.18431294,-22.67452975,20.89884657,44.47530024,96.84059928,-12.46189848,-23.92841035,1.760561095,61.31039364,75.40408702,92.85899659,64.47682401,8.502178702,-25.60657816,9.499320348,1.774,-0.804,91.04746463,0.710018307,,,35800,137.23,1292.6,
fewalter,507,,,,,,,,33.35971891,-33.15491515,9.954566276,40.3065881,8.191586713,6.3559507,-23.08255717,7.547495103,6.873287098,19.12776538,2.826353744,39.05808281,-0.224438276,-6.738126376,1.582784131,1.774,-0.804,1.261647028,0.089655104,,,35800,137.23,1292.6,
fewalter,508,,,,,,,,3.975222185,-31.03638868,10.64949372,5.242023825,0,-4.905461228,-20.81434934,2.107900821,29.48485376,74.09867447,-0.619079974,77.85136147,77.61827499,-32.02181128,0.770626016,1.774,-0.804,9.40673096,0.781507967,,,35800,137.23,1292.6,
fewalter,509,,,,,,,,-8.20238642,-26.80363841,10.61395144,6.686999824,3.754545778,-1.894530305,3.576887475,1.76,21.63544749,80.67934722,0.535345471,81.7690713,3.375736863,-6.340590333,17.60280664,1.774,-0.804,31.95714813,0.801627257,,,35800,137.23,1292.6,
fewalter,510,,,,,,,,57.82463938,-20.58429369,21.16731429,28.50324987,7.423160981,-10.37658364,-23.15447925,1.964206137,93.92937239,87.16878161,92.56879489,54.16860173,8.502178702,-25.72994846,9.725018403,1.774,-0.804,81.1877149,0.445672532,,,35800,137.23,1292.6,
fewalter,511,,,,,,,,4.120464186,-16.66418092,17.95444728,7.342341805,0,-3.93432117,-24.33531202,1.847233798,30.01682428,88.31475213,4.089973031,21.66325284,52.08385739,-0.149270007,2.369614351,1.774,-0.804,12.62118588,0.443408892,,,35800,137.23,1292.6,
fewalter,512,,,,,,,,57.62719515,-18.17121339,9.391019311,75.20952142,9.046474382,0.219547238,-27.34555135,1.762551673,23.409365,17.44904707,7.521606543,52.11277528,64.45597899,-2.332871852,-0.765619221,1.774,-0.804,4.993643417,0.092862568,,,35800,137.23,1292.6,
fewalter,513,,,,,,,,52.96315781,-23.12773237,18.490948,5.917861503,35.16929348,5.529347423,-14.47579834,1.768095912,87.33677332,53.82699615,2.679845326,4.710955658,47.81556469,-3.600510301,1.592067302,1.774,-0.804,23.32404765,0.294963137,,,35800,137.23,1292.6,
fewalter,514,,,,,,,,51.33540159,-42.86819205,9.617109026,31.24687858,94.34259313,5.152411506,-26.28012208,2.012477872,72.49809282,74.46435392,41.64156052,60.59275655,8.362541946,-29.71909084,9.617178496,1.774,-0.804,15.99006116,0.252979788,,,35800,137.23,1292.6,
fewalter,515,,,,,,,,57.73816451,-4.371138763,17.64379303,8.785560824,1.862426231,7.869336066,-28.41297675,7.431048323,32.23427329,90.49680906,4.187152362,1.233963856,36.23063038,-1.226602642,-1.344669505,1.774,-0.804,15.64092221,0.379902586,,,35800,137.23,1292.6,
fewalter,516,,,,,,,,43.31407439,-14.72905896,14.52235767,7.742454029,24.28070343,-0.022468158,-16.20979654,1.771994177,24.47733494,22.82775977,-0.829708331,71.68978722,30.72619212,-3.455438479,6.973050154,1.774,-0.804,1.387081988,0.573605552,,,35800,137.23,1292.6,
fewalter,517,,,,,,,,1.779057217,-12.82865104,17.48472324,4.557958841,3.32935188,7.918629092,-7.310535095,2.659910414,22.99783657,92.58263361,2.240748644,73.81940267,37.38637062,-6.325169406,-1.121637684,1.774,-0.804,0,0.556665442,,,35800,137.23,1292.6,
fewalter,518,,,,,,,,53.40118468,-29.09532951,9.377469924,76.62640615,6.007403622,-4.342436756,-23.28285819,2.016401177,78.9423282,88.64554472,10.97471466,69.7759521,1.430954885,-4.986854336,-1.003030868,1.774,-0.804,1.186316011,0.764244411,,,35800,137.23,1292.6,
fewalter,519,,,,,,,,55.45510246,-12.65267376,9.136097813,77.26374588,9.07435703,6.448452585,-25.00672058,7.528444119,24.64961812,20.93562316,4.537316247,72.82300438,0.073604358,-7.698694325,1.575088229,1.774,-0.804,18.24751126,0.160634791,,,35800,137.23,1292.6,
fewalter,520,,,,,,,,58.4669318,-27.32015648,17.27451752,7.781992912,17.63118173,-5.0326682,-9.954687576,6.537846594,65.63943962,52.09726732,4.599750646,20.83762655,73.77777819,-28.70126903,-1.393444228,1.774,-0.804,0.609237685,0.260348067,,,35800,137.23,1292.6,
fewalter,521,,,,,,,,4.275050204,-16.33232582,18.24052927,8.077918432,8.50331601,0.27376524,-23.17246837,1.851986946,88.26514396,75.40715364,3.688067762,46.90490544,78.11189227,-0.912957196,1.515922793,1.774,-0.804,80.23181164,0.546934841,,,35800,137.23,1292.6,
fewalter,522,,,,,,,,15.70724195,-6.43497496,17.9582233,5.91022644,14.75239107,-0.024291439,-29.72660504,1.797833401,11.4667558,58.13681169,5.0793953,61.09473985,51.33768775,-0.004253482,25.22870155,1.774,-0.804,4.175542403,0.884525653,,,35800,137.23,1292.6,
fewalter,523,,,,,,,,43.89501992,-25.64824474,17.23930452,7.773891096,17.64947042,-5.040102112,-10.44647645,1.804637964,29.35161463,75.42630728,3.667438048,53.90227272,72.29564369,-4.576115157,-1.005215101,1.774,-0.804,0.609237685,0.841243084,,,35800,137.23,1292.6,
fewalter,524,,,,,,,,15.78584391,-26.37179323,17.95929228,7.307379808,0.697956533,-6.736877778,-13.05204235,1.785112249,17.44572063,18.92948498,-1.314664244,81.64268887,56.99941736,-31.45239076,17.32389167,1.774,-0.804,57.23468233,0.081922999,,,35800,137.23,1292.6,
fewalter,525,,,,,,,,-5.922329061,-22.72381307,10.52945177,7.782931053,5.897447079,-3.136270627,-18.44002468,1.900995379,23.70330034,89.95248106,7.604369537,67.98904525,31.49098717,-41.70653672,-0.916195568,1.774,-0.804,0.818788738,0.303311025,,,35800,137.23,1292.6,
fewalter,526,,,,,,,,21.59761119,-24.46258868,14.52993718,5.802934592,0.294672872,0.546029397,-25.10659601,2.554835575,24.03405245,22.8297635,4.616948133,52.94704784,7.151734989,-3.177710585,-0.783982128,1.774,-0.804,4.390562191,0.026101757,,,35800,137.23,1292.6,
fewalter,527,,,,,,,,-4.384587117,4.615202286,9.428668927,27.51387763,84.40750988,-1.539436846,-21.80811424,2.014917229,24.19148571,82.32731878,104.0413213,80.87383803,2.940333504,-30.8330489,30.8739194,1.774,-0.804,76.62135235,0.709084191,,,35800,137.23,1292.6,
fewalter,528,,,,,,,,43.89501992,-25.64824474,17.23930452,7.773891096,17.64947042,-5.040102112,-10.44647645,1.804637964,29.35161463,75.42630728,3.667438048,53.90227272,30.99414147,-28.70126903,-1.005215101,1.774,-0.804,0.609237685,0.313675411,,,35800,137.23,1292.6,
fewalter,529,,,,,,,,3.333159637,-13.56408065,11.22316204,6.829321921,2.550446955,6.610315159,-24.54659002,2.137257557,30.20068935,74.18001985,0.287605994,61.22554109,79.17331489,-25.961615,26.88372955,1.774,-0.804,5.005459793,0.883772664,,,35800,137.23,1292.6,
fewalter,530,,,,,,,,55.45510246,-12.65267376,9.136097813,77.26374588,9.07435703,6.448452585,-25.00672058,7.528444119,24.64961812,20.93562316,4.537316247,21.39772732,0.073604358,-7.698694325,1.575088229,1.774,-0.804,18.24751126,0.160634791,,,35800,137.23,1292.6,
fewalter,531,,,,,,,,3.975222185,-20.66879604,17.47740701,5.662122017,0,-5.2032248,-38.95859465,2.108371744,29.67534316,73.67191396,1.019655173,60.34715554,74.73838541,-2.090951916,0.398476869,1.774,-0.804,11.56884089,0.781507967,,,35800,137.23,1292.6,
fewalter,532,,,,,,,,51.52703701,-9.515157502,21.22697828,43.89857024,92.15156653,-2.402226224,-23.49269225,1.768273417,2.873685469,84.91706742,89.64452989,62.28760445,8.874954435,-25.61064697,6.917007673,1.774,-0.804,91.80532173,0.405151755,,,35800,137.23,1292.6,
fewalter,533,,,,,,,,60.47741612,-13.53973018,16.18038599,10.76293844,3.794835527,-10.87028764,-23.14145431,2.556330641,77.69740444,24.41050145,8.077665143,67.07640237,53.13870753,-1.329169176,9.876297883,1.774,-0.804,18.89348861,0.136049475,,,35800,137.23,1292.6,
fewalter,534,,,,,,,,4.173184382,-14.95036297,9.588056187,8.123712871,0,-6.214720042,-14.24116087,5.674816528,29.47757379,75.82786168,3.863629086,49.92778209,76.75294557,-34.10248199,-0.852999683,1.774,-0.804,2.010268545,0.921049442,,,35800,137.23,1292.6,
fewalter,535,,,,,,,,15.70724195,-13.83826192,17.9582233,5.91022644,14.75239107,-0.024291439,-29.72660504,1.797833401,11.4667558,58.13681169,5.0793953,61.09473985,51.33768775,-0.004253482,-1.185048193,1.774,-0.804,4.175542403,0.884525653,,,35800,137.23,1292.6,
fewalter,536,,,,,,,,57.73816451,-4.371138763,17.64379303,8.785560824,1.862426231,7.869336066,-28.41297675,7.431048323,24.6737887,90.49680906,4.187152362,29.62085833,36.23063038,-1.226602642,-1.344669505,1.774,-0.804,15.64092221,0.216201991,,,35800,137.23,1292.6,
fewalter,537,,,,,,,,4.042210322,-18.02724947,12.41160944,8.082614727,0,10.45550668,-28.92924419,5.425957849,81.09750676,72.45003285,-1.020920249,54.49380904,48.13020907,-31.86868675,13.873997,1.774,-0.804,25.70573518,0.913842201,,,35800,137.23,1292.6,
fewalter,538,,,,,,,,16.04324405,-7.777895568,17.9582233,7.043445166,16.53571594,-6.498190483,-14.68419138,1.772020718,46.36944855,26.95437411,3.848640019,73.55311168,67.70258793,-0.00425962,0.687622458,1.774,-0.804,3.842579057,0.748186554,,,35800,137.23,1292.6,
fewalter,539,,,,,,,,55.56548801,-18.72710249,9.617870633,79.11960216,53.29092531,4.797669702,-23.31692619,2.047516615,30.85788538,87.89882925,9.705017974,63.62940251,7.764845083,-8.50105584,-1.255342365,1.774,-0.804,1.374258653,0.213580403,,,35800,137.23,1292.6,
fewalter,540,,,,,,,,4.042210322,-18.02724947,12.41160944,8.082614727,0,10.45550668,-28.92924419,5.425957849,81.09750676,72.45003285,-1.020920249,54.49380904,48.13020907,-8.058958776,13.873997,1.774,-0.804,11.50697173,0.913842201,,,35800,137.23,1292.6,
fewalter,541,,,,,,,,16.03858134,-7.778577915,11.23144834,7.70254062,24.48100721,0.281020682,-14.76597832,1.771939743,28.65043592,90.02910543,4.239505582,61.09473985,51.24205803,-1.032342387,-1.185048193,1.774,-0.804,3.829128946,0.52348084,,,35800,137.23,1292.6,
fewalter,542,,,,,,,,48.61401797,-21.04551174,18.01122414,7.964245018,25.72592344,0.58947058,-14.68419138,1.772020718,29.73884018,26.95437411,3.848640019,80.76162924,27.46056813,-0.00425962,8.286401483,1.774,-0.804,3.842579057,0.754281151,,,35800,137.23,1292.6,
fewalter,543,,,,,,,,45.43353265,-19.98347632,9.623360774,5.854266937,53.13353582,4.850565622,-23.02651573,2.106495845,21.81240655,19.14069089,5.732979006,57.28675946,42.70473228,-8.650466829,-1.151481771,1.774,-0.804,1.55377747,0.469472071,,,35800,137.23,1292.6,
fewalter,544,,,,,,,,43.11769429,-23.91905408,14.52966403,7.742454029,24.28070343,-0.022468158,-24.14146624,1.771994177,24.48524384,22.82775977,-0.829708331,24.40655704,-0.257228543,-3.455438479,6.977663401,1.774,-0.804,1.404392661,0.573605552,,,35800,137.23,1292.6,
fewalter,545,,,,,,,,4.042210322,-34.2330955,12.41160944,8.082614727,0.311403367,5.04429404,-28.92924419,5.425957849,81.09750676,72.45003285,9.427981954,54.49380904,46.31021294,-3.587729862,14.82837303,1.774,-0.804,0.929225284,0.881306974,,,35800,137.23,1292.6,
fewalter,546,,,,,,,,3.975222185,-20.66879604,17.47740701,5.662122017,0.034321744,2.372350248,-39.21767548,2.09744584,28.71380186,88.88585406,1.019655173,56.22587664,74.73838541,-2.090951916,0.399520749,1.774,-0.804,1.402368903,0.784662633,,,35800,137.23,1292.6,
fewalter,547,,,,,,,,44.16596128,-14.89751957,17.80541248,7.674727695,17.12557783,7.773740073,-16.32667887,1.876256154,23.14086145,21.81587033,-2.609646643,25.73493158,-1.001598513,-3.460831558,-1.273263727,1.774,-0.804,6.216146944,0.900698641,,,35800,137.23,1292.6,
fewalter,548,,,,,,,,52.9250475,-14.80871478,10.00702705,77.41892848,22.23025525,3.603244583,-23.74411737,3.501343466,4.244191591,20.18028103,7.273623442,55.10919607,79.44771418,-0.742812724,1.740351714,1.774,-0.804,3.330762278,0.722609635,,,35800,137.23,1292.6,
fewalter,549,,,,,,,,1.917776043,5.163015494,21.22235911,43.91469063,79.55576866,-10.99263499,-23.15763065,1.768273794,99.54425767,18.08658377,92.46698721,62.20574114,8.396503975,-23.71590121,6.512705426,1.774,-0.804,91.07543993,0.122313339,,,35800,137.23,1292.6,
fewalter,550,,,,,,,,5.488524429,-20.97328532,17.81780032,4.481844185,1.080664932,0.336423808,-15.39648183,1.765675265,20.37103957,73.02526263,2.488322136,61.77455746,80.37585071,-28.65742505,-0.254119018,1.774,-0.804,74.96870396,0.452088809,,,35800,137.23,1292.6,
fewalter,551,,,,,,,,-3.310211128,-31.11738983,9.885168796,1.891638019,6.422355803,0.233350761,-15.394845,1.858872196,21.65810906,50.57037674,5.68620851,78.69906919,72.22941739,0.439053683,29.3419881,1.774,-0.804,2.969784602,0.664634314,,,35800,137.23,1292.6,
fewalter,552,,,,,,,,-2.113942022,-28.22098982,15.897383,4.753263792,9.069892944,0.514198754,-15.6550202,1.787731179,21.24754259,50.57037674,-0.957143127,78.75218228,8.461617363,-20.93011809,18.55295648,1.774,-0.804,3.165195782,0.858311064,,,35800,137.23,1292.6,
fewalter,553,,,,,,,,2.073369963,-20.97328532,17.83686732,4.488358914,0.707216782,0.392464965,-27.72686345,1.881472258,17.63538783,25.22133251,-1.531306173,63.54167254,78.86922459,-30.40344919,-1.373962804,1.774,-0.804,4.772604912,0.760633517,,,35800,137.23,1292.6,
fewalter,554,,,,,,,,57.10835265,-4.371138763,17.64379303,8.778102211,1.862426231,7.869336066,1.268625101,7.431048323,32.23427329,90.49680906,4.187152362,1.824398468,13.04024507,-1.226602642,-1.344669505,1.774,-0.804,1.236681218,0.216201991,,,35800,137.23,1292.6,
fewalter,555,,,,,,,,62.17885209,-41.90677959,9.434404149,69.93119086,13.49387123,3.984767173,-23.83803218,1.809960736,21.61026253,14.54634449,14.71547339,64.03540936,75.05181725,-7.134791177,2.17566762,1.774,-0.804,1.708517711,0.926664242,,,35800,137.23,1292.6,
fewalter,556,,,,,,,,-9.658774105,-14.97754813,12.63274118,6.903569377,74.54436178,-2.915349121,-19.51089306,6.774155839,23.57346234,25.49195387,45.77675173,69.29571088,8.536554816,-3.108762969,31.02656114,1.774,-0.804,36.69356247,0.90785122,,,35800,137.23,1292.6,
fewalter,557,,,,,,,,59.80152727,-24.17785776,9.538646836,7.781992912,17.63118173,-6.315584127,-29.09233841,6.667821416,32.7356949,91.85645951,46.3027801,61.87652686,70.64854567,-28.70126903,29.91794087,1.774,-0.804,0.618761354,0.597444176,,,35800,137.23,1292.6,
fewalter,558,,,,,,,,53.45563765,-1.732248561,9.615192059,54.53345132,52.32637416,3.999588637,-14.36698772,3.613685627,60.81856734,46.89593822,88.76343826,63.68397309,3.088993225,0.302519469,46.2958639,1.774,-0.804,17.85275789,0.928646552,,,35800,137.23,1292.6,
fewalter,559,,,,,,,,14.21040958,-27.97821421,18.87447187,6.217566819,0,8.251750295,-28.084696,1.874734688,25.34670386,21.86961465,-4.088,62.68391117,5.22269543,0.4454,6.630171738,1.774,-0.804,11.03837605,0.136156448,,,35800,137.23,1292.6,
fewalter,560,,,,,,,,52.79327171,-26.22782229,9.583214798,52.79218286,26.96013618,4.112407596,-13.74293413,2.152863085,31.07471983,92.96786418,79.68267416,64.25640199,0.485559555,-26.53173619,40.1687463,1.774,-0.804,0.40855667,0.860858738,,,35800,137.23,1292.6,
fewalter,561,,,,,,,,-6.122135575,-14.08470001,16.37530979,59.84929324,20.87682486,-4.679744154,-15.33026715,1.777349983,23.8769381,92.76548778,86.65663378,51.45161154,5.671836223,-25.0480095,9.618373364,1.774,-0.804,71.89714473,0.629210198,,,35800,137.23,1292.6,
fewalter,562,,,,,,,,15.78584391,-26.37179323,17.95929228,4.772434016,0.697956533,7.752183901,-25.0977862,1.767232938,17.44264335,18.92948498,7.529570503,81.64268887,6.434927674,-26.20192979,-0.212831335,1.774,-0.804,22.32721699,0.085375994,,,35800,137.23,1292.6,
fewalter,563,,,,,,,,6.623893539,-41.93019205,17.4854168,2.737548524,3.385886673,-3.068382328,-8.29411147,2.692780604,10.7689734,88.87762469,2.189849969,73.5572568,55.4205577,-2.814774019,0.205868357,1.774,-0.804,0.888325425,0.293525241,,,35800,137.23,1292.6,
fewalter,564,,,,,,,,-2.113942022,-18.07486816,15.897383,3.106165587,7.48316033,4.836931476,-15.6550202,1.787731179,21.31911935,87.97347653,-0.957143127,78.75218228,3.0914858,-8.354983143,0.846374145,1.774,-0.804,11.07632855,0.868209803,,,35800,137.23,1292.6,
fewalter,565,,,,,,,,3.24791691,-24.12890616,10.6617401,5.82632447,0.161067127,1.902567498,-28.67952317,1.792201774,23.47566103,83.84161637,-1.227792654,60.66979755,-0.17004668,-4.832824433,17.49115302,1.774,-0.804,22.71824036,0.039049248,,,35800,137.23,1292.6,
fewalter,566,,,,,,,,3.665228273,-20.99444923,18.06833044,5.662122017,0,-5.024347297,-38.95859465,2.003590652,29.67534316,73.752706,1.490413003,57.68909296,7.405206898,-2.126474179,1.541892887,1.774,-0.804,11.48370102,0.592824084,,,35800,137.23,1292.6,
fewalter,567,,,,,,,,3.325555051,-20.97328532,17.83686732,4.879520651,0.78058259,0.339981551,-27.24818803,2.17482563,17.66617388,25.16269875,0.281395423,61.77275857,78.86922459,-30.15785361,-0.258199619,1.774,-0.804,4.754220293,0.467402813,,,35800,137.23,1292.6,
fewalter,568,,,,,,,,43.31407439,-14.72147415,14.39388761,7.772971188,27.27271152,-12.22273036,-36.45609165,1.762379278,24.57743781,74.85012094,3.840631578,82.90512584,6.123365509,-26.16497086,7.517260702,1.774,-0.804,23.10074279,0.574807191,,,35800,137.23,1292.6,
fewalter,569,,,,,,,,58.79264501,-4.453616112,17.8656929,8.785560824,0.709537041,-0.038017482,-28.95752381,7.048605099,27.00048626,24.81035885,9.368230109,70.1449877,41.07922605,-23.34241005,-0.780803692,1.774,-0.804,35.17076449,0.257882009,,,35800,137.23,1292.6,
fewalter,570,,,,,,,,58.80132718,-4.453616112,17.57160482,8.710106377,1.925916978,1.195888445,-14.73463722,7.047300411,29.56610041,22.85215534,9.505540209,60.613193,53.68775949,-23.37662434,15.77021921,1.774,-0.804,14.84550135,0.902181574,,,35800,137.23,1292.6,
fewalter,571,,,,,,,,43.31407439,-14.72147415,14.54172282,7.742454029,27.27271152,-0.022468158,-16.20979654,1.761548536,24.47733494,22.65492288,0.54513793,82.81019864,6.207853394,-3.455438479,9.626524539,1.774,-0.804,20.23650872,0.898983481,,,35800,137.23,1292.6,
fewalter,572,,,,,,,,9.028938307,-14.7601166,20.79486372,9.673086532,27.03540883,-4.994719555,-8.517955914,2.176812874,92.96191541,71.81836054,89.72827787,64.40112945,8.534426404,-26.08423632,40.526836,1.774,-0.804,12.46924912,0.557501797,,,35800,137.23,1292.6,
fewalter,573,,,,,,,,4.388568555,-25.69892622,17.83686732,4.879520651,0.78058259,0.40737906,-27.24818803,2.160291419,21.04519597,25.16269875,0.281395423,61.77275857,78.86922459,-30.15785361,-0.258199619,1.774,-0.804,4.754220293,0.664017496,,,35800,137.23,1292.6,
fewalter,574,,,,,,,,-9.258201823,-31.33872701,13.74631269,5.636860455,8.316633373,9.11633205,-15.394845,1.804951821,18.61612234,66.52120059,4.767011121,78.84715592,2.05560624,-1.930811373,-1.221557767,1.774,-0.804,13.2031008,0.774124505,,,35800,137.23,1292.6,
fewalter,575,,,,,,,,59.37145361,-6.872071075,20.7903682,28.18055059,52.75830281,-10.87836429,-23.15605192,2.181335169,60.89249969,74.41408306,99.5664218,64.47682401,8.502178702,-25.4258478,5.119454985,1.774,-0.804,81.23820581,0.363905512,,,35800,137.23,1292.6,
fewalter,576,,,,,,,,3.958338789,-24.4259806,17.90630903,7.079862888,0.510770937,3.87735275,-24.08729334,1.974057146,24.03405245,22.35125599,4.616948133,61.14810522,0.244431371,-5.71991717,-0.791296818,1.774,-0.804,3.774647065,0.873637963,,,35800,137.23,1292.6,
fewalter,577,,,,,,,,52.71586607,-42.08044197,9.590465417,54.59284823,20.03107578,0.430632634,-27.01387104,9.129593582,57.91294723,63.36807416,4.545839255,64.4791284,22.21262649,-0.905477111,-0.988366985,1.774,-0.804,6.547139091,0.547374715,,,35800,137.23,1292.6,
fewalter,578,,,,,,,,-3.628063909,-31.11738983,12.44261114,8.202786242,9.069892944,0.233350761,-15.394845,1.771468394,12.6701686,50.57037674,-1.189027536,78.69906919,1.948842096,-0.277592764,29.3419881,1.774,-0.804,2.962039198,0.754616095,,,35800,137.23,1292.6,
fewalter,579,,,,,,,,3.957423679,-27.54940536,18.30282631,4.76558158,2.858390769,1.77451549,-28.04404181,1.805697228,19.34195784,18.99224357,-0.153238826,60.99196113,78.86922459,-7.229959558,-0.78254554,1.774,-0.804,16.62741315,0.587524024,,,35800,137.23,1292.6,
fewalter,580,,,,,,,,59.55925758,-4.371138763,12.37872687,8.743885082,1.354115207,5.097252285,-28.41297675,7.431048323,20.31383146,90.1774551,4.187152362,69.94980619,2.422852295,-1.226602642,-1.344669505,1.774,-0.804,26.43634035,0.836995324,,,35800,137.23,1292.6,
fewalter,581,,,,,,,,4.300092196,-9.318930862,18.23644477,4.76558158,9.764640055,0.27376524,-27.24818803,1.76291242,23.94470615,19.32004906,0.263021499,47.52283488,81.75841597,-0.912957196,-0.78254554,1.774,-0.804,4.772604912,0.083494314,,,35800,137.23,1292.6,
fewalter,582,,,,,,,,51.52703701,-24.84521114,21.22697828,43.55755662,92.15156653,-1.943121785,-23.49269225,2.096327722,3.518967417,87.79373996,89.64452989,62.28760445,7.800290996,-25.61064697,6.917007673,1.774,-0.804,91.80532173,0.122313339,,,35800,137.23,1292.6,
fewalter,583,,,,,,,,-6.512156745,-31.71881761,13.7928831,7.301953534,7.821371821,-11.41077642,-25.01550757,2.613144923,19.08851495,52.67476959,5.671552448,78.61278359,13.05407449,-1.305014858,-1.20748303,1.774,-0.804,2.421162862,0.76996608,,,35800,137.23,1292.6,
fewalter,584,,,,,,,,55.28675898,-19.98347632,9.623360774,5.854266937,49.60716138,4.834634523,-23.02651573,2.106495845,21.81240655,19.14069089,5.732979006,57.28675946,42.70473228,-6.636445633,-1.151481771,1.774,-0.804,1.55377747,0.07610101,,,35800,137.23,1292.6,
fewalter,585,,,,,,,,51.51731499,-28.24260986,11.31027301,5.952721927,16.886166,0.177980837,-23.65162417,1.7688509,30.01892308,74.0133282,0.684072491,53.79908175,76.2106111,-1.21542771,-1.384005154,1.774,-0.804,0.167808887,0.858004377,,,35800,137.23,1292.6,
fewalter,586,,,,,,,,54.60805828,-4.453616112,17.47988108,8.70739959,1.925916978,7.866507975,-9.505351936,7.047300411,26.49745874,22.87263869,9.350850619,70.1449877,53.53043014,-23.37662434,14.76022196,1.774,-0.804,35.79033994,0.707309511,,,35800,137.23,1292.6,
fewalter,587,,,,,,,,52.55708185,4.312137993,12.08591441,78.38357212,86.20029931,-11.06815338,-21.8646307,2.0148814,17.56785093,25.42095167,104.7294612,80.85322555,1.684072691,-30.37345557,30.1299522,1.774,-0.804,76.86555424,0.587711662,,,35800,137.23,1292.6,
fewalter,588,,,,,,,,61.09045684,-35.22816671,9.530632604,5.619529097,57.07359143,5.42782928,-14.96278991,5.478900732,23.86209855,49.94057104,1.213950606,54.30539283,-0.478656218,-8.901332173,5.79481526,1.774,-0.804,4.198573258,0.303952901,,,35800,137.23,1292.6,
fewalter,589,,,,,,,,-10.18697926,-42.29066052,10.04476298,6.93661194,0.456938313,-2.977262404,-28.83101362,2.970726124,29.2407936,84.74395689,-1.020920249,69.07877526,48.24836313,-30.11766933,-0.193867884,1.774,-0.804,28.61031341,0.107043956,,,35800,137.23,1292.6,
fewalter,590,,,,,,,,15.70724195,-7.777895568,18.02708916,5.38836784,16.43518947,0.281020682,-14.68419138,1.770814122,32.6374435,93.58881891,4.786129595,73.47401124,51.33768775,-0.139483052,0.687622458,1.774,-0.804,23.35874216,0.748186554,,,35800,137.23,1292.6,
fewalter,591,,,,,,,,53.79072953,-41.90716315,17.20139996,5.133586612,7.093426191,-3.130909562,-7.289182858,2.691754211,29.30247747,88.87762469,4.558324155,64.77484311,37.54449154,-3.9319363,-1.120381707,1.774,-0.804,31.99352185,0.310371501,,,35800,137.23,1292.6,
fewalter,592,,,,,,,,57.98207867,-25.64824474,17.03388811,7.885162775,17.64947042,-4.758576539,-10.44647645,1.821044965,20.95602919,75.42630728,4.264278756,82.64078598,5.592850149,-4.576115157,-1.005215101,1.774,-0.804,0.609237685,0.832287936,,,35800,137.23,1292.6,
fewalter,593,,,,,,,,54.71984536,-4.09157231,10.1841997,8.750049378,1.89502381,-11.67317234,-24.17984232,7.041505557,25.05246926,64.47414714,-3.665384025,61.84731997,43.51188149,-21.40455209,39.61938048,1.774,-0.804,91.16526727,0.122472354,,,35800,137.23,1292.6,
fewalter,594,,,,,,,,2.073369963,-20.97328532,17.83686732,4.351238832,0.583377839,0.392464965,-27.72686345,1.879783414,17.63538783,25.22133251,-1.531306173,63.54167254,78.86922459,-15.01067164,-1.373962804,1.774,-0.804,4.772604912,0.760633517,,,35800,137.23,1292.6,
fewalter,595,,,,,,,,-10.1926226,0.727455411,11.87254194,7.461778923,4.702677924,-5.859375379,-28.90190253,1.766483519,26.1414668,34.72218111,240.4216678,84.7792972,82.72947435,-13.41581763,23.39723915,1.774,-0.804,25.9163349,0.402972164,,,35800,137.23,1292.6,
fewalter,596,,,,,,,,-10.71273574,-15.95578799,63.69054245,7.871782219,3.380137608,-13.57864565,5.26436205,6.504608251,69.93893595,35.65539147,85.39750581,48.45983556,25.89548741,-32.06914151,37.32263041,1.774,-0.804,43.22176772,0.454677159,,,35800,137.23,1292.6,
fewalter,597,,,,,,,,56.36216321,-15.50635423,11.560797,40.92109577,3.676313161,1.438145707,-7.88177199,2.014328613,80.06425437,97.60301189,54.35344563,74.89015293,0.433642743,-15.53835286,16.48577553,1.774,-0.804,47.8319988,0.250996196,,,35800,137.23,1292.6,
fewalter,598,,,,,,,,43.64267008,-16.36139306,10.78351799,9.200333012,14.9341828,-13.29626745,4.056856746,7.323787516,69.72376534,48.1758132,82.188336,34.20949685,25.53421753,-32.13364243,22.66010815,1.774,-0.804,68.26358764,0.450421808,,,35800,137.23,1292.6,
fewalter,599,,,,,,,,-10.67939011,-16.37104341,30.49053687,8.198500309,0,-5.698613173,5.72,7.298449756,70.87498851,0,82.91714357,48.68945242,30.2448442,-28.77943816,34.69653773,1.774,-0.804,46.2038401,0.16640656,,,35800,137.23,1292.6,
fewalter,600,,,,,,,,-6.35357092,-7.790426561,9.232317319,77.21637254,94.25382117,-3.850037953,-29.45369543,6.479223078,58.99322751,31.09272943,46.49261305,0.213371784,70.93917927,-24.19563713,1.827373802,1.774,-0.804,47.455516,0.337520193,,,35800,137.23,1292.6,
fewalter,601,,,,,,,,-10.84378783,0.735429928,27.59689169,7.906231789,7.469441693,-8.078811881,-20.82295742,1.911232614,67.17159567,63.09953065,109.0606847,84.7844,82.97285117,-38.09652612,25.92648631,1.774,-0.804,51.0338249,0.816014443,,,35800,137.23,1292.6,
fewalter,602,,,,,,,,50.27636951,-34.0653034,9.506844885,38.99334514,19.27196816,5.525066007,-11.46372337,6.637434644,5.103567631,73.7260471,45.26422087,35.00399403,25.29051728,-30.92226938,43.92631176,1.774,-0.804,27.07358079,0.77422583,,,35800,137.23,1292.6,
fewalter,603,,,,,,,,43.2894694,3.974306527,11.560797,37.27890139,7.998100799,-4.906469383,-9.620166905,2.062922898,51.66263819,15.81846008,54.98987824,51.95922407,10.89499834,-38.12085822,14.6840983,1.774,-0.804,57.21216666,0.79683083,,,35800,137.23,1292.6,
fewalter,604,,,,,,,,78.15353186,-10.86068772,9.081167732,7.817490968,0.09668837,2.20901165,5.627967801,6.87761732,52.36185235,44.3164925,66.0160815,61.91392678,22.78153406,-13.21029089,23.08878663,1.774,-0.804,31.04965792,0.475436018,,,35800,137.23,1292.6,
fewalter,605,,,,,,,,46.27102965,1.295105349,31.7085943,9.356252153,8.530754714,-0.594130501,-20.7052231,7.302976208,55.54348139,74.5923882,152.7414917,35.0073301,24.80507058,-49.23267925,54.10280652,1.774,-0.804,53.67359569,0.460340516,,,35800,137.23,1292.6,
fewalter,606,,,,,,,,-7.129116305,-10.79500236,28.49797815,7.148990052,2.080217993,-13.2888456,-16.52382236,6.723419949,69.32507452,40.56148308,65.0766792,61.91392678,83.1832563,-25.89463118,25.6422894,1.774,-0.804,76.050893,0.71976343,,,35800,137.23,1292.6,
fewalter,607,,,,,,,,36.35560664,4.042450133,17.19361739,48.62257701,76.45106528,-9.400335677,-7.057487475,1.768965089,75.81412568,72.79378405,124.4648147,71.69850225,16.04369809,-36.61723876,46.87468586,1.774,-0.804,51.17402431,0.024130307,,,35800,137.23,1292.6,
fewalter,608,,,,,,,,-7.124766192,-10.79500236,15.71816379,7.10608141,2.091039792,-13.2888456,-16.97481752,6.736021364,72.05997259,40.6954283,65.0766792,63.73108313,81.45553385,-30.81103464,35.0550456,1.774,-0.804,76.050893,0.700283759,,,35800,137.23,1292.6,
fewalter,609,,,,,,,,77.31220707,-21.98592754,19.44798623,13.43405804,16.8869975,-1.002238795,-12.27611299,7.302329287,87.62494498,52.89538674,91.55265923,35.44877513,30.67004645,-18.07503478,5.120949231,1.774,-0.804,40.10233323,0.422663294,,,35800,137.23,1292.6,
fewalter,610,,,,,,,,-10.85462984,1.808005597,15.77727831,7.809459472,7.012150419,8.089347122,5.400214588,1.841189182,38.5392522,39.70325894,47.97029431,74.62697467,82.0853969,-12.5690377,6.739094391,1.774,-0.804,42.63281927,0.836323411,,,35800,137.23,1292.6,
fewalter,611,,,,,,,,36.7247716,-16.36913892,27.59131022,8.36455584,17.02949481,1.528529031,-23.67369982,6.925082219,69.72376534,62.11379224,59.78315105,31.33136729,21.83135088,-30.16970816,22.54437544,1.774,-0.804,68.26358764,0.381454963,,,35800,137.23,1292.6,
fewalter,612,,,,,,,,-10.17662668,-12.13847986,20.22609611,42.49183856,18.15572955,-10.00132242,5.688251515,1.778583734,57.22647389,34.58454701,112.9399737,61.80572261,27.95627849,-31.79306187,24.9176198,1.774,-0.804,68.25653889,0.064336187,,,35800,137.23,1292.6,
fewalter,613,,,,,,,,-10.7216274,4.112927905,66.82652584,9.257618922,9.182650319,-6.775651171,5.704362972,2.17035297,69.85051934,8.565918742,85.06707076,27.32433356,7.755593855,-32.00523116,37.84997985,1.774,-0.804,13.2703722,0.499709999,,,35800,137.23,1292.6,
fewalter,614,,,,,,,,36.35560664,4.042450133,17.19361739,61.05215457,76.45106528,-9.400335677,-7.057487475,1.768965089,75.81412568,72.43061096,124.4648147,71.69850225,25.46579615,-36.51811521,46.87468586,1.774,-0.804,44.08108538,0.167772791,,,35800,137.23,1292.6,
fewalter,615,,,,,,,,-7.610637226,-1.286501343,21.01224449,7.676519175,7.247054183,8.742421153,-5.944937177,6.744727307,62.4413449,40.6954283,47.26624794,55.53963457,78.92056005,-24.26066655,2.621299072,1.774,-0.804,61.11132422,0.419216219,,,35800,137.23,1292.6,
fewalter,616,,,,,,,,47.4269338,-29.85802127,8.724676679,8.569524568,17.97094574,-3.562355713,-22.7690223,7.382184021,55.77122662,63.47609542,197.2890241,58.00576999,80.45164152,-38.53169911,6.109813465,1.774,-0.804,13.20172105,0.874014734,,,35800,137.23,1292.6,
fewalter,617,,,,,,,,39.66795565,-0.472364201,17.56173522,24.62076028,50.05325078,-9.044545724,-6.00904237,1.760386661,75.81412568,73.54546185,126.2037126,71.38086196,8.523833391,-36.51811521,46.93452079,1.774,-0.804,74.91105995,0.200126785,,,35800,137.23,1292.6,
fewalter,618,,,,,,,,-10.70494891,0.686313006,10.73045419,7.807579978,4.715900849,-14.29642369,-6.975041964,2.035542867,71.79118547,36.31548495,237.9374785,51.16817982,0.227218314,-15.1125771,28.70630325,1.774,-0.804,12.98656103,0.484357553,,,35800,137.23,1292.6,
fewalter,619,,,,,,,,-8.01428029,0.221657695,18.30067251,7.807579978,3.280167952,-12.71201903,-29.78485661,1.760462915,80.96741116,37.90602589,81.07282008,81.86890107,75.26455489,-31.77790439,24.91172965,1.774,-0.804,41.37182725,0.27038407,,,35800,137.23,1292.6,
fewalter,620,,,,,,,,5.503591687,-2.135000528,10.44389734,8.569524568,18.83152703,-7.507224432,-17.36062206,6.904396809,62.77703644,62.06686328,63.95781214,58.13360977,33.19377894,-0.475470254,50.73723996,1.774,-0.804,18.8313966,0.75199114,,,35800,137.23,1292.6,
fewalter,621,,,,,,,,46.62236456,-24.20854805,27.59131022,14.72787116,16.62104349,-4.086775282,5.695728677,7.323787516,69.86222959,86.76835027,84.2495824,71.93266851,25.53421753,-32.13559653,37.85246067,1.774,-0.804,63.32958014,0.923221068,,,35800,137.23,1292.6,
fewalter,622,,,,,,,,-6.913279615,-10.47905623,20.1379272,7.323805868,3.399213926,-0.620862179,-5.534498835,6.932727643,59.44068999,28.19502433,46.15053204,56.44814046,72.7485162,-2.476737657,23.21162031,1.774,-0.804,78.02538831,0.439122037,,,35800,137.23,1292.6,
fewalter,623,,,,,,,,-7.141154572,-1.20854031,23.2704515,7.445980324,2.673536327,-13.35968217,-5.944937177,6.736021364,96.56794928,40.6954283,47.26624794,84.06847347,82.97285117,-34.90193492,2.687899938,1.774,-0.804,18.58259806,0.41299365,,,35800,137.23,1292.6,
fewalter,624,,,,,,,,77.31220707,-21.98592754,19.44798623,13.43405804,16.8869975,-1.002238795,-12.27611299,7.302329287,87.62494498,52.89538674,41.63733388,35.44877513,30.67004645,-18.07503478,5.120949231,1.774,-0.804,62.67098064,0.422663294,,,35800,137.23,1292.6,
fewalter,625,,,,,,,,-10.84162561,0.735429928,27.38577265,7.807579978,13.32750384,-7.231019227,-20.82295742,2.042124718,67.17159567,68.62065591,109.0606847,84.7844,82.97285117,-38.01271113,24.22588183,1.774,-0.804,50.88254868,0.790206157,,,35800,137.23,1292.6,
fewalter,626,,,,,,,,-6.886968584,-10.11587357,20.1379272,7.323805868,3.398306335,-4.449638628,-5.534498835,6.932727643,58.30183967,2.446919751,43.40394694,62.31197369,79.19817901,-2.66054626,23.21162031,1.774,-0.804,37.16421211,0.439122037,,,35800,137.23,1292.6,
fewalter,627,,,,,,,,79.51812218,-15.57297654,31.86275717,14.79923708,15.00818906,-12.80998541,-6.328775466,7.318913122,71.3728655,37.58340854,87.15858476,36.92074332,20.13781197,-31.83216733,37.07180534,1.774,-0.804,61.90832541,0.757432944,,,35800,137.23,1292.6,
fewalter,628,,,,,,,,-10.69876044,-16.31594333,11.560797,69.15460253,95.6218414,-0.495499032,-4.610532928,2.059319868,55.20434082,67.71993229,57.81247728,50.82336223,10.10130633,-22.95752864,16.32780497,1.774,-0.804,42.88966471,0.879906034,,,35800,137.23,1292.6,
fewalter,629,,,,,,,,45.78537894,-16.36054424,11.47587287,8.227719591,14.01591708,-12.23730178,-33.33680865,7.323787516,69.81437566,23.72862197,13.73096178,29.49812222,28.91384136,-31.97118878,23.58394871,1.774,-0.804,51.36576208,0.461658488,,,35800,137.23,1292.6,
fewalter,630,,,,,,,,36.35560664,-9.97395981,19.50937693,61.05215457,76.45106528,-9.400335677,-7.057487475,1.768965089,75.81412568,72.43061096,124.4648147,71.69850225,25.46579615,-36.51811521,46.96473872,1.774,-0.804,44.49856661,0.167772791,,,35800,137.23,1292.6,
fewalter,631,,,,,,,,-10.7216274,3.317791086,66.82652584,7.871782219,5.119715634,-1.366216697,4.832952598,2.17035297,69.93893595,71.54845846,85.06707076,36.59736438,25.26884084,-31.57622821,37.84997985,1.774,-0.804,13.5821322,0.142699548,,,35800,137.23,1292.6,
fewalter,632,,,,,,,,46.69159415,-13.2435618,11.56360033,58.75482657,80.58550306,-3.830516563,-21.25575992,6.478375592,80.63387425,14.41548768,8.137228039,74.1290437,69.36473172,-33.87503965,15.3229678,1.774,-0.804,51.72810081,0.924223097,,,35800,137.23,1292.6,
fewalter,633,,,,,,,,-10.7216274,4.090910949,64.42071608,7.871782219,5.009775686,-6.775651171,-5.638722992,2.17035297,70.20862132,9.17032295,85.06707076,28.59255553,18.02506606,-31.85427498,37.84997985,1.774,-0.804,13.5821322,0.819010418,,,35800,137.23,1292.6,
fewalter,634,,,,,,,,-5.08089879,2.356709564,27.79456533,7.748179988,15.01973585,-7.159659324,-11.99482868,3.555573862,22.74215308,10.83848586,57.70807084,84.7844,82.69107999,-22.74996748,10.62785792,1.774,-0.804,23.89596817,0.454559168,,,35800,137.23,1292.6,
fewalter,635,,,,,,,,-10.87813812,4.455595006,17.19361739,61.05215457,75.39303331,-9.400335677,-7.057487475,1.768965089,56.26646467,72.43061096,124.2802835,71.73511966,25.46579615,-36.51811521,46.87468586,1.774,-0.804,44.08108538,0.167772791,,,35800,137.23,1292.6,
fewalter,636,,,,,,,,-8.535339701,0.686313006,10.73473368,7.807579978,6.403062114,-14.2555832,4.58703524,6.71405396,70.72287727,36.31548495,234.0338386,83.8368041,0.119424853,-15.1125771,28.70630325,1.774,-0.804,12.98656103,0.83990983,,,35800,137.23,1292.6,
fewalter,637,,,,,,,,-10.95,0.038321828,17.5580143,7.803897875,6.004102738,-12.48337451,-45.01113552,1.903082249,38.5392522,5.251550771,90.97776575,81.50445442,81.1694317,-35.81403436,24.7330398,1.774,-0.804,42.58932127,0.303904357,,,35800,137.23,1292.6,
fewalter,638,,,,,,,,-10.7216274,4.016445435,25.05760154,7.871782219,5.119715634,-6.775651171,5.326341512,2.181207903,70.26513307,8.914163512,79.08867443,27.32433356,7.755593855,-32.00523116,37.84997985,1.774,-0.804,13.2703722,0.499614522,,,35800,137.23,1292.6,
fewalter,639,,,,,,,,-10.73645378,-10.68798772,29.77748008,7.771807572,1.970851922,-7.234241568,5.38576134,5.20292675,83.39777006,39.50375412,88.33689244,61.80572261,38.43070631,-35.82498286,33.73050163,1.774,-0.804,16.53753439,0.48168474,,,35800,137.23,1292.6,
fewalter,640,,,,,,,,-7.23234789,-10.79500236,29.530534,8.340427144,2.091039792,-0.735737765,-0.202728319,6.735283085,65.12782169,0.028252299,52.93411095,8.756215329,82.74852458,-30.82468281,2.349419197,1.774,-0.804,16.11351401,0.938736109,,,35800,137.23,1292.6,
fewalter,641,,,,,,,,-7.610637226,-1.286501343,21.02531008,7.676519175,3.5854063,-13.35968217,-5.944937177,6.744727307,62.4413449,42.79333287,69.00743386,55.53963457,78.92056005,-24.26066655,22.71692716,1.774,-0.804,61.11132422,0.390731024,,,35800,137.23,1292.6,
fewalter,642,,,,,,,,-7.546593214,-30.11979261,10.37626659,8.346432979,6.415599188,-1.958258182,-6.000760745,6.29813783,54.80684311,73.92896047,16.80822893,59.27252249,83.00084386,-13.26845019,1.554604497,1.774,-0.804,18.52783904,0.327569823,,,35800,137.23,1292.6,
fewalter,643,,,,,,,,45.84848499,-23.20520423,28.47407731,14.57715686,15.69150866,-1.52953097,3.237540479,7.292311528,71.78930503,47.95035125,84.2495824,35.68597584,25.53421753,-32.12112764,37.21005861,1.774,-0.804,66.62518429,0.451943177,,,35800,137.23,1292.6,
fewalter,644,,,,,,,,-8.990992655,-10.81450785,29.6960832,7.44771518,1.261065827,-13.22647055,-11.16213065,1.936895944,59.36661082,38.79134006,102.728014,84.00009077,83.68677669,-31.66622315,11.73912392,1.774,-0.804,11.04669161,0.114166664,,,35800,137.23,1292.6,
fewalter,645,,,,,,,,44.27112697,4.316786688,11.560797,37.27890139,84.56092323,-4.666787324,-9.620166905,2.078188396,50.23527983,15.81846008,57.75812235,50.79327414,9.718990704,-23.13004795,14.6840983,1.774,-0.804,49.40506719,0.038822858,,,35800,137.23,1292.6,
fewalter,646,,,,,,,,-8.01428029,0.221657695,18.49940097,11.00318359,5.775398987,-12.82544028,-29.78485661,2.010538542,80.96741116,37.58521618,81.07282008,81.86890107,82.49844378,-31.77790439,24.85345513,1.774,-0.804,19.37221778,0.848854382,,,35800,137.23,1292.6,
fewalter,647,,,,,,,,45.84663601,-2.272025195,9.021279892,8.525069812,18.90846377,-14.13159957,-31.40691415,6.501118194,54.35904035,52.81410627,85.99924883,58.13360977,33.64884463,-20.30447854,26.7836505,1.774,-0.804,11.50596541,0.848648555,,,35800,137.23,1292.6,
fewalter,648,,,,,,,,-6.886968584,-10.11587357,20.1379272,7.324232474,3.398306335,-4.449638628,-23.281097,6.932727643,58.30183967,2.446919751,43.41657808,62.31197369,71.44128873,-3.026606793,23.46246419,1.774,-0.804,50.76856635,0.439122037,,,35800,137.23,1292.6,
fewalter,649,,,,,,,,-10.66674738,-16.37104341,30.49053687,8.198500309,1.27974953,-12.93187848,5.72,7.320891052,70.87498851,0,82.91714357,48.68945242,30.2448442,-28.77943816,34.69653773,1.774,-0.804,42.90443446,0.113546389,,,35800,137.23,1292.6,
fewalter,650,,,,,,,,-9.003330585,-10.81450785,29.6960832,7.44771518,0.014643333,-5.991835308,-11.16213065,1.950369201,59.36661082,38.79134006,102.728014,84.00009077,83.68677669,-31.66622315,11.73912392,1.774,-0.804,14.34627978,0.167026834,,,35800,137.23,1292.6,
fewalter,651,,,,,,,,-7.141161179,-10.79500236,28.49797815,7.10608141,2.046519277,-13.28752163,-16.97481752,6.736021364,71.83093888,73.44356197,48.89180821,59.06353714,81.45553385,-31.45550222,35.0550456,1.774,-0.804,51.10992422,0.423613179,,,35800,137.23,1292.6,
fewalter,652,,,,,,,,-10.95,-35.81955516,18.54098481,8.357950493,6.936727827,-13.65480821,-30.25934094,1.767766264,94.3290391,39.33553434,41.66162685,84.27473468,81.40136553,-10.29429208,25.43883718,1.774,-0.804,51.14083379,0.684845441,,,35800,137.23,1292.6,
fewalter,653,,,,,,,,-9.038962926,-10.79500236,66.9856689,7.955876605,2.091039792,-13.54224111,5.117932351,6.689538766,59.77161337,36.36792269,85.55237293,80.89952935,82.97285117,-32.61848955,26.46006595,1.774,-0.804,13.18373481,0.114166664,,,35800,137.23,1292.6,
fewalter,654,,,,,,,,-10.68370463,4.112927905,32.02634408,7.871782219,5.119715634,-6.668724412,5.704362972,2.218230563,69.85051934,8.565918742,102.722141,29.80201412,7.755593855,-47.85514155,37.84997985,1.774,-0.804,49.25881487,0.499709999,,,35800,137.23,1292.6,
fewalter,655,,,,,,,,46.27102965,-15.5036364,31.7085943,9.356252153,14.11883238,-0.594234769,-7.694444133,7.302976208,55.54348139,74.5923882,85.03061844,35.0073301,24.80507058,-48.65292674,54.10280652,1.774,-0.804,53.64298794,0.126507821,,,35800,137.23,1292.6,
fewalter,656,,,,,,,,-10.89474454,0.735429928,27.38577265,7.800882761,13.32750384,-7.851669307,-20.82295742,1.792083969,59.55498231,78.95514693,108.1353453,84.7844,82.96399535,-38.01271113,23.63450142,1.774,-0.804,51.55631144,0.816014443,,,35800,137.23,1292.6,
fewalter,657,,,,,,,,46.44953114,-16.42938672,9.515439493,39.45769664,83.99655624,-6.925024115,-12.70152189,1.771809238,59.79651729,79.2046236,29.30225609,58.84925212,78.42803009,-11.79302834,12.42723814,1.774,-0.804,14.63195719,0.331850362,,,35800,137.23,1292.6,
fewalter,658,,,,,,,,45.7043532,-11.29752691,9.404625672,9.031651567,95.34969786,2.634226359,-5.569825779,8.445766136,70.76236391,68.81547307,41.02527323,62.03552005,4.991273662,-23.26800643,3.318465121,1.774,-0.804,93.07691737,0.383799134,,,35800,137.23,1292.6,
fewalter,659,,,,,,,,-6.913279615,-10.47905623,20.1379272,7.275634974,3.613719594,-0.620862179,-5.534498835,6.729072215,72.97396799,28.2110268,46.15053204,35.02617857,72.7485162,-28.72442097,23.21162031,1.774,-0.804,64.00387219,0.439122037,,,35800,137.23,1292.6,
fewalter,660,,,,,,,,-9.70985161,-27.52593602,11.56360033,58.75482657,6.103668881,-12.84489658,-25.0491513,6.951039777,83.45169402,35.73594753,77.40591409,72.56877827,-0.247967085,-31.7174647,28.38945475,1.774,-0.804,51.56153518,0.955783588,,,35800,137.23,1292.6,
fewalter,661,,,,,,,,-9.195503464,2.582112974,18.97238635,8.357290387,6.181159079,-13.6034033,-20.74089952,1.877806854,62.70464312,8.358228539,109.2486901,84.7844,80.94603199,-41.33354429,22.8348019,1.774,-0.804,49.89549523,0.844172796,,,35800,137.23,1292.6,
fewalter,662,,,,,,,,-10.68041577,0.750304668,27.38577265,7.807579978,13.32750384,-7.807272073,4.887876125,2.042124718,66.96852959,68.62065591,109.0606847,84.7844,82.97285117,-38.24639945,24.22588183,1.774,-0.804,50.88254868,0.816014443,,,35800,137.23,1292.6,
fewalter,663,,,,,,,,-8.01428029,0.221657695,18.30067251,7.807579978,3.280167952,-6.856308764,-3.259538802,1.760462915,46.8778748,37.90602589,81.07282008,82.25724348,74.67322443,-31.77790439,23.246171,1.774,-0.804,38.68445764,0.27038407,,,35800,137.23,1292.6,
fewalter,664,,,,,,,,-9.038230483,2.596987713,18.93715281,8.357290387,13.52499291,-14.27212658,-23.83141472,1.877806854,62.50157705,28.192257,109.3478523,84.7844,80.94603199,-41.56723261,22.8348019,1.774,-0.804,47.44296412,0.755218356,,,35800,137.23,1292.6,
fewalter,665,,,,,,,,-10.95,5.106083179,69.8396717,9.041439613,7.95566795,-6.98444334,5.72,2.300670947,70.24327513,4.903512876,85.55689225,24.70316873,5.551065668,-32.39375397,38.52949055,1.774,-0.804,11.32487029,0.483607536,,,35800,137.23,1292.6,
fewalter,666,,,,,,,,-7.955079087,0.221657695,18.30067251,7.807579978,4.732074799,-12.6927977,-29.78485661,5.149784121,81.45015722,39.54008441,81.07282008,82.23822852,74.92521084,-32.30862502,24.64460644,1.774,-0.804,38.52847447,0.481173578,,,35800,137.23,1292.6,
fewalter,667,,,,,,,,-10.67893659,-10.52882234,29.77748008,8.376451423,1.970851922,-13.37811778,5.38576134,1.770313325,92.27240177,37.8696956,88.33689244,59.14764029,38.44058552,-35.83943995,34.02599458,1.774,-0.804,19.42409398,0.283021975,,,35800,137.23,1292.6,
fewalter,668,,,,,,,,-10.73645378,-16.54802812,29.77748008,7.771807572,1.970851922,-7.253425108,5.384818569,1.884488235,83.39465071,98.35758247,88.33689244,61.2845255,38.44058552,-29.73187016,33.99762484,1.774,-0.804,19.65809718,0.283748198,,,35800,137.23,1292.6,
fewalter,669,,,,,,,,-8.01428029,0.221657695,18.43387463,10.17564865,6.072195951,-12.82544028,-30.35223725,1.787748786,80.96741116,37.90602589,81.07282008,81.65382638,82.49844378,-31.77790439,19.65136867,1.774,-0.804,46.01879636,0.348805295,,,35800,137.23,1292.6,
fewalter,670,,,,,,,,-10.84378783,-11.39746999,30.85125341,7.906231789,2.146613296,-7.58344574,-20.82295742,1.911232614,67.17159567,64.43100986,109.0606847,61.39140743,83.15384457,-38.09652612,25.99902726,1.774,-0.804,80.48549026,0.816014443,,,35800,137.23,1292.6,
fewalter,671,,,,,,,,-7.545723999,-30.11979261,10.50605105,7.67074191,6.358728153,-2.87745522,-16.39496091,6.280741868,62.68732407,42.01447928,16.80822893,59.27252249,78.66594164,-12.85344053,16.87119882,1.774,-0.804,11.44093782,0.331879072,,,35800,137.23,1292.6,
fewalter,672,,,,,,,,35.60448841,4.00888977,17.3884293,75.50517469,2.665086736,-3.039376691,-22.62539683,1.762463944,69.83720195,70.45197134,102.5899643,32.00680711,7.904288809,-31.71685532,46.81783405,1.774,-0.804,36.86375869,0.098721047,,,35800,137.23,1292.6,
fewalter,673,,,,,,,,-10.19214234,-12.97613219,11.01764765,8.277472048,0.168987316,-1.003048412,-38.74545454,2.162239042,64.80973418,75.19812006,23.60888912,28.60914337,-0.059600449,-27.88531327,5.114446836,1.774,-0.804,14.64703349,0.880407109,,,35800,137.23,1292.6,
fewalter,674,,,,,,,,-10.42913563,0.039167209,15.62394235,7.79344924,5.99144281,-12.48337451,-44.92696578,1.869446906,38.5392522,5.251550771,86.95471309,81.50445442,80.81924916,-35.81403436,24.7330398,1.774,-0.804,42.58932127,0.309382815,,,35800,137.23,1292.6,
fewalter,675,,,,,,,,-8.01428029,0.074523571,64.66738873,7.808455706,3.280167952,-13.75280071,5.499314435,1.87274546,46.97368293,37.90602589,81.07282008,80.89759416,75.78457615,-31.75162587,23.44875359,1.774,-0.804,40.75416868,0.116506522,,,35800,137.23,1292.6,
fewalter,676,,,,,,,,56.38938354,4.889633281,11.56360033,15.15848941,21.33666524,-7.605219367,-7.625057949,6.821924275,71.92503075,86.40044982,41.42776919,68.28689235,71.73320731,-39.61263762,44.81376718,1.774,-0.804,57.96125746,0.394710081,,,35800,137.23,1292.6,
fewalter,677,,,,,,,,-7.134469861,-10.79314626,20.78075471,8.480617646,1.919292128,3.568303439,-18.0954833,5.212676276,71.63129653,13.72962339,47.55836285,84.26454044,82.67726545,-31.75921334,1.48066691,1.774,-0.804,75.75730146,0.363606541,,,35800,137.23,1292.6,
fewalter,678,,,,,,,,-7.23234789,-10.79500236,52.22875974,7.445980324,2.090404502,-0.735737765,-17.25492136,6.735283085,63.12600939,9.716486677,47.09651168,42.88444461,82.74852458,-27.77411508,2.349419197,1.774,-0.804,89.49287301,0.317168539,,,35800,137.23,1292.6,
fewalter,679,,,,,,,,44.98603227,-14.61664183,11.54893165,8.784030993,14.13275644,-5.308497187,-33.52140855,7.308371974,13.97046321,46.68493913,45.33132095,2.454328118,32.93905942,-3.403727847,4.09967756,1.774,-0.804,91.40667663,0.756136212,,,35800,137.23,1292.6,
fewalter,680,,,,,,,,-10.53712895,-11.71050477,9.911176138,39.32956388,7.752168128,-8.338872966,-7.748121266,2.03817074,64.27747729,1.981484997,51.89928226,60.94564168,1.282324498,-36.13847202,12.93180927,1.774,-0.804,11.6782877,0.298407667,,,35800,137.23,1292.6,
fewalter,681,,,,,,,,-9.578483543,1.987343046,22.69440191,7.324809607,6.633781233,2.563932327,-1.137630449,2.165290435,73.58041226,0.833436439,102.4262806,84.7844,68.78760476,-47.74665549,5.108685734,1.774,-0.804,35.50718476,0.226502486,,,35800,137.23,1292.6,
fewalter,682,,,,,,,,46.38139317,-32.81579623,24.73116918,78.48135291,32.49518953,-0.811463174,-7.460204595,1.81717257,80.80683461,33.18972426,79.0459028,75.08902985,11.44437949,-31.9048418,16.53146635,1.774,-0.804,38.70828465,0.44998876,,,35800,137.23,1292.6,
fewalter,683,,,,,,,,-10.71849895,-0.404909633,11.3718385,7.807579978,3.280167952,3.244863282,-29.78923296,1.768986897,25.6662715,38.51693218,171.6179852,82.44036664,82.49805947,-31.94442054,24.78986697,1.774,-0.804,42.71810357,0.828631915,,,35800,137.23,1292.6,
fewalter,684,,,,,,,,-10.95,-1.539407547,18.27029078,8.343048275,4.763735275,-6.849032643,-25.16055698,2.120264556,61.58913492,67.12238841,109.9584664,67.14655503,83.9024,-39.93416884,25.9369779,1.774,-0.804,50.07493724,0.396464159,,,35800,137.23,1292.6,
fewalter,685,,,,,,,,-10.85705414,-10.57602709,32.18548713,7.800912943,2.409908072,-13.42318904,5.117932351,1.7989236,72.2694406,36.54301025,108.2204708,84.0002062,82.97285117,-48.33146413,26.54534351,1.774,-0.804,49.1720842,0.767990542,,,35800,137.23,1292.6,
fewalter,686,,,,,,,,-9.026439809,0.516436987,27.38577265,7.797292411,13.00968555,-7.872417531,-20.82295742,2.26073605,59.55498231,78.78004839,103.1223176,84.7844,82.96399535,-38.15011518,23.63450142,1.774,-0.804,51.55631144,0.162252663,,,35800,137.23,1292.6,
fewalter,687,,,,,,,,-10.7216274,4.080125023,67.5299838,7.807341313,5.119715634,-6.671190171,-30.73410818,2.17035297,69.85051934,8.565918742,85.06707076,27.32433356,7.755593855,-32.13923947,37.84997985,1.774,-0.804,13.2703722,0.499709999,,,35800,137.23,1292.6,
fewalter,688,,,,,,,,-8.01428029,0.254413863,17.59742783,7.872020883,3.280167952,-6.772740715,5.450069149,1.760462915,80.96741116,37.90602589,81.07282008,81.86890107,82.49844378,-35.12161338,24.91172965,1.774,-0.804,41.37182725,0.82174058,,,35800,137.23,1292.6,
fewalter,689,,,,,,,,45.78537894,-16.23387311,10.33702931,9.098553867,14.01591708,-12.23730178,-9.297381604,7.35685102,69.81437566,23.72862197,39.17346063,29.49812222,1.43301746,-28.45948928,16.72571792,1.774,-0.804,53.67471899,0.463211503,,,35800,137.23,1292.6,
fewalter,690,,,,,,,,-7.128543855,-10.68798772,29.77287027,7.094445958,1.970851922,-7.253425108,5.38576134,1.884488235,72.4082765,37.8696956,87.48723617,61.40243953,37.71721097,-35.73144237,33.95337359,1.774,-0.804,19.15964126,0.252596466,,,35800,137.23,1292.6,
fewalter,691,,,,,,,,51.15044634,-12.35989838,24.75472115,50.48082959,31.28773641,3.544061631,5.576665573,1.814857012,81.05354653,17.79284289,79.27388876,34.81195761,11.68993385,-31.89821715,21.38258988,1.774,-0.804,49.50523619,0.437536843,,,35800,137.23,1292.6,
fewalter,692,,,,,,,,-10.62271351,-12.74595883,24.79831655,9.426225086,1.239950798,-3.875965924,-10.91232419,8.461691195,77.46738665,67.76659578,73.04297716,27.4974501,4.900145276,-37.99418979,29.77087798,1.774,-0.804,32.42841937,0.784175219,,,35800,137.23,1292.6,
fewalter,693,,,,,,,,-7.674120898,-28.09507144,23.78690526,10.82390297,91.7459887,-14.11937613,-14.76420638,2.014111064,82.93532462,95.78674056,79.75207181,38.93301852,8.374554203,-25.9938517,22.99163893,1.774,-0.804,33.08715609,0.731323734,,,35800,137.23,1292.6,
fewalter,694,,,,,,,,-10.73645378,-11.18310933,29.77748008,7.760612575,1.892444533,-7.253425108,-5.457520739,1.884488235,83.39465071,66.01638965,89.00399844,61.2845255,38.44058552,-35.83943995,33.99762484,1.774,-0.804,19.38088756,0.283748198,,,35800,137.23,1292.6,
fewalter,695,,,,,,,,-10.31581328,-16.25740588,16.99613537,63.65598332,4.749127251,-13.54562729,-9.848052959,2.026420991,79.43443155,13.66377459,139.0539172,74.41007269,17.07524702,-27.78252635,47.35262283,1.774,-0.804,31.02021968,0.020133054,,,35800,137.23,1292.6,
fewalter,696,,,,,,,,-10.71339396,0.221657695,30.86403388,9.292810444,3.265346056,-6.856308764,-3.259538802,1.760462915,46.8778748,37.90602589,81.07282008,62.49713406,74.67322443,-31.77790439,23.246171,1.774,-0.804,38.68445764,0.725640565,,,35800,137.23,1292.6,
fewalter,697,,,,,,,,50.82233285,4.80840717,11.56360033,8.91085769,84.37288137,-4.470459483,-11.09035926,6.855365897,50.27793945,14.41548768,25.79514447,74.9792251,-0.646645168,-12.63223339,14.70785816,1.774,-0.804,57.25818019,0.46715213,,,35800,137.23,1292.6,
fewalter,698,,,,,,,,-10.92029152,-5.385493344,17.22617358,8.197810617,7.012150419,-12.31510065,-9.835755329,2.262217952,87.43278385,39.70325894,170.3634291,55.27651024,77.36926505,-28.60055618,24.7330398,1.774,-0.804,42.49325474,0.027403675,,,35800,137.23,1292.6,
fewalter,699,,,,,,,,-10.69035859,5.071822808,66.33914936,9.297052553,9.182650319,-14.17271556,5.484395847,2.176939951,69.96695895,55.16727063,85.06707076,27.32433356,9.182698308,-32.00523116,39.4497939,1.774,-0.804,11.62945577,0.484812968,,,35800,137.23,1292.6,
fewalter,700,,,,,,,,45.83651793,-2.135000528,10.69460096,8.514019688,39.1318804,-7.507224432,-15.42925113,6.857938832,85.29582927,52.46219925,62.60057686,58.52082855,33.5026103,-38.546168,19.13407821,1.774,-0.804,15.5464544,0.919211569,,,35800,137.23,1292.6,
fewalter,701,,,,,,,,52.54274254,-8.563965217,11.56000938,15.38051699,14.68538119,4.774138097,-29.97060365,2.025083625,69.77405872,35.94186282,58.07173544,61.32739795,21.20470931,-13.49801472,16.328743,1.774,-0.804,59.97762921,0.47057735,,,35800,137.23,1292.6,
fewalter,702,,,,,,,,-8.274581082,-11.18310933,29.77748008,7.760612575,1.892444533,-7.253425108,-5.457520739,1.876543074,83.39465071,66.01638965,89.00399844,61.2845255,38.44058552,-35.83943995,34.08261874,1.774,-0.804,20.47816512,0.293154556,,,35800,137.23,1292.6,
fewalter,703,,,,,,,,-10.27503516,0.871765899,17.17157145,3.812570358,0.565564748,-14.41,3.989972651,1.764698736,25.59043334,33.23447518,64.54207955,83.89960707,83.74548872,-13.84051633,22.1948955,1.774,-0.804,24.97815646,0.029118423,,,35800,137.23,1292.6,
fewalter,704,,,,,,,,-7.382732641,-29.55381904,17.00696218,7.689291127,6.517674041,-1.958258182,-14.40297106,1.870167531,82.05683554,96.80082988,15.25412414,59.42486498,28.19943548,-10.44660791,16.71469463,1.774,-0.804,11.5201219,0.327569823,,,35800,137.23,1292.6,
fewalter,705,,,,,,,,72.30645896,-20.05046155,20.49690185,14.79923708,15.66797493,-12.68612224,-34.74869839,7.323787516,87.62494498,52.89538674,91.55265923,35.4939361,28.20533114,-17.99408981,26.48233299,1.774,-0.804,60.56109316,0.440789062,,,35800,137.23,1292.6,
fewalter,706,,,,,,,,-5.500470951,-33.24870944,15.77727831,7.809459472,6.500799552,-12.11184686,-8.6245749,1.841189182,73.28998855,39.70325894,16.96191519,84.73758303,82.93830044,-12.59883148,3.245666268,1.774,-0.804,19.19922389,0.329256626,,,35800,137.23,1292.6,
fewalter,707,,,,,,,,-10.72305552,-32.26287532,15.61253496,4.689793371,7.079035516,8.756933456,5.586131058,1.769495649,38.23355088,65.82018957,32.40919057,60.08707358,83.79725322,-11.97827686,12.1320579,1.774,-0.804,44.11858041,0.160844853,,,35800,137.23,1292.6,
fewalter,708,,,,,,,,-10.76782653,-11.33586433,98.19920923,8.813352495,2.776616087,6.685847685,-23.01427852,8.400320598,72.191752,79.82168259,56.92028828,61.73252769,68.36564331,-25.71448878,23.89584692,1.774,-0.804,92.4888107,0.536312308,,,35800,137.23,1292.6,
fewalter,709,,,,,,,,-6.91490747,-10.47905623,20.20451305,7.323805868,3.399213926,-0.68878852,-16.51454992,6.932727643,72.97396799,28.25966071,45.55156322,67.03807048,81.6122638,-1.184303803,23.21162031,1.774,-0.804,39.86334959,0.065665351,,,35800,137.23,1292.6,
fewalter,710,,,,,,,,-7.590438894,-29.71080522,10.37626659,8.330671219,6.415599188,-13.64103412,-4.899707278,2.155915883,55.64357724,73.92896047,16.80822893,59.05110771,83.00084386,-13.26845019,0.714754813,1.774,-0.804,18.52783904,0.327569823,,,35800,137.23,1292.6,
fewalter,711,,,,,,,,46.27102965,-15.57077941,18.21490052,9.849541296,15.10461528,0.760828017,-17.08394195,7.302976208,55.5221848,78.26186715,85.08377813,36.04232821,25.6226952,-34.64945151,45.43913499,1.774,-0.804,60.53905083,0.04830457,,,35800,137.23,1292.6,
fewalter,712,,,,,,,,-10.30245334,-12.97613219,11.24962228,8.272945914,0.168987316,-0.499686201,-11.32367737,1.760061025,71.72270296,66.8596454,23.60888912,59.06501776,-0.363476756,-28.74683201,13.25266904,1.774,-0.804,14.40377848,0.015077794,,,35800,137.23,1292.6,
fewalter,713,,,,,,,,-10.17662668,-12.13847986,20.22609611,42.49183856,2.986158773,-14.27103163,5.689209178,1.778583734,57.22647389,34.62772384,112.9399737,62.12440592,27.95627849,-31.79306187,24.87017266,1.774,-0.804,68.31437663,0.4690716,,,35800,137.23,1292.6,
fewalter,714,,,,,,,,46.27102965,-15.57077941,10.93251835,9.846736039,14.68242838,0.760828017,-16.97683752,7.302976208,55.52386049,78.26186715,238.0912906,36.13030135,25.6226952,-34.61994901,45.43913499,1.774,-0.804,60.53905083,0.049891728,,,35800,137.23,1292.6,
fewalter,715,,,,,,,,-7.252294517,-10.79500236,51.16466395,7.433840535,2.090404502,-0.735737765,-17.25492136,6.589528926,63.17728502,9.716486677,47.09651168,43.34369832,83.6244933,-27.70238045,5.127329233,1.774,-0.804,81.84236506,0.293810337,,,35800,137.23,1292.6,
fewalter,716,,,,,,,,-10.17214989,-12.97613219,12.08241174,8.289611836,0.168987316,-11.13960509,-11.32367737,2.00504724,64.75845855,75.19812006,23.60888912,60.28498502,-0.951372748,-27.77524617,2.3365368,1.774,-0.804,22.26178369,0.902557536,,,35800,137.23,1292.6,
fewalter,717,,,,,,,,-7.337714485,1.293192885,24.89038343,10.08302655,6.057604188,-12.79071413,-27.31051345,2.072648165,72.55168591,61.10841108,102.7134302,81.21306417,67.38118161,-46.94717694,15.63105251,1.774,-0.804,44.76761427,0.209000574,,,35800,137.23,1292.6,
fewalter,718,,,,,,,,-0.53712826,-24.21966325,8.830154942,74.68321094,79.57682989,0.047453205,-5.875898562,6.881771145,89.66647235,87.42294578,44.06106777,64.69812658,76.32829827,-13.73155343,33.66513709,1.774,-0.804,11.56287982,0.325271681,,,35800,137.23,1292.6,
fewalter,719,,,,,,,,-1.61774893,-31.30284123,24.75472115,50.74549096,30.44575775,3.70377685,-20.26956448,1.823158639,57.44951616,40.9463611,79.27388876,34.81195761,13.11365206,-31.89821715,21.88184122,1.774,-0.804,40.00231984,0.710146324,,,35800,137.23,1292.6,
fewalter,720,,,,,,,,-5.691019063,-11.71050477,9.911176138,39.32956388,7.752168128,-8.338872966,-7.748121266,2.03817074,64.27747729,1.981484997,51.89928226,61.12282897,1.030693269,-36.13847202,13.38402473,1.774,-0.804,11.6782877,0.298407667,,,35800,137.23,1292.6,
fewalter,721,,,,,,,,-10.7216274,4.092827188,66.01562074,7.713139384,5.119715634,-6.775651171,3.234738661,2.17035297,69.93893595,9.26917582,85.06707076,42.67258121,25.26884084,-31.85427498,37.87789796,1.774,-0.804,14.74750465,0.462255258,,,35800,137.23,1292.6,
fewalter,722,,,,,,,,-9.871030239,0.955156034,17.24045813,7.21202993,3.399019205,-0.68878852,-16.51454992,6.721355103,72.97396799,28.17018711,45.55156322,67.10329637,81.6122638,-1.184303803,23.21162031,1.774,-0.804,41.04572845,0.065665351,,,35800,137.23,1292.6,
fewalter,723,,,,,,,,-10.22313012,-29.02230949,9.776813114,36.96628508,62.49006087,-1.256087465,-8.875293423,2.023149433,82.76676124,19.17670916,78.07290647,59.41840292,5.58037563,-23.42398029,29.89184346,1.774,-0.804,37.14240714,0.65446882,,,35800,137.23,1292.6,
fewalter,724,,,,,,,,36.79285318,4.042321503,24.75472115,58.5422112,33.84624217,-6.923474175,5.087544679,1.762292543,47.95102592,70.26120134,78.953729,36.55376065,12.26911814,-31.01461505,21.84670249,1.774,-0.804,52.38898127,0.321748143,,,35800,137.23,1292.6,
fewalter,725,,,,,,,,-10.10051252,0.86874683,17.17157145,9.360598934,4.785242326,-14.41,-10.6458432,1.764631835,26.13622726,34.74304777,64.54207955,84.54084878,83.74548872,-13.43885259,22.73431218,1.774,-0.804,24.97815646,0.03526128,,,35800,137.23,1292.6,
fewalter,726,,,,,,,,73.46195791,-20.05046155,20.35422057,14.79923708,15.17017733,-12.68612224,-34.74869839,7.323787516,87.27335082,11.54429446,91.55265923,36.07522478,28.20533114,-18.07503478,26.30793133,1.774,-0.804,61.04131154,0.440789062,,,35800,137.23,1292.6,
fewalter,727,,,,,,,,-10.84162561,0.268433383,27.38577265,7.807579978,12.92362159,-7.231019227,-20.82295742,2.042124718,67.86706451,68.62065591,109.0606847,81.844389,82.97285117,-38.01271113,24.22588183,1.774,-0.804,51.42966902,0.829663164,,,35800,137.23,1292.6,
fewalter,728,,,,,,,,-8.01428029,0.68865424,18.43387463,10.17564865,6.476078208,-12.82544028,-30.35223725,1.787748786,80.27194232,37.90602589,81.07282008,84.53555358,82.49844378,-31.77790439,19.65136867,1.774,-0.804,45.47167602,0.335140555,,,35800,137.23,1292.6,
fewalter,729,,,,,,,,-10.28779084,1.739167311,11.37827978,9.909021321,1.373626814,-4.673906893,-21.40993863,2.48116384,65.40971726,7.229185831,112.1106034,72.00439521,0.034423625,-8.225233284,57.24770428,1.774,-0.804,53.72454062,0.64210119,,,35800,137.23,1292.6,
fewalter,730,,,,,,,,-7.860757227,-1.159607088,23.83307359,58.5422112,51.09498877,-7.319553231,-14.3595051,1.762292543,81.2713553,19.249156,79.0459028,39.10965222,8.87180823,-31.01461505,21.88348052,1.774,-0.804,51.71520496,0.231288118,,,35800,137.23,1292.6,
fewalter,731,,,,,,,,-6.959013799,-10.79500236,20.09881694,7.54911979,2.093522717,11.10483748,-6.909416765,6.736021364,72.13984951,41.07087713,46.17726148,42.81924723,83.90188194,-31.00426295,15.77896032,1.774,-0.804,38.15935923,0.445169991,,,35800,137.23,1292.6,
fewalter,732,,,,,,,,31.49276306,-1.423157168,23.78690526,36.60805871,49.67026267,-6.795180068,-8.982857137,1.775055028,81.03539794,96.78266294,79.77079464,41.21748437,8.411410738,-29.55398209,12.27160928,1.774,-0.804,43.32012021,0.217591675,,,35800,137.23,1292.6,
fewalter,733,,,,,,,,77.90854953,-1.307480451,23.04485626,36.64921764,68.94928334,2.631422617,5.065022197,1.760309924,81.0355196,94.39279828,79.75207181,63.27461635,-0.294661886,-29.37027403,11.61090428,1.774,-0.804,14.96758039,0.238285423,,,35800,137.23,1292.6,
fewalter,734,,,,,,,,-6.722274555,-10.68798772,25.09412767,7.438814756,2.072437111,-7.04519096,5.399826457,5.202682728,56.52306336,38.66927812,87.43107182,61.80572261,38.27598645,-31.71101753,33.4725452,1.774,-0.804,14.47191654,0.320968678,,,35800,137.23,1292.6,
fewalter,735,,,,,,,,78.49718487,-10.79500236,9.159936654,7.817490968,0.09668837,-14.11209711,-44.600335,7.417083985,81.39403735,98.63279326,64.63038652,66.68642466,38.49749892,-25.90757157,34.874629,1.774,-0.804,49.39802186,0.451342354,,,35800,137.23,1292.6,
fewalter,736,,,,,,,,-5.08089879,2.356709564,27.18484032,3.814941707,15.01973585,-7.159659324,-11.99482868,3.591533305,78.4210987,34.01270031,57.70807084,84.7844,83.07777964,-29.38656781,12.37702648,1.774,-0.804,23.92756237,0.454559168,,,35800,137.23,1292.6,
fewalter,737,,,,,,,,-10.11650862,-12.97613219,11.24821992,8.277359968,0.168987316,-11.13960509,-5.542893421,6.971488191,64.80973418,70.72486025,23.60888912,26.68084907,-0.183149864,-27.70351155,5.114446836,1.774,-0.804,14.64703349,0.880407109,,,35800,137.23,1292.6,
fewalter,738,,,,,,,,78.39350692,-15.72697439,29.9607867,7.457978605,14.47175619,-13.21838377,-6.252400131,7.30996328,59.45921746,72.55322137,84.60693529,37.14951074,22.58535481,-32.36079083,37.16851136,1.774,-0.804,49.89940229,0.835721971,,,35800,137.23,1292.6,
fewalter,739,,,,,,,,-10.86640717,-42.03930662,15.77727831,7.809459472,7.403623068,8.473575376,-20.89788522,1.83873592,37.85569582,65.52852059,25.23775857,73.4557631,71.16011585,-27.28464272,12.1320579,1.774,-0.804,2.092503048,0.837405655,,,35800,137.23,1292.6,
fewalter,740,,,,,,,,44.39751973,-17.42466589,11.560797,42.85231526,93.01819539,-4.666787324,-6.013017733,2.043815569,75.52267174,74.51393831,55.93941481,58.88527414,9.719764058,-23.13004795,13.85112553,1.774,-0.804,60.23776937,0.344697084,,,35800,137.23,1292.6,
fewalter,741,,,,,,,,44.98603227,-14.61664183,11.30833329,8.774721277,14.13275644,-5.308497187,-33.52140855,7.308371974,13.97046321,46.68493913,45.2588223,2.454328118,33.26450762,-4.191424339,4.09967756,1.774,-0.804,91.40667663,0.756136212,,,35800,137.23,1292.6,
fewalter,742,,,,,,,,-7.225146438,-12.32430792,24.14122144,7.74602313,5.772925678,-6.882056033,-12.56919017,6.735283085,72.20458089,18.86155834,47.55836285,40.65357078,13.65274837,-28.63132856,2.043052345,1.774,-0.804,92.29811307,0.322406861,,,35800,137.23,1292.6,
fewalter,743,,,,,,,,46.27102965,-15.86331231,18.21490052,9.849541296,15.10461528,0.760828017,-17.08394195,7.307178243,55.5221848,73.69508586,85.08377813,36.04232821,25.91249617,-34.55324276,37.36726434,1.774,-0.804,43.4639805,0.046830021,,,35800,137.23,1292.6,
fewalter,744,,,,,,,,-7.933454273,-12.26920955,28.43200189,7.148259862,5.418825246,-0.81664113,-16.72586796,6.959188032,72.93551368,40.56381192,44.58791011,62.30018499,83.1832563,-29.03046512,34.58256597,1.774,-0.804,91.94551351,0.719680094,,,35800,137.23,1292.6,
fewalter,745,,,,,,,,-7.124766192,-10.79500236,28.49797815,7.10608141,2.720199292,-13.35704944,-16.97481752,6.736021364,62.15713608,40.6954283,65.0766792,55.56588194,78.88525641,-30.81103464,36.52672804,1.774,-0.804,76.29256889,0.838945861,,,35800,137.23,1292.6,
fewalter,746,,,,,,,,-5.413213906,-30.19627302,11.53692884,8.35727881,6.839720123,-1.841017625,-22.71045783,6.605839739,13.28664227,77.8932699,16.4807427,59.45350453,33.16856566,-0.32831182,6.269532453,1.774,-0.804,90.7148965,0.747898796,,,35800,137.23,1292.6,
fewalter,747,,,,,,,,36.35560664,4.045819365,17.19361739,35.96635795,49.18116205,-3.826548221,-10.03986256,1.769563297,75.81119998,71.92267556,103.3301435,72.47840109,25.44816721,-37.66385499,47.13411405,1.774,-0.804,44.08108538,0.78140871,,,35800,137.23,1292.6,
fewalter,748,,,,,,,,46.69159415,-13.2435618,11.56360033,59.43924825,80.58550306,-3.830516563,-9.113836055,6.551467365,54.64132323,14.41548768,8.137228039,74.1290437,68.54804764,-33.85578035,15.3229678,1.774,-0.804,51.77509588,0.924223097,,,35800,137.23,1292.6,
fewalter,749,,,,,,,,-10.63927603,-10.79500236,28.45529683,7.10608141,2.865782293,-5.520046134,-17.78526978,2.161145025,72.47307673,40.55772788,64.90159565,61.90796005,81.95862926,-28.09703176,35.05872094,1.774,-0.804,34.77364396,0.830157733,,,35800,137.23,1292.6,
fewalter,750,,,,,,,,77.31220707,-21.8233846,20.35422057,14.79923708,15.69150866,-0.973153072,-14.11086294,7.323787516,80.97004799,98.05383788,92.49304959,36.07522478,27.32336361,-29.26160937,31.46491189,1.774,-0.804,61.18269006,0.440789062,,,35800,137.23,1292.6,
fewalter,751,,,,,,,,-10.90733369,0.708379434,18.27128081,7.807579978,3.239835113,-12.82302872,-29.7358415,1.78450361,71.93387305,36.22609974,80.51126733,84.34799586,79.58389022,-31.78436897,24.88368974,1.774,-0.804,41.82518737,0.863486933,,,35800,137.23,1292.6,
fewalter,752,,,,,,,,-10.16457832,0.765882993,24.75043621,41.00589575,26.55460809,7.94095119,-11.62712385,1.838369783,80.2578849,68.54688964,79.9200815,43.86511511,16.57683319,-27.15392478,24.08189232,1.774,-0.804,47.48235307,0.457321033,,,35800,137.23,1292.6,
fewalter,753,,,,,,,,-10.2871783,-11.60823866,32.41832878,7.955876605,3.20644439,-13.38117036,5.687012397,1.845490832,71.93392513,36.11644221,86.73872566,83.84285129,82.97038092,-33.40653943,26.46006595,1.774,-0.804,41.83761608,0.11648229,,,35800,137.23,1292.6,
fewalter,754,,,,,,,,-8.825513849,-32.21953859,15.34501268,7.447777729,5.517414166,-8.370551346,-7.733387702,1.78078874,63.78467206,20.88420807,22.99327464,84.12603701,80.46041585,-30.25718511,13.43990255,1.774,-0.804,12.78484497,0.897369671,,,35800,137.23,1292.6,
fewalter,755,,,,,,,,45.22404939,-13.23180012,10.25719593,9.449754634,33.93189436,-13.71834623,-39.06184991,2.507428137,70.83340817,56.04022833,81.18887372,83.65582985,8.397206855,-52.11046946,10.38191352,1.774,-0.804,10.64820139,0.010093293,,,35800,137.23,1292.6,
fewalter,756,,,,,,,,41.56590836,-11.78017947,10.32459785,5.698243351,29.39108822,-11.52786884,-45.21,5.24698446,42.60269014,74.92310026,60.72302953,42.20281121,83.9024,-10.69688348,-1.099784518,1.774,-0.804,30.87134024,0.757453344,,,35800,137.23,1292.6,
fewalter,757,,,,,,,,41.56590836,-11.78017947,10.32459785,5.698243351,29.39108822,-11.52786884,-45.21,5.24698446,42.60269014,74.92310026,60.72302953,22.58107871,83.9024,-10.69688348,-1.099784518,1.774,-0.804,30.87134024,0.635873197,,,35800,137.23,1292.6,
fewalter,758,,,,,,,,37.04234275,-13.97485152,21.75855501,5.740465217,29.2476856,-10.94807093,-28.14298903,5.0034498,37.86749267,70.49519613,64.1768731,42.60200695,82.25427838,-12.11389051,-1.414,1.774,-0.804,60.63930434,0.574875042,,,35800,137.23,1292.6,
fewalter,759,,,,,,,,40.89509564,-18.67821676,11.54051434,3.89589003,33.98857984,-4.987810141,-40.11274708,1.995817118,9.380053768,75.94909857,163.0763263,47.22668194,34.28928035,-24.49995826,-0.612538123,1.774,-0.804,1.586726998,0.940764209,,,35800,137.23,1292.6,
fewalter,760,,,,,,,,41.56590836,-11.78017947,10.32459785,5.698243351,29.39108822,-11.52786884,-45.21,5.24698446,30.07941396,74.92310026,60.72302953,42.20281121,83.9024,-10.69688348,-1.099784518,1.774,-0.804,5.860567592,0.635873197,,,35800,137.23,1292.6,
fewalter,761,,,,,,,,30.82405433,-7.672745974,72.75150572,8.628181791,13.50914384,8.859933399,-16.58183694,7.363118126,90.18756888,63.36249875,109.7215292,13.17401721,45.6267322,-50.11104007,54.09646826,1.774,-0.804,96.68502534,0,,,35800,137.23,1292.6,
fewalter,762,,,,,,,,34.09918447,-30.78446736,16.56564396,43.71442279,12.27383405,-4.21947319,-42.31455335,1.776882754,37.06456449,81.73429618,113.2280646,65.29721649,12.56408592,-51.25096025,34.50054934,1.774,-0.804,70.80545021,0.869656465,,,35800,137.23,1292.6,
fewalter,763,,,,,,,,35.5485092,-12.10346727,9.773012387,5.198174834,39.36652422,-5.060252152,-45.21,1.76,14.47110139,52.317192,37.48513577,42.29517445,31.90645587,-28.15442326,5.469446354,1.774,-0.804,7.40075099,0.645567581,,,35800,137.23,1292.6,
fewalter,764,,,,,,,,-7.970443041,-21.40156571,19.09575175,49.56249811,60.95724716,-1.264394067,-28.75867655,1.800096325,41.62674601,68.58559802,119.6129621,70.59305595,17.09722954,-52.3545,26.22988196,1.774,-0.804,94.73010636,0.669595178,,,35800,137.23,1292.6,
fewalter,765,,,,,,,,23.48788914,-29.86909181,22.03568158,31.74116132,64.99401198,-4.154000118,-32.10439427,1.76,73.0389117,55.82620354,144.5937767,81.64745677,13.78421593,-52.20551365,23.94818883,1.774,-0.804,97.625,0.271447966,,,35800,137.23,1292.6,
fewalter,766,,,,,,,,34.37566824,4.192917414,21.30488222,45.88973272,43.1701132,-6.842623512,-11.566612,2.274284534,12.7183884,56.51954407,131.6855187,83.93140761,35.27449717,-45.05044189,33.6726398,1.774,-0.804,52.99549288,0.755478483,,,35800,137.23,1292.6,
fewalter,767,,,,,,,,36.41735312,3.715630137,11.536361,67.88048072,38.15208452,-13.99791452,-6.85360826,5.513340075,63.82513854,74.5793539,25.61896112,79.21491205,67.53362486,-7.443982028,32.89477772,1.774,-0.804,96.83561412,0.708153284,,,35800,137.23,1292.6,
fewalter,768,,,,,,,,64.01573464,-29.49851908,13.7503702,6.479677057,20.67057723,-6.373889023,-31.25260691,1.76,45.08043862,21.60334098,32.53714421,76.34335068,73.04495505,-0.335793828,-1.183382603,1.774,-0.804,65.74833547,0.840183043,,,35800,137.23,1292.6,
fewalter,769,,,,,,,,35.67905409,-13.09164954,9.881822271,5.92671802,40.4603704,-4.927344998,-43.6520166,1.790376737,17.88453832,55.44401356,38.21212239,44.27804596,32.88358337,-27.47747496,4.725361079,1.774,-0.804,8.784380229,0.678798665,,,35800,137.23,1292.6,
fewalter,770,,,,,,,,40.06913123,-24.1096949,29.3773062,40.88830509,90.15302147,-5.343159486,-16.25466395,1.76,93.81333297,51.02305314,105.0070577,78.1006074,14.98762352,-34.12314663,0.045104035,1.774,-0.804,87.46220793,0.419421441,,,35800,137.23,1292.6,
fewalter,771,,,,,,,,38.3986839,-6.985414672,13.68455402,9.442380674,14.5586968,8.620560226,-39.05173744,6.736302676,77.71933334,62.52261953,106.4521143,15.5868902,44.39743736,-52.26279561,48.53466735,1.774,-0.804,93.99392223,0.040542005,,,35800,137.23,1292.6,
fewalter,772,,,,,,,,7.720677734,0.016681664,22.31482637,51.35425619,88.94948031,1.882376274,-42.69410879,2.474997419,25.1193793,43.391602,113.6061253,70.65032383,2.710139086,-41.6462025,8.666780784,1.774,-0.804,97.625,0.738239555,,,35800,137.23,1292.6,
fewalter,773,,,,,,,,38.06087466,4.847320898,12.20896718,44.74640675,28.87684192,-9.047581561,-19.62584672,1.760312736,0,76.82487872,74.29315331,84.72538318,46.59770889,0.4454,43.07481063,1.774,-0.804,44.27036121,0.80881836,,,35800,137.23,1292.6,
fewalter,774,,,,,,,,61.38688475,-30.89683731,23.25498877,41.19225788,79.87331845,7.749381245,-29.59376247,2.327723141,75.96895313,70.24699965,101.438248,68.87573669,16.40937832,-31.50982669,6.097438899,1.774,-0.804,89.9389304,0.517099765,,,35800,137.23,1292.6,
fewalter,775,,,,,,,,40.69293854,-22.46211601,8.754975718,5.334768851,34.20695821,-6.644883398,-22.87285169,5.104832838,13.32662167,64.86648056,21.11712809,68.31112577,22.8522073,-30.18467672,-1.300303141,1.774,-0.804,25.19556116,0.957,,,35800,137.23,1292.6,
fewalter,776,,,,,,,,34.8517303,-12.89937946,11.57274874,7.897489487,22.61885932,8.342362142,-41.25682657,6.877243593,13.67039467,58.46354506,41.77243489,79.89809345,53.14660262,-20.54298287,9.115929135,1.774,-0.804,37.03815375,0.226407398,,,35800,137.23,1292.6,
fewalter,777,,,,,,,,37.36239973,-22.54939451,10.62267139,6.432948251,35.38953741,-4.69171511,-24.97008651,5.111012686,30.46940604,57.31876247,78.58825807,66.18492804,16.55460584,-30.43064756,4.060075969,1.774,-0.804,4.045344485,0.889540704,,,35800,137.23,1292.6,
fewalter,778,,,,,,,,40.21686607,-17.28103918,12.20762979,4.136741254,34.5498462,-5.156792769,-4.51805372,2.020408185,12.81884955,59.61885218,154.4997398,48.04752544,34.63852636,-23.32569989,1.780821199,1.774,-0.804,2.894834861,0.720681571,,,35800,137.23,1292.6,
fewalter,779,,,,,,,,35.72039336,-13.73720082,10.63946671,6.263526482,42.83663539,-5.73856042,-41.59236992,1.76753174,6.187899497,53.70770641,30.95699121,46.52562621,17.90631342,-16.0948587,5.331393095,1.774,-0.804,9.503991749,0.434449167,,,35800,137.23,1292.6,
fewalter,780,,,,,,,,37.37927415,-13.58284964,9.67037847,7.183516187,41.01693735,-3.18642781,5.72,2.255707279,4.287959341,56.76957362,21.70122241,51.18838627,41.01578491,-18.69056687,-1.414,1.774,-0.804,7.662773927,0.852796113,,,35800,137.23,1292.6,
fewalter,781,,,,,,,,37.92189786,-8.983613973,12.36784419,31.67466567,74.21454892,-6.401745266,-21.82075333,1.95487904,55.17880041,64.78563964,44.76603164,79.3733709,66.9016436,-28.04312721,0.070495527,1.774,-0.804,37.15688967,0.860533703,,,35800,137.23,1292.6,
fewalter,782,,,,,,,,49.87602552,-17.46928314,9.321806272,6.277703779,29.83939596,-4.3716109,-42.61877242,2.430174622,12.93559632,53.35593948,22.33518975,11.38086457,2.675846137,-30.4541838,8.078845531,1.774,-0.804,1.6739689,0.784183632,,,35800,137.23,1292.6,
fewalter,783,,,,,,,,46.43700195,-15.26385872,8.537515707,8.10965,33.85093613,-13.88118047,-40.3654685,3.181215097,12.36593855,57.66340058,70.54826004,78.63608065,13.8815064,-30.11659405,12.75881041,1.774,-0.804,0,0.916409887,,,35800,137.23,1292.6,
fewalter,784,,,,,,,,40.17768129,-25.11101829,10.52031447,8.863894621,35.94103296,-4.407412329,-44.28887502,5.440613583,29.29368669,55.77308098,72.87872349,67.28516938,4.839573168,-31.30962847,9.781356991,1.774,-0.804,2.979022977,0.843873907,,,35800,137.23,1292.6,
fewalter,785,,,,,,,,64.01573464,-30.26958567,13.7503702,6.479677057,20.67057723,-6.373889023,-10.58177134,1.76,45.25581945,21.69702367,32.53714421,76.31791006,73.42715347,0.400477398,-1.382669071,1.774,-0.804,65.74833547,0.840183043,,,35800,137.23,1292.6,
fewalter,786,,,,,,,,36.38527886,-13.64891081,10.47136601,9.107255412,43.58724992,-5.792752459,-39.43274124,2.039790094,12.24910195,55.2396709,38.19156999,50.67312046,15.09439014,-17.78931141,6.696924542,1.774,-0.804,0.698676632,0.943400538,,,35800,137.23,1292.6,
fewalter,787,,,,,,,,35.56763129,4.671403051,11.59542854,45.6921467,51.9716675,-7.080701488,-10.85783367,2.060389526,12.71015427,73.56289174,80.33496996,83.75273054,34.19642911,-8.128811297,31.87992528,1.774,-0.804,52.90184905,0.898797254,,,35800,137.23,1292.6,
fewalter,788,,,,,,,,63.61264983,-29.04102921,13.7503702,6.48674556,20.67057723,-6.373889023,-31.25260691,1.76,45.08043862,21.03926619,32.53714421,76.34335068,73.04495505,-0.024987772,-0.539525763,1.774,-0.804,2.145724822,0.840183043,,,35800,137.23,1292.6,
fewalter,789,,,,,,,,40.21686607,-17.28103918,12.20762979,6.315252248,34.5498462,-5.156792769,-9.822621571,2.020408185,12.82064881,84.92079422,154.4997398,46.59679705,34.63334811,-22.83024897,1.780821199,1.774,-0.804,2.894834861,0.720681571,,,35800,137.23,1292.6,
fewalter,790,,,,,,,,37.960463,0.270661055,12.20896718,30.88748511,27.85860456,-9.047581561,-13.92499211,1.76,6.189975231,77.31497602,76.82319272,84.68017318,47.18567684,0.439063148,43.07481063,1.774,-0.804,44.27036121,0.819027152,,,35800,137.23,1292.6,
fewalter,791,,,,,,,,39.60367492,-23.05143315,9.122177758,5.691351635,33.28974897,-7.666340443,-22.50720468,5.14883731,54.38719565,58.08693054,43.74999984,71.27160275,6.535052598,-30.76227608,-1.025926996,1.774,-0.804,27.60622743,0.192630135,,,35800,137.23,1292.6,
fewalter,792,,,,,,,,36.95467278,-25.47593114,21.04590114,43.96414436,61.64709742,-5.173629133,-21.10090579,1.76,93.94628497,66.12305367,95.95146714,75.97464963,15.66475212,-25.16850701,0.256182441,1.774,-0.804,97.625,0.636281249,,,35800,137.23,1292.6,
fewalter,793,,,,,,,,36.61111606,-24.3595692,10.03348829,69.17809378,45.74271921,3.962820035,-19.76503917,3.513520057,52.73449365,39.83425716,92.61232922,75.58691271,8.293447252,-23.86898287,52.15517023,1.774,-0.804,94.6210137,0.4914784,,,35800,137.23,1292.6,
fewalter,794,,,,,,,,32.20945522,-9.582097569,10.81177975,8.301074281,27.00063298,-6.330335379,-38.25873806,2.340937119,27.8079528,42.7466982,163.6967079,13.25689006,5.845197814,-24.18091582,5.443829697,1.774,-0.804,10.55383923,0.904450639,,,35800,137.23,1292.6,
fewalter,795,,,,,,,,70.91765839,-31.98808503,18.10896971,4.881927839,87.80431716,1.062360797,-9.787887986,1.760885752,43.50434626,49.69826578,64.25470646,83.0452005,2.36274645,-11.5347817,0.392487809,1.774,-0.804,0.759902562,0.861570982,,,35800,137.23,1292.6,
fewalter,796,,,,,,,,34.49679945,-14.12172479,10.63137551,8.809618604,41.56408011,-4.751574935,-42.69600252,1.791254543,19.20654773,58.15767379,42.2316561,45.44798276,28.54159319,-28.08175369,6.518601685,1.774,-0.804,12.67671131,0.706450424,,,35800,137.23,1292.6,
fewalter,797,,,,,,,,32.37230075,-21.47121052,17.9480663,48.72775534,8.621583077,9.308624039,-13.92220283,2.007587811,19.06732265,65.00475171,125.6337125,82.65574607,35.24738071,-37.13183081,37.78736472,1.774,-0.804,71.93461587,0.47687573,,,35800,137.23,1292.6,
fewalter,798,,,,,,,,38.01815915,-6.257709051,19.06028522,12.86365558,10.20341683,9.588463327,-24.78815492,6.997152599,48.31220291,61.37983804,149.9282423,37.56369734,45.91570672,-30.16929828,56.42600406,1.774,-0.804,91.63914613,0.635656114,,,35800,137.23,1292.6,
fewalter,799,,,,,,,,37.13029207,-11.31769001,11.50427341,6.766529013,24.85294888,-8.872076143,-33.91953141,1.837125973,31.62386533,60.1782587,82.05750991,17.06354977,4.894153424,-24.09148181,9.668857787,1.774,-0.804,12.17450201,0.947072611,,,35800,137.23,1292.6,
fewalter,800,,,,,,,,20.89733423,-4.167667188,13.08460987,9.2098043,26.9627748,7.285753033,-45.21,1.769966466,52.04671847,22.42133244,42.35901226,79.94335796,78.35457374,-4.472264422,-0.652809258,1.774,-0.804,67.61788221,0.229506596,,,35800,137.23,1292.6,
fewalter,801,,,,,,,,19.34757862,0.218418605,12.92106282,3.948582845,22.09530327,9.599952562,-45.21,1.78975629,50.30408685,14.64273699,40.91086683,81.05919853,83.9024,-2.204114519,-1.414,1.774,-0.804,65.90221643,0.137089878,,,35800,137.23,1292.6,
fewalter,802,,,,,,,,33.73057304,1.8364065,8.568600384,44.4517158,51.28788271,7.800363734,-13.32430688,1.882153702,17.66075706,74.86187934,63.61674805,82.8252444,14.1712211,-2.187747853,25.20919613,1.774,-0.804,87.2027381,0.740194853,,,35800,137.23,1292.6,
fewalter,803,,,,,,,,17.48861239,-26.13073764,23.77932664,30.40302779,100,7.137643181,-25.37536047,1.76,36.40712853,62.24260466,125.8868838,68.52037317,12.74910194,-51.47221588,28.17804469,1.774,-0.804,88.5800624,0.527206578,,,35800,137.23,1292.6,
fewalter,804,,,,,,,,40.8861524,-18.87020359,11.70491972,3.89589003,34.33013314,-1.478517335,-40.11274708,2.005704336,12.84842345,73.82247588,36.78781513,80.76666324,35.49453427,-30.33501939,-0.596104304,1.774,-0.804,5.166223318,0.941901659,,,35800,137.23,1292.6,
fewalter,805,,,,,,,,4.053409914,-24.43318786,11.59659371,45.64815134,38.986008,-7.099063161,-9.734673709,1.985832744,40.02070592,85.41106107,80.7742747,80.10340286,35.81036604,0.078935922,34.58134688,1.774,-0.804,97.54846404,0.805912663,,,35800,137.23,1292.6,
fewalter,806,,,,,,,,33.55116326,-18.60397935,9.544583705,6.540426351,42.6470947,-5.000752524,-42.38859259,5.052088127,84.69038712,73.327177,30.95699121,47.60839088,34.70154271,-25.6532101,4.277052723,1.774,-0.804,8.494262884,0.552380438,,,35800,137.23,1292.6,
fewalter,807,,,,,,,,36.79246128,-24.28824495,21.24873111,46.31403493,83.87948643,-3.880355536,-9.625117624,2.539574389,28.34727099,89.51348979,98.30005318,73.44969431,14.91921316,-26.9475916,-0.404770201,1.774,-0.804,91.30061726,0.592049066,,,35800,137.23,1292.6,
fewalter,808,,,,,,,,78.90273195,4.806072728,11.54355762,45.89107558,97.01287245,9.685219761,-11.566612,2.274284534,12.7183884,73.5109314,62.42293766,83.93140761,34.92190594,0.4454,26.63905373,1.774,-0.804,53.35576991,0.778121905,,,35800,137.23,1292.6,
fewalter,809,,,,,,,,33.48677928,-21.73184549,21.7266581,38.90932902,85.77556456,-2.233391929,-18.49284987,1.76,100,75.29775978,94.07781225,74.58593669,15.68637757,-25.02933152,-1.414,1.774,-0.804,97.625,0.473442678,,,35800,137.23,1292.6,
fewalter,810,,,,,,,,47.91760781,-11.50900907,11.55079117,9.204924272,31.81665037,-5.022295696,-39.524269,1.76,71.95387907,54.91730297,32.99118953,51.69332423,37.10611043,-51.25036345,4.844872381,1.774,-0.804,3.002072416,0,,,35800,137.23,1292.6,
fewalter,811,,,,,,,,39.44751163,-18.25910071,17.51179746,7.286719111,24.09820519,4.895025489,-44.04255754,5.159741604,72.63853076,75.0963709,23.5388335,71.17964947,37.59514245,-29.91442796,28.38725209,1.774,-0.804,37.5837209,0.922318794,,,35800,137.23,1292.6,
fewalter,812,,,,,,,,33.29461819,-29.48462147,13.05189229,44.88816843,44.95154155,-5.223011783,-21.79064756,3.415011566,23.5686338,64.78786534,72.39235831,67.44825896,25.73336099,-1.992097525,33.89739592,1.774,-0.804,52.18620234,0.726819329,,,35800,137.23,1292.6,
fewalter,813,,,,,,,,38.12539243,-14.74045658,9.71608485,3.025682804,48.81963642,-8.673640672,-8.825719324,1.76,3.392418028,52.87206798,22.31436881,48.83295077,15.28403987,-15.0689091,3.213693067,1.774,-0.804,4.445916054,0.485062966,,,35800,137.23,1292.6,
fewalter,814,,,,,,,,36.07161341,-37.59177502,12.32533082,74.36271406,0,-10.87268028,-18.51954318,6.132706243,72.38603337,69.62910585,-0.035205905,74.16347903,82.7259263,-28.52822034,-1.414,1.774,-0.804,97.625,0.837572002,,,35800,137.23,1292.6,
fewalter,815,,,,,,,,60.93299352,-30.89683731,23.25498877,42.39772939,27.84471375,7.749381245,-29.59376247,2.327723141,24.87092296,70.24699965,101.438248,68.87573669,16.40937832,-31.50982669,6.097438899,1.774,-0.804,91.41987649,0.517099765,,,35800,137.23,1292.6,
fewalter,816,,,,,,,,34.54736588,-30.93883055,21.09913253,37.05195675,86.97345632,-4.037965145,-18.09042558,2.291942096,79.61064313,67.16139815,93.00667683,73.03437251,14.6832292,-23.67921142,1.839473375,1.774,-0.804,92.99280485,0.567938476,,,35800,137.23,1292.6,
fewalter,817,,,,,,,,31.9007157,-25.31232479,12.06778494,36.03617958,28.05635114,-13.59581586,-29.55901881,1.924280413,68.60281654,63.54195618,47.76649969,84.76449209,32.27435653,-7.297561313,1.817983599,1.774,-0.804,60.01869859,0.582812861,,,35800,137.23,1292.6,
fewalter,818,,,,,,,,33.81195188,5.076060082,11.59542854,48.97924575,38.97072845,-8.118928872,-10.86212421,2.060582055,10.0682366,73.61205891,58.1746148,83.75273054,31.47229404,0.4454,25.85852563,1.774,-0.804,58.82203371,0.891953121,,,35800,137.23,1292.6,
fewalter,819,,,,,,,,34.098729,5.21,11.46695673,46.09899697,38.17277933,-6.71513298,-11.28529682,2.216170006,12.84983066,73.93307941,58.81404357,79.43570851,38.0837172,0.4454,34.00416505,1.774,-0.804,53.3226875,0.786913455,,,35800,137.23,1292.6,
fewalter,820,,,,,,,,7.296093932,-27.45204707,29.3773062,40.79130746,88.25760023,-3.139020655,-31.82046625,1.76,82.72166221,52.32414248,104.7030054,77.06658986,17.81093208,-33.97098178,0.49012536,1.774,-0.804,94.50256167,0.595842736,,,35800,137.23,1292.6,
fewalter,821,,,,,,,,33.1631024,-12.22645725,9.684420689,7.49603611,41.79027946,-5.911911446,-7.206178713,1.819004003,6.853579506,54.68263692,31.23569829,49.71501099,19.14137971,-16.08921979,1.565076306,1.774,-0.804,10.88135984,0.955010015,,,35800,137.23,1292.6,
fewalter,822,,,,,,,,32.66645067,-29.48462147,13.05189229,44.18059353,41.07926789,-5.223011783,-21.79064756,3.415011566,17.2774637,73.40330485,69.60989743,80.44569813,25.76954685,-1.603033543,33.86263012,1.774,-0.804,53.07702402,0.726819329,,,35800,137.23,1292.6,
fewalter,823,,,,,,,,19.84543014,0.009213883,14.35596837,8.434016357,25.7517321,8.338107969,-23.13455954,1.76,43.80059528,93.01118181,50.6092513,79.57597273,76.38062689,0.4454,-1.414,1.774,-0.804,62.83203775,0.36975279,,,35800,137.23,1292.6,
fewalter,824,,,,,,,,37.18061055,-22.70091681,11.09582565,76.34244678,0,-7.672556853,-6.995483176,6.430454532,36.68918318,82.51107773,2.623751551,70.49012528,76.1750689,-5.328596647,3.450087269,1.774,-0.804,97.20910914,0.716030208,,,35800,137.23,1292.6,
fewalter,825,,,,,,,,32.56559399,-34.08242211,17.27379528,6.088980522,21.33101708,-6.572048704,-20.40710964,1.76,37.82350238,25.45266713,29.76820707,84.7844,82.69805722,0.4454,2.199172792,1.774,-0.804,0.742284304,0.758138305,,,35800,137.23,1292.6,
fewalter,826,,,,,,,,36.39184637,-32.21263593,18.10896971,60.57053732,43.68645357,-5.513146923,-11.20549875,1.76,3.335247779,49.83564352,128.6370189,68.02462747,13.87237648,-40.14256338,58.67426602,1.774,-0.804,72.83119213,0.629737717,,,35800,137.23,1292.6,
fewalter,827,,,,,,,,64.68384756,-33.64093625,24.63514427,41.9551111,84.19174962,7.78745892,-30.66330129,2.107078177,83.9570375,32.4105013,91.55212374,73.38339306,14.36903747,-24.20679102,5.081964838,1.774,-0.804,94.38938443,0.485770874,,,35800,137.23,1292.6,
fewalter,828,,,,,,,,18.77396995,5.21,11.59702651,45.67924922,39.00574539,-2.205309908,-10.74460734,3.547481115,51.25033601,73.68505002,57.31950204,80.25403843,15.26982777,0.4454,16.81194184,1.774,-0.804,77.52336194,0.388498781,,,35800,137.23,1292.6,
fewalter,829,,,,,,,,45.16933591,-3.181914779,10.23442529,8.704509871,39.80857156,-9.295623036,-16.53749299,1.930243231,21.36947568,53.18317307,59.13018739,70.44545361,23.05105316,-9.450038736,38.5130251,1.774,-0.804,28.8594606,0.694397688,,,35800,137.23,1292.6,
fewalter,830,,,,,,,,36.79246128,-24.28824495,21.24873111,9.631549068,83.87948643,9.42029077,-9.674709059,2.539574389,28.34727099,54.50403181,98.30005318,73.44969431,15.13151246,-26.56781611,-0.404770201,1.774,-0.804,91.30061726,0.592049066,,,35800,137.23,1292.6,
fewalter,831,,,,,,,,46.65374218,-12.19284297,11.33910634,7.858650459,31.3317221,-5.739412085,-35.34457028,2.510176074,71.23819006,55.30801505,76.68105454,83.85323118,5.393262329,-52.32598381,5.372756458,1.774,-0.804,6.424344411,0.705695115,,,35800,137.23,1292.6,
fewalter,832,,,,,,,,14.31063943,-11.5283734,10.31615221,15.26922025,21.70795005,1.318845788,-10.27177018,5.98457867,10.11178041,48.82758628,19.38707043,76.5202054,3.448284271,-18.7332441,-1.414,1.774,-0.804,27.66975988,0.808023256,,,35800,137.23,1292.6,
fewalter,833,,,,,,,,36.66076093,1.976018937,12.45173952,30.36312686,65.41194926,-14.24350294,-32.74859173,1.76,24.82581458,62.59929343,36.00690055,83.72330492,31.91137359,-5.389965688,12.38071471,1.774,-0.804,78.34450111,0.957,,,35800,137.23,1292.6,
fewalter,834,,,,,,,,30.02310668,4.810316051,11.11029149,45.8000421,39.69376445,-6.452184305,-11.62374758,2.133588809,13.77957992,75.87269781,61.66017285,81.49511989,29.66204351,-3.09756226,35.62598637,1.774,-0.804,48.97853926,0.825520373,,,35800,137.23,1292.6,
fewalter,835,,,,,,,,35.34119389,-11.20095127,9.341056348,2.597211417,40.67973898,10.29191444,-28.83431095,1.76,5.37167756,52.58344019,21.48984831,44.66024467,33.66812181,-23.20840929,1.453106371,1.774,-0.804,4.008118042,0.903467672,,,35800,137.23,1292.6,
fewalter,836,,,,,,,,47.9404401,-23.22458854,10.62231732,6.432948251,35.38953741,-4.69171511,-25.19304397,5.192651012,28.31757344,57.31876247,78.58825807,66.18492804,16.55460584,-30.43064756,10.47204675,1.774,-0.804,4.045344485,0.889540704,,,35800,137.23,1292.6,
fewalter,837,,,,,,,,41.94666644,5.21,11.59542854,48.97924575,38.97072845,-8.343957497,-10.9371788,2.045742405,47.25204998,67.58886452,58.0295012,83.75273054,31.44337427,0.4454,31.87992528,1.774,-0.804,58.82203371,0.891953121,,,35800,137.23,1292.6,
fewalter,838,,,,,,,,-9.775069797,-19.167208,22.69136651,45.82396348,15.95131088,9.498457836,-15.28159699,2.539813552,9.320327004,72.6179169,147.2711352,74.21725514,30.89290382,-47.72917297,45.30113544,1.774,-0.804,77.72654546,0.401675377,,,35800,137.23,1292.6,
fewalter,839,,,,,,,,11.98303183,-44.29,14.11582601,6.710344541,27.73195084,-8.875667555,-15.21516165,1.76,69.06766799,56.16677013,14.28124413,60.42439163,21.72083613,-12.95333146,4.213921651,1.774,-0.804,19.52872723,0.740347628,,,35800,137.23,1292.6,
fewalter,840,,,,,,,,35.92310121,-14.46609109,10.45271371,5.921659034,43.20234767,-5.792040562,-8.77324031,1.76,5.502229383,54.3018547,30.03799546,48.01874667,18.62691134,-15.67172506,5.811644656,1.774,-0.804,8.401444514,0.426793546,,,35800,137.23,1292.6,
fewalter,841,,,,,,,,40.16190063,-9.777935778,11.15478588,7.887080869,22.62847436,-4.93705996,-41.61201483,2.035423222,12.97652433,74.52334726,74.32910946,81.21567431,3.980030349,-21.98416934,2.587350997,1.774,-0.804,6.787642681,0.151800674,,,35800,137.23,1292.6,
fewalter,842,,,,,,,,36.04413145,-17.11079753,10.01685112,7.125246429,46.65466249,-4.610122847,-45.21,1.76,18.87095358,56.66674087,43.77630653,51.58624827,24.15546701,-31.4522451,5.637147556,1.774,-0.804,10.25009276,0.77829915,,,35800,137.23,1292.6,
fewalter,843,,,,,,,,6.193754871,-43.19252465,21.16015786,40.95817869,87.39469942,10.0678275,-38.51598559,1.767505567,34.29506918,64.45445982,104.1816453,73.0905597,6.738708796,-26.60660837,-1.414,1.774,-0.804,70.91893261,0.895288467,,,35800,137.23,1292.6,
fewalter,844,,,,,,,,35.20150304,-28.80025561,8.788665816,6.569485246,37.15101556,-8.067228618,-6.304656908,2.0611849,80.73102261,65.63914715,71.81348512,84.52037946,2.825468959,-49.09425419,3.051978292,1.774,-0.804,40.13691305,0.88285925,,,35800,137.23,1292.6,
fewalter,845,,,,,,,,32.68265834,-17.54061138,14.82245617,45.7706629,7.876268406,-8.450766766,-13.68416715,2.006851774,16.3908258,69.90106853,81.06846259,80.32039814,7.428474645,-4.757535204,33.90919857,1.774,-0.804,39.83211539,0.411069848,,,35800,137.23,1292.6,
fewalter,846,,,,,,,,-10.95,-5.155157312,11.88838499,36.02341079,100,-12.71557488,-45.21,2.004177833,59.58979127,75.56818735,77.14678133,81.47681718,-1.2104,-17.24084072,15.20364304,1.774,-0.804,47.94474178,0.957,,,35800,137.23,1292.6,
fewalter,847,,,,,,,,33.55205963,-12.36749292,10.17994522,6.115742093,44.46049788,-0.416526464,-28.87018988,2.060947371,32.84333113,55.11502985,39.71071625,40.45388297,29.1512034,-26.66703281,5.75783466,1.774,-0.804,9.796086899,0.682954753,,,35800,137.23,1292.6,
fewalter,848,,,,,,,,-8.509199528,-20.19445927,22.28840496,35.41774258,56.93859916,-8.27262904,-25.81065835,2.950908555,14.41566119,69.68671438,73.55762141,62.81199101,7.859929109,-30.31079481,5.41129921,1.774,-0.804,28.53018452,0.89153866,,,35800,137.23,1292.6,
fewalter,849,,,,,,,,31.9007157,-25.31232479,12.06778494,36.03617958,28.05635114,-13.59581586,-29.55901881,1.924280413,23.69893606,63.16083994,47.76649969,84.76449209,32.27435653,-7.297561313,1.817983599,1.774,-0.804,81.32179864,0.582812861,,,35800,137.23,1292.6,
fewalter,850,,,,,,,,20.40706254,-3.462352198,12.6933358,6.471341826,23.59668714,-6.736409858,-43.98742499,1.76,46.40700633,22.55517685,32.24039447,82.33459697,78.39254711,-3.007737169,-1.178393629,1.774,-0.804,26.98584271,0.896456905,,,35800,137.23,1292.6,
fewalter,851,,,,,,,,45.7524781,-23.36588966,10.52550244,5.386811783,34.78783837,-6.09120929,-45.21,5.120905243,29.41916255,52.37493179,75.26923484,68.04752459,3.085125447,-26.83566502,6.504015795,1.774,-0.804,0,0.957,,,35800,137.23,1292.6,
fewalter,852,,,,,,,,35.55154557,-12.83128046,10.24654562,9.348330187,41.71045495,-5.390256804,-6.184930807,2.074399661,8.59165705,57.22720723,32.63134049,47.36439564,4.723035251,-22.84607036,4.754253274,1.774,-0.804,10.09472373,0.911418538,,,35800,137.23,1292.6,
fewalter,853,,,,,,,,45.10424353,-39.16644504,9.080423358,41.12767179,38.79094623,-7.813632615,-16.10524441,2.063187142,20.76833477,70.5333102,59.15345395,70.34548465,20.73917771,-9.421018587,40.13647875,1.774,-0.804,29.0364986,0.820087066,,,35800,137.23,1292.6,
fewalter,854,,,,,,,,42.59357008,-0.180405464,9.482881407,54.3594914,47.24333179,-7.468048449,-12.03201565,3.265171748,42.09454725,64.1643503,63.71411462,82.92964721,26.02802047,0.4454,31.64495462,1.774,-0.804,62.34027492,0.957,,,35800,137.23,1292.6,
fewalter,855,,,,,,,,45.15488924,-13.23180012,10.25719593,9.449754634,34.27559946,-13.48655017,-39.05029853,2.507428137,70.83340817,56.04022833,81.18887372,83.65582985,8.397206855,-52.11046946,10.38191352,1.774,-0.804,10.51614309,0.010093293,,,35800,137.23,1292.6,
fewalter,856,,,,,,,,38.39423478,-14.31789692,9.797955874,0.547771865,48.95975032,-8.896039368,-10.33175386,1.76,0,52.35964144,22.20862741,44.76659157,13.7586949,-14.67088382,2.276097263,1.774,-0.804,1.397890727,0.511197907,,,35800,137.23,1292.6,
fewalter,857,,,,,,,,36.27742962,-13.52255694,9.106222811,4.591791329,43.41688644,5.036685709,-43.81913025,1.76,64.77645747,53.91271408,29.38901026,45.81120617,57.00755265,-26.4665422,3.551430179,1.774,-0.804,6.793940142,0.88215392,,,35800,137.23,1292.6,
fewalter,858,,,,,,,,39.88923051,-7.448873154,31.85994998,8.217186826,15.36036126,10.35412742,-18.57713478,6.431382615,45.51870887,64.48723555,136.4681793,36.55380061,42.58978153,-47.9185925,53.4080734,1.774,-0.804,91.13859745,0.680341167,,,35800,137.23,1292.6,
fewalter,859,,,,,,,,36.98957754,-27.35260879,26.77958585,55.55845731,100,-4.819583811,-24.00938359,1.76,100,68.9540849,105.7188197,69.66873558,20.51116696,-29.54642202,4.570795585,1.774,-0.804,94.52968517,0.421580311,,,35800,137.23,1292.6,
fewalter,860,,,,,,,,5.785031689,-24.37858659,21.90775013,7.889525999,95.459854,-2.424024314,-30.12310121,1.76,46.79815026,56.43166237,134.4775113,70.48580783,11.72320746,-48.05938365,31.30319644,1.774,-0.804,96.22649389,0.57201967,,,35800,137.23,1292.6,
fewalter,861,,,,,,,,19.73187114,0.097392057,15.34117707,9.363426891,25.78752902,1.14731971,-44.07779348,1.76,52.04812593,20.62499517,49.9959129,84.00562827,74.33563306,0.296162502,-0.67614948,1.774,-0.804,61.24679462,0.379397862,,,35800,137.23,1292.6,
fewalter,862,,,,,,,,63.13176973,-35.05113726,15.76749589,6.179204289,30.06199875,-4.927585211,-27.04418308,2.723255814,45.23923671,28.85139939,44.1172248,81.23967769,72.49021613,0.086400909,3.655136457,1.774,-0.804,56.07320973,0.722836436,,,35800,137.23,1292.6,
fewalter,863,,,,,,,,67.78998833,-24.29503525,21.6900099,46.08361851,94.76566194,-1.529570021,-29.25040188,1.76,40.81326862,56.54771213,133.755731,70.83419393,15.81660288,-47.60485721,33.85953042,1.774,-0.804,96.06740818,0.566232933,,,35800,137.23,1292.6,
fewalter,864,,,,,,,,31.54394817,1.555331547,9.589935063,30.46042951,48.35405984,-5.69431808,-4.636022281,1.825843171,3.432494502,71.47277277,68.79149252,82.12663151,18.2106719,-2.858072076,31.87868429,1.774,-0.804,42.72118901,0.742267062,,,35800,137.23,1292.6,
fewalter,865,,,,,,,,36.40359584,-10.03573794,21.07943705,38.51292567,85.85589184,7.040565646,-30.09908579,1.76,91.46862738,67.08458052,97.62002206,75.28934016,13.85021837,-27.51927989,-0.505225652,1.774,-0.804,96.46423379,0.639547996,,,35800,137.23,1292.6,
fewalter,866,,,,,,,,41.04020852,-8.365801269,21.07943705,38.51292567,21.3571873,-3.47464344,-30.09908579,1.780967842,94.2586403,67.0676476,97.13162918,75.26043099,13.84958782,-26.96524733,-0.505225652,1.774,-0.804,96.46423379,0.639547996,,,35800,137.23,1292.6,
fewalter,867,,,,,,,,-8.153197535,3.472690917,51.17243967,46.38136875,46.27465583,-3.857024978,4.081757697,1.761763797,24.43391862,62.20760589,130.7506061,84.7844,5.631522112,-51.76541693,3.000469389,1.774,-0.804,24.51540373,0.147223351,,,35800,137.23,1292.6,
fewalter,868,,,,,,,,-10.67840434,-1.489567626,10.19353119,7.849693981,40.12346692,5.604694631,3.467979694,3.465960973,74.65244219,95.12436507,-3.08103906,0.683159536,28.27609702,-3.079157422,-0.79435,1.774,-0.804,0.443748976,0.166413885,,,35800,137.23,1292.6,
fewalter,869,,,,,,,,52.21309511,4.633196325,11.74906751,40.86625625,96.08161318,8.058909879,1.06142484,1.76,58.65166578,90.66960125,-3.561572987,48.25110977,27.54799063,-1.498327441,-0.899195465,1.774,-0.804,58.08256307,0.570664455,,,35800,137.23,1292.6,
fewalter,870,,,,,,,,43.45664861,-7.121979396,10.18224984,9.61428031,83.68296313,-9.393678657,-3.167393259,1.815331842,6.42386379,29.48371913,13.78143966,51.82995882,71.16137603,-2.266857824,6.355104471,1.774,-0.804,11.1127594,0.638201165,,,35800,137.23,1292.6,
fewalter,871,,,,,,,,14.93607039,-6.24532775,30.27857839,71.16223799,55.06892431,7.953948958,-30.66528195,1.76,38.31774033,69.42522568,6.09021635,24.8075716,3.291640598,0.4454,1.134542913,1.774,-0.804,8.172954568,0.210233546,,,35800,137.23,1292.6,
fewalter,872,,,,,,,,59.57553754,-0.340043658,11.6765478,57.54428363,63.07222928,8.179332701,-0.102209262,2.217581108,53.01542966,99.65735343,10.5000395,44.93853711,6.64552027,0.4454,8.442577838,1.774,-0.804,42.82246619,0.770625351,,,35800,137.23,1292.6,
fewalter,873,,,,,,,,49.43867319,-1.95814296,10.41860082,8.685100343,88.64849294,-5.180310163,-4.636103043,1.7915178,47.15907205,99.97453002,12.30154278,44.1182761,25.98210767,-1.445436586,9.358990503,1.774,-0.804,7.556047025,0.029216713,,,35800,137.23,1292.6,
fewalter,874,,,,,,,,12.00363126,-22.67412104,19.83035672,3.751682531,6.860197316,-6.304455557,-3.100009083,1.766728012,93.51864827,18.98841622,10.95652511,18.84731521,74.6859183,-0.276759857,1.226536476,1.774,-0.804,11.64831455,0.345712943,,,35800,137.23,1292.6,
fewalter,875,,,,,,,,43.8887722,-39.06973212,20.8981099,3.849553139,14.23833509,-6.794707982,-6.556419842,1.763913722,59.84659127,99.75363541,7.714327007,24.91832959,17.16277214,0.4454,1.96849047,1.774,-0.804,11.11052622,0.783397381,,,35800,137.23,1292.6,
fewalter,876,,,,,,,,14.54753289,-30.04658954,21.06098684,66.49763661,46.80992443,8.669719336,-24.20759434,1.760000883,83.10301031,100,64.60511055,51.30293797,17.28083141,-0.754822984,6.27853125,1.774,-0.804,56.52055482,0.310047536,,,35800,137.23,1292.6,
fewalter,877,,,,,,,,28.96620105,-41.94154569,16.73421506,4.895136435,40.81076647,10.56371015,-1.258916328,1.76,44.9466528,94.66940473,-3.663388541,51.58341275,42.59033256,-23.13032719,9.517309456,1.774,-0.804,5.181250165,0.933918721,,,35800,137.23,1292.6,
fewalter,878,,,,,,,,-8.169721018,3.286979921,10.62574199,61.6203356,89.61868943,6.792178724,-1.825364196,1.761090555,38.85290184,97.43069145,12.32174455,31.67478169,28.84110589,-1.340645896,6.541894878,1.774,-0.804,10.85634955,0.623560596,,,35800,137.23,1292.6,
fewalter,879,,,,,,,,46.1557324,5.189566978,10.17995919,61.0732793,90.11491094,5.305726021,-3.413779676,1.77606275,58.21830366,98.36930076,10.4007239,32.45760136,27.79110974,-0.03325884,5.907414731,1.774,-0.804,10.42950244,0.40641675,,,35800,137.23,1292.6,
fewalter,880,,,,,,,,46.06247246,-1.942100331,10.19008898,61.0732793,89.7516298,8.312325152,-5.558630642,2.052725772,38.01403081,2.490478033,10.37188889,22.61453191,26.16370652,-0.484286066,5.92538554,1.774,-0.804,10.42950244,0.407153488,,,35800,137.23,1292.6,
fewalter,881,,,,,,,,-8.640896391,-41.36931991,15.83342652,3.073175477,7.913609569,7.025252371,-2.263839328,1.765474094,70.4951162,16.68136362,10.78921,33.1541007,61.60202245,-0.522393932,0.31688363,1.774,-0.804,27.4640389,0.867504123,,,35800,137.23,1292.6,
fewalter,882,,,,,,,,43.2832622,3.618481352,10.18166396,7.321955702,83.68296313,-9.393678657,-18.94195602,1.815331842,6.42386379,29.48371913,13.78143966,51.82995882,71.16137603,-2.266857824,6.253093798,1.774,-0.804,11.1127594,0.729887782,,,35800,137.23,1292.6,
fewalter,883,,,,,,,,46.1557324,4.603270879,10.18601998,61.0732793,90.11491094,5.305726021,-3.413779676,1.776063462,58.21830366,95.55059741,10.02675974,32.45760136,27.79110974,-0.066382475,3.496950944,1.774,-0.804,12.74747594,0.394512586,,,35800,137.23,1292.6,
fewalter,884,,,,,,,,57.56370271,-28.55586504,10.35835303,61.67633805,88.69270647,-0.655629066,-7.669903785,1.802305347,54.09049774,93.82768067,12.32103148,55.35392388,30.04592426,0.370073405,11.69951717,1.774,-0.804,7.698106416,0.635350279,,,35800,137.23,1292.6,
fewalter,885,,,,,,,,46.48370422,-6.611573134,10.17289168,17.49416609,83.90366462,7.600372904,-4.662185859,1.762674378,41.86490393,99.1669709,12.49923179,44.8027987,24.04199481,-2.259787879,6.584474142,1.774,-0.804,10.88229256,0.647147023,,,35800,137.23,1292.6,
fewalter,886,,,,,,,,21.17424009,-8.946932668,20.86441511,33.30811293,88.28731383,6.622933276,-26.20972973,1.76,57.78266597,63.07278556,67.89611067,57.46302142,21.83110695,-6.836240776,5.545611833,1.774,-0.804,54.67268912,0.645129034,,,35800,137.23,1292.6,
fewalter,887,,,,,,,,44.72468925,2.027139133,9.095978841,48.65545323,47.76493304,-5.896567507,-0.53249363,1.771056443,39.45930108,97.55016361,9.864585409,27.17495886,30.08416842,-1.564086487,6.513021484,1.774,-0.804,7.550338614,0.256260745,,,35800,137.23,1292.6,
fewalter,888,,,,,,,,-8.640896391,-41.45170503,15.83342652,3.098327841,7.913609569,7.025252371,-2.263839328,1.764033019,91.97447787,16.68136362,10.83591231,24.91130164,61.60202245,0.419077705,0.241339535,1.774,-0.804,27.36975268,0.866174332,,,35800,137.23,1292.6,
fewalter,889,,,,,,,,47.82612642,-2.355139245,13.16779315,6.75105397,35.29047641,1.854490893,0.700470033,1.801281228,34.98741427,26.14769018,13.75535901,52.61447383,49.43462496,-2.582185286,6.738262357,1.774,-0.804,15.98716926,0.682082243,,,35800,137.23,1292.6,
fewalter,890,,,,,,,,-1.738344673,0.423370777,23.57618591,8.687551614,38.14960212,6.645182628,-1.180365754,1.760160972,55.16793783,92.72350637,105.6248294,51.27913772,-0.075015003,-44.35823794,23.15463799,1.774,-0.804,61.22893564,0.235892353,,,35800,137.23,1292.6,
fewalter,891,,,,,,,,52.41395446,-40.3520027,20.15680277,3.47283948,6.860197316,-6.842865597,-0.970301687,1.765502196,93.51864827,20.08050881,10.95652511,20.27964719,77.69427694,-0.263142865,1.016129615,1.774,-0.804,54.66782317,0.345712943,,,35800,137.23,1292.6,
fewalter,892,,,,,,,,46.89647139,-40.52103878,19.76099288,73.57311743,12.30188603,-2.582951873,1.067528577,2.058099201,71.85255472,70.10122245,55.66116292,50.44730029,6.170028669,-11.03966676,-1.414,1.774,-0.804,53.77104139,0.694752696,,,35800,137.23,1292.6,
fewalter,893,,,,,,,,57.56370271,-28.55586504,10.41233069,17.52191727,84.01498212,-11.35118972,-7.669903785,1.799638232,16.24151385,93.82768067,12.31173197,54.87291822,27.98545493,-0.286375916,11.08373598,1.774,-0.804,7.698106416,0.584286442,,,35800,137.23,1292.6,
fewalter,894,,,,,,,,43.94366371,-39.92875604,13.02482553,6.883998725,35.59857511,9.939996209,-19.18284241,1.761242692,44.42577978,26.25167271,-4.088,46.74472253,77.80134189,-1.676042165,8.10164044,1.774,-0.804,11.14758173,0.942315851,,,35800,137.23,1292.6,
fewalter,895,,,,,,,,46.5959756,-10.52612609,10.35182109,6.921541061,97.39329815,5.866035633,-42.25412628,1.76,57.41477786,99.41544694,11.98599972,43.93674371,28.77163976,0.444984962,10.0249785,1.774,-0.804,8.742058929,0.546716232,,,35800,137.23,1292.6,
fewalter,896,,,,,,,,19.76507747,-0.703961355,28.55203868,33.85300729,33.65749271,6.779645543,-7.685762671,1.803079948,56.33081581,23.18049204,10.42958721,31.71383618,5.989560339,-2.377078746,1.327718403,1.774,-0.804,11.36180128,0.272364118,,,35800,137.23,1292.6,
fewalter,897,,,,,,,,48.30758662,4.448839174,9.146320571,60.4472899,82.87548836,6.415238038,-1.201197755,1.793090644,59.46605839,96.06362328,5.668869179,33.79960598,24.28883051,-1.723233305,-1.244221763,1.774,-0.804,10.87179488,0.407222805,,,35800,137.23,1292.6,
fewalter,898,,,,,,,,41.23636774,-30.38301098,10.25789874,7.891969234,28.27220624,-11.27049648,-0.580123474,1.785859586,51.89756385,62.92557228,13.74999938,52.00116853,35.83140824,-1.520088611,6.790628972,1.774,-0.804,13.61533743,0.181817378,,,35800,137.23,1292.6,
fewalter,899,,,,,,,,45.32483883,-8.946932668,21.25331676,33.80362805,4.638908751,-0.157477631,-26.05158787,1.76,57.78266597,67.62969098,67.89611067,57.31566474,21.93827168,-6.853963114,5.578788026,1.774,-0.804,57.2662667,0.645533053,,,35800,137.23,1292.6,
fewalter,900,,,,,,,,46.22110267,5.21,10.3507319,18.00310619,88.34336181,-10.89116791,-18.66767018,1.762436781,58.28702634,84.94855354,28.16668011,65.61219292,69.8687596,-2.587764383,10.31763262,1.774,-0.804,7.538058142,0.73250632,,,35800,137.23,1292.6,
fewalter,901,,,,,,,,-8.369063323,2.111485026,49.89739957,45.9562751,47.04470872,-3.099552828,2.81440283,1.767854374,63.87377634,64.22394127,126.4929166,82.72246027,5.124262716,-49.79068491,-0.873242955,1.774,-0.804,25.96868269,0.424321371,,,35800,137.23,1292.6,
fewalter,902,,,,,,,,46.49716676,-6.10055582,10.38129799,58.98613881,43.14087242,-2.231951261,-3.78668448,2.045416003,12.44268501,95.31859923,13.78143966,46.03374907,61.37052201,-2.32846475,6.355104471,1.774,-0.804,12.72353021,0.646960985,,,35800,137.23,1292.6,
fewalter,903,,,,,,,,47.76770639,-14.34440113,10.35835303,67.30095212,46.99607545,4.456071513,4.0045328,1.78225017,51.88613714,80.17892328,12.07052624,51.54973079,30.05911231,0.4454,11.74075934,1.774,-0.804,7.698106416,0.946590262,,,35800,137.23,1292.6,
fewalter,904,,,,,,,,59.01954309,-6.119643143,10.18244144,6.829161091,43.14087242,-11.75995885,-3.496210235,1.781582388,10.35740041,26.80163121,13.78143966,47.24816992,61.41485359,0.323571836,6.432670057,1.774,-0.804,12.57432004,0.630483793,,,35800,137.23,1292.6,
fewalter,905,,,,,,,,-4.408591198,5.193388843,19.18189537,62.7032437,94.45351087,4.929314861,-1.061603103,2.362454802,14.70986417,83.59445425,68.39565565,55.95936049,20.37682446,-8.358856149,8.309895958,1.774,-0.804,74.29041559,0.37430087,,,35800,137.23,1292.6,
fewalter,906,,,,,,,,6.119087533,-44.26090271,16.76549634,3.894726838,16.85737758,5.333718783,-7.284838842,2.473772285,37.24672825,75.66988158,3.454618422,37.16933548,27.62285097,-0.067431547,0.008412609,1.774,-0.804,2.853891681,0.379694052,,,35800,137.23,1292.6,
fewalter,907,,,,,,,,19.76507747,-0.265514108,28.55203868,60.77279518,14.28808698,6.732180962,-26.71836396,1.779185277,68.65109739,71.56983982,21.19752673,28.2502147,7.097969863,-0.511050338,0.335677051,1.774,-0.804,10.85544759,0.175020252,,,35800,137.23,1292.6,
fewalter,908,,,,,,,,68.51657479,-5.704148221,17.21421111,58.65419683,97.07072143,-5.661762917,-35.89640988,1.805859546,89.82492995,32.27323101,68.52701718,37.16708695,0.103923196,-40.94152687,7.662813334,1.774,-0.804,58.45817581,0.488974038,,,35800,137.23,1292.6,
fewalter,909,,,,,,,,13.53126827,-30.04658954,21.06098684,66.62452119,46.80992443,8.669719336,-24.20759434,1.760000883,40.39382014,99.98980555,64.60511055,51.30293797,17.28083141,-0.754822984,6.329638063,1.774,-0.804,56.96914323,0.614891855,,,35800,137.23,1292.6,
fewalter,910,,,,,,,,41.430098,-19.25858537,10.40620805,39.08054427,92.75655203,5.721323561,-7.608944465,1.770994864,57.03517212,96.16187547,18.60269745,51.9122335,57.47075277,-2.592695078,6.453123505,1.774,-0.804,7.939313364,0.840093743,,,35800,137.23,1292.6,
fewalter,911,,,,,,,,-9.354389108,4.859369758,10.1823574,75.59790486,87.02233483,4.468931216,0.276056439,1.769313373,54.32268851,97.56031823,9.967170622,32.66445358,11.71124732,-1.618750814,5.937824911,1.774,-0.804,10.97959674,0.856233179,,,35800,137.23,1292.6,
fewalter,912,,,,,,,,46.06762045,3.029057304,10.19438194,61.89251283,41.40954514,3.164558122,1.848032602,1.818261647,58.16223741,99.94006768,8.084674661,32.5106249,30.76392469,0.148544266,-1.388883825,1.774,-0.804,10.53012981,0.408052671,,,35800,137.23,1292.6,
fewalter,913,,,,,,,,6.603746203,-41.85878578,10.1823574,4.641866796,82.38368692,-8.247507412,-3.597083456,1.760270479,16.66483005,94.31922982,10.37850405,32.71953975,34.83906474,-2.218435007,2.293593947,1.774,-0.804,12.60623777,0.142351074,,,35800,137.23,1292.6,
fewalter,914,,,,,,,,47.37248818,-43.56658385,16.81076341,6.658396385,43.75121675,-0.255072429,-7.284838842,1.806869286,37.45843773,75.66988158,3.474285072,37.16933548,61.75819795,-2.276502603,5.440639623,1.774,-0.804,13.96985204,0.569233267,,,35800,137.23,1292.6,
fewalter,915,,,,,,,,47.76770639,5.016423213,10.35835303,75.69666521,88.18939862,9.275965545,-6.632631971,1.760293404,67.96937458,79.90480185,12.07052624,51.54973079,30.05911231,0.4454,11.61663913,1.774,-0.804,7.698106416,0.957,,,35800,137.23,1292.6,
fewalter,916,,,,,,,,-10.95,1.496048555,53.29642871,43.02262591,45.49394274,-5.97137932,0.677858458,1.76,63.50125438,93.43234506,121.0336904,80.18621609,5.869811583,-51.7350903,0.44153266,1.774,-0.804,25.42444261,0.069220072,,,35800,137.23,1292.6,
fewalter,917,,,,,,,,52.02363588,5.21,9.617215622,61.43114738,92.19804757,11.08016121,-1.685327484,2.059431511,37.16978571,100,5.298013845,46.02325948,8.614639476,-1.097568023,4.349052063,1.774,-0.804,13.44235335,0.481174562,,,35800,137.23,1292.6,
fewalter,918,,,,,,,,58.55415991,-6.50684749,10.87229864,6.829161091,43.14087242,-9.393678657,-3.496210235,1.760547271,9.614333471,99.44740312,13.78143966,46.03374907,61.71140599,-2.266857824,6.355104471,1.774,-0.804,12.57432004,0.630483793,,,35800,137.23,1292.6,
fewalter,919,,,,,,,,47.87898584,-22.62052515,10.94593625,58.9230175,75.4494655,-5.496223065,-3.515562593,1.790582838,58.61713903,85.55888915,10.47543929,31.70696402,24.71275247,-2.921192544,6.52440549,1.774,-0.804,10.43467518,0.022052921,,,35800,137.23,1292.6,
fewalter,920,,,,,,,,-9.344034243,-32.4579645,12.90298502,63.69871932,89.97658845,6.870354679,-18.34183629,1.760898997,38.70573045,96.00055811,13.96861659,39.62721212,31.85619104,-0.512319365,6.280657482,1.774,-0.804,9.216266473,0.252851301,,,35800,137.23,1292.6,
fewalter,921,,,,,,,,48.28991826,-7.265083224,13.51520813,62.2181993,53.90811691,-6.105678875,5.266877089,1.876538206,23.24699294,65.36896427,104.5731169,69.00654179,-1.191982328,-24.68750191,60.765245,1.774,-0.804,65.96106076,0.842443698,,,35800,137.23,1292.6,
fewalter,922,,,,,,,,13.70293553,-21.74549496,23.23310112,63.41877103,97.46696442,0.749266869,-11.58396631,1.76,1.509603503,73.91951799,70.32222652,56.8802775,12.7647279,-6.022434732,5.893463212,1.774,-0.804,54.21738585,0.347579429,,,35800,137.23,1292.6,
fewalter,923,,,,,,,,46.10292007,-7.003193105,12.90588129,63.69871932,89.97658845,7.498086948,-4.553341177,1.760050657,13.29981244,97.75538062,13.87955831,64.32973993,10.86955132,-0.512479545,6.700811511,1.774,-0.804,9.239362272,0.252851301,,,35800,137.23,1292.6,
fewalter,924,,,,,,,,1.256936676,2.170445367,10.63193173,47.81476659,89.30651569,6.349567529,4.395888373,1.76007107,55.00766883,83.52801058,-3.677991533,32.91848729,29.24647776,-1.382617738,7.663514739,1.774,-0.804,28.14792004,0.9060108,,,35800,137.23,1292.6,
fewalter,925,,,,,,,,-9.035292773,-2.302155071,16.11248872,9.595876803,7.436148651,7.181391696,-25.66555429,1.760480214,93.18850293,7.715996004,101.1058091,31.37675887,3.899692592,-48.96802112,33.16258915,1.774,-0.804,26.26464224,0.723559222,,,35800,137.23,1292.6,
fewalter,926,,,,,,,,5.959590454,-7.977090286,10.16311234,4.204103882,94.79882458,-1.744455516,-27.00475346,1.782355627,53.37641642,31.04189423,10.87703534,34.59668011,25.10507301,-2.347972668,2.366610983,1.774,-0.804,12.88696088,0.155200913,,,35800,137.23,1292.6,
fewalter,927,,,,,,,,46.29510711,-0.118073347,10.41499176,38.44769711,43.59024948,8.094870236,-1.447517446,1.7612676,10.0582523,93.60704919,14.33803485,47.02100475,28.09097422,0.331150967,6.302774831,1.774,-0.804,10.89361424,0.617020366,,,35800,137.23,1292.6,
fewalter,928,,,,,,,,47.93666138,4.681699255,19.18189537,62.68335714,94.45351087,4.929314861,-1.061603103,1.774436113,14.70986417,83.59445425,68.31276371,56.10963337,20.37682446,-8.192151747,6.537892436,1.774,-0.804,74.29041559,0.380459379,,,35800,137.23,1292.6,
fewalter,929,,,,,,,,50.56485172,-41.27699054,18.14547301,59.92150884,11.09550848,-1.432767685,-2.758610262,1.763390852,68.39501382,71.08903145,57.84696205,35.74607673,-0.164666847,-13.89881137,2.395937322,1.774,-0.804,57.24776534,0.687698387,,,35800,137.23,1292.6,
fewalter,930,,,,,,,,49.08095757,1.38609265,12.42853566,61.19756732,81.08473727,4.391881575,-0.532126926,1.886631434,65.77963666,87.66668856,20.94938792,35.61425291,10.32617025,-3.570815497,4.127526162,1.774,-0.804,40.33079236,0.591432959,,,35800,137.23,1292.6,
fewalter,931,,,,,,,,40.4443545,-31.29526174,10.40620805,8.116674729,89.96169578,-11.60983267,-24.22466278,2.061108568,57.7231316,89.48802489,13.75554578,51.81512198,24.97524785,-2.592695078,6.757517004,1.774,-0.804,58.20720873,0.648170435,,,35800,137.23,1292.6,
fewalter,932,,,,,,,,-10.34511826,-2.130584201,15.00237866,9.181727591,2.243799988,4.437807889,-22.06419535,1.76,61.62006195,96.30396658,100.3931195,30.83203386,49.43295548,-0.635599552,-1.275520385,1.774,-0.804,10.31072898,0.390014098,,,35800,137.23,1292.6,
fewalter,933,,,,,,,,-10.95,5.201061857,30.25168095,9.928890778,7.946440869,-4.236073578,-1.143703042,1.787757573,59.82878165,3.843371061,101.0567438,40.60553835,57.62226816,-3.06501511,-1.185037577,1.774,-0.804,10.4893974,0.623395962,,,35800,137.23,1292.6,
fewalter,934,,,,,,,,46.64174756,-40.43982645,10.35694714,2.422543173,88.64849294,4.830718806,-5.213673625,1.818858581,48.60300141,91.91264973,12.37535762,30.84437724,27.18341914,-1.445436586,10.7106364,1.774,-0.804,7.556047025,0.029216713,,,35800,137.23,1292.6,
fewalter,935,,,,,,,,64.1494361,-41.85878578,10.17044029,4.641866796,82.38368692,-8.247507412,-16.5157555,1.760394359,16.66483005,94.31922982,10.37850405,32.72680328,34.83906474,-2.268763031,2.293593947,1.774,-0.804,12.60623777,0.142351074,,,35800,137.23,1292.6,
fewalter,936,,,,,,,,61.32190814,-2.331040465,10.35694714,55.03782095,46.18017655,-0.01609883,-4.160257182,1.76122142,64.20768173,99.97453002,12.2735538,31.70051632,26.6528177,-0.542111515,3.599718157,1.774,-0.804,7.457165052,0.347172267,,,35800,137.23,1292.6,
fewalter,937,,,,,,,,-10.95,2.008015711,54.06203019,46.84164866,48.01439984,-5.180302736,1.612837891,1.76,64.64636595,58.2379749,132.78438,84.73657781,1.819593285,-50.76847456,-1.409893107,1.774,-0.804,27.02651639,0.011644326,,,35800,137.23,1292.6,
fewalter,938,,,,,,,,-10.95,2.95422415,52.00907551,48.43418347,46.75642265,-4.231049696,3.397233869,1.774105751,63.6306924,62.38428334,133.6366577,83.59660875,3.91744058,-52.3545,4.670402306,1.774,-0.804,26.37012023,0,,,35800,137.23,1292.6,
fewalter,939,,,,,,,,68.66793254,4.145695252,10.12419497,36.28127045,90.24467985,6.42700329,-2.737370391,1.764650501,57.58692018,94.8256383,5.516953503,44.66199033,28.75344913,0.37609206,-1.39616158,1.774,-0.804,58.50598742,0.53660259,,,35800,137.23,1292.6,
fewalter,940,,,,,,,,47.81223646,3.960358058,16.71744456,4.154572352,41.73876657,4.422453297,1.310361422,1.781488655,65.22435827,21.5878974,-3.963147608,51.59531765,43.01783106,-1.334291772,9.565937545,1.774,-0.804,20.08171476,0.416125184,,,35800,137.23,1292.6,
fewalter,941,,,,,,,,59.08547967,-9.781539199,10.1823574,61.6714544,82.38368692,-11.99700369,-1.932863317,1.761221463,35.33846496,91.88576021,6.384300086,32.88170817,25.55251804,-2.310673202,2.519600559,1.774,-0.804,12.60623777,0.141808452,,,35800,137.23,1292.6,
fewalter,942,,,,,,,,45.49760533,-44.29,12.54712384,3.44656015,31.28286718,6.559470534,-20.82109979,1.895871691,49.50651791,100,2.656914144,54.50807252,31.96083679,-1.933463246,2.625059246,1.774,-0.804,63.22124439,0.570228125,,,35800,137.23,1292.6,
fewalter,943,,,,,,,,49.40290466,0.777790901,13.51520813,13.83012269,44.39179664,-6.105678875,-3.714363385,1.889275003,25.00627269,39.55241458,104.8613084,68.86020379,2.743814572,-24.72460321,59.99978504,1.774,-0.804,65.96106076,0.685535682,,,35800,137.23,1292.6,
fewalter,944,,,,,,,,-10.24005616,-43.76988286,11.20696113,9.017728215,1.812770127,-12.83678407,1.701781099,2.395969662,5.422362602,87.28440969,1.608457955,29.75276538,29.8686353,-1.508754729,2.616024937,1.774,-0.804,8.827280582,0.122029291,,,35800,137.23,1292.6,
fewalter,945,,,,,,,,46.1372399,5.19981175,10.19008898,61.0732793,89.7516298,8.312325152,1.255004945,2.064591083,62.86106128,97.84201902,10.38186508,23.79913606,26.05676679,-0.484286066,5.92538554,1.774,-0.804,10.42950244,0.407153488,,,35800,137.23,1292.6,
fewalter,946,,,,,,,,-7.604728603,-3.13914125,10.14664886,62.00624337,91.16398823,10.50890892,0.21021405,2.064612302,55.8269677,7.877608434,21.21727309,52.25760755,75.59406123,-0.606671214,11.96861947,1.774,-0.804,10.78147862,0.71635516,,,35800,137.23,1292.6,
fewalter,947,,,,,,,,55.08940223,-3.799884661,9.432808666,58.33423358,46.34609234,-5.004374324,-5.913282307,1.781527389,73.75230721,100,10.51740894,29.25911616,27.09061724,-0.118239418,4.981040097,1.774,-0.804,12.14449798,0.618368772,,,35800,137.23,1292.6,
fewalter,948,,,,,,,,8.558434951,3.476150247,9.641550081,70.25291463,7.561485905,5.012288893,-16.61526367,1.810506226,63.92323873,94.49019202,2.199751806,23.79147858,25.83239749,-17.1417938,0.705262439,1.774,-0.804,2.91768591,0.938785487,,,35800,137.23,1292.6,
fewalter,949,,,,,,,,48.08459353,-42.36349567,19.74817551,3.50324332,40.30891249,-12.10563637,-1.418642751,1.810660572,1.154740372,79.26035711,-0.107294392,20.44775203,27.39490257,-1.638480572,-0.663910667,1.774,-0.804,40.05217199,0.600160438,,,35800,137.23,1292.6,
fewalter,950,,,,,,,,3.647164204,-31.02280516,16.24650203,8.518653537,1.853285563,-14.07813103,1.747124145,2.8693092,100,29.44622089,2.028329915,26.04219815,-0.924669915,0.155858265,-1.136711251,1.774,-0.804,10.52848105,0.095133693,,,35800,137.23,1292.6,
fewalter,951,,,,,,,,46.10026941,4.464383052,10.19008898,65.35185336,89.1444335,8.312325152,2.987707891,2.068856362,38.01403081,97.84201902,10.36209431,70.09830304,25.02164373,-3.08173251,5.92538554,1.774,-0.804,10.84773075,0.296825837,,,35800,137.23,1292.6,
fewalter,952,,,,,,,,-9.440172409,2.920659868,52.01960136,46.92380815,46.75642265,-4.878816577,-20.98607335,1.774226393,64.07182465,22.32623022,130.5318283,84.7844,4.966967916,-52.3545,5.899701945,1.774,-0.804,25.04593937,0.007303858,,,35800,137.23,1292.6,
fewalter,953,,,,,,,,28.54454719,-40.2435507,16.42973387,4.895136435,40.8277895,6.431885771,-37.37230208,1.761608083,59.37239751,93.39312905,-3.663388541,51.63064103,60.46363498,-1.826002838,9.517309456,1.774,-0.804,47.06806316,0.913687869,,,35800,137.23,1292.6,
fewalter,954,,,,,,,,46.19763598,4.835646148,10.36202618,61.79311115,88.74993128,8.3793809,-1.623654028,1.760441556,72.66260059,96.38748453,3.475711794,32.88134834,29.8712465,-0.160606204,0.20799831,1.774,-0.804,41.79749553,0.63041585,,,35800,137.23,1292.6,
fewalter,955,,,,,,,,41.23636774,-30.38301098,10.20521906,7.891969234,28.27220624,-11.27049648,-0.580123474,1.785859586,56.12087738,90.95534089,13.74999938,52.00116853,36.64113111,-0.258833922,6.485100168,1.774,-0.804,13.61533743,0.164960139,,,35800,137.23,1292.6,
fewalter,956,,,,,,,,46.37911486,4.839847111,10.18223257,60.69469316,88.69895936,7.901310107,-10.34669131,1.76,74.06124873,96.38244242,3.475711794,36.33005637,28.43329173,-0.160324303,0.20799831,1.774,-0.804,41.79749553,0.054033657,,,35800,137.23,1292.6,
fewalter,957,,,,,,,,67.45154173,-43.20550985,17.03373432,3.849553139,11.51787021,-6.722037783,-8.793382447,1.763945099,72.52867279,21.3616392,7.714327007,27.43280626,2.286723291,0.4454,2.027095338,1.774,-0.804,11.11052622,0.387664251,,,35800,137.23,1292.6,
fewalter,958,,,,,,,,-4.24251978,4.36191844,10.18892563,6.273859576,89.62490054,-1.485119137,0.158596315,2.064612302,62.86378121,88.19409496,21.13274441,52.88337305,73.06295065,-0.519568757,11.05616547,1.774,-0.804,10.75350874,0.71635516,,,35800,137.23,1292.6,
fewalter,959,,,,,,,,1.085538445,5.163673288,10.26970681,69.85007277,41.82303116,4.919452354,2.337484114,1.795015082,26.95480432,63.28690795,-2.231233546,20.59519523,26.02134387,-1.008506069,0.705262439,1.774,-0.804,2.91768591,0.055010552,,,35800,137.23,1292.6,
fewalter,960,,,,,,,,46.77298453,-28.27707314,11.21288233,58.61481188,43.98338334,4.162546732,-5.156914402,1.76,36.82910348,93.93137952,11.21754536,30.04869201,27.18296588,-2.798574848,5.955460155,1.774,-0.804,7.601391419,0,,,35800,137.23,1292.6,
fewalter,961,,,,,,,,18.37609058,-7.302841791,21.06098684,65.76231604,94.51584682,-13.70146945,-23.85158558,1.760000878,83.10301031,99.99112622,62.98648944,51.30293797,14.70665434,-2.557960129,4.944737442,1.774,-0.804,56.52055482,0.310047536,,,35800,137.23,1292.6,
fewalter,962,,,,,,,,-10.09813658,2.159194332,52.17594708,48.24440565,47.70904854,-5.819650001,2.754135718,1.76,62.53566482,58.75193369,135.7932112,84.76488794,-0.773003378,-52.3545,3.412779132,1.774,-0.804,27.05315801,0,,,35800,137.23,1292.6,
fewalter,963,,,,,,,,56.42239853,-40.24407206,14.90607567,6.822265982,43.1173386,7.410586538,-19.29034752,6.499480879,37.05270209,17.67992573,10.29079664,82.12993095,0.428017126,-2.720396145,6.948694472,1.774,-0.804,65.44638183,0.377535881,,,35800,137.23,1292.6,
fewalter,964,,,,,,,,61.89065376,-5.285700893,10.3507319,18.00310619,86.76544616,-12.67940177,-17.58989228,1.782322413,43.89995164,97.71808423,15.83548299,65.61219292,71.04870333,-2.59320285,10.26028953,1.774,-0.804,6.991140913,0.73300505,,,35800,137.23,1292.6,
fewalter,965,,,,,,,,-8.725959552,4.859369758,10.1823574,74.61628798,88.69895936,-10.85524659,-1.401858162,1.760107553,61.03223248,93.35834267,17.75408879,32.15469983,11.71124732,-1.618750814,0.539242744,1.774,-0.804,39.95581189,0.856233179,,,35800,137.23,1292.6,
fewalter,966,,,,,,,,61.95148004,-5.290413223,11.16415951,59.84733447,40.93855981,9.441965445,1.586565423,1.870716727,54.39611171,26.53205469,14.13711232,44.23058885,0.165128794,-1.664845003,0.373157872,1.774,-0.804,43.02129139,0.6304472,,,35800,137.23,1292.6,
fewalter,967,,,,,,,,-0.738838376,-43.20550985,11.04573899,3.849553139,11.51787021,-6.722037783,-8.793382447,1.763945099,96.32681899,21.3616392,10.82945698,27.43280626,2.286723291,0.155473654,2.027095338,1.774,-0.804,12.5745739,0.142274789,,,35800,137.23,1292.6,
fewalter,968,,,,,,,,45.08539981,-4.426710045,13.35666962,5.698693457,34.09387327,10.19388496,-6.011455239,1.766702768,45.81827248,87.6667694,-0.876701616,39.7531853,72.54812999,0.322766159,8.339776226,1.774,-0.804,8.989680924,0.636528748,,,35800,137.23,1292.6,
fewalter,969,,,,,,,,46.48370422,-6.359111799,10.18224984,60.43553818,88.76750049,6.588932884,0.753790274,1.760186385,59.5580761,27.17303046,12.40477958,45.41872368,28.0354504,-2.160652537,6.347732549,1.774,-0.804,12.06183561,0.850346404,,,35800,137.23,1292.6,
fewalter,970,,,,,,,,-2.197140299,-43.32092847,11.04573899,3.849553139,13.82486331,-6.722037783,-8.793382447,1.765942616,61.26920419,21.3616392,10.82945698,27.43280626,2.286723291,-1.419881969,2.027095338,1.774,-0.804,12.5745739,0.13762565,,,35800,137.23,1292.6,
fewalter,971,,,,,,,,41.51386138,-30.36519025,10.40620805,7.891969234,28.27220624,-12.81874299,-4.995085646,2.755906293,51.01282361,92.88225711,12.61269801,52.25415071,19.34594124,-2.38990425,-1.207670558,1.774,-0.804,13.61533743,0.226903866,,,35800,137.23,1292.6,
fewalter,972,,,,,,,,40.36564877,-5.711958646,10.18224984,6.291166084,94.47239506,5.865013039,0.410821422,1.805101942,9.368472354,96.84877506,13.8051121,51.9141792,63.84996492,-2.272108674,6.357563451,1.774,-0.804,11.59913842,0.630483793,,,35800,137.23,1292.6,
fewalter,973,,,,,,,,45.32483883,-9.293398883,21.25331676,52.55130197,5.02951262,-0.157477631,-26.08723737,1.802031136,57.45814358,67.63307975,67.89611067,57.31566474,21.93827168,-6.847651384,5.80080776,1.774,-0.804,57.2662667,0.645533053,,,35800,137.23,1292.6,
fewalter,974,,,,,,,,52.46982953,-39.42935467,19.83035672,4.959666986,8.331679012,-6.921517331,-0.799284047,1.765502196,53.82068632,20.08050881,10.95652511,20.27964719,74.6859183,-0.269297909,1.016129615,1.774,-0.804,11.0128181,0.349867875,,,35800,137.23,1292.6,
fewalter,975,,,,,,,,47.99311603,5.21,10.93429677,61.72160158,89.707104,6.433625455,-1.825364196,1.765502196,56.06105029,83.38654854,12.31244233,32.9046959,27.63740253,-1.302446353,6.524592551,1.774,-0.804,10.85634955,0.000786736,,,35800,137.23,1292.6,
fewalter,976,,,,,,,,19.26355903,4.052834753,10.90275402,60.16043655,82.02542617,5.112262458,-36.75955599,1.76,51.98726822,90.52222442,10.52564852,44.45302511,47.74543548,0.4454,3.05730463,1.774,-0.804,4.65752416,0.754661373,,,35800,137.23,1292.6,
fewalter,977,,,,,,,,67.45154173,-43.20550985,17.03373432,3.849553139,11.51787021,7.056480072,-8.005137551,1.763945099,72.52867279,21.3616392,10.36259192,27.36377708,2.286723291,0.4454,2.027095338,1.774,-0.804,11.11052622,0.566696322,,,35800,137.23,1292.6,
fewalter,978,,,,,,,,23.06071455,-2.609836728,10.41499176,59.64354547,88.76750049,-9.221312902,-3.495604852,1.782382027,14.04135396,96.28248898,13.78125362,46.02784947,51.81022112,-0.504058437,6.55850436,1.774,-0.804,11.61771657,0.086493355,,,35800,137.23,1292.6,
fewalter,979,,,,,,,,46.48370422,-6.173851094,10.9030621,60.4018167,88.76750049,6.597858443,-4.702315291,1.76014944,74.5280077,96.3837736,12.40477958,45.41872368,28.04319653,-2.169803534,6.160085218,1.774,-0.804,12.06183561,0.643496452,,,35800,137.23,1292.6,
fewalter,980,,,,,,,,48.44184612,2.994805816,11.3289553,4.928503697,41.56509373,4.525192848,-37.74876159,1.813036953,43.97281204,66.12417811,0.699410659,47.46544108,60.10856879,-7.805130646,-1.294791499,1.774,-0.804,2.933763176,0.666930256,,,35800,137.23,1292.6,
fewalter,981,,,,,,,,12.15555623,-39.42935467,13.39646495,3.771707073,6.860197316,-6.304455557,-23.48536584,1.765320708,58.5850036,97.74426073,10.963468,19.47619869,74.6859183,-0.265833486,3.702618414,1.774,-0.804,10.85634955,0.345712943,,,35800,137.23,1292.6,
fewalter,982,,,,,,,,46.29828701,0.865792687,10.39288513,7.371812445,39.40664269,-13.63636884,-18.55699879,6.561844442,21.61573436,44.24138381,28.16668011,33.1955937,10.67251443,-25.98985789,10.31763262,1.774,-0.804,9.701573343,0.730597369,,,35800,137.23,1292.6,
fewalter,983,,,,,,,,67.45154173,-43.20550985,17.03373432,3.849553139,11.51787021,-7.151586697,-9.47310448,1.760036707,72.52867279,21.3616392,11.99340489,27.43280626,2.399043162,0.411491315,1.923494511,1.774,-0.804,11.11052622,0.387664251,,,35800,137.23,1292.6,
fewalter,984,,,,,,,,21.42222687,-8.946932668,20.86441511,33.30811293,88.28731383,6.622933276,-3.288279902,1.76,57.78266597,79.06476546,72.59909172,56.7011504,21.74729061,-6.910079283,5.545611833,1.774,-0.804,54.67268912,0.645129034,,,35800,137.23,1292.6,
fewalter,985,,,,,,,,2.712399047,-31.02280516,15.91084537,8.687280142,0.307197296,-14.41,4.838921355,2.875302827,99.69120755,97.0906553,1.8348147,39.6131867,32.54488249,-0.181802807,6.325028835,1.774,-0.804,9.20366797,0.095133693,,,35800,137.23,1292.6,
fewalter,986,,,,,,,,47.17109444,-2.650437981,10.18224984,3.010856725,89.15402093,-4.758947532,-10.33644126,1.76885232,10.37255015,96.05560069,14.02153802,32.34919386,42.9986965,-2.283414931,6.295162866,1.774,-0.804,7.404967013,0.632047272,,,35800,137.23,1292.6,
fewalter,987,,,,,,,,47.30694892,5.081420197,10.2140877,15.12098986,93.96583235,7.410586538,-37.576727,6.50575259,39.95431859,96.69345674,17.18802619,55.35612905,80.34107958,-2.522282244,40.46533184,1.774,-0.804,9.742532997,0.308187514,,,35800,137.23,1292.6,
fewalter,988,,,,,,,,58.73716815,-6.119643143,10.14762595,6.278777942,92.36795164,10.37037347,-3.496210235,2.050408725,8.684362123,8.161530485,13.78143966,46.03374907,61.71140599,-2.266857824,6.355104471,1.774,-0.804,12.57432004,0.62181158,,,35800,137.23,1292.6,
fewalter,989,,,,,,,,47.81223646,3.960358058,16.74655711,4.154572352,41.73876657,0.886788738,1.310361422,1.781488655,67.00127852,21.5878974,-0.06250909,56.84419584,43.01783106,-1.334291772,9.565937545,1.774,-0.804,20.08171476,0.412369101,,,35800,137.23,1292.6,
fewalter,990,,,,,,,,13.70293553,-30.60263151,23.20398858,63.41877103,97.46696442,4.284931428,-38.98009775,1.76,97.52875767,76.48627342,67.78488992,51.63139931,12.7647279,-9.032846705,5.895101232,1.774,-0.804,54.21738585,0.351335512,,,35800,137.23,1292.6,
fewalter,991,,,,,,,,1.574357778,-37.05507191,11.36282959,3.529883987,14.37421345,4.365933676,-8.389853441,1.814055528,10.38032351,97.30953054,-2.926012343,14.61272428,17.09642193,0.443893058,-0.334882702,1.774,-0.804,11.11084414,0.499539834,,,35800,137.23,1292.6,
fewalter,992,,,,,,,,49.31510749,-6.138779303,10.21669365,6.291166084,39.92587138,-9.393678657,-2.751857206,1.78160331,10.35740041,91.62670647,13.78117981,46.03374907,52.04100452,-2.279264735,6.357563451,1.774,-0.804,9.910320431,0.628438179,,,35800,137.23,1292.6,
fewalter,993,,,,,,,,-8.169721018,3.286979921,10.62574199,61.6203356,82.41756623,6.792178724,1.436347847,1.761090555,38.85290184,97.92070175,12.32174455,30.29245171,27.85426035,-1.340645896,6.584131393,1.774,-0.804,10.55212384,0.623560596,,,35800,137.23,1292.6,
fewalter,994,,,,,,,,3.647164204,-42.83335584,10.20832845,8.615490426,1.142464215,-13.14151242,-4.714009132,1.801519681,40.61476986,29.44622089,10.80501831,32.52443759,-1.006829461,-0.160812605,3.584140799,1.774,-0.804,8.551659955,0.074131833,,,35800,137.23,1292.6,
fewalter,995,,,,,,,,-8.350509502,-39.48223382,12.30075445,3.66491817,10.67122998,9.483102665,-21.44745866,1.804283151,46.12355797,98.48457185,11.77066499,51.82338216,80.72003707,-3.242409421,0.311599107,1.774,-0.804,61.83956598,0.363325036,,,35800,137.23,1292.6,
fewalter,996,,,,,,,,46.59124344,5.193388843,19.18189537,62.7032437,92.17562969,4.929314861,-40.27737182,1.776065787,14.70986417,91.4273232,68.39565565,55.6686566,20.17898626,-8.384700773,8.309895958,1.774,-0.804,73.80360062,0.934669376,,,35800,137.23,1292.6,
fewalter,997,,,,,,,,46.29828701,-36.21617102,10.40126348,7.371812445,38.65721513,-13.63636884,-44.76920196,6.513013146,22.49758426,44.24138381,28.70534048,33.1955937,10.67251443,-25.98985789,10.09597026,1.774,-0.804,9.701573343,0.730597369,,,35800,137.23,1292.6,
fewalter,998,,,,,,,,-0.053177072,-35.759861,11.36282959,2.821564987,14.37421345,5.578937539,-8.347735372,1.761553388,10.02637822,82.61839141,-2.565159064,14.61272428,17.09642193,0.443893058,-0.283619354,1.774,-0.804,11.65792721,0.499539834,,,35800,137.23,1292.6,
fewalter,999,,,,,,,,62.99315484,-1.95814296,10.35694714,61.67758025,88.64849294,-4.876374466,-7.16945409,1.760670274,54.01871511,99.56729491,12.33377238,31.4322236,24.50557728,-2.336929251,3.599718157,1.774,-0.804,13.93556882,0.162583589,,,35800,137.23,1292.6,
fewalter,1000,,,,,,,,-10.95,1.934734972,53.81715375,46.92380815,46.75642265,-4.052779058,0.305338752,4.623017049,52.36539346,62.74244093,132.8146836,84.53325855,4.361446428,-52.31316228,-1.414,1.774,-0.804,26.36784194,0.420666558,,,35800,137.23,1292.6,
fewalter,1001,,,,,,,,-10.95,2.963838971,53.5752145,48.35202398,47.25180944,-5.180302736,1.682432578,1.76,57.35212063,58.23264249,133.606354,83.5734754,3.002615596,-50.76847456,4.379065609,1.774,-0.804,27.02879468,0.011644326,,,35800,137.23,1292.6,
fewalter,1002,,,,,,,,53.14317173,-31.06119765,10.1823574,62.45949611,1.588170265,-14.30333683,-3.584731173,1.802023055,99.88341704,96.1621576,10.23032178,26.03082247,30.01697034,-2.284366932,3.710642206,1.774,-0.804,8.211607553,0.644576778,,,35800,137.23,1292.6,
fewalter,1003,,,,,,,,43.37842508,5.207692516,10.19008898,61.0732793,89.68143617,7.745171022,-23.16434835,2.063157976,38.01403081,99.43815736,10.38186508,22.61453191,26.05450849,-1.523940135,5.752046091,1.774,-0.804,10.42950244,0.407153488,,,35800,137.23,1292.6,
fewalter,1004,,,,,,,,45.07777765,-39.48223382,12.30075445,3.66491817,10.67122998,-13.27735479,-22.49070264,1.804283151,46.12355797,98.48457185,11.77469806,51.82338216,80.72003707,-3.242409421,-0.54521091,1.774,-0.804,61.83956598,0.364068412,,,35800,137.23,1292.6,
fewalter,1005,,,,,,,,47.92005257,-8.134060363,10.47003865,77.22833791,43.17218202,8.266335622,-10.19906469,1.802944512,7.310902021,96.88645724,12.75655556,32.00804452,28.82517245,0.240681983,1.051471034,1.774,-0.804,10.900415,0.644487878,,,35800,137.23,1292.6,
fewalter,1006,,,,,,,,57.34650808,5.21,9.617215622,62.53006037,92.19804757,10.74678968,-1.685327484,2.059431511,36.67459704,100,5.298013845,46.02325948,4.221700447,-1.097568023,4.349052063,1.774,-0.804,13.38902214,0.471002959,,,35800,137.23,1292.6,
fewalter,1007,,,,,,,,13.70293553,-30.60263151,23.20398858,63.41877103,97.46696442,4.284931428,-6.296144174,1.764082103,97.52928488,21.9301388,67.78488992,51.63139931,12.80940841,-8.970149079,5.895101232,1.774,-0.804,54.21738585,0.351335512,,,35800,137.23,1292.6,
fewalter,1008,,,,,,,,47.64087221,-42.68150773,16.79693305,3.817434663,16.92507523,-0.229271886,-7.31953921,1.761688534,11.90340298,76.60732956,3.474285072,37.25269664,17.08342919,-0.587826607,-0.034130131,1.774,-0.804,37.24276101,0.487151267,,,35800,137.23,1292.6,
fewalter,1009,,,,,,,,46.21851248,-40.60597054,13.11763155,7.317292935,39.40664269,7.410586538,-18.60651757,6.561844442,60.65247425,85.19712533,19.4615272,46.68895367,76.6928582,-2.61140432,7.567841077,1.774,-0.804,9.655112693,0.939927091,,,35800,137.23,1292.6,
fewalter,1010,,,,,,,,55.5381579,-5.590496052,10.18990359,6.291166084,82.41610595,-9.405278258,-0.398076484,1.783053847,3.896928616,96.81481655,13.97049589,46.03374907,63.84996492,-2.258498654,6.357563451,1.774,-0.804,12.67207573,0.610210572,,,35800,137.23,1292.6,
fewalter,1011,,,,,,,,46.10026941,-38.70143611,10.19008898,61.16757698,95.51669406,8.312325152,-26.001456,2.058683067,38.01403081,97.84201902,10.38186508,32.55029823,11.34202459,0.439434692,5.794162841,1.774,-0.804,10.42965772,0.407128938,,,35800,137.23,1292.6,
fewalter,1012,,,,,,,,49.8901327,-42.65310451,10.17116315,7.263972147,38.75410747,4.277801794,-19.00787969,1.762354951,59.39947254,91.78820787,3.422740117,51.77781275,27.16587392,0.371991361,-1.3181591,1.774,-0.804,21.50767481,0.611190891,,,35800,137.23,1292.6,
fewalter,1013,,,,,,,,-0.996037915,-43.35453549,12.29647874,3.849553139,11.51787021,9.303783678,-21.19650662,1.763945099,96.32681899,99.55221547,10.82945698,27.43280626,2.286723291,0.155473654,2.02922828,1.774,-0.804,14.1871804,0.353591606,,,35800,137.23,1292.6,
fewalter,1014,,,,,,,,46.09486391,4.930331055,10.49510361,61.37539438,90.14137708,5.317410396,-3.791539596,1.776463512,54.71011111,98.4217807,10.38186508,32.45760136,27.79110974,-0.529752563,5.907414731,1.774,-0.804,2.70383328,0.40641675,,,35800,137.23,1292.6,
fewalter,1015,,,,,,,,44.98657714,3.087706054,10.15899945,61.07075683,41.37862465,8.119582369,1.125735695,1.794024751,58.23748761,99.94006768,8.084674661,35.56347117,31.08774422,0.148544266,-1.414,1.774,-0.804,10.65977205,0.949197894,,,35800,137.23,1292.6,
fewalter,1016,,,,,,,,27.16813144,-2.331040465,10.35694714,55.18809428,41.88771011,-0.063629174,1.3053721,1.76122142,64.20768173,99.97453002,11.85386348,31.67123335,24.83508996,-0.557839923,3.599718157,1.774,-0.804,7.457165052,0.347172267,,,35800,137.23,1292.6,
fewalter,1017,,,,,,,,47.61032654,-1.687745364,10.16933181,58.17796805,83.30950133,4.358921462,-0.57124513,6.653621245,70.7425898,57.27514835,29.41221167,61.50300022,10.54148134,-26.91588433,0.466603207,1.774,-0.804,40.37927462,0.638485767,,,35800,137.23,1292.6,
fewalter,1018,,,,,,,,47.83532801,-0.910565699,13.2075959,7.29590358,38.73100565,-0.408999493,-20.12472152,1.818951121,47.35688449,91.89101514,4.624575356,52.06043771,50.2556291,-3.113406253,0.419000247,1.774,-0.804,15.97141769,0.687446217,,,35800,137.23,1292.6,
fewalter,1019,,,,,,,,-2.643842038,4.201695365,9.488731561,61.31880224,89.13322402,5.209410542,-40.42513689,1.797549104,60.70501025,65.77225223,10.73090625,32.54760937,28.05946627,-1.407354113,5.648302579,1.774,-0.804,11.31509891,0.637767505,,,35800,137.23,1292.6,
fewalter,1020,,,,,,,,47.9869916,5.207588006,9.678972336,74.55447554,89.08510761,10.16302687,-21.64222319,2.058314212,60.7580486,99.9800297,-2.479756586,47.23768033,9.979495029,-2.165487433,-0.146207011,1.774,-0.804,11.75966599,0.460037455,,,35800,137.23,1292.6,
fewalter,1021,,,,,,,,-7.241685294,5.066614238,9.609872298,67.78201649,26.29371076,5.043274048,1.675608699,2.050535421,40.01238091,87.00252999,-3.869610825,52.03363938,-0.458195571,-0.652845373,0.395026828,1.774,-0.804,8.115262067,0.286486996,,,35800,137.23,1292.6,
fewalter,1022,,,,,,,,6.055689354,-6.938527547,10.1823574,61.75366761,82.38368692,-2.012391601,-27.00475346,1.782355627,95.67961604,22.24872607,10.87703534,31.69278104,6.040768915,-2.347972668,2.351988676,1.774,-0.804,10.9180708,0.155200913,,,35800,137.23,1292.6,
fewalter,1023,,,,,,,,47.99311603,5.21,10.93429677,61.6203356,89.707104,-0.026613837,-1.136059908,1.76548779,56.06105029,94.8256383,12.31244233,32.54403265,29.15954622,0.4454,6.507085071,1.774,-0.804,10.79988747,0.644685272,,,35800,137.23,1292.6,
fewalter,1024,,,,,,,,44.78357562,2.027139133,9.132923995,48.7267917,75.22271303,-9.880865678,-2.689179597,1.771056443,37.96286411,97.55016361,9.891475209,27.17495886,30.08416842,-1.564086487,6.513021484,1.774,-0.804,7.94580697,0.256260745,,,35800,137.23,1292.6,
fewalter,1025,,,,,,,,3.557994931,-42.83060826,16.79693305,3.817434663,16.62947189,-14.40494633,-7.700198565,1.761688534,11.90340298,28.78403884,3.28312401,37.25269664,-0.408908139,-0.582618475,-0.034130131,1.774,-0.804,3.06568203,0.487151267,,,35800,137.23,1292.6,
fewalter,1026,,,,,,,,49.7278634,-41.74546864,11.79968538,8.674824593,38.75410747,4.26930813,-19.05898516,1.818951121,98.99982776,91.79799438,6.127038531,52.27137334,81.26824731,0.422752216,0.299554553,1.774,-0.804,11.43642132,0.611190891,,,35800,137.23,1292.6,
fewalter,1027,,,,,,,,3.971542874,-31.57874483,10.89401145,7.256028559,0.3702875,-14.33389431,5.257788914,2.855330575,47.53522014,99.71435426,1.220739747,60.64080713,27.39510122,0.4454,3.44832539,1.774,-0.804,20.56726631,0.859727039,,,35800,137.23,1292.6,
fewalter,1028,,,,,,,,40.8852557,-31.29526174,10.40620805,59.72157204,94.26240852,6.488512764,-22.21179855,1.795195425,57.55106116,66.8970028,10.89260245,32.8866463,28.91676705,-0.252705281,5.842489142,1.774,-0.804,12.70246733,0.280145223,,,35800,137.23,1292.6,
fewalter,1029,,,,,,,,47.02393056,4.938937243,10.93429677,61.84284658,52.96736756,-0.026613837,-1.136059908,1.76548779,69.25669343,38.12247079,12.31244233,33.04445588,29.50044687,0.4454,6.507085071,1.774,-0.804,11.18099224,0.39261346,,,35800,137.23,1292.6,
fewalter,1030,,,,,,,,46.71862604,-1.95814296,10.35694714,62.02194986,88.64849294,1.17746001,-5.213673625,1.782023222,64.20768173,99.97453002,13.79684233,31.7637585,24.91828731,-1.445436586,3.599718157,1.774,-0.804,7.556047025,0.005428716,,,35800,137.23,1292.6,
fewalter,1031,,,,,,,,2.739130057,-31.06430608,15.85218814,7.479370595,0.779867617,-13.95062263,4.838921355,2.875302827,99.69120755,65.56569441,2.157514584,39.42938908,28.20360082,-0.181802807,5.654074449,1.774,-0.804,9.20366797,0.102409233,,,35800,137.23,1292.6,
fewalter,1032,,,,,,,,-6.259680438,-40.38620575,9.71750084,7.64050896,10.30334821,-12.59679685,-10.24961005,1.76,63.45621404,22.54066646,9.590477501,22.46889942,1.556860167,-2.863620003,0.540594921,1.774,-0.804,3.279019437,0.146006111,,,35800,137.23,1292.6,
fewalter,1033,,,,,,,,49.15448281,-44.26090271,16.89325967,5.636225265,16.65432474,-1.755158509,-7.284838842,2.473772285,9.948632581,75.66988158,8.574287546,37.07070697,27.62285097,-0.067431547,0.008412609,1.774,-0.804,2.853891681,0.379694052,,,35800,137.23,1292.6,
fewalter,1034,,,,,,,,-7.867185124,3.655269266,19.21488684,7.483350802,4.950536687,0.180533873,-8.309201837,1.760480214,93.18850293,13.38312626,101.2228324,40.92086943,19.47021214,-26.40663611,33.16258915,1.774,-0.804,52.39924796,0.511698228,,,35800,137.23,1292.6,
fewalter,1035,,,,,,,,3.094781421,-29.58175131,15.91548255,8.687280142,0.307197296,-13.13786053,5.523959814,2.875302827,99.63751231,36.73575567,1.993879537,39.56076192,34.03953755,-0.181802807,6.325028835,1.774,-0.804,9.20366797,0.073891811,,,35800,137.23,1292.6,
fewalter,1036,,,,,,,,45.59742407,-29.64888002,15.88956864,8.868485437,6.903438212,-13.70061303,-35.02491592,1.779518161,98.96870524,95.429602,9.175942589,46.03374907,14.4769709,-1.619871867,6.619267617,1.774,-0.804,13.64439401,0.071108213,,,35800,137.23,1292.6,
fewalter,1037,,,,,,,,49.51344272,-41.74546864,11.79968538,7.263972147,38.75410747,-0.408999493,-19.14399845,1.818951121,48.20909285,92.0615775,3.373310166,52.06043771,66.83694776,-2.948029624,0.290645375,1.774,-0.804,21.50767481,0.611618271,,,35800,137.23,1292.6,
fewalter,1038,,,,,,,,47.3361696,-43.72800513,16.69332497,3.894726838,11.56986788,3.863766046,-7.284838842,1.765757631,37.10898133,97.25358746,3.474285072,43.48865985,16.80669577,-2.336627811,0.069758851,1.774,-0.804,14.37620189,0.785010541,,,35800,137.23,1292.6,
fewalter,1039,,,,,,,,-4.131565321,2.147139851,50.33820438,45.18468435,44.74914252,-2.753417963,0.948765465,1.76,67.68001898,97.81878965,127.8050887,82.13828164,5.436445669,-49.99915772,-0.915656135,1.774,-0.804,26.31022154,0,,,35800,137.23,1292.6,
fewalter,1040,,,,,,,,42.88304215,-39.51903766,13.39646495,3.771707073,7.203292857,6.945922094,-22.06522051,1.771244813,58.5850036,4.067716064,12.29514887,19.47619869,74.6859183,-0.265833486,3.997248036,1.774,-0.804,7.803811862,0.348324222,,,35800,137.23,1292.6,
fewalter,1041,,,,,,,,52.15716182,-7.213082821,12.27543798,8.257911067,45.40956907,-1.684483695,-12.75858484,1.761431776,36.87262395,30.55332863,11.13555209,30.67909075,25.46281956,-0.523378211,8.016255974,1.774,-0.804,14.02524258,0.659641889,,,35800,137.23,1292.6,
fewalter,1042,,,,,,,,-9.542249723,5.179271499,10.1823574,75.71441561,87.02233483,4.468931216,0.276056439,1.769400037,54.67721221,97.56031823,10.15487874,32.66445358,11.71124732,-1.754162845,5.911937468,1.774,-0.804,10.88807544,0.8478222,,,35800,137.23,1292.6,
fewalter,1043,,,,,,,,3.647164204,-30.63447597,16.24650203,8.687280142,0.004920171,-13.56423072,4.838921355,2.847949572,100,66.5009934,2.097064303,33.90142409,0.851027013,0.4454,3.661786724,1.774,-0.804,10.66541952,0.149509675,,,35800,137.23,1292.6,
fewalter,1044,,,,,,,,41.51386138,-30.36519025,10.40620805,7.891969234,28.27220624,5.585496274,-0.580123474,2.755906293,51.89756385,92.88225711,13.74999938,56.12723893,19.34594124,-2.38990425,6.790628972,1.774,-0.804,13.61533743,0.648170435,,,35800,137.23,1292.6,
fewalter,1045,,,,,,,,47.36251188,-43.72800513,16.76549634,3.894726838,11.6421248,-0.229271886,-7.284838842,1.765537989,37.10898133,75.66988158,3.474285072,37.16933548,60.21717743,-0.067431547,5.466430505,1.774,-0.804,14.1728261,0.785010541,,,35800,137.23,1292.6,
fewalter,1046,,,,,,,,45.49760533,-44.29,12.48384067,3.44656015,31.28286718,6.509910361,-19.01027827,1.943124272,51.20629697,99.69231377,15.53132928,73.75204414,31.96083679,-4.160590593,2.625059246,1.774,-0.804,11.30895212,0.570228125,,,35800,137.23,1292.6,
fewalter,1047,,,,,,,,12.00363126,-22.67412104,19.83035672,3.751682531,6.860197316,-6.304455557,-3.100009083,1.766728012,93.51864827,18.98841622,10.95652511,18.84731521,74.6859183,-0.276759857,3.421104462,1.774,-0.804,11.64831455,0.345712943,,,35800,137.23,1292.6,
fewalter,Best Storage NSE,,,,,,,,-10.95,1.99840089,90.47716072,48.12682453,46.64037493,-4.471135481,5.593661718,1.797631617,63.61073852,98.58733541,132.8146836,84.31715574,3.91744058,-52.3545,-1.414,1.774,-0.804,26.36784194,0,,,35800,137.23,1292.6,
fewalter,1049,,,,,,,,-1.965880363,-9.707354718,11.43711962,58.70148318,99.61092623,5.004997908,2.607423353,1.761063422,72.89650813,42.44285627,11.00359522,71.30980641,48.62952967,-5.490966247,33.16313838,1.774,-0.804,1.330792239,0.273637738,,,35800,137.23,1292.6,
fewalter,1050,,,,,,,,-3.024560251,1.99840089,52.01960136,45.50796685,46.64037493,-4.513692305,5.68708053,1.797631617,20.18357418,98.58733541,132.8146836,84.48148056,3.91744058,-49.59005429,-1.207028996,1.774,-0.804,26.06761783,0,,,35800,137.23,1292.6,
fewalter,1051,,,,,,,,42.88304215,-39.51903766,13.39646495,3.771707073,7.203292857,6.945922094,-22.06522051,1.771244813,58.5850036,4.067716064,12.29514887,57.23283819,74.6859183,-0.265833486,3.997248036,1.774,-0.804,7.803811862,0.348324222,,,35800,137.23,1292.6,
fewalter,1052,,,,,,,,-8.350509502,-39.48223382,12.30075445,3.66491817,10.67122998,2.179018073,-21.44745866,1.804283151,46.12355797,98.48457185,11.77066499,51.82338216,80.72003707,-10.33694464,0.311599107,1.774,-0.804,52.98840111,0.362465577,,,35800,137.23,1292.6,
fewalter,1053,,,,,,,,29.64952768,-41.36931991,10.63304146,2.702046223,19.73489163,7.032227438,-2.263839328,1.765501411,70.37133708,3.123735324,21.00945197,33.1541007,61.36445733,-3.649249903,0.31688363,1.774,-0.804,27.4640389,0.867504123,,,35800,137.23,1292.6,
fewalter,1054,,,,,,,,46.43631502,-5.576193976,10.43143007,62.5814043,6.640265978,-0.251366513,-42.41706301,1.76,59.62044282,90.79172357,3.105308407,42.41511117,28.11683636,-0.356556785,5.479150651,1.774,-0.804,60.94072306,0.187791666,,,35800,137.23,1292.6,
fewalter,1055,,,,,,,,42.88304215,-39.51903766,13.39646495,3.771707073,7.203292857,-1.753814422,-22.06522051,1.771244813,58.5850036,4.067716064,12.29514887,19.47619869,27.66188202,-0.265833486,3.997248036,1.774,-0.804,7.803811862,0.348324222,,,35800,137.23,1292.6,
fewalter,1056,,,,,,,,3.971542874,-22.52731575,10.89401145,7.256028559,0.3702875,-14.33389431,5.257788914,2.855330575,47.53522014,99.71435426,1.220739747,60.64080713,27.39510122,-23.63067074,3.44832539,1.774,-0.804,20.56726631,0.859727039,,,35800,137.23,1292.6,
fewalter,1057,,,,,,,,-10.95,2.920659868,52.01960136,46.92380815,47.71041978,-4.760790185,3.162840036,1.774226393,64.07182465,61.12271147,130.5318283,84.7844,4.966967916,-52.3545,5.749436516,1.774,-0.804,25.04593937,0.007303858,,,35800,137.23,1292.6,
fewalter,1058,,,,,,,,49.43867319,-1.95814296,10.41860082,8.685100343,88.64849294,-5.180310163,-4.636103043,1.7915178,47.15907205,99.97453002,12.30154278,44.1182761,25.98210767,-1.445436586,9.358990503,1.774,-0.804,7.556047025,0.779948001,,,35800,137.23,1292.6,
fewalter,1059,,,,,,,,45.49760533,-44.29,12.48384067,3.44656015,31.28286718,6.509910361,-19.01027827,1.943124272,51.20629697,99.69231377,15.53132928,54.50807252,48.82283135,-4.160590593,2.625059246,1.774,-0.804,11.30895212,0.570228125,,,35800,137.23,1292.6,
prompton,Best Overall,,,,,,,,76.37281253,-16.57322052,7.042754223,6.514461167,74.01964049,10.87847539,-15.37888512,2.014215681,2.564138505,50.9763123,156.60732,57.98781597,32.15375812,-46.94038292,-1.006794889,1.774,-0.804,32.76978495,0.426586944,,,27956.02,83.49189416,231.6065144,
prompton,1,,,,,,,,29.2903233,-41.36734563,21.87592017,19.89193813,66.52188541,11.13627258,-15.78937358,8.583804324,81.47786295,33.34462739,70.19898133,32.48339995,31.82806582,-48.38325536,20.78920448,1.774,-0.804,16.58830106,0.492993573,,,27956.02,83.49189416,231.6065144,
prompton,2,,,,,,,,29.18698411,-41.37506697,22.11345418,19.89150704,66.6442031,10.86281727,-17.84391334,8.705250166,96.22880858,35.21278038,159.3556483,67.32204987,31.78396322,-29.30028731,-1.007773967,1.774,-0.804,16.80144367,0.266964619,,,27956.02,83.49189416,231.6065144,
prompton,3,,,,,,,,26.85676446,-41.36563898,21.82459397,19.89157359,66.64423952,10.38661357,-16.63139036,8.613338224,94.79681236,35.10492733,158.4543658,75.54538937,30.11076356,-47.04405302,-1.011953843,1.774,-0.804,0.805582668,0.799719689,,,27956.02,83.49189416,231.6065144,
prompton,4,,,,,,,,28.9472448,-41.53276806,22.08139859,19.88754793,66.54413192,10.91326957,-17.77013867,8.912650628,81.45583404,34.99312599,158.4531779,76.91000315,31.62730141,-46.57751212,-1.01336249,1.774,-0.804,9.168168813,0.504978517,,,27956.02,83.49189416,231.6065144,
prompton,5,,,,,,,,28.94648554,-41.37918526,22.05346056,19.8886818,66.50522746,10.98324454,-17.45651346,8.612650447,96.51484463,35.13786017,160.0042852,76.0923245,31.80431818,-48.96909726,-0.311727863,1.774,-0.804,1.759490543,0.528687414,,,27956.02,83.49189416,231.6065144,
prompton,6,,,,,,,,26.93967265,-41.36650663,22.05346056,19.89108826,66.5050567,10.39971794,-17.42019861,8.612879053,96.22497928,35.10170383,158.1170783,75.56900696,32.52136561,-49.04094877,-1.011040022,1.774,-0.804,10.65762559,0.51995479,,,27956.02,83.49189416,231.6065144,
prompton,7,,,,,,,,26.79449617,-41.38174752,21.9351231,19.78743077,66.64423952,10.95437271,-16.60027257,8.760237231,30.03571365,35.46069987,201.7992479,70.70169518,32.93130252,-47.7472075,-0.974483402,1.774,-0.804,15.58652296,0.798653742,,,27956.02,83.49189416,231.6065144,
prompton,8,,,,,,,,29.65809054,-41.11286601,21.51044865,19.78677076,66.37340333,-6.851178528,-17.7528456,8.541644921,95.44977671,35.57791358,96.96984436,82.62839643,31.70518665,-30.4501884,-0.118988971,1.774,-0.804,16.49527007,0.572027017,,,27956.02,83.49189416,231.6065144,
prompton,9,,,,,,,,26.95624406,-41.39552601,21.94004771,19.80364688,66.60928052,10.91783701,-16.93789078,8.701054029,38.92676979,35.82554483,195.9054888,70.23792479,33.35464936,-46.72382835,-0.838799007,1.774,-0.804,14.93619529,0.707672643,,,27956.02,83.49189416,231.6065144,
prompton,10,,,,,,,,26.66485714,-41.39062097,21.82459397,19.89118846,66.64421551,10.6177408,-17.75376591,8.951305264,96.22883805,35.21894481,158.4496184,75.73368076,30.15972834,-47.99489588,18.03382309,1.774,-0.804,0.635466461,0.782735695,,,27956.02,83.49189416,231.6065144,
prompton,11,,,,,,,,29.2903233,-41.36734563,21.87592017,19.89193813,66.52188541,10.40785007,-15.77267776,8.583804324,80.94120373,33.34462739,72.33376919,32.48339995,31.82806582,-49.71702331,20.78920448,1.774,-0.804,16.58830106,0.514856148,,,27956.02,83.49189416,231.6065144,
prompton,12,,,,,,,,26.79596502,-41.3811584,21.82459397,19.89118846,66.65355977,10.36475574,-16.64331198,8.898008295,96.22883805,35.21800284,149.8015409,58.06804595,30.15972834,-48.25823424,0.369546595,1.774,-0.804,1.558740616,0.782735695,,,27956.02,83.49189416,231.6065144,
prompton,13,,,,,,,,26.98803946,-41.36650663,22.05829328,19.89108826,66.5290156,-7.967865819,-15.19197603,8.612879053,96.22872166,34.98346501,158.1170783,75.55527079,32.52136561,-49.13529482,-0.225092765,1.774,-0.804,0.675192677,0.506833408,,,27956.02,83.49189416,231.6065144,
prompton,14,,,,,,,,29.2402001,-41.54899868,22.00603846,19.86202153,66.64403045,9.913524164,-16.62327606,8.583972607,96.22880899,35.31152914,159.3380377,67.20217561,31.20861421,-29.3003039,-0.977830007,1.774,-0.804,1.101079859,0.520612389,,,27956.02,83.49189416,231.6065144,
prompton,15,,,,,,,,26.78561746,-41.5350784,21.82459397,19.88889136,66.64297029,10.36670913,-17.71811114,8.589095323,95.26708359,35.37740078,194.4103029,75.54523807,30.08855115,-49.79754222,-0.286361156,1.774,-0.804,0.635466461,0.518717069,,,27956.02,83.49189416,231.6065144,
prompton,16,,,,,,,,26.92189391,-41.36398607,22.08834748,19.88843886,66.51178155,10.91638334,-15.7705109,8.588521881,96.27504372,33.29908577,159.8435376,33.63867701,31.83209072,-47.52710053,-0.208095315,1.774,-0.804,16.5175134,0.735326998,,,27956.02,83.49189416,231.6065144,
prompton,17,,,,,,,,29.46904125,-41.36650663,22.05964206,19.86468297,66.52028187,-3.696975271,-17.42019861,8.909740863,96.22497928,35.05889641,158.1157988,75.14860378,31.61219689,-49.04094877,18.41186857,1.774,-0.804,0.616898388,0.51995479,,,27956.02,83.49189416,231.6065144,
prompton,18,,,,,,,,29.65442203,-41.36190666,22.11130903,19.88817675,66.6372136,-4.726181608,-17.89618221,8.628047982,98.05557846,35.23817494,114.6177633,70.62630798,31.67381772,-48.01574125,-0.401030509,1.774,-0.804,1.698476705,0.20416975,,,27956.02,83.49189416,231.6065144,
prompton,19,,,,,,,,29.28316185,-41.37506697,22.12120669,19.89148612,66.64774311,10.81762031,-16.00090444,8.608011485,96.22207588,35.29615631,112.7314439,75.59922602,31.78590466,-29.26615283,19.35239726,1.774,-0.804,0.623885735,0.723760169,,,27956.02,83.49189416,231.6065144,
prompton,20,,,,,,,,28.94530293,-41.3741523,22.07719934,19.88736971,66.52425449,10.92657644,-15.2998584,8.419579725,96.22872876,34.98346645,160.408952,71.22715912,31.81654456,-47.35887019,-0.221330629,1.774,-0.804,0.256262389,0.507014355,,,27956.02,83.49189416,231.6065144,
prompton,21,,,,,,,,26.78305874,-41.39272379,21.74603178,19.88893716,66.51698589,10.87452977,-18.02185417,8.61258677,93.7016542,35.61248827,159.6351671,67.72734486,32.9084202,-49.19272337,-0.269666104,1.774,-0.804,18.61390836,0.049977994,,,27956.02,83.49189416,231.6065144,
prompton,22,,,,,,,,29.43739527,-41.38038775,21.25327873,19.88736971,66.5227594,10.92724015,-15.23213359,8.419579725,96.22989445,35.01600708,160.408952,67.15607803,29.62209135,-40.95503822,-1.009498837,1.774,-0.804,74.41770582,0.489141939,,,27956.02,83.49189416,231.6065144,
prompton,23,,,,,,,,26.69945916,-41.39312268,21.78710578,19.89008373,66.51107408,10.36596936,-16.84167047,8.619019844,82.31567647,35.56384733,158.4301852,66.37780385,30.18555623,-49.82718104,-0.267936494,1.774,-0.804,12.56121406,0.497316902,,,27956.02,83.49189416,231.6065144,
prompton,24,,,,,,,,26.79497135,-41.36530808,21.86238374,19.87498566,66.51126032,10.82737596,-15.30729982,8.58334568,81.37555909,35.25333946,160.4458475,71.50931071,31.81654456,-47.51504087,-1.173473148,1.774,-0.804,17.54547663,0.515991241,,,27956.02,83.49189416,231.6065144,
prompton,25,,,,,,,,26.32061401,-41.36861612,21.87778196,19.8049192,66.52390084,9.579052758,-16.51664975,8.620048731,96.23342201,33.39662779,157.3750804,75.635394,32.06384434,-49.31976719,-1.002132272,1.774,-0.804,2.3627103,0.809116501,,,27956.02,83.49189416,231.6065144,
prompton,26,,,,,,,,26.67846087,-41.36730051,21.86294225,19.88887515,66.52188022,10.786256,-15.77338736,8.588165214,93.28625075,33.34223805,162.0560636,33.07827497,31.70996853,-49.7851707,20.89404553,1.774,-0.804,16.94817213,0.136594359,,,27956.02,83.49189416,231.6065144,
prompton,27,,,,,,,,29.28065185,-41.37503653,22.11212748,19.89193733,66.64836382,10.81838749,-17.49300344,8.705250166,96.22880858,35.29615631,158.0729778,67.99452291,31.78590466,-29.30028731,19.35239726,1.774,-0.804,16.80144367,0.524962264,,,27956.02,83.49189416,231.6065144,
prompton,28,,,,,,,,29.46314311,-41.36443848,22.04209117,19.88665698,66.51841709,10.73340655,-17.69552286,8.438689502,81.5922833,33.38753724,158.6160311,75.14691199,30.3413332,-30.91196641,-1.17255634,1.774,-0.804,0.648294088,0.495899578,,,27956.02,83.49189416,231.6065144,
prompton,29,,,,,,,,29.19939252,-41.53776561,22.07945422,19.88646252,66.6536468,10.95437271,-18.29317906,8.61589861,96.22656931,35.2226207,158.4455109,75.77118921,54.2217178,-26.76850428,-0.859249384,1.774,-0.804,9.160090605,0.802561213,,,27956.02,83.49189416,231.6065144,
prompton,30,,,,,,,,26.9281844,-41.36481389,21.82459397,19.88917942,66.64416824,10.15835749,-15.73094359,8.942782228,17.20772507,33.37292361,158.2699036,33.09535141,30.47388,-49.35162582,-0.278322193,1.774,-0.804,16.97708766,0.516433417,,,27956.02,83.49189416,231.6065144,
prompton,31,,,,,,,,26.91193799,-41.36397426,22.08834748,19.88839722,66.52640475,10.91366856,-15.7705109,8.614255771,95.91783057,35.22082907,159.8442628,75.46027355,31.83209072,-47.87277121,-0.282400279,1.774,-0.804,16.66832891,0.754623117,,,27956.02,83.49189416,231.6065144,
prompton,32,,,,,,,,26.92523455,-41.38232314,22.09199462,19.88677486,66.51044305,-1.717628319,-24.52814139,8.41928628,96.50783355,34.4050853,158.2481592,76.04562091,82.92246598,-48.84684162,-1.156043599,1.774,-0.804,0.23609018,0.213784067,,,27956.02,83.49189416,231.6065144,
prompton,33,,,,,,,,26.78305874,-41.54702934,21.75541887,19.88904272,66.64084335,10.87452977,-18.02185417,8.61258677,93.7016542,35.61248827,159.6351671,67.72734486,32.9084202,-49.19272337,-0.265838631,1.774,-0.804,18.01158548,0.783411406,,,27956.02,83.49189416,231.6065144,
prompton,34,,,,,,,,26.81814308,-41.53736326,21.82381322,19.88819246,66.63897161,10.05246963,-17.77546839,8.933364378,96.22883713,35.21701979,159.8021925,70.95989282,30.20366797,-34.12562674,23.04679952,1.774,-0.804,1.294303679,0.804258186,,,27956.02,83.49189416,231.6065144,
prompton,35,,,,,,,,29.83908445,-41.38157276,21.40576136,19.86279327,66.63315405,9.579052758,-16.51664975,8.587219794,96.2334199,33.43383905,160.0940428,75.51478928,32.05107695,-27.78927144,-1.002132272,1.774,-0.804,2.346366817,0.809116501,,,27956.02,83.49189416,231.6065144,
prompton,36,,,,,,,,29.19974605,-41.53776561,22.07945422,19.88646252,66.64393108,10.95437271,-16.69874128,8.616288158,96.2287791,35.2226207,158.4455109,67.21342878,31.66665841,-26.76850428,-0.859249384,1.774,-0.804,16.47757167,0.802561213,,,27956.02,83.49189416,231.6065144,
prompton,37,,,,,,,,29.37637021,-41.39285141,21.74705592,19.79448716,66.52063301,10.41147484,-16.84818465,8.75423029,81.99017184,35.60990594,204.2155527,70.84783561,30.10383682,-50.03263545,-0.272110172,1.774,-0.804,15.67100671,0.031415655,,,27956.02,83.49189416,231.6065144,
prompton,38,,,,,,,,26.95639591,-41.36514775,22.11025128,19.86410667,66.5050567,10.41051984,-17.41932959,8.612855054,98.77987969,34.97403552,159.7952552,70.09482439,33.35806122,-46.69674206,-0.995698812,1.774,-0.804,20.23852879,0.517860909,,,27956.02,83.49189416,231.6065144,
prompton,39,,,,,,,,29.40303237,-41.36477598,22.03627298,19.88668686,66.50522746,-2.631881448,-16.72805043,8.603411256,96.22002252,35.16773519,160.0762684,76.25353522,31.39288252,-49.35774872,-0.320777612,1.774,-0.804,1.662174793,0.201126788,,,27956.02,83.49189416,231.6065144,
prompton,40,,,,,,,,26.82877453,-41.37029304,21.9351231,19.78743077,66.64691974,10.76143266,-16.63122194,8.615440793,32.06237426,33.14061427,155.1174177,70.06549337,32.89636825,-46.73683583,-0.126059107,1.774,-0.804,1.460820934,0.205195955,,,27956.02,83.49189416,231.6065144,
prompton,41,,,,,,,,27.11242638,-41.38157498,21.9351231,19.78745409,66.64691974,10.8195603,-16.61882141,8.760237231,30.5355201,35.46069987,202.0308943,70.70169518,32.93130252,-48.06486778,-0.053324978,1.774,-0.804,15.58652296,0.274455077,,,27956.02,83.49189416,231.6065144,
prompton,42,,,,,,,,29.39029556,-41.36734563,21.87592017,19.88875611,66.52188541,10.40486658,-18.24784084,8.586419933,96.21892367,33.43647202,72.33376919,31.86185835,31.82806582,-49.71702331,20.78920448,1.774,-0.804,16.58830106,0.110454224,,,27956.02,83.49189416,231.6065144,
prompton,43,,,,,,,,29.38851701,-41.37918526,22.04770622,19.86327295,66.50522746,9.640425878,-16.68458867,8.610384419,96.23649654,35.22799554,160.0640277,76.0877997,31.80431818,-48.96909726,-0.311727863,1.774,-0.804,1.654225674,0.528687414,,,27956.02,83.49189416,231.6065144,
prompton,44,,,,,,,,29.04734522,-41.36566793,22.09565126,19.88832696,66.50617154,10.14276614,-16.56413853,8.956907565,98.72478712,35.46142544,159.7950541,75.54907065,33.33300238,-46.72690984,-0.319778917,1.774,-0.804,18.97130606,0.510471981,,,27956.02,83.49189416,231.6065144,
prompton,45,,,,,,,,29.58375452,-41.36804561,22.0064538,19.88825455,66.51922154,10.97267597,-16.46795981,8.42688636,96.24799339,35.24019274,159.3699384,75.7289749,32.8095351,-48.62359224,-1.123692141,1.774,-0.804,19.49172242,0.542609065,,,27956.02,83.49189416,231.6065144,
prompton,46,,,,,,,,26.91788195,-41.38188881,22.11197142,19.78853048,66.51680163,10.41141188,-16.6318566,8.706145049,94.9755766,33.16507148,159.9068338,75.16026543,30.10430514,-49.08014888,-0.290964002,1.774,-0.804,15.59014011,0.513896387,,,27956.02,83.49189416,231.6065144,
prompton,47,,,,,,,,26.82877453,-41.37641014,21.9351231,19.78743077,66.52629556,10.76143266,-16.63122194,8.615440793,96.7779095,33.14061427,155.1174177,69.99554202,32.89636825,-46.73683583,-0.126059107,1.774,-0.804,1.510606164,0.205195955,,,27956.02,83.49189416,231.6065144,
prompton,48,,,,,,,,26.91976108,-41.37441161,21.93340928,19.78743077,66.64420282,9.933364193,-16.60531341,8.762944555,38.84201125,35.46067909,155.5215004,67.50157899,33.31025684,-47.7472075,-0.974293764,1.774,-0.804,15.58652296,0.802473952,,,27956.02,83.49189416,231.6065144,
prompton,49,,,,,,,,26.36004862,-41.36861612,21.87778196,19.88704046,66.52390084,9.579052758,-18.22620008,8.586916442,95.46145511,33.43383905,158.5128633,75.58814034,32.04344818,-29.14595203,-0.994279176,1.774,-0.804,2.3627103,0.809116501,,,27956.02,83.49189416,231.6065144,
prompton,50,,,,,,,,29.52845442,-41.37070706,22.06748175,19.89007236,66.50389801,10.78240369,-18.22085133,8.583502379,95.95534935,35.5631581,158.4310687,76.75167363,31.77645261,-49.82094318,-0.28483428,1.774,-0.804,17.37874882,0.208776384,,,27956.02,83.49189416,231.6065144,
prompton,51,,,,,,,,28.94648554,-41.38019404,22.05296956,19.8886818,66.50522746,10.98324454,-16.49410118,8.610028405,96.51484463,35.18500583,160.1519236,76.08280756,31.80431818,-48.96720012,-0.311727863,1.774,-0.804,19.07282493,0.528687414,,,27956.02,83.49189416,231.6065144,
prompton,52,,,,,,,,26.31305422,-41.36458681,21.87494342,19.79632014,66.52189477,11.15524337,-18.11356131,8.612069667,96.17817165,35.05610339,211.7401642,33.72144548,31.39760569,-34.06146829,-0.463261767,1.774,-0.804,16.6049576,0.476283834,,,27956.02,83.49189416,231.6065144,
prompton,53,,,,,,,,26.9051458,-41.38154896,22.06798619,19.89131588,66.52188892,11.10481768,-18.22066058,8.658492111,93.17843655,49.28362489,159.8776498,66.45959023,69.85345579,-48.57131348,-0.252311286,1.774,-0.804,17.44622864,0.522790785,,,27956.02,83.49189416,231.6065144,
prompton,54,,,,,,,,26.82577691,-41.370781,22.06748175,19.88899441,66.50012919,10.78292342,-17.75685245,8.582966998,95.89439699,35.77727112,158.3302927,56.77429416,31.79420243,-49.91345959,-0.28483428,1.774,-0.804,17.02720973,0.520844929,,,27956.02,83.49189416,231.6065144,
prompton,55,,,,,,,,26.9094078,-41.38052212,22.07623458,19.88837505,66.52643404,11.11817584,-17.16933037,8.621819986,96.2232846,51.52350507,157.0050905,67.01430555,31.81654456,-46.54636427,-1.00383854,1.774,-0.804,0.514397638,0.50448672,,,27956.02,83.49189416,231.6065144,
prompton,56,,,,,,,,29.5135743,-41.39314298,21.98688707,19.86496922,66.5113646,10.70854407,-24.36547242,8.615007876,71.18660929,34.90738371,159.2417591,66.83566782,31.67745597,-48.6969788,0.104117865,1.774,-0.804,0,0.837317109,,,27956.02,83.49189416,231.6065144,
prompton,57,,,,,,,,26.87403541,-41.39324697,22.05346056,19.79672918,66.50852583,10.60237436,-17.25499359,8.752622765,96.27901105,35.13786017,202.583971,75.41284994,29.80117138,-48.96909726,-0.313659458,1.774,-0.804,0.64882115,0.200668829,,,27956.02,83.49189416,231.6065144,
prompton,58,,,,,,,,26.92180993,-41.53785904,21.93340928,19.78882767,66.64415045,9.928066762,-16.58984417,8.762944555,38.84201125,35.45957114,155.8470693,67.31809358,31.6908291,-47.97054604,-0.974889726,1.774,-0.804,0.032137638,0.789083466,,,27956.02,83.49189416,231.6065144,
prompton,59,,,,,,,,26.95624406,-41.53715195,21.94004771,19.80364688,66.6157528,10.07614126,-16.93789078,8.701056656,35.78002243,35.81422292,195.9054888,70.23792479,33.35464936,-46.72382835,-0.838799007,1.774,-0.804,14.93619529,0.705766551,,,27956.02,83.49189416,231.6065144,
prompton,60,,,,,,,,29.19376622,-41.54526113,21.88148214,19.86311322,66.64422975,10.80461498,-16.66122066,8.583318514,96.22669543,34.25548553,156.5847136,75.77923172,31.69653052,-29.43474559,-0.214317169,1.774,-0.804,17.20178665,0.731535273,,,27956.02,83.49189416,231.6065144,
prompton,61,,,,,,,,29.43739527,-41.37902609,21.29563809,19.88734621,66.4733995,10.95325261,-15.23213359,8.708344223,96.53175422,35.14486887,160.408952,67.15607803,29.73237591,-28.37887622,-1.009498837,1.774,-0.804,17.30194197,0.002921017,,,27956.02,83.49189416,231.6065144,
prompton,62,,,,,,,,26.78942527,-41.53736877,22.12599933,19.80175002,66.65091504,10.89610153,-16.62845476,8.429472307,37.1822618,36.65798574,161.1798035,75.89304636,29.93371965,-47.44105833,-0.082245832,1.774,-0.804,0.47693475,0.506046611,,,27956.02,83.49189416,231.6065144,
prompton,63,,,,,,,,26.63133665,-41.54054753,21.74705592,19.79448716,66.52063301,10.06374577,-16.84327043,8.75423029,95.89370978,35.60990594,204.2155527,70.85091664,30.10383682,-48.84546506,-0.272110172,1.774,-0.804,1.128363149,0.028733627,,,27956.02,83.49189416,231.6065144,
prompton,64,,,,,,,,29.56317664,-41.3960327,22.11130903,19.88819255,66.63883366,10.41700497,-16.63615681,8.704725203,82.32503474,35.2167581,159.8819497,70.98894281,31.85265786,-50.01904205,16.69865132,1.774,-0.804,15.9376742,0.545893975,,,27956.02,83.49189416,231.6065144,
prompton,65,,,,,,,,29.51730716,-41.380922,21.41583317,19.8885992,66.52092824,10.86078372,-18.09032616,8.934936571,96.22880858,35.13843546,160.1018771,76.11835314,30.13739203,-29.60351905,-0.702129125,1.774,-0.804,17.26391939,0.528197851,,,27956.02,83.49189416,231.6065144,
prompton,66,,,,,,,,26.78679506,-41.53751281,21.74603178,19.88893716,66.65425442,9.854728374,-18.02185417,8.61258677,93.7016542,35.61904152,159.6351671,67.31692322,31.7770393,-49.34364911,-0.329819739,1.774,-0.804,18.41841634,0.76075301,,,27956.02,83.49189416,231.6065144,
prompton,67,,,,,,,,26.75852566,-41.37709023,21.92209726,19.80302846,66.51667957,10.41231507,-15.51354222,8.900536959,96.26908795,35.14899883,158.3924713,76.28246239,32.07090099,-31.79644565,-1.164010257,1.774,-0.804,29.2006583,0.190011841,,,27956.02,83.49189416,231.6065144,
prompton,68,,,,,,,,26.82877453,-41.56114314,21.9351231,19.78743077,66.64438571,10.76143266,-16.62974544,8.609839507,31.42860436,33.14061427,155.6067514,69.97736362,32.89636825,-46.73683583,-0.982971875,1.774,-0.804,1.460820934,0.209389117,,,27956.02,83.49189416,231.6065144,
prompton,69,,,,,,,,29.37666816,-41.39275109,21.73978237,19.88996114,66.53285712,10.96272088,-16.84167047,8.583498546,82.31567647,49.54434198,159.8805161,66.8917801,30.14466456,-49.82718104,-0.268283697,1.774,-0.804,12.76070881,0.783672201,,,27956.02,83.49189416,231.6065144,
prompton,70,,,,,,,,26.85287692,-41.36223948,22.05346056,19.88852656,66.50804452,10.64037718,-17.42862334,8.612333559,96.27802738,35.13786017,160.0750262,75.46922099,31.78851053,-48.90447822,-0.114174935,1.774,-0.804,1.154930001,0.205227687,,,27956.02,83.49189416,231.6065144,
prompton,71,,,,,,,,26.9575177,-41.37978216,22.06748175,19.8888132,66.51648799,11.12436204,-18.25383011,8.583168945,96.10061312,35.23527021,158.4690863,67.10438475,31.40548659,-28.93005407,-0.884520794,1.774,-0.804,17.20618617,0.520884892,,,27956.02,83.49189416,231.6065144,
prompton,72,,,,,,,,28.9001438,-41.36962678,21.92209726,19.80302846,66.51667957,10.41231507,-15.51354222,8.900536959,96.26908795,35.14899883,120.3326755,76.28246239,31.76679939,-28.0662109,-1.158352926,1.774,-0.804,29.2006583,0.644452499,,,27956.02,83.49189416,231.6065144,
prompton,73,,,,,,,,26.95522093,-41.39947635,21.93340928,19.78756024,66.50906562,9.933364193,-16.60531341,8.762944555,38.60367601,35.46067909,155.4927117,67.47566473,33.3638003,-49.10664107,-0.974445927,1.774,-0.804,15.58652296,0.802473952,,,27956.02,83.49189416,231.6065144,
prompton,74,,,,,,,,29.67625257,-41.36845328,21.29996843,19.86186523,66.52354037,9.623092383,-18.11625412,8.619834101,91.70235626,50.99092505,158.5559933,67.13703564,31.74895643,-48.24175686,2.947185192,1.774,-0.804,17.8615296,0.192398092,,,27956.02,83.49189416,231.6065144,
prompton,75,,,,,,,,29.45318757,-41.36840726,22.05376463,19.86290561,66.51125843,9.599091312,-15.7405344,8.970979038,98.38488381,33.36567703,158.2901973,34.45111762,31.51765072,-49.34899004,-0.01168401,1.774,-0.804,15.92216472,0.516971767,,,27956.02,83.49189416,231.6065144,
prompton,76,,,,,,,,29.2891346,-41.37920234,22.04770622,19.86327295,66.50522746,9.640425878,-15.79653956,8.610384419,81.6156335,33.45631326,160.0640277,70.74154569,31.80431818,-48.97872976,-0.580417738,1.774,-0.804,1.654225674,0.492477745,,,27956.02,83.49189416,231.6065144,
prompton,77,,,,,,,,26.79716989,-41.39453989,21.87115034,19.79150174,66.52155428,11.15211846,-18.03478786,8.925684546,96.17748304,35.05610339,210.7665824,71.58106206,31.64611058,-34.06146829,-0.304077908,1.774,-0.804,16.07683458,0.502596564,,,27956.02,83.49189416,231.6065144,
prompton,78,,,,,,,,29.62895578,-41.36531198,22.06812417,19.88705988,66.52381506,8.231441567,-24.16721966,8.610323188,95.88190756,35.14313986,158.2563896,25.43923985,31.81224459,-48.95397022,-1.276453509,1.774,-0.804,1.599901569,0.208731267,,,27956.02,83.49189416,231.6065144,
prompton,79,,,,,,,,29.36731523,-41.38270789,22.04745006,19.89186344,66.51044305,-1.717628319,-15.67605158,8.419768181,96.51572577,34.4050853,158.5640188,76.04562091,82.92246598,-48.84684162,-0.160396042,1.774,-0.804,0.23609018,0.213919156,,,27956.02,83.49189416,231.6065144,
prompton,80,,,,,,,,29.44792668,-41.38083389,22.0364021,19.88898912,66.52648882,10.86703113,-16.97903209,8.58343055,96.95433017,50.10708779,158.388073,75.53903337,31.94846322,-29.47717469,-1.180946711,1.774,-0.804,15.06613775,0.51310673,,,27956.02,83.49189416,231.6065144,
prompton,81,,,,,,,,26.67216871,-41.36861612,21.87778196,19.88705543,66.52390084,9.568266055,-16.65355615,8.586916442,94.78588321,33.43383905,159.8865999,75.58814034,32.05357095,-49.72274308,-0.994279176,1.774,-0.804,2.061877311,0.810200478,,,27956.02,83.49189416,231.6065144,
prompton,82,,,,,,,,26.78796177,-41.36653266,21.81250945,19.88843824,66.50260583,10.63527282,-17.80790994,8.608890842,96.28371387,33.99826356,153.9504874,75.54076675,31.68994104,-46.99663271,-0.005850697,1.774,-0.804,0.9228215,0.199759033,,,27956.02,83.49189416,231.6065144,
prompton,83,,,,,,,,26.79462987,-41.53988813,22.12599933,19.80175002,66.65091504,10.89610153,-16.62854784,8.612772531,37.12403772,35.3296882,161.1798035,75.75867531,44.98142665,-47.44105833,-0.082803474,1.774,-0.804,0.47693475,0.506046611,,,27956.02,83.49189416,231.6065144,
prompton,84,,,,,,,,28.9385176,-41.54620663,22.05063766,19.86346768,66.64422975,10.80461498,-16.66122066,8.583318514,96.21824612,34.25548553,156.5847136,75.77923172,31.69653052,-29.43474559,-0.221142529,1.774,-0.804,17.48773927,0.731535273,,,27956.02,83.49189416,231.6065144,
prompton,85,,,,,,,,26.86669974,-41.3656556,22.08688455,19.88983766,66.52219196,10.9140432,-16.65319442,8.613557487,94.94601116,34.98937101,158.4791851,75.52972797,31.69822307,-46.23387817,-0.298770059,1.774,-0.804,3.818610787,0.807252108,,,27956.02,83.49189416,231.6065144,
prompton,86,,,,,,,,29.65442203,-41.36156249,22.0475079,19.88887449,66.51204685,-4.726181608,-17.89618221,8.584741837,98.05557846,35.24238105,114.6177633,70.62630798,31.67554772,-48.01893563,-0.397882535,1.774,-0.804,1.72609067,0.20416975,,,27956.02,83.49189416,231.6065144,
prompton,87,,,,,,,,29.43861087,-41.3822218,21.25327873,19.88736971,66.51133154,10.92724015,-24.25917347,8.41957427,96.7359785,34.45240924,160.408952,67.15607803,29.62210456,-40.95503822,-0.864832088,1.774,-0.804,0.062491461,0.489141939,,,27956.02,83.49189416,231.6065144,
prompton,88,,,,,,,,26.9132539,-41.38242174,21.9351231,19.7856402,66.64620203,11.11766425,-15.80248994,8.75885155,96.39321724,51.06974997,158.1586278,66.27410083,31.78555282,-47.54759633,-0.974931633,1.774,-0.804,16.01826388,0.797186464,,,27956.02,83.49189416,231.6065144,
prompton,89,,,,,,,,29.2903233,-41.36793279,21.73451447,19.89193813,66.52188541,10.40255782,-15.78937358,8.583804324,81.43396516,33.27045183,70.19898133,32.78780345,31.79561391,-48.38325536,20.78920448,1.774,-0.804,16.58830106,0.492993573,,,27956.02,83.49189416,231.6065144,
prompton,90,,,,,,,,29.19939252,-41.36498463,22.07945422,19.88646252,66.6536468,10.95613644,-18.29317906,8.612818164,96.22656931,34.94189431,158.4423732,75.77118921,32.82006842,-46.2794668,-0.859249384,1.774,-0.804,18.90273618,0.771817369,,,27956.02,83.49189416,231.6065144,
prompton,91,,,,,,,,26.67121761,-41.36464854,21.87494342,19.89169805,66.52157435,11.15488689,-18.22144985,8.611986942,98.23252412,33.14111996,158.3855661,33.72144548,31.39760569,-35.40057844,-1.132866413,1.774,-0.804,16.58830106,0.492993573,,,27956.02,83.49189416,231.6065144,
prompton,92,,,,,,,,29.46563832,-41.36706822,22.11130903,19.88803487,66.63698956,-4.726181608,-16.55972341,8.628376897,94.45873879,35.22560322,114.6177633,73.44425568,32.86031163,-49.1623649,-0.266149641,1.774,-0.804,0.91702104,0.515571159,,,27956.02,83.49189416,231.6065144,
prompton,93,,,,,,,,26.83214751,-41.39134095,21.74603178,19.88893716,66.52210296,7.948434096,-18.02185417,8.611728127,96.02092085,35.39912486,159.6351671,67.72734486,30.1496221,-49.2072696,-0.270240813,1.774,-0.804,18.61390836,0.075210239,,,27956.02,83.49189416,231.6065144,
prompton,94,,,,,,,,26.91438899,-41.38188881,22.11130077,19.88737038,66.51121731,10.3992428,-16.6318566,8.674102205,96.22880901,33.18802915,159.827848,75.24877337,31.78824127,-47.5028561,-0.291451681,1.774,-0.804,20.31186778,0.515949721,,,27956.02,83.49189416,231.6065144,
prompton,95,,,,,,,,26.82860239,-41.37525599,21.92675452,19.79305858,66.64694844,-3.414000277,-16.62324941,8.58203938,30.53463357,35.30202674,117.8144421,70.65776033,31.22384434,-48.06486778,-0.053324978,1.774,-0.804,16.75113937,0.333621476,,,27956.02,83.49189416,231.6065144,
prompton,96,,,,,,,,29.4861851,-41.36647881,22.07375662,19.86340335,66.6418894,10.92456006,-16.6996535,8.621647832,92.96941941,35.22012031,159.9474674,75.56391253,31.69793079,-40.89700782,-1.02817865,1.774,-0.804,0.731331072,0.534727586,,,27956.02,83.49189416,231.6065144,
prompton,97,,,,,,,,29.82682699,-41.37992432,21.87496823,19.79199327,66.52139373,10.35567543,-16.66122066,8.754666832,92.92005749,36.43112791,203.7773841,67.2059111,31.70072029,-34.13959656,-0.920794678,1.774,-0.804,0.473428888,0.008304053,,,27956.02,83.49189416,231.6065144,
prompton,98,,,,,,,,29.71233287,-41.37913889,21.31514624,19.86314087,66.52307572,10.17714771,-18.04768699,8.950059557,93.17740785,50.99092505,158.5559933,66.82617323,31.7057284,-47.05672315,-0.925745341,1.774,-0.804,56.35458933,0.778216897,,,27956.02,83.49189416,231.6065144,
prompton,99,,,,,,,,26.82877453,-41.5652135,21.9351231,19.78743077,66.64438571,10.76143266,-16.62974544,8.609839507,98.62366081,33.43813827,155.676541,76.47554575,32.89503663,-46.73683583,-0.982971875,1.774,-0.804,1.460820934,0.209389117,,,27956.02,83.49189416,231.6065144,
prompton,100,,,,,,,,26.29635073,-41.36384079,21.87494342,19.79632014,66.52189477,11.15524337,-18.11356131,8.751107643,96.5162637,35.21588962,211.7736337,36.61830455,31.4090171,-34.02498369,-0.463261767,1.774,-0.804,15.59326646,0.837426448,,,27956.02,83.49189416,231.6065144,
prompton,101,,,,,,,,26.80505641,-41.39635664,21.9351231,19.7856402,66.64749909,10.95243062,-18.91973849,8.608376399,39.20657365,35.05594042,201.7657785,67.79842663,33.33052737,-47.31744472,-0.974483402,1.774,-0.804,16.59821409,0.432841027,,,27956.02,83.49189416,231.6065144,
prompton,102,,,,,,,,29.51730716,-41.37529762,21.41516848,19.79447033,66.52092824,10.60073728,-18.09032616,8.58721299,96.65914884,35.13843546,160.1018771,76.11835314,30.20380155,-29.01788305,-0.69883614,1.774,-0.804,17.26391939,0.515516195,,,27956.02,83.49189416,231.6065144,
prompton,Best q80 Bias,,,,,,,,26.90483196,-41.36653266,21.81198387,19.89012069,66.63904405,9.599985888,-16.74155624,8.609114104,96.21851556,33.45685993,158.134164,75.5456091,31.32026218,-48.58708877,-0.294631698,1.774,-0.804,9.14000629,0.785249585,,,27956.02,83.49189416,231.6065144,
prompton,104,,,,,,,,29.44758861,-41.39552601,21.94004771,19.80364688,66.52704258,10.40166211,-31.09866431,8.61857855,96.9452181,35.74654093,194.0463947,70.42141824,33.35321268,-49.17627215,-0.843098633,1.774,-0.804,14.84912949,0.199308023,,,27956.02,83.49189416,231.6065144,
prompton,105,,,,,,,,26.41716127,-41.36653266,21.81198387,19.88898741,66.64421551,10.67657374,-16.64230437,8.609114104,96.21851154,33.47879554,158.134164,75.77633751,31.68152868,-29.56696363,-0.225728012,1.774,-0.804,9.22100407,0.500335168,,,27956.02,83.49189416,231.6065144,
prompton,106,,,,,,,,29.37672071,-41.38177617,22.03539462,19.88890857,66.53218166,10.39212394,-18.47578107,8.587867121,93.7728352,34.29866307,159.3111991,75.80834328,31.33809963,-30.95811707,-0.374889731,1.774,-0.804,18.07858346,0.475517919,,,27956.02,83.49189416,231.6065144,
prompton,107,,,,,,,,26.91193799,-41.37596869,22.08834748,19.8882504,66.56356626,10.47849377,-15.7705109,8.615885194,95.91783057,35.30672828,159.8472879,75.46027355,31.78471539,-47.87277121,1.443732394,1.774,-0.804,16.66832891,0.770196632,,,27956.02,83.49189416,231.6065144,
prompton,108,,,,,,,,26.87622191,-41.38174059,22.11197142,19.79108188,66.51680163,10.41141188,-16.6318566,8.706145049,94.9755766,33.15996561,159.8744962,75.16026543,30.10430514,-49.08014888,-0.290964002,1.774,-0.804,15.59014011,0.491779338,,,27956.02,83.49189416,231.6065144,
prompton,109,,,,,,,,29.4277673,-41.3958808,21.72973679,19.80357012,66.52063301,10.41579022,-23.53803888,8.955786579,96.27060193,35.29702848,156.782755,75.23934485,31.79213187,-49.30362811,-1.154662908,1.774,-0.804,0.650033018,0.031415655,,,27956.02,83.49189416,231.6065144,
prompton,110,,,,,,,,28.93078317,-41.53225353,22.07085872,19.8628465,66.63911607,10.85222853,-16.83818243,8.188614701,24.47893652,35.20677752,158.3965122,75.77324944,44.23034036,-22.06387965,-0.218382108,1.774,-0.804,16.72095904,0.827294408,,,27956.02,83.49189416,231.6065144,
prompton,111,,,,,,,,26.93289729,-41.38162905,22.06644635,19.88920607,66.51694669,10.81267527,-18.05129979,8.612069667,96.16412147,35.04843795,211.7604217,33.72144548,31.36625545,-29.22215904,-1.016683783,1.774,-0.804,0.248898592,0.476283834,,,27956.02,83.49189416,231.6065144,
prompton,112,,,,,,,,26.82991422,-41.38174752,21.87510538,19.78743077,66.51765207,10.95926118,-16.58367007,8.760237231,30.03571365,35.46069987,201.7992479,31.76931487,32.93130252,-47.71138473,-0.974483402,1.774,-0.804,16.52992668,0.814172154,,,27956.02,83.49189416,231.6065144,
prompton,113,,,,,,,,29.09858374,-41.39610574,22.06640018,19.89298243,66.63830613,10.85858492,-17.74124679,8.713141769,94.84911539,35.83733649,163.2034064,68.41716075,32.41336175,-29.77323199,17.8985751,1.774,-0.804,16.38514779,0.449985439,,,27956.02,83.49189416,231.6065144,
prompton,114,,,,,,,,26.79449617,-41.38179894,21.9351231,19.77910468,66.64423952,10.95437271,-16.60027257,8.760237231,30.03571365,35.46069987,201.7992479,70.752307,32.93130252,-29.3297401,-0.968914634,1.774,-0.804,15.60829427,0.798653742,,,27956.02,83.49189416,231.6065144,
prompton,115,,,,,,,,29.47047737,-41.37892803,22.04871038,19.88803341,66.50456918,10.97235743,-16.68721181,8.610384419,94.48509496,35.22972622,163.8132493,76.15581042,31.80431818,-48.97424997,-0.265151498,1.774,-0.804,0.817851362,0.51557506,,,27956.02,83.49189416,231.6065144,
prompton,116,,,,,,,,26.9675644,-41.53715195,22.0887834,19.80364688,66.61518353,10.35310594,-16.93789078,8.701056656,35.78002243,35.80472454,197.8280923,70.23792479,33.35464936,-46.72382835,-0.848873744,1.774,-0.804,14.73102062,0.705766551,,,27956.02,83.49189416,231.6065144,
prompton,117,,,,,,,,27.05087232,-41.36423262,22.11025128,19.89244338,66.52265903,10.4109732,-16.86618709,8.584366806,98.75642869,33.41590637,159.7952926,70.09482439,30.17532509,-46.85517153,-0.269749863,1.774,-0.804,19.33734439,0.083994632,,,27956.02,83.49189416,231.6065144,
prompton,118,,,,,,,,26.78796177,-41.36653266,21.81250945,19.88817867,66.64421551,10.63400732,-17.7168401,8.609031443,96.28371387,35.13802972,158.1287651,75.54076675,31.68994104,-47.04405302,16.50606172,1.774,-0.804,0.72678051,0.2021326,,,27956.02,83.49189416,231.6065144,
prompton,119,,,,,,,,27.0057512,-41.38052212,22.07623458,19.88837505,66.52643404,11.11817584,-16.66378851,8.621819986,96.2232846,51.52350507,157.0050905,67.01430555,31.81654456,-48.98956465,-0.36100908,1.774,-0.804,0.514397638,0.249360874,,,27956.02,83.49189416,231.6065144,
prompton,120,,,,,,,,26.95639591,-41.36514775,22.0466895,19.86410667,66.51044492,-1.542954685,-17.85345791,8.612855054,98.77987969,34.97063383,159.7952552,70.09482439,33.35806122,-46.69674206,-0.990380596,1.774,-0.804,0.392579485,0.517860909,,,27956.02,83.49189416,231.6065144,
prompton,121,,,,,,,,29.27092258,-41.39254117,22.03627298,19.88676179,66.50417341,-1.227470549,-16.72631812,8.704686246,96.51484463,35.30035134,157.9307598,76.34764783,31.84158145,-49.42221568,-0.552870959,1.774,-0.804,16.7050845,0.52763102,,,27956.02,83.49189416,231.6065144,
prompton,122,,,,,,,,29.4139285,-41.5376086,22.05063766,19.86131363,66.61613038,10.07558012,-17.74439028,8.583318514,96.21825014,34.21276898,192.698437,74.87024613,32.08198461,-49.59932772,-0.029109288,1.774,-0.804,15.06155027,0.731535273,,,27956.02,83.49189416,231.6065144,
prompton,123,,,,,,,,29.37637021,-41.39265064,21.73470383,19.79195397,66.50492914,10.41147484,-16.84818465,8.608372809,98.61249973,35.60990594,203.5675547,70.84783561,30.10383682,-50.03409156,-0.272110172,1.774,-0.804,15.48261652,0.031415655,,,27956.02,83.49189416,231.6065144,
prompton,124,,,,,,,,26.83107972,-41.38156847,21.9351231,19.79305858,66.64780697,10.81762234,-16.61883932,8.75949736,30.64143914,35.46065108,201.7992479,70.70169518,32.93130252,-48.06486778,-1.050654779,1.774,-0.804,15.58652296,0.270586947,,,27956.02,83.49189416,231.6065144,
prompton,125,,,,,,,,26.88872844,-41.37872753,22.06748175,19.88643413,66.52188452,10.75026556,-18.21915389,8.610554641,96.00580072,35.16414291,158.537584,70.32169573,31.80415233,-48.95185042,-0.287625111,1.774,-0.804,15.18539482,0.208776384,,,27956.02,83.49189416,231.6065144,
prompton,126,,,,,,,,29.18259288,-41.54620663,22.05063766,19.86346768,66.64467388,9.785161392,-17.74439028,8.424693835,96.09417625,34.24083427,156.5821786,74.87024613,32.08198461,-30.25004282,-0.031787588,1.774,-0.804,17.40634708,0.723033015,,,27956.02,83.49189416,231.6065144,
prompton,127,,,,,,,,27.05087232,-41.36423262,22.11025128,19.86234217,66.51630896,10.92721936,-16.86618709,8.581579608,98.75642869,36.66557707,159.7952926,66.84884337,30.17532509,-46.85517153,-0.269749863,1.774,-0.804,19.33734439,0.083994632,,,27956.02,83.49189416,231.6065144,
prompton,128,,,,,,,,29.2402001,-41.38010991,22.00603846,19.86433741,66.64403045,9.913524164,-16.62327606,8.583972607,96.22880899,35.31152914,160.1108826,66.97516956,31.20861421,-1.377687095,-0.138084078,1.774,-0.804,1.077485135,0.768055429,,,27956.02,83.49189416,231.6065144,
prompton,129,,,,,,,,29.18743318,-41.53715195,21.94004771,19.80364688,66.605576,-1.19522253,-16.93789078,8.701056656,93.73892505,35.81422292,195.9054888,70.23792479,31.87804081,-46.72382835,-0.838799007,1.774,-0.804,14.93619529,0.705766551,,,27956.02,83.49189416,231.6065144,
prompton,130,,,,,,,,29.37563536,-41.38083389,22.04204264,19.88898912,66.53202623,10.86703113,-16.84015174,8.583353492,96.95433017,34.3923571,158.3834988,75.53903337,31.94846322,-29.69598428,-1.147131537,1.774,-0.804,12.79596233,0.520904347,,,27956.02,83.49189416,231.6065144,
prompton,131,,,,,,,,27.01994071,-41.36386789,22.08834748,19.89052616,66.51178155,-3.130805693,-16.57299025,8.588521881,96.222172,33.34524392,159.8435376,76.25911659,31.80866277,-47.64196489,-0.289562926,1.774,-0.804,15.03019588,0.735697886,,,27956.02,83.49189416,231.6065144,
prompton,132,,,,,,,,26.82934178,-41.39148313,22.09035177,19.80033313,66.52205198,10.40013549,-15.78302395,8.583804324,96.91838083,35.77946748,162.0628453,32.14616381,30.12045709,-46.91427637,-0.29829189,1.774,-0.804,0.585020806,0.074986599,,,27956.02,83.49189416,231.6065144,
prompton,133,,,,,,,,29.24392109,-41.36224085,22.03920755,19.88132895,66.60630399,10.65044571,-16.73928739,8.704686246,96.51484463,35.30679177,158.0748847,76.30100091,33.31452492,-50.03425539,-0.828574122,1.774,-0.804,16.13848721,0.213913589,,,27956.02,83.49189416,231.6065144,
prompton,134,,,,,,,,29.21961845,-41.36971458,21.20920696,19.87935714,66.63561161,10.01528254,-16.65984919,8.991865293,95.97192571,51.96963427,204.7269214,66.20314422,32.56070351,-48.85621915,-0.783717057,1.774,-0.804,1.243634972,0.274683365,,,27956.02,83.49189416,231.6065144,
prompton,135,,,,,,,,26.7347752,-41.38083389,22.03523943,19.88825302,66.53202623,10.87465032,-16.97903209,8.583346152,96.95433017,36.50963861,158.4098748,75.40861119,1.627768123,-29.54332012,-1.180946711,1.774,-0.804,9.053520171,0.203474425,,,27956.02,83.49189416,231.6065144,
prompton,136,,,,,,,,26.92098215,-41.3813459,22.05157737,19.88873647,66.50522746,10.92403974,-16.46977704,8.610028405,96.51484463,35.22005178,206.2252138,75.54319045,30.2325461,-48.96720012,-0.460457337,1.774,-0.804,19.07282493,0.528687414,,,27956.02,83.49189416,231.6065144,
prompton,137,,,,,,,,26.87622191,-41.38174059,22.11197142,19.87183563,66.5169096,11.14342888,-16.6318566,8.706145049,95.01481589,35.23141354,158.6262477,75.16026543,30.01588305,-50.07211712,-0.266546793,1.774,-0.804,15.59014011,0.491779338,,,27956.02,83.49189416,231.6065144,
prompton,138,,,,,,,,26.90610248,-41.38191648,21.9351231,19.78743077,66.64702349,11.11183727,-16.67253169,8.75981092,29.65989073,35.15255068,200.1902548,70.70169518,32.93130252,-47.7472075,-0.974483402,1.774,-0.804,15.58652296,0.814172154,,,27956.02,83.49189416,231.6065144,
prompton,139,,,,,,,,26.7834705,-41.37525599,21.92675452,19.79499408,66.64694844,-3.431971272,-16.61454763,8.58203938,30.53463357,35.25328994,159.1922823,70.65776033,31.22384434,-49.94562913,-0.268954535,1.774,-0.804,16.13676016,0.337401957,,,27956.02,83.49189416,231.6065144,
prompton,140,,,,,,,,26.76108968,-41.36734563,21.87592017,19.88924924,66.52049913,10.3872831,-15.77338736,8.584372276,96.21685802,33.34223805,162.183683,55.12248722,32.05468185,-49.7851707,-0.831129644,1.774,-0.804,16.94817213,0.514948992,,,27956.02,83.49189416,231.6065144,
prompton,141,,,,,,,,26.98803946,-41.36527056,22.05829328,19.79953416,66.5290156,10.60779941,-31.37339879,8.612879053,96.96717336,34.98346501,158.1170783,75.32471349,32.52136561,-49.13529482,-0.875359698,1.774,-0.804,0.709715549,0.506833408,,,27956.02,83.49189416,231.6065144,
prompton,142,,,,,,,,26.91041741,-41.36481389,21.82459397,19.88946561,66.64416824,11.06252382,-17.65662119,7.516467238,16.85720739,33.37292361,158.0488969,31.81869394,30.47388,-46.16596276,-0.278322193,1.774,-0.804,17.97637316,0.483794371,,,27956.02,83.49189416,231.6065144,
prompton,143,,,,,,,,29.51730716,-41.39024323,21.41761934,19.88857357,66.52209653,10.86078372,-18.09032616,8.934936571,96.02306819,35.13876974,160.1018771,67.15397142,30.13739203,-30.58151317,-0.282178866,1.774,-0.804,17.26391939,0.514003324,,,27956.02,83.49189416,231.6065144,
prompton,144,,,,,,,,29.29216003,-41.39224861,21.70819928,19.88897099,66.52296257,10.87843399,-15.79560322,8.647280293,81.65770929,35.76131686,149.3786061,56.96300526,30.09021589,-49.09397415,-0.258892887,1.774,-0.804,0.630732414,0.500781218,,,27956.02,83.49189416,231.6065144,
prompton,145,,,,,,,,26.89257217,-41.36653266,21.81017151,19.89013424,66.64421551,9.629633698,-18.65184688,8.609307734,39.04858716,33.45352756,158.134164,75.5456091,32.14505576,-48.08621918,-0.005850697,1.774,-0.804,9.14000629,0.785249585,,,27956.02,83.49189416,231.6065144,
prompton,146,,,,,,,,26.93504803,-41.36895016,22.09249454,19.88060412,66.52371711,10.76084477,-16.66972773,8.615977045,95.90096265,33.20727223,155.6814589,75.79391028,31.83266122,-49.78755901,-0.129812636,1.774,-0.804,19.24610946,0.209199814,,,27956.02,83.49189416,231.6065144,
prompton,147,,,,,,,,26.93315319,-41.38139274,22.06204341,19.89091093,66.51557504,10.16908322,-16.60531341,8.777908365,38.67417352,35.46967427,212.0699043,66.23209482,33.26511786,-49.30274822,-0.974293764,1.774,-0.804,0.427039927,0.470027997,,,27956.02,83.49189416,231.6065144,
prompton,148,,,,,,,,29.28065185,-41.3839713,22.11151989,19.88890339,66.65147759,10.42323593,-16.32725681,8.609866991,99.93892451,36.52564635,155.0620603,67.99452291,31.79315945,-51.19459904,-0.853989481,1.774,-0.804,16.97295419,0.319761925,,,27956.02,83.49189416,231.6065144,
prompton,149,,,,,,,,26.67121761,-41.38046403,21.87494342,19.89169805,66.52189477,11.15488689,-18.15019777,8.611986942,96.02193494,33.14111996,158.4598783,33.72144548,31.79849397,-36.28156793,-1.132866413,1.774,-0.804,18.59126076,0.508814998,,,27956.02,83.49189416,231.6065144,
prompton,Best Storage NSE,,,,,,,,26.95496322,-41.53801652,22.12561224,19.8633104,66.63893963,10.89812544,-16.61230601,8.58041328,96.22880807,36.31790142,155.6919341,67.43570662,31.684679,-49.1091425,-0.312323444,1.774,-0.804,0.197889989,0.510558752,,,27956.02,83.49189416,231.6065144,
prompton,151,,,,,,,,29.51804842,-41.39283426,21.97945672,19.89049036,66.51678559,-3.216487819,-17.46678398,8.900078841,98.71395282,35.13843546,156.2119603,70.34456604,48.64548971,-46.76231385,-0.553504012,1.774,-0.804,0.88585722,0.153273298,,,27956.02,83.49189416,231.6065144,
prompton,152,,,,,,,,26.76222874,-41.54702934,21.76519315,19.88878037,66.66929962,10.95309329,-18.02185417,8.616345496,96.232121,35.66694433,205.4553233,75.76477932,31.89592059,-49.21884815,-0.265838631,1.774,-0.804,1.639809537,0.794144782,,,27956.02,83.49189416,231.6065144,
prompton,153,,,,,,,,29.50304245,-41.36662648,21.27984321,19.8873855,66.63930119,10.85826209,-17.72197519,8.429885028,96.5483874,33.46414428,159.4876055,75.53126106,29.58119752,-48.9569826,-0.463204536,1.774,-0.804,9.14000629,0.786030672,,,27956.02,83.49189416,231.6065144,
prompton,154,,,,,,,,26.64792416,-41.3671224,21.74264131,19.78960976,66.52297541,10.97430276,-16.8214311,8.614427385,95.91783057,35.61604308,158.9502924,75.40295096,31.83340825,-47.73778708,-0.976814415,1.774,-0.804,16.66832891,0.072809234,,,27956.02,83.49189416,231.6065144,
prompton,155,,,,,,,,29.37876702,-41.38177617,22.03210133,19.88890857,66.53218166,10.39212394,-16.58477608,8.898565356,93.7728352,35.21513488,159.3120249,75.81263983,31.76768068,-48.42068768,-0.374889731,1.774,-0.804,15.917037,0.15114281,,,27956.02,83.49189416,231.6065144,
prompton,156,,,,,,,,29.28209337,-41.38065064,21.2404546,19.88730385,66.5227594,10.92724015,-15.2352395,8.419579725,96.22989445,35.29896843,160.5123838,67.15607803,29.62209135,-40.95503822,-1.009498837,1.774,-0.804,74.41770582,0.489141939,,,27956.02,83.49189416,231.6065144,
prompton,157,,,,,,,,74.70094065,0.731590589,7.148964726,6.557447411,63.96133641,3.217065796,-14.86775234,6.045019137,37.63206557,94.45418603,223.4610395,65.56237065,66.65907611,-23.60136238,8.530152589,1.774,-0.804,16.4285391,0.622602613,,,27956.02,83.49189416,231.6065144,
prompton,158,,,,,,,,71.61249432,-5.096409928,7.186238278,6.579541065,63.38177618,-13.09628257,-1.229003369,5.870269904,28.74431816,70.03498266,173.4887088,58.24127223,45.47365446,-39.43767193,9.61044013,1.774,-0.804,9.418452768,0.43959968,,,27956.02,83.49189416,231.6065144,
prompton,159,,,,,,,,74.70094065,0.68965407,7.148964726,6.575095246,63.96391366,3.217065796,-14.86775234,5.74735122,37.775381,94.45418603,223.4610395,65.56237065,66.65907611,-23.60136238,12.40039633,1.774,-0.804,16.4285391,0.622602613,,,27956.02,83.49189416,231.6065144,
prompton,160,,,,,,,,74.54605258,-2.224378414,7.129398532,6.569898362,63.51564838,-7.466489615,-11.79454174,5.797849488,21.19833222,70.92830416,173.8451194,74.45758435,45.75364671,-25.02832702,12.40923833,1.774,-0.804,10.47870257,0.436889263,,,27956.02,83.49189416,231.6065144,
prompton,161,,,,,,,,74.54605258,-2.224378414,7.129398532,6.579146005,63.51564838,-7.466489615,-11.79454174,5.798376649,6.873854654,70.92830416,173.8451194,74.45758435,45.75364671,-25.02832702,12.40923833,1.774,-0.804,10.47870257,0.436889263,,,27956.02,83.49189416,231.6065144,
prompton,162,,,,,,,,71.43363115,-5.480343207,7.106144049,6.573148224,63.37976423,-7.367701324,-15.45930095,5.926971247,10.0003506,69.67609787,173.4444571,65.37967409,44.53120639,-31.26618687,12.65068803,1.774,-0.804,18.95280155,0.213961375,,,27956.02,83.49189416,231.6065144,
prompton,163,,,,,,,,74.53239949,-2.213847075,7.100375786,6.579541065,63.51499962,-7.749916732,-1.229003369,5.866759404,9.978266995,90.60677261,185.2153179,66.99265878,45.47365446,-45.66468518,12.65756002,1.774,-0.804,10.53927024,0.325974622,,,27956.02,83.49189416,231.6065144,
prompton,164,,,,,,,,71.61036797,-5.096409928,7.186238278,6.579499524,63.32882395,-13.09628257,-1.229003369,5.870269904,28.74431816,70.03498266,173.4887088,70.07408974,45.47365446,-39.43767193,9.61044013,1.774,-0.804,9.414292933,0.43959968,,,27956.02,83.49189416,231.6065144,
prompton,165,,,,,,,,70.36605935,4.459843857,7.115131479,6.543036583,63.99129811,-5.816279979,-8.509852909,5.907341671,17.41925915,98.643471,187.5410475,69.38883896,43.4611142,-47.5646472,10.03111103,1.774,-0.804,1.974945615,0.167226164,,,27956.02,83.49189416,231.6065144,
prompton,166,,,,,,,,74.66737219,0.640333936,7.148964726,6.573855329,63.99362366,3.217065796,-14.86775234,5.74735122,37.775381,27.10862679,223.4610395,65.73071397,66.65907611,-23.60136238,12.329101,1.774,-0.804,16.4285391,0.626531338,,,27956.02,83.49189416,231.6065144,
prompton,167,,,,,,,,74.77576927,0.640333936,7.148936886,6.578865359,63.99362366,3.217065796,-14.86775234,5.749461299,37.775381,27.10862679,184.1380208,71.01646413,69.63455528,-23.60136238,12.329101,1.774,-0.804,13.56583998,0.169638609,,,27956.02,83.49189416,231.6065144,
prompton,168,,,,,,,,69.89186182,-4.300890764,7.093297559,6.614201903,63.5178432,-12.24428592,-15.85440519,5.87302101,9.88841944,89.94613024,226.8607692,66.76704652,36.54595592,-25.47789237,11.32110882,1.774,-0.804,45.53801523,0.060718374,,,27956.02,83.49189416,231.6065144,
prompton,169,,,,,,,,70.0754312,-3.316618865,7.117378488,6.575997701,63.84973409,9.941588604,-16.46003284,5.714717111,36.91286847,91.38982601,220.2005609,61.67524987,37.95084678,-46.88658958,12.47888571,1.774,-0.804,4.08282879,0.192201358,,,27956.02,83.49189416,231.6065144,
prompton,170,,,,,,,,78.94572384,2.82756718,7.104781424,6.557179733,63.11130763,-14.33593501,-8.205745534,5.787869137,4.492136412,98.39010003,170.7591804,68.47723292,37.70335636,-24.69134542,12.40942147,1.774,-0.804,10.79530801,0.518016709,,,27956.02,83.49189416,231.6065144,
prompton,171,,,,,,,,74.70094065,0.742485408,7.135843876,6.544941303,63.9638684,9.183281541,-14.86775234,6.053370895,27.99835029,91.62581671,223.4610395,65.4317097,66.65907611,-25.07530002,8.950343993,1.774,-0.804,18.94587497,0.444760135,,,27956.02,83.49189416,231.6065144,
prompton,172,,,,,,,,78.74779663,1.894974208,7.134319255,6.608893803,63.84973409,9.177105457,-10.87004939,6.027281673,9.021792156,73.46113441,177.4647721,75.72751405,41.91006232,-24.08468477,9.712474784,1.774,-0.804,44.03878847,0.284126885,,,27956.02,83.49189416,231.6065144,
prompton,173,,,,,,,,79.35540238,3.751826222,7.1041141,6.5450543,62.7537132,-10.75853011,-11.13035779,6.053368156,20.73539076,32.80260081,175.8287647,60.35503671,68.76681876,-43.49811844,8.744076187,1.774,-0.804,10.58193853,0.402433542,,,27956.02,83.49189416,231.6065144,
prompton,174,,,,,,,,69.79555205,4.564411045,7.093297559,6.610356614,63.94591197,-12.38151894,-15.35952702,5.886322036,13.08892538,99.03108424,183.364933,70.32388726,45.24858433,-24.73420823,11.26027157,1.774,-0.804,1.98886131,0.040474042,,,27956.02,83.49189416,231.6065144,
prompton,175,,,,,,,,79.60784777,2.888477077,7.139623692,6.575055848,63.85085748,9.946748306,-15.27032689,5.736832625,37.27851901,96.80141374,190.3899469,61.10338351,43.19937404,-48.01766634,12.54344603,1.774,-0.804,43.25142791,0.028729672,,,27956.02,83.49189416,231.6065144,
prompton,Best Release NSE,,,,,,,,79.55254016,3.75916696,7.115297363,6.545950779,62.72387108,-10.96056977,-11.16033572,5.728930551,21.3481051,96.73145548,175.8287647,61.63093187,68.91819138,-43.90774484,12.46746623,1.774,-0.804,2.743853427,0.430983722,,,27956.02,83.49189416,231.6065144,
prompton,177,,,,,,,,69.77630307,-4.300890764,7.093297559,6.529873717,63.5178432,-12.11796605,-16.10806297,5.87302101,14.21240505,75.70248055,227.1775333,57.27881754,36.54595592,-45.23191833,11.32110882,1.774,-0.804,45.53801523,0.071515816,,,27956.02,83.49189416,231.6065144,
prompton,178,,,,,,,,78.6252275,1.894974208,7.134119813,6.572343575,63.84973409,9.177105457,-10.87004939,6.027281673,9.021792156,74.78071358,177.4647721,75.72751405,42.00082909,-24.09645578,9.640330569,1.774,-0.804,44.03878847,0.292306669,,,27956.02,83.49189416,231.6065144,
prompton,179,,,,,,,,79.60784777,2.888477077,7.164483291,6.54159871,63.85085748,9.946748306,-15.47386293,5.855694694,38.37734033,96.72063719,190.3899469,61.10338351,43.19937404,-48.01766634,12.37749003,1.774,-0.804,43.91371682,0.276791386,,,27956.02,83.49189416,231.6065144,
prompton,180,,,,,,,,71.43363115,-5.914845576,7.106144049,6.573148224,63.37941636,-11.08769426,-15.45930095,5.926971247,10.0003506,69.67609787,173.4180931,69.33597621,44.79390695,-46.81357524,12.65068803,1.774,-0.804,19.53186037,0.192703339,,,27956.02,83.49189416,231.6065144,
prompton,181,,,,,,,,79.60784777,2.802787016,7.139623692,6.57485701,63.86120636,10.27892758,-14.93805189,5.897690318,37.27851901,74.37945524,190.3899469,62.4820223,43.24196833,-23.24030175,12.59399297,1.774,-0.804,71.30545011,0.60302133,,,27956.02,83.49189416,231.6065144,
prompton,182,,,,,,,,79.60784777,2.574059682,7.139552636,6.57505495,63.86120636,10.00880888,-17.70726679,5.893528287,37.27851901,76.27258407,190.3899469,61.10338351,43.19937404,-23.23813251,12.47143313,1.774,-0.804,43.55974208,0.204740982,,,27956.02,83.49189416,231.6065144,
prompton,183,,,,,,,,69.56323092,-4.28899161,7.101268851,6.529367826,63.36630576,9.370868906,-8.10161324,6.067682147,18.84834549,74.53755245,177.2286846,56.95467129,41.76793942,-26.2842218,8.541862897,1.774,-0.804,69.89274968,0.414813657,,,27956.02,83.49189416,231.6065144,
prompton,184,,,,,,,,79.53216098,3.806534144,7.105679628,6.571573328,63.32619897,-11.15264994,-8.221963434,5.935996478,14.26416077,94.10845051,177.972529,69.37697085,63.39505837,-39.47201708,8.633756745,1.774,-0.804,1.006148197,0.193999752,,,27956.02,83.49189416,231.6065144,
prompton,185,,,,,,,,69.72448582,-4.569464151,7.101268851,6.525443886,63.36859152,9.370868906,-8.10161324,5.942430332,9.63862549,74.53755245,177.2286846,55.96681891,41.79423306,-26.2842218,8.519943724,1.774,-0.804,65.74619057,0.412108998,,,27956.02,83.49189416,231.6065144,
prompton,186,,,,,,,,79.53216098,3.806534144,7.105679628,6.544839314,63.32619897,-14.26887468,-14.99981165,5.935996478,14.2050101,92.74484598,174.9634155,68.9841408,63.39505837,-39.47201708,8.633756745,1.774,-0.804,11.44267137,0.113179163,,,27956.02,83.49189416,231.6065144,
prompton,187,,,,,,,,74.54056249,0.744738558,7.148428268,6.573855329,63.99362366,9.43692801,-14.89080491,5.739230178,37.775381,96.79362664,223.4610395,65.49067181,36.77264811,-22.67995038,12.3312083,1.774,-0.804,17.30216025,0.015134304,,,27956.02,83.49189416,231.6065144,
prompton,188,,,,,,,,69.84861043,-4.277251338,7.133621422,6.575569301,63.972521,-11.91587215,-15.19778064,6.052672686,7.957169509,74.31923497,173.4700846,66.83695795,37.74956658,-24.49730974,13.22189849,1.774,-0.804,7.572679287,0.623305303,,,27956.02,83.49189416,231.6065144,
prompton,189,,,,,,,,74.68781985,0.54156354,7.136064331,6.544282057,63.9638684,9.192237502,-14.72914879,6.053370895,28.30749123,92.51434769,177.1714696,65.60595756,66.43834014,-25.57906954,8.950343993,1.774,-0.804,69.15317842,0.444059542,,,27956.02,83.49189416,231.6065144,
prompton,190,,,,,,,,69.72448582,-4.569464151,7.101935405,6.544858658,63.35976918,9.370868906,-7.947317271,5.942430332,28.96566585,74.52018252,177.5962758,64.91974808,41.79423306,-26.2842218,8.539729649,1.774,-0.804,65.74619057,0.443098358,,,27956.02,83.49189416,231.6065144,
prompton,191,,,,,,,,70.0754312,-3.316618865,7.105798083,6.575997701,63.84973409,7.571248304,-8.933790313,5.953397258,13.79891427,93.97293669,220.2005609,61.67524987,37.95084678,-46.88658958,12.48989912,1.774,-0.804,4.190620723,0.192201358,,,27956.02,83.49189416,231.6065144,
prompton,192,,,,,,,,78.79211057,1.894974208,7.13359095,6.575136038,63.85965142,3.543720576,-10.99753698,5.78790515,5.438447424,83.64580353,175.5437529,75.72751405,37.63523457,-24.08468477,9.712474784,1.774,-0.804,44.03878847,0.284324462,,,27956.02,83.49189416,231.6065144,
prompton,193,,,,,,,,69.90246021,-4.2982165,7.105100272,6.543531492,63.31959223,-2.748293494,-3.935102299,5.778041593,18.84209774,89.6695882,225.1080832,70.48889956,38.93371995,-23.06951056,9.622597047,1.774,-0.804,0.31215771,0.415422596,,,27956.02,83.49189416,231.6065144,
prompton,194,,,,,,,,70.06077275,-3.316661655,7.11533075,6.575451791,63.84973409,9.177105457,-16.25341384,5.714717111,37.8705088,74.13913091,223.7151068,61.56230796,37.94986584,-46.35548252,12.47888571,1.774,-0.804,1.660736178,0.609384579,,,27956.02,83.49189416,231.6065144,
prompton,195,,,,,,,,77.60342553,4.569674847,7.092780757,6.61360442,63.57888392,10.38221565,-9.001318446,5.792698052,38.10070433,84.63442981,177.2754538,70.27579747,36.73754909,-44.9389516,11.3455569,1.774,-0.804,5.643045846,0.040235597,,,27956.02,83.49189416,231.6065144,
prompton,196,,,,,,,,74.54605258,-2.250195245,7.100110041,6.569880683,63.51550023,-6.992894681,-11.79454174,5.797849488,21.19833222,70.92830416,173.8451194,74.45758435,45.75364671,-25.02832702,12.40923833,1.774,-0.804,10.47870257,0.4367975,,,27956.02,83.49189416,231.6065144,
prompton,197,,,,,,,,79.35822392,3.629360221,7.104956698,6.545094828,62.7537132,-10.75853011,-18.63223164,6.061061328,20.73368231,33.18418981,175.8287647,60.35503671,68.76681876,-46.32287984,8.744076187,1.774,-0.804,10.58193853,0.405656053,,,27956.02,83.49189416,231.6065144,
prompton,198,,,,,,,,79.53216098,3.867715763,7.117187074,6.571573328,63.32619897,-8.825459715,-15.74820596,6.052978695,4.956351747,91.52533983,177.972529,75.35872079,63.39505837,-39.68012079,8.622743335,1.774,-0.804,0.276786204,0.191973364,,,27956.02,83.49189416,231.6065144,
prompton,199,,,,,,,,79.55254016,3.755724733,7.115297363,6.614835351,62.72387108,-10.96056977,-11.150688,5.728930551,37.8014415,96.73145548,175.8174132,60.15042247,68.91819138,-43.90774484,12.46746623,1.774,-0.804,5.348467032,0.430983722,,,27956.02,83.49189416,231.6065144,
prompton,200,,,,,,,,74.70094065,0.577818347,7.13053571,6.572453117,63.97912919,-11.32095378,-14.91427363,6.053608607,14.14978466,94.43404808,177.6058302,65.36135922,66.65907611,-23.67502662,12.69867709,1.774,-0.804,16.4285391,0.447303721,,,27956.02,83.49189416,231.6065144,
prompton,201,,,,,,,,69.89709109,-4.300578955,7.136158303,6.53077591,63.50475463,-12.45158629,-9.685079438,6.055713094,14.11181512,90.21307673,223.6700711,61.54984316,42.78388047,-34.8569754,9.63359268,1.774,-0.804,48.27274297,0.42065558,,,27956.02,83.49189416,231.6065144,
beltzvilleCombined,0,,,,,,,,39.70266532,2.247216483,62.03465462,35.16681893,100,2.383594617,-7.488258135,60.99009526,24.74012344,58.93780922,239.2765478,47.06882341,6.576543821,-10.90127753,14.70193467,1.878,-0.807,61.42454184,0.597691125,48317.0588,116.5417199,48317.0588,116.5417199,969.5,
beltzvilleCombined,1,,,,,,,,47.16206375,-37.29022912,82.11325416,65.1435565,13.11663044,6.699649976,-39.84615199,58.5890833,37.79611921,87.77448477,68.66442779,29.18428521,5.85400079,0.21943461,47.46907009,1.878,-0.807,65.2593858,0.375400452,48317.0588,116.5417199,48317.0588,116.5417199,969.5,
beltzvilleCombined,2,,,,,,,,47.31897408,-37.84754625,82.11325416,65.1435565,17.20024394,6.699649976,-39.84615199,58.5890833,34.52208569,87.77448477,182.9829804,55.83393529,5.804766024,0.21943461,47.46907009,1.878,-0.807,65.2593858,0.375400452,48317.0588,116.5417199,48317.0588,116.5417199,969.5,
beltzvilleCombined,3,,,,,,,,40.85511913,-2.406799403,63.10835735,61.18709582,90.73288184,6.046815811,-9.772962568,44.64462859,24.43321002,53.81722293,189.0590113,11.94839965,43.99663101,-25.41772196,13.0474998,1.878,-0.807,55.94527966,0.542015405,48317.0588,116.5417199,48317.0588,116.5417199,969.5,
beltzvilleCombined,4,,,,,,,,-7.389164467,-4.19189585,73.63791283,69.94393508,70.3043694,-3.893227019,3.855402239,30.53342924,96.95143307,90.44336251,186.7246026,22.85903522,8.004926995,-26.85135276,55.76094424,1.878,-0.807,2.126013164,0.002584493,48317.0588,116.5417199,48317.0588,116.5417199,969.5,
beltzvilleCombined,5,,,,,,,,41.02874744,-3.994531007,62.34972852,61.25620725,88.33132868,10.57391963,-8.018348769,46.36063568,28.34686352,89.50326976,181.6009333,18.53354425,48.65792689,-23.38273778,15.78978113,1.878,-0.807,54.7301775,0.605834932,48317.0588,116.5417199,48317.0588,116.5417199,969.5,
beltzvilleCombined,6,,,,,,,,75.53149626,-43.54829913,79.5236948,65.82710618,0.439858452,9.951052825,5.546386653,60.55921577,0.501000046,50.5751229,188.1406253,0.155962817,38.65121169,0.4454,63.516,1.878,-0.807,2.046485971,0,48317.0588,116.5417199,48317.0588,116.5417199,969.5,
beltzvilleCombined,7,,,,,,,,-2.244012514,2.367561096,71.96913613,68.34555277,74.17915336,1.248977671,3.345520773,30.16450997,91.55537929,92.85638222,180.9367105,29.44571864,5.631642076,-28.02569992,49.95307555,1.878,-0.807,3.092178667,0.4364474,48317.0588,116.5417199,48317.0588,116.5417199,969.5,
beltzvilleCombined,8,,,,,,,,-3.591361737,1.191133338,64.09619025,62.30648552,60.35022071,-12.46571078,-4.101871176,24.58997076,50.36854374,54.82667047,160.9377005,23.15122717,43.01302243,-2.858125766,26.19020484,1.878,-0.807,56.58516811,0.890881172,48317.0588,116.5417199,48317.0588,116.5417199,969.5,
beltzvilleCombined,9,,,,,,,,72.03497775,-40.87770033,79.19846814,65.50200986,5.456520544,8.232680238,2.918679892,58.86515782,3.508860247,49.24922086,184.563239,71.56169267,39.94236826,-24.98285815,60.78561408,1.878,-0.807,82.29933604,0.050941357,48317.0588,116.5417199,48317.0588,116.5417199,969.5,
beltzvilleCombined,10,,,,,,,,-3.258331514,4.84025788,73.70217834,64.90968997,71.87000759,-2.534581605,-38.85060009,29.53736251,79.82774303,87.20406077,179.4399467,28.34868518,5.679581459,-28.89731506,19.71719699,1.878,-0.807,2.233973829,0.06497145,48317.0588,116.5417199,48317.0588,116.5417199,969.5,
beltzvilleCombined,11,,,,,,,,42.94858404,-2.99796279,62.60119536,61.52040385,90.91961959,8.484726692,-6.096660394,48.20607862,44.89308622,90.20366243,161.2168298,14.41394887,44.7437167,-20.2215101,13.51597731,1.878,-0.807,60.0320788,0.628448854,48317.0588,116.5417199,48317.0588,116.5417199,969.5,
beltzvilleCombined,12,,,,,,,,-4.018416932,5.21,73.97646334,64.02400617,73.98808851,-1.76873149,-43.86655324,30.50601767,49.92842305,88.91332692,180.9625591,26.3566469,1.898371288,-28.51303572,17.90131444,1.878,-0.807,46.4522316,0.026047051,48317.0588,116.5417199,48317.0588,116.5417199,969.5,
beltzvilleCombined,13,,,,,,,,38.83906018,-1.554322558,64.76334067,61.79906377,89.09648764,4.870001999,-10.58283081,45.82725623,26.7551641,79.09291112,183.6205528,16.53424741,37.94354512,-27.15616604,10.60215104,1.878,-0.807,55.05080756,0.411653756,48317.0588,116.5417199,48317.0588,116.5417199,969.5,
beltzvilleCombined,14,,,,,,,,38.3199887,-1.614390644,62.43367115,61.10443822,91.20911843,7.59452924,-3.617747391,45.8407064,51.45023402,88.97694088,167.1378288,12.52834926,46.82811998,-22.09104713,13.89589973,1.878,-0.807,58.4053191,0.567055895,48317.0588,116.5417199,48317.0588,116.5417199,969.5,
beltzvilleCombined,15,,,,,,,,44.29950049,-2.366633505,62.72546472,60.52011844,96.32995672,6.782566317,-5.235860295,44.86426475,19.93128043,86.08074878,194.3937616,16.44507205,51.00118262,-24.95311223,11.16494119,1.878,-0.807,57.22114583,0.632738772,48317.0588,116.5417199,48317.0588,116.5417199,969.5,
beltzvilleCombined,16,,,,,,,,0.784037974,-1.783716507,76.61714624,73.43295213,20.26481383,9.893173774,-31.22873121,21.66605043,92.13148343,51.345204,183.5550735,42.72116505,21.84952921,-27.60326309,56.69018812,1.878,-0.807,50.59188352,0.060903987,48317.0588,116.5417199,48317.0588,116.5417199,969.5,
beltzvilleCombined,17,,,,,,,,11.26673214,-7.430816262,62.91677984,16.55014871,76.39970217,11.16,2.773994931,92.34283238,9.694292699,44.78729633,113.6472874,25.52549945,5.628909372,-24.70977287,8.448754319,1.878,-0.807,15.49024255,0,48317.0588,116.5417199,48317.0588,116.5417199,969.5,
beltzvilleCombined,18,,,,,,,,-4.491977295,-35.9375558,80.66416207,49.70996824,17.15210753,-13.1839047,-37.83977513,12.92965717,77.42941905,51.1019349,141.3768549,61.50298407,1.539622491,-37.438693,16.66158576,1.878,-0.807,87.14449879,0.592938507,48317.0588,116.5417199,48317.0588,116.5417199,969.5,
beltzvilleCombined,19,,,,,,,,-4.509454948,-40.86253215,79.38375274,49.70996824,17.15210753,5.129537118,-36.12693423,13.13939627,79.37017412,49.11986095,134.2294401,61.50298407,1.539622491,-12.11487674,16.43697808,1.878,-0.807,12.15802523,0.133577602,48317.0588,116.5417199,48317.0588,116.5417199,969.5,
beltzvilleCombined,20,,,,,,,,-4.491977295,-35.9375558,80.66416207,49.70996824,17.15210753,-13.1839047,-37.83977513,12.92965717,77.42941905,12.81407823,141.3768549,61.50298407,1.539622491,-37.438693,16.66158576,1.878,-0.807,77.6538311,0.592938507,48317.0588,116.5417199,48317.0588,116.5417199,969.5,
beltzvilleCombined,21,,,,,,,,11.26673214,-7.430816262,62.91677984,16.55014871,76.39970217,11.16,2.773994931,92.34283238,9.694292699,44.78729633,113.6472874,25.52549945,5.628909372,-40.08700224,8.448754319,1.878,-0.807,15.49024255,0,48317.0588,116.5417199,48317.0588,116.5417199,969.5,
beltzvilleCombined,22,,,,,,,,-3.984632276,-44.29,79.18111573,51.69472052,14.94870504,1.6093016,-7.299756151,15.94731278,75.57678814,74.67750543,154.6940817,69.52197907,6.287292407,-11.81627713,12.81525557,1.878,-0.807,81.84499751,0.713816957,48317.0588,116.5417199,48317.0588,116.5417199,969.5,
beltzvilleCombined,23,,,,,,,,-4.509454948,-34.58813946,80.66416207,49.70996824,17.17551998,-4.036477906,-5.099283761,13.13939627,79.37017412,51.1019349,141.9642538,59.1300361,-0.587723073,-37.82724916,16.66142767,1.878,-0.807,93.98772206,0.597084289,48317.0588,116.5417199,48317.0588,116.5417199,969.5,
beltzvilleCombined,24,,,,,,,,-2.356508894,-42.91534323,78.5970915,53.00967067,18.98993612,-10.54545043,-8.489698031,18.00994419,73.72036665,73.53659196,157.6550961,79.44870825,8.26300988,-14.08345513,21.36834528,1.878,-0.807,60.0502154,0.706517837,48317.0588,116.5417199,48317.0588,116.5417199,969.5,
beltzvilleCombined,25,,,,,,,,-2.29322563,-41.1050154,65.85090369,49.17299378,15.14829807,-14.02374539,-6.822749365,10.92825962,74.93655555,56.59748987,139.5226624,58.23411072,5.237075274,-13.10601575,14.48906777,1.878,-0.807,78.90544891,0.682579961,48317.0588,116.5417199,48317.0588,116.5417199,969.5,
beltzvilleCombined,26,,,,,,,,-10.95,-30.64166341,75.86271114,48.33186423,27.41678084,-6.546940632,-6.331262251,13.97187236,71.08439056,14.34932189,129.7061881,67.71530909,6.868399084,-6.317364291,13.1654624,1.878,-0.807,21.49837636,0.920237655,48317.0588,116.5417199,48317.0588,116.5417199,969.5,
beltzvilleCombined,27,,,,,,,,25.24346624,0.742037864,74.08177024,63.6277562,0,10.48631505,-26.31451431,61.01431404,72.66434267,55.08542625,208.0007201,84.7844,-1.2104,-3.137739099,17.07167688,1.878,-0.807,2.547903587,0.894729731,48317.0588,116.5417199,48317.0588,116.5417199,969.5,
beltzvilleCombined,28,,,,,,,,-10.95,-23.20174501,72.27419607,66.42224277,54.00815667,4.752434579,-27.66808233,38.21944546,80.47874521,29.08238998,155.5598547,1.079774695,0.856978718,-42.76945597,55.95927071,1.878,-0.807,22.10806273,0.590699037,48317.0588,116.5417199,48317.0588,116.5417199,969.5,
beltzvilleCombined,29,,,,,,,,-4.658305346,-33.24032261,81.05262827,67.82527004,45.30488432,-11.99789746,-16.54107714,39.71718506,92.66183902,14.07876801,160.1734137,47.54249311,10.23788841,-9.523466854,53.29589284,1.878,-0.807,89.92150746,0.074614271,48317.0588,116.5417199,48317.0588,116.5417199,969.5,
beltzvilleCombined,30,,,,,,,,-10.95,-44.29,82.37532346,41.70066634,13.38662079,-4.720287755,5.72,1.76,96.90898879,10.56630328,130.8114976,61.18727059,-1.2104,-3.923495679,7.401937959,1.878,-0.807,0,0.754553227,48317.0588,116.5417199,48317.0588,116.5417199,969.5,
beltzvilleCombined,31,,,,,,,,-10.95,-44.29,78.00602749,47.84871165,10.26071366,-11.47671414,-11.36838656,9.46196316,59.21160252,49.38440825,138.9312551,72.17849721,-1.2104,0.292893228,-0.046327253,1.878,-0.807,3.796087258,0.691479562,48317.0588,116.5417199,48317.0588,116.5417199,969.5,
beltzvilleCombined,32,,,,,,,,21.84166455,-42.12744165,67.75558417,63.45049257,18.12510526,10.48631505,-5.642398745,61.14236213,72.62670468,54.61788644,208.0007201,62.1750071,-1.164654294,-3.121750808,40.65051411,1.878,-0.807,0,0.598432449,48317.0588,116.5417199,48317.0588,116.5417199,969.5,
beltzvilleCombined,Best Storage NSE,,,,,,,,-8.664057558,5.21,81.6987283,5.922356896,11.04947924,-12.84659472,5.72,1.76,42.86469368,54.8721723,128.0582444,46.6342958,18.76204062,-24.20737381,14.26875025,1.878,-0.807,42.02481223,0.640321596,48317.0588,116.5417199,48317.0588,116.5417199,969.5,
beltzvilleCombined,34,,,,,,,,-4.703474822,-41.70322949,84.53775528,69.0891869,36.4882334,-8.638205618,-37.02673605,44.06808198,95.14796664,16.88320457,146.8927352,52.99413109,2.547087286,0.4454,63.516,1.878,-0.807,41.47589715,0,48317.0588,116.5417199,48317.0588,116.5417199,969.5,
beltzvilleCombined,35,,,,,,,,-5.835648711,-22.49203907,85.1808335,73.90732656,84.14510941,-14.41,-38.70090959,47.33960351,100,31.87803857,159.0665833,84.08502908,-1.2104,-48.28573679,58.41861407,1.878,-0.807,46.1293294,0.957,48317.0588,116.5417199,48317.0588,116.5417199,969.5,
beltzvilleCombined,36,,,,,,,,64.45181734,-29.51920281,73.86862491,74.76877497,4.524445855,-13.23363979,-44.14706989,28.06539187,52.72042881,11.70534862,186.8855404,82.62203338,10.52701674,-51.72246054,31.01827703,1.878,-0.807,94.81963953,0.14458798,48317.0588,116.5417199,48317.0588,116.5417199,969.5,
beltzvilleCombined,37,,,,,,,,-4.491977295,-35.9375558,80.66416207,49.70996824,17.15210753,-13.1839047,-37.83977513,12.92965717,77.42941905,51.1019349,141.3768549,61.50298407,1.539622491,-37.438693,16.66158576,1.878,-0.807,87.14449879,0.805768484,48317.0588,116.5417199,48317.0588,116.5417199,969.5,
beltzvilleCombined,38,,,,,,,,-10.95,-44.29,82.37532346,41.70066634,13.38662079,-4.720287755,5.72,1.76,96.90898879,10.56630328,130.8114976,61.18727059,-1.2104,-3.923495679,7.401937959,1.878,-0.807,0,0.73275698,48317.0588,116.5417199,48317.0588,116.5417199,969.5,
beltzvilleCombined,39,,,,,,,,-4.509454948,-40.86253215,80.66416207,49.70996824,17.15210753,5.129537118,-5.424356432,4.634209438,79.37017412,49.11986095,141.9642538,61.50298407,1.260488006,-12.11487674,13.73264067,1.878,-0.807,12.15802523,0.133577602,48317.0588,116.5417199,48317.0588,116.5417199,969.5,
beltzvilleCombined,40,,,,,,,,-7.11645802,5.21,67.0030747,17.16671509,65.27237409,0.11022153,-1.329356236,21.24659018,30.4992298,68.42407669,180.44282,18.96629891,2.123510984,-36.58690689,-0.821346884,1.878,-0.807,12.67130882,0.954459996,48317.0588,116.5417199,48317.0588,116.5417199,969.5,
beltzvilleCombined,41,,,,,,,,-7.202315531,-35.35277897,85.7859878,66.20409737,37.80316597,-13.56890457,-11.76479824,49.05659235,90.03302815,4.790499254,232.7715392,39.79372403,15.13672416,-2.32582711,60.39730449,1.878,-0.807,88.83937306,0.947076974,48317.0588,116.5417199,48317.0588,116.5417199,969.5,
beltzvilleCombined,42,,,,,,,,-6.24022676,-24.60832696,79.49012651,56.55295337,38.99342661,3.479434884,-8.076279852,13.66976871,71.63456061,67.41779015,158.148072,70.16428536,3.518734995,-11.7981191,12.36721301,1.878,-0.807,75.98693192,0.714338161,48317.0588,116.5417199,48317.0588,116.5417199,969.5,
beltzvilleCombined,43,,,,,,,,58.56951668,-23.32947141,62.15279778,76.44148467,65.23951631,9.171407428,-8.725395348,59.78386206,70.46793561,71.54594717,187.5317692,53.46737038,5.800059301,-0.46135622,61.8009827,1.878,-0.807,24.20506196,0.477761873,48317.0588,116.5417199,48317.0588,116.5417199,969.5,
beltzvilleCombined,44,,,,,,,,17.91777193,-14.46941606,62.42548884,33.24742714,91.01718324,4.211211083,-24.31570724,83.43993848,59.48739588,0,17.38908574,22.92724031,19.72285182,-8.951314393,39.9157743,1.878,-0.807,7.103439119,0,48317.0588,116.5417199,48317.0588,116.5417199,969.5,
beltzvilleCombined,45,,,,,,,,-3.8211429,-25.53356011,75.64570915,74.1903221,50.81436975,9.976963192,-44.49180886,42.86661066,98.36181148,64.49036651,239.5114039,14.81154851,7.136620579,-14.86761,57.99169076,1.878,-0.807,96.10371705,0.94492619,48317.0588,116.5417199,48317.0588,116.5417199,969.5,
beltzvilleCombined,46,,,,,,,,4.888804884,-28.76207288,82.91309618,74.44531546,52.56407099,7.160661639,-42.90489689,44.1671406,81.823797,94.44482645,113.2699615,25.16863243,3.919805786,-42.67926499,42.65536853,1.878,-0.807,79.38316746,0.726414508,48317.0588,116.5417199,48317.0588,116.5417199,969.5,
beltzvilleCombined,47,,,,,,,,50.2463832,-20.62002149,94.93959453,48.71171706,8.898061529,1.163536906,5.72,1.76,65.41870901,40.57998093,220.0021342,84.7844,10.11610451,-29.01501782,27.67040709,1.878,-0.807,91.45747862,0.001332324,48317.0588,116.5417199,48317.0588,116.5417199,969.5,
beltzvilleCombined,48,,,,,,,,54.68604722,-27.57397027,61.96525262,79.24,68.73440428,10.94466201,-4.236938296,59.35322723,75.79986275,76.95215916,182.3657043,49.17409155,6.304411165,-0.710877697,63.516,1.878,-0.807,20.97681647,0.606949173,48317.0588,116.5417199,48317.0588,116.5417199,969.5,
beltzvilleCombined,49,,,,,,,,15.07110944,-12.2318928,62.27657055,31.32906374,91.88518761,2.058712114,-27.24179662,82.06404686,61.45191887,0,17.15312116,22.05527513,23.34147034,-11.31469973,37.53222948,1.878,-0.807,5.688799243,0,48317.0588,116.5417199,48317.0588,116.5417199,969.5,
beltzvilleCombined,50,,,,,,,,-3.261354227,5.21,71.907891,60.24670213,69.0016411,4.920390067,-45.05366199,11.43172518,11.36866147,57.27409715,182.2049956,84.7844,57.98179549,-39.94338469,21.62759672,1.878,-0.807,97.625,0.537414448,48317.0588,116.5417199,48317.0588,116.5417199,969.5,
beltzvilleCombined,51,,,,,,,,-10.05889764,-14.78860163,76.16537236,65.29920032,56.07931254,8.628150454,-44.96145038,29.31197172,100,79.11555407,240.9161,42.92738448,32.48105916,-36.72527892,63.516,1.878,-0.807,97.625,0.879108809,48317.0588,116.5417199,48317.0588,116.5417199,969.5,
beltzvilleCombined,52,,,,,,,,-10.95,2.820780424,66.76289902,61.78766448,52.53429571,10.99662108,-27.71997595,20.10475796,30.63806356,47.61835827,168.198445,19.29166557,34.46224922,-29.23748647,25.17240251,1.878,-0.807,20.13026612,0.493862713,48317.0588,116.5417199,48317.0588,116.5417199,969.5,
beltzvilleCombined,53,,,,,,,,-9.135742071,-26.2086164,71.06694517,67.50324511,58.29510012,8.733480226,-16.33003977,13.92161568,0.485239492,97.1598889,175.214205,27.42451388,20.08292346,-42.29234284,5.723606595,1.878,-0.807,19.82895852,0.854353406,48317.0588,116.5417199,48317.0588,116.5417199,969.5,
beltzvilleCombined,54,,,,,,,,14.13104755,-12.2318928,62.27657055,31.32906374,91.88518761,3.903709375,-27.32060708,82.06404686,61.45191887,0,17.15312116,23.82270122,23.34147034,-44.09474649,24.75656066,1.878,-0.807,5.688799243,0.758203707,48317.0588,116.5417199,48317.0588,116.5417199,969.5,
beltzvilleCombined,55,,,,,,,,-4.127183485,5.21,72.72221511,59.80321504,69.62740761,5.939289588,-45.21,10.50841875,14.76968233,56.66615417,180.35887,84.7844,60.19027841,-37.74954074,29.62172781,1.878,-0.807,97.38104701,0.536879597,48317.0588,116.5417199,48317.0588,116.5417199,969.5,
beltzvilleCombined,56,,,,,,,,-8.370396397,-18.82892373,73.14509811,68.26913627,56.75167442,8.331976388,-41.97370605,38.1506962,65.78550959,62.48268268,221.4516072,30.48214324,29.95714696,-15.29030698,54.70960309,1.878,-0.807,81.40875397,0.795436737,48317.0588,116.5417199,48317.0588,116.5417199,969.5,
beltzvilleCombined,57,,,,,,,,-9.25501137,0.543349872,69.79521538,60.3929545,65.18472501,-3.661705842,-41.89492627,18.77447515,14.71139063,51.91928675,180.20682,9.581863315,47.94145034,-30.86321472,2.29340715,1.878,-0.807,86.9397856,0.479664234,48317.0588,116.5417199,48317.0588,116.5417199,969.5,
beltzvilleCombined,58,,,,,,,,-3.665631313,5.21,70.22737135,56.96884609,67.79920102,-2.81053143,-41.94376337,20.26903898,23.65446108,56.15011031,171.2770573,10.44577485,51.0307227,-42.79837191,13.67761533,1.878,-0.807,96.42784464,0.445164254,48317.0588,116.5417199,48317.0588,116.5417199,969.5,
beltzvilleCombined,59,,,,,,,,-3.106741688,5.21,100,0,92.10406041,-6.837726289,-18.54398595,61.49304575,3.752220314,94.91848876,185.472889,82.18830046,33.82275375,-52.3545,63.516,1.878,-0.807,73.45444327,0,48317.0588,116.5417199,48317.0588,116.5417199,969.5,
beltzvilleCombined,60,,,,,,,,-5.698765378,5.21,69.60606425,56.43542233,63.79804013,-4.165477073,-45.21,55.07314122,13.40984007,55.60038381,167.8045416,17.17458786,51.15326654,-45.76801035,8.4122095,1.878,-0.807,92.31714732,0.1033133,48317.0588,116.5417199,48317.0588,116.5417199,969.5,
beltzvilleCombined,61,,,,,,,,-7.007550287,5.21,72.00594705,56.97298315,63.08250366,-6.656528193,-45.14826097,23.68930669,10.75074153,70.11293417,165.0074021,25.3463831,55.36296008,-47.23534788,12.30549206,1.878,-0.807,96.96757718,0.564096396,48317.0588,116.5417199,48317.0588,116.5417199,969.5,
beltzvilleCombined,62,,,,,,,,-1.25211941,1.851381015,66.49750687,49.07125284,64.67117144,-2.911988131,-40.69042532,20.06751994,29.62750875,49.4307873,234.8142352,9.578631637,50.47900885,-42.22467681,13.94227098,1.878,-0.807,86.76091508,0.430592982,48317.0588,116.5417199,48317.0588,116.5417199,969.5,
beltzvilleCombined,63,,,,,,,,-6.367627642,5.21,72.33883685,57.05248487,63.79541899,-6.544195889,-45.21,23.69523908,11.4859923,69.88704246,166.7981761,26.31771066,55.8717772,-46.96946749,12.08781146,1.878,-0.807,96.57918213,0.577603858,48317.0588,116.5417199,48317.0588,116.5417199,969.5,
beltzvilleCombined,64,,,,,,,,47.35194147,-37.61838047,72.78488095,71.88848678,14.31057628,4.128458396,-16.11096912,54.6701688,63.38705575,86.04498876,171.8780719,75.76232589,6.46830641,-14.68609936,60.46038188,1.878,-0.807,92.37218719,0.636979079,48317.0588,116.5417199,48317.0588,116.5417199,969.5,
beltzvilleCombined,65,,,,,,,,-10.95,-19.99559582,80.29278649,79.13313501,58.71614629,-4.247696986,-36.09624977,100,18.15667846,6.101292277,179.7048126,64.4978394,31.1633824,-31.67393641,61.78621589,1.878,-0.807,67.69855517,0.546851692,48317.0588,116.5417199,48317.0588,116.5417199,969.5,
beltzvilleCombined,66,,,,,,,,51.18933853,5.21,62.71655307,61.17642208,96.1325914,3.322447232,-6.682354218,52.15629977,43.77210651,71.1446009,168.25114,34.14580574,12.40510801,-42.21266983,-1.150071984,1.878,-0.807,24.97395683,0.539902143,48317.0588,116.5417199,48317.0588,116.5417199,969.5,
beltzvilleCombined,67,,,,,,,,51.19441275,3.675697981,62.34358086,60.77599907,96.97690062,2.989128774,-6.625645146,49.51074802,42.89074908,72.81154849,164.8598446,35.25008063,13.29038521,-42.3288487,-0.650923555,1.878,-0.807,25.87847823,0.520905138,48317.0588,116.5417199,48317.0588,116.5417199,969.5,
beltzvilleCombined,68,,,,,,,,42.04732072,5.21,62.0817635,48.23882025,100,9.027805721,-10.87984983,64.46036698,17.90724702,45.35246771,219.2180719,-0.5901,-0.039273262,-45.10686031,-0.012055861,1.878,-0.807,25.81418123,0.489594819,48317.0588,116.5417199,48317.0588,116.5417199,969.5,
beltzvilleCombined,69,,,,,,,,50.85210669,5.201811273,62.89751655,62.15490096,96.72271607,-9.819133422,-7.497603435,52.15845211,43.96157501,81.52484796,173.2999182,33.99272878,13.28572745,-1.335608292,0.284019773,1.878,-0.807,24.6661295,0.530900416,48317.0588,116.5417199,48317.0588,116.5417199,969.5,
beltzvilleCombined,70,,,,,,,,50.85210669,5.201811273,62.89751655,62.15490096,96.72271607,3.159064133,-7.497603435,52.15845211,43.96157501,81.52484796,173.2999182,33.99272878,13.28572745,-41.43076087,24.20001348,1.878,-0.807,24.6661295,0.530900416,48317.0588,116.5417199,48317.0588,116.5417199,969.5,
beltzvilleCombined,71,,,,,,,,71.33783475,-26.49781689,76.5649909,77.17002003,59.90738499,-3.475194496,-28.96477424,26.99583045,12.85557841,56.24959953,220.9307568,73.1993147,9.190071468,-41.99732831,63.516,1.878,-0.807,22.82146504,0.373556796,48317.0588,116.5417199,48317.0588,116.5417199,969.5,
beltzvilleCombined,72,,,,,,,,52.74890924,-33.79991203,71.91259272,67.29033851,24.88711135,6.693594893,-16.03113201,59.7973295,50.66647789,73.11885559,134.2260905,60.30625955,0.225682768,-6.669246736,53.82023663,1.878,-0.807,36.4439601,0.641982179,48317.0588,116.5417199,48317.0588,116.5417199,969.5,
beltzvilleCombined,73,,,,,,,,35.51881459,-0.339495382,64.05212845,37.06596757,96.5247775,2.05841867,-7.17787974,60.18274263,25.10879989,57.34166418,238.5071325,49.603208,3.222099832,-12.44314872,14.28456142,1.878,-0.807,61.84124098,0.608438195,48317.0588,116.5417199,48317.0588,116.5417199,969.5,
beltzvilleCombined,74,,,,,,,,5.731873859,-24.85326823,75.04705385,59.78011125,36.91476579,4.24929034,-17.38584596,84.2994077,53.48353356,27.83594359,81.99171735,51.95915572,10.43554627,-30.67995824,56.574826,1.878,-0.807,79.04543563,0.508351405,48317.0588,116.5417199,48317.0588,116.5417199,969.5,
beltzvilleCombined,75,,,,,,,,58.74206546,5.21,61.59766008,61.398774,98.94112788,-6.200449984,-4.495842325,56.00257635,52.5816097,82.07160805,167.5064826,36.33399125,13.66888766,-2.351202732,0.060168972,1.878,-0.807,26.24643625,0.525413968,48317.0588,116.5417199,48317.0588,116.5417199,969.5,
beltzvilleCombined,76,,,,,,,,50.85210669,5.201811273,62.93559175,62.15490096,96.72271607,0.537301076,-27.5574958,51.95222423,43.96157501,81.52484796,172.6147493,8.821775558,13.28572745,-0.837755227,0.472639414,1.878,-0.807,24.71090302,0.530900416,48317.0588,116.5417199,48317.0588,116.5417199,969.5,
beltzvilleCombined,77,,,,,,,,51.18933853,5.21,62.71655307,61.17642208,96.93960254,3.47588928,-20.23544711,52.18186108,43.77210651,73.72148705,168.25114,30.90261538,19.73737848,-42.91138607,-1.150071984,1.878,-0.807,24.97395683,0.538748836,48317.0588,116.5417199,48317.0588,116.5417199,969.5,
beltzvilleCombined,78,,,,,,,,24.06185536,5.20162715,63.02381371,44.54994779,82.03924866,4.067736944,-1.949258374,51.85634674,85.35390334,54.23924985,175.2437691,7.095821648,14.23687525,-43.67146577,13.43205006,1.878,-0.807,55.75904476,0.852537374,48317.0588,116.5417199,48317.0588,116.5417199,969.5,
beltzvilleCombined,79,,,,,,,,-5.259750533,5.21,87.8959557,60.03288999,63.72731454,-0.549620781,-4.167510315,47.70799924,18.04843039,46.55188102,177.8356155,33.24675261,21.92566831,-50.72458758,-0.537168743,1.878,-0.807,92.53052951,0.303149373,48317.0588,116.5417199,48317.0588,116.5417199,969.5,
beltzvilleCombined,80,,,,,,,,47.35194147,-37.61838047,72.78488095,71.88848678,14.31057628,4.128458396,-15.13499335,54.6701688,63.34627447,86.04498876,171.8780719,82.1519062,6.466708664,-14.68609936,60.46038188,1.878,-0.807,92.37218719,0.223411724,48317.0588,116.5417199,48317.0588,116.5417199,969.5,
beltzvilleCombined,81,,,,,,,,-3.862257684,-35.11983814,67.72870153,51.80761349,62.72664181,1.527869243,-30.15821174,6.71616231,62.77251991,41.83412654,171.9153552,34.97463135,1.890213774,-12.70489284,41.78497779,1.878,-0.807,28.559673,0.65727414,48317.0588,116.5417199,48317.0588,116.5417199,969.5,
beltzvilleCombined,82,,,,,,,,-8.323855422,-23.4069725,78.22266815,72.94929842,65.51344629,-2.299111996,-23.50912937,45.85773255,23.65146482,14.16378316,156.2068528,58.9159713,20.61526051,-25.35666365,52.69727107,1.878,-0.807,30.23149919,0.855374196,48317.0588,116.5417199,48317.0588,116.5417199,969.5,
beltzvilleCombined,83,,,,,,,,-1.537377902,3.352143849,73.76836441,54.65919916,67.06323145,-6.482129749,-32.92873058,46.61631791,85.24229896,52.69402317,213.861376,14.17216698,36.04572492,-37.93173601,60.1069324,1.878,-0.807,13.1561165,0.57755915,48317.0588,116.5417199,48317.0588,116.5417199,969.5,
beltzvilleCombined,84,,,,,,,,-1.024482723,1.68267075,85.69720835,55.01969397,59.31436671,-0.363885571,-25.51431533,30.36420301,21.8553226,46.15479467,200.6918864,5.431036821,22.23161832,-50.45103827,5.492265614,1.878,-0.807,23.73877011,0.737196058,48317.0588,116.5417199,48317.0588,116.5417199,969.5,
beltzvilleCombined,85,,,,,,,,-8.730085815,-39.37906686,81.39004071,75.50335232,55.90265416,3.687053814,-22.06822813,47.46446211,12.5515426,52.66148791,195.6275611,79.98312984,14.79761216,-33.95386986,61.86889051,1.878,-0.807,30.35092169,0.696011629,48317.0588,116.5417199,48317.0588,116.5417199,969.5,
beltzvilleCombined,86,,,,,,,,-9.320440521,-23.06928677,82.82857732,79.24,64.1681939,2.202273623,-21.72245832,61.31263101,0,22.32215541,179.2585644,75.50504539,31.17216249,-33.36913684,63.516,1.878,-0.807,29.82447379,0.951072674,48317.0588,116.5417199,48317.0588,116.5417199,969.5,
beltzvilleCombined,87,,,,,,,,-8.460166884,-41.01517524,81.02733416,74.80270232,61.75258508,-13.82722113,-13.95585806,57.61415727,45.73672897,15.54267324,173.741559,81.99604052,11.39231498,-24.74201839,42.56908679,1.878,-0.807,20.13952235,0.848051485,48317.0588,116.5417199,48317.0588,116.5417199,969.5,
beltzvilleCombined,88,,,,,,,,4.33448203,-30.57351972,79.60139639,62.5739808,36.59900227,3.41839848,-16.61538414,71.15205911,50.89831628,23.18295045,95.38994863,54.64264236,11.57425962,-26.57203789,60.47564789,1.878,-0.807,75.73654445,0.450640963,48317.0588,116.5417199,48317.0588,116.5417199,969.5,
beltzvilleCombined,89,,,,,,,,47.35194147,-36.74324476,72.78488095,71.96613564,14.31057628,4.021859638,-15.13499335,54.6701688,63.34627447,86.05191452,171.8780719,83.90201402,6.466708664,-14.68609936,60.46038188,1.878,-0.807,95.68563283,0.327754159,48317.0588,116.5417199,48317.0588,116.5417199,969.5,
beltzvilleCombined,90,,,,,,,,-5.062934016,-43.71334105,83.74303522,73.96847054,47.14224904,-5.782136763,-23.28968361,43.4447547,17.67865499,34.66364758,199.144872,74.50908143,13.95765266,-30.88161741,60.40887362,1.878,-0.807,33.98094023,0.661927324,48317.0588,116.5417199,48317.0588,116.5417199,969.5,
beltzvilleCombined,91,,,,,,,,5.350390558,-24.5958326,75.33175973,59.88298651,36.96031403,4.221205547,-17.55341085,83.23582464,53.46848565,27.17281587,82.3588499,51.59990689,9.80638797,-30.36747089,56.52947884,1.878,-0.807,79.24985259,0.505637601,48317.0588,116.5417199,48317.0588,116.5417199,969.5,
beltzvilleCombined,92,,,,,,,,-10.95,-25.70162396,72.1355353,66.83641007,49.294751,-7.980708642,-26.33255278,41.76302047,78.38113382,29.31399491,152.6273,0.49120049,28.57701782,-30.96278978,50.35237142,1.878,-0.807,19.6354632,0.369492802,48317.0588,116.5417199,48317.0588,116.5417199,969.5,
beltzvilleCombined,93,,,,,,,,0.100452919,4.532899937,65.45220173,62.6738537,63.97258744,-11.87828285,-17.25170649,49.83784439,98.45426213,9.567373953,117.804877,-0.220174089,43.96777432,-20.03815276,4.543143815,1.878,-0.807,64.76889202,0.377603203,48317.0588,116.5417199,48317.0588,116.5417199,969.5,
beltzvilleCombined,94,,,,,,,,-1.063137754,-32.86087357,81.0443203,63.67227239,37.45054445,-10.16746328,-7.266062133,48.1707036,83.33944088,6.763898384,208.6564741,83.05536139,12.52134289,-3.144543996,42.41362525,1.878,-0.807,74.06271634,0.5480723,48317.0588,116.5417199,48317.0588,116.5417199,969.5,
beltzvilleCombined,95,,,,,,,,-3.679192206,-39.23594361,84.04368789,69.15537009,37.70220284,-7.797815999,-34.68035933,45.49248415,93.11806886,19.10772894,148.6221898,50.41989314,2.384547015,-3.203340155,62.30936749,1.878,-0.807,40.81062532,0.03917061,48317.0588,116.5417199,48317.0588,116.5417199,969.5,
beltzvilleCombined,96,,,,,,,,-2.594487896,-41.23751189,78.05189085,49.62838562,17.05412256,-0.342001892,-7.108571315,13.71505926,77.875116,48.10069418,143.3366395,70.74993282,5.831012268,-7.230321301,10.89188564,1.878,-0.807,82.32499322,0.123790655,48317.0588,116.5417199,48317.0588,116.5417199,969.5,
beltzvilleCombined,97,,,,,,,,-3.227338813,5.21,70.0128173,16.1105264,62.70729381,-6.67200824,-19.39692089,36.66473045,95.97469851,94.22296211,130.3812001,60.13097874,-0.754098175,-38.65742282,4.559448224,1.878,-0.807,66.79089491,0.677504888,48317.0588,116.5417199,48317.0588,116.5417199,969.5,
beltzvilleCombined,98,,,,,,,,-10.95,-19.73354256,91.21034125,67.72082007,54.53659183,2.14959969,-9.0457133,41.4912387,76.23383983,100,220.046485,-0.391214374,15.17731738,-44.12048374,57.23947208,1.878,-0.807,94.32322229,0.4035452,48317.0588,116.5417199,48317.0588,116.5417199,969.5,
beltzvilleCombined,99,,,,,,,,17.33767104,1.606450511,62.55404918,60.97222496,69.13729808,6.918009381,0.487619904,97.91802362,53.11153614,54.18562123,235.5196072,19.45046739,18.74283086,-23.49414484,7.490198928,1.878,-0.807,14.22424808,0.008208823,48317.0588,116.5417199,48317.0588,116.5417199,969.5,
beltzvilleCombined,100,,,,,,,,19.73241426,-44.29,84.44407931,65.79031106,24.66505035,-11.65746544,-25.70195915,7.949681842,100,5.353381439,161.0578021,22.11547324,-1.2104,-44.47548524,-1.414,1.878,-0.807,0,0.957,48317.0588,116.5417199,48317.0588,116.5417199,969.5,
beltzvilleCombined,101,,,,,,,,-10.95,-41.07210506,83.27651328,37.9628303,5.232115752,-4.494479318,4.217582028,4.754183014,94.99532725,0,135.0482748,72.53455292,-1.2104,0.4454,0.890440403,1.878,-0.807,0,0.957,48317.0588,116.5417199,48317.0588,116.5417199,969.5,
beltzvilleCombined,102,,,,,,,,1.872950899,-41.2602382,88.11174211,67.12440872,46.18864581,-14.41,-12.23105638,49.79493272,93.47139325,7.267347723,240.9161,10.50848204,7.887399663,-0.861382847,58.88109668,1.878,-0.807,97.625,0.827884874,48317.0588,116.5417199,48317.0588,116.5417199,969.5,
beltzvilleCombined,103,,,,,,,,-10.95,-23.62331124,89.67223125,68.15026825,53.62346911,4.670181239,-8.842056876,37.46958309,85.5788428,88.63851914,208.530824,-0.5901,10.12979137,-36.79035731,57.84116143,1.878,-0.807,9.660412278,0.597665506,48317.0588,116.5417199,48317.0588,116.5417199,969.5,
beltzvilleCombined,104,,,,,,,,-7.228822105,-44.29,74.92161171,49.08732063,14.76190019,2.932440051,-0.989595611,9.525375677,79.85713752,47.51324693,140.0688958,63.71769688,5.403163448,-12.82711786,14.8311097,1.878,-0.807,73.37962288,0.233053132,48317.0588,116.5417199,48317.0588,116.5417199,969.5,
beltzvilleCombined,105,,,,,,,,71.82008429,-26.34569097,74.0898777,77.3524024,0.379253114,-14.31129307,-44.03032582,30.41217482,87.30387401,12.28669214,190.9500849,73.31799713,1.920295554,-34.52220104,30.88964839,1.878,-0.807,90.64624517,0.163894602,48317.0588,116.5417199,48317.0588,116.5417199,969.5,
beltzvilleCombined,106,,,,,,,,-10.45429145,-35.28027822,84.91800433,72.06410343,47.22777869,-13.14147855,-15.04030195,44.59051811,100,5.775225332,155.8410767,51.8787266,7.775476897,0.4454,59.9741149,1.878,-0.807,16.34664344,0.759840462,48317.0588,116.5417199,48317.0588,116.5417199,969.5,
beltzvilleCombined,107,,,,,,,,-4.509454948,-41.92658919,80.29823832,49.70996824,17.80214938,-9.449465146,-5.099283761,13.2605518,79.37017412,65.86125776,141.9642538,62.0690449,1.496668349,-12.06663326,13.73264067,1.878,-0.807,87.01312614,0.587577469,48317.0588,116.5417199,48317.0588,116.5417199,969.5,
beltzvilleCombined,108,,,,,,,,-4.146513119,5.21,68.34310953,8.550180691,61.82552685,-14.41,-16.78741975,42.39534891,100,7.402603697,117.4341606,-0.5901,45.72835183,-37.59890156,-1.414,1.878,-0.807,60.15153037,0.616765809,48317.0588,116.5417199,48317.0588,116.5417199,969.5,
beltzvilleCombined,109,,,,,,,,-3.647392613,-40.81910843,79.37267102,50.40788946,19.1522803,-2.641860956,-7.815631727,12.718004,79.70081166,47.94881471,150.2271297,67.55582521,4.975306022,-8.583670296,15.5799946,1.878,-0.807,81.30657337,0.213364566,48317.0588,116.5417199,48317.0588,116.5417199,969.5,
beltzvilleCombined,110,,,,,,,,-2.716225667,-41.94068561,77.82023079,50.35766556,16.5475835,-0.881669821,-7.381059548,15.42506714,78.23821071,47.07571271,142.9096274,70.25395708,5.157244933,-6.97469576,12.6332804,1.878,-0.807,81.10280434,0.12774246,48317.0588,116.5417199,48317.0588,116.5417199,969.5,
beltzvilleCombined,111,,,,,,,,-10.95,-22.88495945,94.74059467,70.97307526,56.27855484,2.445305281,-34.38762518,43.10093082,79.59012011,100,216.8525731,-0.5901,-1.2104,-40.36275222,57.83597205,1.878,-0.807,48.86266389,0.406888636,48317.0588,116.5417199,48317.0588,116.5417199,969.5,
beltzvilleCombined,112,,,,,,,,-10.95,-21.15412819,97.95312457,56.9891075,53.73507913,-12.67920597,-15.07090935,26.48690578,59.33407686,2.117452836,143.4282489,84.7844,-1.2104,-1.655158209,-1.414,1.878,-0.807,62.57135767,0.046679989,48317.0588,116.5417199,48317.0588,116.5417199,969.5,
beltzvilleCombined,113,,,,,,,,-1.62051996,5.21,71.25047463,14.30288143,62.73897951,-14.41,-13.33733349,43.22035096,68.52845421,99.066022,118.1238515,7.178584315,42.98775357,-34.8531969,-1.414,1.878,-0.807,73.69608792,0.012031836,48317.0588,116.5417199,48317.0588,116.5417199,969.5,
beltzvilleCombined,114,,,,,,,,-6.88373209,-29.6132807,73.18621014,47.76612064,24.61231053,-4.828679512,-3.683265521,12.83073102,71.21623914,11.55692557,129.9231379,70.45297376,7.442592945,-8.474382724,13.70140128,1.878,-0.807,17.69753156,0.827515532,48317.0588,116.5417199,48317.0588,116.5417199,969.5,
beltzvilleCombined,115,,,,,,,,27.84230252,-39.01235467,67.3616108,64.85830657,18.87300664,11.16,-5.664675858,63.08346653,71.94983104,53.77094545,211.7401656,62.13934214,-1.2104,-1.985510172,39.48167615,1.878,-0.807,0,0.611960356,48317.0588,116.5417199,48317.0588,116.5417199,969.5,
beltzvilleCombined,116,,,,,,,,-1.73430143,-35.1849744,80.20272555,70.54244882,42.04109963,-7.004199611,-29.36793518,42.0112647,100,0.07630302,166.2047682,40.13528399,6.227657938,-7.805399678,56.78651054,1.878,-0.807,89.17485741,0.025950136,48317.0588,116.5417199,48317.0588,116.5417199,969.5,
beltzvilleCombined,Best q80 Bias,,,,,,,,-10.95,-19.29433221,96.53493334,72.5398268,59.38086342,5.508640709,-24.8940707,44.48697443,79.73011349,100,229.0310373,2.233763541,16.98481434,-42.86398531,60.86798749,1.878,-0.807,22.6844965,0.43502528,48317.0588,116.5417199,48317.0588,116.5417199,969.5,
beltzvilleCombined,118,,,,,,,,3.851687188,-25.24438214,75.48943214,74.35112941,12.78345446,-4.896203705,-39.5949473,33.94762685,87.53782133,19.67852323,186.6678991,77.12571936,2.629245215,-30.34653929,34.05266321,1.878,-0.807,86.00781248,0.321324923,48317.0588,116.5417199,48317.0588,116.5417199,969.5,
beltzvilleCombined,119,,,,,,,,-3.227338813,5.21,70.0128173,16.1105264,62.70729381,-6.67200824,-19.39692089,39.01150374,95.97469851,94.22296211,130.3812001,60.13097874,-1.2104,-38.65742282,4.559448224,1.878,-0.807,75.52586227,0.957,48317.0588,116.5417199,48317.0588,116.5417199,969.5,
beltzvilleCombined,120,,,,,,,,3.957639159,-24.78217038,76.05883779,74.41560019,3.969636024,-13.10760479,-43.91426496,28.32248938,87.01015749,19.70069628,183.3660072,70.85168521,2.010722975,-31.21254886,25.7352152,1.878,-0.807,89.60300214,0.181305719,48317.0588,116.5417199,48317.0588,116.5417199,969.5,
beltzvilleCombined,121,,,,,,,,73.58557347,-18.5261431,87.53790382,70.92465033,4.605849029,5.89627821,-12.48990794,24.43084656,6.288586974,97.21136999,177.5824034,79.23598467,10.35607232,-4.147914871,18.94125267,1.878,-0.807,92.67378584,0.032339479,48317.0588,116.5417199,48317.0588,116.5417199,969.5,
beltzvilleCombined,122,,,,,,,,2.532970045,5.21,63.27606013,0,61.86095615,-8.808850133,-11.42412539,40.11707074,93.40638025,99.86178855,103.4398966,6.692586284,52.41867632,-2.944636414,0.247808621,1.878,-0.807,94.64508602,0.119647141,48317.0588,116.5417199,48317.0588,116.5417199,969.5,
beltzvilleCombined,123,,,,,,,,-10.3341631,-30.5059588,85.94002829,69.72440116,55.82115776,11.16,-11.49813434,41.97966836,99.67979674,0.284935449,148.5986462,42.37827528,2.61811172,-3.901285926,46.47191872,1.878,-0.807,76.45142904,0.089682432,48317.0588,116.5417199,48317.0588,116.5417199,969.5,
beltzvilleCombined,124,,,,,,,,-3.180440416,4.858698391,66.42001671,24.64269325,62.85076395,-9.633344039,-19.78738432,41.46442408,100,93.98340913,118.6560794,23.28604187,48.82927668,-35.57257992,8.350889283,1.878,-0.807,65.93310128,0.535807538,48317.0588,116.5417199,48317.0588,116.5417199,969.5,
beltzvilleCombined,125,,,,,,,,-7.204433556,-44.29,79.97504232,49.66481477,13.46978932,-2.217468227,-8.196279835,11.17902118,74.73127296,50.36501026,138.5497717,62.18962748,4.815051865,-4.363912044,10.2118342,1.878,-0.807,92.10084708,0.034924406,48317.0588,116.5417199,48317.0588,116.5417199,969.5,
beltzvilleCombined,126,,,,,,,,38.98323436,0.859882742,61.72039483,61.33944445,84.78722855,7.252923455,-7.671050508,41.74564387,38.21076789,79.59005265,173.9253446,22.02675564,54.2487309,-36.5141875,12.65724884,1.878,-0.807,64.1271779,0.762638595,48317.0588,116.5417199,48317.0588,116.5417199,969.5,
beltzvilleCombined,127,,,,,,,,-10.95,-21.9918975,74.12835302,67.69031269,58.93100817,4.908592361,-27.6616113,38.73913223,100,30.7131951,159.1827568,38.21960467,5.335732535,0.4454,55.05007465,1.878,-0.807,94.12511847,0.510494109,48317.0588,116.5417199,48317.0588,116.5417199,969.5,
beltzvilleCombined,128,,,,,,,,-0.014119958,5.21,63.46344728,0,63.47303286,8.684318763,-23.30246686,32.11381967,100,44.1381946,125.4122467,4.19806681,42.91535654,-26.45279989,-1.414,1.878,-0.807,92.93742353,0.957,48317.0588,116.5417199,48317.0588,116.5417199,969.5,
beltzvilleCombined,129,,,,,,,,-8.679061578,-44.29,74.62862624,65.79108623,34.09444473,3.618925809,-8.735694594,49.7353426,79.96300307,40.56880746,36.83309385,29.22459533,2.694522264,-10.29205721,13.42996671,1.878,-0.807,91.81264723,0.140547308,48317.0588,116.5417199,48317.0588,116.5417199,969.5,
beltzvilleCombined,130,,,,,,,,-1.370799244,5.21,64.8418228,45.43650242,61.60962613,-10.44014646,-4.518003058,39.37937296,100,9.794311103,128.7733678,10.34246546,42.58057788,-32.12580684,7.989624861,1.878,-0.807,71.06544281,0.648083285,48317.0588,116.5417199,48317.0588,116.5417199,969.5,
beltzvilleCombined,131,,,,,,,,-9.462940926,-20.30395311,71.98013141,69.08133481,56.69935167,-2.46311714,-36.74240659,32.46314219,76.07862576,63.23720549,159.0089566,7.073075312,28.26614297,-42.63773117,57.67392351,1.878,-0.807,39.14913635,0.268780318,48317.0588,116.5417199,48317.0588,116.5417199,969.5,
beltzvilleCombined,132,,,,,,,,-7.88485919,-18.47070511,71.33180818,67.08239966,57.12009152,1.091084078,-29.46760755,39.76238913,97.65679087,32.0587708,153.8982007,38.50435968,4.97056985,-2.760679176,51.54814192,1.878,-0.807,85.79457841,0.49592081,48317.0588,116.5417199,48317.0588,116.5417199,969.5,
beltzvilleCombined,133,,,,,,,,-6.973456527,-44.02653775,80.05538913,49.88088837,13.64866055,-2.336772443,-8.377572269,11.39084714,74.52421875,50.21523924,138.9778745,62.15692023,4.773850614,-4.598768201,10.38792363,1.878,-0.807,91.30362623,0.047372099,48317.0588,116.5417199,48317.0588,116.5417199,969.5,
beltzvilleCombined,134,,,,,,,,-10.6541762,-42.0088028,75.40798702,52.01342163,34.40353437,3.511501601,-3.631254959,15.43595255,85.54867893,68.1368437,138.2317246,67.63115844,-1.151433064,-12.60323691,13.43295732,1.878,-0.807,0.649932337,0.347918478,48317.0588,116.5417199,48317.0588,116.5417199,969.5,
beltzvilleCombined,135,,,,,,,,0.850191371,3.782763103,64.34946295,2.939139085,62.38529471,-10.0624629,-11.50825916,40.21604122,95.92147831,96.86102684,108.3536464,6.711509418,48.57834759,-1.709602436,-0.486213432,1.878,-0.807,86.78569584,0.057998256,48317.0588,116.5417199,48317.0588,116.5417199,969.5,
beltzvilleCombined,136,,,,,,,,-10.95,-40.75434668,82.78842358,35.93509175,8.991591062,-5.12160366,5.72,6.694549789,93.35729643,0,131.163483,73.97234363,-1.180312854,0.4454,1.558588897,1.878,-0.807,0.285039821,0.884254298,48317.0588,116.5417199,48317.0588,116.5417199,969.5,
beltzvilleCombined,137,,,,,,,,35.97530143,-2.812753067,62.02622269,59.65209821,86.6639845,-14.00673435,-1.33425021,53.73285769,32.17143077,71.71857423,152.4951788,22.00358275,43.14289558,-11.49634921,12.97629518,1.878,-0.807,66.14299592,0.726520573,48317.0588,116.5417199,48317.0588,116.5417199,969.5,
beltzvilleCombined,138,,,,,,,,6.492246793,-21.8796088,82.71280947,73.09518664,57.02169434,-13.85944791,-34.78902401,54.34474489,87.74631983,0.166957665,146.7501376,47.25140328,-1.2104,-52.3545,60.62481177,1.878,-0.807,69.42347606,0.957,48317.0588,116.5417199,48317.0588,116.5417199,969.5,
beltzvilleCombined,139,,,,,,,,-4.509454948,-42.91449437,80.66295113,49.72806342,17.15210753,-2.583291125,-6.577962299,17.55355535,79.30349954,50.72500347,141.9642538,68.45194738,1.539622491,-14.06605848,14.21291741,1.878,-0.807,86.99977663,0.11709171,48317.0588,116.5417199,48317.0588,116.5417199,969.5,
beltzvilleCombined,140,,,,,,,,16.17139303,3.027098429,63.40948381,21.15518762,72.85536776,6.995028867,-1.803438198,90.45258896,48.32350847,52.40914689,239.5801834,8.857666927,22.87167755,-22.94969783,15.26929344,1.878,-0.807,21.07280819,0.436764662,48317.0588,116.5417199,48317.0588,116.5417199,969.5,
beltzvilleCombined,141,,,,,,,,-10.9499032,-21.61454939,89.1471761,65.70223512,52.12266308,1.803273027,-27.07536843,29.61970433,77.30366305,55.99368102,157.9081641,-0.5901,36.70790221,-40.45172358,52.64780222,1.878,-0.807,42.64981271,0.511113473,48317.0588,116.5417199,48317.0588,116.5417199,969.5,
beltzvilleCombined,142,,,,,,,,-1.639576153,-41.17876537,86.18424543,68.90010476,37.11632818,-8.431589894,-33.23084538,46.33429229,91.50008096,16.43755191,139.7649008,47.93132794,2.069255934,-0.287888824,57.65364239,1.878,-0.807,44.88677499,0,48317.0588,116.5417199,48317.0588,116.5417199,969.5,
beltzvilleCombined,143,,,,,,,,-10.95,-23.31981841,75.08724737,69.71756721,58.5957039,5.113967957,-30.08092637,40.44382044,100,33.30487864,162.0473107,35.66146768,5.694560443,0.4454,57.06245099,1.878,-0.807,91.64841089,0.383951532,48317.0588,116.5417199,48317.0588,116.5417199,969.5,
beltzvilleCombined,144,,,,,,,,-6.966413173,-43.92694252,72.42043463,66.23414983,39.35897481,2.632755493,-10.56528591,55.52496201,28.05774151,47.96968732,123.0691162,11.69800576,2.75608154,-10.76917434,11.7458199,1.878,-0.807,90.88502344,0.181021449,48317.0588,116.5417199,48317.0588,116.5417199,969.5,
beltzvilleCombined,145,,,,,,,,7.273457475,-44.05970377,80.55647533,40.86440036,9.354535634,-13.16613607,-7.162589089,6.050256973,54.52657824,29.9921322,132.3582144,72.89987569,0.201631207,0.4454,0.987906581,1.878,-0.807,0.917718696,0.583092101,48317.0588,116.5417199,48317.0588,116.5417199,969.5,
beltzvilleCombined,146,,,,,,,,-0.062383339,5.038314782,64.40518942,0,63.19060566,-10.0523155,-12.67913211,40.19627999,96.03633903,99.20742027,103.2821998,4.413843046,50.13644479,-1.150841412,-1.414,1.878,-0.807,86.95691895,0.007424846,48317.0588,116.5417199,48317.0588,116.5417199,969.5,
beltzvilleCombined,147,,,,,,,,-10.34011911,-22.09962419,73.83178076,67.6824913,59.05133271,4.514620012,-28.21063032,38.64528193,99.56523792,30.45833554,160.0584575,37.80870753,5.603609801,-0.072337155,54.82130201,1.878,-0.807,92.51004871,0.507449662,48317.0588,116.5417199,48317.0588,116.5417199,969.5,
beltzvilleCombined,148,,,,,,,,-9.1671073,-17.402275,88.67377266,67.0501791,53.16563944,2.346156241,-8.491353052,41.88377868,74.85984246,97.62993245,215.7880586,1.931803559,13.90513013,-43.20552501,55.876943,1.878,-0.807,89.8923842,0.457208044,48317.0588,116.5417199,48317.0588,116.5417199,969.5,
beltzvilleCombined,149,,,,,,,,-4.648580367,-35.30186098,79.41424152,73.29241453,44.96418346,-14.41,-25.67007125,50.35521157,100,0,168.0082362,57.49187786,2.100610185,-1.016414755,63.516,1.878,-0.807,97.625,0.404851787,48317.0588,116.5417199,48317.0588,116.5417199,969.5,
beltzvilleCombined,150,,,,,,,,-3.96725446,5.21,68.75199972,12.64299006,63.06081536,-13.80684836,-17.98106802,41.7094021,42.86816024,11.08586531,121.2022685,-0.5901,45.17861804,-38.32447772,1.759982427,1.878,-0.807,63.0540205,0.595905277,48317.0588,116.5417199,48317.0588,116.5417199,969.5,
beltzvilleCombined,151,,,,,,,,-7.88485919,-18.39543989,71.22085167,67.08239966,57.12009152,1.091084078,-7.566486978,39.76238913,25.79042391,32.0587708,153.8982007,38.50435968,46.79918594,-2.760679176,51.54814192,1.878,-0.807,83.67647939,0.505801669,48317.0588,116.5417199,48317.0588,116.5417199,969.5,
beltzvilleCombined,152,,,,,,,,8.65687663,5.21,63.14562345,3.966042462,65.57484548,8.63058932,-14.60209416,29.4857213,93.83722118,47.03707033,132.4410083,15.77800332,36.15794959,-25.39521543,4.382874795,1.878,-0.807,70.26446741,0.203353323,48317.0588,116.5417199,48317.0588,116.5417199,969.5,
beltzvilleCombined,153,,,,,,,,-0.215616771,2.484987478,64.23256052,15.82351686,62.92871207,-11.86606624,-18.14824843,44.45209015,96.12146157,0,112.4880801,-0.5901,47.04066441,-30.09644547,4.255308804,1.878,-0.807,67.82863943,0.235151965,48317.0588,116.5417199,48317.0588,116.5417199,969.5,
beltzvilleCombined,154,,,,,,,,21.0147039,-42.4197609,68.44614734,63.07301958,19.58520898,9.557172716,-4.861681248,60.64846827,67.61091034,18.79745551,210.8134544,62.78689216,-1.2104,-2.462013156,37.40273299,1.878,-0.807,0,0.595016696,48317.0588,116.5417199,48317.0588,116.5417199,969.5,
beltzvilleCombined,155,,,,,,,,-10.56222713,-22.16590632,78.69616164,56.9891075,54.17540947,-11.04366779,-15.07090935,26.48690578,59.33407686,62.61631981,143.6480052,84.7844,-1.175097204,-1.665375291,-1.414,1.878,-0.807,62.57135767,0.046679989,48317.0588,116.5417199,48317.0588,116.5417199,969.5,
beltzvilleCombined,156,,,,,,,,-7.751549615,-20.97048075,94.36747267,68.2816385,53.25944956,1.601645983,-31.37273768,43.23513022,72.02262018,94.28549894,222.0660614,5.212991911,19.28729484,-47.49559707,54.08407503,1.878,-0.807,23.14362038,0.359375632,48317.0588,116.5417199,48317.0588,116.5417199,969.5,
beltzvilleCombined,157,,,,,,,,-10.95,-43.79255963,77.38266403,47.16264289,38.99313552,-9.570006498,-9.973714855,8.594986709,61.01146731,49.39634317,142.3530212,68.59143508,0.705553873,-1.540887887,7.697260006,1.878,-0.807,14.61224917,0.584839926,48317.0588,116.5417199,48317.0588,116.5417199,969.5,
beltzvilleCombined,158,,,,,,,,19.65231115,-44.29,82.98722662,64.39942027,22.84250182,-12.6532223,-30.79877647,5.585202568,100,12.98395,158.7578249,26.69729093,-1.2104,-47.99672828,-1.414,1.878,-0.807,0,0.719978941,48317.0588,116.5417199,48317.0588,116.5417199,969.5,
beltzvilleCombined,159,,,,,,,,35.97530143,-2.812753067,62.02622269,59.65209821,86.6639845,-14.00673435,-1.33425021,53.73285769,32.17143077,72.32771257,152.4951788,22.00358275,0.970527615,-11.49634921,12.97629518,1.878,-0.807,66.14299592,0.726520573,48317.0588,116.5417199,48317.0588,116.5417199,969.5,
beltzvilleCombined,160,,,,,,,,-10.95,-34.17158016,83.10281531,69.05909348,52.58449696,9.726010111,-16.12336525,41.58716175,93.21263789,2.226977478,156.2177533,37.5656754,1.091444622,-0.549258971,50.26806362,1.878,-0.807,79.72630673,0.11421904,48317.0588,116.5417199,48317.0588,116.5417199,969.5,
beltzvilleCombined,161,,,,,,,,-3.006112629,-43.0033188,77.72507077,50.540544,14.99540122,-1.199196433,-6.679692009,14.5067663,79.28481673,48.01078658,142.9621764,72.1943483,4.244213268,-6.099039086,11.67998803,1.878,-0.807,82.60113645,0.107744078,48317.0588,116.5417199,48317.0588,116.5417199,969.5,
beltzvilleCombined,162,,,,,,,,69.35945238,0.761245369,80.21657687,76.10497474,4.995494649,-9.046562471,-36.34646395,29.66147792,85.57334,19.09027371,193.6221433,76.85359628,5.41512848,-37.2522899,30.50882428,1.878,-0.807,96.27685121,0.056743961,48317.0588,116.5417199,48317.0588,116.5417199,969.5,
beltzvilleCombined,163,,,,,,,,-10.9334531,-22.96598453,72.17993205,67.9904455,60.72456432,2.572606879,-27.2582761,39.15077775,100,36.07719005,159.4782223,37.34217539,10.19647131,0.4454,50.83783916,1.878,-0.807,97.625,0.638238855,48317.0588,116.5417199,48317.0588,116.5417199,969.5,
beltzvilleCombined,164,,,,,,,,-10.95,-30.87860615,93.27717258,70.79289561,65.04185489,-7.293532483,-19.79457323,46.22220418,100,17.06077869,148.2252996,38.50386488,9.783467144,-4.787762999,61.69724145,1.878,-0.807,91.46230383,0,48317.0588,116.5417199,48317.0588,116.5417199,969.5,
beltzvilleCombined,165,,,,,,,,20.87422095,-39.15289466,83.3313409,71.29992594,33.90425199,-9.014482956,-32.57855323,14.49584495,98.43667493,4.389201952,162.0804879,18.70921325,2.968422836,-44.81263711,0.455132881,1.878,-0.807,1.236192118,0.843286063,48317.0588,116.5417199,48317.0588,116.5417199,969.5,
beltzvilleCombined,166,,,,,,,,-3.284111784,4.660897404,63.09865273,56.2077501,63.27490976,-1.663614607,2.946823974,24.17026393,30.49157659,28.93558119,171.9285326,17.80948569,27.88500545,-28.26344016,6.625398499,1.878,-0.807,12.31234099,0.930430608,48317.0588,116.5417199,48317.0588,116.5417199,969.5,
beltzvilleCombined,167,,,,,,,,-10.95,-25.32330015,80.546065,65.79689126,50.20817498,-3.84095193,-34.75436077,17.01733515,100,3.205754848,169.431493,2.155179683,28.18845899,-25.16869089,-0.36515221,1.878,-0.807,2.396944987,0,48317.0588,116.5417199,48317.0588,116.5417199,969.5,
beltzvilleCombined,168,,,,,,,,-1.66976491,3.614270764,71.02224468,8.259571511,63.88511593,4.368655388,-21.94587519,38.37833175,90.83974607,46.95130431,128.752463,0.820283074,39.81768738,-38.36418472,13.35624605,1.878,-0.807,73.26268796,0.460738729,48317.0588,116.5417199,48317.0588,116.5417199,969.5,
beltzvilleCombined,169,,,,,,,,-7.399467845,-21.76639713,84.67980784,71.87843261,82.88094092,-12.41106644,-36.14478988,45.91727417,91.18683402,38.68965836,155.7875355,53.18299803,0.869285052,-45.53446441,60.71911551,1.878,-0.807,48.41800272,0.054408808,48317.0588,116.5417199,48317.0588,116.5417199,969.5,
beltzvilleCombined,170,,,,,,,,-10.95,-20.72419127,72.08449837,68.40002473,60.1933606,8.725681851,-29.71331093,48.95807674,99.80399856,38.72284982,161.8126763,34.07523919,6.387933236,-1.164744634,63.516,1.878,-0.807,94.96993459,0.346517195,48317.0588,116.5417199,48317.0588,116.5417199,969.5,
beltzvilleCombined,171,,,,,,,,-1.102659618,2.302259686,70.99656455,23.07673169,61.62466812,-1.850537296,-20.04758658,40.91915793,88.34012194,92.05266577,130.608001,55.40300495,0.22025633,-34.07232577,16.05827612,1.878,-0.807,67.99616555,0.643744065,48317.0588,116.5417199,48317.0588,116.5417199,969.5,
beltzvilleCombined,172,,,,,,,,-10.95,-30.31651878,92.61061697,71.60536876,65.74615635,-8.192505027,-19.6739615,47.23661266,100,16.81182367,148.7837712,37.80447068,9.765279382,-4.488237191,61.82137776,1.878,-0.807,91.00128995,0.021240056,48317.0588,116.5417199,48317.0588,116.5417199,969.5,
beltzvilleCombined,173,,,,,,,,-10.29175246,-18.62213781,94.272432,68.48844212,57.1582226,3.006318383,-22.39028657,42.63166947,81.47674618,27.19123383,222.2824083,-0.355195991,15.70929767,-39.81904981,61.9208025,1.878,-0.807,20.51438342,0.419884205,48317.0588,116.5417199,48317.0588,116.5417199,969.5,
beltzvilleCombined,174,,,,,,,,-9.539789729,-26.22257712,81.8668735,67.7773577,52.58080165,-3.597003367,-13.05041099,44.81508088,95.29692787,14.17905704,159.0715376,47.86494731,7.574627271,0.4454,55.87123,1.878,-0.807,91.73235531,0.446987662,48317.0588,116.5417199,48317.0588,116.5417199,969.5,
beltzvilleCombined,175,,,,,,,,-10.95,-18.46797243,66.5104579,65.50933025,55.26685531,1.041237358,-37.11496224,41.26823786,80.58452834,100,221.1580111,-0.068084642,16.44439158,-40.47180414,61.58634115,1.878,-0.807,23.48205881,0.165653556,48317.0588,116.5417199,48317.0588,116.5417199,969.5,
beltzvilleCombined,176,,,,,,,,23.23329223,-1.079733359,67.29540705,62.86363945,2.276885969,7.899084927,-25.48582745,60.39455425,72.6909444,79.68349471,204.1182047,83.11328322,19.52056204,-3.668891588,37.86931247,1.878,-0.807,4.232108592,0.696490475,48317.0588,116.5417199,48317.0588,116.5417199,969.5,
beltzvilleCombined,177,,,,,,,,-0.455759026,-41.31887508,77.77375182,54.62394123,19.4194671,1.049390111,-8.945456554,18.54087686,73.41306881,70.80036265,157.9873433,80.76948647,6.668131607,-15.51146953,16.34158325,1.878,-0.807,76.81098238,0.448369214,48317.0588,116.5417199,48317.0588,116.5417199,969.5,
beltzvilleCombined,178,,,,,,,,-10.95,-29.08864745,82.8758797,65.32425985,50.51367671,-11.43499828,-11.53584711,43.65725519,94.01824811,9.103912464,157.6748244,53.80108586,11.32205693,0.4454,59.92523483,1.878,-0.807,95.38941208,0.502567685,48317.0588,116.5417199,48317.0588,116.5417199,969.5,
beltzvilleCombined,179,,,,,,,,-9.742181189,-26.0161218,83.26424537,65.32601335,50.75672949,-7.999663868,-16.37488353,23.95768581,47.22758713,25.97765823,220.8209182,51.68873711,11.14184864,-23.83445158,11.10165186,1.878,-0.807,50.94722723,0.66973847,48317.0588,116.5417199,48317.0588,116.5417199,969.5,
beltzvilleCombined,180,,,,,,,,78.12925098,-20.70067806,78.29767714,79.24,1.850432685,-14.41,-44.47116783,30.15391554,86.68677567,12.26914052,199.8935075,83.39320971,0.331081425,-43.69278697,26.06428436,1.878,-0.807,94.5514739,0.437519983,48317.0588,116.5417199,48317.0588,116.5417199,969.5,
beltzvilleCombined,181,,,,,,,,77.26414487,-28.63131882,75.57827442,78.90685296,0.667123829,-14.29394018,-44.79679247,34.44917742,93.548945,11.11815436,195.046178,77.45913337,4.795353311,-44.54654561,35.66704618,1.878,-0.807,97.01094502,0.134142946,48317.0588,116.5417199,48317.0588,116.5417199,969.5,
beltzvilleCombined,182,,,,,,,,-3.644142041,-44.29,79.1641854,51.24876437,11.77459873,4.997888871,-5.959218253,14.75361436,73.73149381,77.2947917,154.8334478,71.85271937,6.048047309,-11.42460946,11.22266801,1.878,-0.807,84.32734718,0.728844396,48317.0588,116.5417199,48317.0588,116.5417199,969.5,
beltzvilleCombined,183,,,,,,,,-9.519810028,-44.29,73.75458153,64.66484672,35.50800343,3.524819596,-9.268400963,47.38241986,78.53855715,41.48803852,47.47533452,29.54767662,4.565874816,-12.17245946,14.7452008,1.878,-0.807,89.65586271,0.168724597,48317.0588,116.5417199,48317.0588,116.5417199,969.5,
beltzvilleCombined,184,,,,,,,,-0.833860804,-41.92778066,77.96351005,53.22801191,20.01281588,-9.41225577,-8.036313739,17.09459648,72.35076331,73.49896867,156.3705595,78.47424192,8.609726141,-14.48396911,20.83378284,1.878,-0.807,59.13769571,0.700148225,48317.0588,116.5417199,48317.0588,116.5417199,969.5,
beltzvilleCombined,185,,,,,,,,-10.84294686,-44.2723207,73.82496088,65.75002718,37.56676653,4.515668228,-9.82785018,49.50071591,76.66812159,40.08054431,44.65472431,27.14907804,7.035610596,-11.82796442,16.8400258,1.878,-0.807,88.11083575,0.086790125,48317.0588,116.5417199,48317.0588,116.5417199,969.5,
beltzvilleCombined,186,,,,,,,,-2.947889252,-42.56023793,77.97025624,49.25705854,15.38638591,0.035969487,-6.311753424,12.9570523,77.17454311,49.03906154,141.951046,72.76279367,5.096204262,-6.172865234,10.65032715,1.878,-0.807,83.87470987,0.096141959,48317.0588,116.5417199,48317.0588,116.5417199,969.5,
beltzvilleCombined,187,,,,,,,,-9.306718766,-19.96464238,88.84934919,65.84116015,52.08335589,3.968305585,-27.83195424,43.08232165,80.21635922,92.68037843,229.5734454,6.486255175,13.34088668,-37.74419869,57.09653433,1.878,-0.807,28.31111766,0.219846894,48317.0588,116.5417199,48317.0588,116.5417199,969.5,
beltzvilleCombined,188,,,,,,,,-0.740002306,1.201703397,69.47410986,21.52372304,61.70551884,-5.6537467,-16.89463759,41.3990422,92.50092635,84.15766494,139.0484903,59.11250483,38.4893165,-34.62584512,5.695889923,1.878,-0.807,64.16560071,0.631865812,48317.0588,116.5417199,48317.0588,116.5417199,969.5,
beltzvilleCombined,189,,,,,,,,-10.85914929,-21.9416336,92.47923062,68.07802764,54.73943777,1.791959921,-29.83457564,40.65280124,88.49461715,94.77772478,212.3250852,48.56505841,3.348120739,-38.6856364,54.09720076,1.878,-0.807,25.34600006,0.421806859,48317.0588,116.5417199,48317.0588,116.5417199,969.5,
beltzvilleCombined,190,,,,,,,,35.4476702,-0.619351085,62.50516607,58.99741877,88.67751585,4.656668046,-4.659141116,42.85930431,21.59487361,49.07379817,177.1284777,19.05104977,43.60074322,-34.92765365,18.09714267,1.878,-0.807,62.57968845,0.677021775,48317.0588,116.5417199,48317.0588,116.5417199,969.5,
beltzvilleCombined,191,,,,,,,,-1.267921377,-40.91544056,80.63569615,53.42405078,15.14255134,1.164795978,-10.75436411,25.8238848,77.14018482,73.50513425,155.5066358,80.05454447,2.702115886,-11.81217447,13.40183778,1.878,-0.807,78.63085848,0.666862851,48317.0588,116.5417199,48317.0588,116.5417199,969.5,
beltzvilleCombined,192,,,,,,,,-10.23451306,-41.81708757,81.99743101,39.47865246,17.71384703,-2.855356045,5.72,1.831091523,92.40300998,8.99708742,131.4239833,61.84536888,0.761963888,-4.408028111,9.287517537,1.878,-0.807,0,0.720671467,48317.0588,116.5417199,48317.0588,116.5417199,969.5,
beltzvilleCombined,193,,,,,,,,-10.95,-24.91892026,80.60553991,65.37908255,51.87805163,-10.57267321,-30.7092284,18.6941972,2.228836158,5.189143429,161.1175394,2.487844135,-1.2104,-15.18283272,-1.414,1.878,-0.807,3.842837728,0.957,48317.0588,116.5417199,48317.0588,116.5417199,969.5,
beltzvilleCombined,194,,,,,,,,21.13214238,-39.13997197,83.82100525,70.60668887,31.61730869,-12.29548152,-33.94814771,12.65098416,98.79088964,1.893740557,164.09483,16.02645829,-1.2104,-45.85494251,-1.414,1.878,-0.807,1.716072137,0.957,48317.0588,116.5417199,48317.0588,116.5417199,969.5,
beltzvilleCombined,195,,,,,,,,-5.965883648,-42.94377427,70.73938282,63.35999979,36.66512299,1.865656002,-14.79496727,58.60317773,73.70973567,44.07433119,130.4311038,79.78788291,8.696703897,-8.26312768,23.27927296,1.878,-0.807,79.1274178,0.254204987,48317.0588,116.5417199,48317.0588,116.5417199,969.5,
beltzvilleCombined,196,,,,,,,,-6.708869804,-44.29,78.49502159,67.75620096,38.51624329,2.411295424,-12.76790954,54.61230239,73.68022329,55.65261699,24.53393635,27.30473587,3.131957007,-4.908776283,8.501747459,1.878,-0.807,97.625,0.183321235,48317.0588,116.5417199,48317.0588,116.5417199,969.5,
beltzvilleCombined,197,,,,,,,,73.9173027,2.693597379,74.63146373,78.05829045,1.523593944,-12.88956643,-43.21697637,28.3152928,86.58718697,18.40743033,202.6835695,79.02791588,3.357320141,-35.71268508,34.39841879,1.878,-0.807,87.06475447,0.135872596,48317.0588,116.5417199,48317.0588,116.5417199,969.5,
beltzvilleCombined,198,,,,,,,,1.536782077,3.425315009,64.05356955,36.13645906,62.78635945,-10.25712089,-15.0260575,44.82175019,97.51759055,11.94413354,110.1485792,18.34751451,0.018674029,-38.4849411,6.862609669,1.878,-0.807,69.50864814,0.324549527,48317.0588,116.5417199,48317.0588,116.5417199,969.5,
beltzvilleCombined,199,,,,,,,,0.227678599,3.430418084,64.76958328,3.768647151,62.28265212,-9.171173744,-11.6556175,39.13018319,97.71750025,98.55441297,110.0102904,8.311993347,46.7544408,-35.53581613,0.083353223,1.878,-0.807,79.69604583,0.058489137,48317.0588,116.5417199,48317.0588,116.5417199,969.5,
beltzvilleCombined,200,,,,,,,,-10.95,-43.17138759,77.27449588,48.12122066,16.319443,-9.334246956,-10.43758136,9.900104706,61.52319306,47.32217552,141.5250254,64.02704944,0.705356568,-2.804304461,9.302558873,1.878,-0.807,14.78088244,0.709657445,48317.0588,116.5417199,48317.0588,116.5417199,969.5,
beltzvilleCombined,201,,,,,,,,-10.85768548,-38.07577201,81.42965438,68.34661204,52.76298239,-2.485081043,-36.25452718,18.07948853,89.70956102,83.18952244,173.8274211,42.84810758,2.544459758,-20.30177812,-0.836150275,1.878,-0.807,35.49989009,0.688766852,48317.0588,116.5417199,48317.0588,116.5417199,969.5,
beltzvilleCombined,202,,,,,,,,-6.841013872,-38.28756078,85.0786689,74.39725182,42.04282745,-12.98313191,-29.65880108,26.27934817,100,4.226544843,153.6188598,46.41865624,-1.2104,-15.13501563,-1.414,1.878,-0.807,27.61808916,0.857123025,48317.0588,116.5417199,48317.0588,116.5417199,969.5,
beltzvilleCombined,203,,,,,,,,-9.367367027,4.808891831,69.41113018,57.86115233,64.18115547,-3.052574649,1.382604926,25.30960612,32.51365383,30.29979271,175.4564387,16.89010754,26.1691661,-29.13562522,7.280380148,1.878,-0.807,25.69269804,0.872480624,48317.0588,116.5417199,48317.0588,116.5417199,969.5,
beltzvilleCombined,204,,,,,,,,-10.95,-14.81569146,89.23368537,68.18592701,59.15567297,-2.262489839,-27.57895277,35.10682762,26.73725745,100,210.6040412,1.183123412,17.75940661,-36.73342231,48.80793852,1.878,-0.807,9.539921408,0.940503265,48317.0588,116.5417199,48317.0588,116.5417199,969.5,
beltzvilleCombined,205,,,,,,,,79.63,4.584175328,74.35577285,79.24,0,-14.41,-45.21,27.49534511,9.588306027,16.69298605,201.8819671,84.7844,2.59245079,-36.24332184,33.73503946,1.878,-0.807,93.17919918,0.089082511,48317.0588,116.5417199,48317.0588,116.5417199,969.5,
beltzvilleCombined,206,,,,,,,,11.26673214,-7.430816262,62.91677984,16.55014871,76.39970217,8.272017498,2.773994931,92.34283238,9.694292699,44.78729633,192.6963715,43.42824853,5.628909372,-42.47215208,8.448754319,1.878,-0.807,15.49024255,0.667010947,48317.0588,116.5417199,48317.0588,116.5417199,969.5,
beltzvilleCombined,207,,,,,,,,1.657987056,4.249958401,64.09731203,58.62667483,62.62390473,-9.075972231,-11.76670062,37.87233487,97.30676937,94.05294657,101.5771465,7.652406803,46.23100248,-3.905228711,-0.251532902,1.878,-0.807,87.41673333,0,48317.0588,116.5417199,48317.0588,116.5417199,969.5,
beltzvilleCombined,208,,,,,,,,-10.95,-23.61359014,81.33999394,64.17184033,50.89843109,-1.331395711,-9.408344571,20.52968735,35.98929649,7.68893461,219.0958405,2.429978585,15.54861776,-18.32537356,1.07472989,1.878,-0.807,59.7048649,0.411062873,48317.0588,116.5417199,48317.0588,116.5417199,969.5,
beltzvilleCombined,209,,,,,,,,-10.26817963,-22.87691506,85.84703863,74.2121891,58.63569143,-14.18757062,-36.68771209,48.28195253,92.81733625,40.20975521,159.3857503,53.08911418,-1.2104,-49.02873917,62.11270042,1.878,-0.807,48.13976776,0,48317.0588,116.5417199,48317.0588,116.5417199,969.5,
beltzvilleCombined,210,,,,,,,,-10.95,-25.69763573,77.52767601,70.33273736,53.71415495,4.944182335,-44.79270189,31.84185958,74.43250472,39.86333938,146.7392867,-0.5901,-1.2104,-39.44687183,61.6950471,1.878,-0.807,29.01845385,0.395413123,48317.0588,116.5417199,48317.0588,116.5417199,969.5,
beltzvilleCombined,211,,,,,,,,-10.82674805,-25.71268696,81.21773784,66.05021246,50.30747121,-10.51113568,-4.43643669,18.1952827,80.09869793,53.882038,197.162456,69.06666204,-1.182592361,-16.07642534,-1.414,1.878,-0.807,69.93972376,0.957,48317.0588,116.5417199,48317.0588,116.5417199,969.5,
beltzvilleCombined,212,,,,,,,,-9.142437494,-25.65827446,81.36174896,65.55688718,51.93137916,-3.991707661,-13.55883217,43.60429904,92.56008499,18.42003826,159.26847,67.32447837,8.002472751,-2.472102091,53.28120806,1.878,-0.807,87.37492077,0.44807351,48317.0588,116.5417199,48317.0588,116.5417199,969.5,
beltzvilleCombined,213,,,,,,,,-10.9499032,-21.61454939,89.1471761,65.70223512,52.12266308,1.803273027,-27.07536843,34.12516781,77.30366305,55.99368102,157.9081641,-0.5901,36.70790221,-40.45172358,52.64780222,1.878,-0.807,42.64981271,0.511113473,48317.0588,116.5417199,48317.0588,116.5417199,969.5,
beltzvilleCombined,214,,,,,,,,-7.11645802,5.21,67.0030747,17.16671509,65.27237409,0.11022153,-1.329356236,21.24659018,30.4992298,68.42407669,180.44282,18.96629891,2.123510984,-36.58690689,-0.821346884,1.878,-0.807,12.67130882,0.601266965,48317.0588,116.5417199,48317.0588,116.5417199,969.5,
beltzvilleCombined,215,,,,,,,,-4.491977295,-35.9375558,80.66416207,49.70996824,17.15210753,-13.1839047,-37.83977513,12.92965717,77.42941905,51.1019349,141.3768549,61.50298407,1.539622491,-37.438693,16.66158576,1.878,-0.807,87.14449879,0.619763619,48317.0588,116.5417199,48317.0588,116.5417199,969.5,
beltzvilleCombined,216,,,,,,,,-10.95,-44.29,78.00602749,47.84871165,10.26071366,7.177398535,-11.36838656,9.46196316,59.21160252,49.38440825,138.9312551,72.17849721,-1.2104,0.292893228,-0.046327253,1.878,-0.807,3.796087258,0.513103438,48317.0588,116.5417199,48317.0588,116.5417199,969.5,
beltzvilleCombined,217,,,,,,,,5.359495188,-36.78130059,65.85090369,49.17299378,15.14829807,-14.02374539,-6.822749365,10.92825962,74.93655555,56.59748987,139.5226624,58.23411072,5.237075274,-13.10601575,14.48906777,1.878,-0.807,78.90544891,0.483757195,48317.0588,116.5417199,48317.0588,116.5417199,969.5,
beltzvilleCombined,218,,,,,,,,36.31445517,-1.46310816,62.42111659,61.12588844,86.45600723,5.90843891,-6.718080596,37.66340304,40.22982863,81.48432287,171.2451683,20.42511145,56.03523392,-50.99704627,10.73037294,1.878,-0.807,64.54468896,0.790167268,48317.0588,116.5417199,48317.0588,116.5417199,969.5,
beltzvilleCombined,219,,,,,,,,14.97727218,4.088618881,62.5798689,18.26793629,72.10925258,11.07349864,-0.861714173,98.53042109,49.11642453,2.590331399,240.7340651,37.58410177,36.02203618,-44.27954721,18.30077893,1.878,-0.807,16.25782775,0.43794591,48317.0588,116.5417199,48317.0588,116.5417199,969.5,
beltzvilleCombined,220,,,,,,,,-10.95,-21.15412819,97.95312457,56.9891075,53.73507913,-12.67920597,-22.44075053,26.48690578,59.33407686,2.117452836,143.4282489,84.7844,-1.2104,-1.655158209,-1.414,1.878,-0.807,62.57135767,0.799553189,48317.0588,116.5417199,48317.0588,116.5417199,969.5,
beltzvilleCombined,221,,,,,,,,-4.659170398,-44.14803875,80.66416207,49.70996824,17.15210753,-1.95925169,-6.642282994,13.40875356,84.63869444,51.11170893,141.9642538,70.70011632,1.539622491,-6.744878786,0.846729319,1.878,-0.807,86.85717962,0.116816389,48317.0588,116.5417199,48317.0588,116.5417199,969.5,
beltzvilleCombined,222,,,,,,,,-9.115143517,-26.34569097,74.0898777,77.3524024,0.379253114,-14.31129307,-44.03032582,30.41217482,57.16225387,12.28669214,190.9500849,73.31799713,1.920295554,-34.52220104,30.88964839,1.878,-0.807,90.64624517,0.673314777,48317.0588,116.5417199,48317.0588,116.5417199,969.5,
beltzvilleCombined,223,,,,,,,,-10.3341631,-30.5059588,85.94002829,69.72440116,55.82115776,11.16,-11.49813434,41.97966836,99.67979674,0.284935449,148.5986462,42.37827528,2.61811172,-3.901285926,46.47191872,1.878,-0.807,76.45142904,0.517843505,48317.0588,116.5417199,48317.0588,116.5417199,969.5,
beltzvilleCombined,224,,,,,,,,11.26673214,-7.430816262,62.91677984,16.55014871,76.39970217,11.16,2.773994931,92.34283238,9.694292699,44.78729633,130.4136154,25.52549945,5.628909372,-24.70977287,8.448754319,1.878,-0.807,15.49024255,0,48317.0588,116.5417199,48317.0588,116.5417199,969.5,
beltzvilleCombined,225,,,,,,,,-4.509454948,-40.86253215,79.38375274,49.70996824,17.15210753,5.129537118,-36.12693423,13.13939627,79.37017412,49.11986095,134.2294401,61.50298407,1.539622491,-12.11487674,16.43697808,1.878,-0.807,35.05558829,0.133577602,48317.0588,116.5417199,48317.0588,116.5417199,969.5,
beltzvilleCombined,226,,,,,,,,-0.833860804,-41.92778066,77.96351005,53.22801191,20.01281588,-9.41225577,-8.036313739,17.09459648,72.35076331,73.49896867,156.3705595,78.47424192,8.524044441,-14.48396911,20.83378284,1.878,-0.807,59.13769571,0.700148225,48317.0588,116.5417199,48317.0588,116.5417199,969.5,
beltzvilleCombined,227,,,,,,,,-4.509454948,-41.92658919,80.29823832,49.70996824,17.80214938,-9.449465146,-5.099283761,13.2605518,79.37017412,66.01522004,141.9642538,71.20804647,1.453461031,-12.06020725,11.92388459,1.878,-0.807,81.51704267,0.646943795,48317.0588,116.5417199,48317.0588,116.5417199,969.5,
beltzvilleCombined,228,,,,,,,,-10.6541762,-40.1414668,53.72442325,52.01342163,34.40353437,3.511501601,-3.631254959,15.43595255,85.54867893,68.1368437,138.2317246,67.63115844,-1.151433064,-12.60323691,13.43295732,1.878,-0.807,0.649932337,0.649090649,48317.0588,116.5417199,48317.0588,116.5417199,969.5,
beltzvilleCombined,229,,,,,,,,-6.983832663,-29.21178456,79.91032325,55.53898144,36.67427871,-3.285944816,-6.597990392,12.97801614,71.19061854,14.51640327,155.9844713,72.79573785,0.8702462,-10.37145322,8.890989221,1.878,-0.807,76.81474656,0.777696274,48317.0588,116.5417199,48317.0588,116.5417199,969.5,
beltzvilleCombined,230,,,,,,,,-9.654180081,-21.45835794,72.6333145,68.0236005,57.28297112,1.688340614,-27.15260894,39.71541588,100,31.18334749,154.9551372,41.38815987,8.417149511,-0.53903131,54.93584014,1.878,-0.807,92.00443087,0.539000124,48317.0588,116.5417199,48317.0588,116.5417199,969.5,
beltzvilleCombined,231,,,,,,,,-10.95,-20.21542275,70.65791466,67.21277625,53.53103332,-13.24595225,-26.73533485,30.31382316,73.49505944,28.52392749,160.9442116,-0.5901,40.5372134,-42.26896083,56.19588671,1.878,-0.807,39.48188502,0.4142761,48317.0588,116.5417199,48317.0588,116.5417199,969.5,
beltzvilleCombined,232,,,,,,,,21.84166455,-42.12744165,67.75558417,63.45049257,26.90952963,10.48631505,-5.642398745,61.14236213,72.62670468,54.61788644,208.0007201,62.1750071,-1.164654294,-3.121750808,40.65051411,1.878,-0.807,0,0.598432449,48317.0588,116.5417199,48317.0588,116.5417199,969.5,
beltzvilleCombined,233,,,,,,,,-3.284111784,4.660897404,63.09865273,56.2077501,63.27490976,-1.663614607,2.946823974,19.9726811,30.49157659,28.93558119,171.9285326,17.80948569,27.88500545,-28.26344016,6.625398499,1.878,-0.807,12.31234099,0.930430608,48317.0588,116.5417199,48317.0588,116.5417199,969.5,
beltzvilleCombined,234,,,,,,,,-3.693682536,-29.95531338,83.0881834,62.83162411,48.45314826,-10.37829645,-15.04423209,57.65626095,85.34032144,10.73626269,230.8206532,33.32822948,18.45762633,0.4454,63.516,1.878,-0.807,85.07340967,0.742226497,48317.0588,116.5417199,48317.0588,116.5417199,969.5,
beltzvilleCombined,235,,,,,,,,26.23377819,0.964383914,72.24488793,61.65468238,0,10.82633557,-26.22289989,59.34325554,72.38374999,55.72985355,206.445944,64.60352938,-1.2104,-3.824251174,18.54761115,1.878,-0.807,2.370540574,0.781732039,48317.0588,116.5417199,48317.0588,116.5417199,969.5,
beltzvilleCombined,236,,,,,,,,-3.358343641,-41.24429936,85.81225356,68.62081218,37.68770983,-8.230195621,-42.25246924,46.40213284,100,16.64973793,148.2967189,52.12930318,4.671919084,-16.09228118,63.516,1.878,-0.807,77.20949147,0,48317.0588,116.5417199,48317.0588,116.5417199,969.5,
beltzvilleCombined,237,,,,,,,,-0.238768163,5.21,63.7788501,1.66848874,63.15353116,-13.92154528,-11.56249271,40.24677719,82.98022852,99.7026628,163.8073805,5.366378689,49.84397656,-1.16606555,54.01103699,1.878,-0.807,83.73166893,0.043395009,48317.0588,116.5417199,48317.0588,116.5417199,969.5,
beltzvilleCombined,238,,,,,,,,-6.407589771,-41.57596012,70.73938282,63.08061511,28.30440535,1.865656002,-14.69747056,58.60317773,83.02608737,44.07433119,67.46652702,30.89202043,10.54008908,-8.26312768,23.27927296,1.878,-0.807,78.34063571,0.254204987,48317.0588,116.5417199,48317.0588,116.5417199,969.5,
beltzvilleCombined,239,,,,,,,,-4.010018597,3.066777467,72.39498562,68.73664789,74.31912139,0.872722372,3.702131039,28.61788313,94.51165275,94.61598539,181.5497414,30.54731892,4.803316131,-28.77678322,51.43021149,1.878,-0.807,0.670874317,0.424633289,48317.0588,116.5417199,48317.0588,116.5417199,969.5,
beltzvilleCombined,240,,,,,,,,-3.373174581,4.01538743,73.93419017,63.43934061,73.08766011,-1.599936909,-43.55495112,30.49922835,53.18124153,88.49456593,177.9686451,26.92376118,0.840459821,-29.2620609,16.60581448,1.878,-0.807,47.83280477,0,48317.0588,116.5417199,48317.0588,116.5417199,969.5,
beltzvilleCombined,241,,,,,,,,40.43999294,-1.895600034,62.70268467,61.04686392,93.20856825,5.89985191,-7.483972308,42.29784415,21.78833836,91.40779528,187.3037717,11.7334618,44.08037322,-25.15043679,10.69658595,1.878,-0.807,57.11721961,0.573798135,48317.0588,116.5417199,48317.0588,116.5417199,969.5,
beltzvilleCombined,242,,,,,,,,42.50911682,-1.322239397,62.39098672,60.8066567,93.09170243,5.832446448,-10.60878858,45.24739057,0.068041798,52.95357554,189.5265865,7.016726171,45.9222139,-25.19427387,11.39651369,1.878,-0.807,52.35509823,0.679818775,48317.0588,116.5417199,48317.0588,116.5417199,969.5,
beltzvilleCombined,243,,,,,,,,-3.591361737,1.189769382,64.09619025,62.30309981,60.35022071,3.184550073,-4.101871176,24.58997076,50.36854374,54.14605402,184.5437338,45.67777324,43.01302243,-2.858125766,26.19020484,1.878,-0.807,56.58516811,0.881031893,48317.0588,116.5417199,48317.0588,116.5417199,969.5,
beltzvilleCombined,244,,,,,,,,-4.148562416,5.111047599,91.41984958,59.3234113,68.30635188,4.731312435,1.414431995,21.05110884,96.82983504,85.07748401,190.8647852,-0.5901,-1.2104,-28.78723037,-1.414,1.878,-0.807,0,0.179839834,48317.0588,116.5417199,48317.0588,116.5417199,969.5,
beltzvilleCombined,245,,,,,,,,-2.972438065,-23.81756167,88.1981347,62.65652218,28.46706241,8.26364784,-2.483742302,90.93378017,60.29304404,32.6044537,128.7376445,16.78966546,7.03003735,-25.46642815,49.94335478,1.878,-0.807,7.586349413,0.309872176,48317.0588,116.5417199,48317.0588,116.5417199,969.5,
beltzvilleCombined,246,,,,,,,,75.7623274,-42.67463864,80.45613488,64.28753773,0,7.116575996,-1.20747507,58.45709412,8.69267293,49.00614316,184.2710295,77.81672436,42.89985192,-29.64929839,63.516,1.878,-0.807,88.14481428,0,48317.0588,116.5417199,48317.0588,116.5417199,969.5,
beltzvilleCombined,247,,,,,,,,33.96738408,-44.29,74.1412935,76.06751076,11.45628251,-11.25533131,-14.88515747,30.66391207,78.24358661,88.53332469,212.0957654,77.1150978,9.823036563,-33.93848705,41.76452606,1.878,-0.807,97.625,0.172430139,48317.0588,116.5417199,48317.0588,116.5417199,969.5,
beltzvilleCombined,248,,,,,,,,-10.95,3.201547381,73.70228127,66.96434791,82.06541803,-3.370205676,5.72,28.93950549,97.67599813,92.3628409,190.2562803,26.36003898,4.203360022,-26.86771944,60.00825735,1.878,-0.807,1.534431767,0.140902133,48317.0588,116.5417199,48317.0588,116.5417199,969.5,
beltzvilleCombined,249,,,,,,,,20.55783209,-33.53233023,69.68226081,64.44509213,27.42902825,-14.41,-42.05532444,62.59437358,100,85.31509182,199.960232,78.21376769,7.993351166,-11.260435,41.54690475,1.878,-0.807,82.13362061,0.196717082,48317.0588,116.5417199,48317.0588,116.5417199,969.5,
beltzvilleCombined,250,,,,,,,,-3.499866583,5.21,91.27751011,61.1561714,69.71850878,11.16,-41.80195151,35.07626758,100,83.44958012,183.9497918,6.166338936,7.949331267,-31.04490778,-1.414,1.878,-0.807,0,0,48317.0588,116.5417199,48317.0588,116.5417199,969.5,
beltzvilleCombined,251,,,,,,,,44.19083455,-44.29,62.74414698,65.37200544,0,7.428148471,5.72,60.98278271,47.99988204,91.43735467,161.2139866,28.86019693,39.69041802,-0.158419963,63.19696793,1.878,-0.807,59.9034262,0.667792465,48317.0588,116.5417199,48317.0588,116.5417199,969.5,
beltzvilleCombined,252,,,,,,,,-5.935304291,2.558344817,72.64942526,68.88560759,74.04203306,1.233651119,5.72,29.13110089,94.29834295,94.37714994,182.1081054,36.5940872,4.313382538,-26.77039646,6.540895572,1.878,-0.807,0,0.010320004,48317.0588,116.5417199,48317.0588,116.5417199,969.5,
beltzvilleCombined,253,,,,,,,,-9.066040935,4.625479735,74.24084658,15.26868205,76.85871855,-6.063779319,3.322567604,29.32741957,85.20665618,54.19662703,182.2706092,38.97648544,8.896608901,-20.23171052,59.54623982,1.878,-0.807,0.611828536,0.014004574,48317.0588,116.5417199,48317.0588,116.5417199,969.5,
beltzvilleCombined,254,,,,,,,,40.00951772,-2.873720763,62.80260081,61.78032919,92.29147209,5.566445848,-8.100158387,58.42568497,22.9898276,54.12160526,189.7993258,13.04811723,45.85242162,-24.45626997,44.57891454,1.878,-0.807,57.91344389,0.545809158,48317.0588,116.5417199,48317.0588,116.5417199,969.5,
beltzvilleCombined,255,,,,,,,,40.85511913,-2.406799403,63.10835735,61.18709582,90.73288184,6.046815811,0.114926143,44.64462859,24.43321002,53.81722293,194.7707772,6.944476905,43.99663101,-47.82460128,13.0474998,1.878,-0.807,55.94527966,0.226862838,48317.0588,116.5417199,48317.0588,116.5417199,969.5,
beltzvilleCombined,256,,,,,,,,65.40411132,-44.29,80.12795547,66.97793491,0,6.317554174,5.72,56.72145111,0,50.44487622,224.3740652,17.78731303,31.91967694,-7.06791085,63.516,1.878,-0.807,38.08043921,0,48317.0588,116.5417199,48317.0588,116.5417199,969.5,
beltzvilleCombined,257,,,,,,,,68.09705337,0.763276362,67.05946597,63.8355987,1.179573232,-1.005625646,5.72,62.18028292,61.65367739,58.3143444,37.30749958,14.29794878,49.98723119,-13.63297197,62.82127118,1.878,-0.807,54.76701777,0.325548917,48317.0588,116.5417199,48317.0588,116.5417199,969.5,
beltzvilleCombined,258,,,,,,,,63.49906633,-44.05619964,82.69404165,64.48441276,5.31349602,3.906385252,1.195731322,64.18138126,5.998384036,62.56410284,11.79744324,7.62024983,40.06753168,-3.145488563,63.14525991,1.878,-0.807,0.293810031,0.014551676,48317.0588,116.5417199,48317.0588,116.5417199,969.5,
beltzvilleCombined,259,,,,,,,,-3.156756525,5.21,87.51885222,60.56980044,71.0969569,4.346130531,-45.14266608,27.66505961,92.73326727,76.49753179,185.1472756,6.642531348,9.969791822,-27.06935,-1.414,1.878,-0.807,0,0.119112799,48317.0588,116.5417199,48317.0588,116.5417199,969.5,
beltzvilleCombined,260,,,,,,,,38.83906018,-1.554322558,64.76334067,61.79906377,89.09648764,4.870001999,-27.43470494,45.82725623,26.7551641,79.09291112,183.6205528,16.53424741,37.94354512,-27.15616604,10.60215104,1.878,-0.807,70.69852488,0.411653756,48317.0588,116.5417199,48317.0588,116.5417199,969.5,
beltzvilleCombined,261,,,,,,,,44.19083455,-44.29,62.74414698,65.37200544,59.57740384,7.428148471,5.72,60.98278271,47.99988204,91.43735467,161.2139866,47.95820766,53.86919294,-0.158419963,63.19696793,1.878,-0.807,59.9034262,0.667792465,48317.0588,116.5417199,48317.0588,116.5417199,969.5,
beltzvilleCombined,262,,,,,,,,-3.499866583,5.21,91.27751011,46.83286769,69.71850878,11.16,-41.80195151,35.07626758,100,83.44958012,183.9497918,13.84354457,7.949331267,-31.04490778,-1.414,1.878,-0.807,0,0,48317.0588,116.5417199,48317.0588,116.5417199,969.5,
beltzvilleCombined,263,,,,,,,,41.57842043,-42.60881643,73.02190743,63.32154108,13.73189836,9.329746639,-1.379065319,84.40487798,25.4936822,47.76358667,125.5852627,45.37894175,1.250412456,-8.441259782,32.99896096,1.878,-0.807,23.2356446,0.404577174,48317.0588,116.5417199,48317.0588,116.5417199,969.5,
beltzvilleCombined,264,,,,,,,,-2.349002739,3.338583744,73.95265224,58.0563079,63.5016488,-1.199823814,-3.861688821,23.18005069,53.36456707,53.95690338,160.1340013,22.47555144,43.98837782,-1.547197825,18.28413106,1.878,-0.807,62.00714848,0.866375071,48317.0588,116.5417199,48317.0588,116.5417199,969.5,
beltzvilleCombined,265,,,,,,,,-2.244012514,2.367561096,71.96913613,68.34555277,74.17915336,1.248977671,3.345520773,30.16450997,91.55537929,92.85638222,180.9367105,29.44571864,5.631642076,-28.02569992,49.95307555,1.878,-0.807,3.092178667,0.297230544,48317.0588,116.5417199,48317.0588,116.5417199,969.5,
beltzvilleCombined,266,,,,,,,,-2.003214805,2.905903176,72.49532622,67.62524677,74.18314288,-6.885547116,3.523921964,28.62790205,88.18840553,100,143.6841375,56.48630526,40.79226857,-46.71944717,52.91341926,1.878,-0.807,56.91575204,0.019867151,48317.0588,116.5417199,48317.0588,116.5417199,969.5,
beltzvilleCombined,267,,,,,,,,40.10475615,-2.873720763,62.80461687,61.77289248,92.3832862,5.566445848,-5.266800164,57.08662358,22.9898276,62.57122953,189.7993258,19.6480471,12.39982637,-46.35455288,14.86777826,1.878,-0.807,57.91344389,0.470481052,48317.0588,116.5417199,48317.0588,116.5417199,969.5,
beltzvilleCombined,268,,,,,,,,43.83116479,-25.65750283,93.03164772,66.21611647,21.96273623,6.375828968,5.685385746,58.33426196,25.30558783,70.50439206,172.6301921,81.13586256,38.90602149,-9.853666911,63.516,1.878,-0.807,71.93625278,0.412825824,48317.0588,116.5417199,48317.0588,116.5417199,969.5,
beltzvilleCombined,269,,,,,,,,43.45236809,-1.594836888,61.94752271,61.72994891,94.20495611,6.664450894,-9.29469113,44.19542995,26.34351801,89.03667764,188.1973571,14.15612002,44.81320449,-25.1233528,12.4186318,1.878,-0.807,56.55587103,0.555409661,48317.0588,116.5417199,48317.0588,116.5417199,969.5,
beltzvilleCombined,270,,,,,,,,43.94488924,-25.31144621,93.58742206,65.77773635,22.19160853,-14.41,-4.093103801,58.44364876,25.90371689,70.36522016,168.5159508,84.7844,46.35248304,-8.433103465,59.10212144,1.878,-0.807,68.46356676,0.412315263,48317.0588,116.5417199,48317.0588,116.5417199,969.5,
beltzvilleCombined,271,,,,,,,,44.00692129,-1.847181922,62.56229183,61.0693847,92.96734181,5.827915608,-9.907092561,44.88526253,23.22807726,53.60450446,190.4580201,10.97083176,46.6861414,-25.77272281,9.184042142,1.878,-0.807,61.59212015,0.580648151,48317.0588,116.5417199,48317.0588,116.5417199,969.5,
beltzvilleCombined,272,,,,,,,,-3.862847773,5.21,87.70222482,59.65704596,71.0969569,4.346130531,-44.56284327,27.66505961,93.30342232,44.58957732,183.2292884,7.542100765,9.969791822,-39.34750229,-1.414,1.878,-0.807,17.48347285,0.053591521,48317.0588,116.5417199,48317.0588,116.5417199,969.5,
beltzvilleCombined,273,,,,,,,,-2.837221334,4.894399993,87.55961043,60.9870359,71.41973723,4.366873265,-45.10652957,27.39633972,93.91685409,76.43147044,185.4289414,7.535195192,9.391480078,-27.64917373,-1.214273164,1.878,-0.807,0.357879169,0.132541025,48317.0588,116.5417199,48317.0588,116.5417199,969.5,
beltzvilleCombined,274,,,,,,,,67.43271242,-0.737498944,67.8358425,64.00592269,1.264714747,-0.613184425,5.425228157,61.61914745,61.45516106,57.47567814,39.13637,13.76634798,50.41762433,-13.10640557,63.18845808,1.878,-0.807,54.28099946,0.306121332,48317.0588,116.5417199,48317.0588,116.5417199,969.5,
beltzvilleCombined,275,,,,,,,,47.48893871,-38.86115104,75.61454761,65.35258213,17.2181854,-0.583621265,5.480261266,54.43070591,17.80770651,55.65525559,92.43318634,51.06267158,12.28320309,-5.440662969,37.577816,1.878,-0.807,89.96233954,0.087682885,48317.0588,116.5417199,48317.0588,116.5417199,969.5,
beltzvilleCombined,276,,,,,,,,65.02885695,-44.2295554,80.17393308,67.13852536,0,6.25743047,4.852501426,56.26752051,0.73669756,50.61625442,176.5719573,17.39963997,31.69780958,-6.755503928,63.516,1.878,-0.807,39.22115882,0,48317.0588,116.5417199,48317.0588,116.5417199,969.5,
beltzvilleCombined,277,,,,,,,,0.695837935,-21.53265678,86.88995674,61.4248067,34.69363326,7.993330558,-5.088687859,97.42845868,59.02289339,42.44828118,129.436373,21.00892191,12.21861686,-21.33472888,45.83102121,1.878,-0.807,8.044606035,0.446375561,48317.0588,116.5417199,48317.0588,116.5417199,969.5,
beltzvilleCombined,278,,,,,,,,79.63,-44.29,77.34892268,69.85858645,0,11.16,5.72,61.21375523,0,47.64283404,189.7364603,3.052224899,41.01711558,0.4454,63.516,1.878,-0.807,92.10798116,0.339519572,48317.0588,116.5417199,48317.0588,116.5417199,969.5,
beltzvilleCombined,279,,,,,,,,38.30950704,-3.086465099,62.76596894,61.76653201,90.70452201,5.595618043,-2.334727811,57.84218867,26.24515309,58.73318808,190.5432238,20.14538528,10.46907787,-47.73775197,20.72017657,1.878,-0.807,57.00704466,0.642798342,48317.0588,116.5417199,48317.0588,116.5417199,969.5,
beltzvilleCombined,280,,,,,,,,44.3242589,-1.334784317,63.2202824,62.49195444,89.62355294,9.084846005,-8.498079702,44.45661251,31.52311357,58.47871688,192.9845797,16.21117082,44.92886268,-35.03957111,6.875159998,1.878,-0.807,56.65601735,0.523418953,48317.0588,116.5417199,48317.0588,116.5417199,969.5,
beltzvilleCombined,281,,,,,,,,-10.95,5.21,93.77817393,56.64230681,64.69702557,4.642171801,-0.449091693,19.24962103,100,93.06389856,192.6138227,-0.5901,54.59090931,-30.09804131,-1.414,1.878,-0.807,28.85979054,0.184098821,48317.0588,116.5417199,48317.0588,116.5417199,969.5,
beltzvilleCombined,282,,,,,,,,-6.400752379,4.154385307,72.33183877,66.49264144,73.57941666,-3.290267271,-23.4654244,31.57516646,91.24656608,80.36737729,186.2652737,10.74529592,60.60397771,-39.65829849,44.19330945,1.878,-0.807,15.5935255,0.32665403,48317.0588,116.5417199,48317.0588,116.5417199,969.5,
beltzvilleCombined,283,,,,,,,,-10.26877195,5.21,67.39250878,58.68178664,67.84878756,-14.41,-9.057468994,27.58965365,54.58613281,52.78131274,151.6128439,12.81722715,39.45636874,0.4454,21.14974423,1.878,-0.807,52.36206576,0.957,48317.0588,116.5417199,48317.0588,116.5417199,969.5,
beltzvilleCombined,284,,,,,,,,-10.38192379,5.21,73.10702511,48.00677645,83.824688,4.269922837,5.72,24.48206102,24.21371887,99.16885471,185.7697828,26.77277148,8.568911929,-26.83629321,51.30003504,1.878,-0.807,0.672238698,0.005461101,48317.0588,116.5417199,48317.0588,116.5417199,969.5,
beltzvilleCombined,285,,,,,,,,47.48893871,-38.86115104,75.61454761,65.35258213,17.32186443,7.424524916,5.469975429,61.05074584,17.21475999,56.62385067,163.3130805,47.89248924,12.28320309,-0.102068072,37.577816,1.878,-0.807,89.9223096,0.063124741,48317.0588,116.5417199,48317.0588,116.5417199,969.5,
beltzvilleCombined,286,,,,,,,,41.61366586,-1.992350771,62.5967086,61.26093352,93.53379866,4.184221974,-44.26380181,46.84516349,19.36031369,57.55438556,191.2032984,13.83901064,47.14521593,-24.86132516,9.949483303,1.878,-0.807,61.67748142,0.481238152,48317.0588,116.5417199,48317.0588,116.5417199,969.5,
beltzvilleCombined,Best Release NSE,,,,,,,,58.41675092,-40.48657735,81.85886837,67.41992522,9.940703313,-0.883412189,2.766566001,61.44180672,4.512139695,68.95181081,10.15021587,-0.5901,46.20058373,-2.295659892,60.75168592,1.878,-0.807,2.722803001,0.099817726,48317.0588,116.5417199,48317.0588,116.5417199,969.5,
beltzvilleCombined,288,,,,,,,,-0.269533207,5.21,89.50828746,59.62427994,72.39673217,6.275060908,-42.33774135,29.54811132,90.49880671,79.79782022,36.72102489,7.809742678,10.46756967,-30.46004674,-1.414,1.878,-0.807,0,0,48317.0588,116.5417199,48317.0588,116.5417199,969.5,
beltzvilleCombined,289,,,,,,,,31.89098956,0.864429892,63.04106772,61.35445715,89.39716915,11.16,-13.76685468,52.52007692,35.0785683,77.0584952,132.9655115,15.20257901,16.55119518,-28.85895521,41.75193521,1.878,-0.807,58.79928627,0.389448049,48317.0588,116.5417199,48317.0588,116.5417199,969.5,
beltzvilleCombined,290,,,,,,,,44.93305864,-42.7310398,73.56214566,70.58926001,25.85645718,-11.89278756,-2.223837751,50.69429923,78.39523016,100,193.2085263,84.7844,15.42193519,-13.32696702,40.02961257,1.878,-0.807,92.00201486,0.181067006,48317.0588,116.5417199,48317.0588,116.5417199,969.5,
beltzvilleCombined,291,,,,,,,,-6.78031538,5.21,90.03856921,60.52868616,66.69849789,4.41991391,0.280241961,20.64289409,94.25337846,95.13818703,199.3177501,-0.5901,60.44061135,-26.40092254,-0.028676401,1.878,-0.807,28.78873895,0.318429785,48317.0588,116.5417199,48317.0588,116.5417199,969.5,
beltzvilleCombined,292,,,,,,,,37.69730646,-0.170272475,62.09958458,59.80226635,89.22596996,7.327903717,-7.786698926,44.23719197,31.53209523,92.93083242,184.286785,16.84606574,46.10285156,-27.15295527,9.668171187,1.878,-0.807,61.81932463,0.407577928,48317.0588,116.5417199,48317.0588,116.5417199,969.5,
beltzvilleCombined,293,,,,,,,,40.53644227,-0.731130821,62.96357443,60.49914496,92.71627413,6.684830858,-10.04471675,44.88216001,23.91338998,53.10667895,188.7923105,12.07364405,43.30332884,-26.24239897,11.29003294,1.878,-0.807,56.49527779,0.602187301,48317.0588,116.5417199,48317.0588,116.5417199,969.5,
beltzvilleCombined,294,,,,,,,,41.50948696,-4.314380967,61.16796083,60.51342696,89.26206052,11.16,-8.341084451,52.91625779,25.46327225,90.26720374,182.9081702,17.19848139,46.12140124,-20.87476734,13.39900504,1.878,-0.807,57.40597596,0.602217684,48317.0588,116.5417199,48317.0588,116.5417199,969.5,
beltzvilleCombined,295,,,,,,,,-4.031759127,2.542974507,64.21374885,62.27371831,60.36660974,-13.31179628,-5.019776178,48.18654895,51.73672166,53.65646153,160.8276198,23.83883639,43.71394207,-4.764453338,4.80761571,1.878,-0.807,60.26057591,0.935759874,48317.0588,116.5417199,48317.0588,116.5417199,969.5,
beltzvilleCombined,296,,,,,,,,64.82302802,-44.29,81.52970109,66.49726482,0,6.440207463,5.72,56.33744864,0.238838719,51.24007029,174.6149556,16.72970187,29.76830999,-6.765441922,60.00726594,1.878,-0.807,39.39576493,0.022157827,48317.0588,116.5417199,48317.0588,116.5417199,969.5,
beltzvilleCombined,297,,,,,,,,56.2500135,-44.29,84.58066632,67.21165722,0,0.453762932,5.72,62.26808044,8.515098675,72.87741105,-4.088,-0.5901,46.02714456,0.099540914,63.516,1.878,-0.807,0.322128642,0.075030382,48317.0588,116.5417199,48317.0588,116.5417199,969.5,
beltzvilleCombined,298,,,,,,,,-6.75411513,5.21,75.45455164,63.38513496,73.119954,-4.906610631,-42.07455621,29.60354222,82.11257242,88.94866625,182.7854966,35.5134002,2.692962638,-29.16320744,17.52406341,1.878,-0.807,0.985148837,0.055469436,48317.0588,116.5417199,48317.0588,116.5417199,969.5,
beltzvilleCombined,299,,,,,,,,-4.672275695,5.21,91.17972374,58.73470424,65.20106509,4.870933388,-35.30706954,27.89693017,96.07352688,89.87768343,193.00174,-0.5901,55.09830034,-27.80448524,0.228654891,1.878,-0.807,34.58414271,0.169721397,48317.0588,116.5417199,48317.0588,116.5417199,969.5,
beltzvilleCombined,300,,,,,,,,79.63,-44.29,77.34892268,69.85858645,0,11.16,5.72,61.21375523,0,47.64283404,188.8918037,3.052224899,41.01711558,-4.672874483,63.49002066,1.878,-0.807,92.10798116,0.339519572,48317.0588,116.5417199,48317.0588,116.5417199,969.5,
beltzvilleCombined,301,,,,,,,,35.25667632,-41.35843377,70.88413356,68.86747641,17.30050207,4.379552808,4.483237941,94.31839985,22.35830378,55.4220547,97.77086316,51.78072463,27.87411764,-9.323992316,48.74821128,1.878,-0.807,33.31854908,0.167523843,48317.0588,116.5417199,48317.0588,116.5417199,969.5,
beltzvilleCombined,302,,,,,,,,42.35889679,-44.29,72.94838426,64.27467531,3.826533158,0.455747949,2.051455336,90.10344988,19.95091119,47.6703975,83.90049298,49.03048031,18.33711187,-3.731857652,32.47332491,1.878,-0.807,19.64102089,0.008482902,48317.0588,116.5417199,48317.0588,116.5417199,969.5,
beltzvilleCombined,303,,,,,,,,38.89428561,-3.008138571,62.30238742,62.02667997,95.5429245,4.200960884,-38.03057951,45.7813122,12.47066042,48.51265955,190.4966709,15.15424145,44.99185826,-26.1046257,5.86911232,1.878,-0.807,57.18742123,0.541795446,48317.0588,116.5417199,48317.0588,116.5417199,969.5,
beltzvilleCombined,304,,,,,,,,45.41371644,-1.644984709,61.50464542,61.1193897,90.78144507,7.152333421,-11.21058108,44.24408406,23.45768571,50.89254737,185.2152055,11.35560922,42.47851219,-25.9852366,16.92152783,1.878,-0.807,55.52613017,0.539410278,48317.0588,116.5417199,48317.0588,116.5417199,969.5,
beltzvilleCombined,305,,,,,,,,39.69640371,-3.00055208,62.63271435,61.00942163,84.78225896,7.217179369,-40.60954411,47.33334702,0.630530043,79.7118089,179.2332865,19.15358305,39.46471478,-42.62333493,11.17734587,1.878,-0.807,59.46290814,0.488275013,48317.0588,116.5417199,48317.0588,116.5417199,969.5,
beltzvilleCombined,306,,,,,,,,36.93203618,-1.594261607,62.75693654,61.25227959,94.25670132,5.453907933,-8.468773454,57.4680162,24.63456853,53.01631981,190.6442994,12.9274737,47.60903514,-23.89364734,40.86772842,1.878,-0.807,57.80632718,0.575642379,48317.0588,116.5417199,48317.0588,116.5417199,969.5,
beltzvilleCombined,307,,,,,,,,34.6044636,-4.882227157,63.46505484,62.16943728,88.1895557,9.682033505,-5.757999476,46.86771756,36.25386838,83.96014121,178.637744,19.19153277,40.21903081,-40.98719632,16.65437674,1.878,-0.807,55.57065962,0.521734123,48317.0588,116.5417199,48317.0588,116.5417199,969.5,
beltzvilleCombined,308,,,,,,,,-10.95,5.21,73.95953862,10.16195171,81.20914828,-8.214747232,3.863666345,27.50627392,100,53.94488857,181.7654661,25.1738794,5.127175753,-20.67044847,60.69617161,1.878,-0.807,0,0,48317.0588,116.5417199,48317.0588,116.5417199,969.5,
beltzvilleCombined,309,,,,,,,,64.88618275,-44.28968066,79.2843115,63.94582562,5.813804037,5.584571628,4.99230494,67.53028363,4.786326554,55.47284136,162.3740201,6.046805422,45.43273187,-2.002468919,63.516,1.878,-0.807,5.657123083,0.034601012,48317.0588,116.5417199,48317.0588,116.5417199,969.5,
beltzvilleCombined,310,,,,,,,,51.05688265,-39.55450022,76.40163144,64.66433729,13.82132726,-0.55353682,5.72,49.06965332,23.57493033,51.2349214,87.18970709,48.80152958,13.28059341,-1.676213586,34.98826137,1.878,-0.807,21.57852628,0.019165412,48317.0588,116.5417199,48317.0588,116.5417199,969.5,
beltzvilleCombined,311,,,,,,,,40.43999294,-1.895600034,62.70268467,61.04686392,93.20856825,5.89985191,-7.483972308,42.29784415,21.78833836,91.40779528,187.3037717,11.7334618,44.08037322,-25.15043679,10.69658595,1.878,-0.807,57.11721961,0.462916947,48317.0588,116.5417199,48317.0588,116.5417199,969.5,
beltzvilleCombined,312,,,,,,,,44.93305864,-42.7310398,73.56214566,70.58926001,25.85645718,-11.89278756,-2.223837751,50.69429923,78.39523016,100,193.2085263,84.7844,15.42193519,-13.32696702,40.02961257,1.878,-0.807,26.98584271,0.008625359,48317.0588,116.5417199,48317.0588,116.5417199,969.5,
beltzvilleCombined,313,,,,,,,,44.29950049,-15.21215729,62.72546472,60.52011844,96.32995672,-4.492762084,-5.235860295,44.86426475,19.93128043,86.08074878,194.3937616,16.44507205,51.00118262,-46.84349426,11.16494119,1.878,-0.807,57.22114583,0.632738772,48317.0588,116.5417199,48317.0588,116.5417199,969.5,
beltzvilleCombined,314,,,,,,,,47.48893871,-38.86115104,75.61454761,65.35258213,17.2181854,-0.583621265,5.480261266,54.43070591,17.80770651,67.64060221,92.43318634,51.06267158,12.28320309,-5.440662969,37.577816,1.878,-0.807,89.96233954,0.087682885,48317.0588,116.5417199,48317.0588,116.5417199,969.5,
beltzvilleCombined,315,,,,,,,,-2.244012514,2.367561096,71.96913613,68.34555277,74.17915336,0.80997197,3.345520773,30.16450997,91.55537929,92.85638222,180.9367105,29.44571864,5.631642076,-28.02569992,49.95307555,1.878,-0.807,3.092178667,0.128481532,48317.0588,116.5417199,48317.0588,116.5417199,969.5,
beltzvilleCombined,316,,,,,,,,-5.935304291,2.558344817,72.64942526,68.88560759,74.04203306,1.233651119,5.72,30.05064444,94.29834295,94.37714994,182.9442236,38.35295276,4.374952751,-46.5560908,6.05871299,1.878,-0.807,0,0.492730349,48317.0588,116.5417199,48317.0588,116.5417199,969.5,
beltzvilleCombined,317,,,,,,,,-6.499311523,4.040727751,73.50898338,71.23843237,77.70875832,-2.207896029,5.72,49.56004197,92.30465231,10.84602229,183.0032288,10.18621006,10.73764234,-20.13319211,54.06083073,1.878,-0.807,5.264277276,0.119223609,48317.0588,116.5417199,48317.0588,116.5417199,969.5,
beltzvilleCombined,318,,,,,,,,40.00951772,-2.873720763,62.80260081,61.78032919,92.29147209,5.566445848,-8.100158387,58.42568497,22.9898276,54.12160526,189.7993258,13.04811723,64.44127632,-24.45626997,44.57891454,1.878,-0.807,57.91344389,0.545809158,48317.0588,116.5417199,48317.0588,116.5417199,969.5,
beltzvilleCombined,319,,,,,,,,51.05688265,-30.40746498,76.40163144,64.66433729,13.82132726,-0.55353682,5.72,49.06965332,23.57493033,51.2349214,87.18970709,48.80152958,13.28059341,-1.676213586,34.98826137,1.878,-0.807,90.31361038,0.019165412,48317.0588,116.5417199,48317.0588,116.5417199,969.5,
beltzvilleCombined,320,,,,,,,,39.69640371,-3.00055208,62.63271435,61.00942163,84.78225896,7.217179369,-40.60954411,47.33334702,0.630530043,79.7118089,139.4677113,19.15358305,39.46471478,-27.40188748,11.17734587,1.878,-0.807,59.46290814,0.169529841,48317.0588,116.5417199,48317.0588,116.5417199,969.5,
beltzvilleCombined,321,,,,,,,,-3.499866583,5.21,91.27751011,61.1561714,69.71850878,11.16,-41.80195151,35.07626758,100,83.44958012,183.9497918,6.166338936,7.949331267,-31.04490778,-1.414,1.878,-0.807,30.5029119,0,48317.0588,116.5417199,48317.0588,116.5417199,969.5,
beltzvilleCombined,322,,,,,,,,-3.258331514,4.84025788,73.70217834,42.17630844,71.87000759,-2.534581605,-38.85060009,29.53736251,79.82774303,87.20406077,179.4399467,28.34868518,5.679581459,-7.490961536,17.5732702,1.878,-0.807,2.233973829,0.06497145,48317.0588,116.5417199,48317.0588,116.5417199,969.5,
beltzvilleCombined,323,,,,,,,,42.50911682,-1.322239397,62.4428737,60.86784911,93.09170243,6.035657758,-10.08566331,44.93443414,23.10407412,53.37858192,190.0671814,11.75837169,45.5265724,-25.19427387,11.39651369,1.878,-0.807,58.54379954,0.404583755,48317.0588,116.5417199,48317.0588,116.5417199,969.5,
beltzvilleCombined,324,,,,,,,,-3.156756525,5.21,87.51885222,60.56980044,71.0969569,4.346130531,-45.14266608,27.66505961,92.73326727,76.49753179,185.1472756,6.642531348,9.969791822,-27.06935,-1.414,1.878,-0.807,0,0.934405933,48317.0588,116.5417199,48317.0588,116.5417199,969.5,
beltzvilleCombined,325,,,,,,,,38.41934003,-44.29,75.25877119,66.02940655,24.28207407,-13.28024345,5.72,63.76757717,87.54300342,94.30170994,202.6639963,83.98352861,6.209905839,-11.38702434,51.12587152,1.878,-0.807,66.04693051,0,48317.0588,116.5417199,48317.0588,116.5417199,969.5,
beltzvilleCombined,326,,,,,,,,41.50763384,0.450882601,64.74921749,62.01165371,91.14820216,-1.728759031,-13.14459015,42.46371028,21.09671894,50.88790718,171.5536283,19.47918871,51.91487381,-25.24799852,14.37933092,1.878,-0.807,94.98949382,0.664609894,48317.0588,116.5417199,48317.0588,116.5417199,969.5,
beltzvilleCombined,327,,,,,,,,44.29950049,-2.366633505,62.72546472,60.52011844,96.32995672,6.318234033,-5.235860295,44.86426475,19.93128043,86.08074878,194.3937616,16.44507205,51.00118262,-5.307859348,11.16494119,1.878,-0.807,57.22114583,0.632738772,48317.0588,116.5417199,48317.0588,116.5417199,969.5,
beltzvilleCombined,328,,,,,,,,-0.707762684,1.919468242,70.81731271,51.32485216,58.95855613,-14.41,-20.08561214,17.0422539,52.29015295,70.78126894,159.6684919,15.80606634,7.117987024,-16.03774441,-1.414,1.878,-0.807,59.3798977,0.193910017,48317.0588,116.5417199,48317.0588,116.5417199,969.5,
beltzvilleCombined,329,,,,,,,,-3.862847773,5.21,87.70222482,59.65704596,71.0969569,4.346130531,-44.56284327,27.66505961,93.30342232,44.58957732,183.2292884,7.542100765,9.969791822,-39.34750229,-1.414,1.878,-0.807,86.91681782,0.053591521,48317.0588,116.5417199,48317.0588,116.5417199,969.5,
beltzvilleCombined,330,,,,,,,,40.70555289,-44.29,75.04351329,66.56406611,26.96563441,-13.10321307,-24.01809898,61.59576516,85.13132037,100,170.3176854,84.7844,7.594613462,-11.72038803,39.59472413,1.878,-0.807,83.7401991,0,48317.0588,116.5417199,48317.0588,116.5417199,969.5,
beltzvilleCombined,331,,,,,,,,42.94858404,-2.99796279,62.60119536,61.52040385,90.91961959,8.484726692,-6.096660394,48.20607862,44.89308622,90.20366243,188.5883519,14.41394887,44.7437167,-20.2215101,13.51597731,1.878,-0.807,60.0320788,0.628448854,48317.0588,116.5417199,48317.0588,116.5417199,969.5,
beltzvilleCombined,332,,,,,,,,43.05141772,-2.580117885,64.04127657,62.38374937,96.57434258,-11.00815522,-7.639302859,47.18135499,23.64222062,53.63311576,192.8756726,12.82945358,28.1741502,-24.34804476,2.845556039,1.878,-0.807,51.51520237,0.216629513,48317.0588,116.5417199,48317.0588,116.5417199,969.5,
beltzvilleCombined,333,,,,,,,,-1.674797671,5.21,100,40.45057237,77.81958235,11.16,-44.60050893,36.17333391,100,79.39791121,187.470065,13.10944534,3.74767952,-28.85746869,-0.189241051,1.878,-0.807,0,0,48317.0588,116.5417199,48317.0588,116.5417199,969.5,
beltzvilleCombined,334,,,,,,,,-10.95,5.21,73.37134894,45.46636717,84.55947798,-5.598553807,5.72,24.8594302,20.5440692,100,188.105264,35.61051343,5.266300479,-26.24380907,50.19436297,1.878,-0.807,0,0.00981796,48317.0588,116.5417199,48317.0588,116.5417199,969.5,
beltzvilleCombined,335,,,,,,,,-9.483046262,5.21,91.32729558,61.15718762,67.80097312,4.92985992,1.002012941,18.30519712,98.41638258,98.1817872,202.1314483,-0.5901,63.65822468,-36.86898422,-1.414,1.878,-0.807,28.97589162,0.318733591,48317.0588,116.5417199,48317.0588,116.5417199,969.5,
beltzvilleCombined,336,,,,,,,,43.45236809,-1.594836888,64.03519492,62.37991342,94.20495611,6.664450894,-9.235995764,44.19542995,26.34351801,54.27625257,192.9787229,12.8673979,44.81320449,-25.10834174,11.56956198,1.878,-0.807,56.52987868,0.555409661,48317.0588,116.5417199,48317.0588,116.5417199,969.5,
beltzvilleCombined,337,,,,,,,,43.95185539,-26.59132331,93.82574957,66.92961869,21.45646269,-5.694067786,-8.218923857,60.6698051,24.65551872,70.9642901,171.2409486,82.86057909,39.2693373,-21.79643838,63.21513555,1.878,-0.807,72.94299482,0.489383268,48317.0588,116.5417199,48317.0588,116.5417199,969.5,
beltzvilleCombined,338,,,,,,,,65.21291029,-36.73138607,79.17083307,64.112994,5.484785172,6.306229766,3.645248691,64.12062021,6.571965291,54.3508057,187.4765617,72.61600933,37.8330089,-8.349996,62.54607681,1.878,-0.807,9.403885198,0.00867544,48317.0588,116.5417199,48317.0588,116.5417199,969.5,
beltzvilleCombined,339,,,,,,,,-8.711004184,4.7184939,63.78946392,61.91690437,58.70963734,-14.41,-6.348002279,49.14002409,52.41678658,51.25801728,147.6773945,23.0642508,44.65086336,0.201421002,3.53653413,1.878,-0.807,48.52932838,0.431543248,48317.0588,116.5417199,48317.0588,116.5417199,969.5,
beltzvilleCombined,340,,,,,,,,-1.634694151,3.980672097,74.05211672,62.62159765,70.51844022,3.583671957,-37.41216942,16.72728499,23.8519,95.95026414,176.7636927,28.74648904,10.42098746,-25.98112034,20.88589937,1.878,-0.807,3.799937654,0.027841052,48317.0588,116.5417199,48317.0588,116.5417199,969.5,
beltzvilleCombined,341,,,,,,,,-7.367500322,5.21,87.27196184,60.27271531,70.96029492,4.724430678,-44.87515589,27.44854434,94.05563303,79.12987014,187.4944766,1.067967412,7.269446141,-26.20014209,-1.414,1.878,-0.807,0,0.397012955,48317.0588,116.5417199,48317.0588,116.5417199,969.5,
beltzvilleCombined,342,,,,,,,,-1.5913862,4.15194068,87.04041073,60.72019717,70.10381164,4.326692032,-43.86072463,28.36269538,90.76762826,76.44774978,184.9061924,7.912594354,10.62783351,-26.93747037,-0.003890899,1.878,-0.807,2.079514566,0.123700741,48317.0588,116.5417199,48317.0588,116.5417199,969.5,
beltzvilleCombined,343,,,,,,,,-5.459841371,-22.2842114,75.02255356,70.46892184,61.43303003,8.355809326,-45.21,42.32146147,78.43452573,90.43026103,115.9125944,21.36852765,13.10844225,-37.32712212,51.80558973,1.878,-0.807,78.68199693,0.445818518,48317.0588,116.5417199,48317.0588,116.5417199,969.5,
beltzvilleCombined,344,,,,,,,,6.569936366,-30.44965724,83.40782594,74.49707816,51.66578177,-4.566655223,-42.04732024,44.94180773,81.2756036,96.70731864,116.4005272,24.82424124,4.29566258,-41.99251806,45.28420246,1.878,-0.807,78.77050466,0.736583287,48317.0588,116.5417199,48317.0588,116.5417199,969.5,
beltzvilleCombined,345,,,,,,,,-9.260389279,2.331355331,62.69055351,62.68306906,62.98128805,2.446618242,-21.20931073,24.49328478,11.12960658,77.85872807,169.4216838,-0.5901,53.32161927,-28.09703361,12.99913935,1.878,-0.807,97.625,0.459499766,48317.0588,116.5417199,48317.0588,116.5417199,969.5,
beltzvilleCombined,346,,,,,,,,43.94884669,-19.97857929,87.23631714,53.32501608,20.0282069,-7.640046056,-31.21961479,20.15126352,65.77434637,35.32068775,212.5109826,77.41943709,11.68869541,-9.596354123,36.71458527,1.878,-0.807,89.49865654,0.49688512,48317.0588,116.5417199,48317.0588,116.5417199,969.5,
beltzvilleCombined,347,,,,,,,,-6.474284946,5.21,65.62554259,57.33083048,63.8896794,-4.194250738,-36.58641616,22.93204085,11.22812287,55.75508282,167.9383726,22.10499587,53.74465424,-18.98189702,3.198564873,1.878,-0.807,97.625,0.60633277,48317.0588,116.5417199,48317.0588,116.5417199,969.5,
beltzvilleCombined,348,,,,,,,,-2.63978294,5.06874928,65.9641727,59.07395717,63.77060056,8.544373659,-34.30134694,46.5316585,14.07407731,55.52416248,169.917806,30.43068459,52.32591159,-44.59898245,62.89111911,1.878,-0.807,88.01736626,0.570267879,48317.0588,116.5417199,48317.0588,116.5417199,969.5,
beltzvilleCombined,349,,,,,,,,56.29410673,5.21,62.03381551,60.25757927,100,0.874881055,-1.781569328,39.63401267,23.56223634,37.11346851,122.4635787,84.7844,37.1879011,-47.74231427,7.478597752,1.878,-0.807,68.11596547,0.189601386,48317.0588,116.5417199,48317.0588,116.5417199,969.5,
beltzvilleCombined,350,,,,,,,,-9.276638244,-27.02166267,71.10418721,67.75391182,58.26289066,9.049694715,-15.58119397,13.38419108,0,99.40239739,174.8438262,27.30876091,19.17089231,-42.35891067,5.068672909,1.878,-0.807,16.57087834,0.863350297,48317.0588,116.5417199,48317.0588,116.5417199,969.5,
beltzvilleCombined,351,,,,,,,,-9.557770347,-21.88247244,73.07207646,69.51493358,57.81381945,9.478405642,-40.68915612,42.19767993,65.12011325,64.33652989,226.644028,36.13947083,30.25457966,-10.390466,59.19164059,1.878,-0.807,82.18878668,0.903054475,48317.0588,116.5417199,48317.0588,116.5417199,969.5,
beltzvilleCombined,352,,,,,,,,-10.71285702,-17.62706213,73.00217381,67.56799125,56.39696716,8.312219906,-42.48770155,35.49338924,68.26325231,64.03539352,224.0578704,29.29554528,29.35614685,-13.58039732,55.00853473,1.878,-0.807,82.36167689,0.782404932,48317.0588,116.5417199,48317.0588,116.5417199,969.5,
beltzvilleCombined,353,,,,,,,,-10.91762966,-22.85359788,69.00526356,66.29180327,55.26075637,9.698239312,-45.21,42.12774616,70.81953347,61.01188899,226.9970483,50.16073313,28.66970241,-10.41521841,58.15507705,1.878,-0.807,75.53725414,0.946737423,48317.0588,116.5417199,48317.0588,116.5417199,969.5,
beltzvilleCombined,354,,,,,,,,-5.606648679,4.125040819,69.81378226,61.34286484,67.65515115,-2.650755099,-41.70683911,22.00697291,23.67210427,46.06526194,233.3046856,21.14879245,45.58722566,-43.26854893,9.63936227,1.878,-0.807,97.625,0.527073537,48317.0588,116.5417199,48317.0588,116.5417199,969.5,
beltzvilleCombined,355,,,,,,,,-10.25031421,-16.58213521,70.98944395,68.78810071,58.48154538,6.909295148,-39.02014234,35.04558063,51.1188145,43.01270052,213.023511,36.97134059,35.35874402,-15.8504207,51.98769654,1.878,-0.807,75.0759905,0.836075833,48317.0588,116.5417199,48317.0588,116.5417199,969.5,
beltzvilleCombined,356,,,,,,,,-6.969419542,-3.295445361,70.4558346,62.33372843,62.78784563,-0.681580373,-39.84546671,26.1605156,21.09943281,55.02156124,227.8019876,16.31999876,41.72058116,-33.22730867,17.22320035,1.878,-0.807,84.76026967,0.62451924,48317.0588,116.5417199,48317.0588,116.5417199,969.5,
beltzvilleCombined,357,,,,,,,,-8.060816837,5.21,67.02088578,59.81499166,63.12860132,-2.143800518,-43.17498052,15.1076291,17.70019787,59.74788427,182.123188,81.30268658,60.2654127,-42.52983904,20.18853111,1.878,-0.807,96.9040656,0,48317.0588,116.5417199,48317.0588,116.5417199,969.5,
beltzvilleCombined,358,,,,,,,,-2.421324834,5.21,69.05658649,47.04518493,69.80582869,-11.55193513,-41.22079178,28.65217705,52.43792898,35.43010846,219.3310249,25.36456571,54.83144919,-46.89354375,63.516,1.878,-0.807,91.07827824,0.507677324,48317.0588,116.5417199,48317.0588,116.5417199,969.5,
beltzvilleCombined,359,,,,,,,,-10.95,-20.24926904,73.70601897,63.3262756,50.7094614,9.280921145,-45.21,26.98325109,100,79.84638306,240.9161,57.92368007,28.3622184,-23.80480581,27.76285329,1.878,-0.807,22.45864782,0.957,48317.0588,116.5417199,48317.0588,116.5417199,969.5,
beltzvilleCombined,360,,,,,,,,-1.048303125,1.38509078,69.97498913,60.822086,65.91825542,8.066789731,-42.28383725,40.21039624,21.35784697,48.11130023,187.420628,28.73521906,58.55046084,-42.68077458,20.63603305,1.878,-0.807,79.88103143,0.708407977,48317.0588,116.5417199,48317.0588,116.5417199,969.5,
beltzvilleCombined,361,,,,,,,,-2.877859435,3.613005601,68.29558213,37.28080406,67.50029263,-2.123253362,-38.71117319,19.43148857,19.58370577,51.00032395,170.5043641,10.12991369,44.56974005,-29.53781311,9.261544105,1.878,-0.807,88.36390863,0.555875334,48317.0588,116.5417199,48317.0588,116.5417199,969.5,
beltzvilleCombined,362,,,,,,,,-8.86211723,-20.80521163,74.09339457,67.76773598,57.34722422,9.647105423,-40.50290821,41.14653546,69.93623592,64.33106182,167.3515034,33.35192762,28.74868117,-12.2438026,61.39202574,1.878,-0.807,81.91387551,0.855630537,48317.0588,116.5417199,48317.0588,116.5417199,969.5,
beltzvilleCombined,363,,,,,,,,-3.665631313,5.21,70.22737135,56.96884609,67.79920102,-2.81053143,-28.92138519,20.26903898,23.65446108,56.15011031,171.2770573,10.44577485,51.0307227,-33.18964559,13.67761533,1.878,-0.807,96.42784464,0.445164254,48317.0588,116.5417199,48317.0588,116.5417199,969.5,
beltzvilleCombined,364,,,,,,,,-10.95,-17.07919714,75.23028897,63.93261337,54.22852033,9.106882558,-45.21,27.58777484,96.09234718,32.64252088,240.9161,43.00694044,30.59489294,-19.37370331,63.516,1.878,-0.807,75.56159952,0.884441873,48317.0588,116.5417199,48317.0588,116.5417199,969.5,
beltzvilleCombined,365,,,,,,,,-1.25211941,1.851381015,66.49750687,49.07125284,64.67117144,-2.911988131,-40.69042532,20.06751994,29.62750875,49.4307873,234.8142352,9.578631637,50.47900885,-42.22467681,13.94227098,1.878,-0.807,78.85857462,0.430592982,48317.0588,116.5417199,48317.0588,116.5417199,969.5,
beltzvilleCombined,366,,,,,,,,-10.95,-17.07919714,75.23028897,63.93261337,54.22852033,9.106882558,-45.21,27.58777484,96.09234718,32.64252088,240.9161,43.00694044,30.59489294,-19.37370331,63.516,1.878,-0.807,19.6789265,0.884441873,48317.0588,116.5417199,48317.0588,116.5417199,969.5,
beltzvilleCombined,367,,,,,,,,-2.877859435,3.613005601,68.29558213,61.94324294,67.50029263,-2.123253362,-38.71117319,19.43148857,19.58370577,51.00032395,170.5043641,10.12991369,44.56974005,-37.29168692,9.261544105,1.878,-0.807,88.93697942,0.555875334,48317.0588,116.5417199,48317.0588,116.5417199,969.5,
beltzvilleCombined,368,,,,,,,,-9.135742071,-26.2086164,93.81249764,67.50324511,58.29510012,9.742613316,-16.33003977,13.92161568,0.485239492,97.1598889,175.214205,27.42451388,20.08292346,-42.29234284,5.723606595,1.878,-0.807,19.82895852,0.854353406,48317.0588,116.5417199,48317.0588,116.5417199,969.5,
beltzvilleCombined,369,,,,,,,,-10.81893768,-11.54160317,91.46611585,62.95362579,58.76561131,0.798747756,-32.91979759,17.89926256,53.13011949,82.15482801,240.4052792,56.75058946,31.81899444,-35.45338717,48.69732681,1.878,-0.807,57.87733034,0.49941095,48317.0588,116.5417199,48317.0588,116.5417199,969.5,
beltzvilleCombined,370,,,,,,,,-4.460590177,5.21,73.22216302,40.76637223,70.43097145,4.501500499,-45.21,7.404807649,6.996769725,54.37618725,180.0192289,84.7844,61.16719599,-8.857035095,21.61628147,1.878,-0.807,97.625,0.472835467,48317.0588,116.5417199,48317.0588,116.5417199,969.5,
beltzvilleCombined,371,,,,,,,,-4.754384188,5.21,73.31191552,58.29694913,71.58097358,4.543888417,-45.21,3.237080652,4.502733739,55.74204287,180.12597,84.7844,65.19246405,-42.124434,21.8765389,1.878,-0.807,97.625,0.377757972,48317.0588,116.5417199,48317.0588,116.5417199,969.5,
beltzvilleCombined,372,,,,,,,,15.07110944,-6.409342589,62.27657055,31.32906374,91.88518761,2.058712114,-22.73046899,82.06404686,61.45191887,25.55934485,17.15312116,6.601917633,23.34147034,-11.31469973,37.53222948,1.878,-0.807,5.688799243,0,48317.0588,116.5417199,48317.0588,116.5417199,969.5,
beltzvilleCombined,373,,,,,,,,-9.557770347,-21.88247244,73.07207646,69.51493358,57.81381945,9.478405642,-40.68915612,42.19767993,65.12011325,64.33652989,226.644028,26.71171882,30.25457966,-10.390466,59.19164059,1.878,-0.807,82.18878668,0.903054475,48317.0588,116.5417199,48317.0588,116.5417199,969.5,
beltzvilleCombined,374,,,,,,,,-9.557770347,-21.88247244,73.07207646,69.51493358,57.81381945,-3.908928062,-40.68915612,42.19767993,65.12011325,64.33652989,226.644028,36.13947083,30.25457966,-10.390466,59.19164059,1.878,-0.807,82.18878668,0.686449593,48317.0588,116.5417199,48317.0588,116.5417199,969.5,
beltzvilleCombined,375,,,,,,,,-10.95,-24.87153547,73.39482145,68.1761804,53.83473204,6.163220449,-41.09436005,31.72398242,90.07434454,59.81307029,173.3435943,68.21885783,27.93997526,-32.59940606,61.88292952,1.878,-0.807,49.9263385,0.945804887,48317.0588,116.5417199,48317.0588,116.5417199,969.5,
beltzvilleCombined,376,,,,,,,,-2.079283666,3.338980861,72.85825241,62.16822221,67.51818206,5.175112595,-44.32752241,15.2298428,14.9478763,56.9329983,180.7462817,76.92664512,52.08483005,-37.70954051,31.14708311,1.878,-0.807,97.625,0.565502277,48317.0588,116.5417199,48317.0588,116.5417199,969.5,
beltzvilleCombined,377,,,,,,,,-9.662050703,-16.85723195,67.62664814,66.81284379,56.75614619,9.618200997,-45.21,45.26529829,69.85674047,48.13033002,224.1791504,49.24456291,58.55548367,-40.41881366,55.99026995,1.878,-0.807,71.19065638,0.888303437,48317.0588,116.5417199,48317.0588,116.5417199,969.5,
beltzvilleCombined,378,,,,,,,,-1.25211941,2.764676101,66.49750687,58.36110732,64.67117144,-2.911988131,-40.69042532,20.06751994,29.62750875,94.95873249,169.4785385,9.578631637,50.47900885,-42.22467681,13.94227098,1.878,-0.807,65.07681327,0.430592982,48317.0588,116.5417199,48317.0588,116.5417199,969.5,
beltzvilleCombined,379,,,,,,,,0.064475,4.500741134,64.72424282,58.28723202,63.3733387,-3.032371481,-33.95427468,24.26557104,12.39462982,55.24068279,170.8919163,23.77034841,50.47418864,-44.42036861,12.8292093,1.878,-0.807,93.11687633,0.835847952,48317.0588,116.5417199,48317.0588,116.5417199,969.5,
beltzvilleCombined,380,,,,,,,,-10.71285702,-17.62706213,73.00217381,67.56799125,56.39696716,8.312219906,-42.48770155,35.49338924,68.26325231,64.03539352,224.0578704,29.29554528,29.35614685,-13.58039732,56.53770786,1.878,-0.807,82.36167689,0.782404932,48317.0588,116.5417199,48317.0588,116.5417199,969.5,
beltzvilleCombined,381,,,,,,,,-9.395563871,-26.80721299,71.00597094,67.56980872,57.85956136,-8.921033074,-15.98575476,13.89109702,0,97.58395395,172.6262337,27.44368293,19.91192114,-42.25462516,5.526416259,1.878,-0.807,18.59415621,0.746583202,48317.0588,116.5417199,48317.0588,116.5417199,969.5,
beltzvilleCombined,382,,,,,,,,54.68604722,-27.57397027,61.96525262,79.24,68.73440428,10.94466201,-4.236938296,59.35322723,75.79986275,76.95215916,64.92154154,49.17409155,40.19972733,-0.710877697,63.516,1.878,-0.807,20.97681647,0.606949173,48317.0588,116.5417199,48317.0588,116.5417199,969.5,
beltzvilleCombined,383,,,,,,,,5.303469514,-28.3466498,81.82290424,79.24,61.96079263,10.25136151,-42.49060944,38.12351746,57.99353656,51.57785756,237.0315483,23.2408205,5.017089769,-14.45145825,42.60812266,1.878,-0.807,39.68951502,0.957,48317.0588,116.5417199,48317.0588,116.5417199,969.5,
beltzvilleCombined,384,,,,,,,,-5.860133105,5.21,70.1630974,59.04882425,65.11712281,1.983574793,-44.11403189,24.31361849,25.20555962,55.68966631,178.8281611,11.69577195,52.24186657,-38.59203756,17.08618943,1.878,-0.807,97.625,0.480929063,48317.0588,116.5417199,48317.0588,116.5417199,969.5,
beltzvilleCombined,385,,,,,,,,-3.00614913,0.469330127,71.16229678,60.68319459,58.84624877,-6.258696191,-44.10974117,26.29143939,26.49386772,43.49349107,230.3314567,26.42040763,45.25503277,-42.43412449,21.86618734,1.878,-0.807,93.67966213,0.559226485,48317.0588,116.5417199,48317.0588,116.5417199,969.5,
beltzvilleCombined,386,,,,,,,,-4.359445471,5.21,67.51210912,39.39799037,46.51399594,-14.41,-12.94728341,25.47399898,38.75901652,33.35706628,120.6258289,24.42167854,59.01639075,-52.3545,-0.769933149,1.878,-0.807,88.77066095,0.472983546,48317.0588,116.5417199,48317.0588,116.5417199,969.5,
beltzvilleCombined,387,,,,,,,,-3.719243945,4.99140206,70.93554323,59.76846576,69.89224604,6.590296365,-45.00032305,10.37760814,14.35275989,56.4750112,178.5243607,84.2905585,60.33746842,-38.35964841,28.89373234,1.878,-0.807,97.45340011,0.55338744,48317.0588,116.5417199,48317.0588,116.5417199,969.5,
beltzvilleCombined,388,,,,,,,,-4.56515825,4.433652023,69.05172572,61.62013138,67.86633635,-2.811597811,-41.43494732,20.6856937,24.42766667,47.5031262,230.3140239,20.02437006,47.84152972,-42.41503543,9.161271246,1.878,-0.807,96.65541108,0.495595328,48317.0588,116.5417199,48317.0588,116.5417199,969.5,
beltzvilleCombined,389,,,,,,,,0.570920476,-35.93443395,78.67924604,62.1597731,42.70269448,11.16,-45.21,59.65881019,100,52.66586923,232.8884244,29.35011118,12.88479047,-20.7865178,63.516,1.878,-0.807,83.89919929,0,48317.0588,116.5417199,48317.0588,116.5417199,969.5,
beltzvilleCombined,390,,,,,,,,-1.978486121,2.82367573,69.35869202,3.318272413,66.77837575,7.347766364,-43.36097711,40.46785346,19.31438259,47.34377001,187.550199,31.50849814,8.25667566,-50.30644254,60.6392701,1.878,-0.807,80.43356732,0.714135468,48317.0588,116.5417199,48317.0588,116.5417199,969.5,
beltzvilleCombined,391,,,,,,,,-3.048578959,4.560927485,74.09047064,60.00901205,70.04444309,4.514533233,-45.21,6.741724828,5.45011004,55.82376209,179.9285722,84.7844,59.48224555,-41.11895565,19.42020335,1.878,-0.807,97.625,0.433821551,48317.0588,116.5417199,48317.0588,116.5417199,969.5,
beltzvilleCombined,392,,,,,,,,-7.618605613,2.362825847,65.11198229,59.15957475,63.37093965,-5.636044425,-36.85441377,24.17850626,22.5334418,69.52236113,173.4116033,31.09404045,50.44094192,-44.5732064,14.38158951,1.878,-0.807,93.18327662,0.621446613,48317.0588,116.5417199,48317.0588,116.5417199,969.5,
beltzvilleCombined,393,,,,,,,,-2.891785209,5.21,68.95482218,46.02772243,70.06440985,-11.99084363,-3.558407644,27.9402605,51.62961181,0,228.9509075,25.16346161,2.774482308,-47.69189896,3.055828881,1.878,-0.807,94.71411749,0.469756919,48317.0588,116.5417199,48317.0588,116.5417199,969.5,
beltzvilleCombined,394,,,,,,,,-2.667394547,3.76419045,72.38665506,41.052621,73.50226608,-9.046714526,-39.07852827,33.29172903,42.48151101,43.66332889,213.6119175,32.41286125,54.7726035,-46.99491019,60.30225373,1.878,-0.807,87.30598286,0.456681404,48317.0588,116.5417199,48317.0588,116.5417199,969.5,
beltzvilleCombined,395,,,,,,,,-3.466413016,5.21,72.62936776,58.21880683,70.83585149,4.386400705,-45.21,7.080732672,4.833426903,55.84559389,177.0727597,84.7844,63.42239008,-41.19265945,21.77831437,1.878,-0.807,97.625,0.441844004,48317.0588,116.5417199,48317.0588,116.5417199,969.5,
beltzvilleCombined,396,,,,,,,,-0.327840617,0.38744869,74.20236961,61.3576088,65.38914319,5.034250034,-43.14793253,16.90880728,22.72923807,54.96849513,185.57456,83.78050301,59.4571416,-30.52024209,36.28818584,1.878,-0.807,92.00600393,0.711547214,48317.0588,116.5417199,48317.0588,116.5417199,969.5,
beltzvilleCombined,397,,,,,,,,-5.383666355,5.21,70.12289299,57.15667134,64.29474696,-2.810664273,-45.21,55.7356267,16.63431616,52.3163531,169.0673979,15.54178506,51.05205512,-44.94224759,9.206856083,1.878,-0.807,88.94849743,0.029200309,48317.0588,116.5417199,48317.0588,116.5417199,969.5,
beltzvilleCombined,398,,,,,,,,-1.048303125,1.38509078,69.97498913,60.822086,65.62548844,8.066789731,-42.27965592,40.21039624,21.35784697,48.09072034,238.4887582,23.44424662,6.804159863,-49.71334104,61.76050487,1.878,-0.807,80.24847717,0.705789073,48317.0588,116.5417199,48317.0588,116.5417199,969.5,
beltzvilleCombined,399,,,,,,,,-10.95,-19.60950404,72.58872126,66.8670748,51.8840365,6.451463796,-41.13032658,40.8150575,75.57034305,75.23419799,230.6303218,-0.271103478,24.83702288,-22.51920803,44.38958879,1.878,-0.807,97.16843026,0.957,48317.0588,116.5417199,48317.0588,116.5417199,969.5,
beltzvilleCombined,400,,,,,,,,-5.675457112,-4.365763605,70.89936462,63.00724702,61.22078757,1.582088404,-42.15588295,27.64886818,28.83766956,57.07877835,234.1978888,19.90386442,41.51678518,-41.95292621,22.86528766,1.878,-0.807,91.31888251,0.715276693,48317.0588,116.5417199,48317.0588,116.5417199,969.5,
beltzvilleCombined,401,,,,,,,,-10.41605795,-15.91293126,77.62244597,66.48297827,55.02439521,8.751093495,-45.21,30.09516525,100,81.17872775,240.9161,44.9475826,30.8277889,-36.03217522,63.516,1.878,-0.807,97.625,0.916226309,48317.0588,116.5417199,48317.0588,116.5417199,969.5,
beltzvilleCombined,402,,,,,,,,-9.99832764,-16.99371029,70.8348183,69.45523337,58.75134281,7.302341606,-38.87086468,36.59873324,54.59905132,40.23112267,215.8204363,36.780917,35.56765731,-13.10565424,58.32300751,1.878,-0.807,74.98153121,0.510594467,48317.0588,116.5417199,48317.0588,116.5417199,969.5,
beltzvilleCombined,403,,,,,,,,-5.818816372,-22.11336814,75.26287317,70.28471448,61.09258392,8.570760829,-45.21,43.9407069,78.49352406,86.34865068,115.320739,25.93089292,12.30387009,-34.3072026,51.65415579,1.878,-0.807,80.03277173,0.513350564,48317.0588,116.5417199,48317.0588,116.5417199,969.5,
beltzvilleCombined,404,,,,,,,,-10.95,5.21,63.66823701,61.02530814,65.41163781,-0.514411667,-45.21,20.90932367,19.65153267,54.44000101,188.74438,84.73206237,63.31614931,-23.42059339,24.46006495,1.878,-0.807,97.625,0.625458817,48317.0588,116.5417199,48317.0588,116.5417199,969.5,
beltzvilleCombined,405,,,,,,,,-9.513620615,-21.3047089,73.04727812,69.25795693,57.99821848,9.105242031,-40.5664127,41.80885894,64.90313862,64.02361651,225.9441628,26.56078341,30.47407673,-11.01994277,58.22503273,1.878,-0.807,82.45547882,0.896587613,48317.0588,116.5417199,48317.0588,116.5417199,969.5,
beltzvilleCombined,406,,,,,,,,-5.846211059,-22.06716912,74.66573526,70.45746843,60.90280681,8.406240681,-45.0427862,43.67116275,78.10673997,83.62769151,115.9517204,27.73193856,12.85259014,-33.79868722,51.52623751,1.878,-0.807,80.04096327,0.536042539,48317.0588,116.5417199,48317.0588,116.5417199,969.5,
beltzvilleCombined,407,,,,,,,,37.06331636,-12.97189265,62.91477456,47.77772002,100,6.005504399,-0.07568939,48.52008364,14.34056128,50.70281032,179.3864995,20.04654411,55.23597181,-44.63285932,41.97783299,1.878,-0.807,58.92059688,0.270787144,48317.0588,116.5417199,48317.0588,116.5417199,969.5,
beltzvilleCombined,408,,,,,,,,-6.314750156,5.21,63.7244082,45.27936989,51.25745111,-10.86422345,-36.98277108,24.1505569,41.05781949,37.59904177,223.1410181,24.09600878,61.76315987,-50.43578297,1.683467737,1.878,-0.807,93.39221576,0.351739339,48317.0588,116.5417199,48317.0588,116.5417199,969.5,
beltzvilleCombined,409,,,,,,,,53.30999004,-27.43618191,61.87236581,79.24,68.75970966,10.73082787,-4.539277879,58.53655876,76.72445755,78.25743219,181.3466352,47.28994233,7.164858913,-0.49316791,63.29431644,1.878,-0.807,22.92456406,0.638360348,48317.0588,116.5417199,48317.0588,116.5417199,969.5,
beltzvilleCombined,410,,,,,,,,-3.270487686,5.21,72.22908906,60.07031371,70.24059382,4.959784627,-44.63983187,6.303891333,3.866213126,56.51822957,179.7715753,84.44496586,63.33670249,-42.33564316,20.17125405,1.878,-0.807,96.06496027,0.086096874,48317.0588,116.5417199,48317.0588,116.5417199,969.5,
beltzvilleCombined,411,,,,,,,,-1.071743539,1.61966488,71.09744127,61.44029552,63.42893997,-2.209355453,-40.41073288,24.26386584,23.63225046,55.05312515,187.7857573,66.37892628,52.08407546,-44.373065,20.74270854,1.878,-0.807,94.94568248,0.842421706,48317.0588,116.5417199,48317.0588,116.5417199,969.5,
beltzvilleCombined,412,,,,,,,,-1.94834877,4.174424034,71.39274322,62.00366658,68.08202483,4.911498863,-45.17793771,15.58148961,12.76494046,55.58843187,178.0994373,77.45317152,53.40209894,-37.71665029,19.91488453,1.878,-0.807,97.43859549,0.595693327,48317.0588,116.5417199,48317.0588,116.5417199,969.5,
beltzvilleCombined,413,,,,,,,,-2.381505068,5.16534646,97.39461421,62.26325263,69.08129289,-14.33441288,-40.68253261,16.95233409,72.83845197,60.65206508,188.8942184,78.20674683,45.30320265,-43.08101965,19.19754441,1.878,-0.807,87.24673652,0.776472694,48317.0588,116.5417199,48317.0588,116.5417199,969.5,
beltzvilleCombined,414,,,,,,,,-3.616398746,5.21,66.99557046,63.4295929,65.46804094,-0.629723511,-36.90851057,24.44633691,25.42877456,52.52300013,223.2139826,12.1557835,45.68665038,-32.64233155,15.23627445,1.878,-0.807,97.625,0.451139891,48317.0588,116.5417199,48317.0588,116.5417199,969.5,
beltzvilleCombined,415,,,,,,,,-0.272145829,3.958648681,65.61556345,58.57781817,63.47136226,-2.705667079,-34.02482562,24.76750047,15.37290723,56.30019946,171.5777776,24.60595206,49.80890483,-44.57635943,13.68440407,1.878,-0.807,91.2993117,0.79787488,48317.0588,116.5417199,48317.0588,116.5417199,969.5,
beltzvilleCombined,416,,,,,,,,4.173441039,5.21,69.88464525,57.91530137,67.07340584,-8.809989339,-38.02942342,14.62265914,85.66139387,65.72886307,186.1316334,79.43341436,57.27044673,-48.94629432,15.49404282,1.878,-0.807,87.24333755,0.736972551,48317.0588,116.5417199,48317.0588,116.5417199,969.5,
beltzvilleCombined,417,,,,,,,,-10.36907019,-9.010089518,95.87810617,64.18196001,58.97348362,-0.469367524,-35.11308438,21.04189448,87.67831567,87.14389732,238.7749089,59.40333978,41.21687948,-46.81161905,52.0360045,1.878,-0.807,54.19618293,0.061660657,48317.0588,116.5417199,48317.0588,116.5417199,969.5,
beltzvilleCombined,418,,,,,,,,-6.865460593,-18.59274041,73.90017767,69.0763941,59.60540767,5.019263717,-36.99924546,33.24068178,80.11880967,72.78947756,219.7252773,33.03384998,22.16727725,-20.47073654,43.27120579,1.878,-0.807,90.36225507,0.865658683,48317.0588,116.5417199,48317.0588,116.5417199,969.5,
beltzvilleCombined,419,,,,,,,,-10.95,-20.51600921,75.68546919,66.25000599,52.56581142,11.16,-45.21,36.33118403,82.2629748,80.37445372,239.1299316,36.93262345,21.34504571,-23.26183339,59.27864152,1.878,-0.807,97.42336631,0.951980376,48317.0588,116.5417199,48317.0588,116.5417199,969.5,
beltzvilleCombined,420,,,,,,,,-1.261628605,3.645395616,71.09579736,59.5099302,63.17588842,-2.383385108,-43.41995967,19.68795837,70.77500238,46.78712317,186.4979222,84.7844,53.74112938,-42.93972649,19.25967567,1.878,-0.807,89.38084924,0.635188907,48317.0588,116.5417199,48317.0588,116.5417199,969.5,
beltzvilleCombined,421,,,,,,,,10.15728041,-28.42644126,82.60067187,72.52520803,48.19832901,4.581262485,-38.70781584,48.34532782,87.48910235,95.92482132,111.4857102,32.55297339,-1.127046815,-46.81530263,40.99021701,1.878,-0.807,88.91217414,0.261444193,48317.0588,116.5417199,48317.0588,116.5417199,969.5,
beltzvilleCombined,422,,,,,,,,-10.95,-22.87178262,71.08757067,69.8233914,59.64379915,6.9949942,-13.1743326,11.73461984,0,97.89676115,169.1031491,28.97377178,16.8046198,-43.40827374,3.931563591,1.878,-0.807,0,0.774758764,48317.0588,116.5417199,48317.0588,116.5417199,969.5,
beltzvilleCombined,423,,,,,,,,-1.894777288,4.98596925,64.14465202,58.05224451,63.80497653,-1.175120097,-37.92856645,23.38375264,10.9979654,54.77373764,167.8184523,26.80862175,49.25610136,-43.40943213,13.84847205,1.878,-0.807,91.70530148,0.90096453,48317.0588,116.5417199,48317.0588,116.5417199,969.5,
beltzvilleCombined,424,,,,,,,,7.2075893,-31.72711654,81.84728564,75.61613913,54.01401682,10.93106648,-38.11109788,31.99946294,94.19158684,50.66221075,239.4607713,21.56007103,4.133603897,-19.31130726,42.05922953,1.878,-0.807,83.4264057,0.327015325,48317.0588,116.5417199,48317.0588,116.5417199,969.5,
beltzvilleCombined,425,,,,,,,,-10.95,-33.29948754,72.73896755,67.24610831,49.54222975,11.16,-7.916377326,11.87587795,0,100,162.2373517,30.53628275,18.92478244,-49.96052273,2.776298612,1.878,-0.807,14.34092434,0.687741314,48317.0588,116.5417199,48317.0588,116.5417199,969.5,
beltzvilleCombined,426,,,,,,,,10.91619396,-18.00595105,62.28130268,24.92440746,80.54875477,-7.104652636,-2.90641882,82.93473763,58.11972297,51.53747628,6.280615715,11.1778614,10.47512694,-24.64089057,-1.414,1.878,-0.807,0,0.136467315,48317.0588,116.5417199,48317.0588,116.5417199,969.5,
beltzvilleCombined,427,,,,,,,,1.540117231,5.21,69.95595464,53.27352955,66.10486682,-4.423242492,-40.70062594,27.2569535,66.40526099,38.12567847,183.4796871,70.79845996,55.42267641,-40.60540434,21.0637885,1.878,-0.807,86.88761974,0.574185904,48317.0588,116.5417199,48317.0588,116.5417199,969.5,
beltzvilleCombined,428,,,,,,,,-4.005708442,4.355350007,69.27533469,61.21866906,68.35610861,-0.073230318,-45.21,7.613227764,26.86908471,60.96111462,183.7834097,78.51440412,35.25335222,-33.99573961,21.71272861,1.878,-0.807,85.7004834,0.606799211,48317.0588,116.5417199,48317.0588,116.5417199,969.5,
beltzvilleCombined,429,,,,,,,,-9.58478349,5.21,65.8389013,54.88829196,62.87870733,-6.570773357,-43.85368008,20.27810573,20.1180826,58.05369864,156.8672184,9.545406747,51.31169897,-51.05791428,6.034351144,1.878,-0.807,90.55470863,0.125288163,48317.0588,116.5417199,48317.0588,116.5417199,969.5,
beltzvilleCombined,430,,,,,,,,-10.95,-11.1553143,91.58496769,64.22144951,58.63205865,3.37073508,-34.94156408,17.41628272,84.64136142,87.72723559,235.3609639,58.86005098,61.43839879,-37.01066512,46.99516067,1.878,-0.807,61.855471,0.47526572,48317.0588,116.5417199,48317.0588,116.5417199,969.5,
beltzvilleCombined,431,,,,,,,,-2.607296422,4.16780339,72.42270075,60.0753655,66.97446491,5.581307569,-45.21,9.897390084,13.16803317,58.77501136,182.3652181,83.36803383,57.18861692,-38.95926553,21.15724383,1.878,-0.807,97.39249149,0.557444633,48317.0588,116.5417199,48317.0588,116.5417199,969.5,
beltzvilleCombined,432,,,,,,,,-9.602369459,1.564946475,63.12268182,61.50881244,62.70988899,2.05835035,-22.30786236,24.97659854,65.96503914,1.34695808,173.3739182,0.806863847,51.78795046,-28.91889171,14.69610798,1.878,-0.807,97.625,0.490639986,48317.0588,116.5417199,48317.0588,116.5417199,969.5,
beltzvilleCombined,433,,,,,,,,-8.834613733,-3.52851682,70.10319072,62.64604345,63.7137815,-0.115219727,-40.83430653,29.05258388,89.49050706,83.6756653,233.4179808,23.31747283,53.56240281,-42.300828,13.83355354,1.878,-0.807,90.61433889,0.93044725,48317.0588,116.5417199,48317.0588,116.5417199,969.5,
beltzvilleCombined,434,,,,,,,,-5.459841371,-31.85308305,75.02255356,70.46892184,49.0478879,8.355809326,-45.21,42.32146147,78.43452573,90.43026103,115.9125944,21.36852765,13.10844225,-37.32712212,51.80558973,1.878,-0.807,78.68199693,0.445818518,48317.0588,116.5417199,48317.0588,116.5417199,969.5,
beltzvilleCombined,435,,,,,,,,-4.974285709,5.21,87.52135144,58.38985475,64.83447581,-3.942214061,-37.31240759,24.46078941,13.89166218,55.3229798,168.8873142,22.94413139,51.75652471,-44.69208653,10.7263432,1.878,-0.807,96.94556366,0.604927634,48317.0588,116.5417199,48317.0588,116.5417199,969.5,
beltzvilleCombined,436,,,,,,,,-1.448892976,2.449054028,70.77659254,59.80600868,63.09379633,-1.950060298,-0.847867778,20.20984906,68.30668417,47.92215244,187.4817552,79.91350451,52.19964457,-35.60674195,59.69479526,1.878,-0.807,85.94032719,0.655569212,48317.0588,116.5417199,48317.0588,116.5417199,969.5,
beltzvilleCombined,437,,,,,,,,-10.41605795,-15.91293126,77.62244597,66.48297827,55.02439521,8.751093495,-45.21,30.09516525,100,81.17872775,240.9161,44.9475826,48.93784635,-36.03217522,63.516,1.878,-0.807,97.625,0.916226309,48317.0588,116.5417199,48317.0588,116.5417199,969.5,
beltzvilleCombined,438,,,,,,,,-5.575216806,-22.93255883,75.41287703,70.71696709,52.0558315,8.181230709,-45.21,42.8855748,81.57780259,89.19603841,110.3539774,22.70643676,12.48136819,-38.84003197,50.38588411,1.878,-0.807,77.75177683,0.454880726,48317.0588,116.5417199,48317.0588,116.5417199,969.5,
beltzvilleCombined,439,,,,,,,,-9.276638244,-27.02166267,71.10418721,67.75391182,58.26289066,9.049694715,-15.58119397,13.38419108,0,99.40239739,174.8438262,40.92205191,19.17089231,-42.35891067,5.068672909,1.878,-0.807,16.57087834,0.863350297,48317.0588,116.5417199,48317.0588,116.5417199,969.5,
beltzvilleCombined,440,,,,,,,,0.570920476,-35.93443395,78.67924604,62.1597731,42.70269448,11.16,-45.21,59.65881019,100,52.66586923,232.8884244,57.94632624,12.88479047,-20.7865178,63.516,1.878,-0.807,80.65761764,0,48317.0588,116.5417199,48317.0588,116.5417199,969.5,
beltzvilleCombined,441,,,,,,,,-8.121234742,-21.25661388,74.86962862,68.53159425,57.19644766,8.623556805,-43.2382639,31.53713338,74.96986751,71.19156066,230.2851123,41.38460728,25.05293479,-31.92751965,57.23799108,1.878,-0.807,87.90315369,0.923031171,48317.0588,116.5417199,48317.0588,116.5417199,969.5,
beltzvilleCombined,442,,,,,,,,51.84683452,-29.65615684,63.32188454,78.69749195,65.32918547,7.656868349,-1.763203784,60.77849341,72.21268783,78.3365405,181.3767044,49.72529663,15.43905776,-0.993872495,57.82053247,1.878,-0.807,20.72057357,0.20868017,48317.0588,116.5417199,48317.0588,116.5417199,969.5,
beltzvilleCombined,443,,,,,,,,-3.665631313,5.21,70.22737135,56.96884609,67.79920102,-2.81053143,-28.92138519,20.26903898,23.65446108,56.15011031,171.2770573,10.44577485,51.0307227,-40.81159565,13.67761533,1.878,-0.807,96.42784464,0.445164254,48317.0588,116.5417199,48317.0588,116.5417199,969.5,
beltzvilleCombined,444,,,,,,,,-5.698765378,5.21,69.60606425,56.43542233,63.79804013,-4.165477073,-45.21,55.07314122,31.68231515,55.60038381,167.8045416,17.17458786,51.15326654,-45.76801035,8.4122095,1.878,-0.807,92.31714732,0.782470266,48317.0588,116.5417199,48317.0588,116.5417199,969.5,
beltzvilleCombined,445,,,,,,,,-9.513620615,-21.3047089,73.04727812,69.25795693,57.99821848,9.105242031,-40.5664127,41.80885894,64.90313862,64.02361651,225.9441628,26.56078341,30.47407673,-11.01994277,58.22503273,1.878,-0.807,20.73211904,0.896587613,48317.0588,116.5417199,48317.0588,116.5417199,969.5,
beltzvilleCombined,446,,,,,,,,12.3126059,-16.91389977,61.6920794,24.18251437,81.30251121,-4.972382021,-2.601178145,82.4590123,57.65151573,50.43435857,4.899713536,10.85582484,12.7716256,-24.21728377,-0.810680304,1.878,-0.807,1.13906546,0.084652158,48317.0588,116.5417199,48317.0588,116.5417199,969.5,
beltzvilleCombined,447,,,,,,,,-10.95,-19.60950404,72.58872126,66.8670748,51.8840365,6.451463796,-41.13032658,40.8150575,75.57034305,75.23419799,230.6303218,-0.271103478,24.83702288,-22.51920803,53.99506671,1.878,-0.807,97.16843026,0.957,48317.0588,116.5417199,48317.0588,116.5417199,969.5,
beltzvilleCombined,448,,,,,,,,8.077597776,-35.6345699,82.24078943,74.80204857,53.27571163,-3.51737925,-36.05288039,46.79095533,75.41774515,93.45334426,120.3606692,27.99933066,1.766720488,-42.58986629,47.89642288,1.878,-0.807,88.59931966,0.05514136,48317.0588,116.5417199,48317.0588,116.5417199,969.5,
beltzvilleCombined,449,,,,,,,,-8.370396397,-18.82892373,73.14509811,68.26913627,56.75167442,8.331976388,-41.97370605,38.1506962,65.78550959,62.48268268,221.4516072,30.48214324,29.95714696,-23.47763753,57.83265165,1.878,-0.807,81.40875397,0.795436737,48317.0588,116.5417199,48317.0588,116.5417199,969.5,
beltzvilleCombined,450,,,,,,,,-3.8211429,-25.53356011,75.64570915,74.1903221,50.81436975,9.976963192,-44.49180886,42.86661066,98.36181148,64.49036651,239.5114039,14.81154851,7.136620579,-14.86761,57.99169076,1.878,-0.807,16.7866166,0.94492619,48317.0588,116.5417199,48317.0588,116.5417199,969.5,
beltzvilleCombined,451,,,,,,,,-1.690617207,3.410921312,67.12937241,61.48174291,65.85712224,-2.550018466,-43.37322071,20.55877667,36.41746972,51.05090546,159.1282359,7.631330685,54.79605809,-43.08821538,9.716477094,1.878,-0.807,74.40456849,0.621191248,48317.0588,116.5417199,48317.0588,116.5417199,969.5,
beltzvilleCombined,452,,,,,,,,-10.83269391,-27.71126406,74.59523843,71.8112311,56.21919999,10.61435844,-26.4988614,22.93293681,29.55625538,72.17584987,161.4712998,23.16144282,18.25243542,-23.49825814,10.65638615,1.878,-0.807,37.55477783,0.545035188,48317.0588,116.5417199,48317.0588,116.5417199,969.5,
beltzvilleCombined,453,,,,,,,,41.47125229,-24.62059029,94.65201019,52.79947232,13.37646691,2.886072535,-4.179337225,7.456397469,61.64284047,41.35646562,221.2636074,84.7844,11.88680866,-19.12711312,44.11799493,1.878,-0.807,89.00540816,0.892150065,48317.0588,116.5417199,48317.0588,116.5417199,969.5,
beltzvilleCombined,454,,,,,,,,-2.064910941,5.21,69.42793029,56.97823443,68.57742341,-1.921111485,-40.80418382,19.10616572,23.775372,57.356649,172.1915907,9.42683739,50.16073665,-5.039230036,13.20615212,1.878,-0.807,95.50966333,0.460708895,48317.0588,116.5417199,48317.0588,116.5417199,969.5,
beltzvilleCombined,455,,,,,,,,-10.95,-25.47554874,73.2690399,71.55491781,57.49801878,9.3558142,-38.9626665,38.51662832,91.52166398,87.37779835,225.1126138,41.65103536,19.52804406,-23.34785675,51.54419704,1.878,-0.807,89.55873704,0.051138465,48317.0588,116.5417199,48317.0588,116.5417199,969.5,
beltzvilleCombined,456,,,,,,,,-9.276638244,-27.02166267,71.10418721,67.75391182,53.92793767,9.049694715,-15.58119397,13.38419108,0,99.40239739,174.8438262,27.30876091,19.17089231,-42.35891067,5.068672909,1.878,-0.807,16.57087834,0.863350297,48317.0588,116.5417199,48317.0588,116.5417199,969.5,
beltzvilleCombined,457,,,,,,,,-2.891785209,5.21,68.95482218,46.02772243,70.06440985,-11.99084363,-3.558407644,27.9402605,51.62961181,0,228.9509075,25.16346161,2.774482308,-47.69189896,3.055828881,1.878,-0.807,94.71411749,0.887048146,48317.0588,116.5417199,48317.0588,116.5417199,969.5,
beltzvilleCombined,458,,,,,,,,-7.685567561,-0.967992228,70.27184593,62.61335186,65.31788213,-0.813730153,-22.33889896,25.85013959,16.98938461,84.68732861,236.4966718,36.02076928,48.46941035,-43.24646485,16.78620985,1.878,-0.807,90.47229476,0.117714701,48317.0588,116.5417199,48317.0588,116.5417199,969.5,
beltzvilleCombined,459,,,,,,,,-8.86211723,-20.80521163,74.09339457,67.76773598,57.34722422,9.647105423,-40.50290821,41.14653546,69.93623592,64.33106182,167.3515034,37.86327244,28.74868117,-12.2438026,61.39202574,1.878,-0.807,81.91387551,0.855630537,48317.0588,116.5417199,48317.0588,116.5417199,969.5,
beltzvilleCombined,460,,,,,,,,5.303469514,-28.3466498,81.82290424,79.24,61.96079263,10.25136151,-42.49060944,38.12351746,57.99353656,51.57785756,237.0315483,23.2408205,5.017089769,-14.45145825,42.60812266,1.878,-0.807,39.68951502,0.680215254,48317.0588,116.5417199,48317.0588,116.5417199,969.5,
beltzvilleCombined,461,,,,,,,,-6.540288461,5.21,69.67830575,61.29870249,54.14891804,10.88703303,-40.18337658,16.35800506,48.06154476,53.82810569,168.8978793,31.29394592,32.67177676,-23.11682141,39.6849619,1.878,-0.807,7.805676447,0.76327153,48317.0588,116.5417199,48317.0588,116.5417199,969.5,
beltzvilleCombined,462,,,,,,,,-3.085533399,5.21,63.45783868,62.13055487,58.33531292,11.16,5.72,20.06023427,27.51883597,83.34926266,160.7536837,15.5657418,10.92546473,-44.6952387,9.758216452,1.878,-0.807,47.78676291,0.474580028,48317.0588,116.5417199,48317.0588,116.5417199,969.5,
beltzvilleCombined,463,,,,,,,,-10.16741711,-16.7626092,71.57130054,70.00309241,60.06762511,7.578277475,-39.46598557,38.06258772,53.12655086,61.53600971,217.3668332,38.12326804,39.65221402,-11.00306489,59.11592326,1.878,-0.807,68.10082323,0.378603202,48317.0588,116.5417199,48317.0588,116.5417199,969.5,
beltzvilleCombined,464,,,,,,,,-3.373714927,5.21,73.32062676,63.34399869,74.64351157,6.3777255,-45.07948533,5.914783657,5.687406472,61.92738013,181.3953551,80.66305181,53.76727174,-33.4710757,12.83759248,1.878,-0.807,97.625,0.667317245,48317.0588,116.5417199,48317.0588,116.5417199,969.5,
beltzvilleCombined,465,,,,,,,,-7.205755392,5.21,63.35708597,60.2535301,63.72159375,1.441369948,-40.35499928,15.54916807,12.18343139,54.92958446,167.6317454,20.35254834,54.06967208,-52.3545,4.566419942,1.878,-0.807,95.53431301,0.618596573,48317.0588,116.5417199,48317.0588,116.5417199,969.5,
beltzvilleCombined,466,,,,,,,,-2.411680329,5.032134431,97.27721283,59.05872776,68.99972075,-14.29173461,-40.64197979,16.81823418,74.3943121,62.32460886,189.1425651,77.90084948,52.70762962,-42.93334596,18.11798386,1.878,-0.807,90.21903323,0.776858457,48317.0588,116.5417199,48317.0588,116.5417199,969.5,
beltzvilleCombined,467,,,,,,,,-9.223298816,-28.1383857,93.62084554,68.11777159,57.4400432,10.3959655,-15.20419682,14.1569161,0,97.23645468,173.6496437,26.66253914,18.963287,-42.39273911,3.746363344,1.878,-0.807,15.23479401,0.870670845,48317.0588,116.5417199,48317.0588,116.5417199,969.5,
beltzvilleCombined,468,,,,,,,,-9.734675877,-22.47179343,72.66998557,69.71943746,57.48455552,-4.687747446,-40.94552812,43.35828668,65.71872075,64.321634,227.2054739,34.80316608,29.48024388,-9.318818002,60.49349683,1.878,-0.807,82.72035107,0.688713406,48317.0588,116.5417199,48317.0588,116.5417199,969.5,
beltzvilleCombined,469,,,,,,,,-3.988432857,5.21,63.6089211,60.46229425,63.9986524,-4.942801392,-38.48492243,23.4579543,13.2638358,56.13546664,117.6764458,26.83177944,50.26561409,-20.98705817,4.50412211,1.878,-0.807,97.625,0.660427403,48317.0588,116.5417199,48317.0588,116.5417199,969.5,
beltzvilleCombined,470,,,,,,,,-4.883101401,5.21,70.14363276,60.48560842,71.28874443,6.91445694,-45.21,8.345288766,12.00979335,56.38915858,176.8499932,84.7844,63.86670474,-39.29452964,28.6881591,1.878,-0.807,97.625,0.553318944,48317.0588,116.5417199,48317.0588,116.5417199,969.5,
beltzvilleCombined,471,,,,,,,,-4.470884311,5.21,70.63554822,60.22287406,70.0126635,6.505459414,-45.21,8.910846469,13.97395405,56.55521671,179.2199192,84.7844,62.29142958,-38.94780822,28.79106975,1.878,-0.807,97.625,0.547849416,48317.0588,116.5417199,48317.0588,116.5417199,969.5,
beltzvilleCombined,472,,,,,,,,-5.522296194,-22.93218951,75.30985643,71.15191626,61.84369641,7.44744983,-45.21,43.16344227,81.16499501,89.98334751,109.6985131,22.9481371,12.94392183,-39.82801664,50.12038765,1.878,-0.807,77.82661318,0.437987646,48317.0588,116.5417199,48317.0588,116.5417199,969.5,
beltzvilleCombined,473,,,,,,,,-1.076364216,2.154655979,66.06055526,58.22845583,64.79766672,-3.032456088,-40.79453471,19.99271728,28.66996439,49.00357159,235.225201,8.972815668,50.74980313,-42.32793856,16.15573334,1.878,-0.807,50.51990239,0.428746396,48317.0588,116.5417199,48317.0588,116.5417199,969.5,
beltzvilleCombined,474,,,,,,,,-4.056990207,5.21,72.08375899,37.44609618,71.63470374,4.200579355,-45.21,4.978895499,8.213824228,79.21623365,179.3933186,84.7844,63.18294219,-5.563853393,18.08241484,1.878,-0.807,97.625,0.425369373,48317.0588,116.5417199,48317.0588,116.5417199,969.5,
beltzvilleCombined,475,,,,,,,,-2.457508702,4.759353703,64.12597626,57.92602757,63.45187048,-1.131873383,-37.97365236,23.46043659,11.52870413,55.04803258,167.4752682,27.39293613,49.47311419,-42.84658269,14.4776302,1.878,-0.807,91.68116766,0.945554882,48317.0588,116.5417199,48317.0588,116.5417199,969.5,
beltzvilleCombined,476,,,,,,,,-1.614680354,3.242172042,68.46890476,58.3006412,61.73841688,-5.371699867,-38.93614029,20.68403605,22.92997261,49.35772518,187.7606373,75.66555538,51.02966051,-41.66773244,24.43693497,1.878,-0.807,93.19089933,0.683606036,48317.0588,116.5417199,48317.0588,116.5417199,969.5,
beltzvilleCombined,477,,,,,,,,-6.654017887,-10.53433884,76.08915305,66.54773425,59.92255648,3.55435882,-32.04265863,35.42943835,68.8205594,67.21692553,232.6469212,25.78006671,30.56447464,-19.25393501,59.87661218,1.878,-0.807,82.86473975,0.677912457,48317.0588,116.5417199,48317.0588,116.5417199,969.5,
beltzvilleCombined,478,,,,,,,,-9.142846425,-16.15218465,72.44451834,68.14054333,57.1830861,7.998887118,-44.082322,39.10564647,67.17318794,59.20256541,229.6606105,32.70916721,30.71027842,-13.67079002,57.86107261,1.878,-0.807,86.91584689,0.905615877,48317.0588,116.5417199,48317.0588,116.5417199,969.5,
beltzvilleCombined,479,,,,,,,,-3.011710748,4.227843667,69.66383578,57.72513284,68.4681979,-3.498511943,-27.00995166,21.39834528,18.22824868,55.08026377,169.0766924,7.046466609,51.90557937,-31.75248184,12.91438468,1.878,-0.807,94.66162545,0.534748868,48317.0588,116.5417199,48317.0588,116.5417199,969.5,
beltzvilleCombined,480,,,,,,,,9.16612372,-27.4969808,83.62034009,76.70451209,52.53232912,-3.998717609,-37.41642866,48.13563354,80.37610024,95.76716914,116.7718639,28.94753167,-1.2104,-43.136587,42.78653677,1.878,-0.807,86.94921046,0.733814994,48317.0588,116.5417199,48317.0588,116.5417199,969.5,
beltzvilleCombined,481,,,,,,,,-10.80596532,-24.71950009,73.29839196,67.95434803,54.11640079,5.9716024,-41.37600558,31.93673274,87.45608337,59.52007073,175.1066517,67.07576457,28.21260034,-32.45679092,62.61469156,1.878,-0.807,50.0290918,0.943915425,48317.0588,116.5417199,48317.0588,116.5417199,969.5,
beltzvilleCombined,482,,,,,,,,-10.95,-31.29698729,71.18188138,68.3261512,57.78530547,9.717263242,-10.4320584,12.69231508,0,100,173.2360402,23.48474967,16.45669917,-41.4237672,-0.985011777,1.878,-0.807,1.908189114,0.830106123,48317.0588,116.5417199,48317.0588,116.5417199,969.5,
beltzvilleCombined,483,,,,,,,,-3.320338536,4.265260298,72.38241794,58.47016786,70.25818396,4.249765654,-44.90684122,7.60237156,6.173621857,56.21120329,175.7541671,84.75143742,63.40517309,-40.84974077,22.36189355,1.878,-0.807,97.61539344,0.451030854,48317.0588,116.5417199,48317.0588,116.5417199,969.5,
beltzvilleCombined,484,,,,,,,,-10.50992829,-24.63183139,73.15028019,71.07679096,57.70208461,9.064100091,-38.71397381,37.87940019,90.08955691,86.30290904,224.4157663,14.76398464,20.20526996,-23.88635779,50.92198152,1.878,-0.807,89.25581483,0.943005578,48317.0588,116.5417199,48317.0588,116.5417199,969.5,
beltzvilleCombined,485,,,,,,,,-10.95,-17.82289734,73.07048078,67.82090198,56.96026874,8.672606812,-43.05204366,34.9599817,68.19659314,63.54317474,223.696721,30.18563957,29.48253072,-13.22673572,55.26678501,1.878,-0.807,81.32209607,0.760606849,48317.0588,116.5417199,48317.0588,116.5417199,969.5,
beltzvilleCombined,486,,,,,,,,-6.216773944,4.480252263,63.97977876,57.33251259,62.80201544,-5.997912874,-37.39136808,24.48882019,75.58964311,56.73169321,163.1406756,24.57026982,49.38067816,-46.26117458,16.64746108,1.878,-0.807,92.10128972,0.455967171,48317.0588,116.5417199,48317.0588,116.5417199,969.5,
beltzvilleCombined,487,,,,,,,,-6.980990627,2.357415263,66.25949157,60.0865903,61.84178382,0.009415645,-41.7370492,18.8103992,23.10755002,56.8429386,186.6498456,76.69058669,52.68426434,-41.0701516,22.16823844,1.878,-0.807,91.40107681,0.566749957,48317.0588,116.5417199,48317.0588,116.5417199,969.5,
beltzvilleCombined,488,,,,,,,,-2.426981153,5.21,68.26913338,45.73919382,67.91596953,-9.934012832,-45.21,24.78466798,50.8711804,37.17425648,227.7524063,25.43354253,54.11893148,-46.73629568,60.92647574,1.878,-0.807,91.98235517,0.516597198,48317.0588,116.5417199,48317.0588,116.5417199,969.5,
beltzvilleCombined,489,,,,,,,,-10.83268564,-18.9908043,75.10828781,67.74252585,57.03980358,9.574888442,-41.16927767,38.0591218,76.02546343,73.58501117,232.3278696,36.12244823,25.14074066,-9.929569157,61.98153931,1.878,-0.807,85.97294576,0.877115226,48317.0588,116.5417199,48317.0588,116.5417199,969.5,
beltzvilleCombined,490,,,,,,,,-8.172000095,5.21,69.63820817,56.06294945,63.9470324,-6.96416547,-45.21,24.44142864,5.702570511,72.10621429,154.6228954,22.49234139,58.43969429,-50.49138806,7.74845762,1.878,-0.807,97.625,0.566080301,48317.0588,116.5417199,48317.0588,116.5417199,969.5,
beltzvilleCombined,491,,,,,,,,-4.470069384,5.21,71.81220208,62.92510932,71.04026888,8.502063783,-45.21,5.285722652,10.06397244,55.73055236,176.1746964,82.93306593,58.101326,-37.87473925,22.61349023,1.878,-0.807,96.46453084,0.088138209,48317.0588,116.5417199,48317.0588,116.5417199,969.5,
beltzvilleCombined,492,,,,,,,,-5.318367743,-22.62327816,75.42866903,71.22120112,62.12598377,7.587955839,-44.80898456,43.07404677,76.89853859,87.53863849,110.4607763,24.19439559,14.32989549,-39.73899035,49.9479069,1.878,-0.807,73.89568333,0.435590425,48317.0588,116.5417199,48317.0588,116.5417199,969.5,
beltzvilleCombined,493,,,,,,,,-1.774738232,3.458950181,69.98988781,56.62466095,66.61610965,8.39483105,-42.37330947,41.49301934,18.48213283,47.1239416,240.1199062,42.55449523,1.915976219,-48.45835154,63.13266947,1.878,-0.807,76.95742043,0.613683577,48317.0588,116.5417199,48317.0588,116.5417199,969.5,
beltzvilleCombined,494,,,,,,,,-4.822355558,5.21,69.14879094,60.51589231,66.74469421,-2.73839531,-43.93020253,20.1452877,73.61446957,46.84757314,184.8677469,84.7844,58.5087073,-44.93617516,17.57856355,1.878,-0.807,85.18329658,0.617264698,48317.0588,116.5417199,48317.0588,116.5417199,969.5,
beltzvilleCombined,495,,,,,,,,-0.020476505,5.21,63.04461557,54.39853557,59.4762851,-6.228467882,-45.21,25.36609331,10.75320416,68.98604369,189.0589275,24.06116906,55.8766328,-45.62509555,7.319768837,1.878,-0.807,80.35435327,0.712451218,48317.0588,116.5417199,48317.0588,116.5417199,969.5,
beltzvilleCombined,496,,,,,,,,13.12658032,-18.0149052,62.69730268,22.31615459,82.26263017,-7.427605447,0.272209851,84.38196916,58.60998155,51.50183635,-2.662739986,11.61809332,8.625903061,-24.44098331,-1.414,1.878,-0.807,0,0.136509921,48317.0588,116.5417199,48317.0588,116.5417199,969.5,
beltzvilleCombined,497,,,,,,,,-7.615654241,-17.156734,73.0844649,68.53397588,58.85923063,8.61570434,-37.86588996,37.32408694,50.83610269,44.05138938,211.1432121,56.69714181,35.82772301,-18.99236314,48.60232079,1.878,-0.807,74.4193038,0.953005364,48317.0588,116.5417199,48317.0588,116.5417199,969.5,
beltzvilleCombined,498,,,,,,,,-2.221711864,4.985343588,92.09204254,58.13245407,64.65410813,1.512905292,-36.81225594,24.02192173,9.885603522,52.35431095,167.5712879,57.61713128,45.62024034,-18.58347544,9.014286262,1.878,-0.807,94.62153692,0.944931326,48317.0588,116.5417199,48317.0588,116.5417199,969.5,
beltzvilleCombined,499,,,,,,,,-10.95,-16.81538586,70.55018007,67.9395559,58.67868841,7.587902767,-39.40973464,34.02533717,49.02348941,41.82907988,134.3912926,36.37968394,35.53190206,-15.6001949,53.44669834,1.878,-0.807,75.77211627,0.83625592,48317.0588,116.5417199,48317.0588,116.5417199,969.5,
beltzvilleCombined,500,,,,,,,,-4.128405648,5.21,65.7791994,56.94335352,62.89068332,-6.537656889,-35.04373211,20.73921183,8.934956267,53.15339804,99.99581244,19.88199408,54.26320764,-19.12763801,0.858146573,1.878,-0.807,96.6411136,0.503009126,48317.0588,116.5417199,48317.0588,116.5417199,969.5,
beltzvilleCombined,501,,,,,,,,-8.944651487,-21.97101068,72.73613469,69.24198397,57.51345354,-3.769852791,-40.55085363,42.14740765,64.99398139,64.71588614,227.4000572,36.70225253,31.37678199,-10.90609619,58.45956749,1.878,-0.807,82.62864624,0.668338036,48317.0588,116.5417199,48317.0588,116.5417199,969.5,
beltzvilleCombined,502,,,,,,,,-2.454053445,5.21,71.12297497,37.01896931,71.95950675,8.416315305,-45.21,3.450822941,9.601739924,84.63577762,177.8567311,84.7844,63.68248415,-8.639677666,20.62263201,1.878,-0.807,97.625,0.48553448,48317.0588,116.5417199,48317.0588,116.5417199,969.5,
beltzvilleCombined,503,,,,,,,,4.70250887,-26.96411875,80.57519165,61.97078144,47.9096543,9.043410226,-45.14754888,58.94021763,96.94945517,52.37949108,97.33442991,66.12545999,13.60180631,-22.72065469,60.07527793,1.878,-0.807,82.45101032,0.124154313,48317.0588,116.5417199,48317.0588,116.5417199,969.5,
beltzvilleCombined,504,,,,,,,,-10.95,-19.8506264,73.99310635,68.3165308,55.18567219,4.936997308,-44.90371707,40.48622737,70.64345742,56.07972444,221.244562,31.34234732,29.40355833,-14.2844657,56.02059136,1.878,-0.807,83.57170806,0.877223683,48317.0588,116.5417199,48317.0588,116.5417199,969.5,
beltzvilleCombined,505,,,,,,,,-2.860975774,5.21,68.98212955,59.46372972,68.26955983,5.875562811,-44.25499653,12.45028328,25.07607511,52.57121348,183.5219516,83.49736326,62.47870992,-34.71027571,33.02962924,1.878,-0.807,97.625,0.354935216,48317.0588,116.5417199,48317.0588,116.5417199,969.5,
beltzvilleCombined,506,,,,,,,,-6.953054809,5.21,70.04692488,55.80429358,61.86638559,-2.255684183,-41.85003527,25.67822186,17.72583436,54.54672902,174.0233407,10.60321672,45.48894322,-46.85077824,9.402525025,1.878,-0.807,94.93813429,0.665600042,48317.0588,116.5417199,48317.0588,116.5417199,969.5,
beltzvilleCombined,507,,,,,,,,-1.946289932,5.21,72.25451653,61.95488464,68.37076176,5.320233833,-45.21,13.02821387,0,56.07360934,177.0249878,83.11466649,54.83911241,-8.855736749,17.39089663,1.878,-0.807,97.625,0.583640807,48317.0588,116.5417199,48317.0588,116.5417199,969.5,
beltzvilleCombined,508,,,,,,,,-3.66897584,5.21,63.88572312,56.24748197,64.57538478,-0.234416034,-42.24192464,14.24385466,21.92994069,51.62656184,223.9729741,9.918858995,48.83123745,-50.27216412,14.89530452,1.878,-0.807,54.14769746,0.269188865,48317.0588,116.5417199,48317.0588,116.5417199,969.5,
beltzvilleCombined,509,,,,,,,,8.070879146,-37.22520349,86.2032706,79.24,50.11416304,11.16,-37.14651676,44.72581339,56.78164254,65.46851423,240.9161,15.6392281,-1.2104,-0.278620997,49.95536089,1.878,-0.807,38.91547307,0.847244933,48317.0588,116.5417199,48317.0588,116.5417199,969.5,
beltzvilleCombined,510,,,,,,,,-10.8499467,4.917790508,63.76571765,61.30621777,63.6333977,8.81399626,5.602282273,23.25023898,27.62315379,82.63792105,168.4678147,10.90247399,12.95899884,-42.50977186,5.830333664,1.878,-0.807,55.29898882,0.501640829,48317.0588,116.5417199,48317.0588,116.5417199,969.5,
beltzvilleCombined,511,,,,,,,,-8.806303638,-17.0361069,73.04562635,68.42068892,58.73610171,8.75437654,-38.49093351,36.80090634,51.6830661,42.93267708,212.3830755,57.52414753,36.0924406,-18.04939253,49.42542546,1.878,-0.807,75.52569442,0.957,48317.0588,116.5417199,48317.0588,116.5417199,969.5,
beltzvilleCombined,512,,,,,,,,-2.110051147,3.338980861,72.85825241,62.16822221,67.00231125,5.43379682,-44.29864581,15.2298428,70.63516687,56.79533746,180.7462817,76.92664512,52.08670391,-40.05912397,30.58895047,1.878,-0.807,97.625,0.552939228,48317.0588,116.5417199,48317.0588,116.5417199,969.5,
beltzvilleCombined,513,,,,,,,,-2.476259456,3.781833616,72.71297547,61.94306109,68.16703874,5.952176898,-45.21,13.31242455,10.1836536,57.93341122,186.4282533,81.72611149,53.11951274,-38.00081556,30.40532604,1.878,-0.807,97.625,0.582513303,48317.0588,116.5417199,48317.0588,116.5417199,969.5,
beltzvilleCombined,514,,,,,,,,-1.493659119,3.092391918,66.82190169,59.87818423,66.18560136,3.610276798,-23.56630152,24.20190301,4.495481119,69.1370031,181.1503092,14.1217791,43.5130211,-39.2090291,6.607497317,1.878,-0.807,97.625,0.312223825,48317.0588,116.5417199,48317.0588,116.5417199,969.5,
beltzvilleCombined,515,,,,,,,,-9.404553074,-21.8543224,73.29210445,69.48306766,57.68021152,9.298303817,-40.5747239,41.99752491,65.15189669,64.45111337,225.7526635,26.99551682,30.21241696,-10.70670779,58.67524267,1.878,-0.807,82.11398133,0.900261432,48317.0588,116.5417199,48317.0588,116.5417199,969.5,
beltzvilleCombined,516,,,,,,,,-10.71222895,-21.07686453,75.7088263,66.48368527,54.30416242,10.4891153,-43.76783353,28.92219225,78.83007389,75.41326667,235.1978976,41.26606702,25.92957235,-23.44330148,60.67989521,1.878,-0.807,95.96053308,0.162985338,48317.0588,116.5417199,48317.0588,116.5417199,969.5,
beltzvilleCombined,517,,,,,,,,-10.40258673,5.119580658,66.83301176,55.47393404,61.5704827,0.536060988,-45.21,16.49261267,15.99646871,49.46962217,183.1928774,75.15368542,54.77719499,-36.20371333,29.34049496,1.878,-0.807,40.19181776,0.538084152,48317.0588,116.5417199,48317.0588,116.5417199,969.5,
beltzvilleCombined,518,,,,,,,,-3.338735189,5.21,71.61079776,57.93250528,71.7009647,4.978202629,-44.94098912,4.147385018,2.785224592,53.96917622,177.7731181,84.7844,66.83324679,-41.3557278,19.00994269,1.878,-0.807,97.625,0.343532291,48317.0588,116.5417199,48317.0588,116.5417199,969.5,
beltzvilleCombined,519,,,,,,,,-8.953597561,-20.59553264,73.98391435,67.96747035,57.33573345,9.585764013,-40.79557056,41.0880238,69.22875267,63.99458286,228.9853631,33.72024111,28.94513104,-12.20273979,61.17839086,1.878,-0.807,82.18307054,0.852016531,48317.0588,116.5417199,48317.0588,116.5417199,969.5,
beltzvilleCombined,520,,,,,,,,-9.535344485,-1.56867096,67.92988834,60.15801186,63.92132856,-4.301962461,-38.46934789,29.40802778,18.354758,56.04096651,229.4562152,9.604820374,42.83860491,-32.94846356,16.29305068,1.878,-0.807,84.75541169,0.754107069,48317.0588,116.5417199,48317.0588,116.5417199,969.5,
beltzvilleCombined,521,,,,,,,,-5.482050956,4.965821896,68.07100677,61.66062796,55.55551219,11.16,-37.34500264,17.42401025,29.91964925,53.56397087,167.7973296,18.29735943,42.10399269,-28.47953818,26.72886848,1.878,-0.807,7.340782101,0.272980509,48317.0588,116.5417199,48317.0588,116.5417199,969.5,
beltzvilleCombined,522,,,,,,,,-10.95,-33.21015572,70.80560825,66.70663773,49.00955843,10.51280013,-5.643587986,8.5958961,0,100,156.0245869,28.36732106,21.19122885,-50.24077814,-1.414,1.878,-0.807,13.42128441,0.681233454,48317.0588,116.5417199,48317.0588,116.5417199,969.5,
beltzvilleCombined,523,,,,,,,,-2.939092599,5.21,68.65641552,45.72946795,69.84486963,-0.390053069,-43.6807976,13.75687657,35.46620051,73.01195498,240.9161,22.88672747,51.38947828,-38.89055314,15.73343543,1.878,-0.807,82.80145657,0.395979804,48317.0588,116.5417199,48317.0588,116.5417199,969.5,
beltzvilleCombined,524,,,,,,,,12.6069106,-16.96598387,61.46277927,23.57051444,81.642446,-5.127308899,-2.231683291,83.30442139,57.61917606,50.01531078,1.962576977,10.52773149,12.55416241,-24.07840721,-1.317701213,1.878,-0.807,0.416836203,0.074841779,48317.0588,116.5417199,48317.0588,116.5417199,969.5,
beltzvilleCombined,525,,,,,,,,-10.95,-19.53267216,72.27403093,68.27421834,55.90113759,7.261535834,-45.21,37.27955796,71.48998065,65.88846307,226.1013215,30.53536192,30.51834717,-12.16697575,58.38657423,1.878,-0.807,84.06886981,0.871397249,48317.0588,116.5417199,48317.0588,116.5417199,969.5,
beltzvilleCombined,526,,,,,,,,-9.729549607,-22.18304826,76.15958211,70.92648207,60.76850318,7.161925855,-41.56642665,41.26956693,75.91008857,91.56595535,113.3470502,29.47153032,18.09290083,-36.60441722,47.33532458,1.878,-0.807,78.38030141,0.649885476,48317.0588,116.5417199,48317.0588,116.5417199,969.5,
beltzvilleCombined,527,,,,,,,,-0.508669438,-43.44147732,79.52108869,45.11808962,5.880482006,-3.789158784,-3.019412235,15.08166761,72.30793655,42.3712237,138.230816,76.74765831,3.360032768,-11.59017208,5.127244262,1.878,-0.807,83.53726829,0.111926465,48317.0588,116.5417199,48317.0588,116.5417199,969.5,
beltzvilleCombined,528,,,,,,,,-0.860728224,1.361815919,69.86939299,46.50191555,63.48677646,-2.383118943,-4.984892873,44.13717751,2.698091414,24.22559819,137.1846056,61.20039689,8.061586076,-5.744295626,-1.414,1.878,-0.807,84.24969366,0.004909121,48317.0588,116.5417199,48317.0588,116.5417199,969.5,
beltzvilleCombined,529,,,,,,,,-5.756034965,-13.64152096,67.99942501,67.20959471,62.72394224,9.386306908,-41.7721436,42.27741319,94.4514304,31.87024283,146.6557546,37.4932821,2.647455782,-0.321911112,59.71419729,1.878,-0.807,88.36613583,0.598088639,48317.0588,116.5417199,48317.0588,116.5417199,969.5,
beltzvilleCombined,530,,,,,,,,-2.665585545,-36.65912893,78.05189085,49.62838562,17.15380361,-0.342001892,-7.108571315,13.71505926,77.42867803,12.48807142,143.3323171,70.74993282,1.590579428,-7.230321301,10.89188564,1.878,-0.807,82.32499322,0.123790655,48317.0588,116.5417199,48317.0588,116.5417199,969.5,
beltzvilleCombined,531,,,,,,,,-0.860728224,5.099491729,69.86939299,15.20618851,63.48677646,-13.11418434,-4.984892873,44.13717751,88.15619786,24.89074066,137.0817945,64.77489629,8.061586076,-5.842769316,-1.414,1.878,-0.807,83.59722177,0.004909121,48317.0588,116.5417199,48317.0588,116.5417199,969.5,
beltzvilleCombined,532,,,,,,,,-10.95,-25.30290757,77.51967805,69.83808994,55.18423881,6.279954404,-45.02320785,32.95812156,75.72106567,42.90230642,148.2681236,2.961266957,-0.087444336,-38.59547778,62.87585087,1.878,-0.807,31.58901993,0.438300086,48317.0588,116.5417199,48317.0588,116.5417199,969.5,
beltzvilleCombined,533,,,,,,,,-10.95,-25.45440625,77.6393391,71.15626431,55.66279985,6.734787478,-45.21,32.88067805,76.08092948,42.70876666,146.7461579,0.372804812,-1.2104,-39.3264745,63.516,1.878,-0.807,29.34220844,0.431188742,48317.0588,116.5417199,48317.0588,116.5417199,969.5,
beltzvilleCombined,534,,,,,,,,-2.201588986,-44.29,85.21949903,69.65725579,36.15006869,-7.662521084,-31.49451965,44.08519964,84.29912898,43.61143957,145.9723317,45.48551738,0.370047178,-12.33420055,56.71726828,1.878,-0.807,9.012351905,0.059300879,48317.0588,116.5417199,48317.0588,116.5417199,969.5,
beltzvilleCombined,535,,,,,,,,-6.734785668,-39.35495273,72.69079883,65.68002434,39.82738133,2.742676272,-10.95834279,54.82746754,29.43488749,48.5811328,125.4198629,12.54001148,3.197528316,-11.8531368,12.82025832,1.878,-0.807,88.73983195,0.199540605,48317.0588,116.5417199,48317.0588,116.5417199,969.5,
beltzvilleCombined,536,,,,,,,,-10.23532799,5.21,70.85169037,57.77086422,64.54070216,-4.153845405,4.426182449,23.96887681,31.54524181,33.35718214,175.6656167,16.93557858,27.14141634,-31.45267152,3.996630745,1.878,-0.807,25.80715107,0.940502564,48317.0588,116.5417199,48317.0588,116.5417199,969.5,
beltzvilleCombined,537,,,,,,,,-10.95,-18.76986078,73.62686497,68.62323824,59.22262904,2.518557798,-15.10424236,41.37404158,73.55607334,15.12864531,150.4680649,54.55235983,1.621759163,-38.68229976,54.98283612,1.878,-0.807,24.39436283,0.217331522,48317.0588,116.5417199,48317.0588,116.5417199,969.5,
beltzvilleCombined,538,,,,,,,,0.560246637,4.214757497,64.05702601,1.822401877,62.54593236,-10.12064823,-12.32307066,40.93585998,93.45557345,97.82723198,106.2516055,6.049336635,50.37190059,-2.52590124,-0.732060563,1.878,-0.807,86.16769036,0.021070539,48317.0588,116.5417199,48317.0588,116.5417199,969.5,
beltzvilleCombined,539,,,,,,,,-9.539789729,-29.10613662,81.86881635,67.7951184,52.58080165,-3.597003367,-13.05041099,43.64119827,93.96446699,13.95795012,159.0715376,47.86494731,7.574627271,0.4454,55.87123,1.878,-0.807,91.73235531,0.446987662,48317.0588,116.5417199,48317.0588,116.5417199,969.5,
beltzvilleCombined,540,,,,,,,,-7.026124958,-40.8915042,70.26677672,64.89285588,36.09374771,1.664885728,-12.67170075,59.80896307,81.45070518,45.05813977,128.4364799,31.93075318,7.598146476,-6.021944032,22.0071089,1.878,-0.807,76.37367776,0.248389989,48317.0588,116.5417199,48317.0588,116.5417199,969.5,
beltzvilleCombined,541,,,,,,,,-6.673872273,-29.53187585,76.52552952,55.53898144,36.70690179,1.190967459,-6.597990392,12.97801614,27.31337419,14.76477015,156.6802773,72.79573785,0.8702462,-10.37145322,8.890989221,1.878,-0.807,76.81474656,0.777696274,48317.0588,116.5417199,48317.0588,116.5417199,969.5,
beltzvilleCombined,542,,,,,,,,-7.244062368,-40.22542398,74.60738806,62.41590179,25.90609925,2.673080301,-16.39302219,58.17820855,83.54141276,39.48621948,78.3806234,30.59527851,8.265998494,-11.32548254,26.46690731,1.878,-0.807,73.83672842,0.243017531,48317.0588,116.5417199,48317.0588,116.5417199,969.5,
beltzvilleCombined,543,,,,,,,,-2.56182931,5.21,68.93187482,49.14610655,65.94464529,-0.252539519,-5.09030117,42.77504437,90.01191831,19.82441643,202.4338844,44.0085959,2.649847584,-0.82744323,2.223793589,1.878,-0.807,74.31269546,0.257202788,48317.0588,116.5417199,48317.0588,116.5417199,969.5,
beltzvilleCombined,544,,,,,,,,-9.367367027,4.809888036,69.7917075,57.86115233,63.98876945,-3.052574649,1.382604926,37.68383032,95.16609542,30.01749915,120.2012029,16.89010754,25.18151791,-29.13562522,7.280380148,1.878,-0.807,25.69269804,0.536703443,48317.0588,116.5417199,48317.0588,116.5417199,969.5,
beltzvilleCombined,545,,,,,,,,-1.946692116,4.208312429,71.21032569,20.04303817,60.47568521,-13.7674401,-16.45858797,36.99808436,88.3443329,12.9631575,136.6713058,-0.5901,34.55226817,-33.93679031,10.9184699,1.878,-0.807,58.76466706,0.306646243,48317.0588,116.5417199,48317.0588,116.5417199,969.5,
beltzvilleCombined,546,,,,,,,,14.42253075,3.039244415,62.97910236,19.68533307,71.39899511,9.551355645,-2.664416969,95.20636212,51.56743049,6.682284952,233.8234108,37.8060069,20.77360396,-43.14066344,18.16945788,1.878,-0.807,19.15099341,0.445006467,48317.0588,116.5417199,48317.0588,116.5417199,969.5,
beltzvilleCombined,547,,,,,,,,-10.4538838,-24.67556022,73.65731477,69.01541367,57.46786535,4.214156406,-26.76104825,36.06905707,96.96321865,32.9571277,156.233214,36.96358519,6.737225643,-43.20083548,60.6432938,1.878,-0.807,93.90667176,0.351578507,48317.0588,116.5417199,48317.0588,116.5417199,969.5,
beltzvilleCombined,Best q20 Bias,,,,,,,,22.60987895,-38.74504631,81.87588187,67.75539448,33.30382321,-13.39465729,-33.56242,10.82006427,99.88713223,0.411990239,172.9859082,23.72166224,-1.2104,-44.15762623,-1.414,1.878,-0.807,0,0.957,48317.0588,116.5417199,48317.0588,116.5417199,969.5,
beltzvilleCombined,549,,,,,,,,-10.95,-30.35294658,83.12693256,66.97492348,51.67548162,-11.18359895,-12.72998166,42.18783726,95.16173068,13.67086513,158.6718478,51.7174324,10.69721456,-0.652922207,56.31017043,1.878,-0.807,92.69634315,0.49030431,48317.0588,116.5417199,48317.0588,116.5417199,969.5,
beltzvilleCombined,550,,,,,,,,-10.95,-26.36596033,87.22917101,66.74844227,53.36848499,11.16,-4.223992853,27.56676919,81.85173856,83.78147709,153.2746555,0.016260091,-1.2104,-52.3545,43.74237853,1.878,-0.807,35.48865094,0.609475313,48317.0588,116.5417199,48317.0588,116.5417199,969.5,
beltzvilleCombined,551,,,,,,,,-3.190951893,5.21,65.87965515,13.79796093,62.15529827,-14.41,-12.98189316,43.03028142,44.86917271,17.96959556,117.9433009,4.001769539,43.23200375,-39.34162025,3.504275699,1.878,-0.807,62.36739961,0.608736335,48317.0588,116.5417199,48317.0588,116.5417199,969.5,
beltzvilleCombined,552,,,,,,,,2.510279802,5.21,68.51912266,56.36944152,64.82819262,-14.41,-9.103793526,42.91196779,99.52713455,73.43550029,113.7148645,74.16291912,50.44116134,-39.22562021,-1.082359389,1.878,-0.807,82.99100313,0.601214996,48317.0588,116.5417199,48317.0588,116.5417199,969.5,
beltzvilleCombined,553,,,,,,,,-9.508722452,-44.29,83.98567293,38.12746888,5.121206425,-4.30457116,5.438491601,1.76,94.33115601,0,136.0869647,74.02829118,-0.394168631,0.4454,3.645244614,1.878,-0.807,0,0.861847686,48317.0588,116.5417199,48317.0588,116.5417199,969.5,
beltzvilleCombined,554,,,,,,,,-2.707013857,5.21,68.83472002,12.72138641,63.63439426,-13.38890867,-17.70505195,40.92291768,41.50205129,11.61098537,124.5022862,0.238643491,42.54112248,-39.80037814,1.194923529,1.878,-0.807,60.45608728,0.602609694,48317.0588,116.5417199,48317.0588,116.5417199,969.5,
beltzvilleCombined,555,,,,,,,,-10.63792615,-44.29,74.92356475,66.72791305,33.83554281,3.640468879,-10.10985677,56.50729196,79.98576335,44.35933786,19.4349304,27.22382052,1.180746027,-10.1777327,12.32256076,1.878,-0.807,93.84272901,0.138062824,48317.0588,116.5417199,48317.0588,116.5417199,969.5,
beltzvilleCombined,556,,,,,,,,17.01690575,3.335566418,62.37745609,20.73414462,72.09788101,6.580154422,0.078883124,95.79727865,48.49448646,51.2567029,232.4345814,14.81893648,19.31729372,-23.46722767,10.10170426,1.878,-0.807,14.96172272,0.511467004,48317.0588,116.5417199,48317.0588,116.5417199,969.5,
beltzvilleCombined,557,,,,,,,,-7.197711672,5.21,68.06534349,15.09790672,66.22289397,1.286809062,-2.431804098,22.55278096,32.79419258,74.859515,177.2092592,16.15586181,3.509554063,-34.18542413,1.960872635,1.878,-0.807,7.749071886,0.957,48317.0588,116.5417199,48317.0588,116.5417199,969.5,
beltzvilleCombined,558,,,,,,,,-10.01367952,-43.87168378,73.53654172,63.39219779,36.09123254,3.322869754,-9.826488574,47.21200959,77.5288577,42.34860313,49.37238718,29.14840307,4.887292601,-12.28375922,14.18127834,1.878,-0.807,89.16088996,0.200217971,48317.0588,116.5417199,48317.0588,116.5417199,969.5,
beltzvilleCombined,559,,,,,,,,-10.85957703,-26.20691756,81.32995586,65.98097512,52.58080165,-4.331387982,-32.90675599,44.84065025,95.29692787,14.17905704,190.7868761,47.86494731,7.574627271,-38.37971865,62.45342647,1.878,-0.807,93.3017993,0.446987662,48317.0588,116.5417199,48317.0588,116.5417199,969.5,
beltzvilleCombined,560,,,,,,,,-10.95,4.520900398,71.34217445,16.12149913,81.68813915,6.213869212,0.072353023,17.88827001,11.61351807,65.76150727,186.3815425,14.00078327,-1.2104,-47.67169363,1.448654124,1.878,-0.807,0.531796529,0.909756797,48317.0588,116.5417199,48317.0588,116.5417199,969.5,
beltzvilleCombined,561,,,,,,,,0.247331773,-43.52481398,77.71862798,53.90498421,17.63546151,-1.583199516,-41.3468987,17.92469576,66.1667012,78.02898422,165.3358316,82.10339282,4.712937361,-15.12916978,18.48771626,1.878,-0.807,62.5252624,0.654214894,48317.0588,116.5417199,48317.0588,116.5417199,969.5,
beltzvilleCombined,562,,,,,,,,-3.284111784,4.660897404,63.09865273,56.2077501,63.27490976,-1.663614607,3.488978676,24.17026393,30.49157659,28.93558119,171.9285326,17.80948569,3.21798772,-27.94451436,2.923851716,1.878,-0.807,12.31234099,0.930430608,48317.0588,116.5417199,48317.0588,116.5417199,969.5,
beltzvilleCombined,563,,,,,,,,24.96329521,-27.55731391,67.89320694,62.18836538,0.475117886,9.570308128,-3.895006287,59.94438533,81.70322209,54.06515869,206.4657612,0.40665475,-1.2104,-1.933706978,39.60640451,1.878,-0.807,34.71165487,0.553396673,48317.0588,116.5417199,48317.0588,116.5417199,969.5,
beltzvilleCombined,564,,,,,,,,-10.95,-31.4164149,82.88461474,66.736317,52.52546901,-2.867892024,-3.947630416,44.72392153,92.66521021,9.958720805,154.3702907,49.4072394,13.83619685,0.4454,61.38799783,1.878,-0.807,88.63399022,0.567653102,48317.0588,116.5417199,48317.0588,116.5417199,969.5,
beltzvilleCombined,565,,,,,,,,-10.95,-36.34192463,70.34663906,61.8615022,37.46125209,9.334076589,-7.97104746,60.19014359,84.96509107,64.86972603,115.3592384,19.52665072,-1.2104,-7.375189876,16.88525485,1.878,-0.807,84.57094422,0.776746286,48317.0588,116.5417199,48317.0588,116.5417199,969.5,
beltzvilleCombined,566,,,,,,,,-10.95,-44.29,82.37532346,42.39007471,13.38662079,2.812321435,-28.93827676,1.76,96.75202271,10.56630328,130.8114976,61.18727059,-0.900386705,-3.923495679,7.401937959,1.878,-0.807,2.732405306,0.754553227,48317.0588,116.5417199,48317.0588,116.5417199,969.5,
beltzvilleCombined,567,,,,,,,,2.453301307,-41.08701262,78.29432053,50.133872,13.49414781,-9.51885925,-10.53631179,16.13375213,77.51997442,67.2258611,138.6222069,67.06572667,2.667631718,-13.40604935,13.46344462,1.878,-0.807,89.14198553,0.3357304,48317.0588,116.5417199,48317.0588,116.5417199,969.5,
beltzvilleCombined,568,,,,,,,,-7.179225698,-29.50244769,82.94456422,69.44962679,53.6477308,-2.420512167,-11.9020504,42.24157327,89.57013193,18.15422618,160.5826089,52.67603999,13.33333233,-4.936649462,53.82012413,1.878,-0.807,92.08404587,0.553393002,48317.0588,116.5417199,48317.0588,116.5417199,969.5,
beltzvilleCombined,569,,,,,,,,16.14063042,-38.72013259,82.6699264,72.9996249,32.77776109,-13.30666402,-33.40241665,16.7318255,64.41138186,3.30717496,164.9720703,20.65070457,-1.2104,-41.0587769,2.983325548,1.878,-0.807,4.446219645,0.8947232,48317.0588,116.5417199,48317.0588,116.5417199,969.5,
beltzvilleCombined,570,,,,,,,,-8.946450523,-40.26041933,82.87491055,66.33039452,29.40615713,-14.41,-6.338137908,45.21146778,93.65795806,2.06423796,174.8647895,36.57606107,10.30153816,-0.868933552,33.97111882,1.878,-0.807,95.93185455,0.72129348,48317.0588,116.5417199,48317.0588,116.5417199,969.5,
beltzvilleCombined,571,,,,,,,,-3.957670398,5.21,67.85756977,12.0133793,62.76938524,-9.278929558,-14.52783454,38.07539452,100,100,98.94812802,12.98277401,35.54638832,-36.86811534,6.698620238,1.878,-0.807,64.92271825,0.957,48317.0588,116.5417199,48317.0588,116.5417199,969.5,
beltzvilleCombined,572,,,,,,,,-1.379240267,5.1515967,67.85432601,14.01668861,63.20230653,-14.41,-14.60210277,46.04938319,64.76279567,93.42356389,116.255635,3.641924105,44.49424026,-35.81115657,-1.414,1.878,-0.807,73.68860032,0.027691175,48317.0588,116.5417199,48317.0588,116.5417199,969.5,
beltzvilleCombined,573,,,,,,,,76.41939316,-25.50902201,73.4899944,79.24,0,-14.23014201,-45.21,32.19415571,85.89001606,13.35553182,190.5087047,77.45202812,8.410541006,-31.47842916,34.26526631,1.878,-0.807,92.65251884,0.275353896,48317.0588,116.5417199,48317.0588,116.5417199,969.5,
beltzvilleCombined,574,,,,,,,,-7.649735237,-39.05708915,72.17962078,66.47148708,36.57693231,11.16,-5.184234475,60.72427051,76.16620348,50.69030126,24.68461266,16.84785627,0.783809704,-9.916575138,9.128036902,1.878,-0.807,95.2542705,0,48317.0588,116.5417199,48317.0588,116.5417199,969.5,
beltzvilleCombined,575,,,,,,,,-10.53767483,-19.89935581,84.88024623,67.4077244,54.27374555,-0.11599863,-28.99934095,34.5183927,73.28956446,59.24108119,235.2152624,-0.508131189,43.69459076,-42.65543583,54.73641007,1.878,-0.807,88.79148782,0.648671177,48317.0588,116.5417199,48317.0588,116.5417199,969.5,
beltzvilleCombined,576,,,,,,,,3.280460321,5.21,63.30279986,1.301165734,62.61728161,-14.41,-5.753919446,42.93529269,90.76288604,100,103.9829395,8.052075117,49.84458131,-3.541650647,5.437780613,1.878,-0.807,91.01856565,0.235980779,48317.0588,116.5417199,48317.0588,116.5417199,969.5,
beltzvilleCombined,577,,,,,,,,-5.905883749,-44.29,69.65950913,63.94230657,35.36997674,2.132550711,4.259927492,60.653835,73.72957727,43.23653919,126.0994845,84.7844,8.295413438,-6.43828194,21.15790798,1.878,-0.807,81.7490648,0.211154188,48317.0588,116.5417199,48317.0588,116.5417199,969.5,
beltzvilleCombined,578,,,,,,,,0.325777848,3.662916371,64.25124273,3.751433622,62.1111197,-8.723496785,-10.29357137,38.68699308,63.1343923,99.42564234,111.0693857,7.836133757,46.50053718,-36.89876726,-1.414,1.878,-0.807,80.2992676,0.106295182,48317.0588,116.5417199,48317.0588,116.5417199,969.5,
beltzvilleCombined,579,,,,,,,,-1.652689413,5.081783479,70.28119871,49.2413536,65.36413751,0.371468678,-11.355005,48.52803164,92.69362636,25.91906973,198.2881273,43.76629333,27.52645189,-1.065813357,-0.896162589,1.878,-0.807,81.0753398,0.210427395,48317.0588,116.5417199,48317.0588,116.5417199,969.5,
beltzvilleCombined,580,,,,,,,,-10.95,-22.47164334,79.15115324,67.94501218,54.55817261,1.569268703,-27.83913907,47.23648009,86.00490193,75.18765257,166.2797626,38.38408005,14.08647363,-0.335171303,51.4928432,1.878,-0.807,69.41977572,0.414846034,48317.0588,116.5417199,48317.0588,116.5417199,969.5,
beltzvilleCombined,581,,,,,,,,-10.13230919,-44.29,73.2772513,66.24670925,30.54692617,7.131257405,-11.23297603,52.03043843,79.36778176,13.71018452,35.69933228,19.61599503,8.765982293,-8.782984861,9.308988673,1.878,-0.807,97.625,0,48317.0588,116.5417199,48317.0588,116.5417199,969.5,
beltzvilleCombined,582,,,,,,,,-10.95,-19.49888875,71.96579911,68.64634818,55.20280196,-0.89801326,-24.70439498,33.49668591,73.4404859,56.86825528,207.014079,6.047294056,42.57679899,-40.11775884,56.79015122,1.878,-0.807,85.90594443,0.582924609,48317.0588,116.5417199,48317.0588,116.5417199,969.5,
beltzvilleCombined,583,,,,,,,,-2.037687776,2.653838574,69.98476295,17.48999973,60.25135948,-9.885567956,-19.75758126,35.81111713,97.16921836,85.75799626,122.8706263,12.46619997,37.9344199,-38.59522459,-0.140022538,1.878,-0.807,62.88828375,0.725804723,48317.0588,116.5417199,48317.0588,116.5417199,969.5,
beltzvilleCombined,584,,,,,,,,1.932662851,-44.29,77.11091088,53.6865871,16.4263826,-2.433077037,-42.27605704,17.30917426,66.59490471,78.14742532,165.0021952,82.56648765,4.748215112,-16.04318219,18.71283144,1.878,-0.807,64.56615718,0.651746174,48317.0588,116.5417199,48317.0588,116.5417199,969.5,
beltzvilleCombined,585,,,,,,,,19.36819162,-38.30657215,83.4049548,70.1269945,33.18403338,-11.82223174,-32.55449683,13.93838927,98.36096329,3.937176591,163.1068595,16.55764311,-0.21124051,-44.4886026,0.180974854,1.878,-0.807,6.62517887,0.921954145,48317.0588,116.5417199,48317.0588,116.5417199,969.5,
beltzvilleCombined,586,,,,,,,,-1.927028005,5.099491729,71.31931249,15.20618851,51.32949229,-13.11418434,-5.098871026,33.71661783,89.09931135,24.89074066,135.4762097,64.77489629,8.061586076,-5.842769316,0.98330375,1.878,-0.807,83.57432551,0.014192104,48317.0588,116.5417199,48317.0588,116.5417199,969.5,
beltzvilleCombined,587,,,,,,,,75.12319496,-30.15133323,74.52697205,77.61527141,0.01577612,-12.98473791,-43.64129643,28.25531187,86.59751469,18.76669909,203.3749806,79.58792199,6.465258824,-34.05881492,34.60047875,1.878,-0.807,87.94864426,0.132414442,48317.0588,116.5417199,48317.0588,116.5417199,969.5,
beltzvilleCombined,588,,,,,,,,79.63,-28.9068857,75.44966544,79.24,0,-14.41,-45.21,34.56665718,94.25393766,9.241566521,197.2946811,80.67448392,3.932424839,-45.13526854,37.0968983,1.878,-0.807,97.625,0.125178592,48317.0588,116.5417199,48317.0588,116.5417199,969.5,
beltzvilleCombined,589,,,,,,,,-1.386801207,3.615054859,71.01484339,17.71534258,62.80008088,-13.90159499,-13.01352777,44.26627832,67.72479623,93.0550972,108.9519618,10.42262805,40.4853122,-34.33596442,2.079976709,1.878,-0.807,74.67400484,0.041506591,48317.0588,116.5417199,48317.0588,116.5417199,969.5,
beltzvilleCombined,590,,,,,,,,-9.845056712,-25.38409518,81.99968627,65.83943054,53.07459817,-3.75234367,-13.07714641,44.65920462,94.08430499,17.27702784,158.933226,67.70680345,8.212191311,-1.24863777,55.44577902,1.878,-0.807,88.27339325,0.434509752,48317.0588,116.5417199,48317.0588,116.5417199,969.5,
beltzvilleCombined,591,,,,,,,,-6.921826315,-41.16870528,67.71416439,63.24183089,34.52288123,0.759176995,-14.53701716,60.75144622,88.84991853,43.69235912,58.74491307,30.76033713,10.76727199,-9.933623394,23.05479442,1.878,-0.807,82.5605396,0.17602803,48317.0588,116.5417199,48317.0588,116.5417199,969.5,
beltzvilleCombined,592,,,,,,,,0.286904371,-39.91833882,89.9063266,48.48327806,12.29670046,5.705145668,-19.71051534,18.86562623,100,34.75625951,137.452452,74.09681983,1.935823625,-4.180908911,5.188887773,1.878,-0.807,91.04936502,0,48317.0588,116.5417199,48317.0588,116.5417199,969.5,
beltzvilleCombined,593,,,,,,,,-10.95,-16.65190414,68.95232742,65.15421871,52.00147051,0.47070623,-8.512807768,43.70770354,77.9479526,25.2667418,161.5873587,-0.5901,0.359410272,-51.08863241,57.83398921,1.878,-0.807,74.25148449,0.599763858,48317.0588,116.5417199,48317.0588,116.5417199,969.5,
beltzvilleCombined,594,,,,,,,,1.272995715,1.729515711,63.7788501,57.6532489,63.15353116,3.094356621,-11.99807155,37.6413918,97.3566359,99.88725306,101.7502556,5.643592988,25.05581867,-1.16606555,7.219720339,1.878,-0.807,87.86384738,0.498662913,48317.0588,116.5417199,48317.0588,116.5417199,969.5,
beltzvilleCombined,595,,,,,,,,-10.95,-30.51427189,83.25527497,68.07388904,53.21845635,-12.25734475,-11.96576742,46.23279083,96.6292349,7.839390896,151.4571074,56.0780281,9.234021288,0.4454,62.40334894,1.878,-0.807,96.93109881,0.474436432,48317.0588,116.5417199,48317.0588,116.5417199,969.5,
beltzvilleCombined,596,,,,,,,,3.528895358,-30.18120096,77.63047927,69.15340045,41.7942028,-7.746432098,-13.78321384,41.82350116,86.39688166,11.10903186,166.9313371,62.35079155,11.43604442,-28.18322243,56.54899228,1.878,-0.807,79.8182678,0.635283069,48317.0588,116.5417199,48317.0588,116.5417199,969.5,
beltzvilleCombined,597,,,,,,,,-8.640836437,-24.68635874,97.22685254,58.94009056,51.97469441,-8.962018337,-22.74454567,25.55116481,59.3339535,0,143.8267327,84.7844,-1.2104,0.294504151,-1.414,1.878,-0.807,61.34336072,0.792943003,48317.0588,116.5417199,48317.0588,116.5417199,969.5,
beltzvilleCombined,598,,,,,,,,-10.53950069,-18.37632388,94.69517493,68.85979014,57.65985612,3.071463671,-22.56467362,42.89491451,81.60578088,26.97721676,224.3736108,-0.5901,15.70381689,-40.23010063,62.78794345,1.878,-0.807,19.37543804,0.419904295,48317.0588,116.5417199,48317.0588,116.5417199,969.5,
beltzvilleCombined,599,,,,,,,,-2.947889252,-42.56023793,80.97559432,49.25705854,15.35822069,0.035969487,-6.311753424,12.9570523,77.21561346,58.99835807,141.9631594,70.15503532,1.297505614,-6.172865234,10.61518681,1.878,-0.807,83.87470987,0.155086967,48317.0588,116.5417199,48317.0588,116.5417199,969.5,
beltzvilleCombined,600,,,,,,,,21.84166455,-30.34711616,77.68838022,63.82707888,42.56582704,10.48631505,-5.642398745,61.14236213,72.62670468,58.46574642,210.6845804,62.1750071,-0.227449256,-3.121750808,56.35348938,1.878,-0.807,0.137739566,0.598709506,48317.0588,116.5417199,48317.0588,116.5417199,969.5,
beltzvilleCombined,601,,,,,,,,-10.12573079,-40.73059927,80.11540846,40.42192605,25.17459589,-8.901410009,-35.07007865,2.751409919,67.53037892,12.79632772,152.6767755,69.06823485,0.684500724,-18.07669704,21.1322959,1.878,-0.807,48.2020389,0.584830338,48317.0588,116.5417199,48317.0588,116.5417199,969.5,
beltzvilleCombined,602,,,,,,,,1.708955119,3.61670592,64.71748095,1.269414155,64.5199346,-13.34057962,-19.10945198,45.41275294,100,85.26004463,101.1272946,6.92598814,53.33145824,-10.67564293,-1.414,1.878,-0.807,97.625,0.182572148,48317.0588,116.5417199,48317.0588,116.5417199,969.5,
beltzvilleCombined,603,,,,,,,,-10.95,-16.40958447,79.48042985,55.12892823,48.96550229,-7.752068858,-16.86673912,28.14873192,58.44413304,56.01331506,139.3302171,84.7844,-1.2104,0.294100591,-1.414,1.878,-0.807,66.71427088,0,48317.0588,116.5417199,48317.0588,116.5417199,969.5,
beltzvilleCombined,604,,,,,,,,-0.118149489,5.21,66.82813441,15.55288028,63.02964488,11.16,4.19082718,48.44205421,94.25222781,20.0056817,107.4075595,-0.5901,51.29498828,-38.88201046,7.788421055,1.878,-0.807,63.09657285,0.625673603,48317.0588,116.5417199,48317.0588,116.5417199,969.5,
beltzvilleCombined,605,,,,,,,,-10.95,-32.22832951,86.82105404,71.9428216,57.21389683,0.487346144,-12.04322366,44.26864995,95.09268245,22.12529402,168.994364,37.29820313,-1.2104,0.4454,63.516,1.878,-0.807,94.26894599,0.326209246,48317.0588,116.5417199,48317.0588,116.5417199,969.5,
beltzvilleCombined,606,,,,,,,,-1.653022342,3.722042222,64.99665817,46.96271752,64.99472785,-9.744762806,-2.78162916,40.27087416,90.57400022,8.317695358,129.4261323,3.169354045,23.99217737,-34.76117006,7.290007676,1.878,-0.807,65.82022375,0.680457978,48317.0588,116.5417199,48317.0588,116.5417199,969.5,
beltzvilleCombined,607,,,,,,,,-3.227338813,5.21,70.0128173,16.1105264,62.70729381,4.578895181,-19.26856214,36.66473045,95.97469851,94.22296211,129.2242327,57.10788299,-0.754098175,-38.57322354,5.498068069,1.878,-0.807,66.79089491,0.677504888,48317.0588,116.5417199,48317.0588,116.5417199,969.5,
beltzvilleCombined,608,,,,,,,,37.55598357,-3.827645241,62.72462821,59.79513255,89.02261207,-14.41,0.233289682,54.65297073,26.7726846,74.2507788,147.265843,18.67243173,1.842268184,-9.615966971,11.15023743,1.878,-0.807,70.03612484,0.703607382,48317.0588,116.5417199,48317.0588,116.5417199,969.5,
beltzvilleCombined,609,,,,,,,,-0.009712841,-41.79122334,62.94427834,48.50594929,10.67388516,0.653633734,-14.65540003,16.15196273,90.11986375,41.7702098,134.8318076,76.00045573,2.544541765,-3.785972838,8.383502648,1.878,-0.807,91.09118127,0.022876513,48317.0588,116.5417199,48317.0588,116.5417199,969.5,
beltzvilleCombined,610,,,,,,,,12.62801665,-35.91732703,82.75974148,67.49404191,31.3316302,-12.0966183,-37.75213122,24.5594908,58.1437494,80.52705372,157.604001,70.20010511,7.907157219,-17.26939911,21.94656126,1.878,-0.807,49.05188007,0.753597536,48317.0588,116.5417199,48317.0588,116.5417199,969.5,
beltzvilleCombined,611,,,,,,,,-10.95,-20.62064001,72.24421405,68.92176721,54.99043162,-1.141405028,-24.2771399,35.21793922,72.61890513,54.43316891,201.405882,6.312854993,40.04989382,-39.35566826,53.57751917,1.878,-0.807,87.546915,0.639675328,48317.0588,116.5417199,48317.0588,116.5417199,969.5,
beltzvilleCombined,612,,,,,,,,-10.20926344,-44.29,75.76501192,69.75224449,49.29853123,5.553172422,-24.09257182,53.39495331,76.24637186,45.72954354,130.1696941,22.62429642,4.549358444,-47.83702747,61.62015786,1.878,-0.807,93.36743172,0.239801513,48317.0588,116.5417199,48317.0588,116.5417199,969.5,
beltzvilleCombined,613,,,,,,,,-2.463484554,-39.430144,67.93521046,62.34381419,0.985937962,9.540536168,-23.8132822,59.10677018,70.70009703,54.42511104,206.1689618,81.79040213,-1.197762595,-3.6740292,16.48969817,1.878,-0.807,70.91402391,0.692606155,48317.0588,116.5417199,48317.0588,116.5417199,969.5,
beltzvilleCombined,614,,,,,,,,-5.966160405,-44.29,68.91597401,64.64850171,33.02336359,4.107736986,5.72,63.00542063,72.18611567,42.97860348,122.5429256,84.7844,6.862064802,-3.803291532,20.31708163,1.878,-0.807,83.78920439,0.16185258,48317.0588,116.5417199,48317.0588,116.5417199,969.5,
beltzvilleCombined,615,,,,,,,,-3.283851988,5.21,70.0128173,48.41547329,62.70729381,-6.67200824,-18.53196132,25.43046402,97.07027739,94.22296211,130.3812001,60.5806207,-0.852076895,-38.9652138,11.65440483,1.878,-0.807,81.05707984,0.567894707,48317.0588,116.5417199,48317.0588,116.5417199,969.5,
beltzvilleCombined,616,,,,,,,,-2.873057512,5.21,72.50512179,14.0197174,57.20162696,-14.41,-7.839026349,38.7318907,93.38896894,23.6081697,141.1206877,65.82021211,4.493348221,-3.047159193,4.805059526,1.878,-0.807,81.67135035,0,48317.0588,116.5417199,48317.0588,116.5417199,969.5,
beltzvilleCombined,617,,,,,,,,-10.89760047,-21.99137511,75.13183569,65.91805558,51.69685763,5.105403418,-41.98041637,29.38395809,81.79084349,40.97088815,147.7052257,9.285313569,7.524839072,-35.11755229,60.65681709,1.878,-0.807,26.99471483,0.811776287,48317.0588,116.5417199,48317.0588,116.5417199,969.5,
beltzvilleCombined,618,,,,,,,,-0.812965438,-34.44768131,83.92996221,69.31407472,39.40696576,-12.44330197,-0.761469637,42.56376552,93.95656616,12.68713496,165.3512538,44.83932682,7.39925447,-10.22823176,55.03790907,1.878,-0.807,2.033743473,0.068680303,48317.0588,116.5417199,48317.0588,116.5417199,969.5,
beltzvilleCombined,619,,,,,,,,-10.85729678,-24.62060367,73.28170345,69.2344358,58.45695264,4.573708785,-27.07379183,36.06386442,97.56973503,32.65341405,155.6120959,36.9282476,6.535420417,-44.05662951,61.60561881,1.878,-0.807,95.83208573,0.343740851,48317.0588,116.5417199,48317.0588,116.5417199,969.5,
beltzvilleCombined,620,,,,,,,,-10.63829525,-23.19509327,70.87850041,68.85771622,56.04307696,0.639373643,-34.25862855,39.40139116,77.91999296,29.05365616,157.1031209,5.706553156,-1.139939638,-39.0295242,56.06991386,1.878,-0.807,78.673101,0.544820936,48317.0588,116.5417199,48317.0588,116.5417199,969.5,
beltzvilleCombined,621,,,,,,,,-0.094951459,-28.43186792,83.80733861,51.50814459,23.80844013,-5.655683079,1.113132518,21.18558975,65.34570366,50.67467391,145.6449289,78.35833243,5.963945201,-0.691829567,6.11307725,1.878,-0.807,91.79720954,0.104696704,48317.0588,116.5417199,48317.0588,116.5417199,969.5,
beltzvilleCombined,622,,,,,,,,-10.95,-22.39782593,87.96931985,65.30232712,51.89363314,1.588542024,-25.62834963,29.33213193,77.50443938,55.87541287,158.6172777,0.559397023,34.95266236,-39.96369909,51.68985548,1.878,-0.807,44.67580073,0.51823645,48317.0588,116.5417199,48317.0588,116.5417199,969.5,
beltzvilleCombined,623,,,,,,,,-10.28112528,-22.70564438,96.34804703,68.00820205,55.8777816,6.223422308,-35.0538008,41.11831909,79.23257041,100,223.8839524,-0.5901,9.793340525,-44.00593024,57.05641887,1.878,-0.807,20.62833005,0.388242903,48317.0588,116.5417199,48317.0588,116.5417199,969.5,
beltzvilleCombined,624,,,,,,,,-1.643684162,5.21,72.69435733,9.257735204,60.73882028,-14.41,-15.89467624,38.40336276,97.00035932,43.60447069,128.7340541,7.959717317,37.6955247,-32.5006422,3.257614142,1.878,-0.807,73.28573066,0.459127796,48317.0588,116.5417199,48317.0588,116.5417199,969.5,
beltzvilleCombined,625,,,,,,,,-9.767891416,-44.23778778,83.61729554,37.59324608,4.697777361,-4.029230275,5.706940146,2.662872399,95.01247961,0,136.6188728,74.20428489,0.397399766,0.4454,2.011186858,1.878,-0.807,0,0.848395478,48317.0588,116.5417199,48317.0588,116.5417199,969.5,
beltzvilleCombined,626,,,,,,,,-4.657094979,5.21,68.75689489,9.333390937,72.64060246,-8.605398179,-15.05248496,26.36653501,95.59341525,100,132.8600569,55.71531204,-1.2104,-40.34658873,7.670719887,1.878,-0.807,61.25353042,0.674297444,48317.0588,116.5417199,48317.0588,116.5417199,969.5,
beltzvilleCombined,627,,,,,,,,-10.95,-17.64573582,67.89799024,63.67023444,51.78895136,2.461152729,-5.92761746,38.8382272,82.03708562,23.65063438,195.3543194,-0.5901,14.61471001,-52.3545,62.96256373,1.878,-0.807,79.01406221,0.646182333,48317.0588,116.5417199,48317.0588,116.5417199,969.5,
beltzvilleCombined,628,,,,,,,,-3.227338813,5.21,70.0128173,16.1105264,62.28235023,-6.67200824,-19.39692089,37.3219833,97.16074126,53.65772796,130.3812001,60.13097874,-0.754098175,0.23855219,4.559448224,1.878,-0.807,66.79858203,0.677504888,48317.0588,116.5417199,48317.0588,116.5417199,969.5,
beltzvilleCombined,629,,,,,,,,-10.95,-26.86572117,82.35363326,67.53544106,53.43965767,-12.42256618,-31.03532556,18.61054601,2.645240287,3.417347455,37.28583583,-0.5901,-1.079228211,-10.95789006,-1.414,1.878,-0.807,0.62055621,0.908673851,48317.0588,116.5417199,48317.0588,116.5417199,969.5,
beltzvilleCombined,630,,,,,,,,-10.41675633,-41.8182651,86.21947684,71.89665071,58.12647522,5.836512463,-36.48248826,42.0621198,70.63852476,9.081546734,152.6463728,1.089824087,2.631949537,-3.795062061,62.57609634,1.878,-0.807,20.63835892,0.849663841,48317.0588,116.5417199,48317.0588,116.5417199,969.5,
beltzvilleCombined,631,,,,,,,,-9.459405987,-16.40356607,76.47969792,57.46936124,47.80494081,-10.45427986,-24.09260063,25.13145883,65.19674194,60.76911755,137.8605441,83.81711616,-0.653000584,-3.157881431,-0.404575165,1.878,-0.807,64.43495107,0,48317.0588,116.5417199,48317.0588,116.5417199,969.5,
beltzvilleCombined,632,,,,,,,,-10.95,-44.29,80.88996672,47.5754827,14.69168108,-5.633055629,5.668242728,1.76,96.92092918,42.55283481,133.5228876,59.2717028,1.260100146,-12.41248736,7.846174512,1.878,-0.807,0,0.252983503,48317.0588,116.5417199,48317.0588,116.5417199,969.5,
beltzvilleCombined,633,,,,,,,,-1.572876111,-41.38275925,78.67673227,50.27090178,18.70288201,-4.989740416,-8.5403398,18.24366391,74.21466883,71.48209795,141.2090327,79.89524566,3.720067868,-13.32383813,13.70724584,1.878,-0.807,86.64298335,0.448481695,48317.0588,116.5417199,48317.0588,116.5417199,969.5,
beltzvilleCombined,634,,,,,,,,-4.180975966,-43.39179589,80.93495916,53.44308686,18.32305364,-5.219562018,-4.138295542,13.70841399,80.42524632,57.4359916,157.6757959,67.44741285,7.744483574,-5.166810492,12.6448836,1.878,-0.807,79.8447708,0.232005129,48317.0588,116.5417199,48317.0588,116.5417199,969.5,
beltzvilleCombined,635,,,,,,,,-9.93531463,-16.03559441,76.72680303,58.07796445,48.19317242,-10.35604371,-24.48603259,25.02085151,64.95130954,61.49310714,135.9920936,84.7844,-1.099555118,-2.378163315,-1.340975456,1.878,-0.807,64.63153994,0,48317.0588,116.5417199,48317.0588,116.5417199,969.5,
beltzvilleCombined,636,,,,,,,,-10.95,-19.6136817,85.48550277,65.58277928,56.13212504,-13.29351418,-29.28967875,40.80777304,100,59.78874602,156.5429701,45.52343939,9.327968261,-40.45015778,57.71334321,1.878,-0.807,90.73056383,0,48317.0588,116.5417199,48317.0588,116.5417199,969.5,
beltzvilleCombined,637,,,,,,,,-2.739179707,-38.22697471,79.09473372,53.72415427,18.38861804,0.487289553,-7.65571497,21.93767369,73.1339775,69.06421148,156.3487242,79.57969228,10.87504706,-11.44453932,19.4778544,1.878,-0.807,83.61798987,0.37502516,48317.0588,116.5417199,48317.0588,116.5417199,969.5,
beltzvilleCombined,638,,,,,,,,-6.156093365,-40.59199932,70.7100214,61.36550028,34.99460887,1.723465344,-16.14612982,56.75266021,82.77629552,43.51393365,72.10390092,30.99503612,11.68818542,-10.18789986,23.37597513,1.878,-0.807,74.28946735,0.248486686,48317.0588,116.5417199,48317.0588,116.5417199,969.5,
beltzvilleCombined,639,,,,,,,,-4.273202875,-37.63881018,84.51153457,67.20259195,43.33244632,-8.199977117,-31.1495482,46.09670056,89.83133252,20.90532514,142.304586,42.61483934,2.762353258,-4.15249177,54.51209168,1.878,-0.807,47.63103735,0.145059292,48317.0588,116.5417199,48317.0588,116.5417199,969.5,
beltzvilleCombined,640,,,,,,,,-1.624545644,5.21,87.47819102,7.700141502,59.13625005,-14.41,-26.25386977,42.1261294,100,28.22176818,141.5543063,9.359204192,4.929431575,-38.46705305,-1.414,1.878,-0.807,1.133097664,0.633102382,48317.0588,116.5417199,48317.0588,116.5417199,969.5,
beltzvilleCombined,641,,,,,,,,-10.87747799,-21.18961311,98.07951143,56.47721317,53.47149021,-12.95680137,-14.87492151,26.38668177,58.96666753,1.904930709,143.7264921,84.7844,-1.140325768,-1.359295812,-1.283119851,1.878,-0.807,62.79050667,0.051881143,48317.0588,116.5417199,48317.0588,116.5417199,969.5,
beltzvilleCombined,642,,,,,,,,-10.95,-44.29,82.79387433,37.64447583,16.75298033,-2.885114382,5.72,1.76,95.30854672,4.677785644,127.3408839,68.23966112,0.457506801,-1.992170067,4.249528338,1.878,-0.807,1.909828646,0.722161969,48317.0588,116.5417199,48317.0588,116.5417199,969.5,
beltzvilleCombined,643,,,,,,,,-10.94367294,-24.67097287,79.78798425,68.82099043,55.92149586,-9.651302888,-15.82927928,42.92094284,95.26848198,34.13441932,160.1660084,51.80263106,8.381892598,-1.941808388,61.63488976,1.878,-0.807,91.4773043,0.517995407,48317.0588,116.5417199,48317.0588,116.5417199,969.5,
beltzvilleCombined,644,,,,,,,,-3.095497534,-40.69195108,82.47387018,69.90300631,37.33604907,-6.858038434,-36.34686758,46.46037712,96.16147281,20.86466223,151.1888379,51.23488404,5.262251082,-10.2355055,59.17828204,1.878,-0.807,47.91533573,0.163869383,48317.0588,116.5417199,48317.0588,116.5417199,969.5,
beltzvilleCombined,645,,,,,,,,-8.917415996,-23.5699945,75.11930523,67.82121498,55.69453819,4.222080583,-29.48971021,40.1062525,99.04503845,35.23246536,159.4500379,36.59095474,6.374650745,-0.398923026,52.61755519,1.878,-0.807,90.67216157,0.376644515,48317.0588,116.5417199,48317.0588,116.5417199,969.5,
beltzvilleCombined,646,,,,,,,,-9.654180081,-21.38431868,72.28625675,68.09239826,57.28297112,1.735420482,-27.15260894,38.34781043,100,31.17652865,155.484288,41.42853692,0.837901593,-41.21573298,54.93584014,1.878,-0.807,89.95338072,0.539000124,48317.0588,116.5417199,48317.0588,116.5417199,969.5,
beltzvilleCombined,647,,,,,,,,39.95367972,-3.413992867,62.27144263,60.64174335,86.93926576,-14.1179022,3.636371852,56.41711718,28.7828468,64.39888212,154.3842687,27.80723311,36.66447029,-8.438099423,13.77452745,1.878,-0.807,57.27529578,0.78180063,48317.0588,116.5417199,48317.0588,116.5417199,969.5,
beltzvilleCombined,648,,,,,,,,4.203231304,5.21,61.32439226,12.62910584,61.65232405,-13.80735226,-3.246136644,49.33589084,43.0079713,100,93.87688517,-0.421078295,47.86121141,-36.82294033,1.755162838,1.878,-0.807,91.50667763,0.596937435,48317.0588,116.5417199,48317.0588,116.5417199,969.5,
beltzvilleCombined,649,,,,,,,,-10.92139998,-20.6027179,71.55657797,68.7250067,56.39993901,-4.214517263,-26.72869736,41.76194421,100,91.07645304,153.6126018,39.97869036,4.270927892,-33.65089874,63.516,1.878,-0.807,91.46972594,0.410714596,48317.0588,116.5417199,48317.0588,116.5417199,969.5,
beltzvilleCombined,650,,,,,,,,-10.54847218,-22.06951432,78.55888246,56.59215379,54.10969705,-11.2036355,-15.14898368,26.78513939,60.44091817,61.36025081,143.937988,83.22548875,-0.541562853,-1.974723571,-1.414,1.878,-0.807,61.76640646,0.056012599,48317.0588,116.5417199,48317.0588,116.5417199,969.5,
beltzvilleCombined,651,,,,,,,,15.69263953,5.21,63.23395082,23.54929192,73.40718042,9.702578254,-0.241613162,92.29621801,44.18484989,53.424292,240.9161,12.33001746,22.49051734,-20.80571468,17.04758772,1.878,-0.807,23.77951719,0.376282831,48317.0588,116.5417199,48317.0588,116.5417199,969.5,
beltzvilleCombined,652,,,,,,,,-9.99681553,-23.32826904,78.71706464,57.76638539,52.67579221,-9.889409931,-15.41389209,27.92941261,61.29461404,60.69377572,144.0296886,78.88671563,0.007457993,-4.59177787,3.684534698,1.878,-0.807,62.96054658,0.099640122,48317.0588,116.5417199,48317.0588,116.5417199,969.5,
beltzvilleCombined,653,,,,,,,,-5.27119397,-41.18979383,75.97984708,64.52338721,37.95330028,3.873160686,-9.922350392,18.50268746,75.69581791,73.53568138,158.6520301,75.39641995,7.759103639,-11.35388428,12.31453477,1.878,-0.807,81.0289726,0.716469874,48317.0588,116.5417199,48317.0588,116.5417199,969.5,
beltzvilleCombined,654,,,,,,,,-10.95,-24.99870679,72.07573079,67.29777093,53.47334343,5.451829119,-27.13002249,37.5703187,79.73444044,28.65862195,155.1684816,-0.5901,0.850487838,-42.45717531,57.51522914,1.878,-0.807,18.82465933,0.580515726,48317.0588,116.5417199,48317.0588,116.5417199,969.5,
beltzvilleCombined,655,,,,,,,,-0.905074362,-42.36675178,78.45168995,54.28572252,19.48915711,-10.34966699,-6.440477957,18.71776154,77.91057828,65.97085056,134.5272668,60.86376653,3.728070741,-13.13570211,10.0203004,1.878,-0.807,86.34437169,0.458459917,48317.0588,116.5417199,48317.0588,116.5417199,969.5,
beltzvilleCombined,656,,,,,,,,-10.95,-44.29,73.91816524,64.09299424,36.23015634,3.010238893,-9.564230919,46.85718564,78.33552524,44.18165829,47.87311182,29.94801723,4.829212141,-12.06027919,13.70352661,1.878,-0.807,90.50620926,0.20344891,48317.0588,116.5417199,48317.0588,116.5417199,969.5,
beltzvilleCombined,657,,,,,,,,-7.073805954,-27.96688056,90.60440812,73.72088344,53.95583849,5.156935323,-35.22387263,40.50287481,81.38302883,92.70288793,220.3341232,-0.5901,11.87644487,-40.46585199,56.87497188,1.878,-0.807,29.61628124,0.483881794,48317.0588,116.5417199,48317.0588,116.5417199,969.5,
beltzvilleCombined,658,,,,,,,,-10.63550121,-23.01327984,73.72676845,69.19490837,54.4045355,7.269618348,-30.86447963,30.67688146,76.2623721,52.06586887,160.5532081,-0.497188643,4.170484313,-44.52467282,52.88696883,1.878,-0.807,39.3169124,0.463894425,48317.0588,116.5417199,48317.0588,116.5417199,969.5,
beltzvilleCombined,659,,,,,,,,-8.806649972,-24.73547843,97.68446662,59.11263083,52.24099159,-9.079539696,-22.72940836,25.05640084,58.9116567,0,143.5328076,84.7844,-1.2104,0.4454,-1.414,1.878,-0.807,61.42477053,0.800763968,48317.0588,116.5417199,48317.0588,116.5417199,969.5,
beltzvilleCombined,660,,,,,,,,-10.95,-21.75008001,90.26871601,66.3591321,54.73686964,0.680685502,-6.709472385,38.96816281,76.9338871,83.30222056,206.1618356,4.44894453,12.42672963,-37.35997356,57.59924279,1.878,-0.807,15.35761638,0.691986959,48317.0588,116.5417199,48317.0588,116.5417199,969.5,
beltzvilleCombined,661,,,,,,,,-10.77975007,-24.12584948,73.86727409,69.22277607,60.40753409,4.417686354,-27.13578871,35.64822158,99.98554247,33.23710563,157.2034774,36.17056742,7.521343696,-44.32763635,61.38541356,1.878,-0.807,96.63531024,0.334104787,48317.0588,116.5417199,48317.0588,116.5417199,969.5,
beltzvilleCombined,662,,,,,,,,-10.95,-23.30352444,94.54784967,71.07991695,55.78415683,0.56652723,-35.417266,42.9685988,81.93677876,98.73074937,216.7245499,0.485926759,-1.2104,-44.01827814,58.93476044,1.878,-0.807,51.67959296,0.42741955,48317.0588,116.5417199,48317.0588,116.5417199,969.5,
beltzvilleCombined,663,,,,,,,,-1.449590498,3.379832052,71.24899563,48.8511275,62.43086378,-1.713544919,-10.08024737,32.95707813,7.696537131,20.32915203,138.0758653,60.25711673,0.778644662,-17.60683153,-0.796238742,1.878,-0.807,77.8299605,0.086610774,48317.0588,116.5417199,48317.0588,116.5417199,969.5,
beltzvilleCombined,664,,,,,,,,-1.419295924,5.21,80.4566284,9.219370324,67.6484966,5.318213233,-20.48434199,40.70294169,89.06931587,37.11199652,128.1514632,4.919078321,2.374452881,-37.79144265,9.576186951,1.878,-0.807,77.0818172,0.025835345,48317.0588,116.5417199,48317.0588,116.5417199,969.5,
beltzvilleCombined,665,,,,,,,,78.70942006,-27.89849937,74.45260847,76.52717649,0.220508351,-14.38557032,-42.59840114,28.26509084,86.99949538,6.82968078,187.6036456,79.03979179,1.963167774,-35.48415597,31.19094318,1.878,-0.807,97.29637042,0.043006559,48317.0588,116.5417199,48317.0588,116.5417199,969.5,
beltzvilleCombined,666,,,,,,,,-10.95,-19.89429542,95.20917492,68.34575171,55.76068501,4.733719101,-41.29238116,40.98881617,93.29711713,96.23691852,159.4085005,-0.5901,3.075442701,-44.44264848,61.82681915,1.878,-0.807,11.96178738,0.49514023,48317.0588,116.5417199,48317.0588,116.5417199,969.5,
beltzvilleCombined,667,,,,,,,,-1.406216597,5.21,72.4136161,13.83456959,52.66342272,-13.89998578,-10.13525972,36.821101,93.72244002,23.23058815,139.9795175,69.46390635,3.368650455,-6.96456057,-1.414,1.878,-0.807,82.24600561,0,48317.0588,116.5417199,48317.0588,116.5417199,969.5,
beltzvilleCombined,668,,,,,,,,-10.15250024,-18.92096951,68.93064684,67.77547424,56.82258597,4.123392711,-41.28962106,41.33881871,67.63655666,37.67086785,150.2851367,0.46681522,-1.15902303,-41.85520251,57.16718942,1.878,-0.807,13.43360624,0.439757647,48317.0588,116.5417199,48317.0588,116.5417199,969.5,
beltzvilleCombined,669,,,,,,,,0.711185734,5.21,67.98365476,0.031750786,63.84924062,-8.636907957,-12.16740854,44.05355637,96.83670181,91.85791093,120.4253498,13.32328827,38.80850129,-29.73777154,-1.414,1.878,-0.807,65.36970398,0.622713181,48317.0588,116.5417199,48317.0588,116.5417199,969.5,
beltzvilleCombined,670,,,,,,,,-10.53767483,-19.89935581,84.88024623,67.4077244,54.24318153,-0.11599863,-28.83220372,34.22165554,89.0889593,59.24108119,235.2152624,4.957552857,43.69459076,-42.68825403,54.29631067,1.878,-0.807,88.79148782,0.694799636,48317.0588,116.5417199,48317.0588,116.5417199,969.5,
beltzvilleCombined,671,,,,,,,,-10.95,-18.45573844,75.65409927,70.90168093,65.88443934,6.015855352,-14.3186674,40.60436539,73.66797861,22.78184388,152.5494932,51.62308216,3.130491354,-38.41376397,57.00426525,1.878,-0.807,31.88207602,0.382921296,48317.0588,116.5417199,48317.0588,116.5417199,969.5,
beltzvilleCombined,672,,,,,,,,-1.462545553,5.21,65.91791117,18.80885385,63.59075969,-6.36954943,-18.10301046,39.50524178,97.87105587,93.55513195,123.6091648,6.186465127,45.55892945,-44.81355064,8.071179011,1.878,-0.807,68.25765291,0.640276189,48317.0588,116.5417199,48317.0588,116.5417199,969.5,
beltzvilleCombined,673,,,,,,,,-10.87518053,-44.29,75.80363121,67.87893762,33.38057756,3.355479312,-11.22443001,58.25876932,78.68511031,43.41399346,16.07433796,25.37317722,1.718684173,-9.221383035,12.14433652,1.878,-0.807,94.13671794,0.097787096,48317.0588,116.5417199,48317.0588,116.5417199,969.5,
beltzvilleCombined,674,,,,,,,,-9.605617248,-29.71157822,92.32703085,68.4813007,64.66526587,-6.423903148,-22.35446236,42.60534978,70.83804175,21.60366592,150.2685431,41.84364254,15.67872645,0.4454,56.83968534,1.878,-0.807,18.83115843,0.006764353,48317.0588,116.5417199,48317.0588,116.5417199,969.5,
beltzvilleCombined,675,,,,,,,,-0.198822078,4.241238744,68.46248458,13.8154189,65.48678088,5.142177578,-21.09588883,38.64753965,85.91327795,45.13779895,137.6171607,11.18333386,42.89453172,-36.95862477,7.008245263,1.878,-0.807,72.46668039,0.460607849,48317.0588,116.5417199,48317.0588,116.5417199,969.5,
beltzvilleCombined,676,,,,,,,,79.63,-2.298754151,75.44966544,78.58047144,0,-14.41,-45.21,34.56665718,94.25393766,9.241566521,197.2946811,79.72770839,3.932424839,-45.13526854,37.2430599,1.878,-0.807,97.625,0.162760251,48317.0588,116.5417199,48317.0588,116.5417199,969.5,
beltzvilleCombined,677,,,,,,,,1.087144269,3.753404865,64.39939519,2.986596688,62.37319304,-10.18521193,-27.96769265,40.005538,76.3093085,97.58962623,155.0556799,7.323214348,0.445406336,-35.55227883,-0.630603091,1.878,-0.807,37.81559017,0.02608468,48317.0588,116.5417199,48317.0588,116.5417199,969.5,
beltzvilleCombined,678,,,,,,,,-10.95,-18.35126491,75.70805105,70.94595061,65.98562026,6.107705766,-14.09012661,40.72725505,73.55188648,22.73746784,152.5778203,51.48612166,3.062514059,-38.49674592,56.99051495,1.878,-0.807,31.9062821,0.383587534,48317.0588,116.5417199,48317.0588,116.5417199,969.5,
beltzvilleCombined,679,,,,,,,,-10.95,-30.2669559,83.03929218,67.78433942,54.2347177,-11.3214635,-11.5983106,44.06379417,98.63128996,7.430475764,157.48177,56.25278191,9.035884654,0.4454,56.56407822,1.878,-0.807,97.52134094,0.44135004,48317.0588,116.5417199,48317.0588,116.5417199,969.5,
beltzvilleCombined,680,,,,,,,,37.0342445,-4.795225304,62.99501358,60.21902641,83.73599072,-13.3411858,-1.643453815,48.68921194,35.09982964,69.52176288,154.9365309,17.04838596,2.700710875,-17.46832504,7.306492549,1.878,-0.807,60.26532252,0.833642416,48317.0588,116.5417199,48317.0588,116.5417199,969.5,
beltzvilleCombined,681,,,,,,,,-8.905237041,-23.49874351,73.60557377,68.54439024,56.93823543,0.088976767,-28.307541,52.42367798,100,77.42134853,153.5844274,44.56433352,6.294696912,-1.038631658,56.65946779,1.878,-0.807,93.5833487,0.383330599,48317.0588,116.5417199,48317.0588,116.5417199,969.5,
beltzvilleCombined,682,,,,,,,,-2.009756006,5.21,68.65738958,25.42282256,64.9604235,-14.41,-21.60413069,28.40515745,86.93118617,92.00733112,130.0616376,3.71076466,31.61041168,-41.91134054,-1.414,1.878,-0.807,52.48349697,0.90503726,48317.0588,116.5417199,48317.0588,116.5417199,969.5,
beltzvilleCombined,683,,,,,,,,-10.77861261,-27.57361385,75.28427661,77.70867479,5.50890621,-0.214215545,-26.04898845,30.42784007,88.41229446,68.56469311,201.1841259,80.34179162,-0.737687631,-32.8423624,37.87895158,1.878,-0.807,90.48752238,0.013690137,48317.0588,116.5417199,48317.0588,116.5417199,969.5,
beltzvilleCombined,684,,,,,,,,-10.95,-23.07478556,90.67652971,68.5716574,55.85318608,5.923942174,-6.850151233,38.16050993,86.28667221,92.66201404,212.5822874,-0.5901,9.831958038,-37.6300636,60.71897774,1.878,-0.807,5.435431904,0.60995662,48317.0588,116.5417199,48317.0588,116.5417199,969.5,
beltzvilleCombined,685,,,,,,,,-3.155091139,-43.19996185,78.08415574,56.23786125,21.17347373,-7.575397498,-14.51861267,20.03662159,72.07632558,70.71746661,162.7476346,76.55099666,6.821623267,-18.43400336,18.37886065,1.878,-0.807,80.38722234,0.513301284,48317.0588,116.5417199,48317.0588,116.5417199,969.5,
beltzvilleCombined,686,,,,,,,,70.98707285,-0.584332758,76.35919696,77.56409451,0.181846033,-12.82727591,-45.21,24.78252854,12.63348881,23.32121837,196.6906617,82.07663477,4.412281228,-33.98174458,32.26988405,1.878,-0.807,91.48092367,0.026049909,48317.0588,116.5417199,48317.0588,116.5417199,969.5,
beltzvilleCombined,687,,,,,,,,-3.313061311,5.21,70.09506572,14.23703946,64.54058438,2.522680321,-21.61792213,36.53109768,87.55704909,100,117.6865355,0.272033833,42.5877062,-38.78361033,10.73463967,1.878,-0.807,69.49181327,0.51647715,48317.0588,116.5417199,48317.0588,116.5417199,969.5,
beltzvilleCombined,688,,,,,,,,0.325777848,3.662916371,64.25124273,17.82346821,62.78680846,-8.723496785,-10.23213557,39.02513472,63.1343923,99.42564234,112.0449899,7.733988623,46.50053718,-36.95342215,-1.312837533,1.878,-0.807,80.2992676,0.885402142,48317.0588,116.5417199,48317.0588,116.5417199,969.5,
beltzvilleCombined,689,,,,,,,,1.600572911,3.405992884,66.08599619,57.42183835,63.35148405,2.062124002,-16.02447587,44.20934905,96.50151683,11.47603203,120.3994542,80.50060996,42.37710074,-39.47469823,5.546470797,1.878,-0.807,64.83706724,0.386060861,48317.0588,116.5417199,48317.0588,116.5417199,969.5,
beltzvilleCombined,690,,,,,,,,-10.95,-44.29,74.12836115,66.22410331,34.23757821,2.376872107,-7.577413367,52.6817816,75.52345213,40.82187786,22.60938786,30.48784461,-0.404461446,-8.753702259,20.03793854,1.878,-0.807,92.33622632,0,48317.0588,116.5417199,48317.0588,116.5417199,969.5,
beltzvilleCombined,691,,,,,,,,-2.356115001,5.21,68.93187482,49.14610655,65.94464529,-0.252539519,-5.09030117,32.26465497,89.70224556,12.38729988,189.1176761,82.98899091,0.567000789,-3.909318333,2.223793589,1.878,-0.807,74.31269546,0.258011359,48317.0588,116.5417199,48317.0588,116.5417199,969.5,
beltzvilleCombined,692,,,,,,,,36.75720622,-3.779137906,62.44693099,58.51688631,85.97585779,-14.15321246,-3.33227841,54.1438527,34.33211395,72.30595588,154.2817982,21.42837927,0.805627328,-11.90737888,14.39969982,1.878,-0.807,65.82182988,0.704564378,48317.0588,116.5417199,48317.0588,116.5417199,969.5,
beltzvilleCombined,693,,,,,,,,31.75992875,-4.162164871,63.47231793,59.73995434,83.24598256,-12.55417418,-1.850943362,51.23443067,35.32951463,67.6515289,154.4668774,23.25416381,2.402303526,-13.39345373,13.65055121,1.878,-0.807,65.08963527,0.711273894,48317.0588,116.5417199,48317.0588,116.5417199,969.5,
beltzvilleCombined,694,,,,,,,,22.46511172,-42.95552468,67.55349899,63.85141448,17.06288955,10.88486662,-5.952062187,62.58369185,72.89408469,55.27068273,209.9077247,62.86411326,-1.2104,-2.638059332,41.64657038,1.878,-0.807,0,0.588860324,48317.0588,116.5417199,48317.0588,116.5417199,969.5,
beltzvilleCombined,695,,,,,,,,-2.352588241,5.21,70.65954486,13.79174174,62.67451264,11.16,-14.85452066,23.58760768,30.82131706,100,173.1448771,6.865142298,41.71541006,-34.39704039,0.385707172,1.878,-0.807,71.30596856,0.905977587,48317.0588,116.5417199,48317.0588,116.5417199,969.5,
beltzvilleCombined,696,,,,,,,,-1.515184854,4.026367226,71.60383949,16.77845824,59.94930946,-14.41,-22.67117761,20.57975849,100,94.8391067,175.6742034,5.021099028,1.259997355,-35.39759432,5.425127554,1.878,-0.807,82.48087566,0.824982799,48317.0588,116.5417199,48317.0588,116.5417199,969.5,
beltzvilleCombined,697,,,,,,,,-4.62105297,-39.69737232,85.92884815,74.05274063,42.59526439,-9.645089335,-35.20593139,48.80756354,90.08494099,16.44017328,142.9106044,42.18044301,2.866494783,-0.145303291,56.74993068,1.878,-0.807,46.38699418,0.126218889,48317.0588,116.5417199,48317.0588,116.5417199,969.5,
beltzvilleCombined,698,,,,,,,,15.03433247,-36.40906399,82.14350955,59.05642047,29.99173551,-6.875256887,-39.71920806,2.410343754,95.99563496,23.67262112,173.1236197,6.623302781,1.464548325,-51.40707956,-0.611559511,1.878,-0.807,4.493058749,0.440800831,48317.0588,116.5417199,48317.0588,116.5417199,969.5,
beltzvilleCombined,699,,,,,,,,-4.436817735,-34.73734131,82.7861691,67.23124869,37.88404586,-9.391165162,-24.27401491,42.4178223,78.72245144,34.06026207,151.5494728,9.080914211,9.291382487,-3.450775022,57.04858782,1.878,-0.807,85.48737747,0.083411812,48317.0588,116.5417199,48317.0588,116.5417199,969.5,
beltzvilleCombined,700,,,,,,,,-10.95,-43.17484859,77.31925295,47.91066823,15.99463014,-9.384864973,-10.5796196,9.987138647,61.58753287,46.62303644,141.0100459,64.62420816,0.465329911,-2.507839317,8.805983263,1.878,-0.807,15.01145499,0.709735179,48317.0588,116.5417199,48317.0588,116.5417199,969.5,
beltzvilleCombined,701,,,,,,,,-9.904066657,-43.65518359,82.05253004,41.74813077,13.18719444,-4.575298848,4.906732015,1.983437297,96.0914467,10.76824927,131.3396015,61.36857028,-1.164907614,-4.238823062,7.773245397,1.878,-0.807,1.188096782,0.751895109,48317.0588,116.5417199,48317.0588,116.5417199,969.5,
beltzvilleCombined,702,,,,,,,,-1.653022342,3.722042222,64.99665817,46.96271752,64.99472785,-9.744762806,-2.78162916,40.27087416,90.57400022,8.317695358,129.4261323,3.169354045,24.40556987,-34.76117006,1.01568901,1.878,-0.807,65.82022375,0.680457978,48317.0588,116.5417199,48317.0588,116.5417199,969.5,
beltzvilleCombined,703,,,,,,,,-9.344496191,-23.11876905,98.18309009,56.9891075,54.89085297,6.266021233,-31.89564734,26.36690224,57.10294965,2.117452836,134.4202937,84.52257866,-0.547747109,-1.655158209,-1.036253815,1.878,-0.807,62.75111747,0.690011492,48317.0588,116.5417199,48317.0588,116.5417199,969.5,
beltzvilleCombined,704,,,,,,,,-4.392754652,-39.01122503,71.9200327,62.75380691,33.44583135,3.288505433,-17.3572451,59.06620364,84.38271317,45.48645182,78.86296948,36.90146827,13.33840656,-7.709938038,53.61011272,1.878,-0.807,42.51001685,0.348651438,48317.0588,116.5417199,48317.0588,116.5417199,969.5,
beltzvilleCombined,705,,,,,,,,-10.78330204,-21.10479174,97.69870769,56.91013335,53.53899602,-12.52127856,-22.22987023,26.57447247,59.34409391,2.920424315,143.8293128,84.19646521,-1.05234627,-1.798001283,-1.134864326,1.878,-0.807,62.58214646,0.795227728,48317.0588,116.5417199,48317.0588,116.5417199,969.5,
beltzvilleCombined,706,,,,,,,,-0.268227748,5.21,65.49266553,18.4860825,63.45777834,-4.177328048,-20.43441832,37.56598192,89.57696612,88.72344438,123.0200756,5.992989745,48.70766697,-45.71068011,2.793991163,1.878,-0.807,71.7522841,0.780869085,48317.0588,116.5417199,48317.0588,116.5417199,969.5,
beltzvilleCombined,707,,,,,,,,17.96333185,-38.43499705,82.99949423,71.45168328,30.70031655,-6.615066186,-30.25336195,13.53595557,90.8218792,9.052643408,167.2576933,23.18799705,-0.337591177,-44.96661754,0.50437185,1.878,-0.807,4.582458791,0.957,48317.0588,116.5417199,48317.0588,116.5417199,969.5,
beltzvilleCombined,708,,,,,,,,-5.988976169,-22.90422541,82.74648,75.05157382,57.39927709,-14.35579802,-35.6672359,55.16590753,88.27678504,87.50078693,145.9107349,48.68766301,-1.2104,-52.3545,62.42149083,1.878,-0.807,70.16069453,0.957,48317.0588,116.5417199,48317.0588,116.5417199,969.5,
beltzvilleCombined,709,,,,,,,,-7.059989353,-43.07120056,66.28302493,63.47236346,33.36475415,0.908927314,-14.22687597,62.63323993,89.66973058,43.52796017,49.13669569,31.13307105,10.3302183,-8.871161225,22.19698549,1.878,-0.807,84.77902153,0.138585396,48317.0588,116.5417199,48317.0588,116.5417199,969.5,
beltzvilleCombined,710,,,,,,,,-10.95,-30.35294658,83.18059378,66.97492348,51.67548162,-11.18359895,-12.72998166,42.18783726,95.16173068,13.5410678,158.1486063,49.0487097,10.69721456,-0.68213632,56.44192523,1.878,-0.807,92.69634315,0.789316185,48317.0588,116.5417199,48317.0588,116.5417199,969.5,
beltzvilleCombined,711,,,,,,,,-3.395371066,5.21,73.40568019,42.35079372,71.23682404,1.323302379,-42.43156602,37.12698442,97.11465572,94.32410501,154.9686493,21.48050874,29.55141006,-12.15846789,18.75485284,1.878,-0.807,48.32564892,0.82407703,48317.0588,116.5417199,48317.0588,116.5417199,969.5,
beltzvilleCombined,712,,,,,,,,9.50337621,-15.99342835,79.82980525,79.24,23.63798952,-9.067704878,-26.85880187,34.21082542,83.00374422,14.54135952,185.7900404,81.35044405,12.82035707,-36.83909087,30.43649953,1.878,-0.807,89.3644784,0.396572924,48317.0588,116.5417199,48317.0588,116.5417199,969.5,
beltzvilleCombined,713,,,,,,,,-1.570857759,3.726119125,65.77551529,46.15153895,61.10726514,-10.15578037,-4.94086076,38.58877971,98.83184254,13.47281854,131.1966897,12.13744577,41.61080403,-31.87363523,8.424450346,1.878,-0.807,69.75068455,0.655376271,48317.0588,116.5417199,48317.0588,116.5417199,969.5,
beltzvilleCombined,714,,,,,,,,-6.858583904,-25.45583082,88.48032984,73.45077494,52.46409022,-14.36735477,-37.03352791,44.04607164,92.38397444,38.13871507,156.4545704,51.26839893,0.415843687,-50.49000845,56.95135,1.878,-0.807,50.50916978,0.138528149,48317.0588,116.5417199,48317.0588,116.5417199,969.5,
beltzvilleCombined,715,,,,,,,,-10.01421139,-19.02697889,79.54692225,58.38907931,45.50887975,-5.053738054,-23.0103229,22.35164868,65.62338919,67.48249821,139.5539559,75.29801625,-1.2104,-1.910044033,3.005813057,1.878,-0.807,60.94200827,0.22451445,48317.0588,116.5417199,48317.0588,116.5417199,969.5,
beltzvilleCombined,716,,,,,,,,-10.95,-19.15991936,96.05408589,71.98775159,59.67694628,5.389774905,-25.05158206,44.11082049,78.72647378,98.36695454,226.9368704,2.535199231,16.75130957,-42.14564832,59.70339065,1.878,-0.807,22.81059432,0.446555627,48317.0588,116.5417199,48317.0588,116.5417199,969.5,
beltzvilleCombined,717,,,,,,,,-2.884623401,5.21,75.95810849,14.87803489,66.50311268,-14.41,-16.22484541,53.66111833,93.00966372,0.788117105,127.5024589,-0.5901,48.26692866,-39.25391867,2.5151409,1.878,-0.807,49.7040484,0.399710713,48317.0588,116.5417199,48317.0588,116.5417199,969.5,
beltzvilleCombined,718,,,,,,,,-1.01458653,-41.00750796,76.41523169,53.12166411,21.52385072,-9.290485045,-9.04984267,18.77854712,73.26326183,72.13280793,155.5451212,77.27653632,6.451918738,-15.87550382,22.59306941,1.878,-0.807,57.67758741,0.690592681,48317.0588,116.5417199,48317.0588,116.5417199,969.5,
beltzvilleCombined,719,,,,,,,,-10.95,-24.86063188,76.53491879,65.68133495,51.15192509,-6.303068499,-37.41782685,14.26714768,98.98566512,66.73052118,176.2710559,-0.5901,32.22753818,-22.57982147,-1.414,1.878,-0.807,0,0.128620717,48317.0588,116.5417199,48317.0588,116.5417199,969.5,
beltzvilleCombined,720,,,,,,,,-10.95,-21.05565173,68.47099146,65.95820812,53.93326108,2.033119216,-29.71231487,28.90888492,76.79624602,57.61566589,158.7501817,-0.5901,41.67855936,-40.51416635,55.22914797,1.878,-0.807,38.74722455,0.619620739,48317.0588,116.5417199,48317.0588,116.5417199,969.5,
beltzvilleCombined,721,,,,,,,,79.63,-28.55116188,75.98427502,79.24,0,-14.41,-45.21,35.10097553,95.72297571,7.090559315,200.1321276,81.58666411,5.022066331,-48.55552268,38.23315826,1.878,-0.807,97.625,0.09901585,48317.0588,116.5417199,48317.0588,116.5417199,969.5,
beltzvilleCombined,722,,,,,,,,-10.95,-19.58980257,69.75771778,68.30001901,57.55232408,-2.950008703,-24.33454285,45.68860842,99.25141284,95.77342903,153.166028,40.38619795,4.57460424,-34.32377407,63.516,1.878,-0.807,91.09965914,0.399500894,48317.0588,116.5417199,48317.0588,116.5417199,969.5,
beltzvilleCombined,723,,,,,,,,-6.433284293,-41.74424456,80.10963071,48.5160095,16.71152223,0.535576215,-8.594163695,14.08669427,79.81645994,67.17844709,140.985443,66.70137068,4.066395238,-14.29248572,12.03889384,1.878,-0.807,80.13335015,0.554246354,48317.0588,116.5417199,48317.0588,116.5417199,969.5,
beltzvilleCombined,724,,,,,,,,-10.95,-41.90037228,84.39768054,30.71038033,0,-3.770219902,-15.45055737,1.76,95.0778224,0,131.680739,74.73064883,-1.2104,0.4454,2.211789492,1.878,-0.807,0,0.835653497,48317.0588,116.5417199,48317.0588,116.5417199,969.5,
beltzvilleCombined,725,,,,,,,,-10.95,-22.73784838,90.93495487,69.64042848,56.06287225,10.67260343,-10.26379043,34.84614341,48.99003223,17.20453746,165.3850329,82.08584447,9.783831472,0.199286346,10.00790247,1.878,-0.807,57.24954113,0.923992625,48317.0588,116.5417199,48317.0588,116.5417199,969.5,
beltzvilleCombined,726,,,,,,,,26.81283196,3.118799363,71.59989897,61.24024912,6.515722388,9.758086798,-26.0738671,59.01525879,77.63228199,57.00295767,199.7680557,78.89006817,19.22901878,-6.489086309,47.22529641,1.878,-0.807,11.1368122,0.333576181,48317.0588,116.5417199,48317.0588,116.5417199,969.5,
beltzvilleCombined,727,,,,,,,,-7.84726268,-25.70516624,74.09051395,68.65122379,55.70662705,-5.192546753,-29.66351866,45.44766011,97.07936808,89.66137724,161.8581527,37.69924872,3.081330545,-35.30929952,63.516,1.878,-0.807,96.35301169,0.412669847,48317.0588,116.5417199,48317.0588,116.5417199,969.5,
beltzvilleCombined,728,,,,,,,,-9.419522522,5.21,70.80570016,18.24116411,75.77261815,5.846519852,-9.681866781,19.14203469,9.972019635,33.85246687,190.761974,13.33526317,-0.160115464,-45.25393581,0.172639708,1.878,-0.807,0,0.921965248,48317.0588,116.5417199,48317.0588,116.5417199,969.5,
beltzvilleCombined,729,,,,,,,,-10.8273516,-38.17634064,79.82712536,68.30904646,52.34497748,-2.745037474,-36.51000974,18.13464163,90.69759176,83.95735389,173.7446449,43.52843937,2.805215369,-21.1259608,-0.549806315,1.878,-0.807,37.19728822,0.679978823,48317.0588,116.5417199,48317.0588,116.5417199,969.5,
beltzvilleCombined,730,,,,,,,,-10.95,-32.3579648,67.73012981,66.85335914,49.17541984,11.16,-13.43835479,43.56420819,97.50980728,77.36843291,155.8570748,81.62588767,4.105002288,-1.108367329,38.04191065,1.878,-0.807,79.13266903,0.700033373,48317.0588,116.5417199,48317.0588,116.5417199,969.5,
beltzvilleCombined,731,,,,,,,,-8.602501792,-19.58218848,71.33029539,66.49675943,54.61978455,-0.027211531,-31.05256253,59.19028848,98.05093558,31.69107035,150.2969532,38.57375005,6.881941617,-2.19062985,52.27383536,1.878,-0.807,88.41170658,0.614894397,48317.0588,116.5417199,48317.0588,116.5417199,969.5,
beltzvilleCombined,732,,,,,,,,-0.439972819,-40.76165728,77.5831078,56.19941024,22.00902075,1.001431013,-9.922023462,20.75891888,73.52345715,66.58014819,155.5028257,76.55153659,7.548082362,-16.49788697,17.90763258,1.878,-0.807,73.05975851,0.485028256,48317.0588,116.5417199,48317.0588,116.5417199,969.5,
beltzvilleCombined,733,,,,,,,,-4.072712547,-41.79178775,78.41851261,52.19049108,18.59236771,-1.491742505,-8.244591595,17.57742648,81.64479221,49.5871746,137.1526557,67.6700378,-0.829234467,-17.95716186,11.14984308,1.878,-0.807,84.0516697,0.174709875,48317.0588,116.5417199,48317.0588,116.5417199,969.5,
beltzvilleCombined,734,,,,,,,,-7.158586784,-40.8915042,79.90181255,64.89285588,36.09374771,3.541309392,-3.442893144,59.80896307,85.39616483,45.05813977,138.4329464,31.93075318,2.223068951,-6.021944032,20.10738534,1.878,-0.807,76.37367776,0.249932591,48317.0588,116.5417199,48317.0588,116.5417199,969.5,
beltzvilleCombined,735,,,,,,,,-10.7981955,-44.29,74.3307681,65.78475571,32.85186034,5.793925792,-5.171554013,57.87655879,75.41407182,50.72229773,8.144782285,29.00289148,-1.2104,-9.993301792,9.039763943,1.878,-0.807,97.27635637,0.119133981,48317.0588,116.5417199,48317.0588,116.5417199,969.5,
beltzvilleCombined,736,,,,,,,,-10.95,-16.86432085,79.45301799,58.41428913,47.83168317,-4.817077288,-22.73704708,23.48774226,64.96394904,69.08971558,138.8987133,74.82981421,-1.2104,-0.243054936,2.746028094,1.878,-0.807,60.52404936,0.221991875,48317.0588,116.5417199,48317.0588,116.5417199,969.5,
beltzvilleCombined,737,,,,,,,,19.73144528,-38.58917975,82.37700883,71.94264101,32.36801848,-11.74946455,-33.94250439,16.08760563,97.12948158,5.267637112,166.3226028,20.72497256,-1.2104,-39.85400682,-0.849957578,1.878,-0.807,4.983770506,0.957,48317.0588,116.5417199,48317.0588,116.5417199,969.5,
beltzvilleCombined,738,,,,,,,,-10.44541213,-18.9258084,86.46542637,67.52446836,59.28955049,-14.41,-29.59873718,42.45730907,98.64181321,62.92922908,156.3754212,44.76543619,7.848215049,-43.02827318,60.70026319,1.878,-0.807,95.16046699,0,48317.0588,116.5417199,48317.0588,116.5417199,969.5,
beltzvilleCombined,739,,,,,,,,-9.747668432,-21.97835179,78.49664404,58.42933117,45.01378885,-9.648132094,-24.33669574,26.72297219,74.18043436,54.4637964,151.9936654,73.76590672,2.339212126,-6.321109977,12.14871807,1.878,-0.807,59.10321631,0.045899839,48317.0588,116.5417199,48317.0588,116.5417199,969.5,
beltzvilleCombined,740,,,,,,,,-10.64022429,-19.73423016,74.59556522,66.76484648,54.39510695,-14.40148377,-27.90131862,31.43551333,76.25947982,91.68510954,158.7893704,-0.395225416,37.33557716,-44.50570067,57.04039023,1.878,-0.807,40.11074741,0.219796847,48317.0588,116.5417199,48317.0588,116.5417199,969.5,
beltzvilleCombined,741,,,,,,,,1.479645544,3.40411863,65.1974235,58.77459578,63.43504496,-12.7783742,-14.54648368,52.75340924,95.44479113,7.743093331,116.2455354,1.501461392,44.16278354,-2.784704328,3.628783828,1.878,-0.807,64.38228076,0.376663609,48317.0588,116.5417199,48317.0588,116.5417199,969.5,
beltzvilleCombined,742,,,,,,,,-10.95,-21.5468013,70.72387153,66.18541125,53.51959582,2.724432467,-27.76042031,30.27418121,77.50594006,56.58505574,157.6793102,0.03574004,38.57556557,-41.16954786,53.91021407,1.878,-0.807,40.74815202,0.559123025,48317.0588,116.5417199,48317.0588,116.5417199,969.5,
beltzvilleCombined,743,,,,,,,,13.99180372,-36.29123843,82.35337666,58.91142473,30.00605235,-6.650121062,-39.47857962,2.9125896,95.89631392,23.85381563,172.8343417,7.987519354,1.608909159,-50.71602704,-0.612958586,1.878,-0.807,5.664232088,0.450418805,48317.0588,116.5417199,48317.0588,116.5417199,969.5,
beltzvilleCombined,744,,,,,,,,-10.95,-44.29,79.99298717,69.7969298,31.20830383,1.165159772,-16.40937181,47.86427845,75.82772955,44.3783909,55.56921005,23.20365236,10.74157502,-9.014132611,16.55581565,1.878,-0.807,97.625,0.108247105,48317.0588,116.5417199,48317.0588,116.5417199,969.5,
beltzvilleCombined,745,,,,,,,,23.78314596,-0.274155737,73.08433628,62.34381419,0.985937962,9.484388591,-23.8132822,59.10677018,70.70009703,53.88745437,206.1689618,81.79040213,-1.185547018,-3.6740292,20.91872495,1.878,-0.807,8.236900168,0.692606155,48317.0588,116.5417199,48317.0588,116.5417199,969.5,
beltzvilleCombined,746,,,,,,,,-10.86536576,-44.29,77.94165506,68.33898029,35.96755832,2.532075449,-11.06388632,48.61063125,77.42700197,47.54176779,42.0601531,28.08157623,3.239486702,-11.02758829,6.168760912,1.878,-0.807,94.34724004,0.217552872,48317.0588,116.5417199,48317.0588,116.5417199,969.5,
beltzvilleCombined,747,,,,,,,,-9.771694068,5.21,71.1131289,17.96494907,79.79371536,5.698999185,-10.51506997,17.17742328,8.759422405,31.22617678,191.2728708,13.41874231,-0.002981907,-46.32876624,2.268718192,1.878,-0.807,0,0.801956755,48317.0588,116.5417199,48317.0588,116.5417199,969.5,
beltzvilleCombined,748,,,,,,,,-10.20916799,-22.82199737,85.31930656,65.81400616,62.66512652,-14.2631327,-36.51038121,48.28195253,95.99492491,40.20975521,159.3857503,53.08911418,-1.2104,-49.02873917,62.11270042,1.878,-0.807,48.13976776,0,48317.0588,116.5417199,48317.0588,116.5417199,969.5,
beltzvilleCombined,749,,,,,,,,0.502419457,3.662916371,64.25124273,48.79330407,62.1111197,-8.953210979,-38.81913649,38.68699308,63.1343923,15.86214746,110.8546631,58.64678419,46.3233568,-36.89876726,-1.414,1.878,-0.807,80.2992676,0.580316546,48317.0588,116.5417199,48317.0588,116.5417199,969.5,
beltzvilleCombined,750,,,,,,,,-10.95,-25.08854092,91.53685117,69.61977362,56.06342533,-14.41,-10.69970035,32.79423768,48.75990181,94.75517473,165.5335401,80.24512107,0.459380296,-0.592565057,10.00790247,1.878,-0.807,20.09537106,0.951129154,48317.0588,116.5417199,48317.0588,116.5417199,969.5,
beltzvilleCombined,751,,,,,,,,-10.95,-18.57234386,73.66358079,68.97937284,59.59770194,2.688112921,-15.44356104,41.33449813,73.03541253,14.45762622,151.3120743,54.71403454,1.150108155,-39.72584661,54.96772018,1.878,-0.807,22.97411808,0.214305066,48317.0588,116.5417199,48317.0588,116.5417199,969.5,
beltzvilleCombined,752,,,,,,,,1.680098102,-40.41833871,76.17451504,55.46092347,23.14583436,-0.540269863,-13.70813701,19.35154922,61.49951496,36.77061227,166.5685817,75.45292498,7.024830121,-13.5364965,13.05622348,1.878,-0.807,86.35182192,0.738455872,48317.0588,116.5417199,48317.0588,116.5417199,969.5,
beltzvilleCombined,753,,,,,,,,-10.95,-25.76608879,80.87525202,67.49620017,54.64314632,-8.411092044,-17.1414688,41.77568146,92.56037762,23.94091311,156.7436619,54.23376675,8.457416615,-1.616070618,55.1622364,1.878,-0.807,89.66968781,0.489990505,48317.0588,116.5417199,48317.0588,116.5417199,969.5,
beltzvilleCombined,754,,,,,,,,-3.180440416,4.858698391,66.42001671,24.64269325,63.17126602,-9.637956955,-19.78738432,41.46442408,100,99.94896541,103.8135299,23.28604187,13.40957275,-35.66185464,8.350889283,1.878,-0.807,89.40306746,0.535807538,48317.0588,116.5417199,48317.0588,116.5417199,969.5,
beltzvilleCombined,755,,,,,,,,0.229824802,1.766287007,63.7788501,0.034900876,62.83302909,-10.29780157,-11.6137469,39.84701352,97.34505026,93.84177434,117.17464,5.332914608,48.38852492,-1.220376687,-1.414,1.878,-0.807,64.3936551,0.031740202,48317.0588,116.5417199,48317.0588,116.5417199,969.5,
beltzvilleCombined,756,,,,,,,,3.632810247,-40.26460235,75.11723697,54.40292924,19.25093584,6.416613535,-7.743216632,20.17492809,70.16997987,73.40644289,166.3684458,79.55479282,-0.364794576,-17.19308264,11.69282339,1.878,-0.807,91.83350585,0.141929144,48317.0588,116.5417199,48317.0588,116.5417199,969.5,
beltzvilleCombined,757,,,,,,,,-9.720678017,-22.45096234,71.14364421,67.19833491,53.89571161,-6.989587923,-29.15111613,42.54910303,78.58088312,16.43007354,160.6516667,2.724374368,1.488687447,-40.69040057,48.96373878,1.878,-0.807,45.10267385,0.552508268,48317.0588,116.5417199,48317.0588,116.5417199,969.5,
beltzvilleCombined,758,,,,,,,,-10.79334724,5.21,69.52879475,14.94913496,75.71850139,4.773308836,-1.232075211,18.94890155,7.811951942,64.82987249,190.6343164,12.15397119,-1.2104,-41.87274487,-1.414,1.878,-0.807,0,0.804177708,48317.0588,116.5417199,48317.0588,116.5417199,969.5,
beltzvilleCombined,759,,,,,,,,-10.03570458,-44.29,72.81927692,66.85312756,29.55569551,7.823673043,-10.62241961,52.26530494,79.33827013,13.61436718,31.62881568,19.88157539,8.629270983,-8.207252944,8.774240385,1.878,-0.807,97.625,0,48317.0588,116.5417199,48317.0588,116.5417199,969.5,
beltzvilleCombined,760,,,,,,,,-1.6636553,-41.25365743,78.68156623,53.60406425,20.67974345,-11.25258751,-5.513660065,16.13434279,77.58459759,63.6884003,141.1816218,62.24839288,1.620787265,-14.13573342,11.80792055,1.878,-0.807,85.98567126,0.530455403,48317.0588,116.5417199,48317.0588,116.5417199,969.5,
beltzvilleCombined,761,,,,,,,,-0.975465342,4.342483577,70.15768916,17.5798833,61.65983091,-7.190616635,-14.1220074,37.78729069,92.35909211,91.18531785,139.3191278,56.05017552,-0.784292479,-35.72174103,7.049570183,1.878,-0.807,60.54970589,0.716079945,48317.0588,116.5417199,48317.0588,116.5417199,969.5,
beltzvilleCombined,762,,,,,,,,-3.005810104,-43.59812968,76.10538394,48.09324701,8.103355446,-12.67385097,-44.72126364,15.25014149,68.25662321,82.60739363,154.5542685,84.6276992,9.670357163,-14.03291383,18.40586308,1.878,-0.807,75.31724757,0.649048774,48317.0588,116.5417199,48317.0588,116.5417199,969.5,
beltzvilleCombined,763,,,,,,,,-9.957538443,-23.00458461,72.04004926,69.48954278,56.34647921,7.057017488,-30.70650926,33.41404397,98.01064139,35.08947398,155.5886242,32.94399499,3.592692838,-45.36169336,60.94894873,1.878,-0.807,88.82012897,0.509802659,48317.0588,116.5417199,48317.0588,116.5417199,969.5,
beltzvilleCombined,764,,,,,,,,-4.239572672,-42.0834033,79.53334585,49.73183972,18.28031695,-2.263382403,-7.563277274,10.44583513,78.97123443,47.18185753,151.4147108,67.29804015,4.234892363,-9.357094308,16.21133751,1.878,-0.807,79.79033088,0.241392329,48317.0588,116.5417199,48317.0588,116.5417199,969.5,
beltzvilleCombined,765,,,,,,,,-4.649922202,-40.08960508,83.83788663,69.87140528,37.40337542,2.503290448,-35.07279319,47.04952542,92.20504298,18.65352543,146.7939543,52.05434086,1.937046834,-1.141873158,63.516,1.878,-0.807,35.994141,0.010152057,48317.0588,116.5417199,48317.0588,116.5417199,969.5,
beltzvilleCombined,766,,,,,,,,-3.754616353,5.122444616,70.88771201,17.91750007,57.7459917,-12.57892654,-18.76831463,34.06778714,97.73037218,99.18602267,114.583794,5.656438411,43.82916234,-39.20419985,5.946891939,1.878,-0.807,66.29231037,0.730898697,48317.0588,116.5417199,48317.0588,116.5417199,969.5,
beltzvilleCombined,767,,,,,,,,25.6459293,-44.29,75.9510572,63.75694896,18.06001496,11.16,-0.321164982,62.40421464,74.87269695,19.89697981,218.9982072,70.14805184,-0.836565293,0.4454,44.71742305,1.878,-0.807,0.599951508,0.453303719,48317.0588,116.5417199,48317.0588,116.5417199,969.5,
beltzvilleCombined,768,,,,,,,,-5.944839125,-18.38068684,96.60475415,59.09295725,52.74276766,-11.14292635,-27.69395099,23.66360511,57.61910466,4.336299958,142.7448723,81.41670154,0.781003943,0.049549315,-1.414,1.878,-0.807,59.11344001,0.876025885,48317.0588,116.5417199,48317.0588,116.5417199,969.5,
beltzvilleCombined,769,,,,,,,,-3.220459724,5.21,69.79529796,15.26523631,62.38262354,-6.72726319,-19.33986233,37.41355896,97.45565322,53.66273659,129.7117748,60.9466172,-0.930181255,0.4454,4.347883812,1.878,-0.807,67.04361149,0.680946119,48317.0588,116.5417199,48317.0588,116.5417199,969.5,
beltzvilleCombined,770,,,,,,,,-9.853369813,-24.77203595,78.41940934,66.3566378,56.21088832,-14.41,-11.10388847,31.31571491,48.64177945,69.87807955,164.9903901,84.7844,1.711120419,-0.138136807,9.321856782,1.878,-0.807,53.99643539,0.91338506,48317.0588,116.5417199,48317.0588,116.5417199,969.5,
beltzvilleCombined,771,,,,,,,,-10.75543549,-17.7986831,73.27935598,65.81096646,55.95679837,-11.3208543,-37.1426815,36.14648199,77.73092286,78.60279255,147.7270063,12.56427899,24.57518303,-31.76447721,60.78417015,1.878,-0.807,46.50139002,0.339871039,48317.0588,116.5417199,48317.0588,116.5417199,969.5,
beltzvilleCombined,772,,,,,,,,-3.637593612,5.202396558,69.9811526,15.20618851,63.48677646,-13.11418434,-4.984892873,44.13717751,88.15619786,24.86404621,137.0817945,64.77489629,8.061586076,-5.842769316,4.33611536,1.878,-0.807,83.59722177,0.812391711,48317.0588,116.5417199,48317.0588,116.5417199,969.5,
beltzvilleCombined,773,,,,,,,,-1.492500519,3.050129203,71.64550501,18.66784411,62.78572279,-2.495363598,-19.70854642,32.01200012,96.02946127,57.74238099,137.4862092,58.4218025,2.79170613,-1.539716783,6.854251912,1.878,-0.807,66.23724305,0.533088762,48317.0588,116.5417199,48317.0588,116.5417199,969.5,
beltzvilleCombined,774,,,,,,,,-2.298000524,3.575456274,70.28245953,47.18762847,64.85561171,-0.993511511,-4.704773358,29.63993798,88.20338176,12.67144343,198.3685384,81.66762746,0.392463468,-4.248586842,3.36083402,1.878,-0.807,73.66057629,0.245419096,48317.0588,116.5417199,48317.0588,116.5417199,969.5,
beltzvilleCombined,775,,,,,,,,-10.57884282,-22.24920492,71.98391648,66.69865181,54.37385251,-12.87892586,-28.02573814,38.52290789,98.92373012,13.96835513,154.5346212,39.90152464,7.451038669,-30.90988454,61.00183028,1.878,-0.807,89.70656596,0.495146515,48317.0588,116.5417199,48317.0588,116.5417199,969.5,
beltzvilleCombined,776,,,,,,,,-10.13356537,-20.42310882,90.18146612,64.77908122,51.54614349,8.356818429,-32.68855846,34.93333149,98.17137943,74.85898095,162.4835819,43.52604535,4.450269679,-45.01190569,46.87007717,1.878,-0.807,31.79534271,0.62667958,48317.0588,116.5417199,48317.0588,116.5417199,969.5,
beltzvilleCombined,777,,,,,,,,-3.791277645,-23.49874351,73.60557377,68.52194256,57.58121638,0.088976767,-28.307541,49.20492938,100,4.28876049,154.015093,44.56433352,6.294696912,-1.038843064,59.36722479,1.878,-0.807,93.5833487,0.383330599,48317.0588,116.5417199,48317.0588,116.5417199,969.5,
beltzvilleCombined,778,,,,,,,,13.53673852,-35.89688633,81.23242048,69.94391975,32.23827588,-9.694387487,-29.60949135,16.91444419,93.66931375,7.810783972,168.3794026,17.94398953,1.041590889,-39.94027173,-1.414,1.878,-0.807,8.563306785,0.869255219,48317.0588,116.5417199,48317.0588,116.5417199,969.5,
beltzvilleCombined,779,,,,,,,,41.90111512,5.04984003,63.10067341,29.09405045,100,5.188775857,-34.91111977,55.51744753,72.23949447,55.31545273,179.2682089,-0.5901,35.23314879,-41.53918057,-1.159104836,1.878,-0.807,36.73401653,0.426142251,48317.0588,116.5417199,48317.0588,116.5417199,969.5,
beltzvilleCombined,780,,,,,,,,-8.975321524,-44.29,85.64186017,73.92966987,45.39307413,11.16,-34.44651424,42.00082479,16.28695146,83.90182189,201.5358021,55.10743873,-1.2104,-22.89736619,62.44543024,1.878,-0.807,24.95481835,0.547461701,48317.0588,116.5417199,48317.0588,116.5417199,969.5,
beltzvilleCombined,781,,,,,,,,-10.95,-26.01188909,81.83413432,79.24,64.26390683,2.085656611,-25.66510769,65.49672409,0,19.94020828,180.1611973,75.87168668,28.44682516,-34.64103765,63.516,1.878,-0.807,25.73245475,0.957,48317.0588,116.5417199,48317.0588,116.5417199,969.5,
beltzvilleCombined,782,,,,,,,,53.18598882,-0.819051183,63.32891391,61.80331183,95.70240378,3.616809017,1.61270943,56.63919431,60.31515985,25.41505079,169.1100424,42.00805834,45.46332164,-3.391365489,21.02288878,1.878,-0.807,89.75831978,0.62530392,48317.0588,116.5417199,48317.0588,116.5417199,969.5,
beltzvilleCombined,783,,,,,,,,47.18010291,-25.03865758,70.17698839,52.09158599,13.86185602,1.913887482,-3.223753223,3.539040284,72.95560823,42.33363462,223.6618212,80.61664869,-0.287691497,-21.00636082,38.7235072,1.878,-0.807,3.842953529,0.522155511,48317.0588,116.5417199,48317.0588,116.5417199,969.5,
beltzvilleCombined,784,,,,,,,,37.43782349,-0.100160797,61.97737575,37.51463936,95.46296334,3.730773483,-8.014686839,59.06519488,25.77695225,58.4168912,239.5947659,46.00473167,6.977214622,-10.63302818,18.23649854,1.878,-0.807,64.24476456,0.578674957,48317.0588,116.5417199,48317.0588,116.5417199,969.5,
beltzvilleCombined,785,,,,,,,,-9.757459917,4.741708535,68.02553908,47.35920201,53.99463995,-10.9382604,-18.8349293,37.76851912,50.7994378,49.61107214,171.7257413,16.32777056,30.89990563,-45.38940043,11.04443386,1.878,-0.807,22.76835952,0.541233635,48317.0588,116.5417199,48317.0588,116.5417199,969.5,
beltzvilleCombined,786,,,,,,,,40.01331775,-37.16856975,72.91886964,65.30277205,15.31089824,-4.439171786,-16.99962519,58.63890221,97.96457537,25.04125253,192.6536334,75.66550106,19.00352295,-27.90174786,62.28197001,1.878,-0.807,91.0064547,0.359021658,48317.0588,116.5417199,48317.0588,116.5417199,969.5,
beltzvilleCombined,787,,,,,,,,-6.889887943,-39.19800765,81.5820372,74.49296434,53.09094165,-1.287746559,-21.83547856,45.9440036,11.06458074,36.66632162,195.8703337,78.55857866,14.92385096,-33.69855242,60.52256768,1.878,-0.807,28.5408302,0.677916259,48317.0588,116.5417199,48317.0588,116.5417199,969.5,
beltzvilleCombined,788,,,,,,,,-10.95,-31.07911982,80.99620529,68.05345372,58.05808275,-8.461433027,-31.92628361,48.63346239,43.33865661,17.02695308,168.2687441,82.83827504,3.563302425,-23.22161143,39.42469511,1.878,-0.807,10.61118048,0.756004653,48317.0588,116.5417199,48317.0588,116.5417199,969.5,
beltzvilleCombined,789,,,,,,,,42.49728949,-23.23661794,93.49528387,51.36879887,17.39929379,2.649405775,-4.565026759,6.252288003,20.51087286,41.96552608,223.2207409,79.35402658,0.153381081,-20.20518811,41.02173646,1.878,-0.807,25.86815012,0.528782184,48317.0588,116.5417199,48317.0588,116.5417199,969.5,
beltzvilleCombined,790,,,,,,,,-7.419550132,-27.6234187,79.15094815,66.81782823,53.55964083,-1.750617278,-26.20904582,46.3247186,48.99098237,32.95384649,164.2017613,-0.482233907,9.435680757,-27.57501254,40.08977549,1.878,-0.807,13.88839387,0.755055792,48317.0588,116.5417199,48317.0588,116.5417199,969.5,
beltzvilleCombined,791,,,,,,,,39.38743076,2.81189584,63.15723257,40.12418663,98.15272053,1.95462386,-5.173316068,59.56986357,27.6064653,58.76078929,226.2259656,47.16551971,8.798891028,-17.29855601,17.38940956,1.878,-0.807,62.14537588,0.676246762,48317.0588,116.5417199,48317.0588,116.5417199,969.5,
beltzvilleCombined,792,,,,,,,,-9.000624262,-40.94506207,81.02733416,59.93106736,61.79259401,-2.174826762,-6.226385428,57.00901763,68.44522315,15.22029852,105.0256092,79.93674712,7.688159615,-31.76899309,59.83689893,1.878,-0.807,20.38667062,0.221888191,48317.0588,116.5417199,48317.0588,116.5417199,969.5,
beltzvilleCombined,793,,,,,,,,53.18598882,-0.819051183,63.32891391,61.80331183,95.70240378,3.719804495,0.776201081,56.63919431,60.30706047,25.26689063,171.1909081,42.00805834,45.46332164,-2.545725178,21.02288878,1.878,-0.807,29.67908261,0.62530392,48317.0588,116.5417199,48317.0588,116.5417199,969.5,
beltzvilleCombined,Best Overall,,,,,,,,41.62537251,-39.33483949,76.41189669,51.35387466,27.28695482,3.118491864,-4.426221107,6.579143481,77.61052471,40.61454068,228.0319893,76.81253906,0.076035906,-21.74574773,43.88984589,1.878,-0.807,5.949823389,0.011151664,48317.0588,116.5417199,48317.0588,116.5417199,969.5,
beltzvilleCombined,795,,,,,,,,-2.745132561,5.21,72.31527522,49.316525,62.07318136,-9.105050431,-30.97963825,54.11010598,86.95251494,49.78667243,208.0005338,17.45668417,35.33047598,-32.56808751,58.69749455,1.878,-0.807,12.42565612,0.505633421,48317.0588,116.5417199,48317.0588,116.5417199,969.5,
beltzvilleCombined,796,,,,,,,,60.11238862,2.475552855,62.17363294,60.12076651,93.12767612,0.0721399,-2.527679261,55.16812092,54.98275122,68.49256253,154.4144827,29.40787962,6.647153759,-37.16886439,-0.135869184,1.878,-0.807,17.2054549,0.569034142,48317.0588,116.5417199,48317.0588,116.5417199,969.5,
beltzvilleCombined,797,,,,,,,,-10.03100648,4.904745239,77.4985637,48.59991789,55.25192189,-3.215131831,-27.68219164,37.43551094,87.43564963,82.83181459,210.8583831,5.51883051,33.33849011,-44.21579578,9.038197941,1.878,-0.807,11.06192262,0.528821842,48317.0588,116.5417199,48317.0588,116.5417199,969.5,
beltzvilleCombined,798,,,,,,,,52.22987514,-0.807336588,63.19966291,61.31881712,97.30561062,3.573150938,0.181166051,56.35653127,60.20522867,25.46877654,171.3753871,41.62241674,45.77789852,-2.992726547,21.0382707,1.878,-0.807,30.17095686,0.630898303,48317.0588,116.5417199,48317.0588,116.5417199,969.5,
beltzvilleCombined,799,,,,,,,,42.06720973,-24.04456509,94.52003885,62.53034105,17.41372401,0.911483992,1.200625853,59.29309024,69.52806456,40.28230359,82.56501298,15.37689842,6.319942947,0.4454,28.29901406,1.878,-0.807,6.62515778,0,48317.0588,116.5417199,48317.0588,116.5417199,969.5,
beltzvilleCombined,800,,,,,,,,-5.259750533,5.21,70.13367513,60.03288999,63.70080741,-0.613090033,-3.761303361,48.41510759,13.73619131,46.55188102,177.8356155,33.24675261,22.0298136,-51.69968586,-0.537168743,1.878,-0.807,92.53052951,0.513881482,48317.0588,116.5417199,48317.0588,116.5417199,969.5,
beltzvilleCombined,801,,,,,,,,-10.95,-19.52557249,73.73317668,66.39215854,62.90889229,-4.438943544,-31.50265743,44.39498529,43.49794402,20.05660687,169.705103,81.27984446,30.62052748,-22.47452233,58.58748513,1.878,-0.807,5.371478424,0.678900348,48317.0588,116.5417199,48317.0588,116.5417199,969.5,
beltzvilleCombined,802,,,,,,,,58.74206546,1.181236191,61.59766008,61.398774,98.94112788,2.107803894,-6.96796955,55.69190214,52.5816097,82.07160805,167.5064826,35.66236112,13.66888766,-2.351202732,0.060168972,1.878,-0.807,26.24643625,0.525413968,48317.0588,116.5417199,48317.0588,116.5417199,969.5,
beltzvilleCombined,803,,,,,,,,-8.71944157,4.641111786,63.49533579,61.6217835,52.6482718,-14.41,-27.76559597,33.40947077,34.32139904,49.85854027,211.0696293,1.63960595,29.13329733,-30.03648003,6.095605499,1.878,-0.807,41.21458589,0.360415376,48317.0588,116.5417199,48317.0588,116.5417199,969.5,
beltzvilleCombined,804,,,,,,,,-8.176024289,-30.45267199,82.67989866,75.91475105,65.29581133,7.017187198,-33.41029648,43.53670164,53.55180349,9.127353728,175.4767035,76.42023298,19.97952344,-29.75738278,51.1969631,1.878,-0.807,67.57712454,0.797916959,48317.0588,116.5417199,48317.0588,116.5417199,969.5,
beltzvilleCombined,805,,,,,,,,-8.956059479,5.150449456,73.78296785,55.05470541,62.07592992,-5.450813763,-40.78996373,44.86285085,86.88536537,52.22523292,177.0722983,7.152558164,36.87059665,-39.07660515,9.578588186,1.878,-0.807,9.186410581,0.309014616,48317.0588,116.5417199,48317.0588,116.5417199,969.5,
beltzvilleCombined,806,,,,,,,,43.68186938,-41.93159569,65.76731818,62.80496363,34.98668559,2.073707731,5.72,1.76,78.5612908,82.53930365,173.89549,55.66115991,7.860109745,-52.3545,7.014423803,1.878,-0.807,3.632220326,0.393242643,48317.0588,116.5417199,48317.0588,116.5417199,969.5,
beltzvilleCombined,807,,,,,,,,42.2147103,-40.9217125,76.50854193,50.5418548,26.03456773,3.203917205,-3.562614723,4.078551373,79.19774318,41.22298399,231.0741418,79.0847249,-0.977113122,-21.05929166,44.08110624,1.878,-0.807,3.109991348,0,48317.0588,116.5417199,48317.0588,116.5417199,969.5,
beltzvilleCombined,808,,,,,,,,51.18933853,5.21,62.70567987,61.1470885,96.98170059,3.508047369,-6.837660545,52.18186108,43.77210651,73.32874188,168.2527842,30.90261538,19.73737848,-42.86596358,-1.150071984,1.878,-0.807,24.97342756,0.538723335,48317.0588,116.5417199,48317.0588,116.5417199,969.5,
beltzvilleCombined,809,,,,,,,,-10.38672392,-38.13893722,81.02733416,74.80270232,54.2829622,-13.82722113,-6.815685399,56.31813772,19.18314487,15.54267324,173.741559,81.99604052,11.39231498,-25.00573386,17.16727273,1.878,-0.807,20.13952235,0.221888191,48317.0588,116.5417199,48317.0588,116.5417199,969.5,
beltzvilleCombined,810,,,,,,,,50.85210669,5.201811273,62.93791106,62.15490096,96.7050381,0.328479726,-27.88608236,53.8109045,43.05683086,81.52484796,172.6147493,8.821775558,13.28572745,-0.832312678,0.472639414,1.878,-0.807,24.71090302,0.530900416,48317.0588,116.5417199,48317.0588,116.5417199,969.5,
beltzvilleCombined,811,,,,,,,,4.085488566,-34.54106309,82.14042169,73.90098314,52.10566823,-2.764096238,-32.30381403,45.40830595,74.34493081,32.94417954,174.8322884,77.10088079,23.08114537,-26.5211877,58.89012627,1.878,-0.807,25.16253234,0.864308266,48317.0588,116.5417199,48317.0588,116.5417199,969.5,
beltzvilleCombined,812,,,,,,,,-10.95,-7.568235834,68.70269299,64.69284431,62.94767729,-5.701404491,-22.08724658,52.96363978,14.01133518,8.429539742,166.9179583,81.45051753,32.30853832,-29.45853297,48.65072472,1.878,-0.807,30.64712233,0.613874734,48317.0588,116.5417199,48317.0588,116.5417199,969.5,
beltzvilleCombined,813,,,,,,,,-10.93226141,-24.92792036,81.42044764,78.66067192,61.60441117,-0.823655744,-20.35893904,62.70085424,46.1577939,37.35915665,171.5371217,84.7844,35.2360736,-33.00614949,59.27713446,1.878,-0.807,55.19629809,0.525590887,48317.0588,116.5417199,48317.0588,116.5417199,969.5,
beltzvilleCombined,814,,,,,,,,49.32061947,-35.87125663,73.28408881,66.02769834,7.558960361,6.871675433,-14.32357856,60.9354028,61.76117114,31.52329511,117.6493352,54.2002805,28.86275372,-26.28686817,61.12288172,1.878,-0.807,36.99437811,0.609002134,48317.0588,116.5417199,48317.0588,116.5417199,969.5,
beltzvilleCombined,815,,,,,,,,-10.05240985,-18.81734496,76.53780347,65.78162485,62.08422086,-4.122627846,-30.15328713,43.35337995,43.84052169,21.9264888,170.1944173,81.91102287,21.29396072,-27.76714116,50.15109322,1.878,-0.807,20.09462084,0.765517695,48317.0588,116.5417199,48317.0588,116.5417199,969.5,
beltzvilleCombined,816,,,,,,,,53.18598882,-0.819051183,63.32891391,61.55463641,95.70240378,4.608222703,1.622356957,56.63919431,60.31515985,25.41505079,167.1201177,42.00805834,5.778851257,-31.4212648,20.83024055,1.878,-0.807,89.75831978,0.62530392,48317.0588,116.5417199,48317.0588,116.5417199,969.5,
beltzvilleCombined,817,,,,,,,,-6.927000701,-30.47400707,81.5820372,74.49296434,55.31863369,-1.834511277,-27.51383392,45.9440036,3.338110697,35.15491471,196.1107829,81.76052793,14.92385096,-33.69855242,59.58275788,1.878,-0.807,36.4298294,0.677467161,48317.0588,116.5417199,48317.0588,116.5417199,969.5,
beltzvilleCombined,818,,,,,,,,21.04791501,5.21,62.4432965,44.60600707,80.63411735,4.394469529,-5.96502252,54.17222709,63.19187891,62.32834582,175.6167538,-0.024601446,37.20938235,-43.03927157,48.67538988,1.878,-0.807,91.77188618,0.877255713,48317.0588,116.5417199,48317.0588,116.5417199,969.5,
beltzvilleCombined,819,,,,,,,,50.85210669,5.107130467,62.93559175,62.15490096,96.17293956,-0.7256984,-43.96787037,48.69012722,43.96157501,66.72113889,172.6147493,8.073458214,35.93445934,-0.970546043,4.283623931,1.878,-0.807,24.71090302,0.530900416,48317.0588,116.5417199,48317.0588,116.5417199,969.5,
beltzvilleCombined,820,,,,,,,,-1.759072407,-16.16284298,86.48847845,77.02660122,69.36500039,-5.139396694,-7.801340758,48.84085488,4.907696535,37.07375749,171.1745969,50.01200448,3.024052544,-26.81539299,58.37999155,1.878,-0.807,24.73080948,0.089514076,48317.0588,116.5417199,48317.0588,116.5417199,969.5,
beltzvilleCombined,821,,,,,,,,40.01331775,-37.16856975,72.76278034,65.30277205,15.31089824,10.18300416,-16.90800946,58.63189625,62.95109954,26.08789111,110.3406961,47.69300197,36.23061462,-27.90174786,63.516,1.878,-0.807,91.09894959,0.478446271,48317.0588,116.5417199,48317.0588,116.5417199,969.5,
beltzvilleCombined,822,,,,,,,,55.71616014,-33.79991203,71.91259272,70.42756432,23.30342888,6.693594893,-16.81922169,60.07948495,50.88899907,73.13334639,185.6446534,47.94897295,0.418684767,-6.654797799,43.70254308,1.878,-0.807,94.90571024,0.348796385,48317.0588,116.5417199,48317.0588,116.5417199,969.5,
beltzvilleCombined,823,,,,,,,,1.469004468,5.21,66.04808099,54.12883351,62.04297715,-3.914953322,-30.71530602,54.60355217,30.34259124,20.88738923,170.6538084,76.87865949,38.57393586,-33.98185473,43.13604277,1.878,-0.807,24.19851909,0.69587462,48317.0588,116.5417199,48317.0588,116.5417199,969.5,
beltzvilleCombined,824,,,,,,,,-1.160943821,4.260379627,69.38675954,53.91772649,61.15162873,1.851728264,-24.28503691,42.98437018,73.75664894,76.85980512,176.7716142,-0.463109823,21.40800514,-40.6126157,32.41215852,1.878,-0.807,73.10726488,0.396357625,48317.0588,116.5417199,48317.0588,116.5417199,969.5,
beltzvilleCombined,825,,,,,,,,56.34598752,1.769124913,63.58672983,61.20691967,96.33293618,6.76726386,0.73062172,58.05582788,52.37389339,30.74470642,174.9229991,42.34139499,45.79951173,0.4454,26.11267752,1.878,-0.807,28.5506494,0.784166386,48317.0588,116.5417199,48317.0588,116.5417199,969.5,
beltzvilleCombined,826,,,,,,,,50.85210669,4.617454023,62.89751655,61.57918198,96.72271607,4.012608217,-27.34058752,52.15845211,34.61673513,81.52484796,174.692565,33.99272878,13.28572745,-41.63964811,2.907288622,1.878,-0.807,24.6661295,0.530900416,48317.0588,116.5417199,48317.0588,116.5417199,969.5,
beltzvilleCombined,827,,,,,,,,-2.522662495,5.015912007,74.93059161,47.06006743,65.23039889,-6.901007463,-6.317251201,35.42764751,16.58570106,27.31821864,206.3186374,12.40222063,21.89726858,-49.53307083,-1.017560394,1.878,-0.807,21.32830578,0.811306822,48317.0588,116.5417199,48317.0588,116.5417199,969.5,
beltzvilleCombined,828,,,,,,,,44.6234844,-35.99226506,95.77740028,61.91595915,1.033785758,4.636422822,-2.947713376,59.33920532,70.96796869,43.81272567,83.31155466,11.73495433,7.510589589,0.4454,28.59285687,1.878,-0.807,13.28934581,0,48317.0588,116.5417199,48317.0588,116.5417199,969.5,
beltzvilleCombined,829,,,,,,,,-7.943652814,-28.96654052,78.07182636,67.18096546,63.06021956,-6.903341474,-15.89625078,44.61396978,49.77341675,27.38599079,131.858859,76.77750132,2.710360985,-21.78472938,39.8791447,1.878,-0.807,11.29326363,0.636862406,48317.0588,116.5417199,48317.0588,116.5417199,969.5,
beltzvilleCombined,830,,,,,,,,-9.639005511,-41.77816473,87.87615503,77.87581208,56.01080958,0.276604594,-23.41911561,47.53772071,11.366304,82.00508145,192.6277631,79.96117822,13.6082989,-51.919042,62.5592628,1.878,-0.807,90.0788568,0.467486544,48317.0588,116.5417199,48317.0588,116.5417199,969.5,
beltzvilleCombined,831,,,,,,,,-5.057267846,-33.641779,63.99437021,63.79837758,38.67785229,-13.50418447,-28.29443243,51.90086857,47.39224658,12.33388765,106.7632096,13.57024712,3.663622636,-31.87484998,59.31519829,1.878,-0.807,86.02991657,0.626745415,48317.0588,116.5417199,48317.0588,116.5417199,969.5,
beltzvilleCombined,832,,,,,,,,-1.067140072,3.492214382,85.76844165,54.34599201,60.53796808,-6.493116999,-31.9304588,24.71463677,45.01501426,14.005797,213.9322098,73.27635004,21.33434258,-47.43569217,47.78309439,1.878,-0.807,21.38253875,0.82364452,48317.0588,116.5417199,48317.0588,116.5417199,969.5,
beltzvilleCombined,833,,,,,,,,35.03584265,-43.14853348,85.1299453,75.61704325,21.7522142,-1.239552811,-24.66982186,45.14699228,69.67513879,62.89767718,198.7987892,77.02907633,-0.747137769,-20.81022363,45.27948983,1.878,-0.807,96.23964536,0.193290133,48317.0588,116.5417199,48317.0588,116.5417199,969.5,
beltzvilleCombined,834,,,,,,,,-8.58763593,-6.907453114,68.2837435,63.21262163,61.57300869,2.599731611,-22.06202785,52.20820017,16.22349205,12.21930577,167.8815306,80.21163833,33.40200492,-29.06259117,47.82307342,1.878,-0.807,69.04652596,0.640290505,48317.0588,116.5417199,48317.0588,116.5417199,969.5,
beltzvilleCombined,835,,,,,,,,-8.835422185,-41.08389391,87.67120666,76.58938315,54.89173105,0.396501377,-22.97838027,48.21985619,14.14542045,80.53419314,194.1530914,79.07586295,14.38209308,-50.34197916,62.6111353,1.878,-0.807,88.551026,0.459785743,48317.0588,116.5417199,48317.0588,116.5417199,969.5,
beltzvilleCombined,836,,,,,,,,-7.373982456,-1.140069735,63.70710331,62.2215512,64.25685839,-5.187380775,-24.13292822,55.27413951,20.62741292,82.0470246,173.8818424,79.44034369,13.71226505,-33.33893564,44.75208392,1.878,-0.807,37.48768918,0.44533563,48317.0588,116.5417199,48317.0588,116.5417199,969.5,
beltzvilleCombined,837,,,,,,,,-7.188845845,-44.29,84.55330385,74.08500125,42.48048608,11.16,-36.4710298,38.93644289,7.894489122,87.4479525,197.9868958,52.85969052,-0.191255734,-24.09764142,61.76763231,1.878,-0.807,21.22537135,0.462957431,48317.0588,116.5417199,48317.0588,116.5417199,969.5,
beltzvilleCombined,838,,,,,,,,-8.202163339,-37.47007174,81.92592184,75.4510198,53.14640162,0.145642935,-22.80881226,44.32569253,12.9030459,35.48570777,197.213585,76.87594149,13.83216728,-35.78349674,59.52863322,1.878,-0.807,27.76874387,0.668054562,48317.0588,116.5417199,48317.0588,116.5417199,969.5,
beltzvilleCombined,839,,,,,,,,-10.95,-21.70927833,76.34882701,76.02308854,65.59467286,-6.006695141,-16.89933171,54.18459622,15.40178054,10.9551686,234.1086755,82.73497603,5.962625082,-27.70677699,46.86905331,1.878,-0.807,28.68048611,0.612154,48317.0588,116.5417199,48317.0588,116.5417199,969.5,
beltzvilleCombined,840,,,,,,,,-10.95,-20.01458877,73.88951227,66.4302255,61.7984885,-4.490923636,-32.22661412,44.06204636,71.29235638,19.40300468,168.536924,82.11362238,30.92303374,-21.78819375,60.33827844,1.878,-0.807,4.057590573,0.6751768,48317.0588,116.5417199,48317.0588,116.5417199,969.5,
beltzvilleCombined,841,,,,,,,,-9.911783299,-39.38474298,81.99684057,75.37354303,56.38294307,4.412479348,-12.58536744,47.3226681,10.26864698,50.388776,194.4421711,83.76819906,12.57563252,-35.10498168,63.516,1.878,-0.807,30.13554163,0.704018974,48317.0588,116.5417199,48317.0588,116.5417199,969.5,
beltzvilleCombined,842,,,,,,,,-8.874689109,-38.78628173,86.17339297,77.17685261,57.86853254,-0.511483166,-22.96516808,45.50248577,7.817388538,34.68534841,191.3314158,78.60790768,14.94564782,-35.04754574,61.23330116,1.878,-0.807,31.62173528,0.667917036,48317.0588,116.5417199,48317.0588,116.5417199,969.5,
beltzvilleCombined,843,,,,,,,,-1.83760488,2.979109311,70.82968442,58.97227326,63.61408412,-10.34336701,-6.111808448,7.943112406,51.29936067,39.96935921,225.5338439,16.72649192,17.7530628,-49.1403053,7.321592507,1.878,-0.807,4.015506477,0.53830172,48317.0588,116.5417199,48317.0588,116.5417199,969.5,
beltzvilleCombined,844,,,,,,,,-2.617523773,5.21,73.17394986,53.40408161,62.23934546,-4.487421886,5.224856495,94.70746288,15.47766721,0.552545135,177.8914759,33.24675261,21.93964275,-23.45981309,-0.537168743,1.878,-0.807,8.652485604,0.77835888,48317.0588,116.5417199,48317.0588,116.5417199,969.5,
beltzvilleCombined,845,,,,,,,,48.93577013,5.21,61.86613592,60.82501187,90.80097587,-8.958919892,-7.367623477,54.45028538,41.5803475,82.94331868,172.2411918,33.99624787,36.02262238,-5.002252288,1.64902897,1.878,-0.807,27.33859737,0.572801021,48317.0588,116.5417199,48317.0588,116.5417199,969.5,
beltzvilleCombined,846,,,,,,,,-2.43622703,-21.6096511,76.23308068,75.18733736,69.10017456,-2.710482469,-22.24349174,45.42499073,25.33051468,15.6157455,153.85314,56.57634278,20.39014068,-24.92555293,54.38686496,1.878,-0.807,27.91248189,0.797429792,48317.0588,116.5417199,48317.0588,116.5417199,969.5,
beltzvilleCombined,847,,,,,,,,-3.239850255,5.21,68.43202815,59.66747812,66.18714077,-3.206077735,-6.11189888,45.74441693,15.85410987,25.97084591,174.0263064,75.95490605,47.68069791,-34.86197989,45.6296505,1.878,-0.807,24.21189253,0.512313253,48317.0588,116.5417199,48317.0588,116.5417199,969.5,
beltzvilleCombined,848,,,,,,,,24.50808091,3.580027755,62.94859663,45.0412512,82.4843693,7.232672338,-6.935475881,52.85955118,85.40211619,54.11902035,175.2437691,13.03886529,14.8447568,-0.429649491,11.12592481,1.878,-0.807,55.76916755,0.717637523,48317.0588,116.5417199,48317.0588,116.5417199,969.5,
beltzvilleCombined,849,,,,,,,,32.91861751,-41.14083131,84.0466432,74.85010599,24.95947102,-1.610553169,-23.89704492,44.90103937,67.49863252,28.29388999,197.760727,79.64274881,1.772320278,-22.65072702,41.23025134,1.878,-0.807,96.14168055,0.271069763,48317.0588,116.5417199,48317.0588,116.5417199,969.5,
beltzvilleCombined,850,,,,,,,,-10.53295137,-34.20622218,82.23883102,76.82256606,52.53086667,-2.934174003,-9.878547209,46.85569191,45.06226223,35.6164833,193.4106169,81.47393191,15.46479254,-33.57766545,56.79571571,1.878,-0.807,28.60913725,0.695796438,48317.0588,116.5417199,48317.0588,116.5417199,969.5,
beltzvilleCombined,851,,,,,,,,-1.690648921,5.126993331,87.34853235,55.01549294,68.84444874,0.800847901,-34.49434667,29.937707,78.76442074,40.50866734,172.1834089,22.54243648,25.00875157,-38.60408639,1.95494335,1.878,-0.807,95.16539268,0.752284731,48317.0588,116.5417199,48317.0588,116.5417199,969.5,
beltzvilleCombined,852,,,,,,,,-8.176024289,-28.94703465,83.79118971,75.83607612,66.23913003,7.709120176,-34.0566064,43.53670164,20.42509907,40.90866801,175.4767035,76.42023298,19.45826304,-29.75738278,51.1969631,1.878,-0.807,67.57712454,0.399572513,48317.0588,116.5417199,48317.0588,116.5417199,969.5,
beltzvilleCombined,853,,,,,,,,-0.295454371,5.21,75.77206409,52.69645361,70.86871954,-4.44705056,-31.80446208,49.67694055,86.26475342,45.3025354,217.0003162,20.26633412,36.35088003,-35.86054612,60.6556892,1.878,-0.807,5.953038062,0.595875618,48317.0588,116.5417199,48317.0588,116.5417199,969.5,
beltzvilleCombined,854,,,,,,,,-5.057267846,-33.641779,64.77972952,63.79837758,38.40176329,-13.53906297,-10.96251036,51.80747803,48.63530713,28.15586956,111.3897526,13.57024712,7.730860459,-31.68675772,63.51551201,1.878,-0.807,94.2806082,0.629372129,48317.0588,116.5417199,48317.0588,116.5417199,969.5,
beltzvilleCombined,855,,,,,,,,9.178533459,-38.40694675,77.69807036,73.23973946,36.43236012,-3.111592373,-21.04266966,44.41719901,2.564124259,45.40975941,202.0708701,84.7844,6.683809583,-35.88177156,52.69973719,1.878,-0.807,24.90917785,0.451872871,48317.0588,116.5417199,48317.0588,116.5417199,969.5,
beltzvilleCombined,856,,,,,,,,-8.045046359,-39.57307023,81.5585418,74.36659097,53.61104714,-1.512096033,-21.58775039,45.81049636,10.90621334,36.00632677,196.0710291,78.00006862,14.96108315,-34.14450973,60.1099922,1.878,-0.807,28.35552398,0.687967181,48317.0588,116.5417199,48317.0588,116.5417199,969.5,
beltzvilleCombined,857,,,,,,,,-3.567689454,5.19759851,88.17395782,53.52687123,62.33981163,2.309991081,-40.91432617,58.03197557,15.54319919,10.9646816,172.2301676,33.24675261,21.8619891,-23.41698373,14.55205095,1.878,-0.807,28.21720714,0.782457119,48317.0588,116.5417199,48317.0588,116.5417199,969.5,
beltzvilleCombined,858,,,,,,,,-10.95,-34.67369332,77.0983986,70.95202546,54.97424214,-0.69892447,-21.88195461,44.16137077,8.469536998,36.51336776,189.9595192,80.7737139,8.77669624,-38.34239248,50.48298657,1.878,-0.807,27.34352316,0.67690594,48317.0588,116.5417199,48317.0588,116.5417199,969.5,
beltzvilleCombined,859,,,,,,,,-10.25970718,5.201189312,65.23504112,61.56908773,52.7665512,10.34497331,-8.383218031,1.76,25.01850707,85.39592474,177.0988612,41.44568565,30.54904347,-29.34227372,13.89930543,1.878,-0.807,54.3748331,0.467776672,48317.0588,116.5417199,48317.0588,116.5417199,969.5,
beltzvilleCombined,860,,,,,,,,-2.378352929,5.21,88.91729014,54.71039698,61.32639745,0.277529848,-35.52454991,48.02180201,78.75233762,53.56461497,175.1194198,53.89789702,37.95668471,-38.95261138,58.93502464,1.878,-0.807,97.02541246,0.764677016,48317.0588,116.5417199,48317.0588,116.5417199,969.5,
beltzvilleCombined,861,,,,,,,,37.69734448,2.308244198,61.66874521,36.64892332,98.57676088,-4.536707909,-0.41547565,56.85942059,22.93849579,88.85935481,236.9526303,39.51213979,19.37846188,-6.962739282,39.16472392,1.878,-0.807,27.23413777,0.446503334,48317.0588,116.5417199,48317.0588,116.5417199,969.5,
beltzvilleCombined,862,,,,,,,,-3.663060343,5.21,91.48335065,50.40404822,61.46834693,0.47446157,-32.74301585,51.96704676,16.4364625,3.087100678,175.2485103,30.19350571,41.03334625,-28.93862238,11.03177237,1.878,-0.807,0.688531385,0.642815088,48317.0588,116.5417199,48317.0588,116.5417199,969.5,
beltzvilleCombined,863,,,,,,,,-5.062934016,-43.71334105,83.74303522,74.24849799,47.14224904,-5.782136763,-23.28968361,43.4447547,17.67865499,34.66364758,197.9793583,74.50908143,7.686397757,-30.88161741,60.40887362,1.878,-0.807,12.46337272,0.002933384,48317.0588,116.5417199,48317.0588,116.5417199,969.5,
beltzvilleCombined,864,,,,,,,,-5.057267846,-33.641779,63.99437021,63.79663065,38.59576814,-13.50418447,-28.46108919,51.90086857,47.38868621,12.33388765,106.7632096,13.54062698,3.883034861,-32.25931889,59.29655387,1.878,-0.807,86.02991657,0.62683401,48317.0588,116.5417199,48317.0588,116.5417199,969.5,
beltzvilleCombined,865,,,,,,,,-6.404145126,-37.77567892,86.27137474,77.76473239,61.07635397,-4.732301306,-30.49362869,47.0956988,0,82.09065104,197.5056693,80.89385036,11.33095816,-52.3545,59.29410895,1.878,-0.807,92.17709929,0.388329998,48317.0588,116.5417199,48317.0588,116.5417199,969.5,
beltzvilleCombined,866,,,,,,,,-1.466542968,3.241218593,91.37864694,55.20391875,60.7736932,-6.676924728,-33.12259406,47.55155227,18.78118184,53.52817633,213.9403715,14.66716224,35.86685735,-38.04308139,59.26965265,1.878,-0.807,13.31891439,0.561612517,48317.0588,116.5417199,48317.0588,116.5417199,969.5,
beltzvilleCombined,867,,,,,,,,-9.757459917,4.980615784,68.02553908,47.35920201,53.99463995,-10.9382604,-18.8349293,37.76851912,50.7994378,49.61107214,171.7257413,16.32777056,30.89990563,-45.38940043,11.04443386,1.878,-0.807,58.63651751,0.549888332,48317.0588,116.5417199,48317.0588,116.5417199,969.5,
beltzvilleCombined,868,,,,,,,,-1.40161597,3.109556656,75.8410988,58.14030733,63.55472264,0.825327175,-45.21,56.93944261,4.197612129,90.11017319,159.9858401,28.48332151,35.50675876,-0.015802461,12.39607985,1.878,-0.807,5.645446083,0,48317.0588,116.5417199,48317.0588,116.5417199,969.5,
beltzvilleCombined,869,,,,,,,,79.63,-33.93023042,68.74509163,65.88802762,4.381317477,8.910844066,-25.07252425,57.90396828,46.21385339,83.04758981,137.5123176,20.13307318,17.86236953,-6.794068882,58.97784353,1.878,-0.807,35.45575386,0.219564465,48317.0588,116.5417199,48317.0588,116.5417199,969.5,
beltzvilleCombined,870,,,,,,,,45.81290014,-1.45711404,63.4238906,60.60944066,95.18632901,5.33328699,-9.471350564,52.43255849,26.54511284,55.20196151,188.1374008,11.66038675,44.82480541,0.173595276,8.391339249,1.878,-0.807,55.12636654,0.53386863,48317.0588,116.5417199,48317.0588,116.5417199,969.5,
beltzvilleCombined,871,,,,,,,,-3.849897703,5.21,89.06566555,57.04987855,74.69773549,7.601929359,-44.80401,26.91583899,100,37.3268329,191.374974,2.548400883,4.480771407,-42.70735787,-1.414,1.878,-0.807,13.43544231,0.192336486,48317.0588,116.5417199,48317.0588,116.5417199,969.5,
beltzvilleCombined,872,,,,,,,,76.13215288,-40.97110562,73.02657925,67.31610202,8.388334008,11.16,4.85352495,64.00926973,2.97081265,46.84641399,186.1053005,76.9300722,34.50219193,-27.42771903,63.516,1.878,-0.807,77.13223033,0.161284732,48317.0588,116.5417199,48317.0588,116.5417199,969.5,
beltzvilleCombined,873,,,,,,,,40.91637759,-3.994531007,62.34972852,61.25620725,88.33132868,9.547129788,-7.894335666,53.01970271,24.05026329,89.50326976,171.4661552,18.53354425,48.65792689,-17.95637048,15.78978113,1.878,-0.807,54.50235838,0.219984466,48317.0588,116.5417199,48317.0588,116.5417199,969.5,
beltzvilleCombined,874,,,,,,,,-1.854014925,5.21,87.85390903,59.89724316,69.68823983,-11.62418182,-1.246155635,28.6519679,77.86119617,85.51591398,187.9258917,1.024003366,8.385598673,-28.77383211,-1.065667392,1.878,-0.807,2.690038341,0.055818708,48317.0588,116.5417199,48317.0588,116.5417199,969.5,
beltzvilleCombined,875,,,,,,,,-2.316961661,5.21,92.68688399,45.8312394,70.8458805,11.16,-42.67795081,36.34899134,95.56990338,79.42653211,180.5431219,15.74612918,9.922393585,-31.60123851,-0.846736095,1.878,-0.807,0.012756136,0,48317.0588,116.5417199,48317.0588,116.5417199,969.5,
beltzvilleCombined,876,,,,,,,,39.5927515,-2.833557273,62.37148798,60.96661884,91.76084443,5.892377088,-9.64140647,44.9314731,19.830094,58.56361625,189.3400635,17.44595625,48.46767078,-22.05499235,8.84823394,1.878,-0.807,65.21141468,0.492785032,48317.0588,116.5417199,48317.0588,116.5417199,969.5,
beltzvilleCombined,877,,,,,,,,-3.559886999,5.134143939,88.02200598,59.71661177,70.09685456,4.991219236,-44.6516292,28.91473545,26.78727663,47.53873297,177.830537,4.728602581,39.36391381,-27.55437765,-0.068190499,1.878,-0.807,6.435538066,0.742888609,48317.0588,116.5417199,48317.0588,116.5417199,969.5,
beltzvilleCombined,878,,,,,,,,-2.244012514,2.367561096,71.58998684,68.34555277,74.17915336,1.243447354,-2.493577089,47.41335118,34.98839444,83.41422068,177.6292948,2.98310663,5.631642076,-28.02569992,51.69288763,1.878,-0.807,3.092178667,0.436961632,48317.0588,116.5417199,48317.0588,116.5417199,969.5,
beltzvilleCombined,879,,,,,,,,-9.298091463,5.21,62.80225709,62.02872464,60.3521102,-14.41,-4.918071614,49.39574084,52.43302156,49.73527588,146.6998383,23.29317372,45.14830626,0.029308618,2.898429781,1.878,-0.807,49.418352,0.4493844,48317.0588,116.5417199,48317.0588,116.5417199,969.5,
beltzvilleCombined,880,,,,,,,,63.73592139,-44.29,81.43172462,66.22964613,0,4.072079151,3.917346838,64.12197338,7.540627517,60.41711001,163.6220701,4.50683892,36.10976769,-1.661034535,63.516,1.878,-0.807,21.9167639,0.067520415,48317.0588,116.5417199,48317.0588,116.5417199,969.5,
beltzvilleCombined,881,,,,,,,,43.71770142,-2.084252969,63.72293799,61.10079425,96.75120924,-1.063018515,-4.013788009,46.45917606,22.32955468,88.39982759,195.4888521,34.29689452,57.79627146,-34.30866911,16.27456755,1.878,-0.807,53.08046812,0.741493142,48317.0588,116.5417199,48317.0588,116.5417199,969.5,
beltzvilleCombined,882,,,,,,,,-1.303985422,4.059517459,82.86466992,63.16542877,68.76399226,3.05120744,0.771483122,33.70354688,95.86986423,74.35830916,191.4531454,-0.391638224,4.534039667,-32.52406882,3.758953018,1.878,-0.807,5.103172666,0,48317.0588,116.5417199,48317.0588,116.5417199,969.5,
beltzvilleCombined,883,,,,,,,,-3.947370874,4.889562635,88.18413947,59.99250153,71.37251323,4.675504567,-45.14819629,24.84538457,98.23323994,76.63859545,185.3902327,7.377904561,9.269157823,-28.15251341,-1.414,1.878,-0.807,0,0.178760057,48317.0588,116.5417199,48317.0588,116.5417199,969.5,
beltzvilleCombined,884,,,,,,,,43.50566803,-31.0645358,91.34676844,66.54848658,23.84489244,-8.77051084,-8.918939312,59.15810274,24.9898215,76.18171414,172.0695587,84.2505689,42.96438012,-11.25436221,63.516,1.878,-0.807,72.90258426,0.542107401,48317.0588,116.5417199,48317.0588,116.5417199,969.5,
beltzvilleCombined,885,,,,,,,,77.37030484,-25.6051473,91.07727404,64.95623917,3.406657838,9.028557746,-6.728189083,54.00355291,54.41459115,85.98798282,139.2493151,84.7844,16.16971948,-14.86313881,62.06753785,1.878,-0.807,29.03848029,0.295021902,48317.0588,116.5417199,48317.0588,116.5417199,969.5,
beltzvilleCombined,886,,,,,,,,-7.863787012,5.21,64.14864433,60.83819988,58.05385898,-12.73139304,-19.16877329,13.42103242,58.98732761,69.73722934,155.8673111,28.10160941,38.79769551,-52.3545,59.6649894,1.878,-0.807,57.17897227,0.490802638,48317.0588,116.5417199,48317.0588,116.5417199,969.5,
beltzvilleCombined,887,,,,,,,,38.30047387,-3.077042325,62.70268467,61.79579395,93.17979727,5.912222653,-7.328991348,59.56921803,21.78833836,91.40779528,187.3037717,10.08694496,10.52084841,-25.15043679,10.76440086,1.878,-0.807,56.99463299,0.573798135,48317.0588,116.5417199,48317.0588,116.5417199,969.5,
beltzvilleCombined,888,,,,,,,,-4.605940189,5.21,73.73791996,65.62826554,74.42285709,3.198977769,5.162124167,23.88009974,78.08933915,89.29448829,153.2504684,25.73623519,13.15705284,-39.99946089,19.60294424,1.878,-0.807,11.50426983,0.361369034,48317.0588,116.5417199,48317.0588,116.5417199,969.5,
beltzvilleCombined,889,,,,,,,,45.41371644,-1.644984709,61.50464542,61.1193897,90.19982128,7.152333421,-11.21058108,44.24408406,48.71677689,50.89254737,185.6996561,11.35560922,41.11064815,-25.9852366,16.92152783,1.878,-0.807,55.52613017,0.524575847,48317.0588,116.5417199,48317.0588,116.5417199,969.5,
beltzvilleCombined,890,,,,,,,,70.36452508,-42.27139882,77.89568419,72.17409104,9.867367979,6.52299106,3.269619671,62.07210126,3.480482669,49.60099444,172.8616248,79.88106942,36.82020031,-10.42108963,62.04937563,1.878,-0.807,31.5513494,0.059069944,48317.0588,116.5417199,48317.0588,116.5417199,969.5,
beltzvilleCombined,891,,,,,,,,38.51178184,-40.41951778,74.72534632,64.45603619,28.36175974,-11.94150094,5.3341147,60.32000151,84.12368158,92.22686577,190.7880288,76.46003808,4.406034494,-13.61721523,42.29689133,1.878,-0.807,83.76478224,0.037786011,48317.0588,116.5417199,48317.0588,116.5417199,969.5,
beltzvilleCombined,892,,,,,,,,-6.448668296,2.630979037,72.00286296,67.71320957,76.99438131,-0.769750787,5.72,14.68478385,89.81704854,98.00728329,169.6518175,30.67226612,10.18744614,-49.82926843,7.642181665,1.878,-0.807,3.021217321,0.957,48317.0588,116.5417199,48317.0588,116.5417199,969.5,
beltzvilleCombined,893,,,,,,,,40.43999294,-1.914087098,62.70268467,61.04686392,93.20856825,-13.57215487,-22.72733303,42.29784415,21.78833836,91.40779528,187.3037717,11.7334618,44.08037322,-24.87468517,10.69658595,1.878,-0.807,57.11721961,0.771282708,48317.0588,116.5417199,48317.0588,116.5417199,969.5,
beltzvilleCombined,894,,,,,,,,-3.371884334,4.465748279,74.08441323,57.25499033,63.0293523,-1.500231753,-4.365412775,51.34837073,52.55362141,51.63364353,157.0738877,22.85224312,45.48377799,0.4454,16.93721308,1.878,-0.807,64.91444152,0.899633203,48317.0588,116.5417199,48317.0588,116.5417199,969.5,
beltzvilleCombined,895,,,,,,,,44.67484489,-24.3694288,93.1057665,66.40365554,25.91321953,-13.00374221,-11.44744401,58.87843643,25.90169343,70.42307107,173.3529491,80.51158579,36.07203047,-23.40991165,61.92845746,1.878,-0.807,67.06385995,0.335376563,48317.0588,116.5417199,48317.0588,116.5417199,969.5,
beltzvilleCombined,896,,,,,,,,70.95975467,-40.72323221,79.69210422,65.63242235,2.848458886,11.16,2.270927644,60.90771425,4.985248836,47.71242258,186.1442534,70.51146983,39.57870997,-23.64030821,62.79565157,1.878,-0.807,83.57570776,0,48317.0588,116.5417199,48317.0588,116.5417199,969.5,
beltzvilleCombined,897,,,,,,,,43.0161903,-44.29,76.65522408,73.79757397,14.41132021,-14.41,-7.515074631,49.57324837,0.055309038,100,201.6012123,84.7844,2.834274721,-8.664767607,47.00043686,1.878,-0.807,52.61660907,0,48317.0588,116.5417199,48317.0588,116.5417199,969.5,
beltzvilleCombined,898,,,,,,,,-9.564947371,4.010897973,63.54847554,61.87727062,58.62823262,-14.41,-6.081948306,49.30912116,52.59000982,50.97219953,159.9759553,23.30847203,45.02443437,0.045678997,3.354428819,1.878,-0.807,10.38943391,0.957,48317.0588,116.5417199,48317.0588,116.5417199,969.5,
beltzvilleCombined,899,,,,,,,,-3.227337203,4.446620672,84.56927548,59.75746855,70.95966678,3.229456848,-42.18586898,25.27079051,19.03534772,53.44094753,179.5339599,5.684743636,13.93943327,-47.18826732,24.25797337,1.878,-0.807,0.336246146,0.093487163,48317.0588,116.5417199,48317.0588,116.5417199,969.5,
beltzvilleCombined,900,,,,,,,,45.16069526,-2.957590817,64.57623364,60.47901687,90.74747958,8.307801977,-8.310385051,46.36134348,29.34742856,89.49731955,193.1419123,16.86325245,45.82140535,-26.45881576,13.0038803,1.878,-0.807,58.89212224,0.516159763,48317.0588,116.5417199,48317.0588,116.5417199,969.5,
beltzvilleCombined,901,,,,,,,,72.91481997,-42.94482762,79.81698551,65.2497386,4.668398611,10.3706557,4.807913094,62.84379912,16.76879208,57.96434486,185.8794085,-0.439340704,40.9777963,-0.074397516,61.61161241,1.878,-0.807,92.66541082,0.015429463,48317.0588,116.5417199,48317.0588,116.5417199,969.5,
beltzvilleCombined,902,,,,,,,,0.569830315,5.21,66.76556916,58.52690597,64.58580679,-14.41,3.115747357,23.21582587,39.40518165,56.8315421,161.0403982,17.9551504,41.22029118,-5.691071793,-1.414,1.878,-0.807,49.92615833,0.911474014,48317.0588,116.5417199,48317.0588,116.5417199,969.5,
beltzvilleCombined,903,,,,,,,,40.27007474,-43.30858352,75.57708592,64.3791352,25.04905884,-14.21221144,5.541001823,59.92481436,84.30304979,97.73674119,197.0698432,83.36275126,6.89378208,-9.541995888,39.95405709,1.878,-0.807,84.58354971,0.041256172,48317.0588,116.5417199,48317.0588,116.5417199,969.5,
beltzvilleCombined,904,,,,,,,,-1.849830591,4.832962303,87.82314139,60.21016517,69.0183528,5.103807654,-42.96269427,28.73005691,92.88582472,77.00170564,187.142847,4.750421673,9.046554636,-27.36790819,-1.215805027,1.878,-0.807,1.472170115,0.387301709,48317.0588,116.5417199,48317.0588,116.5417199,969.5,
beltzvilleCombined,905,,,,,,,,-4.890096796,5.21,64.1139993,60.92781133,62.55172132,-14.41,-17.33054009,15.71072384,55.01770872,70.58409087,155.2824776,31.98153856,43.58727392,-52.3545,-1.414,1.878,-0.807,59.99250714,0.519326081,48317.0588,116.5417199,48317.0588,116.5417199,969.5,
beltzvilleCombined,906,,,,,,,,45.04950258,-44.01399039,82.84915721,64.50798817,4.75738107,4.008957336,1.083038495,64.36228965,23.1415339,62.58019968,46.90486685,11.08169855,46.71011171,-3.121662606,63.50918395,1.878,-0.807,2.277826148,0.012663384,48317.0588,116.5417199,48317.0588,116.5417199,969.5,
beltzvilleCombined,907,,,,,,,,-6.20778147,-4.102749216,71.23253517,71.18259993,70.8129389,8.2862384,-2.438492179,36.66536927,31.15093007,79.05214084,240.9161,38.08560528,29.86367061,-12.72509084,57.68101028,1.878,-0.807,13.3204323,0.31258717,48317.0588,116.5417199,48317.0588,116.5417199,969.5,
beltzvilleCombined,908,,,,,,,,-10.95,-9.416355515,79.57418827,64.81543589,60.82951013,-14.41,-2.006795414,23.22692791,100,80.74174269,173.8012532,19.11259414,-1.2104,-34.04759174,56.56449794,1.878,-0.807,1.879735548,0,48317.0588,116.5417199,48317.0588,116.5417199,969.5,
beltzvilleCombined,909,,,,,,,,-1.559136287,3.346086346,74.3682058,57.52903209,63.21938779,-1.511629705,-5.337627702,51.57677488,52.66683296,52.53704712,158.3684322,23.13219089,43.49897321,-1.415654407,17.30492541,1.878,-0.807,62.74732625,0.84963515,48317.0588,116.5417199,48317.0588,116.5417199,969.5,
beltzvilleCombined,910,,,,,,,,38.87316906,-43.3922019,70.04406499,66.15512261,15.36230667,-3.598725108,3.477637853,98.11991794,28.58832439,53.22193159,94.50198185,49.35081227,23.30908853,-12.32415308,46.97211691,1.878,-0.807,30.76626272,0.122920738,48317.0588,116.5417199,48317.0588,116.5417199,969.5,
beltzvilleCombined,911,,,,,,,,-8.648679584,5.21,92.49733462,59.85841933,65.17107429,6.91814495,0.749462596,13.87966604,91.25320176,88.600715,197.5785237,-0.5901,63.25363818,-34.42377385,-1.414,1.878,-0.807,35.21309989,0.265963385,48317.0588,116.5417199,48317.0588,116.5417199,969.5,
beltzvilleCombined,912,,,,,,,,60.19706531,-44.29,84.91680246,67.36620673,0,0.248286672,5.72,63.51213355,5.79767792,74.33917376,-4.088,-0.5901,47.77752195,0.4454,63.516,1.878,-0.807,62.62623635,0.040750919,48317.0588,116.5417199,48317.0588,116.5417199,969.5,
beltzvilleCombined,913,,,,,,,,79.63,-44.29,79.58181939,65.4570792,0,8.670026156,1.847999316,62.01979551,0,50.50799711,182.8892884,73.58787941,41.23714005,-25.08386116,63.516,1.878,-0.807,87.86130923,0.011560013,48317.0588,116.5417199,48317.0588,116.5417199,969.5,
beltzvilleCombined,914,,,,,,,,-7.389164467,-4.19189585,73.63791283,69.80293066,70.3043694,-5.00657154,3.855402239,30.53342924,95.46087541,90.44336251,186.8381403,22.85903522,8.004926995,-26.25555471,55.76094424,1.878,-0.807,2.126013164,0.002584493,48317.0588,116.5417199,48317.0588,116.5417199,969.5,
beltzvilleCombined,915,,,,,,,,40.53644227,-0.731130821,62.96357443,60.64014938,92.71627413,7.797719662,-10.04471675,44.88216001,25.07607192,53.10667895,188.6787728,12.07364405,43.30332884,-26.83819702,11.29003294,1.878,-0.807,56.49527779,0.602187301,48317.0588,116.5417199,48317.0588,116.5417199,969.5,
beltzvilleCombined,916,,,,,,,,46.20354545,-0.088225186,62.80331115,60.49914496,95.18520056,-14.35680361,-10.03686692,52.84146936,23.86793815,55.26150926,188.7923105,46.26189639,44.75307308,-26.57713664,37.70150014,1.878,-0.807,56.49527779,0.172477863,48317.0588,116.5417199,48317.0588,116.5417199,969.5,
beltzvilleCombined,917,,,,,,,,40.00951772,-2.873720763,62.80260081,61.74157521,92.29147209,5.569884065,-8.100158387,58.42568497,86.47173176,54.12160526,190.6282939,13.04811723,64.44127632,-24.39533747,44.57891454,1.878,-0.807,57.16543308,0.532868811,48317.0588,116.5417199,48317.0588,116.5417199,969.5,
beltzvilleCombined,918,,,,,,,,-3.759017781,5.21,90.03856921,60.47958177,66.69849789,4.115981602,-4.482423863,20.64674853,97.55938792,95.13818703,197.9683367,24.57481574,39.82615252,-26.24839999,-0.028676401,1.878,-0.807,28.12952881,0.301201526,48317.0588,116.5417199,48317.0588,116.5417199,969.5,
beltzvilleCombined,919,,,,,,,,54.8429309,-42.1481196,77.82868829,65.00875084,8.74008569,1.087909056,5.72,50.69581671,21.42644131,48.23983119,77.48779504,48.10208324,11.76339062,0.4454,2.413616184,1.878,-0.807,96.11416911,0.052493768,48317.0588,116.5417199,48317.0588,116.5417199,969.5,
beltzvilleCombined,920,,,,,,,,64.60814444,-44.29,78.51415983,66.57611255,1.622069628,6.372687447,5.260073378,57.1471332,5.619085569,51.83956329,178.1328391,17.4772713,28.65506964,-6.653485218,61.7941197,1.878,-0.807,40.60305747,0,48317.0588,116.5417199,48317.0588,116.5417199,969.5,
beltzvilleCombined,921,,,,,,,,-4.734615343,5.21,92.44243231,59.01234732,62.48311771,7.053672642,3.523489709,23.30186828,94.21530083,87.35998319,192.0102429,-0.5901,54.14570364,-32.43408526,2.777693114,1.878,-0.807,26.69068228,0.135901443,48317.0588,116.5417199,48317.0588,116.5417199,969.5,
beltzvilleCombined,922,,,,,,,,51.78901855,-38.56829348,78.46178711,74.0056909,10.89812199,3.761926997,4.665432282,55.16908557,16.63558487,51.79305078,87.85303229,54.1902217,3.183919651,-7.17598878,35.99286897,1.878,-0.807,16.49133569,0.065475008,48317.0588,116.5417199,48317.0588,116.5417199,969.5,
beltzvilleCombined,923,,,,,,,,-3.245861292,4.56014101,88.06893664,56.8563424,73.61049919,7.60913345,-38.55634549,31.78988235,98.24924561,32.1336393,190.0566208,-0.5901,3.898390287,-42.07889794,2.758829149,1.878,-0.807,11.5685407,0.212673551,48317.0588,116.5417199,48317.0588,116.5417199,969.5,
beltzvilleCombined,924,,,,,,,,-10.75475871,5.099278398,73.99313974,10.40318066,81.03696882,-8.28179897,3.79888417,27.4668142,99.68801468,53.9993809,181.7570609,25.06320219,5.150557872,-20.55323537,60.62695137,1.878,-0.807,0.23624842,0.001822707,48317.0588,116.5417199,48317.0588,116.5417199,969.5,
beltzvilleCombined,925,,,,,,,,-3.368171947,4.802353133,74.14520229,63.46370602,71.87000759,-1.594452898,-43.90408701,29.55519014,79.82774303,87.20406077,179.2569373,28.34868518,0.555021684,-28.87161664,19.71719699,1.878,-0.807,1.297095323,0.000144862,48317.0588,116.5417199,48317.0588,116.5417199,969.5,
beltzvilleCombined,926,,,,,,,,-10.95,4.65570006,74.53837378,68.31163299,84.34902776,-1.579345948,1.406992358,25.65953668,89.53052926,99.98912132,185.6193226,30.86380226,14.59312279,-32.50991375,62.01028793,1.878,-0.807,1.229610329,0.001638774,48317.0588,116.5417199,48317.0588,116.5417199,969.5,
beltzvilleCombined,927,,,,,,,,44.27280523,-44.29,77.5773812,62.49890202,18.08282064,-14.41,5.72,60.27338464,87.43863476,100,198.7341694,84.7844,5.937035454,-5.892766801,45.5612317,1.878,-0.807,72.70749422,0.225098908,48317.0588,116.5417199,48317.0588,116.5417199,969.5,
beltzvilleCombined,928,,,,,,,,66.143526,-4.503923282,69.68664317,64.14100409,0,-0.267055017,3.923816242,67.259094,61.62235945,59.29541145,36.01388834,15.16110534,50.48093067,-14.48604287,63.516,1.878,-0.807,57.59023271,0.180108517,48317.0588,116.5417199,48317.0588,116.5417199,969.5,
beltzvilleCombined,929,,,,,,,,-1.780027542,5.21,74.58830243,5.939849621,62.10773311,-10.50962225,-44.85026669,55.49643396,3.730701682,92.04551372,182.6243173,39.92429217,39.56824957,0.332429261,27.67579346,1.878,-0.807,91.53069631,0.039990092,48317.0588,116.5417199,48317.0588,116.5417199,969.5,
beltzvilleCombined,930,,,,,,,,-0.139530802,5.21,88.02297602,59.83964067,67.74900603,6.313648872,-36.79805335,27.00852635,94.85928229,80.32170925,187.0286059,2.889449862,11.53501835,-27.93999642,0.725649542,1.878,-0.807,3.3396624,0.080463629,48317.0588,116.5417199,48317.0588,116.5417199,969.5,
beltzvilleCombined,931,,,,,,,,45.18271708,-44.29,75.84658655,64.23381482,22.63662395,-14.41,5.72,62.71084815,26.04596786,100,199.7889184,84.7844,5.217106963,-10.21409469,42.01564159,1.878,-0.807,0.581426052,0.017256458,48317.0588,116.5417199,48317.0588,116.5417199,969.5,
beltzvilleCombined,932,,,,,,,,45.46564283,-37.85025377,75.56623814,65.53402057,18.87540115,-0.561655311,5.149434402,54.32577667,19.51923522,55.09263066,98.52539213,49.16597137,13.23780953,-6.512205991,37.72583059,1.878,-0.807,87.31825919,0.087572296,48317.0588,116.5417199,48317.0588,116.5417199,969.5,
beltzvilleCombined,933,,,,,,,,-2.656337665,5.21,90.50129892,55.75570006,67.70564742,5.964145721,-34.70807416,21.92234443,93.89833482,92.15413755,185.5582812,3.433747721,58.46329292,-30.88439476,-0.257425275,1.878,-0.807,39.46267169,0.308225494,48317.0588,116.5417199,48317.0588,116.5417199,969.5,
beltzvilleCombined,934,,,,,,,,-3.738050033,5.150135466,73.97605271,58.73416179,76.48523906,-8.340169178,4.975882654,31.58038677,90.1650674,100,174.4670407,23.75739308,33.57051579,-47.42846092,59.10302165,1.878,-0.807,54.89157011,0,48317.0588,116.5417199,48317.0588,116.5417199,969.5,
beltzvilleCombined,935,,,,,,,,45.39951497,-1.072375767,60.8653654,60.81756083,96.46691155,6.449804775,-10.12232076,44.54511574,21.19644209,51.39862554,191.5301645,7.959761371,50.0386106,-25.90147016,6.198049711,1.878,-0.807,65.20054627,0.644428467,48317.0588,116.5417199,48317.0588,116.5417199,969.5,
beltzvilleCombined,936,,,,,,,,-3.819583257,5.042366847,85.39681729,60.51359327,72.97440806,4.966146136,-45.21,28.19296241,26.85530337,75.47665131,185.5197342,4.951867351,9.228386622,-26.46552407,-1.414,1.878,-0.807,0.547044165,0.158030218,48317.0588,116.5417199,48317.0588,116.5417199,969.5,
beltzvilleCombined,937,,,,,,,,-0.622531716,2.02859604,87.91128249,44.09958579,61.81974131,10.22216268,-5.273398121,24.74845264,52.78037603,80.98417555,159.8841884,23.76693813,40.17855888,-43.13261448,5.329920921,1.878,-0.807,2.92778842,0.75504945,48317.0588,116.5417199,48317.0588,116.5417199,969.5,
beltzvilleCombined,938,,,,,,,,-1.162631283,2.516647494,89.8850769,60.61438078,64.39308938,-6.18598499,-0.454697581,33.28477396,52.55469325,97.73313038,178.6799167,22.89533309,4.250849576,-24.34940825,54.66828461,1.878,-0.807,1.340409529,0.168637164,48317.0588,116.5417199,48317.0588,116.5417199,969.5,
beltzvilleCombined,939,,,,,,,,44.87136602,-2.331922908,62.55258994,60.71380965,86.57975332,9.67848032,-9.183474741,45.50425422,26.78412866,86.61334444,126.3139031,19.81601653,47.40057945,-24.83906315,-1.288066914,1.878,-0.807,59.17669101,0.753398209,48317.0588,116.5417199,48317.0588,116.5417199,969.5,
beltzvilleCombined,940,,,,,,,,31.18029832,-44.29,74.7167827,77.94727624,8.342257932,-9.527934148,-12.20339818,24.16958211,82.70296925,91.84258341,220.7109272,77.41089406,5.245244663,-30.55478272,40.77831449,1.878,-0.807,97.625,0.181638057,48317.0588,116.5417199,48317.0588,116.5417199,969.5,
beltzvilleCombined,941,,,,,,,,47.50839768,-27.82695965,62.74414698,65.37200544,23.13236844,7.428148471,5.72,60.98278271,47.99988204,92.47145314,161.2139866,48.13295327,53.47981027,-0.158419963,63.19696793,1.878,-0.807,59.9034262,0.667792465,48317.0588,116.5417199,48317.0588,116.5417199,969.5,
beltzvilleCombined,942,,,,,,,,38.41074637,-24.93789893,93.83548138,63.85187017,23.37533962,-13.64769243,-5.432486368,61.47213393,28.36565139,71.51760747,162.748967,84.7844,45.44035227,-2.263146223,55.79361312,1.878,-0.807,63.80477709,0.478217125,48317.0588,116.5417199,48317.0588,116.5417199,969.5,
beltzvilleCombined,943,,,,,,,,37.4434757,-37.89831494,74.2315581,76.02129046,11.45628251,9.731257193,-14.88515747,30.37210162,78.24358661,50.32310387,212.0957654,76.88853743,9.923660558,-33.93848705,42.9588515,1.878,-0.807,97.43962267,0.172430139,48317.0588,116.5417199,48317.0588,116.5417199,969.5,
beltzvilleCombined,944,,,,,,,,-8.408609562,3.138543122,72.13467074,69.11302036,76.55895904,-0.44995821,5.72,25.41496582,99.55340698,95.51439603,187.1630828,31.0930351,2.253173343,-28.62194455,57.21437858,1.878,-0.807,0,0.395561308,48317.0588,116.5417199,48317.0588,116.5417199,969.5,
beltzvilleCombined,945,,,,,,,,-5.382954843,5.21,95.47238104,58.26047726,64.06428612,4.76477441,2.209250982,18.52041494,99.01831582,24.1865317,190.8169628,-0.5901,61.48361643,-22.69760931,0.834124229,1.878,-0.807,29.4699809,0.045137682,48317.0588,116.5417199,48317.0588,116.5417199,969.5,
beltzvilleCombined,946,,,,,,,,-3.84529178,5.21,72.79142896,29.61269221,74.37719033,-1.815418929,3.607766715,26.91408906,99.88885707,97.97886228,182.3669059,47.13912104,8.215838262,-26.61261854,54.95246046,1.878,-0.807,0,0,48317.0588,116.5417199,48317.0588,116.5417199,969.5,
beltzvilleCombined,947,,,,,,,,51.84517463,-17.66002135,62.7312121,65.19272115,6.620902413,8.123794066,4.210456541,60.20507604,42.63457746,84.22614531,159.9750352,33.3053781,42.03682858,-0.697924838,58.59291259,1.878,-0.807,52.61901744,0.667095542,48317.0588,116.5417199,48317.0588,116.5417199,969.5,
beltzvilleCombined,948,,,,,,,,31.89924878,-44.29,74.7167827,77.94727624,67.43859861,4.518035649,-12.20339818,24.16958211,83.24766109,81.15273157,220.7109272,77.41089406,5.167594475,-30.55478272,39.10929688,1.878,-0.807,97.625,0.179644884,48317.0588,116.5417199,48317.0588,116.5417199,969.5,
beltzvilleCombined,949,,,,,,,,38.89777101,-1.918431753,63.10435482,61.57637321,92.53754308,-12.16595517,-9.981767669,46.52570354,22.75529239,60.51555448,190.9769317,14.05254988,47.85758614,-23.69312767,10.39791627,1.878,-0.807,60.15432028,0.471167707,48317.0588,116.5417199,48317.0588,116.5417199,969.5,
beltzvilleCombined,950,,,,,,,,-6.583850267,5.21,80.24711092,65.20676465,71.76696777,7.045854575,1.503092434,33.93566276,100,30.34961134,188.8753737,-0.5901,44.38358667,-49.97530953,33.31964581,1.878,-0.807,24.99946431,0.957,48317.0588,116.5417199,48317.0588,116.5417199,969.5,
beltzvilleCombined,951,,,,,,,,42.90127197,-44.29,75.80647415,64.45521007,21.50154092,-14.41,5.72,62.42264009,88.34196802,100,200.2019773,84.7844,5.025933685,-9.532834955,41.55651392,1.878,-0.807,89.54330388,0,48317.0588,116.5417199,48317.0588,116.5417199,969.5,
beltzvilleCombined,952,,,,,,,,43.94488924,-25.31144621,75.30482066,65.77773635,22.19160853,-4.96916084,-5.559867927,58.56307677,25.90371689,70.36522016,182.4319697,84.7844,45.21321786,-8.433103465,59.10212144,1.878,-0.807,68.46356676,0.412437357,48317.0588,116.5417199,48317.0588,116.5417199,969.5,
beltzvilleCombined,953,,,,,,,,-2.244012514,2.367561096,71.96913613,68.34555277,74.17915336,1.248977671,2.877588443,30.12149877,91.55537929,92.85638222,180.9367105,29.44571864,6.210856471,-28.02569992,49.95307555,1.878,-0.807,3.127193414,0.297230544,48317.0588,116.5417199,48317.0588,116.5417199,969.5,
beltzvilleCombined,954,,,,,,,,-3.490504493,1.260235593,63.21540846,62.30648552,60.43593895,4.467723384,-4.101871176,24.58997076,50.36854374,54.82667047,162.5557537,22.99728818,12.62499476,-28.83329543,24.21228531,1.878,-0.807,56.58516811,0.890881172,48317.0588,116.5417199,48317.0588,116.5417199,969.5,
beltzvilleCombined,955,,,,,,,,-1.859178376,5.143517972,73.6557627,66.06715102,72.20027975,-3.56897455,-14.51037613,39.80556123,97.80846639,91.87127723,184.839676,25.38802986,9.096759741,-26.80850458,24.56258688,1.878,-0.807,0.147871086,0.107086883,48317.0588,116.5417199,48317.0588,116.5417199,969.5,
beltzvilleCombined,956,,,,,,,,-3.994857018,5.21,88.48071603,60.20308186,72.67383642,5.189121811,-45.21,26.51857935,96.72000131,76.84348883,186.8957333,4.058927946,7.931181069,-26.96581387,-1.414,1.878,-0.807,0,0.957,48317.0588,116.5417199,48317.0588,116.5417199,969.5,
beltzvilleCombined,957,,,,,,,,42.08772535,-44.29,75.89676373,64.46372149,21.89326033,-14.41,5.72,61.75521986,88.4396604,96.30202884,200.3512792,84.7844,2.462674465,-10.73295638,41.35811755,1.878,-0.807,72.55627905,0.232787244,48317.0588,116.5417199,48317.0588,116.5417199,969.5,
beltzvilleCombined,958,,,,,,,,-10.95,5.21,72.03525834,65.0487254,80.14287477,-1.091159353,5.72,14.17744547,93.93865042,95.32100988,177.111742,30.15342632,6.13880227,-51.64233706,7.117488769,1.878,-0.807,0,0.957,48317.0588,116.5417199,48317.0588,116.5417199,969.5,
beltzvilleCombined,959,,,,,,,,-1.107308485,1.912803472,75.15510944,60.14553081,68.34681396,4.769203609,4.885554317,27.68476707,86.86750772,49.10909481,179.9216101,10.70444749,11.24813426,-39.09662654,7.522817136,1.878,-0.807,19.61359142,0.091549403,48317.0588,116.5417199,48317.0588,116.5417199,969.5,
beltzvilleCombined,960,,,,,,,,67.43271242,-43.11683156,67.8358425,64.24452537,1.264714747,-0.613184425,5.425228157,61.61914745,61.45516106,57.47567814,39.13637,13.76634798,14.4651835,-31.25030656,63.18845808,1.878,-0.807,54.28099946,0.306121332,48317.0588,116.5417199,48317.0588,116.5417199,969.5,
beltzvilleCombined,961,,,,,,,,-2.606761248,5.21,86.84573227,61.30547435,68.07871975,-0.015296398,-37.44607195,31.86427349,84.387238,78.15065244,199.3183037,10.52192458,31.6628335,-27.37509917,-0.334410254,1.878,-0.807,11.24555811,0.017223496,48317.0588,116.5417199,48317.0588,116.5417199,969.5,
beltzvilleCombined,962,,,,,,,,43.43974502,-3.409950046,62.21921623,61.90458986,90.68060771,9.575367371,-23.2961094,47.37832829,43.89229791,88.96223161,97.90729996,14.31092067,44.42858815,-18.8420659,14.84310811,1.878,-0.807,59.86334537,0.601448937,48317.0588,116.5417199,48317.0588,116.5417199,969.5,
beltzvilleCombined,963,,,,,,,,79.63,-39.3642464,73.89163141,65.53504455,1.129811231,11.16,-21.30779393,57.97985464,52.57239714,87.62155201,139.3112365,17.44350557,12.45515969,-10.35586818,63.516,1.878,-0.807,35.00804854,0.068252789,48317.0588,116.5417199,48317.0588,116.5417199,969.5,
beltzvilleCombined,964,,,,,,,,-7.111569797,-2.673385345,75.68136628,71.01234778,72.6595516,0.928760529,3.226742962,26.17571642,100,74.80093949,188.3500245,18.28893481,-0.034875353,-21.59908046,51.5024527,1.878,-0.807,0,0,48317.0588,116.5417199,48317.0588,116.5417199,969.5,
beltzvilleCombined,965,,,,,,,,-1.742771581,2.283671522,68.52291197,51.57775015,59.09879882,-14.41,-20.66046596,8.05524431,51.20344798,70.49961265,152.9018575,13.41859888,2.832664503,-52.3545,-1.336210863,1.878,-0.807,55.4393744,0.188418985,48317.0588,116.5417199,48317.0588,116.5417199,969.5,
beltzvilleCombined,966,,,,,,,,-2.096329592,-0.501773375,68.25218968,62.02253745,61.41872605,3.267532105,-9.376294733,38.17984916,43.42673747,58.91758691,160.5912233,22.17389854,49.64242272,-2.983197142,24.91585428,1.878,-0.807,56.88690963,0.665728064,48317.0588,116.5417199,48317.0588,116.5417199,969.5,
beltzvilleCombined,967,,,,,,,,-7.378345922,5.21,87.27196184,60.27271531,74.07586121,1.054802588,-44.27757221,30.25813868,94.06734695,79.12987014,182.8610538,1.509487403,7.059146677,-26.20014209,-1.414,1.878,-0.807,0,0.389869261,48317.0588,116.5417199,48317.0588,116.5417199,969.5,
beltzvilleCombined,968,,,,,,,,-10.95,4.544639656,74.22021861,47.46585043,82.97866313,5.055700848,5.72,25.01217581,23.47219903,100,185.9328508,28.22683695,5.792180094,-25.01440911,52.57707604,1.878,-0.807,0,0,48317.0588,116.5417199,48317.0588,116.5417199,969.5,
beltzvilleCombined,969,,,,,,,,41.60655428,-3.671077583,61.49095606,61.11960784,90.19445713,10.24860998,-7.873084159,53.72501243,22.8607804,91.16466516,170.936693,17.1192692,49.58503398,-17.82102515,14.64642766,1.878,-0.807,54.67867962,0.20196926,48317.0588,116.5417199,48317.0588,116.5417199,969.5,
beltzvilleCombined,970,,,,,,,,-3.762917434,5.21,87.44075971,60.89712568,72.28872455,4.306393459,-45.21,27.13213376,96.37841073,77.99536259,188.5778417,5.954294456,7.201940066,-30.76854465,-1.414,1.878,-0.807,0,0.060034429,48317.0588,116.5417199,48317.0588,116.5417199,969.5,
beltzvilleCombined,971,,,,,,,,-3.261651264,4.619361666,83.25090824,60.89232445,72.07663084,2.36715821,-39.46290605,31.95500262,23.94933504,17.43290351,184.2331178,9.464710131,13.72840044,-28.94099537,4.62006453,1.878,-0.807,10.49478458,0.716456301,48317.0588,116.5417199,48317.0588,116.5417199,969.5,
beltzvilleCombined,972,,,,,,,,-3.881836401,5.21,88.35675059,62.23060122,70.3893236,4.132070858,-43.34906465,26.18140745,97.43454985,80.81898216,185.0850165,5.48371986,9.476458686,-29.87729896,-1.414,1.878,-0.807,3.038241048,0.032868836,48317.0588,116.5417199,48317.0588,116.5417199,969.5,
beltzvilleCombined,973,,,,,,,,31.33085583,-42.34428309,78.507762,64.28759647,24.09265657,-11.63425488,5.72,61.18251514,71.54671288,93.02103244,200.3702385,80.67297221,8.395344482,-13.20989995,45.8380642,1.878,-0.807,76.86820943,0.061747928,48317.0588,116.5417199,48317.0588,116.5417199,969.5,
beltzvilleCombined,974,,,,,,,,33.90954403,-44.29,74.1412935,76.06751076,11.45628251,-10.23673375,-3.907524307,30.66391207,80.89792032,88.60017842,211.2401056,77.1150978,9.823036563,-33.99550444,41.68560681,1.878,-0.807,97.625,0.175868109,48317.0588,116.5417199,48317.0588,116.5417199,969.5,
beltzvilleCombined,975,,,,,,,,64.47556795,-43.16562355,79.55196275,66.9342743,1.377470176,8.455094995,5.72,55.19517491,0,51.43034467,222.794767,18.11021073,31.72659297,-8.010948584,62.7232298,1.878,-0.807,39.86552737,0,48317.0588,116.5417199,48317.0588,116.5417199,969.5,
beltzvilleCombined,976,,,,,,,,-3.536999839,5.21,90.55950051,58.7720184,69.77967258,-6.851941762,1.664641664,35.47742695,50.84050071,99.83164276,181.6971104,24.10719875,41.18454562,-46.77594216,55.13023209,1.878,-0.807,53.09713969,0.183185315,48317.0588,116.5417199,48317.0588,116.5417199,969.5,
beltzvilleCombined,977,,,,,,,,65.40411132,-44.29,80.12795547,66.97793491,0,6.317554174,-1.997172111,56.74491693,0,50.44487622,183.8964115,80.80006532,31.91967694,-7.06791085,63.516,1.878,-0.807,38.42213713,0,48317.0588,116.5417199,48317.0588,116.5417199,969.5,
beltzvilleCombined,978,,,,,,,,-2.033561417,4.328659754,68.0718869,49.94786294,60.89567409,-14.41,-18.74338197,17.41068782,52.93122509,67.32670912,152.4799025,15.26599348,3.163834743,-52.3545,-1.414,1.878,-0.807,61.17808274,0.223895349,48317.0588,116.5417199,48317.0588,116.5417199,969.5,
beltzvilleCombined,979,,,,,,,,-6.471441607,-2.731807876,72.80050631,72.7770628,72.33373805,3.771358151,5.030806136,43.03844527,94.84778609,83.98076708,231.9145915,38.01391212,26.08791611,-17.25883134,61.92643383,1.878,-0.807,9.350630992,0,48317.0588,116.5417199,48317.0588,116.5417199,969.5,
beltzvilleCombined,980,,,,,,,,41.73065878,-24.58635188,94.67849857,67.63446785,24.52529973,-14.41,-20.76599676,59.90682502,31.21017491,69.72016867,174.8117275,84.7844,34.9412009,-24.29578779,63.18620524,1.878,-0.807,57.97109822,0.364443886,48317.0588,116.5417199,48317.0588,116.5417199,969.5,
beltzvilleCombined,981,,,,,,,,-2.033561417,4.328659754,68.0718869,50.11078389,60.89567409,10.71084579,-18.74338197,17.41068782,51.93481317,67.536889,152.4799025,15.36010657,3.163834743,-30.80669013,-1.414,1.878,-0.807,61.17808274,0.223895349,48317.0588,116.5417199,48317.0588,116.5417199,969.5,
beltzvilleCombined,982,,,,,,,,63.93238709,-36.61366063,71.06662448,62.93829292,0,11.16,-17.18235675,61.09839598,67.77055705,85.82276195,135.6477708,54.17990773,20.3998339,-29.60945588,59.40354372,1.878,-0.807,36.19172642,0,48317.0588,116.5417199,48317.0588,116.5417199,969.5,
beltzvilleCombined,983,,,,,,,,-8.14296226,4.763444236,71.16368976,50.17815523,70.93532888,-13.34004953,-24.04618893,14.16910645,52.8016988,77.48649187,157.3784138,13.33385433,12.34850825,-52.3545,-0.131504539,1.878,-0.807,3.885744493,0.111544759,48317.0588,116.5417199,48317.0588,116.5417199,969.5,
beltzvilleCombined,984,,,,,,,,-0.293490086,5.160623841,87.37700615,59.84332567,68.57669884,6.216641549,-36.21564963,27.56486053,95.01201849,79.4246272,180.7390602,6.511815807,18.43649409,-25.14756825,1.611910608,1.878,-0.807,0.556217713,0,48317.0588,116.5417199,48317.0588,116.5417199,969.5,
beltzvilleCombined,985,,,,,,,,-1.628423871,2.022218398,74.73246366,67.91989016,71.07987104,-6.687022523,4.161498413,28.98918639,86.42174579,97.56080381,180.5361259,22.90009388,37.91538978,-46.86922949,49.92159833,1.878,-0.807,55.71542733,0.000448385,48317.0588,116.5417199,48317.0588,116.5417199,969.5,
beltzvilleCombined,986,,,,,,,,-2.994657159,4.343716403,72.50908884,65.68680958,71.58137985,-3.549094178,-34.54978444,31.89151634,77.90265901,86.66772678,181.8463583,26.37647081,8.620973113,-25.12159971,20.37632258,1.878,-0.807,8.628663401,0.144978084,48317.0588,116.5417199,48317.0588,116.5417199,969.5,
beltzvilleCombined,987,,,,,,,,-1.808683423,2.52774982,72.77055175,67.91535786,71.92033955,-5.847242776,4.651350191,29.9510937,53.88317625,98.33315385,175.3667917,23.08695854,40.48668784,-29.51874813,53.72808799,1.878,-0.807,28.14866835,0.708765674,48317.0588,116.5417199,48317.0588,116.5417199,969.5,
beltzvilleCombined,988,,,,,,,,-7.882915483,5.168416114,70.92636009,49.29513239,73.89860372,-14.41,-25.47607686,11.39186063,53.39349419,78.67100246,159.1196502,12.24805789,11.90800535,-51.27083718,-1.414,1.878,-0.807,0,0.130197184,48317.0588,116.5417199,48317.0588,116.5417199,969.5,
beltzvilleCombined,989,,,,,,,,70.26349048,-1.906192746,62.78741636,61.26093352,92.2892258,4.205810001,-7.302413707,56.83224812,19.36031369,57.38871395,193.1835921,13.83901064,-0.904853736,-44.93342557,44.79074837,1.878,-0.807,29.56462015,0.462255018,48317.0588,116.5417199,48317.0588,116.5417199,969.5,
beltzvilleCombined,990,,,,,,,,-7.413489918,4.176293237,73.86549636,13.35773047,80.70246664,-8.192551063,2.321551093,28.16056033,96.71716162,55.91151799,179.6591974,25.9267759,6.017450553,-22.81762541,58.86894281,1.878,-0.807,1.993276212,0.008839821,48317.0588,116.5417199,48317.0588,116.5417199,969.5,
beltzvilleCombined,991,,,,,,,,39.27692444,-1.88983335,62.91898582,61.79102792,92.42822569,4.984532159,-5.620049681,56.18151329,70.51558352,63.71462081,189.3145362,19.7456507,12.16534214,-45.99616626,14.97484975,1.878,-0.807,57.22475105,0.464347823,48317.0588,116.5417199,48317.0588,116.5417199,969.5,
beltzvilleCombined,992,,,,,,,,-4.568520509,5.21,73.59098066,62.3548988,72.03460848,-3.013694607,-36.66879452,28.58835975,75.27743046,91.29116119,180.4407431,26.40954622,10.03758074,-28.29315978,21.4303554,1.878,-0.807,4.887971476,0.086749471,48317.0588,116.5417199,48317.0588,116.5417199,969.5,
beltzvilleCombined,993,,,,,,,,-3.045872939,5.21,85.66346968,59.24377469,75.12213869,1.293433803,-40.89861732,27.54786726,92.43067941,45.3891698,181.1191485,4.828475075,9.187509617,-41.26711363,0.833977727,1.878,-0.807,11.12819895,0,48317.0588,116.5417199,48317.0588,116.5417199,969.5,
beltzvilleCombined,994,,,,,,,,-2.763640505,-0.567345957,83.68805359,68.67960039,69.02031777,0.633536951,-38.97304895,42.71454732,90.67339345,91.5336494,171.6705731,38.40423477,6.404842959,-11.03526664,10.24405785,1.878,-0.807,4.550598046,0.419585612,48317.0588,116.5417199,48317.0588,116.5417199,969.5,
beltzvilleCombined,995,,,,,,,,-4.018416932,5.196344297,73.97646334,64.02400617,74.10224216,4.392080931,-43.88237809,30.50642961,96.72135321,89.00845269,185.3590573,7.376140451,1.898371288,-28.51303572,17.96008098,1.878,-0.807,46.4522316,0.129557771,48317.0588,116.5417199,48317.0588,116.5417199,969.5,
beltzvilleCombined,996,,,,,,,,-4.844614447,5.21,81.14590046,59.80406646,81.58178303,7.049927774,-45.21,31.57980485,14.97658014,54.52886122,173.3139635,1.570651955,17.83812209,-25.18315555,0.584906425,1.878,-0.807,4.155472744,0.611750679,48317.0588,116.5417199,48317.0588,116.5417199,969.5,
beltzvilleCombined,997,,,,,,,,-6.986631456,2.77701525,62.13085,62.01867141,62.3835417,-14.41,-3.278151561,56.35448918,50.3566204,52.47158174,187.461703,21.60264121,47.11507515,-1.118059093,23.27689735,1.878,-0.807,58.49045679,0.902379214,48317.0588,116.5417199,48317.0588,116.5417199,969.5,
beltzvilleCombined,998,,,,,,,,-1.766270976,4.832962303,87.63478437,60.21016517,68.80967979,-14.12717186,-42.83087474,28.73005691,15.09058035,60.98119789,187.142847,4.750421673,9.046554636,-27.36790819,-1.215805027,1.878,-0.807,1.472170115,0.387301709,48317.0588,116.5417199,48317.0588,116.5417199,969.5,
beltzvilleCombined,999,,,,,,,,-2.32263813,5.21,83.08035165,64.07372021,69.66895567,4.256157517,1.400791958,32.93665497,98.22900954,72.3852321,192.3605482,-0.5901,2.364053925,-34.44100138,0.979963562,1.878,-0.807,0.974148938,0,48317.0588,116.5417199,48317.0588,116.5417199,969.5,
beltzvilleCombined,1000,,,,,,,,-7.613477654,-5.649846273,75.28610679,71.95494893,70.85468497,7.603313588,5.72,35.73714057,79.70237147,80.72574857,182.9908983,-0.060236816,25.89184968,-21.54415286,60.26108361,1.878,-0.807,16.05642492,0.339230956,48317.0588,116.5417199,48317.0588,116.5417199,969.5,
beltzvilleCombined,1001,,,,,,,,42.93961183,-44.29,75.94840936,64.41207954,20.86354234,-14.28401141,5.72,62.29532355,90.63873941,100,200.7803772,84.7844,0.921606428,-8.303121104,41.72164208,1.878,-0.807,73.79709859,0.253403672,48317.0588,116.5417199,48317.0588,116.5417199,969.5,
beltzvilleCombined,1002,,,,,,,,44.16197816,-36.41526062,73.83740367,65.05514941,20.32967842,-13.81723223,5.72,62.57771063,85.17428297,94.24590339,191.6842678,82.6511139,2.722164814,-10.56096471,44.89727313,1.878,-0.807,85.53671826,0.101238577,48317.0588,116.5417199,48317.0588,116.5417199,969.5,
beltzvilleCombined,1003,,,,,,,,-5.987888201,4.433017687,75.428755,56.6927695,74.18521301,-9.312321873,5.72,28.27849099,87.78503408,91.25425752,144.5044088,56.30072526,46.55292806,-43.93378883,56.75401388,1.878,-0.807,53.33171209,0.008932479,48317.0588,116.5417199,48317.0588,116.5417199,969.5,
beltzvilleCombined,1004,,,,,,,,63.62304006,4.164718846,62.46924575,60.73955969,100,-13.52784544,-30.55204729,35.2045254,0,63.7915496,124.6099193,11.02958633,20.57873981,-47.13963154,-1.414,1.878,-0.807,28.26587328,0.834958227,48317.0588,116.5417199,48317.0588,116.5417199,969.5,
beltzvilleCombined,1005,,,,,,,,65.02078166,-5.097826709,69.73232634,64.20983748,1.882905994,-0.253536179,3.46403427,66.78821137,61.09478867,59.72428068,40.02535272,15.66943218,50.01007395,-14.59905079,62.81759123,1.878,-0.807,57.27102562,0.182495161,48317.0588,116.5417199,48317.0588,116.5417199,969.5,
beltzvilleCombined,1006,,,,,,,,-3.258331514,4.844431981,72.56441603,65.00981272,71.79998885,-2.958347252,-38.85060009,29.53736251,95.52256419,87.13712002,179.4399467,25.07334395,5.679581459,-29.04575441,19.71719699,1.878,-0.807,1.86134844,0.74661761,48317.0588,116.5417199,48317.0588,116.5417199,969.5,
beltzvilleCombined,1007,,,,,,,,72.03497775,-40.87770033,73.42546925,65.4968333,5.456520544,8.232680238,2.918246815,58.54357803,4.671008261,49.1146578,184.563239,72.4815348,9.843634618,-24.88637391,60.78561408,1.878,-0.807,2.396143987,0.05140046,48317.0588,116.5417199,48317.0588,116.5417199,969.5,
beltzvilleCombined,1008,,,,,,,,39.79419601,-41.78676199,75.32930886,63.488655,24.13692187,-13.06842933,5.166431548,61.96741214,88.28961257,97.0650169,199.9932792,80.56347154,3.140744244,-9.902045479,41.11789134,1.878,-0.807,70.62312897,0.245371957,48317.0588,116.5417199,48317.0588,116.5417199,969.5,
beltzvilleCombined,1009,,,,,,,,-3.512324886,5.19540576,90.37716894,42.97542135,70.22455015,8.150970339,-1.648822374,35.07014233,95.22364311,78.86070411,180.8957467,14.16469935,9.520293225,-28.60036467,1.304695518,1.878,-0.807,2.275218798,0.042863363,48317.0588,116.5417199,48317.0588,116.5417199,969.5,
beltzvilleCombined,1010,,,,,,,,45.02476192,-42.60702364,82.23243091,65.0815959,7.852804532,4.689391519,2.372020597,63.30702303,22.73625755,63.07701054,50.59961159,9.67906192,46.20195329,-3.927267594,62.30586944,1.878,-0.807,0.893263081,0.032313211,48317.0588,116.5417199,48317.0588,116.5417199,969.5,
beltzvilleCombined,1011,,,,,,,,41.61366586,-1.58433989,62.78741636,61.28045642,92.2892258,4.205810001,-8.709092803,58.65761072,19.36031369,57.07015721,191.2032984,13.83901064,47.6785599,-24.87498789,44.88816733,1.878,-0.807,61.67748142,0.172831502,48317.0588,116.5417199,48317.0588,116.5417199,969.5,
beltzvilleCombined,1012,,,,,,,,-10.95,5.21,73.77631308,70.79464113,81.13560968,-1.003330831,-13.43421837,46.08847517,95.73323707,92.98349425,189.5145644,10.19426877,9.252892172,-26.20940068,58.28491972,1.878,-0.807,50.7488615,0.1554911,48317.0588,116.5417199,48317.0588,116.5417199,969.5,
beltzvilleCombined,1013,,,,,,,,38.9997279,-3.828936929,63.25166819,62.10110636,90.00443658,5.551969447,-5.795148168,55.93482534,69.60882603,62.45868636,189.5293747,21.07852368,13.97873424,-44.60778159,16.73457142,1.878,-0.807,56.19524421,0.457457635,48317.0588,116.5417199,48317.0588,116.5417199,969.5,
beltzvilleCombined,1014,,,,,,,,41.16409931,-44.29,74.1412935,75.37800152,11.45628251,-13.7361167,5.310944867,29.01790583,80.89792032,87.9508432,211.2501683,77.31679885,9.823036563,-33.99550444,40.67965393,1.878,-0.807,97.625,0.175868109,48317.0588,116.5417199,48317.0588,116.5417199,969.5,
beltzvilleCombined,1015,,,,,,,,-6.434203508,4.189213347,72.96845139,59.49343528,65.00015236,-1.069279904,-1.702139773,50.13058736,55.70418427,56.09913917,163.3599021,20.84034095,42.3645665,-6.910011635,19.14751636,1.878,-0.807,65.05995351,0.728153668,48317.0588,116.5417199,48317.0588,116.5417199,969.5,
beltzvilleCombined,1016,,,,,,,,-1.748332099,4.84164682,87.63478437,59.8164854,68.81264,-14.12717186,-35.95986081,27.84644987,15.09058035,60.98119789,180.8313075,4.762313596,8.947951935,-27.36790819,-1.215805027,1.878,-0.807,1.472170115,0.387301709,48317.0588,116.5417199,48317.0588,116.5417199,969.5,
beltzvilleCombined,1017,,,,,,,,-3.763497227,5.133076805,83.27523381,60.77922395,72.72099094,2.706626443,-40.02773129,31.89442198,23.57206067,15.63658334,184.6644917,8.736113338,13.43185688,-29.13866491,3.332520475,1.878,-0.807,9.508628639,0.720178697,48317.0588,116.5417199,48317.0588,116.5417199,969.5,
beltzvilleCombined,1018,,,,,,,,-4.215744219,5.056301722,69.23205185,61.48858077,70.36618849,-14.41,-45.21,25.60112649,57.90842975,78.25803979,159.710723,7.15174763,11.71942785,-27.59346689,-1.414,1.878,-0.807,65.57459495,0.181720521,48317.0588,116.5417199,48317.0588,116.5417199,969.5,
beltzvilleCombined,1019,,,,,,,,-2.352262606,5.21,92.41530676,45.8312394,70.8458805,11.16,-42.67795081,36.34899134,95.56990338,79.42653211,180.5431219,15.74612918,9.922393585,-31.60123851,0.05300011,1.878,-0.807,0.000139371,0,48317.0588,116.5417199,48317.0588,116.5417199,969.5,
beltzvilleCombined,1020,,,,,,,,-5.972503535,5.21,87.2279238,59.12165497,74.1690817,5.053537867,-1.848391194,23.37083768,97.21484887,86.2979911,190.2768264,0.281454594,-1.2104,-27.6601493,-1.395631923,1.878,-0.807,0,0.258815831,48317.0588,116.5417199,48317.0588,116.5417199,969.5,
beltzvilleCombined,1021,,,,,,,,38.9997279,-3.828936929,63.25166819,62.10110636,90.11540903,5.551969447,-5.795148168,55.93482534,69.60882603,62.45868636,182.4913256,21.07852368,13.99434103,-44.73960305,16.73457142,1.878,-0.807,56.19524421,0.457457635,48317.0588,116.5417199,48317.0588,116.5417199,969.5,
beltzvilleCombined,1022,,,,,,,,44.29950049,-15.21215729,62.72546472,60.48382471,95.80188996,-4.174870594,-5.235860295,20.9586292,19.93128043,86.08074878,194.3995743,16.28695313,43.34557847,-51.80614305,9.481800803,1.878,-0.807,32.01931488,0.632738772,48317.0588,116.5417199,48317.0588,116.5417199,969.5,
beltzvilleCombined,1023,,,,,,,,-0.233760252,0.353547614,76.17496276,59.45165566,64.41275279,-5.308772522,-5.643104467,28.67081963,50.45409015,100,188.8948783,19.68387185,36.31111422,-37.43856377,45.81807118,1.878,-0.807,67.30150724,0.064110779,48317.0588,116.5417199,48317.0588,116.5417199,969.5,
beltzvilleCombined,1024,,,,,,,,-10.95,-40.86730998,75.96103646,62.1600052,25.08925741,7.60748943,-5.296501595,55.27614768,85.71275659,25.77392765,181.9874506,33.76554809,9.799495759,-28.0803695,49.62680113,1.878,-0.807,65.73152434,0.003928325,48317.0588,116.5417199,48317.0588,116.5417199,969.5,
beltzvilleCombined,1025,,,,,,,,-3.849897703,5.21,77.38254702,57.04987855,75.26332354,7.601929359,-44.80401,27.57252581,100,48.0399908,191.374974,2.55335769,4.480771407,-42.70735787,-1.414,1.878,-0.807,12.7340512,0.192336486,48317.0588,116.5417199,48317.0588,116.5417199,969.5,
beltzvilleCombined,1026,,,,,,,,-3.862847773,5.21,87.70222482,68.62045483,74.09071684,4.346130531,-43.6103932,27.66505961,93.31755761,95.13982644,181.5505217,7.542100765,9.969791822,-39.34750229,0.741503711,1.878,-0.807,17.48347285,0.053591521,48317.0588,116.5417199,48317.0588,116.5417199,969.5,
beltzvilleCombined,1027,,,,,,,,-0.332541313,0.474547117,73.15359106,62.74634978,68.96770864,6.14982175,5.72,29.97684061,90.07801403,52.70791225,181.9782589,16.84618399,12.32253485,-38.2375258,12.70286455,1.878,-0.807,20.8875912,0.0684867,48317.0588,116.5417199,48317.0588,116.5417199,969.5,
beltzvilleCombined,1028,,,,,,,,36.06704458,-41.02927774,75.89915348,63.82731291,20.93714292,-14.41,5.72,59.51708353,89.08790174,88.6831597,186.5248732,78.15392867,9.791274325,-10.2926264,39.97471159,1.878,-0.807,92.11711039,0.008533095,48317.0588,116.5417199,48317.0588,116.5417199,969.5,
beltzvilleCombined,1029,,,,,,,,-7.111569797,-2.900204075,75.68136628,71.01234778,72.26611877,0.928760529,3.397006076,25.88943433,100,74.79596941,188.3500245,18.28893481,-0.034875353,-21.59908046,50.11797771,1.878,-0.807,0,0.048359549,48317.0588,116.5417199,48317.0588,116.5417199,969.5,
beltzvilleCombined,1030,,,,,,,,54.74361101,-39.02035883,75.80982536,65.43108636,14.87212234,5.379147274,0.977943225,68.55245803,26.60311249,57.71138266,139.444088,29.96664732,19.52844491,-10.60053254,44.13874167,1.878,-0.807,13.07933344,0.045439186,48317.0588,116.5417199,48317.0588,116.5417199,969.5,
beltzvilleCombined,1031,,,,,,,,38.30047387,-3.077042325,62.70268467,61.7991737,93.04711957,4.835596932,-7.328991348,59.56921803,21.78833836,79.34835436,187.3037717,10.08694496,10.52084841,-25.15043679,10.58598687,1.878,-0.807,55.0503831,0.573798135,48317.0588,116.5417199,48317.0588,116.5417199,969.5,
beltzvilleCombined,1032,,,,,,,,15.13272152,-42.86575078,78.74310539,71.48923905,30.72342623,-14.41,-45.21,56.51162365,14.08313723,62.98410405,184.9084912,60.36555232,28.88035905,-0.645464691,63.516,1.878,-0.807,11.25907459,0.030423487,48317.0588,116.5417199,48317.0588,116.5417199,969.5,
beltzvilleCombined,1033,,,,,,,,-10.05862815,4.437162829,94.06052691,64.07510975,71.62271378,-13.02102397,3.379509842,13.32097973,92.12920484,100,112.8261959,31.86440441,60.89610872,-28.19223203,-1.414,1.878,-0.807,29.54122906,0.073984256,48317.0588,116.5417199,48317.0588,116.5417199,969.5,
beltzvilleCombined,1034,,,,,,,,58.4263495,-29.58773412,82.42627124,65.86031771,17.72676942,-1.50885461,4.538874562,57.59009705,10.38798539,62.75093891,171.2625396,7.51475375,47.26450442,-6.875822632,61.67927299,1.878,-0.807,2.370480031,0.184869678,48317.0588,116.5417199,48317.0588,116.5417199,969.5,
beltzvilleCombined,1035,,,,,,,,79.63,-39.15786471,74.1305278,69.1332322,0,11.16,-21.67440317,58.81072511,64.0362254,100,92.84359674,18.56391595,11.78198004,-11.89380001,63.516,1.878,-0.807,32.83554516,0.046950861,48317.0588,116.5417199,48317.0588,116.5417199,969.5,
beltzvilleCombined,1036,,,,,,,,35.7906781,-4.080139678,63.25634182,59.71192563,85.40254959,6.317627223,-19.77175606,46.39552176,26.89735779,45.16162723,189.3854404,7.870382523,31.46327162,-25.11903293,13.24604397,1.878,-0.807,55.63916483,0.509311131,48317.0588,116.5417199,48317.0588,116.5417199,969.5,
beltzvilleCombined,1037,,,,,,,,-0.76496083,4.762617721,80.88215971,54.21441177,63.31547807,7.318896417,-40.90963102,27.37500251,86.77076977,72.78692538,188.8820204,3.626606714,13.74135764,-29.40852968,-1.414,1.878,-0.807,2.392827456,0.387403508,48317.0588,116.5417199,48317.0588,116.5417199,969.5,
beltzvilleCombined,1038,,,,,,,,-0.915851573,4.087086445,85.59828786,44.16261239,61.99064454,5.524015309,-16.81570199,20.02037767,87.84723282,84.54218026,184.0512025,22.3113945,5.17292212,-42.77524737,2.336908086,1.878,-0.807,5.774901275,0.173112626,48317.0588,116.5417199,48317.0588,116.5417199,969.5,
beltzvilleCombined,1039,,,,,,,,71.56667242,-40.10774988,78.64011375,65.68750589,6.671682107,8.214040373,2.744676341,58.31195747,5.141643472,51.60949683,184.1215838,69.83714015,10.6112251,-43.53585357,61.1533472,1.878,-0.807,59.73105081,0.546402657,48317.0588,116.5417199,48317.0588,116.5417199,969.5,
beltzvilleCombined,1040,,,,,,,,60.26665839,-44.29,85.97927618,67.36620673,0.041589128,0.248286672,5.666750886,63.51213355,5.79767792,74.33917376,-3.614026016,-0.5901,47.68064031,0.4454,63.516,1.878,-0.807,61.64217332,0.040750919,48317.0588,116.5417199,48317.0588,116.5417199,969.5,
beltzvilleCombined,1041,,,,,,,,40.53644227,-0.731130821,62.96357443,60.49914496,92.71627413,6.684830858,-10.04471675,44.88216001,23.91338998,53.10667895,188.7923105,12.07364405,65.98600076,-26.24239897,11.29003294,1.878,-0.807,56.49527779,0.602187301,48317.0588,116.5417199,48317.0588,116.5417199,969.5,
beltzvilleCombined,1042,,,,,,,,40.00951772,-2.873720763,62.80260081,61.78032919,92.29147209,5.566445848,-8.100158387,58.42568497,22.9898276,54.12160526,189.7993258,9.94004241,45.85242162,-24.45626997,44.57891454,1.878,-0.807,57.91344389,0.545809158,48317.0588,116.5417199,48317.0588,116.5417199,969.5,
beltzvilleCombined,1043,,,,,,,,43.71491789,-42.38056536,72.76354229,71.79822948,27.04765473,-10.27925716,-3.673252195,51.25765053,82.09479825,98.05763093,197.6095586,81.41802648,11.94350898,-11.74922917,48.90127304,1.878,-0.807,93.8020399,0.671607286,48317.0588,116.5417199,48317.0588,116.5417199,969.5,
beltzvilleCombined,1044,,,,,,,,-2.244012514,2.367561096,71.96913613,68.34555277,74.17915336,1.248977671,3.345520773,30.16450997,6.70806456,92.85638222,180.9367105,31.70201239,5.631642076,-28.02569992,49.95307555,1.878,-0.807,3.092178667,0.297230544,48317.0588,116.5417199,48317.0588,116.5417199,969.5,
beltzvilleCombined,1045,,,,,,,,42.50911682,-1.322239397,62.39098672,60.8066567,93.09170243,5.832446448,-10.60878858,50.98879168,0.068041798,52.95357554,189.5265865,7.016726171,45.9222139,-25.19427387,11.39651369,1.878,-0.807,52.35509823,0.679818775,48317.0588,116.5417199,48317.0588,116.5417199,969.5,
beltzvilleCombined,1046,,,,,,,,68.09705337,0.763276362,67.05946597,63.8355987,1.179573232,-1.005625646,5.72,62.18028292,61.65367739,22.14019273,37.30749958,14.29794878,49.98723119,-13.63297197,62.82127118,1.878,-0.807,54.76701777,0.325548917,48317.0588,116.5417199,48317.0588,116.5417199,969.5,
beltzvilleCombined,1047,,,,,,,,-2.033561417,4.328659754,68.0718869,50.11078389,60.89567409,10.71084579,-32.26050577,17.41068782,51.93481317,67.536889,152.4799025,61.71843353,3.163834743,-30.80669013,-1.414,1.878,-0.807,61.17808274,0.223895349,48317.0588,116.5417199,48317.0588,116.5417199,969.5,
beltzvilleCombined,1048,,,,,,,,63.73592139,-44.29,81.43172462,66.22964613,0,4.072079151,3.917346838,64.12197338,7.540627517,60.41711001,163.6220701,4.50683892,36.10976769,-1.661034535,63.516,1.878,-0.807,33.80463832,0.611564161,48317.0588,116.5417199,48317.0588,116.5417199,969.5,
beltzvilleCombined,1049,,,,,,,,38.3199887,-1.614390644,62.43367115,61.10443822,91.20911843,7.59452924,-3.617747391,45.8407064,51.45023402,88.97694088,167.1378288,12.52834926,46.82811998,-22.09104713,19.51219614,1.878,-0.807,58.4053191,0.567055895,48317.0588,116.5417199,48317.0588,116.5417199,969.5,
beltzvilleCombined,1050,,,,,,,,-1.009182136,1.943992755,90.50587879,59.9166524,65.95112002,11.16,-40.27085404,29.27201881,100,80.35890022,179.5607201,6.920433159,14.46297103,-25.8568489,14.50395441,1.878,-0.807,0,0,48317.0588,116.5417199,48317.0588,116.5417199,969.5,
beltzvilleCombined,1051,,,,,,,,-3.258331514,4.844431981,72.56441603,65.00981272,71.79998885,-2.958347252,-8.204262208,29.53736251,95.52256419,87.13712002,179.4399467,25.07334395,5.679581459,-0.086654224,19.71719699,1.878,-0.807,1.86134844,0.74661761,48317.0588,116.5417199,48317.0588,116.5417199,969.5,
beltzvilleCombined,1052,,,,,,,,-3.849897703,5.21,77.38254702,57.04987855,75.26332354,7.601929359,-44.80401,27.57252581,100,48.0399908,191.374974,2.55335769,13.02916683,-42.70735787,-1.414,1.878,-0.807,12.7340512,0.192336486,48317.0588,116.5417199,48317.0588,116.5417199,969.5,
beltzvilleCombined,1053,,,,,,,,70.26349048,-1.906192746,62.78741636,61.26093352,92.2892258,4.205810001,-7.302413707,56.83224812,19.36031369,57.38871395,193.1835921,13.83901064,-0.904853736,-44.93342557,44.79074837,1.878,-0.807,69.06763715,0.462255018,48317.0588,116.5417199,48317.0588,116.5417199,969.5,
beltzvilleCombined,1054,,,,,,,,47.48893871,-38.86115104,75.61454761,65.35258213,17.2181854,-0.583621265,5.480261266,54.43070591,17.80770651,78.7666395,92.43318634,55.23494831,12.28320309,-5.440662969,37.577816,1.878,-0.807,89.96233954,0.087682885,48317.0588,116.5417199,48317.0588,116.5417199,969.5,
beltzvilleCombined,1055,,,,,,,,39.69640371,-3.00055208,62.63271435,61.00942163,84.78225896,7.217179369,-40.60954411,47.33334702,18.089058,79.7118089,179.2332865,19.15358305,39.46471478,-42.62333493,11.17734587,1.878,-0.807,24.65791374,0.488275013,48317.0588,116.5417199,48317.0588,116.5417199,969.5,
beltzvilleCombined,1056,,,,,,,,44.5385032,-1.779516756,62.81133348,60.61306795,96.41588651,10.99377019,-5.14991537,46.59022594,18.97646434,51.67351237,181.9063352,10.29086844,31.02867322,-26.24776815,12.26441198,1.878,-0.807,39.51219089,0.957,48317.0588,116.5417199,48317.0588,116.5417199,969.5,
beltzvilleCombined,1057,,,,,,,,40.85511913,-2.406799403,63.10835735,61.18709582,90.73288184,6.046815811,-9.772962568,44.64462859,24.43321002,53.81722293,189.0590113,38.64730925,43.99663101,-25.41772196,13.0474998,1.878,-0.807,55.94527966,0.542015405,48317.0588,116.5417199,48317.0588,116.5417199,969.5,
beltzvilleCombined,1058,,,,,,,,64.88618275,-44.28968066,79.2843115,63.94582562,5.813804037,5.584571628,4.99230494,67.53028363,4.786326554,55.47284136,162.3740201,6.046805422,45.43273187,-2.002468919,63.516,1.878,-0.807,29.82523068,0.034601012,48317.0588,116.5417199,48317.0588,116.5417199,969.5,
beltzvilleCombined,1059,,,,,,,,43.76779068,-3.822155785,62.64406279,60.70491229,90.73882224,11.16,-7.219893238,43.58478966,21.28664061,83.42334021,188.2808949,22.82223689,43.15560586,-17.71178989,9.176851205,1.878,-0.807,57.21556606,0.502218456,48317.0588,116.5417199,48317.0588,116.5417199,969.5,
beltzvilleCombined,1060,,,,,,,,67.43271242,-3.055259007,67.8358425,64.00592269,1.264714747,-8.287840046,5.425228157,61.61914745,61.45516106,57.47567814,39.13637,13.76634798,50.41762433,-13.10640557,63.18845808,1.878,-0.807,54.28099946,0.306121332,48317.0588,116.5417199,48317.0588,116.5417199,969.5,
beltzvilleCombined,1061,,,,,,,,40.43999294,-1.895600034,62.70268467,61.04686392,93.20856825,3.988906043,-7.483972308,42.29400319,21.3742018,91.40779528,174.8993801,11.7334618,36.84491623,-22.35477937,9.855600874,1.878,-0.807,57.11721961,0.102911047,48317.0588,116.5417199,48317.0588,116.5417199,969.5,
beltzvilleCombined,1062,,,,,,,,-2.32263813,5.21,83.08035165,64.07372021,69.66895567,4.256157517,1.400791958,51.92574485,98.22900954,72.3852321,192.3605482,-0.5901,2.364053925,-34.44100138,0.979963562,1.878,-0.807,0.974148938,0,48317.0588,116.5417199,48317.0588,116.5417199,969.5,
beltzvilleCombined,1063,,,,,,,,70.26349048,-1.906192746,62.78741636,61.26093352,92.2892258,4.205810001,-7.302413707,56.83224812,19.36031369,47.23171665,193.1835921,13.83901064,-0.904853736,-44.93342557,44.79074837,1.878,-0.807,29.56462015,0.462255018,48317.0588,116.5417199,48317.0588,116.5417199,969.5,
beltzvilleCombined,1064,,,,,,,,-1.742771581,2.283671522,68.52291197,51.57775015,59.09879882,-14.41,-20.66046596,8.05524431,51.20344798,70.49961265,152.9018575,13.41859888,2.832664503,-52.3545,-1.336210863,1.878,-0.807,55.4393744,0.776043935,48317.0588,116.5417199,48317.0588,116.5417199,969.5,
beltzvilleCombined,1065,,,,,,,,-3.738050033,5.150135466,73.97605271,58.73416179,76.48523906,-1.828821472,4.975882654,31.58038677,90.1650674,100,174.4670407,23.75739308,33.57051579,-32.64629215,54.82087446,1.878,-0.807,54.89157011,0.057452413,48317.0588,116.5417199,48317.0588,116.5417199,969.5,
beltzvilleCombined,1066,,,,,,,,-0.345223041,4.134526628,65.65362071,57.52873986,65.38735219,-3.200157146,-41.6085536,19.30209027,27.60082106,47.50893055,240.9161,4.516379061,52.63033628,-44.78333646,15.13416673,1.878,-0.807,48.61766586,0.394739148,48317.0588,116.5417199,48317.0588,116.5417199,969.5,
beltzvilleCombined,1067,,,,,,,,-5.998150317,4.876379877,66.11999072,56.56064782,62.78072674,-5.995061323,-35.50283941,28.95127533,12.99771359,53.55755962,167.3946967,20.90065623,53.63548019,-44.29136844,11.99335254,1.878,-0.807,93.64703106,0.549474538,48317.0588,116.5417199,48317.0588,116.5417199,969.5,
beltzvilleCombined,1068,,,,,,,,-3.767264359,5.21,70.3466417,61.75642088,71.76111187,5.425233766,-44.46096042,17.43406999,1.10455128,58.8501087,176.4512899,76.96501722,54.80022573,-9.606819647,20.85341107,1.878,-0.807,96.39315345,0.697025808,48317.0588,116.5417199,48317.0588,116.5417199,969.5,
beltzvilleCombined,1069,,,,,,,,-10.95,-17.28595402,74.99327106,64.34668812,54.09309938,9.548937918,-45.21,28.12653288,98.43361771,30.81713897,240.9161,42.51648403,30.46336715,-18.65961473,63.516,1.878,-0.807,75.74738245,0.893927522,48317.0588,116.5417199,48317.0588,116.5417199,969.5,
beltzvilleCombined,1070,,,,,,,,-2.099458249,2.798082548,68.75390937,57.95097145,66.80454634,7.256220294,-36.36794403,35.95288543,18.45320523,44.65795299,240.9161,25.42044694,6.601389019,-51.35976374,63.516,1.878,-0.807,77.51746889,0.734023147,48317.0588,116.5417199,48317.0588,116.5417199,969.5,
beltzvilleCombined,1071,,,,,,,,15.34454115,-15.67586971,62.83074877,25.21789354,82.37511711,-6.608128339,-4.049580388,76.35273742,60.36101668,50.80134896,22.73086577,14.44513537,11.17221875,-26.78277894,0.606658168,1.878,-0.807,0,0.103470349,48317.0588,116.5417199,48317.0588,116.5417199,969.5,
beltzvilleCombined,1072,,,,,,,,-7.460077936,-4.403572962,69.76354903,65.67796957,65.5567766,-1.641229366,-43.32466718,28.43159864,19.3360829,52.78344693,238.4441472,35.76629454,17.45673173,-42.14348968,13.46937727,1.878,-0.807,87.8132205,0.665290553,48317.0588,116.5417199,48317.0588,116.5417199,969.5,
beltzvilleCombined,1073,,,,,,,,-6.761056248,-3.929649788,70.6962777,66.01097429,64.64828042,-1.313989726,-43.16120458,25.52001866,22.85274966,53.43724485,236.5949473,39.6540882,22.44938499,-40.8005861,14.72795062,1.878,-0.807,89.8115409,0.671692081,48317.0588,116.5417199,48317.0588,116.5417199,969.5,
beltzvilleCombined,1074,,,,,,,,-10.95,-28.17637781,100,68.54844535,57.85823382,11.16,-17.62051469,9.44341357,3.345463009,96.24759791,129.1256283,29.49757402,14.11627935,-45.12499258,2.551342721,1.878,-0.807,2.879284016,0.72336708,48317.0588,116.5417199,48317.0588,116.5417199,969.5,
beltzvilleCombined,1075,,,,,,,,-10.38800978,5.21,68.51207492,56.15782162,62.88504843,-8.916298681,-44.98420623,19.72981501,7.24824016,63.52017807,152.2603163,9.37923566,49.27762922,-52.3545,7.876246102,1.878,-0.807,86.58404034,0,48317.0588,116.5417199,48317.0588,116.5417199,969.5,
beltzvilleCombined,1076,,,,,,,,-5.682843697,5.21,65.64488447,58.35665023,65.17980889,8.528137573,-33.04707623,46.29198065,13.92322427,42.02414578,167.1899126,29.9643497,57.07386556,-41.36401135,63.17642651,1.878,-0.807,29.27328432,0.549864432,48317.0588,116.5417199,48317.0588,116.5417199,969.5,
beltzvilleCombined,1077,,,,,,,,-6.660320545,-0.9789467,63.43797897,62.40363572,63.07192357,1.569221106,-23.13912821,21.26072237,22.88664425,74.95027948,168.7980587,2.884402613,51.97145841,-42.62071655,13.49498236,1.878,-0.807,97.625,0.488587942,48317.0588,116.5417199,48317.0588,116.5417199,969.5,
beltzvilleCombined,1078,,,,,,,,-10.46092384,4.995835673,63.11004498,61.31458474,58.18286497,-2.800523496,-37.04475948,14.40304266,3.668398585,49.76478722,180.6686533,1.086883198,50.44285879,-40.77971208,12.44087846,1.878,-0.807,94.85690307,0.443059715,48317.0588,116.5417199,48317.0588,116.5417199,969.5,
beltzvilleCombined,1079,,,,,,,,2.712216895,-27.89893966,86.89400327,78.7008857,63.61641984,9.814742058,-43.11419875,37.09722873,50.7758404,42.11900233,225.4821183,27.40059962,2.241868412,-14.05239279,38.7625272,1.878,-0.807,43.09741807,0.957,48317.0588,116.5417199,48317.0588,116.5417199,969.5,
beltzvilleCombined,1080,,,,,,,,-3.678678859,5.21,72.78828716,58.1396178,71.99676151,4.34437997,-45.21,11.8547144,21.99666256,57.63248709,181.197256,80.06908203,59.79544604,-31.96872696,28.8482811,1.878,-0.807,97.625,0.470026262,48317.0588,116.5417199,48317.0588,116.5417199,969.5,
beltzvilleCombined,1081,,,,,,,,-3.571258474,4.564522327,75.45736772,36.15798239,72.97194102,4.366389415,-44.44982642,5.755289872,7.206911916,51.64441219,182.5971806,84.17069672,65.76264036,-4.666395933,21.21633539,1.878,-0.807,97.625,0.512624836,48317.0588,116.5417199,48317.0588,116.5417199,969.5,
beltzvilleCombined,1082,,,,,,,,-0.731680591,5.21,61.95908099,60.11151339,60.15196943,5.887376679,5.72,21.25052599,24.35899176,79.18358904,156.6113312,22.63810834,13.66775624,-41.03061608,8.362698479,1.878,-0.807,50.73602904,0.303205281,48317.0588,116.5417199,48317.0588,116.5417199,969.5,
beltzvilleCombined,1083,,,,,,,,-0.455807485,0.531425423,74.98992411,62.32665287,66.21885604,4.624579802,-44.88251615,17.35249409,22.28721123,57.29553299,191.3486002,84.7844,61.80035378,-32.19275177,39.16876629,1.878,-0.807,88.55972153,0.812379661,48317.0588,116.5417199,48317.0588,116.5417199,969.5,
beltzvilleCombined,1084,,,,,,,,-7.952918748,-19.26627564,74.28779138,68.34380513,57.65552379,8.982767442,-40.34517708,40.43333703,67.85394699,62.54497568,227.5464654,32.98620234,29.03264972,-13.50737099,53.76553306,1.878,-0.807,85.81368813,0.845630492,48317.0588,116.5417199,48317.0588,116.5417199,969.5,
beltzvilleCombined,1085,,,,,,,,-10.82528232,-18.40151409,74.63176559,68.69882846,56.92152611,7.591274596,-45.21,40.88427052,68.62172509,49.67923553,228.0539154,36.41256435,35.4244314,-13.42943893,59.61172553,1.878,-0.807,85.4655413,0.894465994,48317.0588,116.5417199,48317.0588,116.5417199,969.5,
beltzvilleCombined,1086,,,,,,,,-8.060323825,5.21,64.06966051,59.9568795,64.80445859,6.954526124,-3.912602219,17.96203365,19.02872354,56.15046343,172.0530583,79.43250168,61.06567561,-40.56367121,24.18259891,1.878,-0.807,95.39896902,0.071482958,48317.0588,116.5417199,48317.0588,116.5417199,969.5,
beltzvilleCombined,1087,,,,,,,,-4.085962009,-28.74761436,75.01287127,72.1300502,51.49235277,5.645835876,-40.84847718,31.00497648,82.37674081,59.07766154,173.7420024,66.35214496,21.6938683,-37.64976774,57.82164312,1.878,-0.807,49.78473553,0.957,48317.0588,116.5417199,48317.0588,116.5417199,969.5,
beltzvilleCombined,1088,,,,,,,,-8.744295029,-17.42634833,73.49516686,69.00945943,57.89254134,8.983653613,-38.54277615,35.85196873,50.91538196,43.5457506,211.6393921,57.35054963,35.59246321,-19.67002916,49.27877489,1.878,-0.807,75.72922809,0.927442228,48317.0588,116.5417199,48317.0588,116.5417199,969.5,
beltzvilleCombined,1089,,,,,,,,-8.581036611,2.624174421,63.89020186,61.0739716,61.68483429,-3.675578756,-41.9882998,16.87467707,12.75258061,58.03629646,173.2425985,19.92096421,51.0767603,-49.39207212,6.764713575,1.878,-0.807,89.06654757,0.64764522,48317.0588,116.5417199,48317.0588,116.5417199,969.5,
beltzvilleCombined,1090,,,,,,,,1.789076558,5.21,63.95247844,59.33374157,60.70600448,-4.247991193,-31.42527421,25.81564575,15.78900368,59.70443789,174.859316,24.73525696,51.76795115,-47.31249232,13.35938919,1.878,-0.807,95.04659112,0.555907809,48317.0588,116.5417199,48317.0588,116.5417199,969.5,
beltzvilleCombined,1091,,,,,,,,-6.735176624,4.862391343,70.06900593,56.54671594,61.82398237,-4.604285008,-41.28467155,26.71513071,18.55434871,53.18335218,171.0155963,16.39824852,48.9548604,-47.84353182,12.10061484,1.878,-0.807,94.21371983,0.628348226,48317.0588,116.5417199,48317.0588,116.5417199,969.5,
beltzvilleCombined,1092,,,,,,,,-10.95,-22.92290239,77.33159594,70.40893915,58.33274981,10.97866618,-43.75104488,43.03998105,71.17906824,60.58963982,232.8369043,27.94118062,29.10720898,-7.12367865,63.516,1.878,-0.807,89.50111909,0.503534469,48317.0588,116.5417199,48317.0588,116.5417199,969.5,
beltzvilleCombined,1093,,,,,,,,-5.604862428,5.21,62.03352041,55.4133646,60.83530456,-8.827216105,-37.54744696,27.69431713,14.27479416,57.28772605,172.6085469,25.88788001,59.21702326,-30.95525282,19.38917697,1.878,-0.807,95.28703556,0.350058241,48317.0588,116.5417199,48317.0588,116.5417199,969.5,
beltzvilleCombined,1094,,,,,,,,-3.633067906,4.096281877,68.50654405,61.38106511,66.99934844,-3.618256918,-38.75136584,20.94069871,22.38190382,47.33490813,224.6997213,20.68293975,47.45559815,-43.85915247,9.320169555,1.878,-0.807,90.43643358,0.488942843,48317.0588,116.5417199,48317.0588,116.5417199,969.5,
beltzvilleCombined,1095,,,,,,,,-4.295092207,4.700566232,68.50967342,61.29643446,67.46085143,-3.449125633,-39.79804722,20.26425083,22.45281823,47.17802983,227.9218629,20.02872427,48.08371793,-43.56848771,8.653275358,1.878,-0.807,94.26855759,0.488470333,48317.0588,116.5417199,48317.0588,116.5417199,969.5,
beltzvilleCombined,1096,,,,,,,,-3.518340804,4.583458863,66.87778021,59.01209861,63.65571036,8.606631365,-34.02921054,46.0241686,13.44248622,53.80133163,172.8522016,32.47918619,50.95425563,-43.56348624,63.46754958,1.878,-0.807,88.28764784,0.605272136,48317.0588,116.5417199,48317.0588,116.5417199,969.5,
beltzvilleCombined,1097,,,,,,,,-3.698309679,2.029908258,71.80533619,60.83202254,61.97468546,-1.325420743,-37.40665499,21.45945342,18.21614687,50.15268458,236.410294,19.5369896,41.86326862,-41.10552725,14.22428533,1.878,-0.807,97.625,0.602761789,48317.0588,116.5417199,48317.0588,116.5417199,969.5,
beltzvilleCombined,1098,,,,,,,,-4.290833712,4.730533684,69.09625038,61.30172173,68.95786272,-0.029991335,-45.21,7.326634509,25.98935522,61.23860254,183.0555431,79.42444375,35.18631362,-34.06954111,21.40328354,1.878,-0.807,86.21654424,0.60830702,48317.0588,116.5417199,48317.0588,116.5417199,969.5,
beltzvilleCombined,1099,,,,,,,,-10.80988641,-27.78705594,70.72742926,67.96218097,54.17372938,9.516437941,-14.37063037,12.19352162,0,100,172.9357037,25.55501515,18.5268359,-43.12810691,2.003837424,1.878,-0.807,11.82786424,0.875087642,48317.0588,116.5417199,48317.0588,116.5417199,969.5,
beltzvilleCombined,1100,,,,,,,,-6.794959264,5.193317867,69.24454325,56.37570976,61.68043899,-2.995037249,-44.66468676,24.50490847,9.189409826,56.28400722,165.3249012,19.81952301,55.04388554,-50.33021416,12.60953441,1.878,-0.807,97.17014235,0.050677552,48317.0588,116.5417199,48317.0588,116.5417199,969.5,
beltzvilleCombined,1101,,,,,,,,-3.019548505,4.551669468,69.17254136,46.77249104,69.66146624,-11.56124284,-4.732773356,27.98205824,52.13090927,1.756994897,228.6098237,25.67493837,3.624340341,-46.92078445,4.277225301,1.878,-0.807,94.03458186,0.480566023,48317.0588,116.5417199,48317.0588,116.5417199,969.5,
beltzvilleCombined,1102,,,,,,,,-3.86116399,5.21,72.59201183,58.31621926,72.12000807,4.844469074,-45.21,5.83993285,1.28800218,55.83478787,176.1115394,84.7844,65.43032273,-41.08326307,21.98455769,1.878,-0.807,97.625,0.442193831,48317.0588,116.5417199,48317.0588,116.5417199,969.5,
beltzvilleCombined,1103,,,,,,,,1.250724549,2.502999101,64.72658818,18.51724434,63.7807794,-3.584968014,-36.07255659,26.68711409,28.9407412,43.20466396,228.1132627,19.44644231,41.6462639,-38.25941502,5.856899627,1.878,-0.807,97.05176271,0.291529297,48317.0588,116.5417199,48317.0588,116.5417199,969.5,
beltzvilleCombined,1104,,,,,,,,-1.822520166,3.349071507,68.05514924,57.14995041,65.70162543,4.639116739,-40.98996204,35.28586139,17.47787851,37.29914985,240.9161,23.16221108,-1.2104,-52.3545,63.516,1.878,-0.807,82.15599928,0.758219055,48317.0588,116.5417199,48317.0588,116.5417199,969.5,
beltzvilleCombined,1105,,,,,,,,-6.818136033,5.21,69.95187689,55.63572768,62.25155525,-2.467265777,-42.55798594,25.64993946,18.01493512,54.55169776,174.5296064,11.53297452,45.81554749,-46.95912656,10.55044503,1.878,-0.807,94.24734572,0.66482128,48317.0588,116.5417199,48317.0588,116.5417199,969.5,
beltzvilleCombined,1106,,,,,,,,-10.95,-15.40891466,71.22050726,67.26181332,57.20235891,6.671172226,-0.781118103,36.07710617,71.99148487,63.93717054,225.2028009,27.31523025,30.88270896,-13.10274057,54.17274078,1.878,-0.807,83.73403343,0.757423823,48317.0588,116.5417199,48317.0588,116.5417199,969.5,
beltzvilleCombined,1107,,,,,,,,1.152857416,5.21,67.0866714,47.21748407,62.38871841,-10.86599612,-42.78342684,36.15639869,46.61631795,30.14369145,225.8343396,24.22288458,54.38907443,-45.22203995,12.88565919,1.878,-0.807,97.625,0.434619153,48317.0588,116.5417199,48317.0588,116.5417199,969.5,
beltzvilleCombined,1108,,,,,,,,9.13251717,-32.15466563,86.89697032,79.06070366,50.40687661,10.26596627,-36.04896096,38.8552331,53.07071047,64.65335895,236.2517657,19.69573741,1.321909528,-6.018663527,48.32475258,1.878,-0.807,41.50936283,0.7076922,48317.0588,116.5417199,48317.0588,116.5417199,969.5,
beltzvilleCombined,1109,,,,,,,,-9.721632006,-21.71122904,74.5866843,68.92835581,57.74492688,9.439004673,-41.25829951,42.89753699,70.05513368,63.58260489,229.5694829,32.13931752,27.25334163,-10.63910505,63.516,1.878,-0.807,79.96788041,0.896823205,48317.0588,116.5417199,48317.0588,116.5417199,969.5,
beltzvilleCombined,1110,,,,,,,,-7.193407194,-17.65475482,73.42439435,67.37104432,57.19573017,7.242314212,-37.96596974,39.25804921,66.0411634,59.06404947,225.3726513,24.73848819,29.91290777,-7.64003322,53.77424289,1.878,-0.807,78.83522859,0.948509126,48317.0588,116.5417199,48317.0588,116.5417199,969.5,
beltzvilleCombined,1111,,,,,,,,-1.781071498,5.21,77.05823266,62.20215416,71.99776927,6.468473823,-40.71564804,12.00754954,29.89411372,63.30191865,182.0400982,75.42576917,56.81992634,-37.95531578,30.6910468,1.878,-0.807,82.12981186,0.622337075,48317.0588,116.5417199,48317.0588,116.5417199,969.5,
beltzvilleCombined,1112,,,,,,,,-10.95,-34.33367614,72.37856058,65.28460663,52.59777,11.16,-19.22966144,7.392741942,0,100,158.8722061,35.01636409,16.69342524,-49.12553227,-1.414,1.878,-0.807,14.52389759,0.957,48317.0588,116.5417199,48317.0588,116.5417199,969.5,
beltzvilleCombined,1113,,,,,,,,-6.736885511,4.672173908,70.35801256,56.19791794,61.85819479,-4.554455707,-41.18545394,26.576234,18.52473,54.13551252,171.9159473,16.66756778,48.68569724,-47.53723251,11.79118545,1.878,-0.807,93.73383559,0.631424316,48317.0588,116.5417199,48317.0588,116.5417199,969.5,
beltzvilleCombined,1114,,,,,,,,-8.701465896,-17.80783079,72.7832802,69.63941852,59.26801942,9.309416939,-38.62093518,38.26312686,51.38436816,41.94404754,213.9775782,40.29499147,35.64965092,-18.366124,56.07296153,1.878,-0.807,74.58633197,0.807355253,48317.0588,116.5417199,48317.0588,116.5417199,969.5,
beltzvilleCombined,1115,,,,,,,,-9.382699974,-21.79512128,76.81414517,68.99598355,57.23132487,10.17902226,-40.46764958,41.221498,68.09003086,67.87531426,239.2310984,35.13095132,44.60783138,-14.9289224,63.516,1.878,-0.807,85.27101524,0.957,48317.0588,116.5417199,48317.0588,116.5417199,969.5,
beltzvilleCombined,1116,,,,,,,,-9.758460297,-17.96715443,77.30253918,68.60831945,57.39490247,6.19255338,-42.63002776,36.93522166,79.95646463,64.50570998,232.0416947,33.62862405,41.35990303,-24.09425879,43.33508227,1.878,-0.807,92.3483202,0.887476063,48317.0588,116.5417199,48317.0588,116.5417199,969.5,
beltzvilleCombined,1117,,,,,,,,-10.95,-6.021831187,90.42448393,59.29363676,59.81056432,-0.799889264,-36.13006692,13.03189849,75.22907324,72.27260659,236.8571979,58.3664279,30.007168,-37.8293496,39.82542485,1.878,-0.807,57.95301921,0.506385185,48317.0588,116.5417199,48317.0588,116.5417199,969.5,
beltzvilleCombined,1118,,,,,,,,-10.95,-23.65764122,68.8994465,67.99717628,56.41988835,11.16,-35.80607527,41.25324364,76.87738953,86.99013635,240.9161,46.19625681,13.37452958,-2.42580378,63.516,1.878,-0.807,91.19932325,0.941650074,48317.0588,116.5417199,48317.0588,116.5417199,969.5,
beltzvilleCombined,1119,,,,,,,,-10.95,-16.75068202,73.82670231,67.43351628,56.94830287,3.631589032,-37.16211484,37.036203,51.06153056,45.26932774,209.1296711,37.07145034,34.5370374,-21.64842469,53.18767242,1.878,-0.807,72.66971339,0.656060415,48317.0588,116.5417199,48317.0588,116.5417199,969.5,
beltzvilleCombined,1120,,,,,,,,-10.95,-19.17044775,72.68041809,69.14732877,56.64587214,-7.319600288,-12.58792635,40.69019971,70.58492607,51.46056535,223.1617709,27.84630532,31.4371039,-12.73596742,57.20573363,1.878,-0.807,84.20594302,0.854643455,48317.0588,116.5417199,48317.0588,116.5417199,969.5,
beltzvilleCombined,1121,,,,,,,,-3.947379758,5.21,67.49995335,58.29435357,64.50494045,8.681963289,-31.37375573,49.59375784,13.45329724,52.32425339,172.3352139,36.73801021,51.19254341,-44.88559481,63.516,1.878,-0.807,85.67958052,0.564387702,48317.0588,116.5417199,48317.0588,116.5417199,969.5,
beltzvilleCombined,1122,,,,,,,,-8.702074996,-16.90180357,74.57285508,66.58641702,56.49218063,7.1598218,-41.27279196,38.99729455,71.46092979,69.4329169,226.6070727,34.19608469,30.77527564,-16.74652884,57.91555488,1.878,-0.807,85.69518635,0.754178825,48317.0588,116.5417199,48317.0588,116.5417199,969.5,
beltzvilleCombined,1123,,,,,,,,4.641619072,-32.14304853,79.39048944,74.52319881,45.03500252,7.205365837,-39.09101495,51.95612732,90.40960815,99.07617213,101.5887017,28.90854363,-1.2104,-43.95248222,36.07742766,1.878,-0.807,97.625,0.448195749,48317.0588,116.5417199,48317.0588,116.5417199,969.5,
beltzvilleCombined,1124,,,,,,,,-2.209380938,2.902077613,71.18365652,58.5788515,64.08572088,-2.387636916,-40.58802969,21.5926694,45.84691707,47.21185833,183.622808,80.40901008,54.35938603,-41.72012493,22.12627508,1.878,-0.807,85.03615319,0.567635357,48317.0588,116.5417199,48317.0588,116.5417199,969.5,
beltzvilleCombined,1125,,,,,,,,-10.71285702,-17.60772605,73.00217381,67.56799125,56.17431825,-8.507243692,-24.42325458,37.26536057,68.26325231,64.03539352,224.0578704,29.38183144,40.34204067,-13.58039732,60.40834358,1.878,-0.807,81.78024759,0.782404932,48317.0588,116.5417199,48317.0588,116.5417199,969.5,
beltzvilleCombined,1126,,,,,,,,-9.798637675,-24.63990605,78.25986285,66.58197075,52.97145173,10.85448008,-25.72470317,33.87404127,48.53277539,78.24367174,221.4544095,46.41831615,33.2984232,-20.76663786,63.516,1.878,-0.807,91.71496331,0.710122873,48317.0588,116.5417199,48317.0588,116.5417199,969.5,
beltzvilleCombined,1127,,,,,,,,-8.172909171,3.780993024,72.58131946,61.58565992,54.15521458,8.512138309,-45.21,18.39199282,48.55042761,50.21014483,177.5317041,35.55088244,39.25959558,-22.44734364,41.96534113,1.878,-0.807,3.307999592,0.538578285,48317.0588,116.5417199,48317.0588,116.5417199,969.5,
beltzvilleCombined,1128,,,,,,,,-3.736339676,5.21,68.54761368,60.03995023,66.6049682,-1.784348554,-40.50904242,21.08143063,67.54855015,51.93687074,192.2031601,9.617925465,56.09072569,-42.10229001,23.04686633,1.878,-0.807,89.38582769,0.650049304,48317.0588,116.5417199,48317.0588,116.5417199,969.5,
beltzvilleCombined,1129,,,,,,,,12.05858526,-14.94490306,62.1982892,30.6590457,78.62536064,-5.151339035,-6.465309365,69.49344916,58.10489031,53.00943741,46.11066379,15.20922586,14.31469316,-26.85672563,3.096977193,1.878,-0.807,13.01641704,0.170312262,48317.0588,116.5417199,48317.0588,116.5417199,969.5,
beltzvilleCombined,1130,,,,,,,,-6.941439937,4.801973363,68.05552069,56.74774766,61.56989904,-3.665726578,-41.27829231,26.92627345,16.49237013,54.47437728,174.5347553,14.07006269,47.21237666,-47.29604598,11.12324672,1.878,-0.807,94.2113728,0.260199215,48317.0588,116.5417199,48317.0588,116.5417199,969.5,
beltzvilleCombined,1131,,,,,,,,-3.46182406,5.21,72.01491179,58.40938863,71.19182724,5.30087829,-45.21,8.652599646,9.277652117,48.18502114,179.0607533,84.7844,62.99536617,-40.03011659,30.7045546,1.878,-0.807,97.625,0.552588446,48317.0588,116.5417199,48317.0588,116.5417199,969.5,
beltzvilleCombined,1132,,,,,,,,11.17239986,-28.77178158,82.49584836,72.76816762,47.51292922,4.869545822,-37.8402994,49.18673665,90.94858612,96.48794411,109.1384889,29.29961364,0.248754158,-45.44308324,43.86953883,1.878,-0.807,89.98306194,0.322492228,48317.0588,116.5417199,48317.0588,116.5417199,969.5,
beltzvilleCombined,1133,,,,,,,,0.029954616,4.444304484,64.60861035,58.29189203,63.3571903,-2.952979625,-34.42409844,20.40229727,3.187170511,38.43218281,171.4953701,23.81589491,50.41842607,-42.20298908,12.85114289,1.878,-0.807,93.16727703,0.687175326,48317.0588,116.5417199,48317.0588,116.5417199,969.5,
beltzvilleCombined,1134,,,,,,,,-1.60643129,4.597074595,64.94852266,2.52996021,64.11670636,-4.225847085,-41.63369297,20.40650803,2.449977696,48.14319758,163.9186573,24.58248673,43.3789593,-18.32727092,3.009522901,1.878,-0.807,95.55523807,0.473310958,48317.0588,116.5417199,48317.0588,116.5417199,969.5,
beltzvilleCombined,1135,,,,,,,,-6.953054809,5.21,70.01581169,55.6976715,61.69123754,9.020452007,-41.7518126,50.67586735,17.72583436,45.96589721,174.0233407,10.39364457,45.17262269,-46.84545509,9.505241851,1.878,-0.807,90.33594294,0.665600042,48317.0588,116.5417199,48317.0588,116.5417199,969.5,
beltzvilleCombined,1136,,,,,,,,-10.95,-24.41559222,71.86127787,67.50315854,52.5288082,10.36547202,-25.20672188,24.86354537,22.68965271,68.02745293,184.5213071,26.04199658,20.55842115,-26.45178995,3.738283539,1.878,-0.807,36.31114056,0.885563398,48317.0588,116.5417199,48317.0588,116.5417199,969.5,
beltzvilleCombined,1137,,,,,,,,-3.387679372,5.21,73.55874353,55.53637512,68.13853511,3.002330093,-44.48028251,14.8832794,13.94607146,53.9305982,189.1910786,84.7844,52.89972682,-34.35105421,22.98949185,1.878,-0.807,90.6096852,0.455148815,48317.0588,116.5417199,48317.0588,116.5417199,969.5,
beltzvilleCombined,1138,,,,,,,,-2.376394656,3.926804693,73.19503572,59.66623436,67.05703648,5.738143637,-43.92645814,10.1142608,13.95997369,60.62831321,182.7561023,82.1528737,55.54422202,-39.05535077,21.75760154,1.878,-0.807,95.03114584,0.55176656,48317.0588,116.5417199,48317.0588,116.5417199,969.5,
beltzvilleCombined,1139,,,,,,,,-2.345458868,5.21,99.2599733,62.45291316,69.66190041,-14.41,-41.11502588,16.69234397,73.73650901,61.16833558,187.8683273,80.09318102,44.98253617,-43.87003255,18.57004317,1.878,-0.807,87.63853238,0.791916158,48317.0588,116.5417199,48317.0588,116.5417199,969.5,
beltzvilleCombined,1140,,,,,,,,-1.605705665,4.950033854,94.26513623,61.39020694,69.2089141,-12.35525014,-39.56211918,16.90109316,67.31671395,61.06923193,189.2826234,71.62742442,45.47082437,-42.12524902,19.31418305,1.878,-0.807,84.2204345,0.72796961,48317.0588,116.5417199,48317.0588,116.5417199,969.5,
beltzvilleCombined,1141,,,,,,,,-9.118192767,-25.02071108,77.34351547,71.80497377,62.5078926,10.35694589,-43.98007675,49.45100908,71.07067605,87.91906895,109.1581601,27.14947179,10.79183332,-31.51121774,53.30565682,1.878,-0.807,78.57763647,0.467144175,48317.0588,116.5417199,48317.0588,116.5417199,969.5,
beltzvilleCombined,1142,,,,,,,,5.48021164,-28.03874948,81.94158178,79.24,62.05783776,10.29870797,-42.71765959,37.94866441,58.46662988,51.63175741,237.3549098,23.00470292,4.813852123,-14.44046968,42.82370012,1.878,-0.807,39.53965378,0.957,48317.0588,116.5417199,48317.0588,116.5417199,969.5,
beltzvilleCombined,1143,,,,,,,,-9.094066436,2.874991199,63.71376439,62.12614194,56.8537728,-0.295917723,-35.06651127,16.10995208,7.911467961,49.27912669,177.0422188,4.400109014,46.42343892,-37.59386153,12.68827257,1.878,-0.807,72.5888149,0.455203063,48317.0588,116.5417199,48317.0588,116.5417199,969.5,
beltzvilleCombined,1144,,,,,,,,-2.493558427,5.21,65.2250663,58.7446651,65.64235581,1.580220268,-44.71602721,22.94714543,9.100885296,44.84157811,182.3685204,16.31908404,47.06852271,-46.30627776,11.80524427,1.878,-0.807,97.625,0.396124473,48317.0588,116.5417199,48317.0588,116.5417199,969.5,
beltzvilleCombined,1145,,,,,,,,2.750934112,5.21,68.06503142,50.87414461,64.09361283,-9.272393765,-45.21,34.12135052,54.34099651,36.8571683,240.9161,30.53126574,50.92591824,-49.69605672,22.19943801,1.878,-0.807,97.625,0.407181565,48317.0588,116.5417199,48317.0588,116.5417199,969.5,
beltzvilleCombined,1146,,,,,,,,-3.738637006,5.21,72.24401685,62.4427591,75.66543366,4.292820213,-45.21,15.47940111,0,58.28371704,173.0500294,84.1345819,55.83129138,-7.284939387,15.36750928,1.878,-0.807,97.625,0.590554643,48317.0588,116.5417199,48317.0588,116.5417199,969.5,
beltzvilleCombined,1147,,,,,,,,-6.546630282,5.21,65.12204364,55.96115989,60.92201207,-5.119124726,-39.16256528,25.53532322,7.967186385,53.96171026,170.7156695,12.91704686,49.65734682,-51.13372539,8.852747607,1.878,-0.807,97.625,0.279755128,48317.0588,116.5417199,48317.0588,116.5417199,969.5,
beltzvilleCombined,1148,,,,,,,,-3.520544738,5.151103543,64.59673002,56.56755056,64.95608384,-0.509634758,-41.83610567,14.49411036,21.82803183,52.50434967,223.6667399,10.07880217,48.80902144,-49.70885049,14.81171513,1.878,-0.807,53.00916063,0.271097366,48317.0588,116.5417199,48317.0588,116.5417199,969.5,
beltzvilleCombined,1149,,,,,,,,-10.95,-12.47233156,67.47965722,64.55949096,58.88429615,6.693017337,-41.45661079,33.43222017,32.02157955,37.79578704,137.4594378,30.13096779,38.32248987,-15.45189427,55.69066552,1.878,-0.807,80.20948977,0.746328051,48317.0588,116.5417199,48317.0588,116.5417199,969.5,
beltzvilleCombined,1150,,,,,,,,-5.532556951,4.512776816,71.10700127,57.8237025,63.65537189,-2.541248289,-38.84367006,14.32674044,43.49010371,48.44146271,184.9989736,81.47988004,57.35620066,-37.87571393,16.49829446,1.878,-0.807,84.90294901,0.677659358,48317.0588,116.5417199,48317.0588,116.5417199,969.5,
beltzvilleCombined,1151,,,,,,,,-10.7407079,-17.29490364,70.86620935,66.92911732,60.87590635,4.905385951,-19.34203932,9.449012778,2.990639583,98.12142376,179.8723955,21.66317201,16.99946122,-47.26611182,3.914235948,1.878,-0.807,1.628381675,0.44226898,48317.0588,116.5417199,48317.0588,116.5417199,969.5,
beltzvilleCombined,1152,,,,,,,,-8.594099923,-19.87645767,72.21506863,68.77174359,58.66976016,8.476657133,-38.93259014,40.67016481,63.98581587,48.91525576,220.2680689,29.35519539,29.99362626,-12.39438034,54.63512251,1.878,-0.807,80.06379801,0.8488083,48317.0588,116.5417199,48317.0588,116.5417199,969.5,
beltzvilleCombined,1153,,,,,,,,-2.057688878,5.21,68.53974794,57.14940414,64.42537596,2.13274113,-45.21,18.0131298,21.83230814,48.98845444,191.9955872,80.90813098,64.43143006,-48.84125161,23.59636448,1.878,-0.807,94.901082,0.591352165,48317.0588,116.5417199,48317.0588,116.5417199,969.5,
beltzvilleCombined,1154,,,,,,,,-2.214096504,4.769273383,95.89142769,59.09970637,68.60484672,-13.87733204,-40.31820506,17.59931701,72.05510181,61.8120655,189.1367099,75.61037029,51.92164871,-42.91818774,18.5084443,1.878,-0.807,89.03772791,0.764174402,48317.0588,116.5417199,48317.0588,116.5417199,969.5,
beltzvilleCombined,1155,,,,,,,,-1.948622441,3.888506776,71.04939039,39.61099827,71.09808632,7.673861963,-44.74816789,6.919266929,14.62672335,82.90404019,178.3319326,80.3442668,60.86069099,-10.53259123,22.99026095,1.878,-0.807,97.33762507,0.520278716,48317.0588,116.5417199,48317.0588,116.5417199,969.5,
beltzvilleCombined,1156,,,,,,,,-10.36253571,-19.30950176,70.74614433,69.63649429,60.76907635,8.485823086,-41.91520823,40.28319448,61.22894181,47.12282117,221.2538642,28.39202067,32.22725933,-12.45654506,55.03763174,1.878,-0.807,79.4831901,0.872122414,48317.0588,116.5417199,48317.0588,116.5417199,969.5,
beltzvilleCombined,1157,,,,,,,,-6.526861106,5.200518051,70.08524175,60.25483171,67.93329447,-4.316103281,-44.62576691,22.6553676,36.4762208,41.75207118,234.686242,20.01444166,44.43852591,-44.17775669,5.759769586,1.878,-0.807,90.66793512,0.564471441,48317.0588,116.5417199,48317.0588,116.5417199,969.5,
beltzvilleCombined,1158,,,,,,,,-3.843274754,5.21,70.43595988,57.66181685,72.93863643,3.905027422,-45.21,4.467695026,0,51.80505326,179.5893868,84.7844,63.19960346,-37.86085904,24.85588311,1.878,-0.807,96.35668312,0.560005756,48317.0588,116.5417199,48317.0588,116.5417199,969.5,
beltzvilleCombined,1159,,,,,,,,-2.426981153,5.029478441,68.29202653,45.73919382,67.95855928,6.513441769,-45.04877008,34.18385205,50.81896971,37.17425648,227.7524063,25.43354253,53.49639079,-14.36649953,60.89215134,1.878,-0.807,80.13452249,0.771346553,48317.0588,116.5417199,48317.0588,116.5417199,969.5,
beltzvilleCombined,1160,,,,,,,,-10.95,-25.02432359,74.16931613,67.67404254,53.71752413,5.825329176,-41.44706145,31.86607329,88.87764908,59.21896312,175.2422794,67.64527814,28.28082324,-32.03048767,63.42458325,1.878,-0.807,48.27241874,0.956469815,48317.0588,116.5417199,48317.0588,116.5417199,969.5,
beltzvilleCombined,1161,,,,,,,,3.053124871,-29.99666788,81.12168972,73.10058735,50.54474813,-6.224619772,-25.95706576,43.75559947,70.08033769,95.92902483,119.2701504,26.88042596,5.779409295,-45.3963795,44.68310544,1.878,-0.807,79.51695146,0.602925258,48317.0588,116.5417199,48317.0588,116.5417199,969.5,
beltzvilleCombined,1162,,,,,,,,-0.408705168,3.713269562,63.96282916,58.32330171,63.92478409,-0.945370577,-41.89860682,16.50637205,22.81426226,54.06028419,221.5002266,10.29912966,48.03229115,-51.5341113,16.8871489,1.878,-0.807,56.40431071,0.295048637,48317.0588,116.5417199,48317.0588,116.5417199,969.5,
beltzvilleCombined,1163,,,,,,,,-10.95,5.21,71.95673661,61.61691963,71.32747491,5.866299625,-45.21,8.046098659,11.26534872,54.68232698,183.1471043,84.7844,63.84667678,-3.646831848,26.79155482,1.878,-0.807,97.625,0.615274495,48317.0588,116.5417199,48317.0588,116.5417199,969.5,
beltzvilleCombined,1164,,,,,,,,-2.352100727,5.21,70.91056889,59.11542114,65.25268974,0.145601093,-45.21,21.65607167,19.23555132,43.9693534,230.0868897,13.44314777,47.78127829,-37.20727239,10.59797608,1.878,-0.807,97.625,0.580803989,48317.0588,116.5417199,48317.0588,116.5417199,969.5,
beltzvilleCombined,1165,,,,,,,,-3.24189959,5.21,72.19956399,4.113608474,70.0685972,4.859692863,-45.21,6.160305592,3.581938102,56.42583804,179.3997186,84.7844,63.96058514,-42.74094592,19.56221622,1.878,-0.807,96.62622955,0.06666451,48317.0588,116.5417199,48317.0588,116.5417199,969.5,
beltzvilleCombined,1166,,,,,,,,-6.308599241,-6.302816465,71.03754881,67.50864446,64.02836694,-6.585392876,-42.71309257,29.69324382,18.87657557,58.33579697,230.6492341,36.01118201,17.70956334,-42.55125867,18.73656512,1.878,-0.807,83.53422822,0.708830724,48317.0588,116.5417199,48317.0588,116.5417199,969.5,
beltzvilleCombined,1167,,,,,,,,-2.710421186,5.100532501,69.03740776,61.37270301,69.80693689,-1.271097785,-45.21,7.463830274,28.46186896,66.03408194,185.1827459,77.62400972,34.70928878,-34.11349691,22.53879709,1.878,-0.807,87.31270181,0.524798391,48317.0588,116.5417199,48317.0588,116.5417199,969.5,
beltzvilleCombined,1168,,,,,,,,-4.514971651,3.396237735,71.20969829,63.77958664,69.19882968,-0.052422319,-44.90331513,3.455000765,24.23045225,56.74264888,182.0015059,84.42903285,37.47709433,-34.90437732,17.66384407,1.878,-0.807,89.41111731,0.609328759,48317.0588,116.5417199,48317.0588,116.5417199,969.5,
beltzvilleCombined,1169,,,,,,,,-9.476180124,-20.70161375,74.35359679,68.38593485,57.74131188,10.12930277,-41.91262037,41.22081622,69.35166427,64.00766865,231.9752375,36.07879499,28.96375203,-10.75863696,60.0247265,1.878,-0.807,82.03882721,0.85773092,48317.0588,116.5417199,48317.0588,116.5417199,969.5,
beltzvilleCombined,1170,,,,,,,,-10.87384032,-11.71151651,91.23602754,64.06901461,58.54711797,3.625562591,-36.33062004,14.26140797,81.38610331,84.22161423,240.9161,54.19253063,69.64439507,-35.42686073,47.90382612,1.878,-0.807,63.80048519,0.580556199,48317.0588,116.5417199,48317.0588,116.5417199,969.5,
beltzvilleCombined,1171,,,,,,,,-10.95,-7.575945809,69.02260431,64.83946264,62.02771486,4.476470863,-37.57290458,23.57698869,31.64479897,59.46237566,239.3814936,42.01342523,28.11963408,-33.33972908,17.57250844,1.878,-0.807,75.18986415,0.708944084,48317.0588,116.5417199,48317.0588,116.5417199,969.5,
beltzvilleCombined,1172,,,,,,,,-5.090909898,3.946577637,72.68810113,58.90054712,67.77935722,4.533132889,-44.291287,4.51821908,6.367646454,58.09540033,179.8558635,79.39949269,64.89865262,-44.8759752,17.7189778,1.878,-0.807,93.40555716,0.097790211,48317.0588,116.5417199,48317.0588,116.5417199,969.5,
beltzvilleCombined,1173,,,,,,,,-4.35788575,-21.03905824,74.75066883,68.72981888,61.89617165,8.10505041,-45.21,45.13183047,79.95593856,90.04027695,110.7825822,20.50894538,12.34635961,-44.49738275,48.97269134,1.878,-0.807,79.49844764,0.309505082,48317.0588,116.5417199,48317.0588,116.5417199,969.5,
beltzvilleCombined,1174,,,,,,,,-8.287508104,-8.607075024,87.29494715,62.50987612,59.29714687,3.02027537,-34.49229984,21.49020591,79.61934433,77.69607705,228.1828562,47.27873556,65.16367951,-39.96735019,44.81875672,1.878,-0.807,62.46884245,0.589073892,48317.0588,116.5417199,48317.0588,116.5417199,969.5,
beltzvilleCombined,1175,,,,,,,,-1.852425312,5.21,69.32513124,57.06532209,68.64979144,-2.183878497,-41.05084932,19.47742643,23.2926965,57.05462215,171.6198042,9.113838174,50.22823674,-4.941738036,13.06161803,1.878,-0.807,95.80409833,0.463771172,48317.0588,116.5417199,48317.0588,116.5417199,969.5,
beltzvilleCombined,1176,,,,,,,,-10.48056883,-22.36752777,74.29922749,69.96432827,58.6101839,7.386091206,-41.35085822,42.48859536,59.78399057,48.84949738,225.895478,22.88905366,28.34257551,-13.8174779,53.10344566,1.878,-0.807,83.37656971,0.911451068,48317.0588,116.5417199,48317.0588,116.5417199,969.5,
beltzvilleCombined,1177,,,,,,,,-10.95,-21.61948564,72.25504525,68.7120266,54.884268,2.211619987,-44.38772132,35.05499048,72.2020619,69.8235547,224.5638227,27.83463843,32.91136813,-8.380388869,54.63679161,1.878,-0.807,80.29512279,0.935156704,48317.0588,116.5417199,48317.0588,116.5417199,969.5,
beltzvilleCombined,1178,,,,,,,,-10.95,-20.45419994,71.71372242,70.05322649,57.58597376,5.130143493,-44.01861861,43.20437316,67.71367742,58.60080017,223.1741895,46.05694044,34.43017544,-15.4485912,63.46827753,1.878,-0.807,68.10214572,0.41473757,48317.0588,116.5417199,48317.0588,116.5417199,969.5,
beltzvilleCombined,1179,,,,,,,,-2.955247654,5.21,70.93731398,60.20333207,70.41729842,0.327413851,-45.21,3.350349229,17.62381036,59.01987354,178.4016798,84.7844,40.00718086,-38.59435253,18.00304189,1.878,-0.807,84.93192206,0.589316792,48317.0588,116.5417199,48317.0588,116.5417199,969.5,
beltzvilleCombined,1180,,,,,,,,-4.737485554,4.133141834,70.95404277,63.2319579,69.37549407,0.156166112,-45.21,3.478170117,24.33514358,56.11278506,182.2654204,84.7844,38.26289985,-34.84476586,17.47805649,1.878,-0.807,90.48205706,0.584624386,48317.0588,116.5417199,48317.0588,116.5417199,969.5,
beltzvilleCombined,1181,,,,,,,,4.219380834,5.21,67.48050577,48.07503151,65.09838849,-8.809864768,-45.21,32.903867,56.93466193,32.60380044,240.9161,30.03484346,53.13512046,-51.835541,23.05516575,1.878,-0.807,97.625,0.347645518,48317.0588,116.5417199,48317.0588,116.5417199,969.5,
beltzvilleCombined,1182,,,,,,,,-10.95,-25.44371432,70.9518019,66.62689461,51.01629783,7.909702457,-42.33299126,26.90823284,91.87060635,60.7703822,172.5001453,65.98127664,27.55955543,-33.46074444,63.516,1.878,-0.807,48.03871386,0.92723833,48317.0588,116.5417199,48317.0588,116.5417199,969.5,
beltzvilleCombined,1183,,,,,,,,-9.937645999,-19.00183066,78.7864123,68.97606191,56.64555151,5.835614095,-45.16002264,38.53282957,84.00093718,63.02144637,240.1530113,31.89947992,43.18479874,-23.88350294,45.55225373,1.878,-0.807,95.03438218,0.928820867,48317.0588,116.5417199,48317.0588,116.5417199,969.5,
beltzvilleCombined,1184,,,,,,,,-10.87830921,-24.18949064,73.78903191,67.82340975,55.25602682,9.253100937,-39.54131161,44.01321625,72.05914191,69.80107884,220.7837574,31.20202511,30.26053392,-14.80703622,62.93550682,1.878,-0.807,84.36031049,0.811516608,48317.0588,116.5417199,48317.0588,116.5417199,969.5,
beltzvilleCombined,1185,,,,,,,,-8.612332986,-16.83435353,75.25640055,68.33269474,59.72260025,7.684847843,-40.5842777,40.12312125,63.70544124,63.53400317,224.7512716,30.10858376,27.8372737,-12.79618787,56.65620534,1.878,-0.807,83.42193988,0.806729094,48317.0588,116.5417199,48317.0588,116.5417199,969.5,
beltzvilleCombined,1186,,,,,,,,-8.998950156,-13.47279284,72.18523888,69.01531621,60.84265087,7.56749196,-37.60309058,36.31809556,50.70235396,57.70742649,211.0107841,35.06686616,41.97639488,-16.32399112,55.58525818,1.878,-0.807,72.51741115,0.4850602,48317.0588,116.5417199,48317.0588,116.5417199,969.5,
beltzvilleCombined,1187,,,,,,,,-4.933042279,5.21,69.28657529,61.75955144,71.71974507,-0.540897973,-45.21,3.861237385,21.61202495,63.50801326,181.488644,84.7844,37.0012072,-39.21435704,19.20976853,1.878,-0.807,87.36756856,0.628645744,48317.0588,116.5417199,48317.0588,116.5417199,969.5,
beltzvilleCombined,1188,,,,,,,,-4.734071591,5.21,64.91447951,56.73760265,63.54725492,-3.818024936,-39.65615341,11.12063046,24.25922638,60.27375848,191.3158169,82.7130255,32.49763059,-37.41426885,18.82594902,1.878,-0.807,88.62039998,0.708895717,48317.0588,116.5417199,48317.0588,116.5417199,969.5,
beltzvilleCombined,1189,,,,,,,,-1.380821501,5.21,71.34039593,58.51346762,66.96979521,0.142490969,-39.81348232,22.55865527,58.4471018,44.67842586,188.263723,9.599861871,60.03423935,-51.72724232,28.40025692,1.878,-0.807,81.5222244,0.6343963,48317.0588,116.5417199,48317.0588,116.5417199,969.5,
beltzvilleCombined,1190,,,,,,,,-8.484411539,-17.74144041,72.86442628,69.49906064,59.12478898,9.407023785,-38.54270733,38.16665614,51.20194825,41.50179325,213.7430349,40.32946465,35.97488639,-18.32760509,56.61512621,1.878,-0.807,74.56938227,0.805883232,48317.0588,116.5417199,48317.0588,116.5417199,969.5,
beltzvilleCombined,1191,,,,,,,,-0.986882883,5.21,68.08623419,55.75629203,65.30300473,-6.03938915,-39.79561246,10.92624078,46.01488363,44.84450202,194.4587725,84.7844,52.35037462,-51.87618097,20.15839796,1.878,-0.807,86.0827536,0.669455549,48317.0588,116.5417199,48317.0588,116.5417199,969.5,
beltzvilleCombined,1192,,,,,,,,-8.339868944,-8.582363589,87.31005585,62.50830613,59.24713928,3.080913538,-34.51707003,21.49000696,79.61635739,77.62584733,228.2265749,47.34280364,65.24256337,-40.0123487,44.81409049,1.878,-0.807,62.55344495,0.588161065,48317.0588,116.5417199,48317.0588,116.5417199,969.5,
beltzvilleCombined,1193,,,,,,,,-1.584581464,2.530540658,73.2582187,62.01543044,66.3711049,4.863291708,-43.59303386,15.61640529,17.52872739,57.18206936,182.6960274,74.49492676,50.89840776,-37.39263772,31.32405491,1.878,-0.807,96.44341388,0.559805601,48317.0588,116.5417199,48317.0588,116.5417199,969.5,
beltzvilleCombined,1194,,,,,,,,-3.726884194,5.097099599,70.34633989,61.72091819,71.77212305,5.442004691,-44.42424688,17.56138051,1.566411872,58.78771037,176.4771481,76.64173236,54.66492441,-9.898938429,20.87731704,1.878,-0.807,95.96652286,0.697096184,48317.0588,116.5417199,48317.0588,116.5417199,969.5,
beltzvilleCombined,1195,,,,,,,,-2.646517677,3.847871088,69.38770555,40.090354,71.96038184,4.216926614,-41.65019294,6.033469791,16.57333198,59.02331202,191.6650766,82.36599036,61.4763334,-8.029340472,19.70414937,1.878,-0.807,92.13984052,0.68149035,48317.0588,116.5417199,48317.0588,116.5417199,969.5,
beltzvilleCombined,1196,,,,,,,,-3.445442269,4.184675682,74.12568844,37.52405273,72.49103784,4.262092223,-43.65567985,6.176855897,9.62588825,53.33922255,184.9440917,82.48442453,64.31996742,-6.026264314,21.07441703,1.878,-0.807,95.9843997,0.548671658,48317.0588,116.5417199,48317.0588,116.5417199,969.5,
beltzvilleCombined,1197,,,,,,,,-1.93806694,5.21,92.91649033,58.32372156,64.716532,1.889083583,-36.51177984,24.65157234,9.296275012,51.95861272,166.0183976,58.27357376,44.33287296,-18.17818671,8.443187505,1.878,-0.807,94.74893506,0.946798838,48317.0588,116.5417199,48317.0588,116.5417199,969.5,
beltzvilleCombined,1198,,,,,,,,-4.434746988,5.21,66.8351645,58.42839786,64.38142282,9.691865764,-31.38951339,43.6686361,12.76602855,52.17710888,173.7101663,26.12341692,49.32261221,-46.60442545,60.33740334,1.878,-0.807,85.12168946,0.753604397,48317.0588,116.5417199,48317.0588,116.5417199,969.5,
beltzvilleCombined,1199,,,,,,,,-10.95,-19.64212629,70.60747523,68.09457202,56.17690106,10.06041122,-43.44549894,37.24161276,71.79342227,74.61961788,174.7675071,23.47590457,27.68267192,-16.87812092,62.23267269,1.878,-0.807,80.82791737,0.688361362,48317.0588,116.5417199,48317.0588,116.5417199,969.5,
beltzvilleCombined,1200,,,,,,,,-8.622994947,-16.02099035,71.80828622,68.19572406,59.14966865,6.633555299,-41.55188424,34.07058743,54.83580654,36.20437179,128.4831034,42.12082893,34.87067895,-14.51984426,51.60213847,1.878,-0.807,76.25731348,0.821700274,48317.0588,116.5417199,48317.0588,116.5417199,969.5,
beltzvilleCombined,1201,,,,,,,,-9.239173286,5.21,70.78274604,62.73323552,53.15330738,-1.976850664,-43.90224779,16.28477461,5.376198495,46.87828773,191.1308146,84.7844,47.51136485,-42.20287422,9.12009897,1.878,-0.807,84.11946945,0.555238883,48317.0588,116.5417199,48317.0588,116.5417199,969.5,
beltzvilleCombined,1202,,,,,,,,-1.725013332,3.741540547,73.4207159,61.0204119,66.60721062,4.952913144,-42.22013108,13.60704982,16.52660134,56.03545203,181.6299229,71.97952643,53.65262942,-40.77949071,18.28241851,1.878,-0.807,94.15321946,0.532634928,48317.0588,116.5417199,48317.0588,116.5417199,969.5,
beltzvilleCombined,1203,,,,,,,,-6.677231368,4.98896488,77.50671058,62.32947089,68.86340672,-5.349294506,-45.21,16.44910788,59.47648559,38.62569409,206.007984,84.7844,56.20745558,-39.11818004,31.15443805,1.878,-0.807,73.83866286,0.586647339,48317.0588,116.5417199,48317.0588,116.5417199,969.5,
beltzvilleCombined,1204,,,,,,,,-10.95,-44.29,70.95213073,67.9955302,48.3022121,10.84766734,-17.86990058,12.2159495,0,100,173.3355949,27.06221279,20.98100514,-42.6746856,-1.414,1.878,-0.807,9.924927338,0.734046914,48317.0588,116.5417199,48317.0588,116.5417199,969.5,
beltzvilleCombined,1205,,,,,,,,-10.95,-23.67531908,74.91374704,69.12625843,53.46788347,11.16,-45.21,40.90699964,72.55284161,66.89745619,240.9161,30.81784057,30.46431907,-9.688722501,52.97559911,1.878,-0.807,83.17646415,0.936423673,48317.0588,116.5417199,48317.0588,116.5417199,969.5,
beltzvilleCombined,1206,,,,,,,,-1.211673238,3.878700896,65.57030012,58.30413026,62.52905373,9.454466013,-31.72570247,49.63306045,9.333187658,58.72742786,165.6212124,30.04256165,51.42676069,-46.41495159,63.516,1.878,-0.807,78.72461494,0.577830984,48317.0588,116.5417199,48317.0588,116.5417199,969.5,
beltzvilleCombined,1207,,,,,,,,-2.37365965,5.21,67.4471924,57.01656305,64.72840702,8.496973568,-30.04161159,48.24914056,14.58195991,52.09498858,168.4976096,39.6112982,52.22526588,-45.32282676,62.217704,1.878,-0.807,82.8126908,0.537626039,48317.0588,116.5417199,48317.0588,116.5417199,969.5,
beltzvilleCombined,1208,,,,,,,,-10.12837155,-22.63967151,81.59900973,70.73961857,58.2286278,9.918180721,-25.84145841,29.3480403,54.13564696,63.08623844,219.4267801,44.5979626,37.50132678,-33.57894286,53.92162779,1.878,-0.807,39.55172312,0.593472813,48317.0588,116.5417199,48317.0588,116.5417199,969.5,
beltzvilleCombined,1209,,,,,,,,-3.883231522,5.21,72.6174812,57.81933637,72.60366114,4.238108735,-45.21,11.17362769,20.52226565,56.84060795,181.7016887,81.55436277,61.04133616,-32.01642212,28.06750643,1.878,-0.807,97.625,0.457358962,48317.0588,116.5417199,48317.0588,116.5417199,969.5,
beltzvilleCombined,1210,,,,,,,,-9.374450797,-19.86705265,69.93750573,67.31190113,54.78093349,4.910573584,-37.44626711,28.53528182,82.8725122,63.40636641,179.258152,36.1780046,27.02542076,-5.253468219,21.8218756,1.878,-0.807,46.42762281,0.89472199,48317.0588,116.5417199,48317.0588,116.5417199,969.5,
beltzvilleCombined,1211,,,,,,,,-10.95,-27.73903507,75.04951697,71.87306506,55.76326977,10.33843671,-39.78760383,39.56927945,99.44467623,93.62375398,230.9412159,41.92178381,16.63821362,-23.47823004,54.53519687,1.878,-0.807,91.77672192,0.957,48317.0588,116.5417199,48317.0588,116.5417199,969.5,
beltzvilleCombined,1212,,,,,,,,-3.246529107,5.21,70.68272093,60.00895176,69.86262372,5.972655004,-44.56073151,10.48598562,12.12059347,59.13803849,179.9041207,79.61605434,62.19211129,-41.39725548,30.0744063,1.878,-0.807,97.625,0.497527352,48317.0588,116.5417199,48317.0588,116.5417199,969.5,
beltzvilleCombined,1213,,,,,,,,-0.318933637,3.873584273,65.0085817,58.76465123,61.62565686,-2.733402514,-34.83376147,23.89483636,15.17889593,53.87128582,171.3268151,24.84451392,50.48347934,-43.40789876,13.30433516,1.878,-0.807,92.66454892,0.833195233,48317.0588,116.5417199,48317.0588,116.5417199,969.5,
beltzvilleCombined,1214,,,,,,,,-9.602871471,-16.23660973,72.60523195,67.16417489,57.46196265,5.903573922,-44.32435953,34.96966844,66.19236527,65.73311033,218.5153911,32.67278683,33.30262883,-16.89922038,53.5211526,1.878,-0.807,83.76022915,0.816906878,48317.0588,116.5417199,48317.0588,116.5417199,969.5,
beltzvilleCombined,1215,,,,,,,,-2.008491799,4.71794578,72.83715046,59.15327759,69.97360906,4.001960688,-44.96695672,10.39704736,9.52945415,50.18865294,184.459761,80.19919879,62.23854755,-37.94787508,31.02753871,1.878,-0.807,97.04356879,0.533400878,48317.0588,116.5417199,48317.0588,116.5417199,969.5,
beltzvilleCombined,1216,,,,,,,,-4.78859828,5.21,88.36460857,58.59690459,64.18851044,-5.612415173,-39.82001863,25.19304842,10.89765441,54.30739862,167.3967614,22.62631526,53.20073783,-46.59732282,10.99130028,1.878,-0.807,97.625,0.65548602,48317.0588,116.5417199,48317.0588,116.5417199,969.5,
beltzvilleCombined,1217,,,,,,,,0.55522342,5.21,67.28801315,56.16739444,65.01495216,-4.016718639,-33.45864524,17.00302264,12.08102727,45.28253225,166.9969271,20.88241085,53.27182442,-45.20535172,12.39257358,1.878,-0.807,94.83489145,0.635386209,48317.0588,116.5417199,48317.0588,116.5417199,969.5,
beltzvilleCombined,1218,,,,,,,,-10.4624813,-20.64455008,74.01250219,70.2735032,59.91288125,8.328055136,-41.63480842,42.5346561,65.35268308,66.30677405,233.3627232,29.13123803,25.78315545,-10.02869954,63.516,1.878,-0.807,84.84544373,0.922875574,48317.0588,116.5417199,48317.0588,116.5417199,969.5,
beltzvilleCombined,1219,,,,,,,,-0.88653359,4.996118393,62.36263359,61.03145278,59.98769787,4.585845101,2.799008481,21.99476169,20.98115697,79.48251598,158.231959,26.75086047,13.8153229,-42.34090334,7.731800612,1.878,-0.807,52.31500199,0.29229863,48317.0588,116.5417199,48317.0588,116.5417199,969.5,
beltzvilleCombined,1220,,,,,,,,-9.238567295,-30.75766899,78.82082129,70.83606377,58.22708976,11.16,-30.96202257,22.18117458,13.44485426,67.15972284,168.3796065,84.7844,9.667145302,-21.47845725,24.00043825,1.878,-0.807,21.92543641,0.957,48317.0588,116.5417199,48317.0588,116.5417199,969.5,
beltzvilleCombined,1221,,,,,,,,-1.312894905,2.323961177,71.15953082,46.08259178,69.98441662,-11.86132087,-3.078434613,26.74687718,52.57016524,5.898620981,228.7592366,31.41889294,1.64281995,-52.3545,2.361000262,1.878,-0.807,93.43415809,0.466190987,48317.0588,116.5417199,48317.0588,116.5417199,969.5,
beltzvilleCombined,1222,,,,,,,,-10.95,-10.07309136,98.8629534,65.74542517,59.31641986,-1.078117574,-34.4790761,21.09587008,100,90.99951742,240.9161,63.28925353,40.44096276,-49.72044658,58.07483026,1.878,-0.807,53.90824827,0,48317.0588,116.5417199,48317.0588,116.5417199,969.5,
beltzvilleCombined,1223,,,,,,,,4.494096339,-27.32333074,80.48805694,61.89077222,47.58198886,9.202354992,-45.21,59.30811027,97.84590111,52.17576618,96.51673755,66.34580103,13.49748197,-22.00142654,60.59101106,1.878,-0.807,82.29901121,0.124058525,48317.0588,116.5417199,48317.0588,116.5417199,969.5,
beltzvilleCombined,1224,,,,,,,,2.006973891,3.348185641,63.40376133,57.18127362,62.28805875,-2.170485543,-33.58928974,24.33525115,9.695819052,53.92350431,171.9701291,26.25606087,52.08444284,-41.50442411,13.33338587,1.878,-0.807,97.02980727,0.937757162,48317.0588,116.5417199,48317.0588,116.5417199,969.5,
beltzvilleCombined,1225,,,,,,,,-3.204272231,5.15304383,72.36071993,58.6288212,70.90859139,4.948772635,-45.21,5.903570982,0,54.90509334,181.3318167,84.7844,64.60527679,-44.42100568,24.52538886,1.878,-0.807,97.625,0.0148285,48317.0588,116.5417199,48317.0588,116.5417199,969.5,
beltzvilleCombined,1226,,,,,,,,-3.623359556,5.21,73.84104981,35.95513221,73.4392217,4.576872813,-45.21,4.252383503,5.605149888,77.89231484,182.4641847,84.7844,65.95303003,-1.3331226,16.08555953,1.878,-0.807,97.625,0.439798572,48317.0588,116.5417199,48317.0588,116.5417199,969.5,
beltzvilleCombined,1227,,,,,,,,-1.300086169,3.874012973,69.84426897,0,65.55473517,11.05923477,-42.47116692,42.34733231,21.18818982,42.41028797,189.0625902,30.72094347,7.365202572,-52.3545,63.516,1.878,-0.807,80.14836068,0.737050281,48317.0588,116.5417199,48317.0588,116.5417199,969.5,
beltzvilleCombined,1228,,,,,,,,-3.067421827,5.21,73.05552971,62.52439275,66.79794925,5.431271494,-42.3366327,17.40725254,18.8361152,54.6405677,175.4667428,73.32394509,53.30181765,-28.73458733,30.67517763,1.878,-0.807,97.625,0.494585003,48317.0588,116.5417199,48317.0588,116.5417199,969.5,
beltzvilleCombined,1229,,,,,,,,-9.930369058,-16.26532838,71.98830698,69.41839311,59.95125542,7.401967252,-39.25958867,36.52487369,53.81633963,61.54871524,215.3007211,38.08489229,39.13780753,-13.27741261,57.36581997,1.878,-0.807,67.33511161,0.412666829,48317.0588,116.5417199,48317.0588,116.5417199,969.5,
beltzvilleCombined,1230,,,,,,,,-2.667394547,3.76419045,72.38665506,41.03791069,73.50226608,-9.05181388,-41.4281824,33.29172903,51.90488628,43.66332889,213.6119175,32.41286125,3.440166503,-47.74031677,62.9775733,1.878,-0.807,93.7124025,0.456681404,48317.0588,116.5417199,48317.0588,116.5417199,969.5,
beltzvilleCombined,1231,,,,,,,,-10.92659248,-43.35579825,83.96347723,78.53019708,66.7185938,9.731310277,-43.38039631,43.85398381,71.09243117,66.66955442,239.5729028,84.7844,-1.2104,-1.170615614,32.55245682,1.878,-0.807,36.41917976,0.834289672,48317.0588,116.5417199,48317.0588,116.5417199,969.5,
beltzvilleCombined,1232,,,,,,,,-10.95,-22.86851867,72.55767719,69.13024298,60.11265819,7.784049326,-11.81151374,10.33103453,0,97.5087609,164.866117,30.66019323,20.43595658,-45.6364524,0.182526132,1.878,-0.807,0,0.878131549,48317.0588,116.5417199,48317.0588,116.5417199,969.5,
beltzvilleCombined,1233,,,,,,,,-8.827685415,-18.00719737,73.44772756,68.49734797,57.02584447,-9.65066625,-40.13684814,37.27796602,64.2208289,63.10901187,228.2629692,29.62740738,32.19847574,-16.03146133,56.41219735,1.878,-0.807,82.19364848,0.908513772,48317.0588,116.5417199,48317.0588,116.5417199,969.5,
beltzvilleCombined,1234,,,,,,,,-7.045902478,5.178514508,63.92020366,57.77540865,61.62550101,-7.810682901,-38.07960789,21.25554031,79.30571237,62.9396522,165.2884325,25.87830124,51.31398105,-47.38996529,15.69135509,1.878,-0.807,91.62224792,0.480073666,48317.0588,116.5417199,48317.0588,116.5417199,969.5,
beltzvilleCombined,1235,,,,,,,,-3.625843436,4.981131828,72.47527519,58.35026482,72.05356909,4.663970492,-45.21,11.59127524,21.41379673,57.0143868,180.1888999,80.25146974,58.99689637,-31.93167628,28.74983812,1.878,-0.807,97.20700364,0.488519865,48317.0588,116.5417199,48317.0588,116.5417199,969.5,
beltzvilleCombined,1236,,,,,,,,-10.95,-18.42512578,72.31260563,68.13127884,57.3218399,6.099015165,-44.39518046,35.55173699,68.0396364,66.92360485,220.5366445,33.06520345,31.83038575,-14.73890248,53.67744934,1.878,-0.807,84.23942076,0.855596141,48317.0588,116.5417199,48317.0588,116.5417199,969.5,
beltzvilleCombined,1237,,,,,,,,-7.655980909,-17.75204738,72.97355315,67.33612018,56.7921752,-5.64160664,-15.95069982,39.95364761,66.87472627,54.44319195,214.359034,28.58722907,31.01214845,-16.73919544,51.37435712,1.878,-0.807,82.46798035,0.792047411,48317.0588,116.5417199,48317.0588,116.5417199,969.5,
beltzvilleCombined,1238,,,,,,,,-1.950032335,2.632643085,71.28483341,60.20086209,67.38351527,5.919203998,-44.18685017,12.67193095,19.17719267,55.23875595,184.3075916,80.52418986,57.27699283,-37.41576784,30.82311482,1.878,-0.807,92.94863542,0.58658203,48317.0588,116.5417199,48317.0588,116.5417199,969.5,
beltzvilleCombined,1239,,,,,,,,-8.905483693,-21.33586298,73.81384283,68.17154522,56.90683101,9.723099225,-39.74456797,41.46609529,69.35774199,64.65720088,229.1705186,33.77393389,28.42355072,-11.70061364,61.49818875,1.878,-0.807,81.92982646,0.847359957,48317.0588,116.5417199,48317.0588,116.5417199,969.5,
beltzvilleCombined,1240,,,,,,,,-6.101106166,-21.41306816,75.41483742,72.87722086,64.63719679,8.982380399,-45.21,44.04178072,84.56319093,94.10223741,107.9391162,19.60932247,9.147870421,-39.54666748,48.21689034,1.878,-0.807,82.77825967,0.385424092,48317.0588,116.5417199,48317.0588,116.5417199,969.5,
beltzvilleCombined,1241,,,,,,,,-4.167511611,5.21,71.15846341,58.67806235,71.9312679,7.361661297,-45.21,4.18149958,0,57.27292945,181.8735151,84.7844,66.29304164,-43.54418326,24.87173782,1.878,-0.807,97.625,0.081474725,48317.0588,116.5417199,48317.0588,116.5417199,969.5,
beltzvilleCombined,1242,,,,,,,,-10.95,-35.03685831,78.48077511,73.05850029,55.06334301,11.16,-24.72628032,22.27589474,84.39672126,66.9120389,150.1128989,16.5921642,10.2050977,-25.29354101,-1.343246534,1.878,-0.807,21.8325219,0.847922928,48317.0588,116.5417199,48317.0588,116.5417199,969.5,
beltzvilleCombined,1243,,,,,,,,-6.591448783,5.014853986,70.68510916,56.13594882,61.77280334,-5.35409344,-41.87274415,26.66416623,18.37857369,53.2269467,171.3448071,16.83807597,49.08745278,-48.14168306,11.40156127,1.878,-0.807,94.37410507,0.622845563,48317.0588,116.5417199,48317.0588,116.5417199,969.5,
beltzvilleCombined,1244,,,,,,,,0.568132152,5.060090887,71.1770614,57.44196306,68.98049959,-2.156755701,-42.37396229,16.50187764,80.50812116,44.63936242,239.7944815,0.10362272,60.73547965,-49.59484897,5.098315091,1.878,-0.807,41.16191226,0.402314697,48317.0588,116.5417199,48317.0588,116.5417199,969.5,
beltzvilleCombined,1245,,,,,,,,-3.089649749,4.542568174,69.73454476,58.38151412,67.94645113,-2.556621765,-42.65035771,19.34680118,28.64632312,51.55407409,236.5442902,3.927211188,56.20582687,-44.08123399,12.15153073,1.878,-0.807,41.25598339,0.406484355,48317.0588,116.5417199,48317.0588,116.5417199,969.5,
beltzvilleCombined,1246,,,,,,,,2.044363735,3.449349804,64.13678202,12.67744201,64.24714508,0.171237703,-40.14436536,23.43834117,26.16756353,39.0872723,232.5771798,20.04525749,43.154362,-44.05631647,6.866527616,1.878,-0.807,97.37456617,0.228812569,48317.0588,116.5417199,48317.0588,116.5417199,969.5,
beltzvilleCombined,1247,,,,,,,,-9.732867582,-18.11163039,72.72787346,69.26885594,58.38340337,4.314349988,-42.77479552,39.58896076,61.90223516,60.13033444,220.1781151,44.22197968,33.54871816,-18.56082947,56.95516378,1.878,-0.807,68.31036271,0.449537604,48317.0588,116.5417199,48317.0588,116.5417199,969.5,
beltzvilleCombined,1248,,,,,,,,-4.096624548,5.098196303,74.87139039,37.32520445,72.12784586,5.504036164,-43.84345372,5.684425413,5.616937776,50.56171584,178.8880568,82.51860326,68.20143886,-4.707874034,18.30693872,1.878,-0.807,97.625,0.576176266,48317.0588,116.5417199,48317.0588,116.5417199,969.5,
beltzvilleCombined,1249,,,,,,,,1.477885097,-37.30647589,91.39144896,79.24,54.40069622,10.92728147,-32.00891359,36.8427902,47.44928661,62.26198564,240.9161,32.15769076,-0.716261373,-11.86271897,59.45641925,1.878,-0.807,34.02347683,0.835847427,48317.0588,116.5417199,48317.0588,116.5417199,969.5,
beltzvilleCombined,1250,,,,,,,,-5.302582973,5.21,55.14429541,38.53865671,45.20243591,-14.41,-13.01474635,25.72723411,37.02516888,30.13139278,114.2761445,24.02487608,60.19924786,-52.3545,-1.414,1.878,-0.807,92.75656614,0.483417855,48317.0588,116.5417199,48317.0588,116.5417199,969.5,
beltzvilleCombined,1251,,,,,,,,-2.497928075,5.16168618,67.27217142,55.25424761,64.03325154,6.700561011,-30.42042569,46.05537966,18.20464709,52.13749823,170.6878586,40.02944045,49.12183391,-45.19454077,59.16110367,1.878,-0.807,81.71344848,0.566832153,48317.0588,116.5417199,48317.0588,116.5417199,969.5,
beltzvilleCombined,1252,,,,,,,,-3.592994617,5.21,70.52100627,55.75812395,63.03057265,-3.632707449,-37.58959633,14.72515478,43.29219085,44.88183047,186.8548558,78.73057026,57.48677726,-40.03092344,16.78044772,1.878,-0.807,87.60650681,0.55049064,48317.0588,116.5417199,48317.0588,116.5417199,969.5,
beltzvilleCombined,1253,,,,,,,,-2.411985046,5.21,68.78552494,59.61447373,68.67482579,6.285620258,-44.68256207,11.79300357,24.66059557,52.32417782,183.3466651,84.7844,63.58502541,-34.58306996,33.60019217,1.878,-0.807,97.625,0.323736818,48317.0588,116.5417199,48317.0588,116.5417199,969.5,
beltzvilleCombined,1254,,,,,,,,-1.464857529,3.054637654,80.1719319,63.81297761,69.01865615,4.510173293,-41.47853125,14.16287986,4.206133569,58.53696133,181.6832658,74.59229469,53.34235728,-9.497925005,17.39982945,1.878,-0.807,90.05600151,0.619796114,48317.0588,116.5417199,48317.0588,116.5417199,969.5,
beltzvilleCombined,1255,,,,,,,,-6.502110678,4.386424691,66.33033945,57.59033875,63.2631999,-4.051246314,-36.85919002,23.14851884,13.95073966,55.71703829,188.3075979,23.99627521,52.99134929,-21.40014182,5.273040811,1.878,-0.807,96.87782635,0.601675617,48317.0588,116.5417199,48317.0588,116.5417199,969.5,
beltzvilleCombined,1256,,,,,,,,-10.95,-11.7230894,68.24961469,64.75355853,59.50559511,6.348300829,-42.55293335,36.75568578,58.76074872,59.9344697,215.5869108,28.21869178,35.36309313,-21.487073,48.9196249,1.878,-0.807,74.24289624,0.652838936,48317.0588,116.5417199,48317.0588,116.5417199,969.5,
beltzvilleCombined,1257,,,,,,,,-10.66528565,-21.29496486,73.40426668,68.7351367,56.19271851,7.862585069,-42.75950936,38.58013005,4.196573261,52.50557321,222.119768,29.44728529,29.1533088,-14.0963045,54.96568785,1.878,-0.807,81.90718854,0.691229196,48317.0588,116.5417199,48317.0588,116.5417199,969.5,
beltzvilleCombined,1258,,,,,,,,1.134129918,5.21,63.85656576,54.60555254,63.48068684,-1.978848211,-30.8888507,20.06273126,2.81875816,38.65474961,170.6709285,20.79700008,52.70418962,-43.19069246,10.25331307,1.878,-0.807,94.90745368,0.618216454,48317.0588,116.5417199,48317.0588,116.5417199,969.5,
beltzvilleCombined,1259,,,,,,,,-3.370341581,4.734866876,70.79034175,62.23412815,72.06029143,10.89826977,-42.34064246,3.705530151,8.155319647,62.13851613,171.0580049,79.26996811,51.5492659,-32.60814811,19.65513541,1.878,-0.807,93.83821913,0.611216665,48317.0588,116.5417199,48317.0588,116.5417199,969.5,
beltzvilleCombined,1260,,,,,,,,-8.741026815,-7.27325237,68.12656161,64.89341666,61.19396773,4.280411624,-42.9079608,40.11379755,82.49516151,73.44570665,212.6664319,44.57363844,32.55336996,-15.52051711,43.06618668,1.878,-0.807,83.47482219,0.849822975,48317.0588,116.5417199,48317.0588,116.5417199,969.5,
beltzvilleCombined,1261,,,,,,,,-10.95,-32.39772974,70.14699186,67.43132489,55.75197881,9.558265707,-5.718787295,8.853875582,0,100,169.4066132,15.28003911,16.73140862,-45.64113108,-1.414,1.878,-0.807,0,0.760473786,48317.0588,116.5417199,48317.0588,116.5417199,969.5,
beltzvilleCombined,1262,,,,,,,,-9.909163736,-20.05533281,73.27132603,67.62873854,56.90627596,7.522273532,-42.06529504,37.71313238,7.050477236,53.78151613,215.2769364,31.21206022,29.87204901,-16.20257132,50.70730328,1.878,-0.807,78.96021804,0.693872571,48317.0588,116.5417199,48317.0588,116.5417199,969.5,
beltzvilleCombined,1263,,,,,,,,-9.309410683,2.309432747,63.58107013,62.86665234,57.66253633,-0.122454233,-34.73903608,16.03738869,6.442598788,51.7458838,179.0412519,1.023381817,47.96354773,-38.49224813,10.16671231,1.878,-0.807,74.45039597,0.487443684,48317.0588,116.5417199,48317.0588,116.5417199,969.5,
beltzvilleCombined,1264,,,,,,,,-3.233576238,4.575419525,71.16800609,64.33552839,69.92077063,3.073065391,-41.45638919,18.44567828,16.06991253,56.7242626,182.2291304,73.11237723,44.66709683,-38.00619315,34.02676688,1.878,-0.807,90.04020132,0.55564433,48317.0588,116.5417199,48317.0588,116.5417199,969.5,
beltzvilleCombined,1265,,,,,,,,-0.730282629,-32.68412779,79.95590137,62.32653906,43.87843642,11.16,-41.67057869,56.48770397,96.47202669,53.18979251,231.0221409,30.01449746,16.20300355,-21.33612879,61.68087676,1.878,-0.807,80.16346664,0.045767128,48317.0588,116.5417199,48317.0588,116.5417199,969.5,
beltzvilleCombined,1266,,,,,,,,-10.95,-9.789684417,95.61853953,65.52708473,60.62076392,-0.470444707,-35.13151636,21.63673967,91.85214418,85.15829134,240.9161,59.71867044,43.9919442,-46.41261273,54.2888561,1.878,-0.807,56.81753138,0.075017582,48317.0588,116.5417199,48317.0588,116.5417199,969.5,
beltzvilleCombined,1267,,,,,,,,11.21047238,-29.02629886,82.72872709,73.09794385,47.14908506,4.687080877,-37.95450122,49.44895049,91.26113221,97.23129648,108.8419044,28.348899,-0.394377315,-45.60365485,43.35080563,1.878,-0.807,90.0557816,0.317374375,48317.0588,116.5417199,48317.0588,116.5417199,969.5,
beltzvilleCombined,1268,,,,,,,,-5.79979895,-18.87694881,75.43946871,67.6465727,66.27693002,2.259683452,-45.21,45.57109414,83.08086912,91.992242,104.6368908,14.05295728,6.829947437,-36.04270109,49.39306473,1.878,-0.807,81.54946433,0.40511825,48317.0588,116.5417199,48317.0588,116.5417199,969.5,
beltzvilleCombined,1269,,,,,,,,-1.916967357,5.21,93.89568148,61.3542971,68.70281924,-11.55235729,-37.95218627,16.68168569,68.26691352,66.98555117,189.3599372,67.6601387,42.27238023,-41.80425929,17.39451777,1.878,-0.807,84.59617527,0.796238089,48317.0588,116.5417199,48317.0588,116.5417199,969.5,
beltzvilleCombined,1270,,,,,,,,-0.818171221,5.21,73.40647551,56.45901744,72.50116959,1.47408603,-42.1630508,7.639230418,23.10075095,60.4914805,178.5940065,81.59389004,63.47112393,-34.17843264,30.98805087,1.878,-0.807,96.02015786,0.169319765,48317.0588,116.5417199,48317.0588,116.5417199,969.5,
beltzvilleCombined,1271,,,,,,,,-10.53241804,-21.99578921,79.2287446,66.50038944,57.83909386,8.473724347,-38.5366281,28.85180292,70.57397536,85.52777351,240.9161,52.04615225,31.18695604,-27.20475629,54.88176905,1.878,-0.807,97.625,0.470209627,48317.0588,116.5417199,48317.0588,116.5417199,969.5,
beltzvilleCombined,1272,,,,,,,,-2.029446914,-23.82930824,75.26619994,69.26719157,51.4874425,7.39078658,-42.11939605,41.56317213,80.66332242,87.93156588,114.9325888,24.95955069,12.75629638,-39.54346048,50.41891352,1.878,-0.807,74.26909745,0.393473729,48317.0588,116.5417199,48317.0588,116.5417199,969.5,
beltzvilleCombined,1273,,,,,,,,-6.91663146,-4.48231543,70.93286218,61.79530898,61.06829456,0.330589759,-39.17435595,26.53381662,89.55684182,80.25559531,228.8031347,22.73927431,44.78954617,-38.37635316,21.156866,1.878,-0.807,86.11978427,0.307062127,48317.0588,116.5417199,48317.0588,116.5417199,969.5,
beltzvilleCombined,1274,,,,,,,,-10.90214149,-28.85119879,73.83390974,68.92396047,52.93993119,10.61196739,-21.51527653,20.78672706,15.5637317,70.30567983,175.2152391,83.19304111,11.51972349,-22.10917767,25.15795587,1.878,-0.807,18.80755483,0.945069544,48317.0588,116.5417199,48317.0588,116.5417199,969.5,
beltzvilleCombined,1275,,,,,,,,-2.221711864,4.985343588,66.0494707,58.12708298,64.56220097,-3.597358295,-36.81225594,24.04362496,67.54550992,48.1579233,167.5712879,79.02747548,52.2006544,-19.18214479,41.18093921,1.878,-0.807,94.62153692,0.510582608,48317.0588,116.5417199,48317.0588,116.5417199,969.5,
beltzvilleCombined,1276,,,,,,,,47.48124761,-24.79220227,94.22422549,49.83654263,11.91889827,2.57565411,-1.564329686,4.724571318,62.22479339,37.83147237,230.2532162,84.7844,10.31034032,-13.92790102,42.81805749,1.878,-0.807,10.37515472,0.23894732,48317.0588,116.5417199,48317.0588,116.5417199,969.5,
beltzvilleCombined,1277,,,,,,,,-1.748064194,3.519769478,65.92460807,60.37199258,64.61397616,7.458061578,-36.14282081,51.86079876,8.34894371,49.95010296,188.7224289,20.08542368,54.03258664,-45.23611249,63.516,1.878,-0.807,90.96280932,0.209307421,48317.0588,116.5417199,48317.0588,116.5417199,969.5,
beltzvilleCombined,1278,,,,,,,,-2.471404093,4.172067183,75.87085845,35.08117891,72.81871288,4.168555557,-45.04653163,4.542271508,15.46063796,51.33757821,184.2357819,83.95441809,65.16777601,-4.029840506,19.95687505,1.878,-0.807,96.93092349,0.482286564,48317.0588,116.5417199,48317.0588,116.5417199,969.5,
beltzvilleCombined,1279,,,,,,,,-9.344912457,-7.491180092,90.71774058,65.47222776,64.06640196,2.203232347,-29.47813982,21.01260833,86.67256221,97.76447986,239.250727,51.78006987,31.05886912,-35.65245392,48.31096259,1.878,-0.807,56.35867992,0.863013829,48317.0588,116.5417199,48317.0588,116.5417199,969.5,
beltzvilleCombined,1280,,,,,,,,5.83562063,-31.77682655,79.14029886,71.15407298,51.77153623,6.640251875,-42.50027214,52.77899401,90.44587212,100,93.07228336,25.14988555,-1.2104,-29.80219985,45.08171806,1.878,-0.807,90.07717408,0.850631492,48317.0588,116.5417199,48317.0588,116.5417199,969.5,
beltzvilleCombined,1281,,,,,,,,-2.084320081,3.31915201,63.90883436,57.13541226,64.03216344,-3.317851299,-42.28730293,26.20027849,61.32969954,33.85255965,184.6934672,74.79327568,55.75699057,-33.83492991,27.77332443,1.878,-0.807,92.75161125,0.580073985,48317.0588,116.5417199,48317.0588,116.5417199,969.5,
beltzvilleCombined,1282,,,,,,,,59.50343482,-24.77109807,62.96672431,74.81721982,65.55680519,0.095899265,-6.752247463,60.67915673,69.40474454,73.14973657,190.1304758,54.29718654,4.837398217,-19.70421564,61.4642508,1.878,-0.807,21.42343257,0.405494952,48317.0588,116.5417199,48317.0588,116.5417199,969.5,
beltzvilleCombined,1283,,,,,,,,-1.137825091,0.893723244,69.85165903,60.77360266,65.74129384,7.833526219,-42.12666706,41.11045552,23.05749913,48.95549178,237.7982143,39.49538105,7.493167336,-48.18434852,62.06533981,1.878,-0.807,80.35971956,0.699058191,48317.0588,116.5417199,48317.0588,116.5417199,969.5,
beltzvilleCombined,1284,,,,,,,,-9.288096318,-21.22435042,72.83872994,69.27547098,58.01666648,8.864300823,-40.96530889,42.03440785,64.7885373,46.56486435,225.3623621,27.16203215,29.88891426,-11.666085,57.64643655,1.878,-0.807,82.78556405,0.895229931,48317.0588,116.5417199,48317.0588,116.5417199,969.5,
beltzvilleCombined,1285,,,,,,,,-5.997936794,-3.873963138,69.28655139,63.41684202,62.86160761,1.045466553,-43.76747594,28.52881071,24.51428503,53.04922239,238.0416521,19.49934966,41.92913646,-43.2620674,19.50463854,1.878,-0.807,94.21194227,0.697670557,48317.0588,116.5417199,48317.0588,116.5417199,969.5,
beltzvilleCombined,1286,,,,,,,,-9.153590265,-30.80445182,82.77647714,68.94415026,56.1209984,7.599838888,-14.18341576,18.96086242,32.80428203,72.68447252,168.6663534,30.02615641,12.2797304,-20.89481058,6.334953573,1.878,-0.807,17.96229126,0.551961267,48317.0588,116.5417199,48317.0588,116.5417199,969.5,
beltzvilleCombined,1287,,,,,,,,-4.044669395,5.21,69.50731368,63.71459868,69.91962501,-0.469943971,-45.21,1.76,20.27703668,54.28002933,182.4084156,84.7844,37.62229846,-38.1734151,14.83243012,1.878,-0.807,89.7152537,0.611982699,48317.0588,116.5417199,48317.0588,116.5417199,969.5,
beltzvilleCombined,1288,,,,,,,,-10.68583482,-44.11437183,80.87183959,72.69481767,54.49077142,7.351089821,-24.29354901,23.61259509,7.606064603,80.40337769,165.0215949,77.73535655,-1.105449929,-35.46041778,25.9684711,1.878,-0.807,14.20522505,0.837291869,48317.0588,116.5417199,48317.0588,116.5417199,969.5,
beltzvilleCombined,1289,,,,,,,,-8.1021283,-32.1385388,75.81006429,70.32842592,56.45803194,10.30378442,-30.3416769,24.50501665,11.32287444,64.86721599,165.3644458,84.7844,8.668553859,-18.6731625,22.2902071,1.878,-0.807,16.01947815,0.957,48317.0588,116.5417199,48317.0588,116.5417199,969.5,
beltzvilleCombined,1290,,,,,,,,-9.50401144,-21.87493365,73.21525716,69.40642149,57.8556098,9.338036566,-40.65335348,42.2061082,64.65621712,64.40110242,226.4332289,36.15872217,30.36550139,-10.44875507,59.16775938,1.878,-0.807,82.16907033,0.891758254,48317.0588,116.5417199,48317.0588,116.5417199,969.5,
beltzvilleCombined,1291,,,,,,,,-5.386825204,5.21,65.46163807,58.66668105,64.12088978,-0.275171498,-35.08999723,16.17010092,0,47.06752487,157.582692,15.7737033,57.24436561,-40.62553829,14.82801141,1.878,-0.807,97.625,0.29453603,48317.0588,116.5417199,48317.0588,116.5417199,969.5,
beltzvilleCombined,1292,,,,,,,,-0.947695486,2.648603218,66.99327425,50.84931451,63.96382084,-2.038647307,-42.08499699,19.11395471,29.65130622,52.6215823,234.1831405,12.77648569,47.01944349,-42.17537238,13.22663355,1.878,-0.807,86.75497397,0.456398783,48317.0588,116.5417199,48317.0588,116.5417199,969.5,
beltzvilleCombined,1293,,,,,,,,-9.121308543,-19.44674595,74.07905829,68.55577427,58.14118991,9.250719259,-39.80707539,38.96294411,65.47696709,63.36762729,228.2828181,32.64863839,29.42603958,-14.72580944,57.42439078,1.878,-0.807,82.06693909,0.891420681,48317.0588,116.5417199,48317.0588,116.5417199,969.5,
beltzvilleCombined,1294,,,,,,,,-1.942913613,5.1794726,72.01748476,65.47111515,72.69729908,3.455951502,-42.18466941,16.9421081,13.32636984,55.19427936,177.0357017,81.39955682,43.88338202,-36.83662924,35.13099341,1.878,-0.807,90.01938656,0.579866808,48317.0588,116.5417199,48317.0588,116.5417199,969.5,
beltzvilleCombined,1295,,,,,,,,-4.166805486,-14.84284742,75.82749588,68.98847892,63.21683863,4.584083703,-36.84153973,34.75477141,72.39165392,66.91372219,219.6526868,36.6785328,25.12940742,-27.35020388,46.48054417,1.878,-0.807,95.83816268,0.806153688,48317.0588,116.5417199,48317.0588,116.5417199,969.5,
beltzvilleCombined,1296,,,,,,,,-2.262149314,5.21,66.14330116,61.28029435,65.43018787,-8.77921099,-38.80265031,21.88692833,19.30077559,45.80999499,181.4224431,75.10329448,50.03815946,-45.097223,18.69994436,1.878,-0.807,97.625,0.957,48317.0588,116.5417199,48317.0588,116.5417199,969.5,
beltzvilleCombined,1297,,,,,,,,-10.95,-14.68909403,68.91099224,67.12909148,57.66211891,9.007456456,-44.00249874,36.65080464,60.62049414,57.81621489,217.7359015,28.65005366,32.94731649,-22.29270965,53.11359595,1.878,-0.807,75.03638614,0.674093588,48317.0588,116.5417199,48317.0588,116.5417199,969.5,
beltzvilleCombined,1298,,,,,,,,6.593235603,-32.71273477,86.33226044,78.0257534,50.59157175,6.706227561,-45.19774013,42.12326731,78.5211905,62.02238778,232.6207091,72.82420841,-1.2104,-6.020670411,45.37707803,1.878,-0.807,38.46344529,0.75801331,48317.0588,116.5417199,48317.0588,116.5417199,969.5,
beltzvilleCombined,1299,,,,,,,,1.50137203,5.21,69.87894927,52.99845629,66.29824379,-4.581974535,-40.96802064,27.28485122,67.08329604,37.22453466,182.9224189,71.68624331,55.86900863,-51.29534661,20.66256549,1.878,-0.807,87.43945546,0.571326929,48317.0588,116.5417199,48317.0588,116.5417199,969.5,
beltzvilleCombined,1300,,,,,,,,2.070864191,4.31416357,63.44669973,59.0050154,61.07564166,-3.692151725,-30.41247732,27.0411167,18.4077478,60.22829072,174.7887713,24.5284683,50.88145294,-45.15547028,14.95639486,1.878,-0.807,92.87523067,0.63006643,48317.0588,116.5417199,48317.0588,116.5417199,969.5,
beltzvilleCombined,1301,,,,,,,,-5.593837132,4.51760776,64.01024444,56.33735799,62.53206687,-6.953947112,-38.65074057,25.24781694,79.13688202,61.12030943,162.6247239,25.93859183,52.13247913,-51.15579649,18.27700532,1.878,-0.807,87.66545536,0.442772866,48317.0588,116.5417199,48317.0588,116.5417199,969.5,
beltzvilleCombined,1302,,,,,,,,-10.95,-10.77818075,89.3821446,64.37381046,57.90613946,2.389926695,-35.31425202,12.96727294,77.79734369,85.37290604,240.4203265,51.97003314,64.33765772,-32.27662823,44.52486978,1.878,-0.807,58.353561,0.674041829,48317.0588,116.5417199,48317.0588,116.5417199,969.5,
beltzvilleCombined,1303,,,,,,,,-0.947695486,2.648603218,66.99327425,50.84931451,63.96382084,-2.038647307,-40.82252333,19.11395471,29.65130622,1.258612409,234.1831405,12.77648569,47.01944349,-42.17537238,13.31368134,1.878,-0.807,86.75497397,0.456398783,48317.0588,116.5417199,48317.0588,116.5417199,969.5,
beltzvilleCombined,1304,,,,,,,,-3.838187108,5.21,67.63475234,61.80410256,71.46623139,0.652365242,-45.21,1.76,19.12185839,51.56166339,181.2402439,81.40175858,35.6308235,-33.4873909,11.15056095,1.878,-0.807,88.24131342,0.408093589,48317.0588,116.5417199,48317.0588,116.5417199,969.5,
beltzvilleCombined,1305,,,,,,,,-5.584657041,4.988335051,67.99903789,61.60097115,55.52404439,-1.289046238,-37.36987451,16.72910851,28.66247394,86.93057051,191.991921,83.73336852,42.11680311,-28.84066578,27.54635809,1.878,-0.807,5.822839425,0.260399653,48317.0588,116.5417199,48317.0588,116.5417199,969.5,
beltzvilleCombined,1306,,,,,,,,-3.879733224,4.737106537,68.87712714,61.40101823,70.21937433,-0.891691042,-45.21,6.37534096,23.15917057,61.75963638,182.4759338,83.33896562,35.61017773,-37.96013827,19.27085274,1.878,-0.807,86.20411071,0.623438385,48317.0588,116.5417199,48317.0588,116.5417199,969.5,
beltzvilleCombined,1307,,,,,,,,-6.020353696,5.21,68.35717148,62.43026221,66.04820526,-1.553221291,-36.66477036,11.56428796,7.416597495,52.27266377,177.9245789,62.42914152,60.49865463,-34.15467449,9.108800522,1.878,-0.807,91.44372768,0.48752489,48317.0588,116.5417199,48317.0588,116.5417199,969.5,
beltzvilleCombined,1308,,,,,,,,-10.95,-18.03782553,75.04140256,67.79101271,55.93531115,7.081288785,-42.95793985,34.93930124,67.73908282,65.28707897,225.2388618,27.14974861,30.61729063,-12.53310277,57.3921019,1.878,-0.807,84.51578366,0.817986857,48317.0588,116.5417199,48317.0588,116.5417199,969.5,
beltzvilleCombined,1309,,,,,,,,-0.977136401,2.716466683,71.17104167,57.99354254,62.8299308,-3.939664755,-3.418443595,17.70725177,35.50518436,53.57351139,228.0429319,16.94752233,50.40177949,-44.72711825,18.77638622,1.878,-0.807,53.62730413,0.322004089,48317.0588,116.5417199,48317.0588,116.5417199,969.5,
beltzvilleCombined,1310,,,,,,,,-3.57447543,5.21,72.69098901,58.03718428,69.03000739,2.992252578,-45.21,1.942582862,0,55.10244529,175.8133765,82.94278225,69.46303979,-45.01232137,18.21655326,1.878,-0.807,96.43565875,0,48317.0588,116.5417199,48317.0588,116.5417199,969.5,
beltzvilleCombined,1311,,,,,,,,-0.258966904,5.200624005,65.23973664,55.24176665,63.06711879,-5.348711347,-44.07649406,25.34308973,64.89169709,33.75729851,182.3354083,73.24977245,55.86785656,-36.44531542,29.34740925,1.878,-0.807,93.07902835,0.487378003,48317.0588,116.5417199,48317.0588,116.5417199,969.5,
beltzvilleCombined,1312,,,,,,,,-10.95,0.739971886,68.62252351,66.33286334,72.51408389,4.514735108,-42.09690345,30.94868121,18.74431048,52.06430685,159.1580609,10.88131927,7.555426994,-35.68184361,6.78049781,1.878,-0.807,93.34243199,0.957,48317.0588,116.5417199,48317.0588,116.5417199,969.5,
beltzvilleCombined,1313,,,,,,,,-10.95,-8.528181738,95.99872026,64.91882015,62.33229247,0.143909726,-36.68246984,20.38370273,10.08637345,95.10426161,240.9161,59.07531468,28.90762051,-41.15763989,48.50116637,1.878,-0.807,48.92451314,0.79149404,48317.0588,116.5417199,48317.0588,116.5417199,969.5,
beltzvilleCombined,1314,,,,,,,,-3.99753961,4.323313037,69.2472193,61.18955287,68.32931381,-0.066207572,-45.12240773,7.707301133,26.84841246,60.95802709,183.7151321,78.43858337,35.2518374,-33.93092603,21.72204874,1.878,-0.807,85.45312819,0.606772923,48317.0588,116.5417199,48317.0588,116.5417199,969.5,
beltzvilleCombined,1315,,,,,,,,-3.860803346,5.21,69.841967,59.91467867,72.25408402,-0.386790668,-45.21,1.76,17.82814547,60.25010801,178.2829503,83.44274547,42.15900158,-42.04767992,15.34601978,1.878,-0.807,91.18786328,0.559093372,48317.0588,116.5417199,48317.0588,116.5417199,969.5,
beltzvilleCombined,1316,,,,,,,,-5.565736541,-36.20216855,82.36604288,72.073544,56.63498575,4.897314814,-31.5352064,23.87122484,12.7137512,73.22725089,163.8398137,73.13343345,3.959205224,-36.4156368,32.83937339,1.878,-0.807,22.91245097,0.641341498,48317.0588,116.5417199,48317.0588,116.5417199,969.5,
beltzvilleCombined,1317,,,,,,,,-10.95,-10.25208203,69.16721344,67.12870084,61.17915846,6.457948475,-33.47007165,20.58227757,33.31347574,56.74266946,240.9161,43.48370009,21.7600573,-32.01940435,14.2605151,1.878,-0.807,74.91421277,0.66148184,48317.0588,116.5417199,48317.0588,116.5417199,969.5,
beltzvilleCombined,1318,,,,,,,,-8.010644797,4.484356667,64.66112325,59.9872475,64.72993751,6.75554377,-5.980925898,18.13146939,19.86621748,56.77045901,174.0357271,77.24698427,59.98441157,-39.77520873,24.65046715,1.878,-0.807,95.06092182,0.108408888,48317.0588,116.5417199,48317.0588,116.5417199,969.5,
beltzvilleCombined,1319,,,,,,,,-9.07169573,-7.952794237,67.87172979,64.82547959,61.30006912,5.304635101,-45.21,39.6796008,88.33454693,76.2739364,215.9289614,46.74142668,31.18286623,-13.6004399,46.26150667,1.878,-0.807,85.90818423,0.895130906,48317.0588,116.5417199,48317.0588,116.5417199,969.5,
beltzvilleCombined,1320,,,,,,,,-8.749726315,-31.80518754,84.5365461,69.36509275,56.25961412,6.375442341,-14.44943703,19.62300698,31.96975665,75.71491956,167.5095422,32.66560328,11.13020182,-22.44879992,6.584125961,1.878,-0.807,13.27293596,0.322263154,48317.0588,116.5417199,48317.0588,116.5417199,969.5,
beltzvilleCombined,1321,,,,,,,,-4.470884311,5.21,70.63554822,60.22287406,70.0126635,-2.812833592,-43.65347965,8.910846469,13.97395405,56.55521671,179.2199192,84.7844,62.29142958,-26.73224585,28.79106975,1.878,-0.807,97.625,0.55905489,48317.0588,116.5417199,48317.0588,116.5417199,969.5,
beltzvilleCombined,1322,,,,,,,,6.561612632,-32.69746049,86.38533292,78.0652225,50.57828531,6.744105679,-45.21,42.11360399,78.48853059,62.12904685,232.7496251,72.74851167,-1.2104,-6.062111427,45.33088686,1.878,-0.807,38.38283378,0.757716816,48317.0588,116.5417199,48317.0588,116.5417199,969.5,
beltzvilleCombined,1323,,,,,,,,-10.68406909,-34.69642056,100,71.55106424,59.01481859,11.16,-14.98339678,8.63941304,0,100,101.8540827,17.84726131,16.69335064,-48.98012903,-1.414,1.878,-0.807,0.514807953,0.957,48317.0588,116.5417199,48317.0588,116.5417199,969.5,
beltzvilleCombined,1324,,,,,,,,5.817712676,-33.03628599,84.75838595,74.22584669,51.64508492,-4.836408637,-41.02741295,44.69173343,79.10730824,96.2542134,119.7760534,24.02962849,3.561012047,-42.37984271,49.72743548,1.878,-0.807,79.05568452,0.768451931,48317.0588,116.5417199,48317.0588,116.5417199,969.5,
beltzvilleCombined,1325,,,,,,,,-3.210505328,4.229297239,67.18774189,59.65462574,65.5421258,5.596326953,-43.1246246,14.86613447,27.8390708,51.66696673,178.7427451,83.29563319,59.45891748,-32.41106735,32.21149932,1.878,-0.807,90.93252926,0.070362777,48317.0588,116.5417199,48317.0588,116.5417199,969.5,
beltzvilleCombined,1326,,,,,,,,-3.790724799,5.21,69.16573444,58.32402575,69.49904083,-2.679841813,-43.99851929,19.29121602,28.22548318,50.96906799,239.8964838,1.220874818,58.43016218,-44.64654374,11.61059582,1.878,-0.807,39.74898548,0.400041446,48317.0588,116.5417199,48317.0588,116.5417199,969.5,
beltzvilleCombined,1327,,,,,,,,-10.95,-20.89495727,73.68695024,69.77324101,55.40763338,7.468676821,-43.25465732,39.14385834,69.32823649,53.09851569,223.6677476,27.81996621,28.81321516,-0.744623383,55.46851881,1.878,-0.807,81.77807632,0.855925689,48317.0588,116.5417199,48317.0588,116.5417199,969.5,
beltzvilleCombined,1328,,,,,,,,-9.886522784,-18.27600876,77.7468088,63.79657062,57.0094003,0.386733696,-37.19941299,36.64668718,98.23781436,70.90755063,170.6384598,77.58780307,29.70143338,-33.56207824,63.516,1.878,-0.807,42.33602211,0.443740149,48317.0588,116.5417199,48317.0588,116.5417199,969.5,
beltzvilleCombined,1329,,,,,,,,-1.568366527,5.21,64.64080545,55.88822112,62.3727748,4.429091534,-45.21,26.42682944,24.3508084,53.10692949,171.7986839,12.51339648,48.72357056,-40.04120376,18.43987107,1.878,-0.807,97.625,0.437870977,48317.0588,116.5417199,48317.0588,116.5417199,969.5,
beltzvilleCombined,1330,,,,,,,,-10.95,-3.12784768,72.55712439,66.49420022,69.10352206,-0.302732951,-37.83935406,19.38716822,29.87615399,57.22471326,173.158392,18.99210588,35.40469476,-41.59573598,11.69495215,1.878,-0.807,92.45933156,0.805687009,48317.0588,116.5417199,48317.0588,116.5417199,969.5,
beltzvilleCombined,1331,,,,,,,,-3.588970281,4.525813626,70.73030385,62.48304397,69.27825621,0.350152751,-45.21,2.750061457,22.14499696,56.16397562,181.6114289,84.7844,36.92659681,-34.68630475,15.05681287,1.878,-0.807,87.12249503,0.623497901,48317.0588,116.5417199,48317.0588,116.5417199,969.5,
beltzvilleCombined,1332,,,,,,,,-1.670711878,4.691639218,75.95634585,57.14229676,67.7590087,2.525836173,-45.20195948,15.58469407,15.20574305,50.08667245,190.4599415,84.7844,52.56066008,-35.66279465,25.86618782,1.878,-0.807,93.47978603,0.289949871,48317.0588,116.5417199,48317.0588,116.5417199,969.5,
beltzvilleCombined,1333,,,,,,,,-8.86211723,-20.89446729,74.09339457,67.78979419,57.33022134,9.647105423,-40.50290821,40.96165942,86.84340392,64.53896853,167.3515034,33.35192762,28.74868117,-12.2438026,61.39202574,1.878,-0.807,81.91387551,0.855630537,48317.0588,116.5417199,48317.0588,116.5417199,969.5,
beltzvilleCombined,1334,,,,,,,,-3.62723269,4.943910361,67.39645036,60.78650864,70.42891807,-0.076803108,-45.21,3.602050349,18.97126739,60.58208788,181.8411962,84.7844,35.14620515,-36.04687568,19.02379202,1.878,-0.807,87.72780072,0.689849894,48317.0588,116.5417199,48317.0588,116.5417199,969.5,
beltzvilleCombined,1335,,,,,,,,-9.016052789,-14.56555351,75.99020864,64.78420868,56.0202959,8.60238335,-43.60182876,28.96275415,93.43659434,77.88638919,236.0503548,40.55482153,32.14318309,-35.44226657,59.15289707,1.878,-0.807,74.38210743,0.896561458,48317.0588,116.5417199,48317.0588,116.5417199,969.5,
beltzvilleCombined,1336,,,,,,,,59.7531641,-25.17797136,64.04305046,75.81447147,64.03934863,-0.406076062,-10.63711906,61.48886944,65.9476309,74.1586037,188.5598643,54.69129062,3.177323307,-17.21255177,62.74222818,1.878,-0.807,19.22929207,0.616391005,48317.0588,116.5417199,48317.0588,116.5417199,969.5,
beltzvilleCombined,1337,,,,,,,,-3.346807049,4.565604969,71.97122362,58.34638498,71.13421067,5.449120195,-44.77600495,9.762760122,10.03228393,48.49556608,178.7085215,83.54644552,61.85886768,-39.25448139,30.79459372,1.878,-0.807,97.02868688,0.555309336,48317.0588,116.5417199,48317.0588,116.5417199,969.5,
beltzvilleCombined,1338,,,,,,,,-1.98542115,4.293937212,64.17386744,55.82080096,63.26622505,-3.06339231,-38.43845444,19.47976958,26.52886117,94.66915849,173.6687551,4.538396738,48.16639477,-42.35736349,12.29176698,1.878,-0.807,57.93855323,0.30769214,48317.0588,116.5417199,48317.0588,116.5417199,969.5,
beltzvilleCombined,1339,,,,,,,,1.173446497,5.21,64.52506763,61.66935457,60.96073422,-2.788662574,-31.20699362,24.43149164,15.30536571,56.15504205,173.9164336,26.54702161,50.76826367,-33.53902452,13.69438018,1.878,-0.807,93.30725871,0.515880875,48317.0588,116.5417199,48317.0588,116.5417199,969.5,
beltzvilleCombined,1340,,,,,,,,0.790300132,5.060634319,63.65735568,62.20898112,63.13713156,7.656286181,-32.46888802,49.01075945,8.749917005,49.05163495,187.2580466,22.49997574,56.87924898,-43.85433094,61.48530113,1.878,-0.807,84.48372301,0.383482634,48317.0588,116.5417199,48317.0588,116.5417199,969.5,
beltzvilleCombined,1341,,,,,,,,-10.95,-12.83955642,83.79314053,57.14291428,61.36661124,6.207859395,-24.74182335,8.27059608,90.31266661,100,234.1618895,46.53179947,14.82963928,-36.05942588,61.73042627,1.878,-0.807,58.37482591,0.957,48317.0588,116.5417199,48317.0588,116.5417199,969.5,
beltzvilleCombined,1342,,,,,,,,-2.542844695,5.151919109,75.59597871,36.46834712,73.36705026,2.938132146,-43.8278686,6.431857164,14.83255833,53.32753006,182.6988138,82.76019671,61.40375267,-4.287285488,17.2013951,1.878,-0.807,97.625,0.56217005,48317.0588,116.5417199,48317.0588,116.5417199,969.5,
beltzvilleCombined,1343,,,,,,,,-4.228609494,4.561329566,73.53788029,55.87805669,75.81792602,9.154598153,-45.21,2.233555965,0,54.66712506,174.0331603,84.7844,66.74479251,-36.49726472,18.75887395,1.878,-0.807,97.625,0.374593969,48317.0588,116.5417199,48317.0588,116.5417199,969.5,
beltzvilleCombined,1344,,,,,,,,11.17693771,-17.8471051,62.36592339,28.8982666,81.81738658,-4.310632123,-3.360295099,83.46123706,53.04554436,51.46479246,-0.038788018,12.9658177,5.961092555,-25.29770511,0.361122328,1.878,-0.807,0.565196667,0.071041347,48317.0588,116.5417199,48317.0588,116.5417199,969.5,
beltzvilleCombined,1345,,,,,,,,-7.352459387,5.21,66.26559919,59.16267216,66.57202087,10.00409626,-8.931050838,18.36855282,20.08120804,54.78378628,177.4776551,82.5388934,65.03026618,-43.95744216,23.71388506,1.878,-0.807,97.625,0.072836131,48317.0588,116.5417199,48317.0588,116.5417199,969.5,
beltzvilleCombined,1346,,,,,,,,1.732509793,5.21,65.34220417,55.66883082,62.31990522,-6.491551806,-43.77728278,24.16937476,61.16651019,34.1628972,183.9255753,68.59866921,55.56035832,-35.91421246,28.53230582,1.878,-0.807,89.65159662,0.446500444,48317.0588,116.5417199,48317.0588,116.5417199,969.5,
beltzvilleCombined,1347,,,,,,,,-2.382661495,2.907559349,68.94498892,57.74234008,61.07974244,7.014053034,-30.59095513,41.92911531,21.06007204,51.33508253,176.041923,27.29791923,46.84047068,-45.58494072,55.39140684,1.878,-0.807,83.84351317,0.705906055,48317.0588,116.5417199,48317.0588,116.5417199,969.5,
beltzvilleCombined,1348,,,,,,,,-3.267519018,5.21,62.13924941,41.58938897,47.15461541,-14.04232084,-34.03122832,25.16500666,40.15332062,36.66956146,220.9526597,30.51722335,62.89545332,-46.75400036,-1.386789943,1.878,-0.807,95.46965822,0.30537224,48317.0588,116.5417199,48317.0588,116.5417199,969.5,
beltzvilleCombined,1349,,,,,,,,-10.95,-22.64131551,73.17511095,70.41829924,57.14868253,10.48037336,-41.12496066,40.56762738,66.03938599,67.91419874,235.7342134,23.87852816,30.75933872,-7.857898441,61.47363407,1.878,-0.807,13.91300984,0.946920086,48317.0588,116.5417199,48317.0588,116.5417199,969.5,
beltzvilleCombined,1350,,,,,,,,-10.95,-20.88121406,74.80032973,70.2240853,59.67499299,7.497680593,-41.47598648,39.93388203,60.79277819,63.51352375,229.5503739,40.44592981,25.24487397,-12.82220322,51.21617704,1.878,-0.807,77.17056878,0.879983386,48317.0588,116.5417199,48317.0588,116.5417199,969.5,
beltzvilleCombined,1351,,,,,,,,-10.95,-44.29,85.02936675,73.73783756,52.57779005,10.29335074,-27.64569065,25.88128138,4.025751041,84.87367289,161.5503085,79.52495934,-1.2104,-33.08956654,23.58358931,1.878,-0.807,5.949444139,0.923904381,48317.0588,116.5417199,48317.0588,116.5417199,969.5,
beltzvilleCombined,1352,,,,,,,,-0.258966904,5.200624005,65.23973664,55.24176665,61.69363594,-5.348711347,-44.07649406,25.34308973,9.840770073,33.9605884,173.6042054,73.24977245,55.86785656,-48.72913516,6.637385033,1.878,-0.807,93.07902835,0.643131522,48317.0588,116.5417199,48317.0588,116.5417199,969.5,
beltzvilleCombined,1353,,,,,,,,-10.85838069,-44.29,84.79999374,79.24,67.29568789,9.251252815,-44.43551671,44.47760764,73.83470162,65.46434541,240.9161,84.7844,-1.2104,0.4454,32.30731175,1.878,-0.807,32.79757058,0.877077903,48317.0588,116.5417199,48317.0588,116.5417199,969.5,
beltzvilleCombined,1354,,,,,,,,-2.067214345,5.21,65.33738982,57.67180686,64.56365839,-3.956158501,-36.68343608,24.2053277,6.174142842,51.90407116,164.1736414,24.02644303,46.2354931,-16.78551327,7.164480168,1.878,-0.807,95.37638865,0.47962399,48317.0588,116.5417199,48317.0588,116.5417199,969.5,
beltzvilleCombined,1355,,,,,,,,-2.310099854,5.21,65.21757233,57.9320872,66.4032004,-4.304337007,-37.47893082,26.33339215,69.66464138,45.14705837,166.8728574,82.83318841,51.74051989,-17.12306349,41.05870065,1.878,-0.807,91.97961924,0.527658259,48317.0588,116.5417199,48317.0588,116.5417199,969.5,
beltzvilleCombined,1356,,,,,,,,-8.160271367,-18.72924939,73.66159469,67.7712088,57.75083308,10.4967229,-36.50180686,40.52126494,68.58198419,62.92818691,166.9314869,30.78008148,29.73761913,-10.4154723,59.30176018,1.878,-0.807,84.43542307,0.835174334,48317.0588,116.5417199,48317.0588,116.5417199,969.5,
beltzvilleCombined,1357,,,,,,,,-5.741696939,5.21,65.46350207,56.45185277,62.12824108,-7.999976039,-39.93063519,22.71814914,8.592734697,67.35415265,187.1289651,17.85347196,57.67688773,-47.51370135,10.01365219,1.878,-0.807,87.97359847,0.739115447,48317.0588,116.5417199,48317.0588,116.5417199,969.5,
beltzvilleCombined,1358,,,,,,,,-8.609680255,-21.24851832,71.9938994,68.88143119,58.32398498,10.73589649,-41.16761785,42.98407583,65.70515171,61.87827195,225.9282942,27.37435162,31.67923344,-10.51931227,57.35880668,1.878,-0.807,82.95357699,0.89306856,48317.0588,116.5417199,48317.0588,116.5417199,969.5,
beltzvilleCombined,1359,,,,,,,,-2.07799006,2.503957945,68.92252528,58.62803391,61.68745243,-4.605073666,-38.70874334,20.62405498,24.01949896,50.43557805,188.3799913,73.86741229,50.6078026,-41.33587609,25.14573622,1.878,-0.807,91.91734843,0.673914353,48317.0588,116.5417199,48317.0588,116.5417199,969.5,
beltzvilleCombined,1360,,,,,,,,-1.314286762,2.74535283,66.42204289,58.25671888,63.24272557,-3.082932055,-38.69976545,14.22083553,29.31436369,61.38865759,189.8358859,78.47338058,33.25523497,-38.86162187,22.32811334,1.878,-0.807,85.54057676,0.711520808,48317.0588,116.5417199,48317.0588,116.5417199,969.5,
beltzvilleCombined,1361,,,,,,,,-10.95,-33.02987573,100,69.40268605,56.66124949,11.16,-13.98857334,4.089288982,0,100,96.33190472,10.58401255,15.93026404,-52.3545,-1.414,1.878,-0.807,0,0.957,48317.0588,116.5417199,48317.0588,116.5417199,969.5,
beltzvilleCombined,1362,,,,,,,,1.839456728,5.21,63.92701394,60.62597604,60.23912048,-3.805429371,-30.5067068,25.85571088,14.8076697,61.25517907,175.9177101,22.13816134,51.79329151,-48.91655818,13.36491085,1.878,-0.807,94.96998579,0.533100716,48317.0588,116.5417199,48317.0588,116.5417199,969.5,
beltzvilleCombined,1363,,,,,,,,-6.163275393,5.21,70.83319108,57.44808318,64.90237525,-3.060919235,-39.63375958,10.78319315,42.96088237,47.97724335,181.2507465,84.7844,62.13559843,-38.1787603,13.77561628,1.878,-0.807,85.15233477,0.745744983,48317.0588,116.5417199,48317.0588,116.5417199,969.5,
beltzvilleCombined,1364,,,,,,,,-4.075153525,5.21,71.7461313,63.13720776,69.04949217,-1.171459575,-44.74966428,2.807320156,24.27862414,55.86368893,182.6007343,84.2371573,37.30707154,-36.34940453,15.33188868,1.878,-0.807,89.28713582,0.627197022,48317.0588,116.5417199,48317.0588,116.5417199,969.5,
beltzvilleCombined,1365,,,,,,,,-6.887004596,-6.321174524,71.87441079,67.37145039,64.48420894,-0.993151779,-41.79110401,26.4064764,21.30154397,54.39477961,237.1568493,36.85938793,22.41643851,-40.93189089,14.62760418,1.878,-0.807,89.78439055,0.634151681,48317.0588,116.5417199,48317.0588,116.5417199,969.5,
beltzvilleCombined,1366,,,,,,,,3.736198438,5.21,62.61217345,57.66666471,63.54271622,-4.981522981,-23.88432381,25.14855236,0,54.95442437,165.6481167,22.21101118,52.90887299,-46.67037578,11.72062008,1.878,-0.807,96.95194294,0.764582968,48317.0588,116.5417199,48317.0588,116.5417199,969.5,
beltzvilleCombined,1367,,,,,,,,-6.444579401,3.991245772,65.76063018,60.92355221,63.06006298,-7.762305696,-42.09413567,21.00416015,14.25398219,56.95004164,172.4340718,21.40938925,48.07881402,-48.08512512,8.920827805,1.878,-0.807,93.29032198,0.58803365,48317.0588,116.5417199,48317.0588,116.5417199,969.5,
beltzvilleCombined,1368,,,,,,,,-5.550882556,5.21,64.44789421,53.90968678,60.20506963,-11.93374715,-36.77862789,29.81196307,87.01212578,64.42527038,157.4895999,27.26350771,49.40571384,-52.3545,7.480617945,1.878,-0.807,87.51947906,0.310753641,48317.0588,116.5417199,48317.0588,116.5417199,969.5,
beltzvilleCombined,1369,,,,,,,,1.896642436,5.21,65.14294491,55.97581649,62.26043932,-7.492576314,-44.47909767,21.55815363,62.37317461,31.25773559,185.0274032,70.3316846,57.674762,-36.82635942,28.9829362,1.878,-0.807,91.1286536,0.438486191,48317.0588,116.5417199,48317.0588,116.5417199,969.5,
beltzvilleCombined,1370,,,,,,,,-6.432756383,3.755350194,65.64606505,60.61431346,62.2560397,-9.294692196,-44.0870548,21.29053411,12.02511307,57.0186249,170.9472254,16.09078258,47.83365773,-49.99051127,8.589350265,1.878,-0.807,95.39474351,0.640368844,48317.0588,116.5417199,48317.0588,116.5417199,969.5,
beltzvilleCombined,1371,,,,,,,,-7.175198958,5.21,63.66283776,60.23677868,63.66924578,-11.06093098,-42.28809819,19.8169536,10.42283661,56.08983924,166.1600999,15.27849598,51.80312582,-52.3545,5.303801032,1.878,-0.807,95.34999626,0.600729038,48317.0588,116.5417199,48317.0588,116.5417199,969.5,
beltzvilleCombined,1372,,,,,,,,-3.573156297,4.86238429,70.28501554,62.30521225,72.53556662,7.183168988,-45.21,17.82188869,0,59.75148648,173.2988692,83.67788985,58.35012857,-8.483970441,21.51780173,1.878,-0.807,97.625,0.613867289,48317.0588,116.5417199,48317.0588,116.5417199,969.5,
beltzvilleCombined,1373,,,,,,,,-9.232104403,-20.6753092,72.89027982,68.9490431,57.97188603,9.132030264,-40.74689387,40.99862515,64.84401826,63.69286074,225.7650672,26.54861552,30.8615296,-11.4626775,57.31890343,1.878,-0.807,21.96572319,0.882852797,48317.0588,116.5417199,48317.0588,116.5417199,969.5,