reservoir,policy_id,storage_x1,storage_x2,storage_theta1,storage_theta2,storage_theta3,inflow_x1,inflow_x2,inflow_theta1,inflow_theta2,inflow_theta3,season_x1,season_x2,season_theta1,season_theta2,season_theta3,GRanD_CAP_MG,GRanD_MEANFLOW_MGD,Adjusted_CAP_MG,Adjusted_MEANFLOW_MGD,Max_release,Release_max,Release_min
fewalter,0,0.087741652,0.514780554,0.014051505,1.562754871,1.334918933,0.04914664,0.547748223,0.144141715,1.558540713,-1.065676423,0.360014838,0.506096761,-1.312884374,-0.694950583,-0.530367233,,,35800,137.23,1292.6,1.774,-0.804
fewalter,1,0.120394978,0.771190304,-0.127864913,1.561646794,1.035246827,0.056136463,0.860261201,0.164573361,1.5707855,-1.290392746,0.07546329,0.572595695,0.130335007,-1.457946664,0.770043591,,,35800,137.23,1292.6,1.774,-0.804
fewalter,2,0.115643954,0.552451729,-0.125407991,1.531534814,-0.486375059,0.011529977,0.857226533,0.279856236,1.517861435,1.551696032,0.077393568,0.500348032,0.145414253,0.76362116,-0.88497315,,,35800,137.23,1292.6,1.774,-0.804
fewalter,3,0.124638298,0.766283895,-0.906108812,1.567980441,0.109157035,0.049747046,0.96123304,0.328997174,1.566517613,0.240566407,0.077598466,0.568198905,0.123812151,-1.491634597,0.828373308,,,35800,137.23,1292.6,1.774,-0.804
fewalter,4,0.11434569,0.5,-1.288873051,1.565982386,0.078137752,0.036182955,0.705970036,1.294603772,1.536832756,0.503661512,0.224983485,0.576974082,-1.124291443,-0.506706273,-0.812812265,,,35800,137.23,1292.6,1.774,-0.804
fewalter,5,0.11434569,0.5,-0.214620896,1.565982386,0.677189702,0.036182955,0.693474738,0.237201162,1.536862668,1.368280245,0.079571403,0.509008942,-1.124793036,-0.506706273,-0.811272267,,,35800,137.23,1292.6,1.774,-0.804
fewalter,6,0.122342649,0.760826633,-0.155008414,1.569561561,0.040217923,0.017491911,0.793562098,0.359529804,1.542254097,1.40195715,0.090296616,0.517994601,-0.79615589,-0.464350747,-0.886013537,,,35800,137.23,1292.6,1.774,-0.804
fewalter,7,0.114689713,0.755757167,-0.03463057,1.546038262,0.311504388,0.011239323,0.819433189,0.312004602,1.514645341,1.570796327,0.055321757,0.617893033,-1.318301636,0.559056763,-0.581275917,,,35800,137.23,1292.6,1.774,-0.804
fewalter,8,0.11434569,0.5,0.752217529,1.565978408,0.561840657,0.031186032,0.705970036,0.196838845,1.536832756,1.407154367,0.061204627,0.577196692,-1.124291443,-0.506706273,-0.776370574,,,35800,137.23,1292.6,1.774,-0.804
fewalter,9,0.120531052,0.763024089,0.436438499,1.560587286,0.142081712,0.006298199,0.857277167,-1.298303607,1.521545136,1.494493664,0.087704359,0.515844567,-1.052259094,-1.490271039,1.389048575,,,35800,137.23,1292.6,1.774,-0.804
fewalter,10,0.114817489,0.540440673,-0.07513171,1.560375664,0.613420742,0.01253036,0.865593669,0.221512284,1.520915629,1.505497804,0.07114839,0.586183543,-0.811110923,-0.337740511,0.852681629,,,35800,137.23,1292.6,1.774,-0.804
fewalter,11,0.115801914,0.778649279,-0.120573261,1.532728002,-0.459842988,0.011529977,0.857226533,0.283819004,1.518041898,1.551696032,0.069614566,0.502012713,-1.296977546,0.964966077,-0.88497315,,,35800,137.23,1292.6,1.774,-0.804
fewalter,12,0.120393509,0.784129899,-0.137367023,1.560664641,0.110459543,0.012760282,0.864794265,0.133716646,1.521693704,0.534023783,0.003527761,0.592421247,-1.055703025,-0.355891074,0.883816807,,,35800,137.23,1292.6,1.774,-0.804
fewalter,Best Release NSE,0.217553734,0.556535224,-0.332008738,1.563820438,-0.456259616,0.331321967,0.768568888,0.797750416,1.36855251,0.820299164,0.496995241,0.628160163,-1.513166111,0.244782415,-1.088501405,,,35800,137.23,1292.6,1.774,-0.804
fewalter,14,0.107904821,0.73999799,-0.291714601,1.559671633,0.475278257,0.041565785,0.663919205,-0.937707069,1.560716411,0.662782757,0.324803959,0.618733788,-0.944349294,-1.478606683,-0.455684343,,,35800,137.23,1292.6,1.774,-0.804
fewalter,15,0.065187123,0.545734398,-0.947619282,1.47739057,1.533558688,0.013247713,0.798555592,-1.447356008,1.55226465,-1.545649352,0.30926652,0.621441094,0.749409964,1.002383899,-1.485736661,,,35800,137.23,1292.6,1.774,-0.804
fewalter,16,0.082011042,0.851329967,-0.979026456,1.52477149,0.097114504,0.013483601,0.974368375,0.5693263,1.535681085,-0.849669252,0.358618749,0.517744794,1.160608669,0.832483073,-1.364027884,,,35800,137.23,1292.6,1.774,-0.804
fewalter,17,0.086731411,0.556153375,-0.273147057,1.533584522,-0.241489523,0.007816161,0.62454138,-0.320509073,1.528427202,-1.072661113,0.495829561,0.659298617,-0.6926086,0.573549152,0.165886202,,,35800,137.23,1292.6,1.774,-0.804
fewalter,18,0.07998568,0.845072908,-1.237995862,1.555212494,-1.442922352,0.007699204,0.901128937,0.106664377,1.526647584,1.050715735,0.352538002,0.761574733,-1.144750216,0.570896536,-0.596521089,,,35800,137.23,1292.6,1.774,-0.804
fewalter,19,0.144652816,0.666198501,0.141275157,1.501289753,0.971237595,0.007867086,0.538078786,0.779185851,1.492343188,-1.221607591,0.075380089,0.720590481,0.841830476,-0.69858994,1.510941874,,,35800,137.23,1292.6,1.774,-0.804
fewalter,20,0.191740784,0.846450997,-0.945019241,1.343249933,0.019383145,0.007613052,0.90060463,0.080324758,1.481331931,-0.44722801,0.256566318,0.919337907,1.026749841,-0.710349945,-0.701129719,,,35800,137.23,1292.6,1.774,-0.804
fewalter,21,0.191740784,0.846450997,-0.945019241,1.343249933,0.019383145,0.007613052,0.90060463,0.978604868,1.481331931,-0.44722801,0.256566318,0.616665397,1.026749841,-0.710349945,-0.701129719,,,35800,137.23,1292.6,1.774,-0.804
fewalter,22,0.191740784,0.847821197,-0.945019241,1.335101679,-1.362822866,0.007613052,0.90060463,0.102067428,1.48119107,-0.44722801,0.256566318,0.961253172,1.026749841,-0.710349945,-0.517356812,,,35800,137.23,1292.6,1.774,-0.804
fewalter,23,0.144652816,0.557365962,-0.287036476,1.501289753,-0.053914072,0.007867086,0.667467567,0.800220374,1.492343188,-1.221607591,0.089912105,0.720590481,0.841830476,-0.69858994,1.510941874,,,35800,137.23,1292.6,1.774,-0.804
fewalter,24,0.135491539,0.913277472,-1.148262979,1.492101326,-0.078520213,0.007859958,0.683421414,-0.26149768,1.509110399,-1.3324071,0.212325638,0.766632236,-1.146773935,0.677251679,0.729482219,,,35800,137.23,1292.6,1.774,-0.804
fewalter,25,0.082011042,0.851329967,-0.979026456,1.526196978,0.097114504,0.013483601,0.972815176,-0.410141778,1.535681085,-0.849669252,0.358618749,0.589522157,1.160608669,0.629153733,-1.364027884,,,35800,137.23,1292.6,1.774,-0.804
fewalter,26,0.191740784,0.846450997,-0.989285937,1.343249933,-1.42681527,0.007613052,0.839160632,0.645015743,1.481331931,-0.174060559,0.256004736,0.862591133,1.026749841,-0.710349945,-0.701129719,,,35800,137.23,1292.6,1.774,-0.804
fewalter,27,0.058360079,0.533573791,-0.746706668,1.530868972,-1.305052035,0.013309057,0.597281382,1.164206317,1.545424612,-0.872520615,0.107550249,0.727699096,0.344106697,0.731419827,-1.543061374,,,35800,137.23,1292.6,1.774,-0.804
fewalter,28,0.192775007,0.575999787,-0.957526269,1.493383829,0.019383145,0.008391886,0.896322872,0.050373338,1.509587332,-0.41045417,0.244941046,0.802289287,1.055369953,-0.710349945,-1.41146916,,,35800,137.23,1292.6,1.774,-0.804
fewalter,29,0.081966134,0.528577115,-0.274514593,1.505723172,-1.461125954,0.007734672,0.874385897,0.144437583,1.525211738,-0.970499523,0.250860566,0.809744013,0.153149552,-1.073648903,-0.593476842,,,35800,137.23,1292.6,1.774,-0.804
fewalter,30,0.191740784,0.846475517,-0.945019241,1.500058677,-0.08096288,0.007613052,0.90060463,0.080324758,1.498561135,-0.546756105,0.259606668,0.950509948,1.026749841,-0.725215646,0.780475701,,,35800,137.23,1292.6,1.774,-0.804
fewalter,31,0.07998568,0.845072908,-1.261823951,1.551008592,-1.447024129,0.007712621,0.581156533,0.106664377,1.526647584,1.050715735,0.232441929,0.761574733,-1.144750216,0.570896536,-0.596521089,,,35800,137.23,1292.6,1.774,-0.804
fewalter,32,0.192775007,0.575999787,-0.282513233,1.493383829,0.019383145,0.007673157,0.682981541,0.050373338,1.509587332,-0.510819292,0.244941046,0.802289287,1.055369953,-0.722962461,-1.41146916,,,35800,137.23,1292.6,1.774,-0.804
fewalter,33,0.18736514,0.846450997,-0.945019241,1.343249933,0.019383145,0.007613052,0.897726479,0.080324758,1.481693437,-0.44722801,0.256566318,0.916168858,1.026749841,-0.710349945,-0.701129719,,,35800,137.23,1292.6,1.774,-0.804
fewalter,34,0.138215688,0.822011398,0.020428632,1.52450367,-1.301993017,0.007787679,0.68154675,-1.303226176,1.510136202,-0.345230504,0.160678201,0.724923288,-0.651464781,0.543441727,-1.526483137,,,35800,137.23,1292.6,1.774,-0.804
fewalter,35,0.090762335,0.816127676,-1.167915462,1.492101326,0.166000179,0.007859958,0.674377849,-0.264200323,1.507454176,-0.966625673,0.173300857,0.812809975,-1.187386273,0.552878055,0.729482219,,,35800,137.23,1292.6,1.774,-0.804
fewalter,36,0.088806789,0.827116795,-0.669285028,1.504270451,0.196039954,0.007699205,0.900025002,0.111960012,1.526622751,1.410393849,0.359612474,0.762628125,-1.136079526,-1.138678236,-0.586180565,,,35800,137.23,1292.6,1.774,-0.804
fewalter,37,0.066044202,0.649324028,-1.483707795,1.510250106,-1.346904044,0.016295672,0.737232951,1.403643562,1.511022442,-0.123571942,0.365508018,0.80886657,-0.654380982,-1.306921215,1.528970404,,,35800,137.23,1292.6,1.774,-0.804
fewalter,38,0.097515159,0.520957667,-1.172772254,1.492274309,-0.554905246,0.007859958,0.683421414,0.107118573,1.50929822,-1.3324071,0.212325638,0.762772772,-1.146773935,0.623174745,0.728767165,,,35800,137.23,1292.6,1.774,-0.804
fewalter,39,0.07998568,0.845011125,-1.237662736,1.486863174,-1.427989461,0.007723308,0.901128937,0.106664377,1.526647584,-0.568250704,0.352538002,0.76214653,-1.147119384,0.570896536,1.102921391,,,35800,137.23,1292.6,1.774,-0.804
fewalter,40,0.058848268,0.686750289,-0.949364172,1.516295878,-1.386630085,0.014239292,0.676683699,0.111483091,1.54539939,-0.596840884,0.340761057,0.587881915,0.125298833,0.771808512,-1.036409561,,,35800,137.23,1292.6,1.774,-0.804
fewalter,41,0.077675158,0.845011125,-0.946375531,1.321901852,-1.41908204,0.007699204,0.901120811,0.10669867,1.526647584,-0.518386527,0.352538002,0.761574733,-1.144750216,-0.749746165,1.102921391,,,35800,137.23,1292.6,1.774,-0.804
fewalter,42,0.08308693,0.789453459,-0.27027413,1.533584522,-0.060730698,0.007816161,0.673405076,-0.501515024,1.524452012,0.892408274,0.494509359,0.810557213,-0.633872265,0.57952269,1.315163918,,,35800,137.23,1292.6,1.774,-0.804
fewalter,43,0.191740784,0.846640859,-0.945044075,1.343249933,0.019383145,0.007613052,0.900592042,0.107738344,1.481331931,-0.446590929,0.256566318,0.927434253,1.026749841,-0.708026162,-0.706348008,,,35800,137.23,1292.6,1.774,-0.804
fewalter,44,0.113399019,0.796218857,-0.041372684,1.508506223,-1.292915881,0.01028207,0.679743258,-1.22560199,1.513366422,-0.342731198,0.157348562,0.694982236,-0.695735138,0.562509619,-1.46536248,,,35800,137.23,1292.6,1.774,-0.804
fewalter,45,0.191740784,0.846450997,-0.946040906,1.343249933,-1.3867567,0.007613052,0.922122469,0.080324758,1.481331931,-0.44722801,0.256566318,0.919337907,1.026749841,-0.710349945,-0.701129719,,,35800,137.23,1292.6,1.774,-0.804
fewalter,46,0.090762335,0.816127676,-1.167915462,1.492101326,0.166174865,0.007866117,0.998581207,-0.264200323,1.507454176,-0.966625673,0.172827724,0.813886788,-1.187386273,0.552878055,0.739220377,,,35800,137.23,1292.6,1.774,-0.804
fewalter,47,0.145816594,0.658093622,-0.185218632,1.492101326,-0.078520213,0.007877698,0.683008315,-0.246893174,1.509239435,-0.135560928,0.212325638,0.767223063,-1.146773935,0.677515974,0.718382194,,,35800,137.23,1292.6,1.774,-0.804
fewalter,48,0.119236225,0.906661148,0.019816436,1.533456011,-0.406073043,0.008797698,0.68009197,-0.397651119,1.510136202,-0.312870729,0.096821196,0.723896386,-0.700655382,1.256776245,-1.526357989,,,35800,137.23,1292.6,1.774,-0.804
fewalter,49,0.119606271,0.70556053,-0.045787341,1.497287038,0.109380205,0.011133303,0.856444585,0.499650178,1.509782646,1.422802487,0.089550412,0.571079679,-0.695736766,-0.369288637,0.870485174,,,35800,137.23,1292.6,1.774,-0.804
fewalter,50,0.120027448,0.773383875,-0.137367023,1.568848013,0.552724524,0.01414732,0.864794265,-1.044309205,1.52146938,-1.01053016,0.075437819,0.524921984,-1.055703025,-0.354259323,0.818155894,,,35800,137.23,1292.6,1.774,-0.804
fewalter,51,0.138132254,0.545436402,0.423778411,1.544022308,0.521309533,0.009337952,0.770029905,0.281068844,1.505423694,1.554847133,0.181627481,0.520162952,0.48150868,-1.480264933,1.458115137,,,35800,137.23,1292.6,1.774,-0.804
fewalter,52,0.107069487,0.774788841,-1.273263863,1.543541418,-1.243888999,0.011606768,0.857287499,0.34547757,1.517861435,1.540893956,0.062794005,0.595457023,0.475730413,-0.482880484,0.824399819,,,35800,137.23,1292.6,1.774,-0.804
fewalter,53,0.115643954,0.774811519,-0.122954664,1.531534814,0.293602766,0.011643269,0.872189248,-0.663650944,1.517608211,1.551850033,0.237134779,0.585807924,-0.537761867,0.725553072,-0.49421928,,,35800,137.23,1292.6,1.774,-0.804
fewalter,54,0.120923794,0.796282728,-0.147498468,1.559052232,1.055805335,0.013016795,0.861126108,0.215725558,1.514297284,-1.129038762,0.075437819,0.525159075,-1.055703025,-0.355891074,0.818155894,,,35800,137.23,1292.6,1.774,-0.804
fewalter,55,0.120219302,0.767231896,-0.416460253,1.48117352,0.524890941,0.01167503,0.866178588,0.451742897,1.516898223,1.541354586,0.064353873,0.584904926,-1.365295171,0.798303394,-0.907877189,,,35800,137.23,1292.6,1.774,-0.804
fewalter,56,0.117222235,0.706358669,-0.61308101,1.563912606,0.501608264,0.012270119,0.882580396,-1.303143009,1.515491574,0.900955448,0.072566538,0.524421259,0.777552498,-0.388967154,0.763578892,,,35800,137.23,1292.6,1.774,-0.804
fewalter,57,0.109878727,0.573941628,-1.368113801,1.532306084,0.385366317,0.01030895,0.819433189,-1.076165641,1.51536251,1.570796327,0.07859098,0.618009744,-1.200093994,0.559056763,-0.606965454,,,35800,137.23,1292.6,1.774,-0.804
fewalter,58,0.116199192,0.948200034,-0.149778712,1.456988144,-0.149793849,0.010530702,0.881465606,0.39889064,1.511368393,-1.358152232,0.077395446,0.526634352,-1.303164985,-0.421294968,0.953936759,,,35800,137.23,1292.6,1.774,-0.804
fewalter,59,0.11746226,0.884521179,-0.026421043,1.347783506,0.507188629,0.009856719,0.742703898,0.172342769,1.512326433,0.385564209,0.036719639,0.552778939,-0.963839793,-0.561053861,0.897022397,,,35800,137.23,1292.6,1.774,-0.804
fewalter,60,0.115231627,0.741785141,0.388146089,1.231565782,0.034431241,0.011304627,0.849806596,0.210093667,1.501283341,1.298110875,0.073373944,0.589858446,0.743707173,-0.555505595,1.537647662,,,35800,137.23,1292.6,1.774,-0.804
fewalter,61,0.123464679,0.552342555,-1.213284149,1.533926641,-0.357772414,0.009081452,0.886222051,1.243682994,1.501625224,1.529350172,0.443885151,0.595038535,-1.468309186,-0.562618357,1.505600912,,,35800,137.23,1292.6,1.774,-0.804
fewalter,62,0.126473062,0.780373156,0.781555752,1.529698544,-0.461385283,0.013432973,0.846888607,0.27212218,1.506528452,1.510893111,0.429992084,0.584273108,-0.491312387,-0.606032522,1.52983543,,,35800,137.23,1292.6,1.774,-0.804
fewalter,63,0.117127992,0.755757167,-0.050680656,1.528354818,0.001387153,0.01034642,0.866220338,0.313505657,1.506209238,1.482961217,0.082837485,0.551243432,-0.89783337,0.559056763,1.47598612,,,35800,137.23,1292.6,1.774,-0.804
fewalter,64,0.120704598,0.990317387,-0.147362212,1.497251118,0.287633771,0.009718166,0.864804939,0.330703954,1.509063834,-1.097077869,0.075437819,0.525298803,-1.055703025,-0.331727955,0.81883507,,,35800,137.23,1292.6,1.774,-0.804
fewalter,65,0.120961754,0.674256164,-0.152250364,1.561301557,-0.464378593,0.012580935,0.571570316,0.268262308,1.517952508,1.482278162,0.102084121,0.580592242,-0.677471646,-0.326208419,0.824363021,,,35800,137.23,1292.6,1.774,-0.804
fewalter,66,0.113026471,0.801724307,0.438303155,1.556921603,-0.416852971,0.011828609,0.871009709,0.388321644,1.516884015,1.359697828,0.072582303,0.501617893,-0.909563793,-0.50747155,1.469917318,,,35800,137.23,1292.6,1.774,-0.804
fewalter,67,0.1204491,0.990317387,-0.216703009,1.497251118,0.294015304,0.009718166,0.865977844,0.330703954,1.509063834,1.539665361,0.076001499,0.525298803,-1.079786548,-0.331936311,0.819397407,,,35800,137.23,1292.6,1.774,-0.804
fewalter,68,0.116768194,0.70524952,0.112739133,1.528848795,0.851781403,0.011190706,0.864758702,-0.178301802,1.509782646,1.292638899,0.087005658,0.547448529,-0.694043902,0.416416192,0.871998072,,,35800,137.23,1292.6,1.774,-0.804
fewalter,69,0.066942167,0.653338865,0.676467547,1.522358297,0.496201299,0.009607834,0.857524807,0.448967841,1.514391576,1.540822788,0.076477082,0.582796318,-0.617779895,0.510764621,-0.752414224,,,35800,137.23,1292.6,1.774,-0.804
fewalter,70,0.115235092,0.741785141,0.388146089,1.238253319,0.505677865,0.011304627,0.85006954,0.206980047,1.501152427,1.298110875,0.073373944,0.589858446,0.743707173,-0.600632769,1.537534467,,,35800,137.23,1292.6,1.774,-0.804
fewalter,71,0.11767303,0.788789988,0.773580435,1.531783976,0.490724418,0.009631828,0.792709684,-1.323916473,1.515125653,1.552552353,0.076138804,0.600752609,0.573320315,-1.388087547,0.758651267,,,35800,137.23,1292.6,1.774,-0.804
fewalter,72,0.123735649,0.79101767,0.395539479,1.552666447,0.287558566,0.008558514,0.863641183,0.255190282,1.501770363,1.545668646,0.43318387,0.565165705,-0.687302292,0.773433117,1.504752085,,,35800,137.23,1292.6,1.774,-0.804
fewalter,73,0.115643954,0.773925384,0.410097068,1.532474103,0.288902103,0.012843984,0.685496363,0.32325229,1.537721597,1.381619575,0.055798299,0.588799575,0.533888421,-0.362464844,1.536512116,,,35800,137.23,1292.6,1.774,-0.804
fewalter,74,0.110660854,0.993630354,0.423867553,1.460462319,0.146032171,0.009357159,0.791184438,1.312171259,1.501650295,1.467312343,0.104842489,0.58847309,0.669881022,-0.750686482,0.872791941,,,35800,137.23,1292.6,1.774,-0.804
fewalter,75,0.118826461,0.739675481,0.492934032,1.528755133,0.512939819,0.008121105,0.578411351,0.339306705,1.504465631,1.3602364,0.081906672,0.586515648,0.662131663,-0.423208824,1.54239904,,,35800,137.23,1292.6,1.774,-0.804
fewalter,76,0.116137678,0.804098819,-1.199243416,1.483749359,0.008757155,0.009552191,0.857281103,0.338006537,1.510404621,1.464386206,0.077373523,0.587255335,-1.278633609,0.686337346,-0.824366284,,,35800,137.23,1292.6,1.774,-0.804
fewalter,77,0.11746226,0.880815299,0.448633769,1.347783506,0.489028964,0.009856719,0.736345962,0.505892267,1.512326433,0.394857837,0.0375331,0.552778939,-0.961165211,-0.561053861,0.897022397,,,35800,137.23,1292.6,1.774,-0.804
fewalter,78,0.067431395,0.530015603,-0.288996902,1.481739498,-0.488686754,0.011827793,0.902349913,0.649671977,1.502701045,1.461392003,0.020759806,0.593047953,-1.504317665,0.742845343,1.534615076,,,35800,137.23,1292.6,1.774,-0.804
fewalter,79,0.1235175,0.551489747,0.453283137,1.458648964,0.681083855,0.009116227,0.897895152,0.288152427,1.501625224,1.529263479,0.294029408,0.597647582,-1.436199193,0.782777766,1.417983109,,,35800,137.23,1292.6,1.774,-0.804
fewalter,80,0.105732652,0.783814276,0.359449435,1.490920854,0.736095369,0.01117384,0.785738582,1.277542296,1.502555203,-1.335914687,0.20613704,0.599524829,-0.918097188,-0.37320567,1.003053635,,,35800,137.23,1292.6,1.774,-0.804
fewalter,81,0.138598702,0.537600037,0.423778411,1.478304816,0.520285758,0.009337952,0.861436429,0.281297247,1.505423694,1.554847133,0.181627481,0.520162952,0.488056944,-1.480264933,1.458115137,,,35800,137.23,1292.6,1.774,-0.804
fewalter,82,0.106591939,0.669021317,0.371359831,1.538502852,0.031712103,0.011314793,0.794213349,0.209325894,1.501193321,1.306956745,0.468418888,0.595030469,-1.155079968,0.82175007,1.554629794,,,35800,137.23,1292.6,1.774,-0.804
fewalter,83,0.121780397,0.653001451,0.589517452,1.450925245,0.577530446,0.008322393,1,0.474263344,1.497887806,1.570796327,0.076011666,0.59492147,0.691619484,-1.570796327,1.404484518,,,35800,137.23,1292.6,1.774,-0.804
fewalter,84,0.117599436,0.775298778,0.420706648,1.484427195,0.533885694,0.014182425,0.842567797,1.344606519,1.501656076,1.482603983,0.082005626,0.586270053,0.606374227,-0.669620969,0.838794965,,,35800,137.23,1292.6,1.774,-0.804
fewalter,85,0.118750421,0.926133473,0.795326353,1.532363324,0.479600892,0.012778942,0.792629901,0.251992704,1.492509034,-1.491104025,0.067400632,0.609064995,-1.404634058,0.766654423,1.545410462,,,35800,137.23,1292.6,1.774,-0.804
fewalter,86,0.120971546,0.784340277,-0.180196429,1.497087775,0.30781514,0.009399544,0.790858045,0.329325806,1.507410016,1.302660825,0.076685873,0.608975025,-0.681563895,-0.357230939,0.828279811,,,35800,137.23,1292.6,1.774,-0.804
fewalter,87,0.117954972,0.755821281,-0.105078108,1.539609726,0.086321759,0.01286941,0.868500764,1.282549335,1.514010156,-1.45441065,0.08866709,0.596886225,-1.29355754,0.800139968,1.555826507,,,35800,137.23,1292.6,1.774,-0.804
fewalter,88,0.121563594,0.692362688,-0.026421043,1.351239188,0.403611965,0.009776777,0.859433595,0.16302236,1.512326433,0.409140263,0.036719639,0.551921847,-0.492612637,-0.565665891,0.863494826,,,35800,137.23,1292.6,1.774,-0.804
fewalter,89,0.115359789,0.675463855,-1.310078604,1.560793825,-0.464378593,0.012764178,0.571570316,0.268262308,1.517952508,1.551166681,0.102084121,0.580592242,-0.677471646,-0.326208419,0.824363021,,,35800,137.23,1292.6,1.774,-0.804
fewalter,90,0.117066795,0.787378245,-0.217466178,1.495600629,0.682094708,0.010565143,0.863425211,0.460341335,1.506116518,1.564608268,0.193663686,0.650892976,-1.264800973,0.754345529,0.812967645,,,35800,137.23,1292.6,1.774,-0.804
fewalter,91,0.120971546,0.941220613,-0.152681087,1.478518681,0.045389569,0.00951658,0.788003677,0.319571818,1.507410016,1.298570178,0.076685873,0.60938768,-0.681563895,-0.323026775,0.828279811,,,35800,137.23,1292.6,1.774,-0.804
fewalter,92,0.11742695,0.782176023,-0.026222816,1.481588245,0.323432371,0.012150891,0.863362522,0.604223677,1.512511098,1.560678698,0.079211962,0.588522402,-1.034576761,0.604079758,-0.929028514,,,35800,137.23,1292.6,1.774,-0.804
fewalter,93,0.115437746,0.97800918,-0.744316427,1.552494689,0.789451569,0.008449251,0.866334055,0.281545279,1.504934752,1.471615387,0.076260706,0.569732063,-0.672881857,-0.372300935,0.7934006,,,35800,137.23,1292.6,1.774,-0.804
fewalter,94,0.121108815,0.682889141,-0.170134193,1.559007948,0.571573503,0.011639759,0.864730903,1.167802487,1.521475583,-1.017516947,0.077354396,0.597602397,-1.375566783,0.827453985,1.521289455,,,35800,137.23,1292.6,1.774,-0.804
fewalter,95,0.120194433,0.752497012,-0.035061241,1.482722759,0.430950022,0.012573375,0.866336094,0.257184471,1.518246784,0.898495353,0.070505011,0.584849078,0.632592163,-0.480996561,0.788856174,,,35800,137.23,1292.6,1.774,-0.804
fewalter,96,0.121075915,0.783783228,-0.038460099,1.568925198,0.129378035,0.012585166,0.838326168,0.168544096,1.5208733,1.43247056,0.070579162,0.524921984,-1.461796409,-0.334807476,0.816795003,,,35800,137.23,1292.6,1.774,-0.804
fewalter,97,0.119517078,0.672146351,-0.071153594,1.48217299,0.523082061,0.012483554,0.742657057,0.344507092,1.512368062,0.847191876,0.079266053,0.605411527,0.72558246,-0.533021278,0.897022397,,,35800,137.23,1292.6,1.774,-0.804
fewalter,98,0.106565505,0.774787529,0.407587837,1.562358295,1.268195239,0.011188588,0.854680698,0.169459304,1.518498489,1.549443682,0.07653986,0.57862103,-1.365193563,0.690737744,1.539417899,,,35800,137.23,1292.6,1.774,-0.804
fewalter,99,0.114689713,0.756465267,-0.050680656,1.528859502,0.310660789,0.010404235,0.863751753,0.313505657,1.514546452,1.552103375,0.069977902,0.552189249,-1.364425788,0.778395294,1.475492073,,,35800,137.23,1292.6,1.774,-0.804
fewalter,100,0.112061658,0.750835561,-0.041283453,1.525757523,0.133579895,0.01034642,0.895154276,-0.484274976,1.514645341,1.550030347,0.069186356,0.537925128,-1.210839208,0.559146426,1.431651328,,,35800,137.23,1292.6,1.774,-0.804
fewalter,101,0.111572141,0.638680359,0.536681438,1.558775059,0.203634087,0.0130532,0.5,-0.056283707,1.522147052,-1.570796327,0.046265123,0.583628194,0.907210213,-0.381499541,1.570796327,,,35800,137.23,1292.6,1.774,-0.804
fewalter,102,0.117078486,0.743481094,-0.195466856,1.480846757,0.859769955,0.011465374,0.856879899,0.220748311,1.510301825,1.448547694,0.077872164,0.892411755,0.74108749,-0.431313849,1.537647662,,,35800,137.23,1292.6,1.774,-0.804
fewalter,103,0.10760288,0.760930116,0.804738044,1.536827021,0.511766471,0.011225923,0.796144965,0.271101303,1.514754461,0.866447073,0.429835821,0.59674611,-0.55240567,0.417172193,1.532825722,,,35800,137.23,1292.6,1.774,-0.804
fewalter,104,0.107205165,0.779538558,0.551589746,1.558775059,0.490351111,0.012755921,0.868525209,0.056990273,1.52222406,0.912633376,0.046265123,0.584829219,0.643034235,-0.381499541,1.559150657,,,35800,137.23,1292.6,1.774,-0.804
fewalter,105,0.071850607,0.78229526,0.659779069,1.530960289,0.012929661,0.009622579,0.790968058,0.357153896,1.514970221,1.550992562,0.077268386,0.525237485,-0.629579819,0.510764621,-0.677081813,,,35800,137.23,1292.6,1.774,-0.804
fewalter,106,0.120362355,0.755821281,0.687651395,1.539609726,0.086321759,0.01286941,0.868500764,1.221199544,1.514010156,-1.45431705,0.08866709,0.596886225,-1.29355754,0.800139968,1.555826507,,,35800,137.23,1292.6,1.774,-0.804
fewalter,107,0.116476745,0.545436402,0.407833368,1.544022308,0.498522341,0.009337952,0.864733832,0.281068844,1.505423694,0.85200411,0.181627481,0.520162952,0.479675965,-1.480264933,1.458115137,,,35800,137.23,1292.6,1.774,-0.804
fewalter,108,0.116025596,0.7565269,-1.120174608,1.481136636,-0.479375165,0.011847325,0.762455488,0.336932861,1.505217184,1.512524199,0.084272876,0.589194273,0.618251969,-0.078184264,1.546904368,,,35800,137.23,1292.6,1.774,-0.804
fewalter,109,0.10438099,0.780134637,0.783233988,1.483057528,0.529930076,0.012531294,0.789959122,-1.174124173,1.521070305,-1.37223018,0.071110131,0.584400567,0.493854908,-0.615632321,0.814686151,,,35800,137.23,1292.6,1.774,-0.804
fewalter,110,0.112448714,0.757759537,-0.158251234,1.542029462,0.260508071,0.013643168,0.800348547,0.301557492,1.515276446,1.558834595,0.064679778,0.586374772,-1.365295171,0.77508396,-0.923815379,,,35800,137.23,1292.6,1.774,-0.804
fewalter,111,0.122943367,0.551371051,0.454444416,1.531485464,-0.357772414,0.008870542,0.873069639,0.450855382,1.501755402,1.24558156,0.443885151,0.589503759,-1.481550195,-0.566907507,1.510578694,,,35800,137.23,1292.6,1.774,-0.804
fewalter,112,0.106080584,0.780896404,-0.543146497,1.538520113,0.043039536,0.008128866,0.794276681,0.347229641,1.501193321,1.306956745,0.482605038,0.595030469,-1.155079968,0.82175007,1.554629794,,,35800,137.23,1292.6,1.774,-0.804
fewalter,113,0.120871244,0.794992998,0.628291719,1.490118442,0.127949581,0.012024489,0.878809134,0.343767964,1.513938839,1.515396297,0.080029703,0.600215896,-1.150719872,-1.339068973,0.782830944,,,35800,137.23,1292.6,1.774,-0.804
fewalter,114,0.117751447,0.784488373,0.401630702,1.54534547,0.290163198,0.011182241,0.785431398,1.253172523,1.500815125,-1.276603203,0.105789872,0.598805837,0.683087764,-0.743625308,0.994866757,,,35800,137.23,1292.6,1.774,-0.804
fewalter,115,0.114772779,0.754345768,0.561855522,1.559252279,0.586060695,0.011291983,0.5,-0.077963844,1.51466263,-1.570796327,0.055451051,0.583873934,-1.347344589,-0.381499541,1.554476204,,,35800,137.23,1292.6,1.774,-0.804
fewalter,116,0.116026769,0.757678078,0.701312096,1.537487062,0.086321759,0.01286941,0.868500764,1.212671804,1.514010156,-1.253085646,0.08866709,0.597182129,-1.29355754,0.791593612,1.555826507,,,35800,137.23,1292.6,1.774,-0.804
fewalter,117,0.114688156,0.637756746,0.561855522,1.558775059,1.216867829,0.012982104,0.5,0.21997744,1.522016218,-1.570796327,0.046265123,0.586348978,0.907210213,-0.378679514,1.554449538,,,35800,137.23,1292.6,1.774,-0.804
fewalter,118,0.118968477,0.544122951,-0.07513171,1.560601494,0.10731177,0.012473675,0.818058964,0.209012361,1.520915744,1.505497804,0.07114839,0.585985943,-0.811110923,-0.337740511,0.859545285,,,35800,137.23,1292.6,1.774,-0.804
fewalter,119,0.114689713,0.749990858,-0.219495705,1.500966352,0.311504388,0.01034642,0.866216119,-0.424807691,1.515015082,-0.632564821,0.076910537,0.605111385,-1.223797936,-0.014080871,0.805956521,,,35800,137.23,1292.6,1.774,-0.804
fewalter,Best q20 Bias,0.107069487,0.774788841,-1.273263863,1.543541418,-1.243888999,0.011626208,0.857287499,0.380319505,1.518447574,1.550987436,0.061225434,0.583816703,0.538165416,-0.482880484,0.824399819,,,35800,137.23,1292.6,1.774,-0.804
fewalter,121,0.117488709,0.772131956,-0.070271125,1.560590634,0.291711697,0.012606358,0.879384025,0.340712832,1.512590184,1.565449044,0.079931054,0.588741006,0.624007235,-0.408950926,0.776951979,,,35800,137.23,1292.6,1.774,-0.804
fewalter,122,0.120362355,0.782815637,0.687651395,1.531334317,0.086321759,0.01286941,0.86833656,1.228931837,1.513437904,-1.45431705,0.08866709,0.597393354,-1.29355754,0.800139968,1.555826507,,,35800,137.23,1292.6,1.774,-0.804
fewalter,123,0.116204123,0.804098819,-1.199243416,1.483749359,0.008757155,0.009683665,0.807040455,0.339535409,1.510404621,1.464339822,0.077377921,0.589159868,-1.278633609,0.686337346,-0.824366284,,,35800,137.23,1292.6,1.774,-0.804
fewalter,124,0.119425916,0.79806274,-0.068809278,1.562535539,1.013125738,0.009657514,0.789004212,-0.180708842,1.508938573,1.302660825,0.088412917,0.538571906,-0.694969758,-0.344673091,0.832343587,,,35800,137.23,1292.6,1.774,-0.804
fewalter,125,0.117098316,0.762760803,-0.125401899,1.563112033,0.761802943,0.034435889,0.863033405,-0.485960392,1.534672537,1.430640661,0.078545402,0.591573824,-1.327922574,-1.457033113,-0.285226747,,,35800,137.23,1292.6,1.774,-0.804
fewalter,126,0.120971546,0.784340277,0.377780711,1.482437545,0.298910293,0.009446504,0.792179998,0.562898552,1.507410016,1.302773614,0.07649832,0.608975025,-0.671653378,-0.358844748,0.807663078,,,35800,137.23,1292.6,1.774,-0.804
fewalter,127,0.123414606,0.537978345,-1.213284149,1.536189107,-0.357772414,0.009081452,0.886222051,1.243682994,1.501625224,1.52660733,0.449608227,0.595038535,-1.465758015,-0.562618357,1.505600912,,,35800,137.23,1292.6,1.774,-0.804
fewalter,128,0.116447593,0.743445922,-0.138306063,1.516425826,0.479090728,0.012580946,0.861800153,0.301850415,1.512101365,1.375514553,0.077394871,0.584993474,0.576607434,-0.360734433,0.711262112,,,35800,137.23,1292.6,1.774,-0.804
fewalter,129,0.121786713,0.653001451,0.589517452,1.553906498,0.461699419,0.008322393,1,0.475067183,1.510401947,1.179940978,0.038857795,0.600058655,-0.708396474,-1.556633036,0.745734975,,,35800,137.23,1292.6,1.774,-0.804
fewalter,130,0.100479072,0.99689921,-0.239401844,1.530325208,-0.515878539,0.011351526,0.858097231,0.300832907,1.518623948,1.474136647,0.077555921,0.511391626,-0.621473705,0.771819256,-0.920778189,,,35800,137.23,1292.6,1.774,-0.804
fewalter,131,0.120739969,0.804451622,0.701502789,1.543847928,0.327310973,0.010470796,0.883066067,0.338960143,1.51198856,-1.31875471,0.077398132,0.526856103,0.597808544,-1.49049351,1.4116939,,,35800,137.23,1292.6,1.774,-0.804
fewalter,132,0.116399062,0.741785141,0.389515189,1.233344959,-0.420164922,0.011304627,0.901206708,0.332453704,1.498971157,1.298110875,0.073373944,0.589858446,0.80196888,-0.548915899,1.536470404,,,35800,137.23,1292.6,1.774,-0.804
fewalter,133,0.119419923,0.790726712,0.356987425,1.531300984,0.110459543,0.008560344,0.860950643,0.300102242,1.505056821,1.406319698,0.467664693,0.572563948,-0.687481769,-0.379382473,0.980341044,,,35800,137.23,1292.6,1.774,-0.804
fewalter,134,0.12176397,0.795494802,0.453926194,1.472922838,0.827668424,0.007703924,0.767803502,0.339009641,1.501640434,1.570796327,0.490239777,0.500237377,-1.134375375,-0.486120571,0.865204702,,,35800,137.23,1292.6,1.774,-0.804
fewalter,135,0.116198155,0.944782243,-0.175670629,1.492136701,-0.149473893,0.01179129,0.879881281,0.235951084,1.512006512,1.550453529,0.407275787,0.587835883,-0.503745933,-0.411502931,1.558119436,,,35800,137.23,1292.6,1.774,-0.804
fewalter,136,0.119656111,0.740768883,0.339369775,1.504620965,0.325716716,0.008073035,0.859039678,0.160026774,1.504371855,1.54566816,0.081894478,0.571674751,-1.397462791,-0.420110297,1.531245695,,,35800,137.23,1292.6,1.774,-0.804
fewalter,137,0.10760288,0.760930116,0.804738044,1.536827021,0.51922229,0.011225923,0.796144965,0.324065446,1.514754461,0.866447073,0.432850951,0.59674611,-0.55240567,0.417172193,1.532825722,,,35800,137.23,1292.6,1.774,-0.804
fewalter,138,0.121324231,0.782524848,-0.170134193,1.559007948,0.569026134,0.011649543,0.867377612,1.167802487,1.521475583,-1.017516947,0.077354396,0.597602397,-1.365516003,0.797466335,1.522655857,,,35800,137.23,1292.6,1.774,-0.804
fewalter,139,0.121345654,0.756834126,-0.087021278,1.568966367,0.085772423,0.011345422,0.872347422,0.419049793,1.51456819,1.569581008,0.446544634,0.578530633,-1.294882445,-0.448125243,1.029141419,,,35800,137.23,1292.6,1.774,-0.804
fewalter,140,0.120292582,0.811953168,0.306630174,1.552867012,-0.353964456,0.012514698,0.849785356,0.324227694,1.520643313,-1.56650027,0.081072544,0.580821956,0.610401054,-0.335918138,1.554184547,,,35800,137.23,1292.6,1.774,-0.804
fewalter,141,0.067431395,0.530015603,-0.293627963,1.467099762,0.509120997,0.011820923,0.91343448,0.649671977,1.501374417,1.305360556,0.020503231,0.593047953,-1.504317665,0.742845343,1.534615076,,,35800,137.23,1292.6,1.774,-0.804
fewalter,142,0.122064109,0.6750162,0.434157927,1.532385821,0.558690541,0.012468424,0.553843332,0.139366594,1.515235752,1.551761635,0.151328527,0.948481489,-0.840451329,-0.399287372,1.54731321,,,35800,137.23,1292.6,1.774,-0.804
fewalter,143,0.115164573,0.776929779,-0.138978867,1.547547179,0.826958699,0.010349847,0.866138298,0.311537618,1.514384476,1.565759904,0.076646897,0.55386252,-1.345702961,0.517429086,1.480147756,,,35800,137.23,1292.6,1.774,-0.804
fewalter,144,0.109910934,0.852459475,-0.106874455,1.4636414,0.493135287,0.011715255,0.785193594,0.438574207,1.510592118,1.426797671,0.109053463,0.582319019,-0.991755995,0.544657013,-0.558823478,,,35800,137.23,1292.6,1.774,-0.804
fewalter,145,0.121075896,0.889956504,-0.038460099,1.56051021,0.286498575,0.012585166,0.751476729,0.13834807,1.51189054,1.434169993,0.040379823,0.524921984,0.520526109,-0.600158983,0.816795003,,,35800,137.23,1292.6,1.774,-0.804
fewalter,146,0.116995597,0.54892202,-0.14775927,1.55927768,0.258664261,0.012863614,0.887617975,-0.113016335,1.517165207,-1.270255273,0.064679778,0.586374772,-1.371486169,0.77508396,-0.886042894,,,35800,137.23,1292.6,1.774,-0.804
fewalter,147,0.121647974,0.795342893,0.453283137,1.458648964,0.827114284,0.007676167,0.897895152,0.286729173,1.501625224,1.529263479,0.294029408,0.597647582,-1.431373986,-0.594917396,0.898048399,,,35800,137.23,1292.6,1.774,-0.804
fewalter,148,0.12219639,0.673056684,0.486831502,1.532385821,-0.332889555,0.012468424,0.553843332,0.135646703,1.515235752,1.556420059,0.05363752,0.579365604,-0.505551235,-0.399287372,1.54731321,,,35800,137.23,1292.6,1.774,-0.804
fewalter,149,0.12205258,0.816021768,0.434157927,1.534387712,-0.34244538,0.012468424,0.843017571,0.179059564,1.515069499,1.460531337,0.055097581,0.580757947,-0.505551235,-0.397759492,1.537238289,,,35800,137.23,1292.6,1.774,-0.804
fewalter,150,0.117995772,0.774876038,-0.122954664,1.534465439,0.493505319,0.011643269,0.872219414,0.35168549,1.517737778,1.551850033,0.237134779,0.585879964,-0.601396777,0.667330402,1.526419141,,,35800,137.23,1292.6,1.774,-0.804
fewalter,151,0.115235092,0.741785141,0.388146089,1.238253319,0.505677865,0.011304627,0.85006954,0.871514238,1.501152427,1.298110875,0.073373944,0.589858446,0.743707173,-0.600632769,1.537534467,,,35800,137.23,1292.6,1.774,-0.804
fewalter,152,0.114689713,0.748610113,-0.219495705,1.360088858,0.311504388,0.01034642,0.866216119,-0.518999212,1.514810771,1.539825084,0.077258505,0.538693994,-1.227661791,-0.01493666,0.755938686,,,35800,137.23,1292.6,1.774,-0.804
fewalter,153,0.123735649,0.79101767,0.395539479,1.552666447,0.642943447,0.008558514,0.860234377,0.255190282,1.501770363,0.623854581,0.43318387,0.565165705,-0.687302292,-0.023920434,1.504752085,,,35800,137.23,1292.6,1.774,-0.804
fewalter,154,0.1217714,0.773621982,-0.18660943,1.479914058,0.511560121,0.011834415,0.761899481,-0.891955399,1.512002061,1.006240872,0.077235219,0.860454099,0.60688824,-0.4240625,1.521642199,,,35800,137.23,1292.6,1.774,-0.804
fewalter,155,0.122724888,0.743279169,0.427989428,1.467896695,0.037372387,0.011299466,0.863129565,0.179467547,1.50112291,1.286952775,0.077966598,0.59547013,0.91302966,-0.677462176,1.537647662,,,35800,137.23,1292.6,1.774,-0.804
fewalter,156,0.121075915,0.783519653,-0.038460099,1.56051021,0.286498575,0.012585166,0.864795029,0.13834807,1.520926357,1.434169993,0.071145709,0.524921984,0.570604719,-0.600158983,0.194051548,,,35800,137.23,1292.6,1.774,-0.804
fewalter,157,0.116961409,0.773675837,-0.18660943,1.536858845,0.511560121,0.011669087,0.861608655,0.300273217,1.512002061,1.561827557,0.077235219,0.875944542,0.60688824,-0.341187534,1.498222124,,,35800,137.23,1292.6,1.774,-0.804
fewalter,Best q80 Bias,0.119592002,0.824705716,-0.068524351,1.442973857,0.287974222,0.009657514,0.787540687,-0.140668075,1.508571366,0.101204549,0.089550412,0.570675916,-0.695736766,-0.369288637,0.829424201,,,35800,137.23,1292.6,1.774,-0.804
fewalter,159,0.122064109,0.6750162,0.344001521,1.532385821,0.558690541,0.012468424,0.553843332,0.139366594,1.515235752,1.551761635,0.151328527,0.948481489,-0.840451329,-0.399287372,1.54731321,,,35800,137.23,1292.6,1.774,-0.804
fewalter,160,0.114688156,0.637756746,0.561855522,1.558775059,1.216867829,0.012982104,0.5,0.21997744,1.522016218,-1.570796327,0.046265123,0.586348978,0.900971248,-0.378679514,1.554449538,,,35800,137.23,1292.6,1.774,-0.804
fewalter,161,0.115231627,0.741785141,0.388146089,1.231565782,0.034431241,0.011304627,0.849806596,0.210093667,1.501283341,1.298110875,0.083545322,0.589858446,0.743707173,-0.555505595,1.537647662,,,35800,137.23,1292.6,1.774,-0.804
fewalter,162,0.109878727,0.573941628,0.11756467,1.532271922,0.382508093,0.010399946,0.819227454,-1.076165641,1.51536251,1.555182686,0.07859098,0.618386352,-1.200093994,0.559056763,-0.606965454,,,35800,137.23,1292.6,1.774,-0.804
fewalter,163,0.12219639,0.673056684,0.486831502,1.532385821,-0.332889555,0.012468424,0.553843332,-0.106831519,1.515235752,1.556420059,0.05363752,0.579365604,-0.505551235,-0.399287372,1.54731321,,,35800,137.23,1292.6,1.774,-0.804
fewalter,164,0.117476086,0.743279169,-0.152032437,1.467896695,0.495077328,0.011299466,0.841762972,0.50481929,1.501892883,1.292064495,0.079518974,0.585960144,0.740356809,-0.656551364,1.537647662,,,35800,137.23,1292.6,1.774,-0.804
fewalter,165,0.204934641,0.79101767,0.395539479,1.552666447,0.642943447,0.008558514,0.860234377,0.255190282,1.501770363,1.545668646,0.43318387,0.565165705,-0.687302292,-0.707685032,1.504752085,,,35800,137.23,1292.6,1.774,-0.804
fewalter,166,0.114623341,0.678381257,-1.310078604,1.560793825,-0.376880484,0.011493405,0.864046459,0.21900731,1.517952508,1.551851133,0.102084121,0.580592242,-0.670938575,-0.326208419,0.824363021,,,35800,137.23,1292.6,1.774,-0.804
fewalter,167,0.116972631,0.740768883,0.339369775,1.481264688,-1.166263923,0.008084103,0.773466229,-0.112751189,1.504273172,1.445291671,0.081894478,0.571666005,-1.004513574,-0.430870696,1.531245695,,,35800,137.23,1292.6,1.774,-0.804
fewalter,168,0.120940099,0.784318542,0.534959152,1.497087775,0.30781514,0.009417146,0.788473734,0.125103735,1.507242062,-1.331788331,0.071100083,0.612988598,-0.399762913,-0.50979166,0.828279811,,,35800,137.23,1292.6,1.774,-0.804
fewalter,169,0.114689713,0.749990858,-1.149472716,1.500966352,0.311504388,0.01034642,0.866216119,-0.424807691,1.515015082,-0.632564821,0.076910537,0.605111385,-1.223797936,-0.014080871,0.805956521,,,35800,137.23,1292.6,1.774,-0.804
fewalter,170,0.121108815,0.682889141,-0.170134193,1.559007948,0.571573503,0.011639759,0.864730903,0.745001043,1.521475583,-1.017516947,0.077354396,0.597602397,-1.375566783,0.827453985,1.521289455,,,35800,137.23,1292.6,1.774,-0.804
fewalter,171,0.08820161,0.774811519,-0.122954664,1.531534814,0.293602766,0.011643269,0.872189248,-0.663650944,1.517608211,1.551850033,0.237134779,0.585807924,-0.537761867,0.725553072,-0.49421928,,,35800,137.23,1292.6,1.774,-0.804
fewalter,172,0.116198155,0.944782243,0.33467336,1.489824511,0.533586745,0.007985242,0.859452985,0.235951084,1.504996456,1.550453529,0.407275787,0.587835883,-0.505329291,-0.411502931,1.558119436,,,35800,137.23,1292.6,1.774,-0.804
fewalter,173,0.111842019,0.783150963,0.561855522,1.529809197,0.779275166,0.01186135,0.5,-0.078678832,1.517434108,-1.510365386,0.046265123,0.58214775,-0.910755491,-0.381499541,1.554449538,,,35800,137.23,1292.6,1.774,-0.804
fewalter,174,0.115691553,0.775867643,-0.091970845,1.461560821,0.287974222,0.009657514,0.789269328,-0.140668075,1.508571366,0.838956576,0.089550412,0.570675916,-0.695736766,-0.369288637,0.829467989,,,35800,137.23,1292.6,1.774,-0.804
fewalter,175,0.121075915,0.783791033,-0.148753404,1.56050783,0.555543914,0.012580945,0.864795029,0.138105693,1.520926357,1.435081251,0.070968304,0.524921984,-1.055703025,-0.334807476,0.764628675,,,35800,137.23,1292.6,1.774,-0.804
fewalter,176,0.109952385,0.615879367,-1.028326559,1.551928367,1.463915721,0.014124614,0.974010186,1.2721595,1.544451151,1.484746459,0.08525646,0.618755163,0.790290944,1.027178963,-1.487418212,,,35800,137.23,1292.6,1.774,-0.804
fewalter,177,0.108601164,0.740081843,-0.485539551,1.559677246,0.475278257,0.042112769,0.659590636,-1.15666616,1.560716411,0.662782757,0.331080223,0.618472326,-0.952287896,-0.56722927,-0.491902606,,,35800,137.23,1292.6,1.774,-0.804
fewalter,178,0.040119516,0.831077704,-0.985816874,1.420281625,1.497167013,0.014537253,0.514346864,-0.052840482,1.544165906,0.651688682,0.025478641,0.665534833,0.913009066,0.902130768,-1.529183094,,,35800,137.23,1292.6,1.774,-0.804
fewalter,179,0.107904821,0.958327224,-0.236376071,1.559671633,0.547445179,0.041565785,0.663919205,-0.937707069,1.554076167,0.662782757,0.329316203,0.861646898,-0.957540435,-1.478606683,-0.455684343,,,35800,137.23,1292.6,1.774,-0.804
fewalter,180,0.121270959,0.740870369,-0.457741555,1.527716473,0.109576659,0.01947422,0.958459838,1.433274466,1.544165906,-0.866373496,0.313570103,0.662566819,0.790290944,0.987877846,-1.466528504,,,35800,137.23,1292.6,1.774,-0.804
fewalter,181,0.082363196,0.503917548,-1.409270926,1.528050006,0.147379774,0.013342592,0.987055151,1.267237076,1.544165906,-0.292962137,0.000831513,0.664490439,0.788123236,0.902653302,-1.510018572,,,35800,137.23,1292.6,1.774,-0.804
fewalter,182,0.063790566,0.576655177,-0.412384701,1.476864283,0.177968498,0.062699719,0.702164492,1.474786567,1.512679824,-1.518139467,0.025778386,0.612335144,-1.156333134,-0.801053161,1.567318239,,,35800,137.23,1292.6,1.774,-0.804
fewalter,183,0.040119516,0.831077704,-0.985816874,1.420281625,1.497167013,0.014537253,0.514346864,-0.052840482,1.544165906,0.651688682,0.258512027,0.665534833,0.913009066,0.902130768,-1.529183094,,,35800,137.23,1292.6,1.774,-0.804
fewalter,184,0.118948933,0.774028037,-1.266491743,1.52733614,0.937508656,0.345329936,0.691738532,1.473721681,1.508858403,0.623985271,0.044373549,0.612555165,-1.361502566,0.524938903,1.538918087,,,35800,137.23,1292.6,1.774,-0.804
fewalter,185,0.096145566,0.750374355,0.319254086,1.559648912,0.505394593,0.041565785,0.81455222,-1.154058395,1.560811974,1.080271777,0.324803959,0.62067051,-0.944500167,0.89048538,-1.468718547,,,35800,137.23,1292.6,1.774,-0.804
fewalter,186,0.068852649,0.732242984,-0.094967833,1.544702857,0.459151986,0.013912439,0.682679081,1.38657945,1.530818976,-1.54635586,0.026407276,0.676955699,-1.389354265,0.936330482,-1.465234545,,,35800,137.23,1292.6,1.774,-0.804
fewalter,187,0.044642625,0.886513858,-1.038020105,1.526269168,0.433569585,0.013977933,0.78525199,1.2721595,1.545672021,-0.99770713,0.309736307,0.663706303,0.790290944,0.483692268,-1.487418212,,,35800,137.23,1292.6,1.774,-0.804
fewalter,188,0.073481474,0.774028037,-1.266491743,1.480560047,1.329642225,0.345329936,0.691738532,1.473721681,1.532460077,0.623985271,0.044373549,0.612555165,-1.361502566,0.524938903,1.547267061,,,35800,137.23,1292.6,1.774,-0.804
fewalter,189,0.038622435,0.50816086,-1.040867143,1.445427998,-0.820274901,0.013342592,0.982134797,1.268674696,1.530386783,1.11951656,0.308793755,0.665534833,0.453841384,0.844955902,-1.487418212,,,35800,137.23,1292.6,1.774,-0.804
fewalter,190,0.103417303,0.750030123,-1.401551001,1.527815963,-0.891296614,0.359530547,0.761863661,1.473274202,1.561877079,-1.554017809,0.330861047,0.575564698,-1.093849392,-1.100083644,1.545099277,,,35800,137.23,1292.6,1.774,-0.804
fewalter,191,0.064924426,0.749055586,-1.225100806,1.527851983,-0.891296614,0.346268889,0.761424612,1.449941185,1.561662636,-1.092515123,0.495671203,0.577916762,-1.093849392,-0.434803633,1.54135693,,,35800,137.23,1292.6,1.774,-0.804
fewalter,192,0.0955103,0.846730156,-1.437693694,1.559398509,0.463696202,0.042969687,0.660440881,-0.989641529,1.560579031,0.698276105,0.03285169,0.618669106,-1.385894741,-1.452295548,-1.286055279,,,35800,137.23,1292.6,1.774,-0.804
fewalter,193,0.108592974,0.740081843,-0.489239335,1.559677246,0.422882088,0.042112769,0.683684202,-1.215180551,1.561884928,0.662782757,0.304985556,0.505218037,-0.952287896,-0.56722927,-1.543142218,,,35800,137.23,1292.6,1.774,-0.804
fewalter,194,0.082011042,0.851329967,-1.004719603,1.526575461,0.097114504,0.014049295,0.653479842,0.809307854,1.535681085,-0.856810186,0.358618749,0.589522157,1.123620209,0.629153733,-1.412626539,,,35800,137.23,1292.6,1.774,-0.804
fewalter,195,0.113921546,0.696756185,-0.978918826,1.508506223,-1.292915881,0.010484045,0.682511897,-1.325054132,1.513366422,-0.336801873,0.156151951,0.642911105,-0.714131122,0.661748271,-1.404402714,,,35800,137.23,1292.6,1.774,-0.804
fewalter,196,0.192466395,0.847821197,-0.945019241,1.335101679,-1.362822866,0.007613052,0.897660335,0.102067428,1.48119107,-0.446174261,0.256566318,0.961253172,1.026749841,-0.710349945,-0.519690961,,,35800,137.23,1292.6,1.774,-0.804
fewalter,197,0.145816594,0.658093622,-1.162392339,1.492101326,-0.078520213,0.007877698,0.683421414,-0.246039811,1.509661355,0.729961067,0.212325638,0.961945985,-1.138973379,0.677515974,0.638236412,,,35800,137.23,1292.6,1.774,-0.804
fewalter,198,0.191740784,0.847954909,-0.945019241,1.3354059,-0.007545877,0.007613052,0.90060463,0.574644657,1.481331931,-0.44722801,0.256566318,0.919337907,1.026749841,-0.710349945,-0.701129719,,,35800,137.23,1292.6,1.774,-0.804
fewalter,199,0.137049274,0.957514618,0.05672582,1.496893828,0.371631606,0.007763826,0.673462617,-1.404251427,1.509171054,-0.345663629,0.336669596,0.542794056,-0.649459615,-1.021797429,1.058362138,,,35800,137.23,1292.6,1.774,-0.804
fewalter,200,0.193998623,0.814625981,-0.946040906,1.343249933,-1.3867567,0.007613052,0.920421264,-0.259404537,1.481331931,-0.975767276,0.256566318,0.807687095,1.026749841,-0.710349945,-0.701129719,,,35800,137.23,1292.6,1.774,-0.804
fewalter,201,0.192775007,0.809212022,-0.905706859,1.550936523,-0.245909542,0.008381738,0.677665459,-0.383720453,1.507959332,-0.033690585,0.353365007,0.664594799,0.963656925,0.706518334,-1.483434811,,,35800,137.23,1292.6,1.774,-0.804
fewalter,202,0.089280998,0.991099295,-0.345549705,1.503486305,-0.248316006,0.00923062,0.542823396,1.432835674,1.511566492,0.601061092,0.380583995,0.804650365,-1.312884374,0.45241564,1.161142794,,,35800,137.23,1292.6,1.774,-0.804
fewalter,203,0.190233993,0.782943704,-0.905706859,1.539574988,-0.265354187,0.008357428,0.888351905,0.95070351,1.508529545,-0.348675965,0.245478921,0.661953051,0.969793809,-0.656479798,-1.479066989,,,35800,137.23,1292.6,1.774,-0.804
fewalter,204,0.081992955,0.862782283,-0.979026456,1.52587106,0.042012499,0.013483601,0.970684733,-0.308521369,1.53305397,-0.229076935,0.358618749,0.588250103,1.045526193,0.569637742,-1.363671397,,,35800,137.23,1292.6,1.774,-0.804
fewalter,205,0.082307951,0.846876088,-1.310936851,1.492010927,0.244250459,0.002965777,0.687699103,0.16844502,1.496803018,0.870390323,0.355846499,0.643964991,-0.636686809,-0.66780902,-0.718801492,,,35800,137.23,1292.6,1.774,-0.804
fewalter,206,0.145816594,0.658464173,-0.025137367,1.492101326,-0.078520213,0.007877698,0.683008315,-0.246893174,1.509239435,-0.135560928,0.213732987,0.767234465,-1.14804178,0.677515974,0.718382194,,,35800,137.23,1292.6,1.774,-0.804
fewalter,207,0.058051976,0.927445496,-1.146598712,1.49020234,-0.066843779,0.007867473,0.594629339,0.760397292,1.508950328,-0.415432426,0.338596955,0.584164327,0.190940963,0.675364701,-1.117594745,,,35800,137.23,1292.6,1.774,-0.804
fewalter,208,0.145816594,0.658093622,-0.185218632,1.492101326,-0.078520213,0.007877698,0.682868259,-0.246893174,1.509239435,-0.165366477,0.213294316,0.767371214,-1.146773935,0.653413772,0.718382194,,,35800,137.23,1292.6,1.774,-0.804
fewalter,209,0.145816594,0.658093622,-0.185218632,1.492101326,-0.078520213,0.008121411,0.772340374,-0.435661965,1.509294752,-0.171184374,0.213294316,0.767371214,-1.138028962,0.653413772,0.718382194,,,35800,137.23,1292.6,1.774,-0.804
fewalter,210,0.065225987,0.837325289,0.738909656,1.536673245,-1.320115671,0.014811737,0.739071019,1.164206317,1.541639249,-0.843554622,0.107550249,0.727699096,1.168112966,0.735595283,-1.549411373,,,35800,137.23,1292.6,1.774,-0.804
fewalter,211,0.145816594,0.658093622,-0.713956575,1.492101326,0.001482663,0.007877698,0.683421414,0.066673505,1.509661355,0.729961067,0.212325638,0.977568161,-1.138973379,0.677515974,0.638236412,,,35800,137.23,1292.6,1.774,-0.804
fewalter,212,0.139460042,0.563757652,-0.324150306,1.55389213,-0.873917318,0.007643893,0.94628613,-0.451911407,1.509118714,-0.880736316,0.35737096,0.737572792,-1.119812655,0.582414652,1.260263403,,,35800,137.23,1292.6,1.774,-0.804
fewalter,213,0.083062993,0.977028959,-0.689459404,1.333187529,1.01320344,0.00541141,0.875277899,-0.474549419,1.499116632,0.989174182,0.175896149,0.811356582,-1.187580561,-1.009907948,1.52043483,,,35800,137.23,1292.6,1.774,-0.804
fewalter,214,0.081992955,0.988772465,-0.979026456,1.52587106,0.042012499,0.013483601,0.970684733,-0.308521369,1.533563732,-0.229076935,0.360811275,0.588250103,1.045526193,0.569637742,-1.363671397,,,35800,137.23,1292.6,1.774,-0.804
fewalter,215,0.138215688,0.945644937,0.020428632,1.526185396,0.200827556,0.007767321,0.66126439,-1.303246412,1.510136202,-0.336066454,0.160678201,0.723896386,-0.651562309,0.543441727,-1.55430242,,,35800,137.23,1292.6,1.774,-0.804
fewalter,216,0.144539624,0.543650004,-1.089333674,1.553556197,0.059755908,0.0077014,0.545998417,0.101801483,1.526647584,-0.020507001,0.35079934,0.804817569,-1.215539407,0.626739833,0.364971905,,,35800,137.23,1292.6,1.774,-0.804
fewalter,217,0.135532946,0.563963501,-0.29676129,1.50256886,-0.575900499,0.009457451,0.879509893,-0.47709653,1.508817761,-1.333740916,0.355517273,0.525558683,-1.077879956,0.83277612,1.019153799,,,35800,137.23,1292.6,1.774,-0.804
fewalter,218,0.14556998,0.657870408,-1.162392339,1.490232043,-0.078520213,0.007877698,0.683008315,-0.248805634,1.50941188,-0.135560928,0.212325638,0.811649233,-1.146773935,0.677515974,0.718382194,,,35800,137.23,1292.6,1.774,-0.804
fewalter,219,0.08559784,0.62964439,-0.298670461,1.503601742,-0.820525131,0.007860414,0.892227431,-0.459699948,1.492599497,-0.340655066,0.471235926,0.808730692,0.195723234,0.828413252,1.114203238,,,35800,137.23,1292.6,1.774,-0.804
fewalter,220,0.191740784,0.846640859,-0.945044075,1.343249933,0.019383145,0.007637348,0.899345705,0.107738344,1.481331931,-0.446590929,0.256566318,0.927267833,1.03496245,-0.708806331,-0.706348008,,,35800,137.23,1292.6,1.774,-0.804
fewalter,221,0.082271532,0.641043518,-1.470343053,1.505041355,-1.310404499,0.00771378,0.885561924,1.226834889,1.498658806,-0.123444648,0.174445773,0.744519474,-1.11226138,0.542350077,1.528097957,,,35800,137.23,1292.6,1.774,-0.804
fewalter,222,0.079162111,0.827127527,-0.669285028,1.385853616,-1.439878666,0.007767601,0.687084018,0.087356949,1.526629427,0.988256345,0.359623358,0.945260928,-1.121312918,0.569734344,0.912495997,,,35800,137.23,1292.6,1.774,-0.804
fewalter,223,0.13875229,0.658784495,-0.554463034,1.492116636,-0.078520213,0.007743604,0.618581643,-0.252963581,1.509299631,0.982053693,0.210069797,0.804095112,-1.171080335,0.690026694,0.717414894,,,35800,137.23,1292.6,1.774,-0.804
fewalter,224,0.077675158,0.844821263,-0.946350697,1.509765705,-1.28706046,0.007699204,0.905223523,0.095482589,1.526647584,-0.519023607,0.383115821,0.75347809,-1.144750216,-0.752069948,1.108098136,,,35800,137.23,1292.6,1.774,-0.804
fewalter,225,0.147635973,0.899535796,-0.573866184,1.509582112,-1.1236619,0.005328217,0.940051264,0.64440081,1.505440147,-0.104867364,0.013850085,0.901417452,-0.705145257,-1.029465008,0.12643634,,,35800,137.23,1292.6,1.774,-0.804
fewalter,226,0.082516292,0.851329967,-0.744615687,1.489696013,0.097114504,0.013305464,0.974368375,0.5693263,1.535681085,-0.842490985,0.358618749,0.517744794,1.160608669,0.832958199,-1.364027884,,,35800,137.23,1292.6,1.774,-0.804
fewalter,227,0.137049274,0.83895059,0.060723727,1.503284553,-0.790965819,0.007764711,0.677627795,-1.229867605,1.510168636,-0.347119028,0.160419706,0.723614196,-0.649382779,0.571588349,-1.55220911,,,35800,137.23,1292.6,1.774,-0.804
fewalter,228,0.189278937,0.846640859,-0.939381254,1.366020523,0.168279124,0.007639601,0.935436863,0.079253897,1.498902158,1.182531723,0.248556088,0.749469553,1.03496245,-0.708806331,-0.706348008,,,35800,137.23,1292.6,1.774,-0.804
fewalter,229,0.082011042,0.849482943,-1.013037361,1.526575461,0.045471743,0.014049295,0.598457317,0.809307854,1.535681085,-0.856810186,0.358618749,0.589522157,1.123620209,0.495596345,-1.412626539,,,35800,137.23,1292.6,1.774,-0.804
fewalter,230,0.191740784,0.845259813,-0.943647069,1.338780211,-1.406247044,0.007613052,0.893111694,0.978604868,1.481331931,1.264677363,0.256566318,0.763012031,1.026749841,-0.710349945,-0.701129719,,,35800,137.23,1292.6,1.774,-0.804
fewalter,231,0.139924597,0.906661148,0.019816436,1.533456011,-1.281940004,0.008797698,0.68009197,-0.397651119,1.510136202,-0.312870729,0.441983201,0.723896386,-0.700655382,0.497213124,0.991241699,,,35800,137.23,1292.6,1.774,-0.804
fewalter,232,0.080938735,0.851329967,-0.744343547,1.52477149,0.097114504,0.013483601,0.953500576,0.5693263,1.536767268,-0.201059644,0.3761878,0.508234437,1.127686887,0.834766081,-1.275320659,,,35800,137.23,1292.6,1.774,-0.804
fewalter,233,0.074830301,0.646789716,-1.417795812,1.496912343,-0.085487306,0.016295672,0.679352063,1.414849241,1.507388191,-0.487165847,0.47883453,0.815131158,-1.097291743,-0.956298367,1.524788614,,,35800,137.23,1292.6,1.774,-0.804
fewalter,234,0.145816594,0.658093622,-0.996641253,1.492101326,-0.078520213,0.007877698,0.683008315,-0.246893174,1.509239435,-0.135560928,0.212325638,0.767223063,-1.146773935,0.677515974,0.718382194,,,35800,137.23,1292.6,1.774,-0.804
fewalter,235,0.082118553,0.920722439,0.022175733,1.51264902,-0.566181077,0.015902241,0.660626259,-1.111595256,1.550480937,-0.431721729,0.333340584,0.867256524,1.283657443,-1.23721043,-1.524302626,,,35800,137.23,1292.6,1.774,-0.804
fewalter,236,0.135491539,0.913277472,-1.148262979,1.492101326,-0.078520213,0.007859958,0.683421414,-0.26149768,1.509110399,-1.3324071,0.212325638,0.817965282,-1.146773935,0.677251679,0.729482219,,,35800,137.23,1292.6,1.774,-0.804
fewalter,237,0.145816594,0.658093622,-0.185218632,1.492101326,-0.109107562,0.008121411,0.772340374,-0.435661965,1.509294752,-0.171184374,0.213294316,0.960209673,-1.138028962,0.653413772,0.718382194,,,35800,137.23,1292.6,1.774,-0.804
fewalter,238,0.138215688,0.945644937,0.020428632,1.526185396,0.200827556,0.007767321,0.66126439,-1.303246412,1.510136202,-0.336066454,0.160678201,0.723896386,-0.745625224,0.543441727,-1.55430242,,,35800,137.23,1292.6,1.774,-0.804
fewalter,239,0.137049274,0.957514618,0.187287641,1.496893828,-1.265843618,0.007764711,0.674640564,-1.244797217,1.510136202,-0.345663629,0.336669596,0.542794056,-0.649459615,-1.021797429,1.058362138,,,35800,137.23,1292.6,1.774,-0.804
fewalter,240,0.082254627,0.982907994,-0.723776889,1.523227327,0.007296917,0.012239378,0.665665239,0.151556661,1.536715148,-0.853434333,0.365569569,0.75725597,0.304757482,1.25086447,0.605490035,,,35800,137.23,1292.6,1.774,-0.804
fewalter,241,0.145816594,0.610013211,-0.185218632,1.492101326,-0.078520213,0.007877698,0.683008315,0.095210581,1.509239435,-0.135560928,0.212325638,0.767223063,-1.146773935,0.677515974,0.718382194,,,35800,137.23,1292.6,1.774,-0.804
fewalter,242,0.081992955,0.988772465,-1.075203828,1.52587106,0.042012499,0.013483601,0.970684733,-0.308521369,1.533563732,0.123725538,0.360811275,0.588250103,1.045526193,0.569637742,-1.363671397,,,35800,137.23,1292.6,1.774,-0.804
fewalter,243,0.191740784,0.845259813,-0.943647069,1.338780211,0.866896805,0.007613052,0.752449406,0.514584202,1.481331931,1.264677363,0.256566318,0.763012031,1.026749841,-0.710349945,-0.701129719,,,35800,137.23,1292.6,1.774,-0.804
fewalter,244,0.082700131,0.765439869,-0.868805413,1.371423011,0.055796348,0.007605932,0.964729703,-1.23415098,1.509050197,0.922985596,0.338135581,0.81121784,-0.635799007,-0.910971273,1.488493074,,,35800,137.23,1292.6,1.774,-0.804
fewalter,245,0.082011042,0.851329967,-0.701420872,1.526575461,-0.597273971,0.014049295,0.653479842,0.809307854,1.535681085,-0.856810186,0.358618749,0.589522157,1.123620209,0.629153733,-1.412626539,,,35800,137.23,1292.6,1.774,-0.804
fewalter,246,0.191740784,0.846450997,-0.945019241,1.343249933,0.019383145,0.007613052,0.90060463,0.978604868,1.481331931,-0.44722801,0.256566318,0.616665397,1.026749841,-0.710349945,-0.913483956,,,35800,137.23,1292.6,1.774,-0.804
fewalter,247,0.11214825,0.648959764,-0.684507174,1.492919262,1.020691366,0.007860414,0.889890992,-0.461619028,1.494982606,-0.346966023,0.471235926,0.972009202,0.19906638,0.827344403,1.126623978,,,35800,137.23,1292.6,1.774,-0.804
fewalter,248,0.067129678,0.618424695,-1.297478821,1.503378926,0.92189217,0.007861664,0.596683152,0.828476501,1.493129852,-0.077317893,0.386026074,0.81936573,0.242723209,-0.636723928,1.504656049,,,35800,137.23,1292.6,1.774,-0.804
fewalter,249,0.15489644,0.911203217,-0.170612921,1.492101326,-0.077772082,0.00811701,0.772340374,0.049577425,1.50475528,-0.171184374,0.213294316,0.767371214,-1.13832829,0.653413772,0.718382194,,,35800,137.23,1292.6,1.774,-0.804
fewalter,250,0.086623985,0.538216458,-0.284684642,1.539659943,-1.241542135,0.014868821,0.681430601,1.164206317,1.553187876,-0.848799788,0.105558254,0.727596031,1.056461152,0.734236983,-1.543061374,,,35800,137.23,1292.6,1.774,-0.804
fewalter,251,0.145816594,0.658093622,-0.1875175,1.492101326,0.001482663,0.00787562,0.683421414,0.066673505,1.509295651,0.729961067,0.212325638,0.977568161,-1.138973379,0.677567963,0.641227835,,,35800,137.23,1292.6,1.774,-0.804
fewalter,252,0.113399019,0.951896638,0.021563652,1.508506223,-1.292915881,0.01028207,0.663006838,-1.22560199,1.513366422,-0.342731198,0.160438949,0.694982236,-0.695735138,0.562509619,-1.46536248,,,35800,137.23,1292.6,1.774,-0.804
fewalter,253,0.138215688,0.789964648,-0.042507704,1.526185396,0.200827556,0.007767321,0.678000811,-1.303246412,1.510136202,-0.336066454,0.157587814,0.723896386,-0.651562309,0.543441727,-1.55430242,,,35800,137.23,1292.6,1.774,-0.804
fewalter,254,0.088910497,0.919931705,-0.291606103,1.491500474,0.156798983,0.008064079,0.800906015,0.053071661,1.505238059,-0.288035745,0.158558373,0.763630648,-1.127381112,-0.555717504,1.411511506,,,35800,137.23,1292.6,1.774,-0.804
fewalter,255,0.142653195,0.528757699,-0.040214734,1.543007301,-1.360714076,0.00532624,0.887179467,-1.178503322,1.506213961,-0.075408711,0.225741087,0.764957195,-0.648423141,0.574930214,-1.546120542,,,35800,137.23,1292.6,1.774,-0.804
fewalter,256,0.145816594,0.698703633,-0.025137367,1.490786906,-0.109748549,0.007877698,0.683008315,-0.246893174,1.509239435,-0.135560928,0.213732987,0.718026821,-1.14804178,0.67945744,0.718382194,,,35800,137.23,1292.6,1.774,-0.804
fewalter,257,0.080763515,0.533573791,-0.244702081,1.530868972,0.079393036,0.013309057,0.597281382,1.146884725,1.545424612,0.71628647,0.107550249,0.727699096,0.344106697,0.731419827,-1.537106676,,,35800,137.23,1292.6,1.774,-0.804
fewalter,258,0.090422065,0.816127676,-1.160262764,1.492101326,-0.054929889,0.007859958,0.674377849,-0.24602179,1.507454176,0.948501741,0.173300857,0.811460745,-1.187386273,0.552878055,0.729081622,,,35800,137.23,1292.6,1.774,-0.804
fewalter,259,0.192775007,0.575999787,-0.282513233,1.494529022,0.019383145,0.007670493,0.682981541,0.050373338,1.509587332,-0.510819292,0.244941046,0.802289287,0.981534249,-0.750728905,-1.41146916,,,35800,137.23,1292.6,1.774,-0.804
fewalter,260,0.191740784,0.846475517,-0.945019241,1.500058677,-0.08096288,0.007613052,0.90060463,0.274239268,1.498561135,-0.453451347,0.259606668,0.806491823,1.026749841,-0.725215646,0.780475701,,,35800,137.23,1292.6,1.774,-0.804
fewalter,261,0.191740784,0.846640859,-0.945044075,1.343249933,0.019383145,0.007613117,0.904916096,0.107738344,1.481331931,0.93467623,0.25650303,0.927434253,1.026749841,-0.707015281,-0.706348008,,,35800,137.23,1292.6,1.774,-0.804
fewalter,262,0.085747705,0.826932008,-1.334180441,1.500795436,0.029848439,0.007814108,0.67480318,0.800616959,1.496017804,-1.221607591,0.071308077,0.519976652,0.841830476,-1.02580516,1.295515039,,,35800,137.23,1292.6,1.774,-0.804
fewalter,263,0.082369368,0.656693022,-1.401037395,1.514851184,-0.076764751,0.008568185,0.582988127,1.038287638,1.509370238,-0.059050814,0.477886681,0.977838065,-0.66502888,0.735048859,1.546062062,,,35800,137.23,1292.6,1.774,-0.804
fewalter,264,0.192775007,0.809212022,-0.932854167,1.550936523,-0.255459528,0.014657798,0.690730037,-0.383720453,1.507959332,0.013697006,0.353237397,0.737236225,1.12561104,0.706518334,-1.540393901,,,35800,137.23,1292.6,1.774,-0.804
fewalter,265,0.119236225,0.907689346,-1.041692385,1.533456011,-0.402984358,0.008797698,0.582196286,-0.397651119,1.510136202,-0.312870729,0.099624753,0.723896386,-0.691112942,1.256776245,-1.526357989,,,35800,137.23,1292.6,1.774,-0.804
fewalter,266,0.088839934,0.642999678,-1.168979371,1.342931212,0.10775286,0.007768174,0.970698779,-0.333440066,1.508135184,1.417418295,0.350989307,0.811316069,-1.187868786,0.55760853,1.360190737,,,35800,137.23,1292.6,1.774,-0.804
fewalter,267,0.145816594,0.658093622,-0.713956575,1.492101326,0.001482663,0.007877698,0.683421414,0.066673505,1.509661355,0.729961067,0.212650273,0.977568161,-1.135425633,0.677515974,0.638236412,,,35800,137.23,1292.6,1.774,-0.804
fewalter,268,0.081956876,0.849400185,-1.013037361,1.526575461,0.033560579,0.014130758,0.598457317,0.809307854,1.535681085,-0.847111472,0.355699982,0.589522157,1.123620209,0.495596345,-1.412626539,,,35800,137.23,1292.6,1.774,-0.804
fewalter,269,0.139583079,0.586306772,-0.669923805,1.495981582,-0.03662798,0.007390491,0.893896485,0.374917194,1.504941432,-0.066337497,0.218718763,0.732459557,-1.127044377,0.674181096,0.63846125,,,35800,137.23,1292.6,1.774,-0.804
fewalter,270,0.131504582,0.51108394,0.039911904,1.497981823,-1.449501872,0.007764711,0.677797081,0.035371271,1.504371906,-0.345230504,0.160419706,0.723614196,-0.622702323,0.523693487,-1.55430242,,,35800,137.23,1292.6,1.774,-0.804
fewalter,271,0.138215688,0.515318151,0.019865234,1.524537708,0.070533319,0.007767443,0.678146812,1.026629796,1.510051543,1.106341903,0.160678201,0.723872273,-0.651562309,0.543441727,-1.55430242,,,35800,137.23,1292.6,1.774,-0.804
fewalter,272,0.058360079,0.913793805,-0.978555105,1.530868972,-1.305052035,0.013309057,0.592272996,1.164206317,1.545424612,-0.872520615,0.173490944,0.727400641,0.344106697,0.731419827,-1.543061374,,,35800,137.23,1292.6,1.774,-0.804
fewalter,273,0.19042054,0.647022863,-0.715478303,1.504789622,-1.156641344,0.008696859,0.595665561,-0.383720453,1.492752426,-0.41045417,0.348468988,0.661115441,0.969793809,-0.656479798,-1.496095965,,,35800,137.23,1292.6,1.774,-0.804
fewalter,274,0.193533644,0.6254054,-0.950329951,1.343249933,-0.81439321,0.007613052,0.780149376,-0.259404537,1.481331931,-0.975767276,0.256566318,0.818903088,1.026749841,-0.683882837,-0.701129719,,,35800,137.23,1292.6,1.774,-0.804
fewalter,275,0.08606282,0.818864979,-0.689138113,1.503601742,-1.39288318,0.007860414,0.892227431,-0.425648181,1.492599497,-0.340655066,0.471235926,0.807587492,0.195723234,0.801945815,1.114203238,,,35800,137.23,1292.6,1.774,-0.804
fewalter,276,0.113399019,0.833621903,0.021563652,1.508506223,-1.296393367,0.010270137,0.663006838,-0.272637066,1.513150271,-0.342731198,0.160438949,0.694982236,-0.695735138,0.562091225,-1.46536248,,,35800,137.23,1292.6,1.774,-0.804
fewalter,277,0.085737907,0.756574342,-0.246951081,1.334275646,0.107607768,0.00541141,0.963781187,-1.406635912,1.50624536,-0.935997476,0.186222153,0.811169775,-1.171401467,-1.020965628,1.488155391,,,35800,137.23,1292.6,1.774,-0.804
fewalter,278,0.196067741,0.886443578,-0.945019241,1.555748089,0.069949579,0.007606538,0.934918208,0.080286604,1.508346431,-0.334303617,0.358684056,0.78471097,1.003219674,-1.108172069,-1.435862707,,,35800,137.23,1292.6,1.774,-0.804
fewalter,279,0.088806789,0.827116795,-0.669285028,1.504069332,0.196039954,0.007696997,0.900025002,0.111998165,1.526622751,1.330581935,0.256920592,0.762628125,-1.112449537,-0.757500648,-0.586180565,,,35800,137.23,1292.6,1.774,-0.804
fewalter,280,0.144860913,0.666198501,-0.2782018,1.501020193,0.134489472,0.007902938,0.536507879,0.284182426,1.499027014,-1.073878865,0.075164662,0.722340354,0.767910039,-0.69858994,1.510941874,,,35800,137.23,1292.6,1.774,-0.804
fewalter,281,0.137297647,0.949475465,0.05672582,1.491742563,0.977957453,0.007689511,0.665486158,-1.318613142,1.510136202,-0.482296013,0.131932829,0.72425275,-0.741686146,0.491565956,-1.547447643,,,35800,137.23,1292.6,1.774,-0.804
fewalter,282,0.074830301,0.537162292,-1.417795812,1.496912343,-0.085487306,0.016295672,0.842478927,1.414849241,1.507388191,1.025177065,0.480180269,0.815131158,-1.097291743,-0.956298367,1.523758576,,,35800,137.23,1292.6,1.774,-0.804
fewalter,283,0.11344645,0.796218857,-0.016414542,1.508506223,-1.320639259,0.010234495,0.679743258,-0.17255392,1.513366422,-0.342731198,0.153152495,0.694982236,-0.579659992,0.584932697,-1.46536248,,,35800,137.23,1292.6,1.774,-0.804
fewalter,284,0.077057539,0.787774671,0.138269353,1.506182456,-0.068032844,0.00762609,0.594629339,0.088943527,1.509116032,-0.415432426,0.338596955,0.578861804,0.197818848,0.675793054,-1.117594745,,,35800,137.23,1292.6,1.774,-0.804
fewalter,285,0.189744536,0.846281363,-0.945044075,1.343249933,0.15636008,0.007613117,0.904916096,0.107738344,1.481331931,-0.372868173,0.25650303,0.571844719,1.026749841,-0.707015281,-0.706348008,,,35800,137.23,1292.6,1.774,-0.804
fewalter,286,0.191740784,0.845259813,-0.943647069,1.494676916,-0.561713364,0.007863253,0.671109577,0.978604868,1.511152778,1.169567314,0.256566318,0.762750844,1.026749841,-0.710349945,-0.701129719,,,35800,137.23,1292.6,1.774,-0.804
fewalter,287,0.144248139,0.658093622,-0.929323072,1.492983085,-0.078520213,0.007877698,0.721607969,-0.246893174,1.509002217,-0.102767561,0.212325638,0.802596549,-1.146773935,0.677515974,0.741768248,,,35800,137.23,1292.6,1.774,-0.804
fewalter,288,0.08225487,0.815826887,-1.167915462,1.492296254,-1.320808333,0.009146972,0.688666513,-1.236938488,1.507755165,-0.966625673,0.173424405,0.744502852,-1.187386273,0.553022759,0.725560775,,,35800,137.23,1292.6,1.774,-0.804
fewalter,289,0.085737907,0.563463859,-0.073085868,1.334275646,0.108207171,0.00541141,0.757770383,-1.40798867,1.50624536,-0.946504617,0.186222153,0.811169775,-1.187580561,-0.922600974,1.473844242,,,35800,137.23,1292.6,1.774,-0.804
fewalter,290,0.192775007,0.523045007,-1.161761927,1.493383829,0.019383145,0.007853048,0.684079861,0.050373338,1.509637688,-0.991314835,0.244941046,0.802289287,1.055369953,-0.750895222,-1.41146916,,,35800,137.23,1292.6,1.774,-0.804
fewalter,291,0.138926878,0.563757652,-0.324150306,1.554175124,-0.841044943,0.007644931,0.733700111,-0.348138333,1.509051306,-1.061440415,0.35737096,0.737340278,-1.119812655,0.582414652,1.247810426,,,35800,137.23,1292.6,1.774,-0.804
fewalter,292,0.089151478,0.81474608,0.132366923,1.498106944,-1.362841249,0.003835682,0.594390862,-1.229835219,1.499112737,-0.527619105,0.336109606,0.75864808,-1.187990005,0.560338176,1.363264305,,,35800,137.23,1292.6,1.774,-0.804
fewalter,293,0.083073141,0.556366844,-0.93829396,1.502095093,-0.056897195,0.007878599,0.674631005,-0.443396219,1.509266148,0.92665801,0.157726629,0.721393044,-0.841023172,0.513622096,-1.542523831,,,35800,137.23,1292.6,1.774,-0.804
fewalter,294,0.11168269,0.554394187,-0.016414542,1.508506223,-0.111292931,0.010234495,0.679763128,-0.17255392,1.509260125,-0.342731198,0.212985113,0.697804744,-0.579659992,0.584932697,-1.46536248,,,35800,137.23,1292.6,1.774,-0.804
fewalter,295,0.145816594,0.658093622,-0.185218632,1.492101326,-0.108465659,0.008121411,0.773065415,-0.435661965,1.509294752,-0.171184374,0.213294316,0.960209673,-1.138028962,0.65287407,0.718382194,,,35800,137.23,1292.6,1.774,-0.804
fewalter,296,0.139589449,0.713930149,-0.032642629,1.551899157,-1.235437546,0.0077014,0.906101439,0.101801483,1.526647584,-0.620557088,0.352538002,0.762772772,-1.169764125,0.665663976,-0.267146238,,,35800,137.23,1292.6,1.774,-0.804
fewalter,297,0.137049274,0.838487,0.116636884,1.497931967,1.403217763,0.007764711,0.673486455,-1.233068241,1.510168636,-0.347119028,0.159582484,0.723614196,-0.649382779,0.571588349,-1.55220911,,,35800,137.23,1292.6,1.774,-0.804
fewalter,298,0.135491539,0.917214232,-1.159791354,1.492101326,-0.07655857,0.007859535,0.683421414,0.065027224,1.509110399,0.731197038,0.212325638,0.760933596,-1.146773935,0.677251679,0.729482219,,,35800,137.23,1292.6,1.774,-0.804
fewalter,299,0.145816594,0.654154579,-0.702428199,1.492101326,-0.000478981,0.00787812,0.683421414,-0.259851399,1.509661355,-1.332454734,0.212650273,0.982712692,-1.135425633,0.677515974,0.638236412,,,35800,137.23,1292.6,1.774,-0.804
fewalter,300,0.191740784,0.846475517,-0.945019241,1.500031816,-0.085527621,0.007902093,0.706137857,0.080324758,1.498561135,-0.546756105,0.259606668,0.950509948,1.026749841,-0.725215646,-1.477837293,,,35800,137.23,1292.6,1.774,-0.804
fewalter,301,0.09813257,0.563463859,-0.073085868,1.334275646,0.108207171,0.005420779,0.757770383,-1.404957838,1.50624536,-1.313491607,0.21288087,0.76310995,-1.184509613,-0.922600974,1.473844242,,,35800,137.23,1292.6,1.774,-0.804
fewalter,302,0.145816594,0.644376812,-0.185218632,1.492280232,-0.109107562,0.007814811,0.772340374,-0.435661965,1.508314023,-0.171184374,0.213294316,0.956971062,-1.138028962,0.653413772,1.334118325,,,35800,137.23,1292.6,1.774,-0.804
fewalter,303,0.145816594,0.658093622,-0.939047709,1.492101326,0.001482663,0.007877698,0.683421414,-0.40603957,1.509661355,0.729961067,0.212325638,0.977568161,-1.138973379,0.677515974,0.638236412,,,35800,137.23,1292.6,1.774,-0.804
fewalter,304,0.085629273,0.923125199,-1.242476674,1.492189602,0.02988284,0.007794684,0.710103757,-0.629558275,1.501916365,-1.194728312,0.197975962,0.772616936,-0.99254638,-1.169975694,1.500092315,,,35800,137.23,1292.6,1.774,-0.804
fewalter,305,0.147255703,0.893388976,0.04767179,1.315180426,-0.725399033,0.008139827,0.674381264,0.13445787,1.505588589,1.027589263,0.356791371,0.501732063,-1.309222664,-1.009907948,1.52043483,,,35800,137.23,1292.6,1.774,-0.804
fewalter,306,0.074830301,0.537162292,-1.417795812,1.496912343,-0.05652192,0.016295672,0.842478927,1.414849241,1.507388191,-1.294452897,0.063414973,0.815131158,0.834221305,-0.956298367,1.503513555,,,35800,137.23,1292.6,1.774,-0.804
fewalter,307,0.145816594,0.658093622,-0.203324763,1.492101326,-0.109107562,0.008142127,0.772340374,-0.435661965,1.509294752,-0.171184374,0.213294316,0.753943282,-1.143270506,0.653413772,0.718382194,,,35800,137.23,1292.6,1.774,-0.804
fewalter,Best Overall,0.133807889,0.964136177,-1.336852532,-0.349506814,-0.616252757,0.215052044,0.902800521,0.185251797,-0.47020488,-0.263794972,0.339389777,0.987387812,1.271447156,-1.219653712,-1.459724616,,,35800,137.23,1292.6,1.774,-0.804
fewalter,309,0.127201149,0.703872535,-0.509096259,1.548549921,-0.861051427,0.20379845,0.974965054,1.481462896,0.070560284,-0.085412469,0.470422411,0.675936249,-0.895492859,1.214677594,1.137361118,,,35800,137.23,1292.6,1.774,-0.804
fewalter,310,0.130659467,0.703872535,-0.52371181,1.542906265,-0.860666643,0.20379845,0.993374706,1.481462896,1.510549612,0.790274359,0.470422411,0.675936249,-0.895492859,1.214677594,1.169611092,,,35800,137.23,1292.6,1.774,-0.804
fewalter,311,0.122824958,0.675384878,-0.31370844,1.566737798,0.526103641,0.048846043,0.577860734,1.31121338,1.570796327,-0.267326902,0.10351262,0.676364361,-1.087937106,-0.025363749,-1.219906565,,,35800,137.23,1292.6,1.774,-0.804
fewalter,312,0.141273016,0.699003162,-0.537194805,1.545338633,0.708196162,0.204987131,0.878884696,1.481462896,1.543640827,-0.073044104,0.413902981,0.670882971,-0.331650907,1.00435273,1.075557322,,,35800,137.23,1292.6,1.774,-0.804
fewalter,313,0.083550567,0.732543106,-0.495190118,1.514816855,-1.281392093,0.183752016,0.69139216,1.472652039,1.5162543,-1.23136075,0.334890465,0.675293404,-1.534289495,1.541264,1.145483877,,,35800,137.23,1292.6,1.774,-0.804
fewalter,314,0.153432331,0.743279169,-0.072660569,1.467896695,0.037372387,0.011299466,0.863146695,0.178421311,1.50112291,1.286952775,0.077966598,0.595359246,0.91302966,-0.397714767,1.537647662,,,35800,137.23,1292.6,1.774,-0.804
fewalter,315,0.114543702,0.553744197,0.378673224,1.568094163,0.8056816,0.008803077,0.839928454,0.382923334,1.507114066,1.313212144,0.198361765,0.654239726,-0.74300137,-0.386702289,-0.878296568,,,35800,137.23,1292.6,1.774,-0.804
fewalter,316,0.10760288,0.760356885,0.819263048,1.536827021,-1.30000132,0.011225923,0.796144965,0.30700924,1.514754461,0.863339483,0.432850951,0.592375456,-0.55240567,-0.019625295,1.532825722,,,35800,137.23,1292.6,1.774,-0.804
fewalter,317,0.117954972,0.528348715,-0.153509744,1.539609726,0.092366547,0.01286941,0.868500764,1.282549335,1.514010156,0.944665574,0.08866709,0.58728494,-1.321554064,0.720212991,1.555826507,,,35800,137.23,1292.6,1.774,-0.804
fewalter,318,0.1217714,0.755074751,0.318919868,1.479914058,0.085713974,0.012724246,0.852097797,0.302268709,1.511818545,0.815141456,0.081294708,0.566131076,0.608141375,-0.4240625,1.512935275,,,35800,137.23,1292.6,1.774,-0.804
fewalter,319,0.123414606,0.536365108,-0.176415332,1.536189107,0.52443873,0.00908133,0.885247713,1.274567732,1.50191734,1.52660733,0.449608227,0.595038535,-1.465758015,-0.562618357,1.505417369,,,35800,137.23,1292.6,1.774,-0.804
fewalter,320,0.124359041,0.752154612,0.55596395,1.558424426,0.58487541,0.012598723,0.5,-0.077963844,1.510121347,-1.570796327,0.057517666,0.580816924,-1.347344589,-0.336253872,1.554317939,,,35800,137.23,1292.6,1.774,-0.804
fewalter,321,0.122144321,0.668487159,0.488403782,1.532385821,-0.332889555,0.012522868,0.563932271,0.322629296,1.515235752,1.556420059,0.075947161,0.58084515,-0.672568158,-0.312631824,1.54731321,,,35800,137.23,1292.6,1.774,-0.804
fewalter,322,0.122064109,0.74410842,0.434157927,1.567503348,0.558690541,0.012374252,0.553843332,-0.562398679,1.515480391,1.528304811,0.078965285,0.948481489,-0.840451329,-0.396672424,1.547904844,,,35800,137.23,1292.6,1.774,-0.804
fewalter,323,0.138407235,0.698079449,0.387941972,1.231565782,0.496496568,0.011395118,0.849806596,0.210093667,1.50611996,1.561457024,0.073373944,0.59009668,0.469669452,-0.2744302,1.537647662,,,35800,137.23,1292.6,1.774,-0.804
fewalter,324,0.119658781,0.675493769,-0.138343345,1.497251118,0.28752388,0.009824181,0.873236556,0.313125123,1.510837258,0.689603146,0.091353023,0.526322523,-1.055703025,-0.389760167,0.835919204,,,35800,137.23,1292.6,1.774,-0.804
fewalter,325,0.138068536,0.754927814,0.388146089,1.231565782,0.496496568,0.011268514,0.849806596,0.210093667,1.500449797,1.54110517,0.073373944,0.59009668,0.743707173,-0.494257793,1.537647662,,,35800,137.23,1292.6,1.774,-0.804
fewalter,326,0.121514361,0.793450624,-0.180196429,1.497087775,0.30781514,0.009399544,0.790858045,0.336467152,1.507410016,1.302660825,0.076685873,0.608975025,-0.681563895,-0.357230939,0.831132032,,,35800,137.23,1292.6,1.774,-0.804
fewalter,327,0.117954972,0.7544609,-0.153509744,1.539609726,0.442533741,0.012996943,0.904660106,1.282549335,1.514010156,0.925933187,0.08866709,0.58728494,-1.321554064,0.720212991,1.555826507,,,35800,137.23,1292.6,1.774,-0.804
fewalter,328,0.107617922,0.771461659,0.696257247,1.504496423,0.320937727,0.012834771,0.796144965,0.308689485,1.514754461,1.430207093,0.432850951,0.59674611,-0.55240567,0.119191099,1.539814688,,,35800,137.23,1292.6,1.774,-0.804
fewalter,329,0.138132254,0.668910497,0.423778411,1.547207631,1.117852873,0.009258237,0.762322061,0.361841333,1.514705814,-1.308070446,0.422023056,0.599483952,1.069172588,-1.506458679,0.836233869,,,35800,137.23,1292.6,1.774,-0.804
fewalter,330,0.121216643,0.776973666,-0.170134193,1.559007948,0.569026134,0.010242765,0.867354191,1.167802487,1.521475583,-1.017516947,0.077354396,0.597602397,-1.365516003,0.794133887,1.522543402,,,35800,137.23,1292.6,1.774,-0.804
fewalter,331,0.116007217,0.787929796,-0.066472852,1.52843978,0.493964581,0.011839653,0.533993863,0.333528141,1.505217184,1.565518143,0.088918976,0.589194273,0.668333173,-0.419309544,1.53078387,,,35800,137.23,1292.6,1.774,-0.804
fewalter,332,0.10605735,0.783597864,-0.068524351,1.442972533,0.287974222,0.009657514,0.787540612,0.313880381,1.508571366,0.101204549,0.089550412,0.566231045,-0.648510683,-0.455160679,0.818099222,,,35800,137.23,1292.6,1.774,-0.804
fewalter,333,0.115250103,0.741785141,0.389584206,1.233186016,0.034431241,0.011304627,0.849806596,0.202348859,1.501257852,1.298110875,0.083545322,0.589858446,0.743707173,-0.548609941,1.537679191,,,35800,137.23,1292.6,1.774,-0.804
fewalter,334,0.115368856,0.547401371,-1.267771655,1.482553866,-0.479375165,0.011895812,0.897243923,0.334042133,1.506193938,1.560152194,0.077369388,0.589194273,0.650891566,-0.078184264,1.546948294,,,35800,137.23,1292.6,1.774,-0.804
fewalter,335,0.115794805,0.975900973,-0.147318883,1.461936326,0.291437094,0.012570106,0.792009332,0.365145438,1.511779116,1.368416099,0.077299823,0.588744784,-1.243784225,0.703152495,-0.928472688,,,35800,137.23,1292.6,1.774,-0.804
fewalter,336,0.115160736,0.783783094,0.783859745,1.530693558,0.476229542,0.013413472,0.767814576,0.272045694,1.51220123,1.569710888,0.010682031,0.578770898,0.833674895,-0.389315003,1.530596259,,,35800,137.23,1292.6,1.774,-0.804
fewalter,337,0.153432331,0.743279169,-0.072660569,1.467896695,0.037353281,0.011299466,0.863146695,0.178421311,1.500491979,1.28990832,0.077966598,0.595494678,0.91302966,-0.397714767,1.537647662,,,35800,137.23,1292.6,1.774,-0.804
fewalter,338,0.117639094,0.653001451,0.60924486,1.450925245,0.348363081,0.008322393,0.980490287,0.474263344,1.497887806,1.570796327,0.076011666,0.59492147,0.691619484,-1.4672102,-0.72652342,,,35800,137.23,1292.6,1.774,-0.804
fewalter,339,0.117460691,0.884521179,-0.026421043,1.347769535,0.507188629,0.00982132,0.750154166,0.172342769,1.512326433,0.385564209,0.036488779,0.552778939,-0.963839793,-0.561053861,0.89697714,,,35800,137.23,1292.6,1.774,-0.804
fewalter,340,0.117412634,0.884521179,-0.026421043,1.347783506,0.507188629,0.009861389,0.742703898,0.172342769,1.512326433,0.385564209,0.036183206,0.55206448,-0.967337039,-0.561053861,0.89670715,,,35800,137.23,1292.6,1.774,-0.804
fewalter,341,0.119687927,0.775866202,-0.091970845,1.463399324,0.316827219,0.009454141,0.789269328,0.331909482,1.508435408,0.839107284,0.089543707,0.571228694,-0.755173361,-0.369288637,0.829326923,,,35800,137.23,1292.6,1.774,-0.804
fewalter,342,0.122749028,0.74270657,-0.416488771,1.485265383,0.524890941,0.011763691,0.866216422,0.425547475,1.516898223,1.49143073,0.085234178,0.584904926,-1.28978937,0.798979412,-0.907145012,,,35800,137.23,1292.6,1.774,-0.804
fewalter,343,0.101611349,0.996662916,-0.236887725,1.530325208,-0.515878539,0.007986905,0.856616826,0.327028329,1.517460275,-0.141343085,0.077470481,0.511391626,-0.621473705,0.771143239,-0.99242798,,,35800,137.23,1292.6,1.774,-0.804
fewalter,344,0.11767327,0.653001451,0.60924486,1.450925245,0.309532125,0.008322393,0.980490287,0.474263344,1.497887806,1.56441838,0.075434032,0.59492147,0.691619484,-1.4672102,-0.72652342,,,35800,137.23,1292.6,1.774,-0.804
fewalter,345,0.115653823,0.972050308,-0.727064382,1.552021259,0.048114063,0.011621313,0.850490046,0.282725227,1.536946365,1.550628879,0.076192016,0.593960987,-0.669870448,-0.350125297,1.567265009,,,35800,137.23,1292.6,1.774,-0.804
fewalter,346,0.123300909,0.792640613,0.402345934,1.457779648,0.656878579,0.008976964,0.792789886,0.401373495,1.506810556,1.512840228,0.060908373,0.52672234,-1.286071869,-0.477726152,0.894952253,,,35800,137.23,1292.6,1.774,-0.804
fewalter,347,0.113985107,0.726425788,0.614521379,1.481459235,0.111749427,0.009490356,0.860234377,0.253285548,1.501770363,0.632674581,0.080557958,0.565165705,-0.668988622,-0.707685032,1.515846023,,,35800,137.23,1292.6,1.774,-0.804
fewalter,348,0.117671831,0.774788841,-0.977435806,1.555541425,0.340932918,0.009156511,0.786602723,0.346696679,1.517861435,1.551850033,0.07728655,0.59013087,-1.366951847,0.76362116,1.53755034,,,35800,137.23,1292.6,1.774,-0.804
fewalter,349,0.124026051,0.88937316,-0.138510533,1.35687806,0.460916855,0.012585271,0.90176515,0.300704901,1.510122531,0.870956559,0.03724602,0.580192462,0.614595896,-0.702978734,1.511973918,,,35800,137.23,1292.6,1.774,-0.804
fewalter,350,0.138987213,0.778735989,0.436605084,1.48125886,0.524568458,0.007997368,0.861691338,0.376841974,1.505297943,1.394647288,0.077390889,0.592135756,0.549459475,-1.33778352,0.770321824,,,35800,137.23,1292.6,1.774,-0.804
fewalter,351,0.10605735,0.746546376,-0.068524351,1.442972533,-0.166277419,0.009808505,0.792378218,0.402058165,1.508571366,0.098730234,0.077176181,0.567753076,-0.648510683,-0.455160679,0.818099222,,,35800,137.23,1292.6,1.774,-0.804
fewalter,352,0.126473062,0.784798728,0.783859745,1.529698544,0.353345541,0.013432973,0.76807916,0.272045694,1.507023362,-0.912845566,0.010682031,0.580843871,0.776747955,-0.462359349,1.52983543,,,35800,137.23,1292.6,1.774,-0.804
fewalter,353,0.114844014,0.755451783,0.801783964,1.532507578,0.104526377,0.011056529,0.843738328,0.368409115,1.4948049,1.566856188,0.020607681,0.591109384,-1.356237272,-0.479635799,1.562772013,,,35800,137.23,1292.6,1.774,-0.804
fewalter,354,0.119654133,0.79806274,-0.401026118,1.497287038,0.539855959,0.009657514,0.876329414,-0.180708842,1.508571366,1.173514016,0.062985579,0.541804986,-0.694420318,-0.394002822,0.861581032,,,35800,137.23,1292.6,1.774,-0.804
fewalter,355,0.126473062,0.780373156,0.781210376,1.529667498,-0.461385283,0.013832435,0.768329282,0.27707424,1.507676892,1.510243352,0.064416659,0.584273108,0.698152358,-0.605094675,1.531165182,,,35800,137.23,1292.6,1.774,-0.804
fewalter,356,0.117528392,0.741844116,0.381311051,1.464469246,0.495263015,0.011299466,0.84979328,0.50481929,1.501894303,1.298723898,0.079518974,0.585960144,0.740356809,-0.659514934,1.537647662,,,35800,137.23,1292.6,1.774,-0.804
fewalter,357,0.120328498,0.782815637,-0.164011695,1.531334317,0.086321759,0.009815697,0.86833656,1.228931837,1.513375854,0.894715369,0.091321667,0.597393354,-1.316821884,0.800139968,1.555826507,,,35800,137.23,1292.6,1.774,-0.804
fewalter,358,0.12074942,0.794733934,0.614521379,1.482192177,0.111749427,0.009490356,0.790344458,0.253285548,1.501249824,0.632526219,0.080557958,0.565165705,-0.668988622,-0.731017998,1.515846023,,,35800,137.23,1292.6,1.774,-0.804
fewalter,359,0.120954698,0.666459126,-0.152250364,1.558104249,-0.464378593,0.012580935,0.571570316,0.44110673,1.517952508,1.482278162,0.102084121,0.582323665,-0.677471646,-0.344762615,0.824363021,,,35800,137.23,1292.6,1.774,-0.804
fewalter,360,0.10991799,0.904532723,-0.106874455,1.466754322,0.493135287,0.011715255,0.71440342,0.265729786,1.510592118,1.426797671,0.109053463,0.580587595,-0.991755995,0.563211209,-0.695503959,,,35800,137.23,1292.6,1.774,-0.804
fewalter,361,0.115490376,0.741275976,0.389535355,1.550165956,0.755201877,0.008123898,0.857013956,0.287337318,1.504663194,-0.668991907,0.077520468,0.587718878,-0.672881857,-0.425868482,1.527831629,,,35800,137.23,1292.6,1.774,-0.804
fewalter,362,0.110288182,0.610057438,0.573581098,1.460966143,1.071921869,0.01050925,0.877795483,0.435541077,1.503692276,1.529638393,0.413042544,0.587805656,-0.465388597,-0.689961189,0.908229007,,,35800,137.23,1292.6,1.774,-0.804
fewalter,363,0.116961409,0.778792054,-0.545510494,1.552401036,0.460640952,0.012577128,0.560339187,0.300273217,1.512055818,1.565822636,0.079627973,0.58876173,0.60688824,-0.434797425,0.692775141,,,35800,137.23,1292.6,1.774,-0.804
fewalter,364,0.119445195,0.79806274,-0.123124796,1.489341398,0.307263169,0.009657514,0.787540687,-0.180708842,1.508571366,1.302660825,0.089654294,0.549898917,-0.694969758,-0.369288637,0.832343587,,,35800,137.23,1292.6,1.774,-0.804
fewalter,365,0.117748659,0.550062937,-0.067643506,1.497335295,0.551355513,0.007884726,0.501577456,-0.156957019,1.504825205,1.461077636,0.085077742,0.796379682,-1.466627515,-0.681250698,1.50666115,,,35800,137.23,1292.6,1.774,-0.804
fewalter,366,0.138132254,0.545436402,0.423778411,1.544022308,0.521309533,0.009337952,0.770226902,0.282082632,1.505423694,1.554797711,0.181627481,0.520162952,-0.504180229,-1.480264933,1.462213886,,,35800,137.23,1292.6,1.774,-0.804
fewalter,367,0.121690751,0.554353139,0.593974367,1.485193167,0.577530446,0.008322393,0.543313226,0.383168805,1.501469656,1.570796327,0.064332419,0.596141471,0.68367064,-1.570796327,1.409203381,,,35800,137.23,1292.6,1.774,-0.804
fewalter,368,0.117495678,0.701389266,-0.026421043,1.347431954,0.510489342,0.009821497,0.864174154,0.172259493,1.510012451,0.385564209,0.075656213,0.552778939,-0.657401941,-0.552244476,0.866243603,,,35800,137.23,1292.6,1.774,-0.804
fewalter,369,0.114688156,0.642117387,0.565753906,1.558775059,1.21619854,0.012981866,0.5,0.21997744,1.522218042,-1.570796327,0.046265123,0.584772825,0.900971248,-0.378728025,1.554449538,,,35800,137.23,1292.6,1.774,-0.804
fewalter,370,0.11971359,0.787622769,0.427329518,1.528262035,0.76175758,0.008130999,0.564415805,0.349628185,1.504370857,0.868408965,0.07846408,0.589005534,0.214923495,-0.469110754,0.70149813,,,35800,137.23,1292.6,1.774,-0.804
fewalter,371,0.121529785,0.767231896,-0.416460253,1.484659043,0.524890941,0.011665552,0.866178588,0.381689661,1.516879972,1.541354586,0.08458233,0.584904926,-1.291063274,0.807851745,-0.903758178,,,35800,137.23,1292.6,1.774,-0.804
fewalter,372,0.066502124,0.692279166,-0.027905384,1.549473326,0.309270241,0.007926118,0.819420211,0.539007432,1.503584309,0.935825872,0.055321757,0.604918517,-1.319450781,0.727934216,1.543042814,,,35800,137.23,1292.6,1.774,-0.804
fewalter,373,0.138925152,0.938924862,0.391345493,1.534082658,-1.32070822,0.010414278,0.860305097,0.306972219,1.506190274,1.562414177,0.077378388,0.503277756,-1.317177717,-0.009121881,0.800161515,,,35800,137.23,1292.6,1.774,-0.804
fewalter,374,0.1235175,0.578450707,0.422834804,1.458648964,0.681083855,0.009116227,0.897895152,0.288152427,1.501625224,1.529263479,0.294029408,0.597647582,-1.436199193,0.782777766,1.417983109,,,35800,137.23,1292.6,1.774,-0.804
fewalter,375,0.110262631,0.903423794,-0.094660391,1.453720688,0.505519709,0.009821497,0.878507512,0.16837546,1.510012451,0.391071467,0.075656213,0.552778939,-0.612605094,-0.552244476,0.897993306,,,35800,137.23,1292.6,1.774,-0.804
fewalter,376,0.123325992,0.672177416,0.530632952,1.535729297,0.551837577,0.012680344,0.586186813,-0.009341127,1.509357663,1.382661754,0.077267119,0.577376374,0.610689186,-0.363402414,1.498222124,,,35800,137.23,1292.6,1.774,-0.804
fewalter,377,0.120229882,0.80431665,-0.068809278,1.497473316,0.314845128,0.009657514,0.579735007,0.341186485,1.508571366,1.311301515,0.089577125,0.53753029,-0.694969758,-0.369288637,0.832343587,,,35800,137.23,1292.6,1.774,-0.804
fewalter,378,0.117175897,0.544430832,-0.050680656,1.525652082,0.001387153,0.01034642,0.866220338,0.313505657,1.506336083,1.482961217,0.082913263,0.551243432,-0.908254766,0.559056763,1.47598612,,,35800,137.23,1292.6,1.774,-0.804
fewalter,379,0.114752805,0.756989785,0.514488573,1.481253022,0.875857978,0.009011403,0.880957859,0.383825879,1.503012796,1.39239714,0.080743252,0.605722005,-1.30497618,0.681136995,-0.839923443,,,35800,137.23,1292.6,1.774,-0.804
fewalter,380,0.117476086,0.696844794,-0.152032437,1.467886841,0.495077328,0.011299466,0.843687727,0.353008089,1.501892883,1.309854848,0.077392538,0.585971121,0.936906892,-0.656551364,1.537647662,,,35800,137.23,1292.6,1.774,-0.804
fewalter,381,0.116207561,0.653001451,0.587785335,1.484782365,0.577235166,0.008343149,0.79914537,0.474263344,1.501469656,1.570796327,0.072663355,0.59492147,0.689645889,-1.570796327,1.404484518,,,35800,137.23,1292.6,1.774,-0.804
fewalter,382,0.07178931,0.755757167,-0.050680656,1.530961812,0.021493889,0.008617722,0.967564393,0.42508981,1.514645341,1.551483799,0.077223504,0.628053916,-1.200814703,0.549508412,-0.592565058,,,35800,137.23,1292.6,1.774,-0.804
fewalter,383,0.119182918,0.661103568,0.694544754,1.529733603,0.993675444,0.010529963,0.768087106,0.265239182,1.505321392,1.383786043,0.079008099,0.580666779,0.739637222,-0.363402414,1.532203216,,,35800,137.23,1292.6,1.774,-0.804
fewalter,384,0.117009496,0.548970338,-0.165569534,1.563438328,0.588108232,0.012998027,0.540413739,0.005291556,1.517623136,1.538014149,0.08169209,0.665242959,-1.365295171,0.719270417,-0.803510844,,,35800,137.23,1292.6,1.774,-0.804
fewalter,385,0.114539203,0.795342893,0.448848263,1.460951228,0.825164902,0.010496128,0.897895152,0.428367708,1.503608947,1.529263479,0.414144078,0.597647582,-0.495397572,-0.594917396,0.909799454,,,35800,137.23,1292.6,1.774,-0.804
fewalter,386,0.117131576,0.736037354,0.369007489,1.555091841,0.104724199,0.008681894,0.853086307,0.287336633,1.50621161,-1.4928663,0.044963677,0.587632991,0.747877403,-0.251524921,1.537647662,,,35800,137.23,1292.6,1.774,-0.804
fewalter,387,0.117654145,0.653001451,0.60924486,1.462038514,0.309532125,0.008322393,0.783790746,0.474263344,1.498150933,0.877251456,0.09125249,0.59492147,-0.673337188,-1.4672102,-0.72652342,,,35800,137.23,1292.6,1.774,-0.804
fewalter,388,0.138132254,0.593245266,0.423778411,1.543977682,0.521309533,0.009337952,0.770226902,0.355546586,1.505423694,1.302587089,0.181627481,0.520162952,-0.449412912,-1.480264933,1.462213886,,,35800,137.23,1292.6,1.774,-0.804
fewalter,389,0.116131569,0.76882018,0.438441538,1.528278666,0.295821027,0.0104708,0.762373272,0.509841175,1.516139548,1.476038219,0.075956232,0.580724135,0.333348449,-0.49498698,1.550878006,,,35800,137.23,1292.6,1.774,-0.804
fewalter,390,0.117066795,0.787378245,-0.217470683,1.495676184,1.247799684,0.010581299,0.760236899,0.460248668,1.506116518,1.564608268,0.193663686,0.599660714,-1.264800973,0.754345529,0.810338201,,,35800,137.23,1292.6,1.774,-0.804
fewalter,391,0.118019997,0.759557176,-0.072092934,1.527995932,0.498666266,0.011820152,0.768907521,0.492214409,1.516139548,1.47465637,0.077945387,0.580890768,0.347936013,-0.369289527,1.550878006,,,35800,137.23,1292.6,1.774,-0.804
fewalter,392,0.127126969,0.766694198,0.397551752,1.485673719,0.611928285,0.007935131,0.953974148,0.498751257,1.501912981,-1.547467968,0.090932231,0.56618065,-1.46203032,-1.498479056,0.803897011,,,35800,137.23,1292.6,1.774,-0.804
fewalter,393,0.122064109,0.6750162,0.434157927,1.543969081,0.564889205,0.012468424,0.876623448,0.139366594,1.515281055,1.556420059,0.062250638,0.580858942,-0.48816622,-0.399287372,1.54731321,,,35800,137.23,1292.6,1.774,-0.804
fewalter,394,0.118076708,0.671900603,-0.10494522,1.538556615,0.031712103,0.012983809,0.863385825,0.209461244,1.501193321,1.306956745,0.079773625,0.594562983,-1.155079968,0.784409596,1.544471612,,,35800,137.23,1292.6,1.774,-0.804
fewalter,395,0.118070313,0.784233712,-0.930917187,1.460868325,0.558423403,0.012998027,0.554954605,0.339510154,1.517165207,1.550214591,0.064235352,0.586529022,-1.372602645,0.784985739,-0.883767497,,,35800,137.23,1292.6,1.774,-0.804
fewalter,396,0.120190881,0.752497012,-0.038970998,1.482722759,0.398346711,0.012573375,0.866336094,0.257184471,1.504970701,0.898495353,0.070505011,0.584849078,0.632592163,-0.480996561,0.788856174,,,35800,137.23,1292.6,1.774,-0.804
fewalter,397,0.12050851,0.787908308,0.577448151,1.485339755,0.764289062,0.008087422,0.979503187,-0.218730593,1.502238114,-1.221114656,0.397007992,0.518879888,-0.819682556,-0.482613464,-0.821150013,,,35800,137.23,1292.6,1.774,-0.804
fewalter,398,0.121828598,0.705404475,0.685441096,1.561572255,0.629176538,0.00969338,0.857401115,0.338006537,1.51036162,1.392599494,0.077389956,0.585198489,-1.278633609,-1.338965136,-0.824366284,,,35800,137.23,1292.6,1.774,-0.804
fewalter,399,0.118750421,0.926133473,0.795326353,1.531482702,0.52589596,0.012590063,0.798149324,0.251992704,1.504873927,-1.491104025,0.067400632,0.609064995,-1.404634058,0.77504399,-0.730135449,,,35800,137.23,1292.6,1.774,-0.804
fewalter,400,0.114834132,0.756187872,0.79666692,1.532507578,0.505548912,0.011250926,0.500115827,0.360632841,1.515423225,-1.417715059,0.020576258,0.591109384,-0.914976674,-0.479635799,1.562772013,,,35800,137.23,1292.6,1.774,-0.804
fewalter,401,0.114688156,0.637756746,0.524187897,1.531352987,1.216867829,0.012982104,0.5,0.21997744,1.522016218,-1.570796327,0.046265123,0.586348978,0.907210213,-0.378679514,1.554449538,,,35800,137.23,1292.6,1.774,-0.804
fewalter,402,0.11167021,0.635750624,0.536681438,1.536746384,0.206941257,0.0130532,0.507678175,-0.056283707,1.522147052,-1.570796327,0.046265123,0.577860873,0.626178908,-0.380991587,1.570796327,,,35800,137.23,1292.6,1.774,-0.804
fewalter,403,0.138030293,0.703047577,0.39737206,1.465436702,0.608194653,0.007994548,0.862872518,0.352196218,1.505361708,1.379271168,0.077390889,0.567271869,-1.380686954,-1.337522176,0.795175194,,,35800,137.23,1292.6,1.774,-0.804
fewalter,404,0.125674125,0.79101767,0.397411719,1.552666447,0.780277342,0.008997882,0.846794478,0.271873971,1.501772361,1.545668646,0.471767014,0.565165705,-0.563646648,0.819491568,1.504752085,,,35800,137.23,1292.6,1.774,-0.804
fewalter,405,0.121324231,0.782524848,-0.170134193,1.562361951,0.564883753,0.01118877,0.867377612,1.167802487,1.52158368,1.552952707,0.077354396,0.596551524,-1.365516003,0.797466335,1.522490849,,,35800,137.23,1292.6,1.774,-0.804
fewalter,406,0.106565505,0.774787529,0.407587837,1.559004291,1.272336894,0.01164936,0.854680698,0.169459304,1.518390392,-1.114990432,0.07653986,0.579671902,-1.365193563,0.690737744,1.539582907,,,35800,137.23,1292.6,1.774,-0.804
fewalter,407,0.121077963,0.802490524,0.55233369,1.49116358,0.309762836,0.010708841,0.771418858,0.311697615,1.50260319,1.351746564,0.070567172,0.610533965,0.693159112,-0.500448185,0.813002841,,,35800,137.23,1292.6,1.774,-0.804
fewalter,408,0.10760288,0.795067991,0.804738044,1.536827021,0.550965909,0.011225923,0.796144965,0.324065446,1.514754461,0.866447073,0.432850951,0.587560019,-0.55240567,0.377434195,1.532825722,,,35800,137.23,1292.6,1.774,-0.804
fewalter,409,0.116025929,0.7565269,-1.120174608,1.481136636,-0.479375165,0.011848006,0.762455488,0.336885594,1.505217184,1.512524199,0.084272876,0.589194273,0.618251969,-0.078184264,1.528960685,,,35800,137.23,1292.6,1.774,-0.804
fewalter,410,0.111842019,0.642334615,0.402869854,1.558775059,0.627727915,0.013004449,0.5,-0.064573693,1.522077506,-1.4770307,0.046265123,0.582692072,0.907210213,-0.445552497,1.554579211,,,35800,137.23,1292.6,1.774,-0.804
fewalter,411,0.118051647,0.761564989,0.438441538,1.489176648,0.510603662,0.011798141,0.771425476,0.514775086,1.516139548,1.47465637,0.077758014,0.581050848,0.673196933,-0.38107259,1.550878006,,,35800,137.23,1292.6,1.774,-0.804
fewalter,412,0.117036504,0.551642994,-0.15512521,1.481825792,0.258664261,0.012998027,0.540413739,0.259360592,1.517165207,1.551909222,0.063924803,0.586374772,-1.365295171,0.772773565,-0.807163922,,,35800,137.23,1292.6,1.774,-0.804
fewalter,413,0.115562167,0.937157431,-0.175309064,1.488942782,0.110557912,0.012535026,0.85988331,0.73067584,1.510867736,0.844017428,0.077132693,0.536636001,-0.499246545,-0.442286442,0.990478635,,,35800,137.23,1292.6,1.774,-0.804
fewalter,414,0.138312902,0.785859621,-0.067619936,1.556886049,-0.149793849,0.010522006,0.882958195,0.39889064,1.511319031,-1.358152232,0.074155391,0.526780053,-1.319447514,-0.421294968,1.457808676,,,35800,137.23,1292.6,1.774,-0.804
fewalter,415,0.11758737,0.780210166,0.561855522,1.558775059,1.277287765,0.011645034,0.522316341,0.418124444,1.510833889,-1.570796327,0.046223569,0.583738298,0.907210213,-0.347389546,1.554449538,,,35800,137.23,1292.6,1.774,-0.804
fewalter,416,0.121042849,0.890994062,-0.026421043,1.351239188,0.496467913,0.009816172,0.568157457,0.171508152,1.512326433,0.358595019,0.103020715,0.580632682,-0.963839793,-0.32668197,0.897022397,,,35800,137.23,1292.6,1.774,-0.804
fewalter,417,0.119687927,0.879067903,0.457820374,1.466417265,0.316827219,0.009454141,0.78721393,0.331909482,1.508435408,0.425870992,0.089543707,0.571228694,-0.755173361,-0.574148045,0.829326923,,,35800,137.23,1292.6,1.774,-0.804
fewalter,418,0.119687927,0.775866202,-0.09269117,1.463399324,0.316827219,0.00945227,0.789269328,0.331909482,1.508435408,1.562690961,0.089543707,0.571228694,-0.760265964,-0.355203897,0.829326923,,,35800,137.23,1292.6,1.774,-0.804
fewalter,419,0.109878727,0.55184403,-0.004825134,1.52849191,0.265829686,0.011710434,0.819897604,-0.022010523,1.517144862,1.570796327,0.079174001,0.617893033,-1.212419181,0.572212568,-0.813119501,,,35800,137.23,1292.6,1.774,-0.804
fewalter,420,0.119068566,0.703047577,0.439740291,1.481251691,0.299237416,0.007994548,0.85907201,0.344219641,1.501912981,1.082640918,0.077390889,0.567271869,-1.123626786,-0.405869813,0.795175194,,,35800,137.23,1292.6,1.774,-0.804
fewalter,421,0.071850607,0.78229526,0.652321362,1.529174531,0.011565838,0.00931606,0.790968058,-0.921281106,1.514970221,1.550992562,0.077268386,0.532578756,-0.629579819,0.510764621,-0.677081813,,,35800,137.23,1292.6,1.774,-0.804
fewalter,422,0.115437601,0.744897617,0.797455989,1.533560928,0.096536467,0.012839892,0.866533532,0.851976413,1.501235394,1.552978238,0.074605785,0.589906363,0.736597738,-0.489348402,1.527805202,,,35800,137.23,1292.6,1.774,-0.804
fewalter,423,0.106397381,0.671900603,0.367807447,1.541396071,0.031712103,0.011393164,0.917128386,0.209461244,1.501193321,1.310614139,0.098167814,0.595030469,-1.155079968,0.818792662,1.555800259,,,35800,137.23,1292.6,1.774,-0.804
fewalter,424,0.117476086,0.74367588,-0.152032437,1.467896695,1.219531784,0.011299466,0.840307777,0.50481929,1.501892883,1.292064495,0.079518974,0.585960144,0.740356809,-0.656551364,1.545469413,,,35800,137.23,1292.6,1.774,-0.804
fewalter,425,0.116953874,0.690193037,-0.147362212,1.497251118,0.288407871,0.009684087,0.864804939,0.327368843,1.509063834,-1.097753281,0.088604779,0.525298803,-1.055703025,-0.331727955,0.817483633,,,35800,137.23,1292.6,1.774,-0.804
fewalter,426,0.118432298,0.702120945,0.401702066,1.466310135,0.283521495,0.007997951,0.785164817,1.253172523,1.500815125,1.413918855,0.105789872,0.598805837,0.022397207,-0.743625308,0.994866757,,,35800,137.23,1292.6,1.774,-0.804
fewalter,427,0.121512416,0.65375575,-0.180196429,1.497069441,0.572991949,0.008333081,0.999695227,0.364935802,1.507886732,1.277876464,0.076685873,0.608975025,-0.681563895,-0.357230939,0.831132032,,,35800,137.23,1292.6,1.774,-0.804
fewalter,428,0.11799604,0.782868982,-0.155020682,1.482056854,0.283193507,0.012998027,0.889306412,1.114365236,1.51768532,1.553501096,0.0773676,0.600147497,-1.282608125,0.717468981,-0.886602079,,,35800,137.23,1292.6,1.774,-0.804
fewalter,429,0.121324231,0.782521096,-0.170134193,1.559007948,0.574400533,0.011649543,0.520618984,0.343917558,1.521413399,-1.136841791,0.077100226,0.597596902,-1.365516003,0.799267771,1.522655857,,,35800,137.23,1292.6,1.774,-0.804
fewalter,430,0.115235092,0.739078638,-0.056254031,1.239597381,0.037787246,0.011304627,0.85006954,0.206980047,1.505180483,1.298110875,0.089299726,0.586398796,0.743707173,-0.600632769,1.537534467,,,35800,137.23,1292.6,1.774,-0.804
fewalter,431,0.124327413,0.773675837,0.561494657,1.536858845,0.581992344,0.011669087,0.861608655,0.300273217,1.511958102,1.561827557,0.057331689,0.875944542,0.60688824,-0.336075875,1.497877695,,,35800,137.23,1292.6,1.774,-0.804
fewalter,432,0.118765228,0.932793337,0.74890481,1.481677964,0.52589596,0.012590063,0.866161938,0.433631031,1.505145583,-1.491104025,0.064269627,0.609064995,-1.404634058,0.77504399,-0.890397761,,,35800,137.23,1292.6,1.774,-0.804
fewalter,433,0.100479072,0.769373983,-0.167565416,1.530298731,-0.446831544,0.011351526,0.54058072,1.187715762,1.521477725,1.540763529,0.077640268,0.511391626,-0.621473705,0.796572711,-1.006093367,,,35800,137.23,1292.6,1.774,-0.804
fewalter,434,0.117954972,0.752681328,-0.105078108,1.539609726,0.086321759,0.01286941,0.868500764,0.285520684,1.509222515,-0.57437657,0.088690779,0.596886225,-1.29355754,0.8076982,1.55726582,,,35800,137.23,1292.6,1.774,-0.804
fewalter,435,0.12050851,0.787908308,0.453617967,1.480987444,0.764289062,0.007770176,0.979503187,-0.225131606,1.502231102,-1.221114656,0.405263436,0.501867722,-0.819682556,-0.482613464,-0.821150013,,,35800,137.23,1292.6,1.774,-0.804
fewalter,436,0.120834814,0.807744852,0.608592048,1.4861581,0.135589938,0.011889593,0.861608655,0.340715858,1.512101365,1.518747222,0.07711319,0.92335829,-1.159111928,-0.363402414,1.498222124,,,35800,137.23,1292.6,1.774,-0.804
fewalter,437,0.117072658,0.750661037,-0.053912288,1.524667331,0.129581517,0.01034642,0.870922273,-0.484274976,1.512172618,1.467047968,0.079049615,0.588659742,-1.208403715,0.559146426,-0.276310437,,,35800,137.23,1292.6,1.774,-0.804
fewalter,438,0.115643954,0.758403949,-0.139465572,1.533645588,0.293602766,0.009263036,0.793928036,-0.66714634,1.517795729,1.551850033,0.239679917,0.585807924,-0.548084989,0.725553072,-0.49421928,,,35800,137.23,1292.6,1.774,-0.804
fewalter,439,0.121558721,0.697308554,-0.026421043,1.351239188,0.513099095,0.009472356,0.74950686,0.148087691,1.512326433,0.413820198,0.036719639,0.606233101,-0.952048663,-0.356890147,0.863494826,,,35800,137.23,1292.6,1.774,-0.804
fewalter,440,0.113838412,0.755821281,0.687651395,1.539609726,0.086321759,0.01286941,0.86635963,1.221199544,1.514010156,1.508012476,0.072253822,0.596782602,-1.366284409,0.800139968,1.559857642,,,35800,137.23,1292.6,1.774,-0.804
fewalter,441,0.121828598,0.504815503,0.687789843,1.564185502,0.032802117,0.009561816,0.857075053,0.337963645,1.510465514,1.560010932,0.077373523,0.586591346,-1.310622711,-1.492727667,-0.757625387,,,35800,137.23,1292.6,1.774,-0.804
fewalter,442,0.118826461,0.705142847,0.402776431,1.529654603,0.512939819,0.007994388,0.578411351,0.339299504,1.505448345,1.3602364,0.077527112,0.56604338,-1.412994265,-0.418084383,1.54239904,,,35800,137.23,1292.6,1.774,-0.804
fewalter,443,0.117783008,0.784488373,0.397950642,1.471323232,-1.452659832,0.011196582,0.783848201,0.379543727,1.510874721,-1.286266092,0.084701897,0.598805837,0.54315101,-0.743625308,0.98140737,,,35800,137.23,1292.6,1.774,-0.804
fewalter,444,0.117838979,0.755451783,0.762104457,1.476668465,0.104526377,0.011019048,0.849425569,0.368409115,1.494614266,1.566856188,0.020607681,0.591109384,0.664913509,-0.479635799,1.562772013,,,35800,137.23,1292.6,1.774,-0.804
fewalter,445,0.119208012,0.776221651,0.515255539,1.535729297,0.55324904,0.012997902,0.776829898,0.263372833,1.509357663,1.386143978,0.077267119,0.577376374,0.610689186,-0.357229752,1.498222124,,,35800,137.23,1292.6,1.774,-0.804
fewalter,446,0.12092862,0.671843157,-0.152250364,1.56050783,-0.444458844,0.009437148,0.56621013,0.124899416,1.507715224,-1.331485566,0.071147601,0.613426403,-0.109462043,-0.334807476,0.831315348,,,35800,137.23,1292.6,1.774,-0.804
fewalter,447,0.138987213,0.758464348,0.435163132,1.48733844,0.279907179,0.007997368,0.861486718,0.376266538,1.50527356,1.397036313,0.07762637,0.592135756,-0.657225422,-1.33778352,1.423199819,,,35800,137.23,1292.6,1.774,-0.804
fewalter,448,0.118109081,0.937805834,-0.178379595,1.481124839,0.109655193,0.008546424,0.877338663,0.320981492,1.505840726,0.866447073,0.072672028,0.595101842,0.520615814,-1.499634202,1.5201438,,,35800,137.23,1292.6,1.774,-0.804
fewalter,449,0.117699312,0.545262407,-0.004825134,1.547149847,0.34112099,0.011645214,0.81968751,-0.022010523,1.514645341,0.917874248,0.079169926,0.617893033,-1.20526444,0.559056763,-0.55573187,,,35800,137.23,1292.6,1.774,-0.804
fewalter,450,0.119749333,0.696529625,0.433463745,1.481206042,0.602986017,0.007994548,0.887263886,0.417701917,1.50132405,-1.271225855,0.077390889,0.567271869,-1.473881833,0.807343126,0.755583498,,,35800,137.23,1292.6,1.774,-0.804
fewalter,451,0.119479718,0.651311439,-0.137291682,1.484248394,0.462076588,0.00965473,0.865038362,-0.748862502,1.510709055,1.40573036,0.084407849,0.566303997,0.172294917,-0.580215375,0.8867671,,,35800,137.23,1292.6,1.774,-0.804
fewalter,452,0.122097506,0.764627357,-0.504613279,1.558757121,1.216151933,0.011602262,0.682759333,0.496203233,1.521560018,-1.015574588,0.090532197,0.597640732,-0.693072573,0.395922941,1.523123707,,,35800,137.23,1292.6,1.774,-0.804
fewalter,453,0.126473062,0.790221301,0.781210376,1.531289087,-0.461385283,0.014220753,0.86171484,0.302206695,1.504261442,1.510893111,0.467263704,0.584273108,-0.48762823,-0.606032522,1.531165182,,,35800,137.23,1292.6,1.774,-0.804
fewalter,454,0.067431395,0.675656921,-0.293627963,1.467099762,0.509247392,0.011820853,0.869607405,0.649671977,1.501374417,1.305360556,0.021206611,0.595887439,-1.504317665,0.669921959,1.546786544,,,35800,137.23,1292.6,1.774,-0.804
fewalter,455,0.117557753,0.531666231,-0.118295173,1.483076342,0.530976789,0.011667766,0.913700102,0.379223044,1.510705867,-1.309287451,0.080532252,0.500622129,0.54124506,-0.518529461,0.948395414,,,35800,137.23,1292.6,1.774,-0.804
fewalter,456,0.120940099,0.784182482,0.536953479,1.46147536,0.305357417,0.009417146,0.788001653,0.122576697,1.504700021,-1.331788331,0.072456305,0.612988598,-0.399762913,-0.50979166,0.896759265,,,35800,137.23,1292.6,1.774,-0.804
fewalter,457,0.117451197,0.5628174,0.400684908,1.485648564,0.80427781,0.008570895,0.865162043,0.240186055,1.504934752,0.370009366,0.035042087,0.61607363,-0.704323942,-0.360267928,0.76401884,,,35800,137.23,1292.6,1.774,-0.804
fewalter,458,0.12208179,0.782868982,-0.138144627,1.482586218,0.280553946,0.012998027,0.841917058,1.114365236,1.51501217,1.553501096,0.081112689,0.600321749,-1.282608125,0.717468981,-0.886602079,,,35800,137.23,1292.6,1.774,-0.804
fewalter,459,0.116947859,0.7403787,-0.16573615,1.479826947,0.590309542,0.009906892,0.855995599,0.300600075,1.508587935,-0.892365303,0.077310635,0.502162687,-1.317177717,-0.02013741,0.800521332,,,35800,137.23,1292.6,1.774,-0.804
fewalter,460,0.12157634,0.743749802,-0.137367023,1.569340563,0.479238796,0.01414732,0.864794265,-0.568439398,1.520645171,-1.01053016,0.070788419,0.524921984,-1.032531044,-0.354259323,0.741766579,,,35800,137.23,1292.6,1.774,-0.804
fewalter,461,0.133034251,0.754246086,0.379772175,1.225389952,0.496496568,0.011445699,0.84492237,0.218501775,1.505829964,-1.500803632,0.073479034,0.573333788,0.631226526,-0.287623366,1.459043685,,,35800,137.23,1292.6,1.774,-0.804
fewalter,462,0.114819851,0.784798728,0.766392944,1.529698544,-0.461385283,0.013432973,0.768475439,0.272045694,1.506601132,1.201156521,0.011913379,0.58400603,0.776747955,-0.494848542,1.530013099,,,35800,137.23,1292.6,1.774,-0.804
fewalter,463,0.11569139,0.646874923,0.442913985,1.558775059,0.12680293,0.014220903,0.908183464,0.004703589,1.52299048,-1.570796327,0.078489493,0.584829219,1.124994675,-0.368325306,1.554449538,,,35800,137.23,1292.6,1.774,-0.804
fewalter,464,0.126827425,0.773314466,-0.103314674,1.53970917,1.239226186,0.011587324,0.677277425,0.499650178,1.509782646,-1.26378978,0.088792122,0.753199912,-0.693072573,0.395922941,1.550261841,,,35800,137.23,1292.6,1.774,-0.804
fewalter,465,0.123515749,0.551489747,0.453283137,1.54129617,0.679006468,0.009036977,0.897895152,0.288584548,1.501625224,1.529263479,0.293823375,0.597690243,-1.437393628,0.800397472,1.41732584,,,35800,137.23,1292.6,1.774,-0.804
fewalter,466,0.119018443,0.783150963,0.561855522,1.558539597,0.173842151,0.011645034,0.870777853,-0.078678832,1.51752848,-1.570796327,0.046265123,0.583546564,0.907210213,-0.381499541,1.554449538,,,35800,137.23,1292.6,1.774,-0.804
fewalter,467,0.119787758,0.651406017,0.607352436,1.462038514,-1.270202935,0.008326049,0.783790746,0.474263344,1.498150933,0.877251456,0.09125249,0.59492147,-0.678390262,-1.057726019,-0.857470546,,,35800,137.23,1292.6,1.774,-0.804
fewalter,468,0.119425916,0.79976119,-0.068809278,1.486349137,1.013125738,0.009657514,0.789004212,-0.180708842,1.50862428,0.895987262,0.087942712,0.580668478,-0.663189128,-0.347574328,0.816857433,,,35800,137.23,1292.6,1.774,-0.804
fewalter,469,0.126473062,0.788892314,0.781210376,1.529667498,-0.461385283,0.013797092,0.768329282,0.230725841,1.507676892,1.423482121,0.064515219,0.572111648,-0.769173934,-0.605094675,1.531165182,,,35800,137.23,1292.6,1.774,-0.804
fewalter,470,0.117072658,0.750661037,0.495238962,1.524667331,0.127198789,0.01034642,0.881386253,-0.481120545,1.512170752,1.50649942,0.074492945,0.589290913,-1.208403715,0.559146426,0.919824574,,,35800,137.23,1292.6,1.774,-0.804
fewalter,471,0.120019755,0.538843088,0.00465533,1.353582307,0.521309533,0.009488308,0.768872785,0.281068844,1.507422034,-0.007230139,0.062007341,0.585840533,0.496220521,-0.452104554,0.790076807,,,35800,137.23,1292.6,1.774,-0.804
fewalter,472,0.106353081,0.671900603,0.367807447,1.541396071,0.031712103,0.011393164,0.917128386,0.20796794,1.501193321,1.310010901,0.098167814,0.595030469,-1.154455626,0.818792662,1.555800259,,,35800,137.23,1292.6,1.774,-0.804
fewalter,473,0.114813401,0.758046043,-0.085646682,1.486349137,1.013125738,0.009657514,0.883707024,-0.180708842,1.508422149,0.895987262,0.087942712,0.580668478,-0.663189128,-0.347574328,0.816857433,,,35800,137.23,1292.6,1.774,-0.804
fewalter,474,0.11936532,0.798704932,0.531325977,1.481253022,0.875857978,0.009011403,0.786255048,0.383825879,1.503214927,1.39239714,0.080743252,0.605722005,-1.30497618,0.681136995,-0.839923443,,,35800,137.23,1292.6,1.774,-0.804
fewalter,475,0.137766032,0.703047577,0.39737206,1.481656995,0.608194653,0.007994548,0.862872518,0.353845827,1.505361708,1.379271168,0.077390889,0.585580616,-1.380686954,-1.337522176,0.795175194,,,35800,137.23,1292.6,1.774,-0.804
fewalter,476,0.126473062,0.786462147,0.783859745,1.530594892,-0.461385283,0.009405455,0.77224775,-1.345234982,1.504116358,1.489484424,0.010682031,0.569021737,0.292927442,-0.462336964,1.514649472,,,35800,137.23,1292.6,1.774,-0.804
fewalter,477,0.121108815,0.884957299,-0.024778945,1.345660734,0.56918949,0.011256511,0.739030376,1.167802487,1.509698211,0.411040073,0.036894013,0.59698374,-0.990267189,-0.640281457,1.531944684,,,35800,137.23,1292.6,1.774,-0.804
fewalter,478,0.126414664,0.530015603,-0.293627963,1.482048242,0.490301214,0.011820923,0.91273585,0.649671977,1.512008425,1.564758518,0.020503231,0.593047953,0.876318906,-0.341424089,1.534615076,,,35800,137.23,1292.6,1.774,-0.804
fewalter,479,0.115237782,0.520755512,0.393514962,1.481668412,0.037787246,0.011274424,0.85006954,0.214164543,1.501152427,1.476249232,0.073348504,0.586493131,0.743707173,-0.591234913,1.520179787,,,35800,137.23,1292.6,1.774,-0.804
fewalter,480,0.117072658,0.750661037,-0.053912288,1.524667331,0.126978361,0.01034642,0.870922273,-0.484274976,1.512172618,1.465443333,0.079049615,0.587813431,-1.208403715,0.542921938,-0.276310437,,,35800,137.23,1292.6,1.774,-0.804
fewalter,481,0.126473062,0.799023854,0.871761461,1.487794714,-0.461228822,0.009453263,0.770084259,-1.357051056,1.503051269,1.489484424,0.011354449,0.569021737,0.292927442,-0.462336964,1.514649472,,,35800,137.23,1292.6,1.774,-0.804
fewalter,482,0.115630598,0.772792226,-0.12319708,1.486398386,0.008757155,0.009571208,0.847474876,0.31975154,1.510421577,0.804020958,0.079366214,0.589159868,-1.278633609,0.691862823,-0.814227994,,,35800,137.23,1292.6,1.774,-0.804
fewalter,483,0.123941092,0.898580869,-0.145468732,1.481373584,0.460916855,0.012585271,0.902659758,0.352284185,1.510122531,0.870956559,0.078673336,0.580192462,0.741397623,-0.702978734,1.516041038,,,35800,137.23,1292.6,1.774,-0.804
fewalter,484,0.126468665,0.784798728,0.783859745,1.529698544,0.353345541,0.013478219,0.76807916,0.272045694,1.507023362,-0.837376542,0.010264678,0.580625371,0.776747955,-0.464494385,1.52983543,,,35800,137.23,1292.6,1.774,-0.804
fewalter,485,0.121602459,0.774955141,0.453283137,1.484322686,0.51396666,0.007741782,0.569830061,0.010406584,1.501656217,1.529478878,0.294029408,0.586306701,-1.285712897,-0.678419904,0.8395064,,,35800,137.23,1292.6,1.774,-0.804
fewalter,486,0.121602459,0.795424862,0.453283137,1.459676879,0.654316932,0.007676167,0.569830061,-0.00983483,1.502686697,1.529263479,0.281625184,0.597647582,-1.219678236,-0.595495483,0.810678114,,,35800,137.23,1292.6,1.774,-0.804
fewalter,487,0.107792116,0.780373156,0.771935802,1.529698544,-0.461385283,0.013190673,0.878843717,0.341337525,1.506528452,1.510893111,0.43999923,0.584270008,-0.491312387,-0.607057916,1.52983543,,,35800,137.23,1292.6,1.774,-0.804
fewalter,488,0.116947859,0.7403787,-0.217414231,1.479826947,0.595557068,0.010045965,0.861969518,0.300600075,1.508587935,-0.892365303,0.07968594,0.502162687,-1.317165066,-0.006008527,0.800521332,,,35800,137.23,1292.6,1.774,-0.804
fewalter,489,0.10760288,0.760930116,0.819851994,1.536827021,0.511766471,0.011222261,0.796144965,0.271101303,1.514754461,0.899583763,0.429908847,0.578628512,-0.55240567,0.417172193,1.532825722,,,35800,137.23,1292.6,1.774,-0.804
fewalter,490,0.138510491,0.772469958,-0.14285551,1.231565782,-0.087303124,0.011317346,0.878549032,0.210093667,1.505829964,-1.500803632,0.078950268,0.600122964,0.685482545,-0.285226923,1.537948182,,,35800,137.23,1292.6,1.774,-0.804
fewalter,491,0.10760288,0.761296584,0.804738044,1.536827021,0.579412493,0.011225923,0.800558457,-0.652758471,1.514754461,1.563136378,0.055620632,0.59661949,-0.55240567,0.35805229,1.532825722,,,35800,137.23,1292.6,1.774,-0.804
fewalter,492,0.074020765,0.742323992,0.377630704,1.481747883,0.518441526,0.007889588,0.814710892,0.661315639,1.501389372,1.406092519,0.077170719,0.566330744,-1.474211503,0.772869653,1.504723314,,,35800,137.23,1292.6,1.774,-0.804
fewalter,493,0.120337768,0.740768883,-0.892993659,1.504620965,0.325716716,0.008126403,0.859039678,0.160026774,1.504371855,-1.522070179,0.081894478,0.570868307,-1.371693142,-0.419588697,1.531245695,,,35800,137.23,1292.6,1.774,-0.804
fewalter,494,0.114714806,0.512509326,-0.091855747,1.496248568,0.93316818,0.013026949,0.766838988,0.223206781,1.512045864,0.918878836,0.075545192,0.578770898,0.710780024,-0.426936443,0.754913382,,,35800,137.23,1292.6,1.774,-0.804
fewalter,495,0.117954972,0.528348715,0.416946867,1.540349156,0.617660639,0.012868365,0.868500764,1.282549335,1.514010156,-1.496148577,0.08866709,0.582720424,-1.298347168,-0.468959269,1.555826507,,,35800,137.23,1292.6,1.774,-0.804
fewalter,496,0.118002445,0.688186203,0.387503652,1.539609726,0.718779592,0.012887784,0.79124334,1.282549335,1.513926942,-0.722387898,0.077829516,0.58728494,-1.321554064,0.568584942,1.552819883,,,35800,137.23,1292.6,1.774,-0.804
fewalter,497,0.119419923,0.790793534,0.356987425,1.531300984,0.110459543,0.008560344,0.860950643,0.300156241,1.505056821,1.406319698,0.467664693,0.567017011,-0.687481769,-0.379382473,0.980341044,,,35800,137.23,1292.6,1.774,-0.804
fewalter,498,0.11936532,0.80972455,0.531325977,1.481253022,0.875857978,0.008983591,0.786255048,0.387991841,1.501501014,1.39239714,0.080743252,0.604680023,-1.30497618,0.681136995,-0.839923443,,,35800,137.23,1292.6,1.774,-0.804
fewalter,499,0.117671831,0.792922433,-0.977435806,1.533377584,0.334092464,0.009156511,0.786602723,-0.082143472,1.517861435,1.551850033,0.066906744,0.59013087,-1.366951847,0.76362116,1.512817464,,,35800,137.23,1292.6,1.774,-0.804
fewalter,500,0.10760288,0.761296584,0.804738044,1.568058423,0.579412493,0.011291047,0.800160598,-0.668694996,1.515307236,1.564315234,0.055360579,0.596621228,-0.549940076,0.35805229,1.532825722,,,35800,137.23,1292.6,1.774,-0.804
fewalter,501,0.107745155,0.761296584,0.804738044,1.536827021,0.580540502,0.011225923,0.797403026,-0.652758471,1.514754461,1.563136378,0.047619319,0.59661949,-0.55240567,0.35805229,1.532825722,,,35800,137.23,1292.6,1.774,-0.804
fewalter,502,0.138407235,0.698079449,0.387941972,1.235215679,0.48938585,0.011396494,0.849806596,0.207440772,1.507464799,1.306041634,0.073373944,0.59009668,0.469669452,-0.2744302,1.537647662,,,35800,137.23,1292.6,1.774,-0.804
fewalter,503,0.117476086,0.536726014,-0.152032437,1.467886841,0.49276593,0.011299466,0.843687727,0.35882606,1.501923136,1.309854848,0.061902583,0.585971121,0.936906892,-0.656551364,1.537647662,,,35800,137.23,1292.6,1.774,-0.804
fewalter,504,0.109878727,0.573941628,-1.443137963,1.532281565,0.382508093,0.010399946,0.819227454,-1.076165641,1.51536251,1.555182686,0.07859098,0.618386352,-1.162233599,0.575703295,-0.606965454,,,35800,137.23,1292.6,1.774,-0.804
fewalter,505,0.119687927,0.794885345,0.457777456,1.466417265,0.316827219,0.009454141,0.767702511,0.331909482,1.508602653,0.425870992,0.089543707,0.571228694,-0.755173361,-0.574148045,0.829326923,,,35800,137.23,1292.6,1.774,-0.804
fewalter,506,0.12176397,0.879677361,0.453969112,1.472922838,0.827668424,0.007703924,0.787314921,0.339009641,1.501473189,1.570796327,0.490239777,0.500237377,-1.134375375,-0.486120571,0.865204702,,,35800,137.23,1292.6,1.774,-0.804
fewalter,507,0.135827331,0.545436402,0.423778411,1.568000928,0.521309533,0.009337952,0.770437508,0.346474897,1.505419522,1.551110455,0.181627481,0.520162952,-0.49879466,-1.480264933,1.462213886,,,35800,137.23,1292.6,1.774,-0.804
fewalter,508,0.120229882,0.80431665,-0.068809278,1.497473316,0.312810954,0.009657514,0.782704749,-0.126437591,1.508571366,1.170233272,0.089577125,0.53753029,-0.697103879,-0.371416352,0.757352346,,,35800,137.23,1292.6,1.774,-0.804
fewalter,509,0.122097506,0.771767847,0.406531443,1.556693805,1.216151933,0.011564619,0.877975197,0.484459704,1.503252651,-1.015574588,0.085458231,0.597640732,-0.693072573,0.395922941,1.50247245,,,35800,137.23,1292.6,1.774,-0.804
fewalter,510,0.117093289,0.688186203,0.37983064,1.539609726,0.718779592,0.012887811,0.79124334,1.295054161,1.510662359,-0.722387898,0.053912239,0.587842116,-1.318416119,0.559254737,1.552819883,,,35800,137.23,1292.6,1.774,-0.804
fewalter,511,0.117476086,0.874822439,0.433433114,1.530646335,0.492332207,0.011302991,0.841762972,0.237799626,1.51288678,0.403934957,0.053431227,0.586685027,0.705277169,-0.310888793,1.54753125,,,35800,137.23,1292.6,1.774,-0.804
fewalter,512,0.118014719,0.550145196,0.552502951,1.56581885,0.536306592,0.01350942,1,0.535460402,1.516966452,1.552273107,0.09106097,0.595096598,0.722244457,-1.570796327,0.725706743,,,35800,137.23,1292.6,1.774,-0.804
fewalter,513,0.138729759,0.801741922,0.436256999,1.48125886,0.519781117,0.007856179,0.86039162,0.355517704,1.505335749,1.425454106,0.077374078,0.58816029,0.74747187,-1.477052555,0.770321824,,,35800,137.23,1292.6,1.774,-0.804
fewalter,514,0.120451596,0.593245266,0.424710096,1.543977682,0.035658602,0.009337952,0.771333421,0.3522251,1.505428889,1.301754304,0.181627481,0.524139229,-0.449412912,-1.480264933,1.462213886,,,35800,137.23,1292.6,1.774,-0.804
fewalter,515,0.119630329,0.696529625,0.428685758,1.483499508,0.602986017,0.006542542,0.887263886,0.338290248,1.501145729,0.678033112,0.077390889,0.588206704,-1.473881833,0.807343126,0.755583498,,,35800,137.23,1292.6,1.774,-0.804
fewalter,516,0.119745057,0.784318542,0.534959152,1.497087775,0.308457211,0.009304761,0.788473734,0.125103735,1.507242062,-1.331788331,0.071079734,0.612853108,-0.399762913,-0.50979166,0.828279811,,,35800,137.23,1292.6,1.774,-0.804
fewalter,517,0.11964164,0.926133473,0.800163762,1.531894076,0.479271037,0.012801159,0.79525399,0.130035419,1.493182991,-1.491104025,0.067400632,0.609064995,-1.404634058,0.766654423,1.540098468,,,35800,137.23,1292.6,1.774,-0.804
fewalter,518,0.117458099,0.740411925,0.381311051,1.481939445,0.504704056,0.011299466,0.861933625,0.344591743,1.501894303,1.298723898,0.079704285,0.585952723,0.799300425,-0.659514934,1.523983646,,,35800,137.23,1292.6,1.774,-0.804
fewalter,519,0.119068566,0.701243627,0.439740291,1.476402386,0.299237416,0.007529513,0.85907201,0.344219641,1.50216935,1.040153258,0.077464991,0.58833069,-1.14943121,-0.405869813,0.795571141,,,35800,137.23,1292.6,1.774,-0.804
fewalter,520,0.120886125,0.784458659,-0.136389078,1.560373341,0.118020111,0.012760282,0.864794711,-0.771748287,1.52146938,1.522364885,0.071148397,0.524921984,-1.100830507,-0.368524476,0.818155894,,,35800,137.23,1292.6,1.774,-0.804
fewalter,521,0.106565505,0.774787529,0.366400981,1.554624188,-0.060318278,0.011329193,0.854680698,0.210360909,1.520118865,-1.114990432,0.07653986,0.579671902,-1.365193563,0.690737744,1.539582907,,,35800,137.23,1292.6,1.774,-0.804
fewalter,522,0.125060712,0.783783094,-0.428791963,1.529514876,-0.412140521,0.01191412,0.767814576,0.263866725,1.507677497,1.297897835,0.087636292,0.585064503,0.739675167,-0.481654163,1.517580037,,,35800,137.23,1292.6,1.774,-0.804
fewalter,523,0.120071583,0.673634534,-0.147362212,1.501820742,0.114839686,0.009824181,0.848938401,0.330703954,1.509063834,0.689603146,0.075437819,0.52684735,-1.055703025,-0.40731105,0.819738099,,,35800,137.23,1292.6,1.774,-0.804
fewalter,524,0.114600689,0.754345768,0.561855522,1.559252279,0.586060695,0.011291983,0.524274594,-0.054072227,1.51466263,-1.544011572,0.055083257,0.583873934,-1.15707349,-0.381499541,1.554476204,,,35800,137.23,1292.6,1.774,-0.804
fewalter,525,0.121006905,0.807744852,0.608592048,1.4861581,0.135589938,0.011889593,0.844263651,0.316824241,1.512101365,1.525453056,0.077480984,0.92335829,-1.349383027,-0.363402414,1.498222124,,,35800,137.23,1292.6,1.774,-0.804
fewalter,526,0.121023615,0.945758996,-0.154253367,1.478518681,0.533573158,0.009419806,0.779883427,0.360580383,1.507517062,1.56056289,0.052510219,0.591072367,-0.514546972,-0.409682324,0.828279811,,,35800,137.23,1292.6,1.774,-0.804
fewalter,527,0.121690751,0.653910543,0.593974367,1.485193167,0.605117957,0.008433255,0.789840866,0.214801168,1.501469656,1.365560023,0.076125949,0.59492147,0.685516816,-1.570796327,1.404484518,,,35800,137.23,1292.6,1.774,-0.804
fewalter,528,0.120402226,0.874822439,0.432589606,1.531067107,0.492332207,0.008595701,0.841762972,0.268754474,1.504835809,0.403934957,0.053431227,0.586685027,0.579477875,-0.303562987,1.54753125,,,35800,137.23,1292.6,1.774,-0.804
fewalter,529,0.120441053,0.756989785,-0.097741861,1.497744706,0.875857978,0.00900945,0.777260558,0.39247101,1.50908162,-0.800450911,0.08060502,0.60538743,-1.303919549,0.671097437,-0.831102268,,,35800,137.23,1292.6,1.774,-0.804
fewalter,530,0.115231627,0.741180182,0.388146089,1.233463389,0.034431241,0.011304627,0.849806596,0.210093667,1.501699628,1.511006202,0.073592165,0.589858446,0.743707173,-0.55965585,1.538312712,,,35800,137.23,1292.6,1.774,-0.804
fewalter,531,0.120450207,0.538843088,0.00465533,1.353582307,0.521309533,0.009488308,0.764003192,0.204735782,1.507319201,0.001995628,0.062300437,0.585840533,0.49209232,-0.452702975,0.790076807,,,35800,137.23,1292.6,1.774,-0.804
fewalter,532,0.126331018,0.702120945,0.401702066,1.461155375,0.283521495,0.007997951,0.763976723,0.263216057,1.500534665,1.413918855,0.076305905,0.598805837,0.061064819,-0.743625308,0.994866757,,,35800,137.23,1292.6,1.774,-0.804
fewalter,533,0.138068536,0.754927814,0.385574788,1.212390019,0.531982315,0.011268514,0.849806596,0.41667745,1.500511066,1.338173395,0.07334974,0.59009668,0.743707173,-0.24898322,1.537647662,,,35800,137.23,1292.6,1.774,-0.804
fewalter,534,0.116447593,0.743445922,-0.164463481,1.516425826,0.480975004,0.012580946,0.861800153,0.354890566,1.512101365,1.375373453,0.077395307,0.585127118,0.536904046,-0.360734433,0.711262112,,,35800,137.23,1292.6,1.774,-0.804
fewalter,535,0.124012396,0.545436402,0.423778411,1.544037626,0.445378056,0.0086576,0.770595426,0.282225452,1.505506494,1.554797711,0.181627481,0.520162952,-0.504180229,-1.480264933,1.462213886,,,35800,137.23,1292.6,1.774,-0.804
fewalter,536,0.137855507,0.79101767,0.395539479,1.55265113,0.521028652,0.009238865,0.859865853,0.255047462,1.501687563,1.545668646,0.43318387,0.565165705,-0.687302292,-0.707685032,1.504752085,,,35800,137.23,1292.6,1.774,-0.804
fewalter,537,0.122138501,0.7842126,0.438953831,1.481382294,-0.016655762,0.007856179,0.569305047,0.387358054,1.505340944,1.469995666,0.069536892,0.59212896,-0.510946833,-1.491546017,0.770321824,,,35800,137.23,1292.6,1.774,-0.804
fewalter,538,0.119308438,0.798704932,0.446192255,1.346556438,0.875857978,0.009011403,0.737652538,0.385134769,1.503214927,0.403565779,0.080743252,0.605722005,-1.30497618,0.681136995,-0.839923443,,,35800,137.23,1292.6,1.774,-0.804
fewalter,539,0.120391159,0.685327794,0.428223515,1.482517118,0.643589135,0.007692694,0.872819418,0.393560915,1.501654815,1.546289606,0.446744466,0.567774252,-1.528596196,-1.47135822,1.486492897,,,35800,137.23,1292.6,1.774,-0.804
fewalter,540,0.120432132,0.775435142,0.462952657,1.550236535,0.52601501,0.009844079,0.501564513,0.358540206,1.504825205,1.563946208,0.436046165,0.59208344,-1.372169159,-0.686010911,1.420741827,,,35800,137.23,1292.6,1.774,-0.804
fewalter,541,0.10760288,0.760930116,0.804738044,1.536827021,0.51922229,0.011225923,0.796144965,0.324065446,1.514754461,0.866447073,0.432850951,0.587301473,-0.55240567,0.375894078,1.532825722,,,35800,137.23,1292.6,1.774,-0.804
fewalter,542,0.110387316,0.926133473,0.795326353,1.532363324,0.492567335,0.012778942,0.785909239,0.251992704,1.492388893,1.44573471,0.067400632,0.609064995,-1.404634058,0.766654423,1.545410462,,,35800,137.23,1292.6,1.774,-0.804
fewalter,543,0.138727072,0.567099509,0.436256999,1.484922063,0.519781117,0.007856179,0.86039162,0.355517704,1.505604703,1.425454106,0.05076526,0.58816029,-0.477779974,-1.476765681,0.770321824,,,35800,137.23,1292.6,1.774,-0.804
fewalter,544,0.138743724,0.531689712,0.424539792,1.48125886,0.519781117,0.007856179,0.86039162,0.352733043,1.505321276,1.425454106,0.077374078,0.58816029,0.748925507,-1.477052555,0.770321824,,,35800,137.23,1292.6,1.774,-0.804
fewalter,545,0.115354536,0.536003938,-0.113533556,1.530476827,0.509484396,0.011800349,0.569332442,0.334042133,1.505217184,1.510414364,0.081837316,0.589977001,0.685888909,-0.077770363,1.513723106,,,35800,137.23,1292.6,1.774,-0.804
fewalter,546,0.116819223,0.703666186,-0.028015756,1.47983274,0.610278132,0.011665861,0.775526504,0.354577287,1.510694469,1.559967519,0.077314521,0.500132662,0.74109017,-0.606527966,0.98125363,,,35800,137.23,1292.6,1.774,-0.804
fewalter,547,0.121516067,0.741329995,-0.16573615,1.484694345,0.590452405,0.009906892,0.855995599,0.300600075,1.508587935,-0.892365303,0.08455034,0.502072027,-1.317177717,-0.005062253,0.800521332,,,35800,137.23,1292.6,1.774,-0.804
fewalter,548,0.116026769,0.757678078,0.701312096,1.537617001,0.031839174,0.013705487,0.868560585,0.270442483,1.514010156,-1.159324978,0.08866709,0.600925555,-1.29355754,-0.54366478,1.555826507,,,35800,137.23,1292.6,1.774,-0.804
fewalter,549,0.106565505,0.774756354,0.695678945,1.528725327,1.268195239,0.011550204,0.863129565,0.169962384,1.515540466,1.414457677,0.07653986,0.594591669,-1.337887603,0.719938087,1.561933583,,,35800,137.23,1292.6,1.774,-0.804
fewalter,550,0.138407235,0.754927814,-0.078779922,1.231565782,0.496496568,0.011304627,0.849806596,0.208792367,1.506118537,0.955900927,0.07345018,0.590089373,0.743707173,-0.2744302,1.537647662,,,35800,137.23,1292.6,1.774,-0.804
fewalter,551,0.117954972,0.752681328,-0.105078108,1.539609726,0.086321759,0.011939192,0.868500764,0.285520684,1.509222515,1.568158739,0.082040151,0.596886225,-1.29355754,0.8076982,1.547141344,,,35800,137.23,1292.6,1.774,-0.804
fewalter,552,0.106565505,0.771300423,0.441382036,1.559004312,1.270871057,0.01164936,0.855461225,0.007888542,1.518390392,-1.545556854,0.076344431,0.579529759,-1.365193563,0.690737744,1.539679993,,,35800,137.23,1292.6,1.774,-0.804
fewalter,553,0.106085511,0.780882138,-0.553105829,1.538520113,0.137436604,0.008128866,0.801521543,0.347229641,1.501193321,1.306956745,0.079496372,0.595030469,-1.155079968,0.82175007,1.529755866,,,35800,137.23,1292.6,1.774,-0.804
fewalter,554,0.120940099,0.784318542,0.534959152,1.495832369,0.30781514,0.009153687,0.788473734,0.125103735,1.507242062,-1.331788331,0.064308104,0.612988598,-0.399762913,-0.50979166,0.828429621,,,35800,137.23,1292.6,1.774,-0.804
fewalter,555,0.115231627,0.741799019,0.389460563,1.231565782,0.034431241,0.011299542,0.849832104,0.188420279,1.501806424,1.303298425,0.079467588,0.586011361,0.795317872,-0.555505595,1.537801589,,,35800,137.23,1292.6,1.774,-0.804
fewalter,556,0.11876815,0.581052682,0.441240852,1.546464414,-0.387483001,0.011820152,0.768907521,0.492214409,1.516164605,1.45589627,0.077945387,0.580890768,-0.717836301,-0.335324967,1.553548599,,,35800,137.23,1292.6,1.774,-0.804
fewalter,557,0.118075687,0.572543524,-0.157462084,1.481825792,0.249275874,0.012998027,0.540413739,0.222102341,1.517165207,1.550028021,0.064235352,0.586441642,-1.365295171,0.788252411,1.522377202,,,35800,137.23,1292.6,1.774,-0.804
fewalter,558,0.121101118,0.54037503,0.504408367,1.494961843,0.276720155,0.009896947,0.861547847,0.371591196,1.505258414,1.542674401,0.036128251,0.577741509,-0.660568947,-0.571545117,0.88042071,,,35800,137.23,1292.6,1.774,-0.804
fewalter,559,0.122097506,0.771767847,0.406531443,1.535797598,1.216151933,0.012578862,0.877975197,0.48449853,1.509181552,-1.015574588,0.085458231,0.577816454,-0.693072573,0.395922941,1.502512787,,,35800,137.23,1292.6,1.774,-0.804
fewalter,560,0.122064109,0.674539829,0.434157927,1.532192387,0.558690541,0.012468424,0.847662643,0.139599442,1.516086713,1.463107161,0.151328527,0.948481489,-0.840451329,-0.399287372,1.54731321,,,35800,137.23,1292.6,1.774,-0.804
fewalter,561,0.116025929,0.7565269,-1.269874751,1.481895801,-1.263990913,0.011848006,0.762455488,0.345160372,1.505217184,1.541604571,0.084272876,0.786112755,0.618251969,-0.093830031,0.830138592,,,35800,137.23,1292.6,1.774,-0.804
fewalter,562,0.121725245,0.696529625,0.433463745,1.481206042,0.640100784,0.007994548,0.887263886,0.398701962,1.501240794,-1.271225855,0.076679935,0.583797319,-1.473881833,0.694156598,0.818963988,,,35800,137.23,1292.6,1.774,-0.804
fewalter,563,0.120172279,0.740768883,-0.892993659,1.504620965,0.381189496,0.008063487,0.819485738,0.160026774,1.504958405,-1.522070179,0.081894478,0.570868307,-1.371693142,-0.419588697,1.531245695,,,35800,137.23,1292.6,1.774,-0.804
fewalter,564,0.123199311,0.740006096,0.468215998,1.534951234,-0.139751683,0.008835745,0.792789886,0.407379114,1.506810556,1.165262426,0.076924756,0.588899628,-1.463312859,-0.545347278,0.751599179,,,35800,137.23,1292.6,1.774,-0.804
fewalter,565,0.115239557,0.792922433,-1.042326256,1.533377584,0.334092464,0.009272994,0.8491986,0.284748798,1.501894547,1.460956869,0.072781495,0.58986517,-1.366951847,0.761012227,1.512817464,,,35800,137.23,1292.6,1.774,-0.804
fewalter,566,0.116257683,0.787929796,0.425410791,1.52843978,0.493964581,0.011839653,0.897243923,0.135996709,1.505217184,1.552062259,0.055560735,0.589118492,0.681058573,-0.419472939,1.53078387,,,35800,137.23,1292.6,1.774,-0.804
fewalter,567,0.11390372,0.755821281,0.685440513,1.539609726,0.238751115,0.011412374,0.865948013,1.221199544,1.514010156,-1.450647166,0.072577507,0.596782602,-1.366284409,0.800139968,1.559857642,,,35800,137.23,1292.6,1.774,-0.804
fewalter,568,0.120018145,0.791182143,0.41260286,1.505596127,0.286095375,0.008558514,0.874718382,0.133166358,1.501770363,1.545668646,0.43318387,0.56504612,-0.687302292,0.773433117,1.503689301,,,35800,137.23,1292.6,1.774,-0.804
fewalter,569,0.120998263,0.781296643,0.659779069,1.545620886,0.30294016,0.009622579,0.682244537,0.519630735,1.514970221,1.56990611,0.076691779,0.525237485,-0.629579819,0.510764621,-0.677081813,,,35800,137.23,1292.6,1.774,-0.804
fewalter,570,0.123625717,0.551489747,0.453283137,1.504381037,0.679006468,0.009036977,0.897895152,0.348364458,1.501625224,1.526846376,0.292726229,0.597690243,-1.454847224,0.800397472,1.411362989,,,35800,137.23,1292.6,1.774,-0.804
fewalter,571,0.117476086,0.768359573,-0.155784063,1.467886841,0.287319698,0.011299466,0.880000912,0.341118964,1.502323616,1.312272346,0.061902583,0.585971121,0.936906892,-0.67671911,1.537647662,,,35800,137.23,1292.6,1.774,-0.804
fewalter,572,0.103496841,0.620543656,0.531514876,1.475430788,-0.179376003,0.010247,1,0.344289958,1.505072363,1.570796327,0.061824893,0.507102573,-0.61753965,0.611629254,-0.858221076,,,35800,137.23,1292.6,1.774,-0.804
fewalter,573,0.12205258,0.816021768,0.434157927,1.532385821,-0.34244538,0.011105996,0.795328076,0.139366594,1.515069499,1.464604726,0.057008921,0.580860929,-0.505551235,-0.355169076,1.554141498,,,35800,137.23,1292.6,1.774,-0.804
fewalter,574,0.119630329,0.696529625,0.428685758,1.483499508,0.764944244,0.00653481,0.887263886,0.338446069,1.501145729,0.829049893,0.070228597,0.588206704,-1.473881833,0.753021277,0.755583498,,,35800,137.23,1292.6,1.774,-0.804
fewalter,575,0.115235092,0.739078638,-0.056254031,1.239597381,0.560968036,0.011350847,0.848556156,0.206980047,1.505184327,1.298110875,0.089299726,0.586398796,0.807908857,-0.600632769,1.537534467,,,35800,137.23,1292.6,1.774,-0.804
fewalter,576,0.112763186,0.753883801,0.435163132,1.48733844,0.255247207,0.007997368,0.78517738,0.376266538,1.50527356,1.397036313,0.055416374,0.592135756,-0.657225422,-1.33778352,1.420141724,,,35800,137.23,1292.6,1.774,-0.804
fewalter,577,0.116030367,0.605629285,-1.120174608,1.481136636,-0.479375165,0.011847325,0.762455488,0.38600841,1.505217184,1.512524199,0.080450786,0.589194273,0.66725892,-0.078184264,1.546904368,,,35800,137.23,1292.6,1.774,-0.804
fewalter,578,0.115354536,0.536003938,-0.113533556,1.530257252,0.524485286,0.011191431,0.877952259,0.334052404,1.508305959,1.510414364,0.081837316,0.570683459,0.685888909,-0.077770363,1.513723106,,,35800,137.23,1292.6,1.774,-0.804
fewalter,579,0.106085511,0.784294006,-0.553105829,1.538520113,0.320537308,0.00813929,0.789122722,0.347229641,1.501193321,1.306956745,0.079560732,0.595030469,-1.155079968,0.877600239,1.529755866,,,35800,137.23,1292.6,1.774,-0.804
fewalter,580,0.116045331,0.801023133,-0.050680656,1.52827966,0.754078671,0.010408979,0.865299944,0.312004602,1.514645341,1.517061967,0.078137197,0.56960465,-1.140842603,0.537814163,-0.581275917,,,35800,137.23,1292.6,1.774,-0.804
fewalter,581,0.117987732,0.761618411,0.438307854,1.530208234,0.491528376,0.011828475,0.768907521,0.376808335,1.516139548,-0.885773758,0.061673655,0.580433672,0.276503448,-0.384171286,1.550878006,,,35800,137.23,1292.6,1.774,-0.804
fewalter,582,0.115235092,0.651940804,0.388146089,1.238253319,0.505677865,0.011304627,0.85006954,0.464482455,1.501152427,0.870573176,0.073327906,0.589858446,0.743707173,-0.600632769,1.537534467,,,35800,137.23,1292.6,1.774,-0.804
fewalter,583,0.137583255,0.743279169,0.427989428,1.467896695,0.028769824,0.011299466,0.863129565,0.188791722,1.50112291,1.260759289,0.065180612,0.595304693,1.06692484,-0.677462176,1.537647662,,,35800,137.23,1292.6,1.774,-0.804
fewalter,584,0.122138501,0.779268639,0.438953831,1.481382294,-0.016655762,0.007856179,0.569305047,0.387358054,1.505505623,1.469995666,0.069050026,0.59212896,-0.462526879,-1.441843119,0.770321824,,,35800,137.23,1292.6,1.774,-0.804
fewalter,585,0.128009665,0.701125652,0.406573643,1.465436702,0.03858655,0.008135206,0.862898364,0.372987158,1.505550081,0.527477151,0.077130791,0.603922745,-0.583012757,-0.505602254,0.872351252,,,35800,137.23,1292.6,1.774,-0.804
fewalter,586,0.138030293,0.703047577,0.39737206,1.465436702,0.608194653,0.007840786,0.861924564,0.352196218,1.505034682,1.380260548,0.077390889,0.567271869,0.584303451,-1.337522176,0.760054336,,,35800,137.23,1292.6,1.774,-0.804
fewalter,587,0.116137678,0.804098819,-1.158757526,1.483749359,0.437593637,0.009657099,0.857281103,0.33999067,1.510404621,1.464386206,0.077128864,0.587540477,-1.164141058,0.679423804,-0.987835968,,,35800,137.23,1292.6,1.774,-0.804
fewalter,588,0.12176397,0.795494802,0.453926194,1.467376529,0.827668424,0.007703924,0.768154961,0.329400866,1.501640434,1.446999229,0.490239777,0.500026264,-1.134375375,-0.486917702,0.865204702,,,35800,137.23,1292.6,1.774,-0.804
fewalter,589,0.116467611,0.545640824,-1.089085245,1.530476827,0.504724824,0.011830148,0.569332442,0.494945246,1.505217184,1.562904952,0.08185542,0.5892011,0.614536737,-0.0927387,1.512678952,,,35800,137.23,1292.6,1.774,-0.804
fewalter,590,0.12171191,0.795311632,0.526752144,1.472944098,-0.208266597,0.009756526,0.767803502,0.330683288,1.501640434,1.570796327,0.498684047,0.50022082,-0.599154415,-0.328108331,0.821385603,,,35800,137.23,1292.6,1.774,-0.804
fewalter,591,0.123881305,0.746492119,-0.417650058,1.485265383,0.606524155,0.008107945,0.813183658,0.451742897,1.516898223,1.541883618,0.085334407,0.584904926,-1.278170094,0.798303394,-0.905591493,,,35800,137.23,1292.6,1.774,-0.804
fewalter,592,0.121066834,0.782521096,-0.171856073,1.56102249,0.577850338,0.011649543,0.520618984,0.345455018,1.517946389,-1.136841791,0.237564381,0.597078181,-0.564317908,0.727596648,-0.590413058,,,35800,137.23,1292.6,1.774,-0.804
fewalter,593,0.119327409,0.774876038,0.515053382,1.534465439,0.493505319,0.011643269,0.872219414,0.351717809,1.503894993,1.390535098,0.239928642,0.585879964,-0.610623557,0.667195305,1.526419141,,,35800,137.23,1292.6,1.774,-0.804
fewalter,594,0.121886989,0.795494802,0.585015778,1.485490247,0.84390164,0.00809852,0.767803502,0.345410655,1.501647446,1.570796327,0.061564403,0.517447702,-1.362551975,-0.486120571,-0.868040482,,,35800,137.23,1292.6,1.774,-0.804
fewalter,595,0.116467611,0.545640824,-1.089085245,1.530476827,1.218698847,0.011830148,0.569332442,0.494945246,1.509821167,1.476140158,0.087189727,0.5892011,0.659681705,-0.0927387,1.512773473,,,35800,137.23,1292.6,1.774,-0.804
fewalter,596,0.118765228,0.93706355,0.74890481,1.481677964,0.52589596,0.012590063,0.866161938,0.503653973,1.505145583,1.258596173,0.064238903,0.609237434,-1.404634058,0.77504399,-0.890397761,,,35800,137.23,1292.6,1.774,-0.804
fewalter,597,0.1217714,0.773621982,-0.18660943,1.479987957,0.614741872,0.011834415,0.766844022,-0.891955399,1.511845497,1.006240872,0.077235219,0.860454099,0.60688824,-0.4240625,1.486100753,,,35800,137.23,1292.6,1.774,-0.804
fewalter,598,0.114688156,0.637756746,0.561855522,1.558775059,0.558471377,0.012982104,0.5,0.21997744,1.522016218,0.524782253,0.046173219,0.563794362,0.907210213,-0.378679514,1.515853087,,,35800,137.23,1292.6,1.774,-0.804
fewalter,599,0.12074942,0.794733934,0.445080953,1.480785228,1.254353609,0.009529905,0.787410715,0.262265286,1.501570026,-1.420915085,0.080649862,0.587720321,-0.668988622,-0.382824585,1.554313647,,,35800,137.23,1292.6,1.774,-0.804
fewalter,600,0.11799604,0.782868982,-0.155020682,1.481446786,0.283193507,0.012955632,0.889306412,1.114365236,1.517680529,1.553501096,0.0773676,0.600181688,-1.282608125,0.717468981,-0.886602079,,,35800,137.23,1292.6,1.774,-0.804
fewalter,601,0.1235175,0.551489747,0.453283137,1.458648964,0.681083855,0.009116227,0.897895152,0.288152427,1.501625224,1.529263479,0.294029408,0.597647582,-1.436199193,0.782777766,1.418666018,,,35800,137.23,1292.6,1.774,-0.804
fewalter,602,0.121558721,0.697308554,-0.026421043,1.351239188,0.513099095,0.009472356,0.74950686,0.148087691,1.512326433,0.413820198,0.036719639,0.606233101,-0.952048663,-0.356890147,0.86280356,,,35800,137.23,1292.6,1.774,-0.804
fewalter,603,0.10760288,0.6442992,0.78642618,1.536827021,0.514186495,0.011225923,0.796144965,0.324065446,1.514754461,0.866447073,0.400906265,0.59674611,-0.55240567,0.379966796,1.532597816,,,35800,137.23,1292.6,1.774,-0.804
fewalter,604,0.116396783,0.741785141,0.409763708,1.233344959,-0.414739155,0.011304627,0.901206708,0.161193633,1.498971157,1.278502572,0.079444792,0.589858446,0.907507508,-0.574380573,1.536470404,,,35800,137.23,1292.6,1.774,-0.804
fewalter,605,0.122144321,0.668487159,0.488403782,1.532385821,-0.332889555,0.012458554,0.563932271,0.323035873,1.515235752,1.557926659,0.044267055,0.58084515,-0.672568158,-0.312631824,1.54731321,,,35800,137.23,1292.6,1.774,-0.804
fewalter,606,0.12205258,0.601629377,0.434157927,1.534387712,0.327417699,0.012468424,0.843017571,0.179059564,1.515069499,1.284984206,0.055097581,0.580746792,-0.505551235,-0.445386484,1.524943667,,,35800,137.23,1292.6,1.774,-0.804
fewalter,607,0.076223406,0.811448058,-0.047691472,1.547235177,-0.361952423,0.009081928,0.871815453,0.358010783,1.514560264,1.469083876,0.14996184,0.5832581,-1.29507471,1.049084314,0.72026007,,,35800,137.23,1292.6,1.774,-0.804
fewalter,608,0.117965503,0.706169255,-0.610565456,1.487794246,0.501727262,0.012563039,0.882671482,0.013481814,1.509143684,-0.576888175,0.074831382,0.597107358,0.837682457,-0.388967154,1.545706894,,,35800,137.23,1292.6,1.774,-0.804
fewalter,609,0.120211327,0.774876038,-0.122989658,1.534465439,0.493505319,0.007808115,0.872274552,0.324440101,1.506149727,0.874919754,0.240428968,0.605640524,-0.601396777,0.667330402,1.526419141,,,35800,137.23,1292.6,1.774,-0.804
fewalter,610,0.115685629,0.775867643,-0.101775325,1.462495739,0.287974222,0.008492127,0.798495272,-0.160612883,1.508738409,0.801062274,0.089550412,0.570675916,-0.695736766,-0.369288637,0.760431592,,,35800,137.23,1292.6,1.774,-0.804
fewalter,611,0.11544367,0.5628174,0.450478032,1.480579792,0.351820467,0.009614638,0.582233815,0.366199719,1.504783435,1.478502589,0.08120812,0.616417232,-0.796330978,-0.362204892,0.833055237,,,35800,137.23,1292.6,1.774,-0.804
fewalter,612,0.121216643,0.776107139,-0.170134193,1.559007948,0.641596606,0.010242765,0.842207926,0.511775517,1.51618646,-0.623774567,0.077354396,0.602002864,-1.365516003,0.794133887,1.524663124,,,35800,137.23,1292.6,1.774,-0.804
fewalter,613,0.12191833,0.688209149,-0.093266614,1.559799001,0.571573503,0.011639759,0.780946999,0.739593661,1.521475583,-1.017516947,0.077354396,0.597602397,-1.377493705,0.827453985,1.521289455,,,35800,137.23,1292.6,1.774,-0.804
fewalter,614,0.120803901,0.810938269,0.401702066,1.464067495,0.094173512,0.007997951,0.787155148,1.253172523,1.500815125,1.413918855,0.105569494,0.598884607,0.022397207,-0.762081837,0.994866757,,,35800,137.23,1292.6,1.774,-0.804
fewalter,615,0.119185872,0.618061829,0.552252401,1.54676,0.438934782,0.011639172,0.870777853,-0.079870735,1.517834312,-1.570796327,0.046265123,0.582774062,0.993744819,-0.393269989,1.554449538,,,35800,137.23,1292.6,1.774,-0.804
fewalter,616,0.117756507,0.545262407,-0.004825134,1.547149847,0.34112099,0.011657132,0.81968751,-0.022010523,1.514442395,0.930093982,0.080660715,0.617893033,-1.20526444,0.559056763,-0.55573187,,,35800,137.23,1292.6,1.774,-0.804
fewalter,617,0.120417874,0.743279169,-0.07127687,1.498000795,0.502458181,0.011299466,0.782257167,0.244673296,1.508614764,1.164488003,0.079651799,0.536823503,0.740356809,-0.393699,0.804424311,,,35800,137.23,1292.6,1.774,-0.804
fewalter,618,0.122093166,0.766961392,0.428223515,1.483179043,0.643589135,0.007692694,0.872819418,0.393560915,1.501399883,-0.303189371,0.446744466,0.586316691,-1.545787171,-1.47135822,1.486492897,,,35800,137.23,1292.6,1.774,-0.804
fewalter,619,0.121563594,0.693356426,-0.026421043,1.347469147,0.403611965,0.009760386,0.862321812,0.16302236,1.512326433,0.409140263,0.036719639,0.551921847,0.650142849,-0.565665891,0.795402748,,,35800,137.23,1292.6,1.774,-0.804
fewalter,620,0.117118119,0.553859712,-0.049224355,1.533599018,0.001387153,0.01034642,0.865732279,0.313505657,1.506336083,0.757150465,0.082913263,0.551038406,-0.908254766,0.559056763,1.478965799,,,35800,137.23,1292.6,1.774,-0.804
fewalter,621,0.107069487,0.732069944,-1.273263863,1.543541418,-1.243888999,0.011606768,0.857287499,0.34547757,1.517861435,1.382149238,0.06233313,0.592376745,0.475730413,-0.485096219,0.825232474,,,35800,137.23,1292.6,1.774,-0.804
fewalter,622,0.11737207,0.703710015,-0.073629639,1.442981461,0.396795451,0.006021643,0.890373059,0.294823988,1.502806028,0.493816466,0.212190812,0.512261996,-0.936962571,-0.513331936,0.858446597,,,35800,137.23,1292.6,1.774,-0.804
fewalter,623,0.138712618,0.544153806,0.424142675,1.48125886,0.521759773,0.008100865,0.774144125,0.352733043,1.505321276,1.425454106,0.077374078,0.58816029,0.566517242,-1.433189607,0.770321824,,,35800,137.23,1292.6,1.774,-0.804
fewalter,624,0.122786938,0.554353139,0.593974367,1.485193167,0.561179428,0.008322393,0.543313226,0.383168805,1.501645825,1.570796327,0.064332419,0.596141471,-1.102393415,-1.541305807,1.418860921,,,35800,137.23,1292.6,1.774,-0.804
fewalter,625,0.116569289,0.540677401,0.423778411,1.531852002,-0.507626279,0.009337952,0.770029905,0.282267847,1.505423694,0.41197218,0.181627481,0.520631371,0.48150868,-1.480264933,1.458115137,,,35800,137.23,1292.6,1.774,-0.804
fewalter,626,0.116030367,0.605629285,-1.120174608,1.528327578,-0.479375165,0.010464709,0.762455488,0.313182263,1.505217184,1.512524199,0.080450786,0.587157659,0.66725892,-0.031667012,1.546904368,,,35800,137.23,1292.6,1.774,-0.804
fewalter,627,0.117495678,0.701389266,-0.026421043,1.347512382,0.510489342,0.009821497,0.864174154,0.172259493,1.50992129,1.533670277,0.076435682,0.552778939,-0.657401941,-0.552511863,0.866243603,,,35800,137.23,1292.6,1.774,-0.804
fewalter,628,0.120584473,0.785997954,0.453617967,1.483281979,0.764289062,0.007770176,0.9700631,-0.248241838,1.502231102,-1.221114656,0.405263436,0.501867722,-0.819682556,-0.482613464,-0.821150013,,,35800,137.23,1292.6,1.774,-0.804
fewalter,629,0.114612194,0.644027741,0.565753906,1.5564651,1.21619854,0.012981866,0.517203319,0.243087672,1.522218042,-1.570796327,0.046265123,0.584772825,0.900971248,-0.378728025,1.554449538,,,35800,137.23,1292.6,1.774,-0.804
fewalter,630,0.116702637,0.78579805,-0.071153594,1.48217299,0.523082061,0.012483554,0.744281085,0.344507092,1.512096654,0.851346739,0.079248751,0.605411527,0.72558246,-0.533021278,0.897022397,,,35800,137.23,1292.6,1.774,-0.804
fewalter,631,0.119242281,0.548970338,-0.165569534,1.563438328,0.588108232,0.012998027,0.539158629,0.005291556,1.517505926,1.537959574,0.08169209,0.665242959,-1.365295171,0.719270417,-0.87064075,,,35800,137.23,1292.6,1.774,-0.804
fewalter,632,0.118380073,0.515477313,0.432789063,1.53386518,0.021329675,0.012816577,0.765063986,0.211545833,1.516139548,0.942887912,0.078720369,0.581873854,0.657802244,-0.638430283,1.540740425,,,35800,137.23,1292.6,1.774,-0.804
fewalter,633,0.122868144,0.773925384,0.441819252,1.551954847,0.552094118,0.011619247,0.589191066,0.236950824,1.509431463,1.548976774,0.07725744,0.595211758,0.606310265,-0.416260875,1.536871893,,,35800,137.23,1292.6,1.774,-0.804
fewalter,634,0.122044309,0.758021519,-0.122972375,1.530958305,0.585779449,0.007817762,0.572229878,0.006671511,1.505608358,1.559836605,0.069615433,0.518450832,-1.299224763,0.916123364,-1.015076241,,,35800,137.23,1292.6,1.774,-0.804
fewalter,635,0.115235092,0.739078638,-0.056254031,1.239597381,0.037787246,0.012563996,0.85006954,0.206816837,1.512011275,0.801398605,0.089299726,0.586397375,0.743707173,-0.600632769,1.537534467,,,35800,137.23,1292.6,1.774,-0.804
fewalter,636,0.11553865,0.774800301,0.40421601,1.551294732,0.064980627,0.011175236,0.835028671,1.186242574,1.517293688,1.552238676,0.076259927,0.594591669,-1.313516678,0.724368253,1.561767742,,,35800,137.23,1292.6,1.774,-0.804
fewalter,637,0.114834132,0.776021101,0.790652414,1.532507578,0.646242196,0.011277488,0.500115827,0.360632841,1.515495436,-1.417715059,0.020576258,0.59129268,-0.932590918,-0.420044782,1.562772013,,,35800,137.23,1292.6,1.774,-0.804
fewalter,638,0.117078486,0.743302169,-0.195466856,1.480846757,0.859769955,0.011465374,0.856879899,0.220748311,1.510301825,1.44728547,0.069173082,0.892411755,0.675763956,-0.431313849,1.537647662,,,35800,137.23,1292.6,1.774,-0.804
fewalter,639,0.120457178,0.776114355,0.000340355,1.474111254,0.520295578,0.009622823,0.764003192,0.204735782,1.507475099,-1.385302918,0.062602858,0.585840533,0.49209232,-0.439219219,0.828009684,,,35800,137.23,1292.6,1.774,-0.804
fewalter,640,0.119018443,0.623749095,0.557261965,1.558326948,0.452176679,0.011639172,0.704477351,-0.078678832,1.517549328,1.378688477,0.046265123,0.583153032,0.993744819,-0.381499541,1.554449538,,,35800,137.23,1292.6,1.774,-0.804
fewalter,641,0.119687927,0.775866202,-0.094686329,1.463399324,0.316827219,0.011502182,0.778688203,0.332761085,1.508435408,0.839107284,0.089543707,0.571228694,-0.755173361,-0.369288637,0.829326923,,,35800,137.23,1292.6,1.774,-0.804
fewalter,642,0.122868144,0.773925384,0.444534735,1.551954847,0.552094118,0.009571206,0.599772294,0.236099221,1.509431463,1.548976774,0.07725744,0.595211758,0.606310265,-0.416260875,1.536871893,,,35800,137.23,1292.6,1.774,-0.804
fewalter,643,0.117046079,0.533315985,-0.112838376,1.483076342,0.529699313,0.011667766,0.913700102,0.379223044,1.510705867,-1.344658683,0.034594543,0.579201813,0.54124506,-0.518529461,0.899729939,,,35800,137.23,1292.6,1.774,-0.804
fewalter,644,0.117531239,0.571148617,0.437906128,1.528941603,0.338278811,0.012951142,0.548731868,1.38677273,1.505505404,1.371208316,0.077387648,0.587836477,-1.307121052,0.718520655,-0.88014242,,,35800,137.23,1292.6,1.774,-0.804
fewalter,645,0.106565505,0.529482108,0.407587837,1.562494511,1.268195239,0.011217079,0.854680698,0.169459304,1.518658483,1.508258652,0.07653986,0.57862103,-1.365324032,0.697784446,1.539417899,,,35800,137.23,1292.6,1.774,-0.804
fewalter,646,0.120834814,0.807744852,0.608592048,1.480177611,0.135589938,0.011825755,0.858536273,0.339473947,1.512101365,1.518747222,0.077921103,0.92335829,-1.166302536,-0.365659919,1.498222124,,,35800,137.23,1292.6,1.774,-0.804
fewalter,647,0.118189851,0.926933289,0.435163132,1.48733844,0.255247207,0.007997368,0.78517738,0.320468818,1.505264093,1.397036313,0.072658259,0.59513399,-0.657225422,-1.490364157,1.41160825,,,35800,137.23,1292.6,1.774,-0.804
fewalter,648,0.120941195,0.947262592,-0.154253367,1.478518681,0.130387137,0.009419806,0.779883427,0.375517325,1.507517062,-1.224799264,0.052510219,0.59036656,-0.51082924,-0.409682324,0.828279811,,,35800,137.23,1292.6,1.774,-0.804
fewalter,649,0.122188923,0.759215749,-0.050680656,1.530140252,0.50091296,0.01039079,0.865217486,0.312004602,1.514667859,1.542683519,0.062296665,0.569147554,-1.129541479,0.537814163,-0.581275917,,,35800,137.23,1292.6,1.774,-0.804
fewalter,650,0.118019997,0.759557176,-0.083340488,1.527995932,0.496948171,0.011820152,0.995030304,0.475029003,1.516213438,1.47465637,0.07794536,0.580890768,0.676945756,-0.324792442,1.550878006,,,35800,137.23,1292.6,1.774,-0.804
fewalter,651,0.114689713,0.749990858,-1.149472716,1.500966352,0.311504388,0.01034642,0.866216119,-0.424807691,1.514359922,1.529464736,0.078490019,0.605111385,-1.223797936,-0.014080871,0.805956521,,,35800,137.23,1292.6,1.774,-0.804
fewalter,652,0.116030793,0.783875072,-0.053418375,1.528445919,0.493495335,0.011337467,0.897243923,0.338723421,1.505080686,1.296815886,0.088918976,0.589487977,0.826798556,-0.419309544,1.53078387,,,35800,137.23,1292.6,1.774,-0.804
fewalter,653,0.126473062,0.780373156,0.752731842,1.529133094,-0.461385283,0.01436439,0.768329282,0.27849685,1.507491825,1.508012285,0.064416659,0.584273108,0.576176358,-0.605094675,1.531165182,,,35800,137.23,1292.6,1.774,-0.804
fewalter,654,0.105869339,0.783597864,-0.08534776,1.444152049,0.287974222,0.009658629,0.817403106,0.304204199,1.508420535,0.101204549,0.089550412,0.566126551,-0.648510683,-0.34663136,0.818099222,,,35800,137.23,1292.6,1.774,-0.804
fewalter,655,0.126473062,0.780373156,0.781555752,1.529698544,-0.457241621,0.013300908,0.693116818,0.248049875,1.507464177,1.510893111,0.462716063,0.583961268,-0.491312387,-0.277130005,1.52983543,,,35800,137.23,1292.6,1.774,-0.804
fewalter,656,0.117181665,0.784826668,0.917605993,1.529514876,0.11058596,0.011875942,0.767652056,0.266741519,1.507934206,1.297897835,0.020474895,0.591143731,0.739675167,-0.47964137,1.561954649,,,35800,137.23,1292.6,1.774,-0.804
fewalter,657,0.117476086,0.696844794,-0.141263733,1.530331521,0.492267593,0.011304477,0.843687727,0.353008089,1.501892883,1.295956203,0.077392538,0.589833128,0.906228538,-0.656551364,1.537647662,,,35800,137.23,1292.6,1.774,-0.804
fewalter,658,0.116061976,0.503637534,0.90057509,1.534587136,-0.394791404,0.01135234,0.901200409,0.223576997,1.501209632,1.292058263,0.077958635,0.596770505,0.819178595,-0.553632652,1.537614721,,,35800,137.23,1292.6,1.774,-0.804
fewalter,659,0.12027797,0.80431665,-0.061791951,1.493432468,0.338475651,0.009705693,0.579735007,0.473327205,1.506140695,1.556432738,0.089577125,0.606954299,-0.683199326,-0.369288637,0.832353817,,,35800,137.23,1292.6,1.774,-0.804
fewalter,660,0.119121504,0.93706355,0.74890481,1.482346549,0.502931618,0.012586702,0.866161938,0.489516982,1.505145583,1.258596173,0.064238903,0.626859658,-1.404634058,0.77114721,-0.89115556,,,35800,137.23,1292.6,1.774,-0.804
fewalter,661,0.138030293,0.703047577,0.39737206,1.468099015,0.398130627,0.007840786,0.861924564,0.351757253,1.504973425,0.890114897,0.07076725,0.584862737,0.584303451,-1.337124068,0.759229961,,,35800,137.23,1292.6,1.774,-0.804
fewalter,662,0.122065691,0.74410842,0.434157927,1.567503348,-0.361128219,0.012374252,0.553843332,-0.562398679,1.515489945,1.526990685,0.076745916,0.948481489,-0.83329181,-0.396672424,1.548043352,,,35800,137.23,1292.6,1.774,-0.804
fewalter,663,0.121324231,0.540262337,-0.179783771,1.55859504,0.569026134,0.011625639,0.867377612,1.167802487,1.507046621,0.764276393,0.077354396,0.597602397,-1.365516003,0.806689412,1.521662597,,,35800,137.23,1292.6,1.774,-0.804
fewalter,664,0.116257683,0.787929796,0.425465644,1.52843978,0.493964581,0.011817213,0.896180343,0.1433538,1.516211551,1.551473714,0.055560735,0.589106629,0.349583513,-0.419472939,1.53078387,,,35800,137.23,1292.6,1.774,-0.804
fewalter,665,0.117304518,0.882715566,-0.078779922,1.344891766,0.496496568,0.011269957,0.849872397,0.173262851,1.506118537,0.364290757,0.076085463,0.590913902,0.743707173,-0.566676197,1.540309143,,,35800,137.23,1292.6,1.774,-0.804
fewalter,666,0.12651821,0.852500523,0.630266498,1.526331624,-0.426120965,0.01191412,0.791755958,0.272045694,1.510707499,1.569466817,0.107378283,0.585064503,-1.040816045,0.50890335,1.48044163,,,35800,137.23,1292.6,1.774,-0.804
fewalter,667,0.115990869,0.545640824,-1.089085245,1.530478378,0.48234714,0.011877876,0.559048773,0.494945246,1.505217184,1.562904952,0.08185542,0.589200889,0.667245698,-0.092304241,1.512678952,,,35800,137.23,1292.6,1.774,-0.804
fewalter,668,0.115160736,0.783783094,0.694437731,1.530693558,0.135932535,0.013403806,0.771979546,0.272045694,1.51220123,1.431823785,0.010682031,0.578770898,0.710989164,-0.389315003,1.530596259,,,35800,137.23,1292.6,1.774,-0.804
fewalter,669,0.138030293,0.703047577,0.406573643,1.465436702,0.608195698,0.008135206,0.862872518,0.352273139,1.505361708,0.527477151,0.077386251,0.603922745,-1.380686954,-0.506574964,0.893924967,,,35800,137.23,1292.6,1.774,-0.804
fewalter,670,0.138130372,0.703047577,0.406573643,1.465436702,0.608168104,0.008135206,0.862872518,0.351866869,1.505409156,0.527477151,0.186085496,0.52211166,-1.380686954,-0.522577942,0.893924967,,,35800,137.23,1292.6,1.774,-0.804
fewalter,671,0.115653823,0.972050308,-0.616657178,1.552059049,0.069116506,0.011621313,0.846202622,0.451136601,1.536946365,1.488563336,0.076158003,0.593960987,-0.68799042,-0.352235318,1.567265009,,,35800,137.23,1292.6,1.774,-0.804
fewalter,672,0.120013996,0.697308554,-0.152218575,1.520458077,0.521085845,0.00980294,0.74950686,0.326256679,1.512326433,0.413820198,0.036719639,0.606233101,-0.952048663,-0.407353113,0.86379059,,,35800,137.23,1292.6,1.774,-0.804
fewalter,673,0.12171191,0.784305864,0.519978397,1.472975307,-0.208266597,0.00975405,0.767803502,0.56702528,1.501766771,1.570796327,0.483345329,0.50022082,-0.672783259,-0.324793868,0.808514813,,,35800,137.23,1292.6,1.774,-0.804
fewalter,674,0.120971546,0.795346046,0.384554458,1.482406336,0.298910293,0.00944898,0.792179998,0.32655656,1.507283679,1.302773614,0.084367597,0.608975025,-0.598024534,-0.362159212,0.820533867,,,35800,137.23,1292.6,1.774,-0.804
fewalter,675,0.120374494,0.689244501,-0.892993659,1.504620965,0.577989097,0.008126403,0.859338917,0.159395366,1.504371855,1.548005006,0.081894478,0.570868307,-1.370750972,-0.419588697,1.531245695,,,35800,137.23,1292.6,1.774,-0.804
fewalter,676,0.114735054,0.673353143,0.561855522,1.534802539,0.547677906,0.011280614,0.786246668,-0.078678832,1.514653739,-1.344641314,0.056205976,0.583969035,-0.818914418,-0.381499541,1.554476204,,,35800,137.23,1292.6,1.774,-0.804
fewalter,677,0.121563594,0.693356426,-0.068789736,1.347469147,1.016287082,0.00965781,0.789298023,0.158937488,1.508608204,0.409140263,0.036719639,0.551921847,0.650142849,-0.565665891,0.795402748,,,35800,137.23,1292.6,1.774,-0.804
fewalter,678,0.10760288,0.760930116,0.819851994,1.536827021,0.517152545,0.011222343,0.796144965,0.271101303,1.514761999,0.899583763,0.429834398,0.578628512,-0.55240567,0.417172193,1.540591084,,,35800,137.23,1292.6,1.774,-0.804
fewalter,679,0.067431395,0.675656921,-0.285713327,1.466688359,0.509247392,0.007971052,0.775420905,0.646132949,1.501374417,1.306333799,0.021206611,0.571338186,-1.507497559,-0.461908485,1.530831551,,,35800,137.23,1292.6,1.774,-0.804
fewalter,680,0.119687927,0.775866202,-0.070540349,1.466768891,0.316827219,0.009462887,0.789269328,0.331909482,1.508435408,0.834004031,0.085153098,0.571626897,-0.764936567,-0.369288637,0.829326923,,,35800,137.23,1292.6,1.774,-0.804
fewalter,681,0.121101118,0.54037503,0.504408367,1.484860014,0.289315713,0.009896947,0.861547847,0.371591196,1.506754753,1.542674401,0.036128251,0.596673233,-0.660568947,-0.571545117,0.97168768,,,35800,137.23,1292.6,1.774,-0.804
fewalter,682,0.11580567,0.653563808,-0.199880627,1.480155679,0.848347294,0.010474349,0.761328738,0.220748311,1.51029591,1.449116902,0.077872164,0.892411755,0.666549172,-0.431313849,1.537647662,,,35800,137.23,1292.6,1.774,-0.804
fewalter,683,0.121190091,0.776108192,-0.039074289,1.487103744,0.694050965,0.009756911,0.840675671,0.5123153,1.511624458,1.541819379,0.035536019,0.581018634,-1.272070254,-0.435855992,0.902326649,,,35800,137.23,1292.6,1.774,-0.804
fewalter,684,0.121542861,0.789338358,0.659597488,1.528277771,-0.440219359,0.009425025,0.581235809,-0.073055334,1.503814382,1.56669026,0.077435942,0.57621254,-0.674198337,-0.443301349,0.789130776,,,35800,137.23,1292.6,1.774,-0.804
fewalter,685,0.120566829,0.688589699,-0.027905384,1.551819576,0.309270241,0.007930161,0.816917178,0.129378482,1.503584309,0.935825872,0.055321757,0.604918517,-1.319450781,0.775650243,1.543042814,,,35800,137.23,1292.6,1.774,-0.804
fewalter,686,0.123735649,0.543603929,0.395539479,1.477344898,0.648505069,0.008558514,0.852511015,0.25902535,1.501716388,0.623854581,0.437528969,0.565165705,-0.662678114,-0.023920434,1.518687033,,,35800,137.23,1292.6,1.774,-0.804
fewalter,687,0.115685629,0.775867643,-0.099923569,1.485993387,0.506762869,0.008492127,0.798495272,0.167968435,1.508879365,0.801062274,0.089428235,0.569720057,-0.695736766,-0.369288637,0.760431592,,,35800,137.23,1292.6,1.774,-0.804
fewalter,688,0.11971359,0.697378151,0.382525713,1.463639631,0.803781342,0.008121836,0.796060568,0.356069101,1.505124882,-0.743881722,0.07737533,0.590535382,-1.439478658,0.184566527,1.004740777,,,35800,137.23,1292.6,1.774,-0.804
fewalter,689,0.107359414,0.761383993,-0.257494402,1.536827021,0.51703566,0.012812054,0.796144965,0.320981492,1.510637006,0.900366419,0.048088996,0.596922012,-0.966207241,0.408025034,1.563531099,,,35800,137.23,1292.6,1.774,-0.804
fewalter,690,0.114264087,0.7964904,-0.026488132,1.344496598,0.340758682,0.009465196,0.741976385,-1.213403798,1.512233539,0.707860565,0.072075806,0.60615198,-1.149174216,0.537814163,-0.562626332,,,35800,137.23,1292.6,1.774,-0.804
fewalter,691,0.117670034,0.767277322,-0.043960799,1.484748405,-0.069683286,0.011665861,0.855895395,0.379223044,1.510694469,0.871928309,0.084554226,0.597087387,0.580382215,-0.589493842,0.966519897,,,35800,137.23,1292.6,1.774,-0.804
fewalter,692,0.120729242,0.785257196,-0.132672841,1.483139191,0.310750377,0.0095673,0.786852932,0.325671757,1.507563704,1.272106566,0.082025603,0.607111517,-0.675615106,-0.345704528,0.837554202,,,35800,137.23,1292.6,1.774,-0.804
fewalter,693,0.120976934,0.995819944,0.520044225,1.497087775,0.308328955,0.009417146,0.788473734,0.329363344,1.509070641,0.614842822,0.075621,0.612988598,-0.904262576,-0.316596626,0.828279811,,,35800,137.23,1292.6,1.774,-0.804
fewalter,694,0.127469364,0.544577401,0.397551752,1.485673719,0.611928285,0.007935131,0.953958891,0.597509506,1.501764664,-1.439816587,0.090932231,0.568547927,-1.206303183,0.572007669,-0.517113557,,,35800,137.23,1292.6,1.774,-0.804
fewalter,695,0.122733209,0.737935819,0.427989428,1.467896695,0.037372387,0.011299466,0.863122235,0.179467547,1.50112291,1.286952775,0.077966598,0.59547013,0.890610806,-0.423080408,1.537647662,,,35800,137.23,1292.6,1.774,-0.804
fewalter,696,0.115653823,0.972946809,-0.637423813,1.552059049,0.069116506,0.011621313,0.846202622,0.451136601,1.537812796,1.48519582,0.076158003,0.593960987,-0.651952857,-0.352235318,1.567265009,,,35800,137.23,1292.6,1.774,-0.804
fewalter,697,0.137583255,0.741735849,0.390057419,1.230537369,0.05428439,0.011299466,0.863129565,0.188791722,1.501152312,1.260759289,0.065180612,0.595304693,1.06692484,-0.677462176,1.537534523,,,35800,137.23,1292.6,1.774,-0.804
fewalter,698,0.124987652,0.552006652,-0.138410043,1.488111482,0.299545248,0.012649212,0.851795446,0.34333241,1.517165207,1.551826902,0.063860295,0.581072989,-1.36247497,0.768911284,-0.886042894,,,35800,137.23,1292.6,1.774,-0.804
fewalter,699,0.120971546,0.941220613,-0.152783318,1.478518681,0.045389569,0.00951658,0.788003677,0.402030106,1.507410016,1.298570178,0.076685873,0.60938768,-0.651780446,-0.323026775,0.828279811,,,35800,137.23,1292.6,1.774,-0.804
fewalter,700,0.123300909,0.792640613,0.402448165,1.457779648,0.656878579,0.008976964,0.792789886,0.318915206,1.506810556,1.512840228,0.060908373,0.52672234,-1.31585329,-0.477726152,0.894952253,,,35800,137.23,1292.6,1.774,-0.804
fewalter,701,0.11494503,0.653910543,0.564606333,1.490948216,0.605117957,0.007842953,0.789840866,0.214801168,1.501469656,1.426016744,0.076125949,0.59492147,0.685516816,-1.570796327,1.404484518,,,35800,137.23,1292.6,1.774,-0.804
fewalter,702,0.12028303,0.832374329,0.79554158,1.544958474,-0.522893157,0.012453932,0.880968311,0.394814518,1.52055811,-1.536523503,0.075249463,0.59293425,0.603184094,-0.359854439,1.567289005,,,35800,137.23,1292.6,1.774,-0.804
fewalter,703,0.124987652,0.552006652,-0.138410043,1.490356353,0.299545248,0.012649212,0.868789232,0.34333241,1.517110016,-1.291616448,0.063860295,0.581072989,-1.36247497,0.768911284,-0.886042894,,,35800,137.23,1292.6,1.774,-0.804
fewalter,704,0.118002445,0.688186203,0.369115913,1.540800118,0.361591155,0.012882467,0.79124334,1.282549335,1.513926942,-0.722387898,0.077829516,0.587281439,-1.322049098,0.687136959,1.552819883,,,35800,137.23,1292.6,1.774,-0.804
fewalter,705,0.118046978,0.69234502,-0.170134193,1.537718841,0.571573503,0.011866021,0.864730903,1.152459368,1.509603935,1.513315296,0.077333824,0.600008741,-1.375566783,0.827453985,1.521289455,,,35800,137.23,1292.6,1.774,-0.804
fewalter,706,0.138729759,0.801741922,0.436256999,1.48125886,0.519781117,0.007856179,0.86039162,0.302530913,1.505335749,1.425454106,0.077374078,0.576862929,0.74747187,-1.487972149,0.770321824,,,35800,137.23,1292.6,1.774,-0.804
fewalter,707,0.106349359,0.637756746,0.561855522,1.558775059,0.028854266,0.011732915,0.510845233,0.211647251,1.522016218,1.423773213,0.046173219,0.563794362,-1.150680325,-0.378679514,1.519234388,,,35800,137.23,1292.6,1.774,-0.804
fewalter,708,0.122682666,0.674539829,0.435919324,1.531308324,1.250365416,0.012468424,0.849309894,0.139599442,1.516086713,1.49510453,0.159767766,0.943622886,-1.303781543,-0.399287372,1.54731321,,,35800,137.23,1292.6,1.774,-0.804
fewalter,709,0.120971546,0.795556732,0.384554458,1.482406336,0.298910293,0.00943649,0.797144153,0.34576239,1.507283679,1.357191072,0.084367597,0.612887394,-0.570022805,-0.362159212,0.815379458,,,35800,137.23,1292.6,1.774,-0.804
fewalter,710,0.116328958,0.703458778,-0.292103404,1.482048242,0.486914903,0.011719682,0.91273585,0.509695898,1.512147797,1.566264611,0.026166325,0.569765841,0.911489065,-0.333653009,1.487766292,,,35800,137.23,1292.6,1.774,-0.804
fewalter,711,0.117599436,0.775298778,0.409341932,1.484427195,0.533885694,0.014182425,0.842567797,1.344606519,1.508275893,1.482603983,0.082005626,0.567031342,0.606374227,-0.669620969,0.834763685,,,35800,137.23,1292.6,1.774,-0.804
fewalter,712,0.117476086,0.768359573,0.421923624,1.467733292,0.287319698,0.011299466,0.880000912,0.341118964,1.502178795,1.313719582,0.061902583,0.588101659,0.936906892,-0.704121654,1.537647662,,,35800,137.23,1292.6,1.774,-0.804
fewalter,713,0.114662638,0.637756746,-0.223864794,1.559008683,0.558471377,0.01039708,0.838772561,0.225989672,1.516326098,0.549410366,0.042600177,0.56301841,0.970390041,-0.379463705,1.515853087,,,35800,137.23,1292.6,1.774,-0.804
fewalter,714,0.067431395,0.673089191,-0.293627963,1.467099762,0.509247392,0.011818905,0.869607405,0.38981533,1.501138849,1.225174434,0.021206611,0.595887439,-1.476888036,0.663568849,1.557792247,,,35800,137.23,1292.6,1.774,-0.804
fewalter,715,0.10752778,0.759991375,-0.278641959,1.536827021,0.033025303,0.011414016,0.796144965,0.321828296,1.514559715,0.866447073,0.423200163,0.60377146,0.534520998,0.417172193,1.532825722,,,35800,137.23,1292.6,1.774,-0.804
fewalter,716,0.128009665,0.702064393,0.406573643,1.465436702,0.522596906,0.007947113,0.862898364,0.372140354,1.505744827,0.527477151,0.083757454,0.597073297,-0.583012757,-0.505602254,0.872351252,,,35800,137.23,1292.6,1.774,-0.804
fewalter,717,0.123937863,0.554214241,0.39737206,1.480153498,0.282750913,0.008024187,0.870672545,0.351861296,1.505364199,1.449101422,0.081781377,0.510402831,-1.051685529,-1.337522176,0.891978824,,,35800,137.23,1292.6,1.774,-0.804
fewalter,718,0.115486143,0.741275976,0.365744806,1.550165956,0.061289523,0.008123898,0.857013956,0.281545279,1.504666531,-0.677050706,0.089218483,0.594859799,-0.672881857,-0.425868482,0.7934006,,,35800,137.23,1292.6,1.774,-0.804
fewalter,719,0.115239325,0.739078638,-0.032000518,1.239597381,0.7316996,0.011304627,0.85006954,0.206980047,1.505177146,1.298110875,0.076349719,0.586398796,0.743707173,-0.600632769,1.537534467,,,35800,137.23,1292.6,1.774,-0.804
fewalter,720,0.117053391,0.702802017,-0.028015756,1.479776922,0.602057194,0.011665861,0.906801951,0.354577287,1.510706136,1.559967519,0.077314521,0.573699845,0.540877016,-0.604972456,0.921093928,,,35800,137.23,1292.6,1.774,-0.804
fewalter,721,0.121886989,0.795494802,0.585015778,1.485240367,0.857672144,0.007995036,0.794858335,0.359961142,1.501647446,1.554689213,0.061564403,0.516507202,-1.362551975,-0.486120571,-0.859314034,,,35800,137.23,1292.6,1.774,-0.804
fewalter,722,0.109878727,0.573860201,-1.388253828,1.532271922,0.382149178,0.009269175,0.820296637,-1.076165641,1.51536251,1.555182686,0.072731498,0.580002458,-1.198593257,0.563248038,-0.368681937,,,35800,137.23,1292.6,1.774,-0.804
fewalter,723,0.113026471,0.801724307,0.430119321,1.556921603,-0.443428229,0.011841984,0.871009709,0.362177443,1.516856701,1.359697828,0.072582303,0.501667917,-0.906917613,-0.508514425,1.469917318,,,35800,137.23,1292.6,1.774,-0.804
fewalter,724,0.116061916,0.506872411,0.749804552,1.530478378,-0.379610076,0.011877876,0.539022253,0.487469217,1.505261088,1.562904952,0.081806419,0.589087901,0.667245698,-0.092304241,1.538433196,,,35800,137.23,1292.6,1.774,-0.804
fewalter,725,0.117222235,0.706358669,-0.633826691,1.565938482,0.501780138,0.012270119,0.890343017,0.304839182,1.511620451,0.891223078,0.081186097,0.524421259,0.807660743,-0.387705202,0.763578892,,,35800,137.23,1292.6,1.774,-0.804
fewalter,726,0.114724772,0.637661578,0.524187897,1.531352987,1.244859591,0.012982104,0.504431769,0.21997744,1.52212609,-1.570796327,0.046265123,0.586348978,0.907210213,-0.378679514,1.554449538,,,35800,137.23,1292.6,1.774,-0.804
fewalter,727,0.110262631,0.903423794,-0.094660391,1.270616827,0.505519709,0.009821497,0.878507512,0.16837546,1.510012451,1.569990071,0.075656213,0.589832807,-0.612605094,-0.552244476,1.539142345,,,35800,137.23,1292.6,1.774,-0.804
fewalter,728,0.122868144,0.773925384,0.441819252,1.457859363,1.247256473,0.011619247,0.589191066,-0.609832858,1.509889334,1.548976774,0.07725744,0.595211758,0.626558976,-0.4304943,1.536871893,,,35800,137.23,1292.6,1.774,-0.804
fewalter,729,0.123300909,0.552120166,0.390624067,1.481618755,0.656878579,0.009002223,0.543168489,0.302777415,1.506810556,1.512840228,0.060908373,0.52672234,-1.36425047,-0.406222011,0.894952253,,,35800,137.23,1292.6,1.774,-0.804
fewalter,730,0.120844175,0.74174544,0.389460563,1.232790133,0.034431241,0.011299542,0.789425274,0.188420279,1.501806424,1.308183106,0.079467588,0.586011361,0.796633157,-0.555505595,1.537801589,,,35800,137.23,1292.6,1.774,-0.804
fewalter,731,0.117010061,0.533315985,-0.158589161,1.483076342,0.529699313,0.011605685,0.912364347,0.355570006,1.510705867,-1.252728115,0.034594543,0.579201813,0.615115586,-0.518529461,0.899729939,,,35800,137.23,1292.6,1.774,-0.804
fewalter,732,0.11985187,0.696720839,0.402523813,1.463639631,0.803781342,0.008180802,0.766262293,0.355128656,1.504865614,-0.703870664,0.077381418,0.578625821,-1.439478658,0.184566527,1.004740777,,,35800,137.23,1292.6,1.774,-0.804
fewalter,733,0.114576526,0.513555104,-0.111853847,1.496248568,0.93316818,0.012967983,0.796637263,0.224147226,1.512305132,0.878865825,0.075539105,0.590680459,0.710780024,-0.426936443,0.754913382,,,35800,137.23,1292.6,1.774,-0.804
fewalter,734,0.115671344,0.759530309,-0.154662794,1.18833071,0.204607985,0.010555459,0.874996322,-1.236331685,1.514560961,1.547531759,0.062464559,0.526307674,-0.873255432,-0.448748404,1.429141887,,,35800,137.23,1292.6,1.774,-0.804
fewalter,735,0.120535988,0.561348485,-0.038970998,1.482722759,0.398346711,0.012664631,0.866336094,0.347752769,1.504970701,0.898495353,0.070505011,0.583382341,0.632592163,-0.480996561,0.788856174,,,35800,137.23,1292.6,1.774,-0.804
fewalter,736,0.126561515,0.743279169,0.472979145,1.467896695,0.023596572,0.011299466,0.861515618,0.178178116,1.5013107,1.516027495,0.063692513,0.59547013,0.935688427,-0.677462176,1.537644552,,,35800,137.23,1292.6,1.774,-0.804
fewalter,737,0.122636436,0.780373156,0.736220659,1.529667498,-0.447609467,0.013832435,0.769943229,0.278363672,1.507489103,1.281156138,0.078690743,0.584273108,0.67549359,-0.605094675,1.531168291,,,35800,137.23,1292.6,1.774,-0.804
fewalter,738,0.119185872,0.618061829,0.553116132,1.54676,0.445745662,0.009328316,0.873097227,-0.070171167,1.507076407,-1.562411785,0.046265123,0.582774062,-0.948670719,-0.393269989,1.549294283,,,35800,137.23,1292.6,1.774,-0.804
fewalter,739,0.115699633,0.741785141,0.411360002,1.243472417,0.493800492,0.011337429,0.866986439,0.403931254,1.501152427,1.298110875,0.076236957,0.589633587,0.747173056,-0.600632769,1.537534467,,,35800,137.23,1292.6,1.774,-0.804
fewalter,740,0.116019492,0.787929796,-0.053418375,1.528445919,0.510325579,0.011328217,0.897243923,0.338723421,1.505080686,1.296815886,0.088918976,0.589860416,0.664867291,-0.419309544,1.53078387,,,35800,137.23,1292.6,1.774,-0.804
fewalter,741,0.120399601,0.704983948,0.39737206,1.481404751,0.606550249,0.007994548,0.862240949,0.337452855,1.5042703,1.545812249,0.077390889,0.582209502,-1.018847681,-0.459850042,0.810340264,,,35800,137.23,1292.6,1.774,-0.804
fewalter,742,0.121050671,0.776107139,-0.169349408,1.558986336,0.641596606,0.010243871,0.865958624,0.511775517,1.51618646,-0.623774567,0.076646944,0.555351537,-1.365516003,0.794133887,1.47938683,,,35800,137.23,1292.6,1.774,-0.804
fewalter,743,0.106397381,0.671900603,0.367807447,1.541396071,0.053980333,0.011392337,0.917128386,0.342682767,1.501193321,1.310974397,0.098167814,0.595030469,-1.082972,0.818792662,1.555494209,,,35800,137.23,1292.6,1.774,-0.804
fewalter,744,0.117458099,0.740411925,0.381311051,1.481939445,0.482435825,0.011300293,0.861933625,0.21137022,1.501894303,1.29836364,0.079704285,0.585952723,0.727287365,-0.659514934,1.524289683,,,35800,137.23,1292.6,1.774,-0.804
fewalter,745,0.122489778,0.667857831,0.488403782,1.532385821,-0.373789993,0.012503769,0.563932271,0.322661032,1.515378879,1.556420059,0.180293214,0.58084515,-0.750754475,-0.312631824,1.54731321,,,35800,137.23,1292.6,1.774,-0.804
fewalter,746,0.123217229,0.772576136,0.368179347,1.530461673,0.498201278,0.011587421,0.793548713,0.499650178,1.509782646,1.426942142,0.077354972,0.600053107,-0.699802864,0.369900511,-0.520888766,,,35800,137.23,1292.6,1.774,-0.804
fewalter,747,0.121716562,0.741329995,-0.16573615,1.485195042,0.590452405,0.009907417,0.855995599,0.300600075,1.508680894,-0.892365303,0.085462991,0.502030771,-1.317177717,-0.005062253,0.800521332,,,35800,137.23,1292.6,1.774,-0.804
fewalter,748,0.121124632,0.784531412,0.381895002,1.482100116,0.296991889,0.009408378,0.79171471,0.566962222,1.507388087,1.315665537,0.075384968,0.609524973,-0.679370956,-0.361969279,0.805683424,,,35800,137.23,1292.6,1.774,-0.804
fewalter,749,0.108203599,0.882715566,-0.078779922,1.336652616,0.496496568,0.011269957,0.849872397,0.173262851,1.506118537,0.876792762,0.076085463,0.590913902,0.738887059,-0.566676197,1.540710913,,,35800,137.23,1292.6,1.774,-0.804
fewalter,750,0.119053121,0.775866202,-0.094686329,1.463399324,0.316827219,0.011502182,0.585295928,0.332761085,1.508435408,0.839107284,0.089543707,0.570691003,-0.755173361,-0.369288637,0.829326923,,,35800,137.23,1292.6,1.774,-0.804
fewalter,751,0.116045331,0.801050237,-0.050680656,1.527495081,1.208853485,0.010426264,0.865299944,0.320623146,1.515187979,1.513905457,0.0688991,0.56960465,-1.140842603,0.537814163,-0.539492367,,,35800,137.23,1292.6,1.774,-0.804
fewalter,752,0.122350246,0.665292694,0.424524692,1.55044021,-0.459098809,0.01158961,0.769450551,0.312680545,1.514718609,1.234580056,0.10523087,0.583976496,0.476810725,-1.507244768,1.529565029,,,35800,137.23,1292.6,1.774,-0.804
fewalter,753,0.107359414,0.760711397,-0.257494402,1.538207048,0.51703566,0.012809693,0.796144965,0.322090379,1.510626438,1.51716463,0.09821779,0.584093427,-0.601035195,0.404283979,1.516722124,,,35800,137.23,1292.6,1.774,-0.804
fewalter,754,0.117356879,0.696416088,-0.158589161,1.483076342,0.523957535,0.01168294,0.912364347,0.293868578,1.510705867,-1.252728115,0.034594543,0.57665558,0.740191983,-0.518529461,0.86344284,,,35800,137.23,1292.6,1.774,-0.804
fewalter,755,0.121307755,0.740544986,-0.179783771,1.55859504,0.570858765,0.008234479,0.775086075,-0.128243252,1.506965978,0.764276393,0.077354396,0.597602397,-1.365516003,0.775793794,1.521662597,,,35800,137.23,1292.6,1.774,-0.804
fewalter,756,0.115471946,0.530828164,0.440708814,1.546464414,0.301705838,0.011820152,0.665988438,0.492214409,1.516267465,1.445246414,0.07812306,0.58123675,-0.717836301,-0.335324967,1.553548599,,,35800,137.23,1292.6,1.774,-0.804
fewalter,757,0.109625824,0.546508042,-0.004825134,1.52855696,0.349199447,0.011645214,0.819316678,0.600069543,1.513439276,1.570796327,0.079169926,0.635885887,-1.20526444,0.559056763,-0.581275917,,,35800,137.23,1292.6,1.774,-0.804
fewalter,758,0.117513253,0.786884103,-0.152032437,1.467637076,1.154634373,0.011299466,0.896997883,0.50481929,1.50537224,1.303550527,0.079518974,0.589379675,0.740356809,-0.656551364,1.546177144,,,35800,137.23,1292.6,1.774,-0.804
fewalter,759,0.115154959,0.783783094,0.791154248,1.530693558,0.476229542,0.013413472,0.767814576,0.272045694,1.504618784,1.569710888,0.064218455,0.578770898,0.753624318,-0.488175276,1.530596259,,,35800,137.23,1292.6,1.774,-0.804
fewalter,760,0.138180654,0.703877941,-1.058261304,1.481383923,0.495547574,0.011403372,0.849806596,0.336484872,1.505223763,1.559018561,0.109521401,0.589251146,0.492230996,-0.2744302,1.537647662,,,35800,137.23,1292.6,1.774,-0.804
fewalter,761,0.138407235,0.698079449,0.387941972,1.231565782,0.495918159,0.011491243,0.849806596,0.210093667,1.50611996,1.561457024,0.057724814,0.59009668,0.469669452,-0.2744302,1.555379387,,,35800,137.23,1292.6,1.774,-0.804
fewalter,762,0.114772779,0.754345768,0.561855522,1.552944942,0.583802225,0.01139415,0.773652179,0.271905162,1.51466263,-1.570796327,0.071416044,0.583873934,-1.241939911,-0.453310986,1.536744479,,,35800,137.23,1292.6,1.774,-0.804
fewalter,763,0.121602459,0.795424862,0.45330331,1.459676879,0.654316932,0.007835308,0.569830061,-0.013209298,1.502686697,1.510795767,0.281625184,0.597647582,-1.219678236,-0.595495483,0.76740871,,,35800,137.23,1292.6,1.774,-0.804
fewalter,764,0.115431044,0.787954436,-0.409940666,1.538520113,-0.467438551,0.00813929,0.78968323,0.346750101,1.505443596,1.306956745,0.089052252,0.589077061,-1.155079968,0.877600239,1.529755866,,,35800,137.23,1292.6,1.774,-0.804
fewalter,765,0.116290775,0.97800918,-0.15712697,1.552494689,1.221981562,0.008449251,0.866334055,0.281545279,1.505709972,1.411041219,0.076260706,0.569732063,-0.672881857,-0.372351016,0.772825231,,,35800,137.23,1292.6,1.774,-0.804
fewalter,766,0.10760288,0.760930116,0.804738044,1.536827021,0.51922229,0.011225923,0.795235658,0.324346891,1.514754461,0.866447073,0.432850951,0.586375995,-0.551214372,0.417699197,1.532825722,,,35800,137.23,1292.6,1.774,-0.804
fewalter,767,0.121757497,0.774955141,0.453283137,1.484322686,0.51396666,0.007719548,0.562437957,0.010406584,1.501681738,1.529478878,0.079998523,0.586306701,-1.285712897,-0.678419904,0.824837063,,,35800,137.23,1292.6,1.774,-0.804
fewalter,768,0.112739127,0.99145648,-0.183484691,1.528283568,0.342672689,0.012533513,0.819847879,0.345265205,1.514645341,-0.749698916,0.062116246,0.5690413,-1.148475935,0.537814163,-0.581275917,,,35800,137.23,1292.6,1.774,-0.804
fewalter,769,0.106919793,0.788995192,0.781304812,1.529694488,-0.461385283,0.013468381,0.877859393,0.351386139,1.506528452,1.485228791,0.106586042,0.584285032,-0.491312387,-0.600690617,1.53043148,,,35800,137.23,1292.6,1.774,-0.804
fewalter,770,0.108203599,0.881537017,-0.078729556,1.336652616,0.496496568,0.011319157,0.849872397,0.173262851,1.506118537,1.314593302,0.076085463,0.59126596,0.738887059,-0.369014147,1.540710913,,,35800,137.23,1292.6,1.774,-0.804
fewalter,771,0.138180654,0.696917514,-1.058261304,1.481383923,0.498454902,0.011395742,0.849806596,0.336484872,1.505223763,1.558954248,0.084281284,0.589218299,0.476057965,-0.2744302,1.537647662,,,35800,137.23,1292.6,1.774,-0.804
fewalter,772,0.120940099,0.786436337,0.563948753,1.456249384,0.302014045,0.009419489,0.788001653,0.689795399,1.504700021,-1.309725823,0.0901031,0.612988598,-0.399762913,-0.520417033,0.896759265,,,35800,137.23,1292.6,1.774,-0.804
fewalter,773,0.121563594,0.693356426,-0.026421043,1.347469147,0.403611965,0.009752721,0.862321812,0.306122855,1.511743995,0.409140263,0.036719639,0.551921847,0.650142849,-0.565665891,0.795402748,,,35800,137.23,1292.6,1.774,-0.804
fewalter,774,0.123420946,0.787588346,0.569017607,1.490141976,0.292598468,0.008945624,0.775438634,0.102224537,1.507139429,1.436633882,0.074752468,0.590563763,-1.027087671,-0.463704806,-0.933252429,,,35800,137.23,1292.6,1.774,-0.804
fewalter,775,0.105591791,0.78387802,0.317630092,1.545319509,0.510836526,0.011207425,0.781258054,0.332728032,1.518144118,-0.555036467,0.189881697,0.566239242,-1.222999559,-0.024691379,1.539618525,,,35800,137.23,1292.6,1.774,-0.804
fewalter,776,0.106565505,0.771300423,0.441382036,1.560809215,1.270871057,0.01164936,0.856666775,0.007888542,1.518390392,-1.545556854,0.064365231,0.579529759,-1.365197893,0.690737744,1.551797156,,,35800,137.23,1292.6,1.774,-0.804
fewalter,777,0.116961409,0.778792054,-0.545510494,1.483521162,0.483906813,0.012577128,0.560339187,0.294825819,1.512055818,1.565822636,0.077278688,0.580161737,0.60688824,-0.434797425,0.725965373,,,35800,137.23,1292.6,1.774,-0.804
fewalter,778,0.121805582,0.793271382,0.434157927,1.552797963,0.641189292,0.012468424,0.553843332,0.139366594,1.514989008,1.551761635,0.151328527,0.572082382,-0.690841878,-0.399287372,1.54731321,,,35800,137.23,1292.6,1.774,-0.804
fewalter,779,0.110262631,0.682633027,-0.899221863,1.270616827,0.505519709,0.009797716,0.857478055,0.16837546,1.510012451,1.570314087,0.075656213,0.570015231,-1.305454943,-0.552244476,1.539167388,,,35800,137.23,1292.6,1.774,-0.804
fewalter,780,0.122636436,0.780373156,0.736220659,1.529667498,-0.447609467,0.011577161,0.770577988,0.278363672,1.507489103,-0.680541378,0.079414181,0.584273108,-0.496302902,-0.605094675,1.531168291,,,35800,137.23,1292.6,1.774,-0.804
fewalter,781,0.121101118,0.585307335,0.008664759,1.351239188,0.389664705,0.009896947,0.819909399,-0.107369641,1.512828762,1.542534445,0.083091382,0.577741509,-0.457038358,-0.547286862,0.892522061,,,35800,137.23,1292.6,1.774,-0.804
fewalter,782,0.12383764,0.773335663,-0.504613279,1.537686269,0.030079793,0.011219014,0.689294943,0.496203233,1.509782646,-1.238635213,0.090532197,0.594998568,-0.693072573,0.39379387,1.523123707,,,35800,137.23,1292.6,1.774,-0.804
fewalter,783,0.117379215,0.758340378,0.701312096,1.537617001,0.024427199,0.013705487,0.849782315,0.268843608,1.514010156,-1.159324978,0.089053268,0.600812572,-1.29355754,-0.54366478,1.556012579,,,35800,137.23,1292.6,1.774,-0.804
fewalter,784,0.112710067,0.736037354,0.399155799,1.555091841,0.101759017,0.008681894,0.859652844,0.287336633,1.505944636,1.445610893,0.044963677,0.58809488,0.747877403,-0.695356278,1.537647662,,,35800,137.23,1292.6,1.774,-0.804
fewalter,785,0.20935615,0.79101767,0.365391169,1.552666447,0.645908629,0.008558514,0.85366784,0.255190282,1.502037336,-1.413454986,0.43318387,0.564703816,-0.687302292,-0.263853675,1.504752085,,,35800,137.23,1292.6,1.774,-0.804
fewalter,786,0.117995772,0.9228247,-0.122954664,1.468356461,0.841071296,0.011643269,0.872219414,0.339256109,1.516839368,1.570322051,0.237134779,0.585879964,-0.605172744,0.667330402,1.526419141,,,35800,137.23,1292.6,1.774,-0.804
fewalter,787,0.138030293,0.703047577,0.397377207,1.468099015,0.402617379,0.007840786,0.861924564,0.351757253,1.504974034,1.308953153,0.07076725,0.584862737,0.600853874,-1.337124068,0.759229961,,,35800,137.23,1292.6,1.774,-0.804
fewalter,788,0.11944243,0.688208414,0.504408367,1.484860014,0.289315713,0.009896947,0.861547847,0.371591196,1.506754753,1.409774213,0.494389347,0.596673233,-0.661666148,-0.567949444,0.980613976,,,35800,137.23,1292.6,1.774,-0.804
fewalter,789,0.119592002,0.824705716,-0.076077056,1.537294913,0.287974222,0.009869315,0.792182914,-0.140668075,1.513931614,-1.19999294,0.089550412,0.570675916,-0.695736766,-0.369510744,1.541924972,,,35800,137.23,1292.6,1.774,-0.804
fewalter,790,0.117378959,0.741661063,0.687146267,1.537438118,0.024427199,0.013705487,0.849660411,0.268843608,1.514010156,-1.159324978,0.089053268,0.600812572,-1.29355754,-0.54366478,1.556012579,,,35800,137.23,1292.6,1.774,-0.804
fewalter,791,0.117476086,0.768242613,0.421923624,1.530290267,0.298331016,0.011506326,0.878987623,0.342595981,1.502178795,1.547819917,0.0613933,0.588101659,0.936906892,-0.704121654,1.537647662,,,35800,137.23,1292.6,1.774,-0.804
fewalter,792,0.068445964,0.676564213,-0.269538438,1.455918061,0.512947325,0.007777567,0.783502939,0.621455281,1.498384788,1.269036826,0.020487935,0.573481186,-1.464586804,-0.456379769,1.514217745,,,35800,137.23,1292.6,1.774,-0.804
fewalter,793,0.10760288,0.761296584,0.813468712,1.536206843,0.274645889,0.011225923,0.544200454,-0.699340465,1.514423468,1.563059389,0.055763641,0.59661949,-0.55240567,0.382594875,1.532825722,,,35800,137.23,1292.6,1.774,-0.804
fewalter,794,0.120211327,0.774876038,-1.193810499,1.534465439,0.493505319,0.007808115,0.872274552,0.324440101,1.506149727,0.874919754,0.240428968,0.605640524,-0.601396777,0.667330402,1.526419141,,,35800,137.23,1292.6,1.774,-0.804
fewalter,795,0.10760288,0.760930116,0.804738044,1.536827021,0.51922229,0.011225923,0.796144965,0.324065446,1.514754461,0.866447073,0.149576788,0.587301473,-0.55240567,0.375894078,1.532825722,,,35800,137.23,1292.6,1.774,-0.804
fewalter,796,0.121101118,0.54037503,0.504408367,1.494961843,0.276720155,0.009896947,0.861547847,0.371591196,1.505258414,1.542674401,0.346735983,0.577741509,-0.660568947,-0.571545117,0.88042071,,,35800,137.23,1292.6,1.774,-0.804
fewalter,797,0.062900541,0.70669114,-0.293627963,1.487722543,0.509247392,0.011820853,0.869607405,0.055615288,1.501393203,1.329005748,0.021206611,0.595887439,-1.504317665,0.66208934,1.546786544,,,35800,137.23,1292.6,1.774,-0.804
fewalter,798,0.118183931,0.874822439,0.422948575,1.467896695,0.495077328,0.011321037,0.658267254,-0.506159307,1.512645072,0.403934957,0.036367443,0.586630879,0.56852914,-0.656551364,1.537647662,,,35800,137.23,1292.6,1.774,-0.804
fewalter,799,0.127469364,0.544577401,0.397551752,1.485673719,0.611928285,0.007935131,0.953958891,0.461095816,1.501764664,-1.439816587,0.090932231,0.568547927,-1.206303183,0.572007669,-0.517113557,,,35800,137.23,1292.6,1.774,-0.804
fewalter,800,0.11971359,0.787622769,0.427329518,1.528262035,0.76175758,0.008130999,0.564415805,0.349628185,1.504370857,0.868408965,0.07846408,0.589005534,0.214923495,-0.469110754,0.740616542,,,35800,137.23,1292.6,1.774,-0.804
fewalter,801,0.10760288,0.760356885,0.471639318,1.536827021,0.262298879,0.011225923,0.796144965,0.30700924,1.514754461,0.863339483,0.432850951,0.592375456,-0.55240567,-0.019625295,1.532825722,,,35800,137.23,1292.6,1.774,-0.804
fewalter,802,0.138407235,0.698079449,0.387941972,1.235215679,0.48938585,0.011396494,0.849806596,-0.595752347,1.507464799,1.306041634,0.073373944,0.59009668,0.469669452,-0.2744302,1.537647662,,,35800,137.23,1292.6,1.774,-0.804
fewalter,803,0.114772779,0.754345768,0.561855522,1.559252279,0.586060695,0.011291983,0.5,-0.077963844,1.51466263,-1.570796327,0.055451051,0.583873934,0.591651593,-0.381499541,1.554476204,,,35800,137.23,1292.6,1.774,-0.804
fewalter,804,0.110170888,0.775867643,-0.182112463,1.485993387,0.143640183,0.008485046,0.802867523,0.167968435,1.508879365,-0.255601391,0.089519478,0.57000514,-0.695736766,-0.369288637,0.75956764,,,35800,137.23,1292.6,1.774,-0.804
fewalter,805,0.119479718,0.651311439,-1.028419236,1.484248394,0.462076588,0.00965473,0.865038362,-0.748862502,1.510709055,1.40573036,0.084407849,0.566303997,0.172294917,-0.580215375,0.8867671,,,35800,137.23,1292.6,1.774,-0.804
fewalter,806,0.126331018,0.702120945,0.401702066,1.461155375,0.283521495,0.007997951,0.763976723,1.231627631,1.500534665,1.413918855,0.076305905,0.598805837,0.061064819,-0.743625308,0.994866757,,,35800,137.23,1292.6,1.774,-0.804
fewalter,807,0.114735054,0.673353143,0.561855522,1.534802539,0.547677906,0.011280614,0.786246668,-0.700345344,1.514653739,-1.344641314,0.056205976,0.583969035,-0.818914418,-0.381499541,1.554476204,,,35800,137.23,1292.6,1.774,-0.804
fewalter,808,0.121023615,0.945758996,-0.154253367,1.478518681,0.533573158,0.009419806,0.779883427,0.360580383,1.507517062,1.56056289,0.052510219,0.591072367,-0.514546972,-0.435911566,0.828279811,,,35800,137.23,1292.6,1.774,-0.804
fewalter,809,0.120940099,0.786436337,0.563948753,1.456249384,0.302014045,0.009419489,0.788001653,0.496323685,1.504700021,-1.309725823,0.0901031,0.612988598,-0.399762913,-0.520417033,0.896759265,,,35800,137.23,1292.6,1.774,-0.804
fewalter,810,0.116467611,0.545640824,-1.089085245,1.530476827,1.218698847,0.011830148,0.569332442,0.494945246,1.509821167,1.476140158,0.087189727,0.5892011,0.659681705,-0.107764402,1.512773473,,,35800,137.23,1292.6,1.774,-0.804
fewalter,811,0.123515749,0.551489747,0.453283137,1.54129617,0.679006468,0.009036977,0.897895152,0.288584548,1.501625224,1.529263479,0.327635082,0.597690243,-1.437393628,0.800397472,1.41732584,,,35800,137.23,1292.6,1.774,-0.804
fewalter,812,0.106591939,0.671900603,0.371359831,1.538556615,0.031712103,0.011314793,0.863385825,0.209461244,1.501193321,1.306956745,0.256852762,0.595030469,-1.155079968,-0.381927909,1.554629794,,,35800,137.23,1292.6,1.774,-0.804
fewalter,813,0.11580567,0.653563808,-0.199880627,1.480155679,0.848347294,0.010474349,0.761328738,0.220748311,1.51029591,1.449116902,0.077872164,0.892411755,0.561858877,-0.431313849,1.537647662,,,35800,137.23,1292.6,1.774,-0.804
fewalter,814,0.11580567,0.819042974,-0.199880627,1.480155679,0.848347294,0.010474349,0.761328738,-0.047097477,1.51029591,1.449116902,0.077872164,0.892411755,0.666549172,-0.431313849,1.537647662,,,35800,137.23,1292.6,1.774,-0.804
fewalter,815,0.117078486,0.743302169,-0.195466856,1.543584664,0.859769955,0.011465374,0.856879899,0.220748311,1.510301825,1.44728547,0.069173082,0.892411755,0.675763956,-0.431313849,1.537647662,,,35800,137.23,1292.6,1.774,-0.804
fewalter,816,0.117476086,0.874822439,0.433433114,1.530646335,0.492332207,0.011302991,0.841762972,0.006316592,1.51288678,0.403934957,0.053431227,0.586685027,0.705277169,-0.310888793,1.54753125,,,35800,137.23,1292.6,1.774,-0.804
fewalter,817,0.115691553,0.775867643,-0.875589453,1.222774384,0.281809166,0.009602788,0.788375823,-0.140668075,1.508476724,-0.771735712,0.07544146,0.568205243,-0.738161162,-0.369288637,1.518456271,,,35800,137.23,1292.6,1.774,-0.804
fewalter,818,0.119242281,0.548970338,-0.165569534,1.563438328,0.588108232,0.012998027,0.539158629,0.005291556,1.517505926,1.537959574,0.131404808,0.665242959,-1.365295171,0.719270417,-0.87064075,,,35800,137.23,1292.6,1.774,-0.804
fewalter,819,0.116137678,0.804098819,-1.158757526,1.483749359,0.437593637,0.009657099,0.857281103,0.33999067,1.510404621,-0.99146008,0.082253297,0.587540477,-1.164141058,0.679423804,-0.987835968,,,35800,137.23,1292.6,1.774,-0.804
fewalter,820,0.120940099,0.780906674,0.534959152,1.497087775,0.124714436,0.009406721,0.800872554,0.125103735,1.507242062,-1.331788331,0.272050847,0.612988598,-0.399762913,-0.565642611,0.828279811,,,35800,137.23,1292.6,1.774,-0.804
fewalter,821,0.087173586,0.77352994,-1.273925727,1.532074973,0.93336086,0.345329936,0.747704835,1.469963656,1.508858403,-1.138371523,0.040604737,0.612555165,-1.232673096,0.524938903,1.544677694,,,35800,137.23,1292.6,1.774,-0.804
fewalter,822,0.108410326,0.526075596,-1.425699822,1.532036366,0.147379774,0.013342592,0.996669345,1.267237076,1.543768916,-0.349952055,0.000831513,0.66450663,0.78825238,0.902175325,-1.510018572,,,35800,137.23,1292.6,1.774,-0.804
fewalter,823,0.10964045,0.736602337,-1.372055708,1.56075223,-1.451092698,0.042700175,0.740524992,-0.689398113,1.560514465,-0.756466393,0.188598382,0.659817634,-1.424809613,-1.354058101,1.201820153,,,35800,137.23,1292.6,1.774,-0.804
fewalter,824,0.108410326,0.526075596,-1.425699822,1.532036366,0.147379774,0.014067462,0.996669345,1.267237076,1.543949028,-0.829796112,0.037820264,0.66450663,0.769935908,0.902175325,-1.510018572,,,35800,137.23,1292.6,1.774,-0.804
fewalter,825,0.065187123,0.741286738,-0.951048318,1.495953291,0.517867957,0.015322012,0.709911644,0.769640197,1.535024733,-0.864103619,0.125560906,0.657992648,0.911793096,0.822933554,-1.441939379,,,35800,137.23,1292.6,1.774,-0.804
fewalter,826,0.04060948,0.897899463,-0.917989357,1.412712283,-1.287383539,0.017095175,0.962497615,1.434194082,1.543929448,1.522658443,0.062903344,0.659920795,0.852310392,0.921847275,-1.540343523,,,35800,137.23,1292.6,1.774,-0.804
fewalter,827,0.04059285,0.50816086,-1.021301427,1.527613875,0.018757282,0.013542378,0.992710243,-0.705466187,1.54542347,1.139334464,0.308793755,0.654508702,0.96440625,0.508024328,-1.506576159,,,35800,137.23,1292.6,1.774,-0.804
fewalter,828,0.082218985,0.972622169,-0.915785723,1.538898324,1.464489853,0.014344803,0.50394685,1.174765859,1.533448044,1.522658443,0.025123859,0.669923679,0.875319901,0.921847275,-1.540343523,,,35800,137.23,1292.6,1.774,-0.804
fewalter,829,0.038622435,0.50816086,-1.037765609,1.449563781,-0.820274901,0.013329778,0.973553811,1.268674696,1.530386783,-1.476945302,0.308356393,0.665534833,0.453841384,0.844955902,-1.487418212,,,35800,137.23,1292.6,1.774,-0.804
fewalter,830,0.095061846,0.658090636,-1.200517046,1.559029071,0.044221751,0.041565785,0.663019026,-1.154058395,1.560716411,1.033508726,0.497076203,0.608624395,-0.799508292,0.843963671,-1.539470101,,,35800,137.23,1292.6,1.774,-0.804
fewalter,831,0.108560591,0.520445901,-1.426295773,1.532036366,1.426225255,0.013342592,0.996669345,1.267237076,1.543768916,-0.349952055,0.498548932,0.664550109,0.78825238,0.832955906,-1.49687567,,,35800,137.23,1292.6,1.774,-0.804
fewalter,832,0.112746663,0.589444001,-0.430488782,1.535969538,0.812525222,0.012526619,0.784737924,0.850869037,1.513201986,-1.000109992,0.486726799,0.792292487,-0.813289395,-1.335930314,1.519332223,,,35800,137.23,1292.6,1.774,-0.804
fewalter,833,0.11941887,0.774028037,-1.270169179,1.52733614,0.165557269,0.34791704,0.691738532,1.471543434,1.508858403,0.623985271,0.044373549,0.592487606,-1.423365494,0.000134752,1.538918087,,,35800,137.23,1292.6,1.774,-0.804
fewalter,834,0.108410326,0.554579989,-1.425699822,1.528691072,0.168474525,0.013342592,0.987055151,1.267237076,1.544165906,-0.349952055,0.02469299,0.664490439,0.820927608,0.902175325,-1.510018572,,,35800,137.23,1292.6,1.774,-0.804
fewalter,835,0.109572279,0.838592016,-0.629246195,1.561461887,-1.224901895,0.046674056,0.697313444,-0.01719047,1.570251624,0.720389351,0.246293327,0.553161705,-1.445712276,-0.886421246,-1.462037297,,,35800,137.23,1292.6,1.774,-0.804
fewalter,836,0.108333054,0.790868613,0.98552392,1.5624609,0.493461568,0.015704573,0.657751015,-0.335140519,1.544314839,0.895308012,0.02221913,0.662545531,0.871906492,0.925529261,-1.54577928,,,35800,137.23,1292.6,1.774,-0.804
fewalter,837,0.084563134,0.899779097,-0.514130805,1.565998295,0.555185575,0.028898275,0.767648895,1.412838152,1.51344682,-1.527391304,0.457056727,0.798426268,-0.626165866,-0.489793343,-1.151458615,,,35800,137.23,1292.6,1.774,-0.804
fewalter,838,0.114797875,0.581859345,-0.430488782,1.534630076,1.395360621,0.012526619,0.784737924,0.850869037,1.513201986,-1.000109992,0.486726799,0.792319073,-0.813289395,-1.335930314,1.519332223,,,35800,137.23,1292.6,1.774,-0.804
fewalter,839,0.040119516,0.832020771,-0.990143904,1.516003363,-1.185718563,0.014537253,0.679812213,-0.052840482,1.544165906,0.651688682,0.295326766,0.665534833,0.913009066,0.902130768,-1.529183094,,,35800,137.23,1292.6,1.774,-0.804
fewalter,840,0.067358852,0.514514524,-0.896914299,1.495589014,0.514505375,0.013476765,0.69410818,1.27854995,1.538151839,1.121580901,0.011334972,0.665534833,-0.593312385,0.80758548,-1.487418212,,,35800,137.23,1292.6,1.774,-0.804
fewalter,841,0.067559342,0.751769683,-1.200288462,1.498455909,-0.791259945,0.084648573,0.779458579,1.46941691,1.475900737,-0.564033671,0.288554239,0.62076242,-0.345762189,0.833906894,1.538503102,,,35800,137.23,1292.6,1.774,-0.804
fewalter,842,0.065187123,0.545312671,-0.947619282,1.47739057,1.290718361,0.013247713,0.724222514,-1.447356008,1.553143411,-1.340225314,0.017251519,0.621441094,0.749409964,1.037189963,-1.485736661,,,35800,137.23,1292.6,1.774,-0.804
fewalter,843,0.110119002,0.750030123,-1.225100806,1.527815963,-0.891296614,0.359530547,0.761863661,1.473352103,1.561877079,-1.554017809,0.126344145,0.575564698,-1.093849392,-1.095857673,1.545099277,,,35800,137.23,1292.6,1.774,-0.804
fewalter,844,0.027046044,0.772831981,-0.51795791,1.49638846,-0.972522403,0.001591194,0.94510575,0.753091125,1.459920132,-0.941180313,0.257004826,0.605953735,-0.858431162,-0.482778454,1.556674265,,,35800,137.23,1292.6,1.774,-0.804
fewalter,845,0.109777225,0.764742018,-1.386784677,1.562340235,0.3546777,0.035650519,0.729802315,-0.995029127,1.546967629,0.762708188,0.450576744,0.670238479,-0.980923876,-1.011087593,-1.229648579,,,35800,137.23,1292.6,1.774,-0.804
fewalter,846,0.068948735,0.754766007,-0.567598328,1.527045624,-0.211237392,0.002063737,0.782648821,1.470601284,1.475900737,-0.564033671,0.281279275,0.62076242,-0.555048745,0.760390405,1.567330165,,,35800,137.23,1292.6,1.774,-0.804
fewalter,847,0.040119516,0.831077704,-0.985816874,1.420281625,1.497167013,0.014537253,0.514346864,-0.052840482,1.544165906,0.651688682,0.025478641,0.665534833,0.310595235,0.902130768,-1.529183094,,,35800,137.23,1292.6,1.774,-0.804
prompton,0,0.050780128,0.711227039,-1.389208723,1.52632205,0.706448296,0.04150401,0.928902893,1.122079103,1.42575751,-0.305039185,0.338452377,0.653530987,0.017167766,0.231777738,-1.488859096,,,27956.02,83.49189416,231.6065144,1.774,-0.804
prompton,1,0.455635056,0.634392734,-1.447588275,0.561491732,1.492536175,0.249858019,0.761736195,1.37651026,0.667239102,-1.17494538,0.220007335,0.72436589,-0.420692742,-0.887884006,-1.518495671,,,27956.02,83.49189416,231.6065144,1.774,-0.804
prompton,2,0.05916785,0.697004574,1.528833292,1.524986664,0.658475945,0.044912016,0.894497434,-0.106057672,1.30138949,-0.344212175,0.244911085,0.683307957,0.850756372,0.174134275,-1.448403037,,,27956.02,83.49189416,231.6065144,1.774,-0.804
prompton,3,0.058804651,0.746016335,-1.032270186,1.525952031,0.697205353,0.043466518,0.769924189,1.104144325,1.438682595,-1.067782259,0.329706838,0.662151322,0.012577,0.236114257,-1.496597436,,,27956.02,83.49189416,231.6065144,1.774,-0.804
prompton,4,0.058478327,0.569854357,-1.046670628,1.525926638,0.37360269,0.041373827,0.916902142,1.081162441,1.424862762,-0.355741457,0.378716077,0.508227577,0.02013812,0.251059908,-0.01292388,,,27956.02,83.49189416,231.6065144,1.774,-0.804
prompton,5,0.058427611,0.534380738,-1.04089282,1.52610183,1.433004736,0.013731377,0.777268931,0.938915831,1.346307216,-0.289191629,0.336948949,0.66915893,0.016882647,0.222583918,-1.495188846,,,27956.02,83.49189416,231.6065144,1.774,-0.804
prompton,Best q80 Bias,0.058512937,0.755210988,-0.685215081,1.524508083,0.706448296,0.035613283,0.868834846,1.111576378,1.378323094,-0.319887962,0.33703224,0.661966158,0.011085093,0.235524207,-1.488395531,,,27956.02,83.49189416,231.6065144,1.774,-0.804
prompton,7,0.058338373,0.70913285,-0.701364873,1.526002668,-1.544253207,0.04139082,0.776496635,1.104533138,1.430398055,0.689638986,0.336924058,0.659794021,0.01718983,0.229432279,-1.489082963,,,27956.02,83.49189416,231.6065144,1.774,-0.804
prompton,8,0.050773631,0.709732061,-1.365303346,1.524422435,1.026976375,0.041395428,0.857849091,1.128539315,1.430356006,-0.294316136,0.338433143,0.665093888,0.010976762,0.235290322,-1.527947827,,,27956.02,83.49189416,231.6065144,1.774,-0.804
prompton,9,0.05916785,0.697004574,1.528833292,1.525059615,0.657777694,0.041464295,0.873881875,-0.106057672,1.298885872,-0.381281285,0.244911085,0.683307957,0.850756372,0.173485239,-1.447246817,,,27956.02,83.49189416,231.6065144,1.774,-0.804
prompton,10,0.05916785,0.697004574,1.528833292,1.524986664,0.658475945,0.044981237,0.896796532,-0.118880387,1.29635817,-0.354607459,0.244911085,0.68418835,0.841067788,0.174134275,-1.448403037,,,27956.02,83.49189416,231.6065144,1.774,-0.804
prompton,11,0.058276808,0.741546701,-0.676302482,1.526112695,0.445500379,0.013707635,0.903563696,1.049327085,1.300270435,-0.250783309,0.359670957,0.661485988,0.176293223,-1.165003941,-1.507947292,,,27956.02,83.49189416,231.6065144,1.774,-0.804
prompton,12,0.059938979,0.742049722,-1.044084164,1.526708074,0.782491994,0.165040439,0.871755977,1.378690482,1.438825295,-1.122944018,0.372568862,0.647117344,-0.01810118,0.211597902,-1.47229823,,,27956.02,83.49189416,231.6065144,1.774,-0.804
prompton,13,0.057850201,0.755795064,-0.731842677,1.52597695,0.426257002,0.014306686,0.8485795,0.888512354,1.288262762,0.668627567,0.336743191,0.663096225,-0.007593505,0.269849317,-1.566350269,,,27956.02,83.49189416,231.6065144,1.774,-0.804
prompton,14,0.059167728,0.750804651,1.528833292,1.525932413,0.658469088,0.044912016,0.871373791,-0.241932026,1.299861268,0.81820092,0.245612177,0.683307957,0.7856164,0.173489597,-1.448914103,,,27956.02,83.49189416,231.6065144,1.774,-0.804
prompton,Best q20 Bias,0.058182107,0.702384408,-0.701364873,1.526002668,-1.544253207,0.04139082,0.776496635,1.104533138,1.429570446,0.689638986,0.336924058,0.659794021,0.01718983,0.228983891,-1.489082963,,,27956.02,83.49189416,231.6065144,1.774,-0.804
prompton,16,0.050780128,0.733463521,-1.389208723,1.526050176,1.445761642,0.041512673,0.895556988,1.122079103,1.42575751,-0.357342457,0.341123603,0.653530987,0.020399723,0.231777738,-1.488889034,,,27956.02,83.49189416,231.6065144,1.774,-0.804
prompton,17,0.065346046,0.745418198,0.611580158,1.537678463,0.969402284,0.046752976,0.926167918,1.15065296,1.426048529,-0.377325869,0.335114873,0.939362273,-1.154129684,0.161286536,-1.473804459,,,27956.02,83.49189416,231.6065144,1.774,-0.804
prompton,18,0.05729091,0.569854357,-1.046670628,1.525387422,0.428668476,0.013918233,0.76551436,1.081162441,1.311511769,-0.355741457,0.338607859,0.514581975,0.011652231,0.230649429,-0.052706277,,,27956.02,83.49189416,231.6065144,1.774,-0.804
prompton,19,0.061914839,0.710208773,0.597155598,1.526299849,0.519498082,0.01410976,0.906539233,1.082946183,1.301143355,-0.222569217,0.355753219,0.679859245,0.164274459,-0.94953604,-1.495192774,,,27956.02,83.49189416,231.6065144,1.774,-0.804
prompton,20,0.065257727,0.745418198,0.611504315,1.537678463,0.969402284,0.046752976,0.924067408,1.138267508,1.426048529,-0.379819998,0.335114873,0.710063259,-1.255987615,0.161286536,-1.473804459,,,27956.02,83.49189416,231.6065144,1.774,-0.804
prompton,21,0.05916785,0.709570232,1.528833292,1.525059615,0.657777694,0.041458969,0.873866365,-0.09089458,1.283681804,-0.391385781,0.250144189,0.6838533,0.81624665,0.250414399,-1.450454384,,,27956.02,83.49189416,231.6065144,1.774,-0.804
prompton,22,0.058054563,0.592631786,-1.04180673,1.525834217,1.408383673,0.039693997,0.865494363,1.141902557,1.395681502,-1.096474963,0.341261983,0.679643531,-0.016683681,0.232025067,-1.557033455,,,27956.02,83.49189416,231.6065144,1.774,-0.804
prompton,23,0.058052415,0.711225867,-0.600658585,1.526698532,0.779686307,0.013841802,0.897808861,0.856839323,1.298695171,-1.065100627,0.241214314,0.647489283,-0.01978815,0.213723813,-1.452996559,,,27956.02,83.49189416,231.6065144,1.774,-0.804
prompton,24,0.059164705,0.707449608,1.528833292,1.525056172,0.646250048,0.040993433,0.873867397,-0.106070877,1.287855955,-0.319413597,0.250201713,0.68287544,0.850756372,0.234492824,-1.45123377,,,27956.02,83.49189416,231.6065144,1.774,-0.804
prompton,25,0.05686177,0.746016335,-1.032270186,1.525952031,0.697205353,0.043466518,0.769924189,1.104144325,1.411548809,-1.020954743,0.329706838,0.662151322,0.011164805,0.236423979,-1.496597436,,,27956.02,83.49189416,231.6065144,1.774,-0.804
prompton,26,0.053314598,0.572483853,-1.250009045,1.518520818,-0.303467019,0.000102066,0.732154885,1.398860178,1.309585005,-0.354585226,0.257281812,0.751932368,0.496146528,-0.79035519,-0.114314779,,,27956.02,83.49189416,231.6065144,1.774,-0.804
prompton,27,0.455635056,0.634392734,-1.447588275,0.561491732,1.492536175,0.249858019,0.761736195,1.37651026,0.667239102,-1.17494538,0.220007335,0.72436589,-0.420692742,0.293970812,-1.518495671,,,27956.02,83.49189416,231.6065144,1.774,-0.804
prompton,28,0.460511507,0.634392734,-1.447588275,0.561491732,1.492536175,0.442496862,0.640666664,1.37651026,0.667239102,-1.17494538,0.220007335,0.72436589,-0.421407763,-0.887884006,-1.518495671,,,27956.02,83.49189416,231.6065144,1.774,-0.804
prompton,Best Storage NSE,0.460511507,0.634392734,-1.447588275,0.543504245,1.492536175,0.442496862,0.887744577,1.377466233,0.699914952,-1.510579533,0.220007335,0.724815116,-0.421407763,-0.24646538,-1.504909251,,,27956.02,83.49189416,231.6065144,1.774,-0.804
prompton,30,0.05807217,0.757818302,-0.684557654,1.524508083,0.396200279,0.035613283,0.895456012,1.106003384,1.378323094,-0.275590061,0.336956207,0.661993705,0.011085093,0.235524207,-1.52542858,,,27956.02,83.49189416,231.6065144,1.774,-0.804
prompton,31,0.059158463,0.697004574,1.528833292,1.525060153,0.66636887,0.04133187,0.873881875,-0.106057672,1.298885872,0.57368436,0.244911085,0.695574698,0.904648492,0.173485239,-1.502506871,,,27956.02,83.49189416,231.6065144,1.774,-0.804
prompton,32,0.064600981,0.945006207,-0.63184704,1.539176743,0.42266383,0.041460735,0.753311007,1.095917435,1.414408922,0.368201472,0.391874052,0.97514199,-0.053230913,0.167068715,-0.965472372,,,27956.02,83.49189416,231.6065144,1.774,-0.804
prompton,33,0.058011131,0.727043132,-1.03776502,1.525815781,1.408383673,0.012967216,0.907287115,1.049040087,1.361406862,-1.096474963,0.351394471,0.680192344,-0.043907597,0.231723705,-1.557276267,,,27956.02,83.49189416,231.6065144,1.774,-0.804
prompton,34,0.058471427,0.559156469,-1.047099339,1.526042137,0.37360269,0.041347159,0.926320684,1.259286219,1.427428164,0.288897151,0.381130379,0.661738024,0.016944514,0.230232265,-1.558306374,,,27956.02,83.49189416,231.6065144,1.774,-0.804
prompton,35,0.058471427,0.729144483,-1.031958092,1.526042137,0.37360269,0.041433117,0.918583058,1.141953934,1.427428164,0.288897151,0.378914003,0.682744243,0.016948681,0.230305163,-1.525667904,,,27956.02,83.49189416,231.6065144,1.774,-0.804
prompton,36,0.057712106,0.504212787,-1.043970824,1.526237423,0.748970882,0.04584948,0.861847577,1.131256175,1.440673381,0.355217316,0.384062713,0.669101732,0.016855406,0.23051592,-1.496667853,,,27956.02,83.49189416,231.6065144,1.774,-0.804
prompton,37,0.058471427,0.563967608,-1.047099339,1.526052855,0.372041824,0.037053031,0.843001839,1.138631318,1.427428164,-1.089436314,0.381137768,0.661738024,0.016944514,0.230232265,-1.556057968,,,27956.02,83.49189416,231.6065144,1.774,-0.804
prompton,38,0.058799457,0.981783955,-1.047568099,1.525877167,0.419241752,0.044410454,0.7724484,1.104102047,1.46167561,0.442367541,0.340691501,0.669416419,0.019946469,0.221577001,-1.496611996,,,27956.02,83.49189416,231.6065144,1.774,-0.804
prompton,39,0.058076627,0.973137265,-0.997654521,1.525912189,0.444928155,0.045997703,0.90178334,1.154586254,1.41772801,0.464341802,0.360971364,0.66520862,-0.020308642,0.222272055,-1.498953259,,,27956.02,83.49189416,231.6065144,1.774,-0.804
prompton,40,0.05916785,0.960205997,1.528833292,1.52589228,-0.17124665,0.044912016,0.898434953,-0.222073033,1.305515855,0.841185159,0.244077602,0.66307985,0.841219339,0.178539148,-1.41791163,,,27956.02,83.49189416,231.6065144,1.774,-0.804
prompton,41,0.058018233,0.968747834,-1.047446967,1.526022621,0.951905166,0.04655652,0.880966481,1.067907832,1.465737308,-1.065100627,0.435260606,0.647578188,0.011688553,0.257706934,-1.495592633,,,27956.02,83.49189416,231.6065144,1.774,-0.804
prompton,42,0.058471815,0.736293925,-1.046694668,1.525948608,0.716539017,0.035408156,0.768865195,1.141782488,1.427428164,-0.245306438,0.381611737,0.661974698,0.020147128,0.230232265,-1.5127663,,,27956.02,83.49189416,231.6065144,1.774,-0.804
prompton,43,0.059160584,0.694360565,1.528833292,1.513849383,-0.12827198,0.045050141,0.900270758,-0.263141831,1.305890541,-0.38407923,0.244510877,0.662947198,0.841067788,0.123717535,-1.448403037,,,27956.02,83.49189416,231.6065144,1.774,-0.804
prompton,44,0.056888511,0.756164109,-1.018748828,1.525866456,0.69218813,0.039528448,0.740361201,1.092750935,1.394813881,0.464041447,0.339162866,0.665000507,-0.020048839,0.245340185,-1.502205447,,,27956.02,83.49189416,231.6065144,1.774,-0.804
prompton,45,0.057775157,0.711225867,-0.657066347,1.526698532,0.776590292,0.013841802,0.893278512,0.917390516,1.309351415,-0.259808397,0.38207062,0.647543477,0.012379933,0.238770088,-1.507638916,,,27956.02,83.49189416,231.6065144,1.774,-0.804
prompton,46,0.057948957,0.562509847,-1.060957104,1.526059437,0.420830023,0.041349225,0.746228297,1.26052411,1.414073132,0.462251764,0.381127678,0.661632127,0.020694884,0.213158065,-1.502177513,,,27956.02,83.49189416,231.6065144,1.774,-0.804
prompton,47,0.058182107,0.702384408,-0.762167873,1.526716485,-1.544253207,0.04139082,0.76256018,1.106671745,1.429919932,0.633682204,0.336924058,0.659794021,0.01718983,0.231069338,-1.489082963,,,27956.02,83.49189416,231.6065144,1.774,-0.804
prompton,48,0.058046534,0.736607455,-1.032449142,1.525953522,0.58465188,0.043434487,0.770216587,1.143882006,1.428851947,0.695974235,0.357887129,0.66196773,0.017320085,0.236114257,-1.496318063,,,27956.02,83.49189416,231.6065144,1.774,-0.804
prompton,49,0.057755057,0.565234755,-1.062730728,1.525950103,0.704445668,0.046168838,0.866088951,1.108061949,1.438148982,-0.30176928,0.439515926,0.680036552,0.012079049,0.231786833,-1.557494834,,,27956.02,83.49189416,231.6065144,1.774,-0.804
prompton,50,0.057910712,0.720090063,-0.657066347,1.526699249,1.246752636,0.013841802,0.89769108,0.917390516,1.301123867,-1.135613411,0.240790664,0.647637443,-0.020111825,0.213723813,-1.508918945,,,27956.02,83.49189416,231.6065144,1.774,-0.804
prompton,51,0.05077997,0.709738069,-1.389208723,1.52632446,0.664264144,0.041389231,0.926785251,1.122079103,1.42575751,-0.294874209,0.338451313,0.665264303,0.017219033,0.235444148,-1.488859096,,,27956.02,83.49189416,231.6065144,1.774,-0.804
prompton,52,0.05916591,0.95781442,-1.027993405,1.526118309,0.697205353,0.044905243,0.883060556,1.222780322,1.438682595,-1.070607683,0.360909408,0.658234671,0.012577,0.232674368,-1.528447772,,,27956.02,83.49189416,231.6065144,1.774,-0.804
prompton,53,0.058319975,0.699716526,1.528833292,1.52589228,-0.17124665,0.043107525,0.898434953,-0.222073033,1.305515855,0.841185159,0.244077602,0.66307985,0.841219339,0.178539148,-1.41791163,,,27956.02,83.49189416,231.6065144,1.774,-0.804
prompton,54,0.05916785,0.696469343,1.528833292,1.526421645,0.6551119,0.044533991,0.917462304,-0.065425448,1.296260104,-0.35763242,0.250083747,0.679290694,0.825898568,0.058294748,-1.448403037,,,27956.02,83.49189416,231.6065144,1.774,-0.804
prompton,55,0.059165975,0.721939686,1.528833292,1.524986664,0.658475945,0.044914397,0.849001829,-0.105614541,1.29873464,0.816504584,0.237922393,0.68424332,0.824302818,0.170208778,-1.448374999,,,27956.02,83.49189416,231.6065144,1.774,-0.804
prompton,56,0.057929904,0.54676473,-1.045242003,1.526113255,1.36135795,0.014077882,0.871722657,1.112367413,1.363671507,0.393019499,0.338604512,0.682013599,-0.055970299,0.27416721,-1.510723341,,,27956.02,83.49189416,231.6065144,1.774,-0.804
prompton,57,0.059164705,0.707449608,1.528833292,1.525056172,0.646250048,0.041775135,0.873912836,-0.106070877,1.287855955,-0.319413597,0.250262432,0.68287544,0.850756372,0.234256175,-1.45123377,,,27956.02,83.49189416,231.6065144,1.774,-0.804
prompton,58,0.05803465,0.693017225,-1.013431872,1.526239168,1.471237286,0.012982054,0.855684459,0.879498626,1.316200378,-1.011177358,0.338642567,0.665905269,0.460714717,-1.023180474,-1.530522281,,,27956.02,83.49189416,231.6065144,1.774,-0.804
prompton,59,0.058204146,0.73140909,-1.03273057,1.526317015,0.352093792,0.012933181,0.894053874,0.887059016,1.358479783,0.338240505,0.34011019,0.682873886,-0.022755622,0.260438626,-1.497567126,,,27956.02,83.49189416,231.6065144,1.774,-0.804
prompton,60,0.063305542,0.744565216,0.485896312,1.525791292,0.432378878,0.037073778,0.846314992,1.146118576,1.410869276,-1.122801898,0.340751889,0.992460363,0.11571583,-0.631618723,-0.4379501,,,27956.02,83.49189416,231.6065144,1.774,-0.804
prompton,61,0.050434423,0.709738069,-1.389208723,1.526329674,0.720865509,0.041389231,0.926785251,1.122079103,1.42575751,-0.294874209,0.340969128,0.665053619,0.017219033,0.235444148,-1.488859096,,,27956.02,83.49189416,231.6065144,1.774,-0.804
prompton,62,0.059167506,0.569945472,1.528833292,1.525056172,0.603435391,0.040993433,0.873912933,-0.106070877,1.299134392,-0.319413597,0.250201713,0.680163961,0.850756372,0.234203505,-1.44753891,,,27956.02,83.49189416,231.6065144,1.774,-0.804
prompton,63,0.059489119,0.925625547,-0.692423272,1.526050437,0.698329132,0.039502756,0.741134675,1.100288524,1.395740235,-1.096880516,0.337000591,0.681722519,-0.017123422,0.232205913,-1.559066212,,,27956.02,83.49189416,231.6065144,1.774,-0.804
prompton,64,0.058423327,0.938489451,-1.03776409,1.526291623,0.697205353,0.041319777,0.774847308,1.146836909,1.437298001,-1.240059436,0.338910016,0.65342107,0.012575447,0.236368976,-1.529111712,,,27956.02,83.49189416,231.6065144,1.774,-0.804
prompton,65,0.05803466,0.598473845,-1.03136333,1.52584836,0.456523315,0.014432669,0.898600011,1.087491144,1.386967437,0.294311756,0.33744331,0.664207651,-0.107169203,0.288594886,-1.493063244,,,27956.02,83.49189416,231.6065144,1.774,-0.804
prompton,66,0.058471815,0.736293925,-1.046694668,1.526006985,0.49103752,0.035988392,0.779493624,1.141782488,1.427428164,-0.245306438,0.381611737,0.661951299,0.020147128,0.230232265,-1.514641088,,,27956.02,83.49189416,231.6065144,1.774,-0.804
prompton,67,0.057340948,0.977587081,-1.015402795,1.52594619,0.718426878,0.014887405,0.769099033,0.902844262,1.290619885,-0.642317442,0.320836974,0.662800977,0.009989988,0.237146298,-1.488681858,,,27956.02,83.49189416,231.6065144,1.774,-0.804
prompton,68,0.064521105,0.559862897,0.567308882,1.541370212,0.370941798,0.04117049,0.867878378,1.222011632,1.371184389,-0.295659407,0.355043791,0.660888974,0.032370729,-1.454077142,-1.531202756,,,27956.02,83.49189416,231.6065144,1.774,-0.804
prompton,69,0.49965253,0.756721062,1.528833292,1.524986664,0.656546172,0.045882932,0.870894447,-0.135673801,1.286872269,0.907001692,0.245150029,0.683501649,0.841067788,0.17407374,-1.448403037,,,27956.02,83.49189416,231.6065144,1.774,-0.804
prompton,70,0.058437797,0.675694319,-1.027993405,1.526140998,0.697448927,0.045519648,0.883060556,1.221429528,1.447077857,-1.070607683,0.360909408,0.662524688,0.012577,0.232623421,-1.54053229,,,27956.02,83.49189416,231.6065144,1.774,-0.804
prompton,71,0.05803738,0.969531912,-1.015050498,1.525822427,0.478819014,0.013597271,0.590962763,1.107857849,1.354595962,0.302058147,0.338607941,0.683262068,-0.015081858,0.231723705,-1.501271287,,,27956.02,83.49189416,231.6065144,1.774,-0.804
prompton,72,0.058227735,0.73140909,-1.03273057,1.526083715,0.352093792,0.012933181,0.900647089,1.06998025,1.359089695,0.314383645,0.338745184,0.682480027,-0.022755622,0.232318067,-1.559626566,,,27956.02,83.49189416,231.6065144,1.774,-0.804
prompton,73,0.057885236,0.693134002,-1.034186314,1.525869357,0.427613665,0.0120385,0.741307148,0.965918645,1.360331165,0.249464599,0.43376003,0.668568184,0.010117773,0.257392056,-1.496270571,,,27956.02,83.49189416,231.6065144,1.774,-0.804
prompton,74,0.062762614,0.937168317,0.508588807,1.526250572,0.648292472,0.012978595,0.904603476,1.138835232,1.305863562,0.294742773,0.319151844,0.7150708,0.17612173,-1.225450327,-1.490179249,,,27956.02,83.49189416,231.6065144,1.774,-0.804
prompton,75,0.05916785,0.571714342,1.528833292,1.526355453,0.50119813,0.044880014,0.900347997,-0.215024044,1.305775335,0.510420326,0.250083747,0.662246853,0.827338693,0.173801892,-1.449879883,,,27956.02,83.49189416,231.6065144,1.774,-0.804
prompton,76,0.062327686,0.961793229,0.511822994,1.526300317,0.943386394,0.012977874,0.881368476,1.126589984,1.311920384,-0.216688517,0.338813774,0.679859245,0.164274459,-0.94953604,-1.529758663,,,27956.02,83.49189416,231.6065144,1.774,-0.804
prompton,77,0.058303759,0.699786663,-0.690726538,1.526075134,0.431536297,0.013595191,0.712621601,0.901723949,1.301509269,-1.06250987,0.336461971,0.648781144,-0.019758106,0.272044185,-1.491072065,,,27956.02,83.49189416,231.6065144,1.774,-0.804
prompton,78,0.05916785,0.572952785,1.528833292,1.52589228,0.669778209,0.044912016,0.842953018,-0.214242448,1.305518735,0.841185159,0.245880977,0.663067777,0.841219339,0.174127592,-1.563693298,,,27956.02,83.49189416,231.6065144,1.774,-0.804
prompton,79,0.059134762,0.709570232,1.528833292,1.525059615,0.432073131,0.046013927,0.873866365,-0.09089458,1.283681804,-0.391385781,0.250144189,0.685755583,0.816837775,0.250414399,-1.450454384,,,27956.02,83.49189416,231.6065144,1.774,-0.804
prompton,80,0.057752846,0.691991913,-1.057379431,1.525837782,1.428798875,0.013228898,0.909207994,1.127096733,1.308513792,-0.330058916,0.331817387,0.679816968,0.30580026,-1.040440973,-1.494457781,,,27956.02,83.49189416,231.6065144,1.774,-0.804
prompton,81,0.058423327,0.697600898,-1.032270186,1.526318094,0.696843136,0.043436559,0.769438844,1.137904773,1.439890854,-1.124966155,0.362946085,0.662275699,0.021235645,0.237678013,-1.502544953,,,27956.02,83.49189416,231.6065144,1.774,-0.804
prompton,82,0.233795458,0.722597759,1.528833292,1.525904887,0.658475979,0.044914397,0.848807134,-0.105849281,1.29873464,0.816504584,0.237922393,0.68424332,0.828715933,0.24448732,-1.449163561,,,27956.02,83.49189416,231.6065144,1.774,-0.804
prompton,83,0.05077997,0.968255993,-1.389208723,1.526097762,0.636437315,0.046632335,0.926785251,1.122079103,1.463134943,-0.294874209,0.338451313,0.665264303,0.017219033,0.232893796,-1.488859096,,,27956.02,83.49189416,231.6065144,1.774,-0.804
prompton,84,0.058202482,0.737558335,-1.03273057,1.526151634,-0.088595829,0.012933181,0.867011059,1.151786264,1.367162379,-0.404754138,0.338682907,0.661857529,-0.016798561,0.232318067,-1.502670544,,,27956.02,83.49189416,231.6065144,1.774,-0.804
prompton,85,0.064605753,0.741452408,0.57943134,1.526046208,0.312919884,0.041319931,0.925335852,1.150870229,1.426048529,0.462992401,0.338722255,0.659072366,-1.458091658,0.230457443,-1.514578889,,,27956.02,83.49189416,231.6065144,1.774,-0.804
prompton,86,0.058036855,0.569854357,-1.045875668,1.525387422,0.428668476,0.009969933,0.76551436,1.081162441,1.31241538,-0.38762289,0.338607859,0.514581975,0.011652231,0.230609837,-0.052706277,,,27956.02,83.49189416,231.6065144,1.774,-0.804
prompton,87,0.058423327,0.7094961,-1.032270186,1.526122263,0.697205353,0.041346809,0.769278068,1.129981783,1.411768577,-0.337843359,0.338065899,0.662277116,0.013967142,0.238401951,-1.529111712,,,27956.02,83.49189416,231.6065144,1.774,-0.804
prompton,88,0.05916785,0.961216976,1.528833292,1.525755965,0.378985038,0.044761025,0.925555996,-0.206987477,1.298044034,-0.848322517,0.245880977,0.664259183,0.841219339,0.18764685,-1.448914103,,,27956.02,83.49189416,231.6065144,1.774,-0.804
prompton,89,0.05916785,0.697202059,1.528833292,1.526195974,0.635443428,0.044912016,0.870881669,-0.106382316,1.30202601,0.948346254,0.245865795,0.683307957,0.7784255,0.193328229,-1.448991596,,,27956.02,83.49189416,231.6065144,1.774,-0.804
prompton,90,0.057317013,0.97441653,-0.688933982,1.526015651,1.239321595,0.01551283,0.897555969,1.042640264,1.290619885,0.461492535,0.321370943,0.641814362,0.012161652,0.23754141,-1.497506429,,,27956.02,83.49189416,231.6065144,1.774,-0.804
prompton,91,0.058043491,0.669141434,-1.07102952,1.526005522,0.707079236,0.04582892,0.87579966,1.119062187,1.45748238,0.736297417,0.333026794,0.665860669,0.010675166,0.237816088,-1.511466319,,,27956.02,83.49189416,231.6065144,1.774,-0.804
prompton,Best Overall,0.0581829,0.502100838,-1.062748533,1.525852168,0.739483894,0.045738663,0.857168488,1.121517456,1.463049331,0.655860172,0.3344438,0.669101732,0.011972643,0.230121268,-1.507262507,,,27956.02,83.49189416,231.6065144,1.774,-0.804
prompton,93,0.058339166,0.748859144,-1.045688366,1.52629867,0.696222266,0.047765893,0.853674043,1.146048106,1.463166505,-1.225579119,0.437781674,0.661805543,0.017035054,0.236688437,-1.496228622,,,27956.02,83.49189416,231.6065144,1.774,-0.804
prompton,94,0.051423072,0.759163705,-1.389208723,1.526340124,0.736379476,0.035465325,0.732259966,1.122079103,1.42575751,-0.305039185,0.338928859,0.653530987,0.017167766,0.231652132,-1.488859096,,,27956.02,83.49189416,231.6065144,1.774,-0.804
prompton,95,0.057976146,0.753204239,-1.045520896,1.526047647,0.733386312,0.037396828,0.74481111,1.099981054,1.412116963,-1.049818552,0.36180827,0.670885662,0.012737985,0.257719922,-1.514062883,,,27956.02,83.49189416,231.6065144,1.774,-0.804
prompton,96,0.058047202,0.959441349,-1.067801711,1.526058765,0.65265703,0.046226892,0.780174391,1.141166411,1.457335064,-0.33199275,0.342088713,0.662017196,0.016861939,0.230727576,-1.492446992,,,27956.02,83.49189416,231.6065144,1.774,-0.804
prompton,97,0.059489119,0.925625547,-0.692423272,1.526045197,0.438043736,0.038310907,0.741134675,1.107690417,1.396534976,-1.094689618,0.371230334,0.664103449,-0.020129093,0.232205913,-1.469944981,,,27956.02,83.49189416,231.6065144,1.774,-0.804
prompton,98,0.058050697,0.594842289,-0.604994175,1.526697556,0.779686307,0.016123718,0.865391444,0.946953223,1.294397797,-1.065100627,0.241346253,0.647489283,-0.016836306,0.202110331,-1.446815069,,,27956.02,83.49189416,231.6065144,1.774,-0.804
prompton,99,0.058470893,0.748225993,-1.046670628,1.526056066,0.37360269,0.041439252,0.877621468,1.141971622,1.438283428,-1.11343793,0.381611737,0.682765035,0.019951922,0.230232265,-1.513943219,,,27956.02,83.49189416,231.6065144,1.774,-0.804
prompton,100,0.059167728,0.697331587,1.528833292,1.525932413,0.658469088,0.044974465,0.869183752,-0.115254515,1.301145733,-1.174496136,0.245817015,0.663073705,0.827568469,0.173489597,-1.448942141,,,27956.02,83.49189416,231.6065144,1.774,-0.804
prompton,101,0.058000091,0.71538888,1.528833292,1.526429704,0.655978516,0.044542149,0.917462304,-0.065425448,1.296260104,0.851858052,0.240844605,0.679517117,0.825898568,0.058294748,-1.448403037,,,27956.02,83.49189416,231.6065144,1.774,-0.804
prompton,102,0.055441492,0.744891842,0.608901573,1.514145629,0.79602192,0.041463215,0.867112357,1.152168024,1.299306448,-1.054953425,0.24448288,0.537461693,-1.059094259,0.125189088,-1.332968524,,,27956.02,83.49189416,231.6065144,1.774,-0.804
prompton,103,0.068763399,0.756721062,1.528833292,1.526483613,-0.09040498,0.045406401,0.880868023,-0.21454577,1.289099784,-0.402236855,0.247325653,0.661417572,0.83609071,0.206115065,-1.448403037,,,27956.02,83.49189416,231.6065144,1.774,-0.804
prompton,104,0.05916785,0.696963706,1.528833292,1.525083388,0.439114172,0.044912016,0.870881669,-0.106057672,1.302075747,0.948346254,0.245865795,0.683304645,0.77420033,0.193619928,-1.447186266,,,27956.02,83.49189416,231.6065144,1.774,-0.804
prompton,105,0.056876725,0.566728748,-1.046442864,1.526294786,0.428668476,0.014648326,0.763875195,1.081169625,1.301051493,-0.340470705,0.337459218,0.648840276,0.011652231,0.230299577,-1.497092721,,,27956.02,83.49189416,231.6065144,1.774,-0.804
prompton,106,0.057289514,0.705485821,-1.060957104,1.525878205,0.654452712,0.040814652,0.743748495,1.111359955,1.415349157,0.458817774,0.381924321,0.680226921,0.020729652,0.225565248,-1.568011901,,,27956.02,83.49189416,231.6065144,1.774,-0.804
prompton,107,0.057885236,0.74192123,-1.034206907,1.526799356,0.427613665,0.012018521,0.85944379,0.957527483,1.360373729,0.255063716,0.382417215,0.668568184,0.010117773,0.258462047,-1.496684616,,,27956.02,83.49189416,231.6065144,1.774,-0.804
prompton,108,0.058319975,0.699716526,1.528833292,1.52589228,-0.17124665,0.043107525,0.898434953,-0.222073033,1.305515855,0.841185159,0.244077602,0.86663282,0.841219339,0.178539148,-1.41791163,,,27956.02,83.49189416,231.6065144,1.774,-0.804
prompton,109,0.058032197,0.847136355,-1.019011675,1.526234653,0.332608677,0.040199538,0.865999036,1.116839752,1.3949534,0.417223696,0.350783778,0.661442602,0.171146008,-0.090044279,-1.508945894,,,27956.02,83.49189416,231.6065144,1.774,-0.804
prompton,110,0.059164705,0.707449608,1.528833292,1.110598535,0.646250048,0.041775135,0.873912836,-0.106070877,1.287855955,-0.319413597,0.250262432,0.950543707,0.850756372,0.234256175,-1.45123377,,,27956.02,83.49189416,231.6065144,1.774,-0.804
prompton,111,0.059165975,0.721939686,1.528833292,1.524986664,0.658475945,0.044914397,0.849001829,-0.112381113,1.29873464,0.816504584,0.237922393,0.68424332,0.824302818,0.170208778,-1.448374999,,,27956.02,83.49189416,231.6065144,1.774,-0.804
prompton,112,0.05916785,0.704005495,1.528833292,1.525910818,0.658475945,0.044912016,0.870881669,-0.34486014,1.30138949,0.841185159,0.245880977,0.683307957,0.841219339,0.174134275,-1.448914103,,,27956.02,83.49189416,231.6065144,1.774,-0.804
prompton,113,0.05803465,0.669276146,-1.033649618,1.52624423,1.355677537,0.01425085,0.90796955,0.92502797,1.366453751,-0.432428304,0.321350376,0.661854455,0.302985866,-1.052513235,-0.522993489,,,27956.02,83.49189416,231.6065144,1.774,-0.804
prompton,114,0.058436341,0.672994897,-1.017865983,1.525834316,1.408383673,0.012967216,0.853841698,1.104257871,1.362823779,-1.070779804,0.341261983,0.681489698,-0.016057552,0.235888151,-1.556514619,,,27956.02,83.49189416,231.6065144,1.774,-0.804
prompton,115,0.058472134,0.563967608,-1.018089529,1.526052855,0.372041824,0.037335499,0.843001839,1.138631318,1.427090071,0.494528815,0.381137768,0.623937884,0.016922994,0.230232265,-0.279741339,,,27956.02,83.49189416,231.6065144,1.774,-0.804
prompton,116,0.058024003,0.569854357,-1.046670628,1.525387422,0.388109703,0.012935355,0.855708873,1.082040972,1.311452419,-0.355741457,0.338642228,0.519243557,0.011652231,0.230649429,-0.052706277,,,27956.02,83.49189416,231.6065144,1.774,-0.804
prompton,117,0.058313418,0.696594013,-1.046756836,1.526059555,0.697205353,0.043100751,0.875944069,1.222780322,1.438470625,-0.810015632,0.359150609,0.659748398,0.011723644,0.232674368,-1.512730528,,,27956.02,83.49189416,231.6065144,1.774,-0.804
prompton,118,0.059489119,0.925625547,-0.689918356,1.526045197,0.438043736,0.037678306,0.743734892,1.107769449,1.396534976,1.560859945,0.371175342,0.664103449,-0.019949459,0.232205913,-1.469944981,,,27956.02,83.49189416,231.6065144,1.774,-0.804
prompton,119,0.237535808,0.707449608,1.528833292,1.525893039,0.646250048,0.040993433,0.873654574,-0.106070877,1.287855955,-0.319413597,0.250569047,0.68287544,0.827450605,0.243770821,-1.45123377,,,27956.02,83.49189416,231.6065144,1.774,-0.804
prompton,120,0.055426461,0.722597759,1.528833292,1.52506802,0.658475979,0.044914397,0.849019958,-0.105849281,1.29873464,0.816504584,0.237555059,0.68424332,0.8520217,0.235209323,-1.449163561,,,27956.02,83.49189416,231.6065144,1.774,-0.804
prompton,121,0.059489119,0.925409379,-0.692423272,1.52584045,0.696146155,0.039502882,0.741134675,1.103928566,1.395748156,-1.095934922,0.336954648,0.681722519,-0.017126979,0.240135802,-1.49608589,,,27956.02,83.49189416,231.6065144,1.774,-0.804
prompton,122,0.058423906,0.686863622,-1.017943623,1.526677602,0.423793614,0.043100751,0.864024417,1.080795816,1.460910091,0.472240145,0.350814895,0.59863059,0.009983035,0.236784574,-0.227289092,,,27956.02,83.49189416,231.6065144,1.774,-0.804
prompton,123,0.058031736,0.695326145,-1.014569531,1.526239168,0.759061823,0.014066718,0.729096817,1.125676293,1.30651046,0.688661233,0.341237172,0.663007275,0.300441521,-1.023180474,-1.491643388,,,27956.02,83.49189416,231.6065144,1.774,-0.804
prompton,124,0.05916785,0.709570232,1.528833292,1.525092973,0.652905948,0.045457127,0.875503239,-0.09089458,1.283681804,-0.372310332,0.250144189,0.663595461,0.81624665,0.250227801,-1.450454384,,,27956.02,83.49189416,231.6065144,1.774,-0.804
prompton,125,0.058066942,0.700876692,-0.604994175,1.526697556,0.779686307,0.016019564,0.867573571,0.94615481,1.294397797,-1.068329486,0.241346253,0.647489283,-0.01978815,0.213588131,-1.452996559,,,27956.02,83.49189416,231.6065144,1.774,-0.804
prompton,126,0.058036855,0.578240107,-1.045348516,1.526687768,0.428668476,0.009969933,0.76551436,1.075142655,1.310717031,-0.38762289,0.342969102,0.527561925,0.011652231,0.213604841,-0.052706277,,,27956.02,83.49189416,231.6065144,1.774,-0.804
prompton,127,0.057977821,0.739691285,-1.045413066,1.526780383,0.767298183,0.012653432,0.858308075,1.100066952,1.359452167,0.419201848,0.381180605,0.65496824,0.030514939,0.182097259,-1.46026302,,,27956.02,83.49189416,231.6065144,1.774,-0.804
prompton,128,0.058003521,0.669276146,-1.033556341,1.526226389,1.355677537,0.01425085,0.90796955,1.081594611,1.366453751,-0.352312491,0.321350376,0.661854455,0.302985866,-1.027040518,-0.519850677,,,27956.02,83.49189416,231.6065144,1.774,-0.804
prompton,129,0.057967245,0.75663447,-1.042299317,1.526005805,0.799136905,0.013635302,0.74663234,1.264873488,1.305956657,-1.065400809,0.379568534,0.6478925,0.012985554,0.213219949,-1.496751379,,,27956.02,83.49189416,231.6065144,1.774,-0.804
prompton,130,0.057343241,0.977587081,-1.015402795,1.52594619,0.718426878,0.014887405,0.769099033,0.914962388,1.290619885,-0.642317442,0.320875519,0.665023764,0.009989988,0.237040371,-1.488681858,,,27956.02,83.49189416,231.6065144,1.774,-0.804
prompton,131,0.05803465,0.697327828,-1.056985534,1.52624423,1.485284422,0.014066718,0.90796955,1.11967151,1.309949872,0.347593989,0.321353926,0.66714325,0.307438769,-1.023180474,-1.529961152,,,27956.02,83.49189416,231.6065144,1.774,-0.804
prompton,132,0.059164705,0.707449608,1.528833292,1.53103875,0.646250048,0.041775135,0.874125953,-0.106070877,1.287855955,-0.871155345,0.252969097,0.955660706,0.850756372,0.234256175,-1.496662635,,,27956.02,83.49189416,231.6065144,1.774,-0.804
prompton,133,0.05916785,0.697027439,1.528833292,1.526421645,0.6551119,0.044533991,0.917973438,-0.120046882,1.296260104,-0.35763242,0.250063249,0.679290694,0.825898568,0.066749474,-1.448403037,,,27956.02,83.49189416,231.6065144,1.774,-0.804
prompton,134,0.058052032,0.697327828,-0.598407034,1.526239168,1.509683131,0.0140714,0.908023325,1.125676293,1.30651046,0.347593989,0.338875896,0.66714325,0.300441521,-1.023180474,-1.491643388,,,27956.02,83.49189416,231.6065144,1.774,-0.804
prompton,135,0.065076785,0.697213544,1.528833292,-0.314033828,0.65652334,0.045810601,0.870917604,-0.135673801,1.286993013,-0.384697263,0.245143351,0.684381212,0.841067788,0.174050732,-1.447239639,,,27956.02,83.49189416,231.6065144,1.774,-0.804
prompton,136,0.058469006,0.748758124,-1.045718023,1.526043187,0.37360269,0.041347159,0.854220635,1.261850077,1.427428164,0.288897151,0.380105886,0.661474053,0.017034503,0.213671163,-1.558731895,,,27956.02,83.49189416,231.6065144,1.774,-0.804
prompton,137,0.058041164,0.69983632,-1.04177019,1.526315546,0.477932886,0.046257634,0.883787453,1.068537569,1.448952334,0.50247617,0.336045545,0.592369906,0.012577,0.222686197,-0.149752952,,,27956.02,83.49189416,231.6065144,1.774,-0.804
prompton,138,0.058482361,0.932761216,-1.031947405,1.526345378,0.676604749,0.04130179,0.845670554,1.136968173,1.436358053,-1.118123288,0.359746348,0.66971709,0.021228578,0.226481153,-1.501167685,,,27956.02,83.49189416,231.6065144,1.774,-0.804
prompton,139,0.055566482,0.756721062,1.528833292,1.52632672,0.497753755,0.045882932,0.900302977,-0.215437355,1.286872269,0.907001692,0.250079079,0.683501649,0.841067788,0.173801195,-1.472763763,,,27956.02,83.49189416,231.6065144,1.774,-0.804
prompton,140,0.058418029,0.684025407,-1.052032846,1.525969255,0.700239672,0.036896084,0.769721731,1.142367161,1.44619725,0.631193426,0.378890168,0.682031736,0.016932336,0.234642493,-1.49120755,,,27956.02,83.49189416,231.6065144,1.774,-0.804
prompton,141,0.057908289,0.925625547,-0.948943567,1.526022913,0.438043736,0.03953812,0.741134675,1.10009831,1.396534976,-1.065483761,0.372310266,0.673806512,-0.022279545,0.232205913,-1.469944981,,,27956.02,83.49189416,231.6065144,1.774,-0.804
prompton,142,0.056677501,0.756901406,-1.060957104,1.525869288,0.655229643,0.041544739,0.743748495,1.182833689,1.411612841,0.458882581,0.376083555,0.680382945,0.020729652,0.231184662,-1.498797546,,,27956.02,83.49189416,231.6065144,1.774,-0.804
prompton,143,0.063305542,0.744565216,0.584650714,1.525791292,-0.141163269,0.037073778,0.846314992,1.146118576,1.406778122,-1.122801898,0.340751889,0.990962776,0.113140282,-0.631618723,-0.4379501,,,27956.02,83.49189416,231.6065144,1.774,-0.804
prompton,144,0.058055043,0.984548737,-1.015979177,1.526050614,0.390486757,0.012612516,0.932280808,0.949427993,1.35582524,-1.065100627,0.370186296,0.65964087,0.018097379,0.213997415,-1.526609281,,,27956.02,83.49189416,231.6065144,1.774,-0.804
prompton,145,0.059489119,0.919815717,-0.692423272,1.52584045,0.696146155,0.039343845,0.844251088,1.103941299,1.395748156,-1.095934922,0.34158088,0.6623299,-0.017126979,0.240135802,-1.559073041,,,27956.02,83.49189416,231.6065144,1.774,-0.804
prompton,146,0.059135505,0.709570232,1.528833292,1.525059615,0.432073131,0.046013927,0.853308844,-0.09089458,1.283681804,-0.391385781,0.250144189,0.685941298,0.817205844,0.250414399,-1.450454384,,,27956.02,83.49189416,231.6065144,1.774,-0.804
prompton,147,0.059167708,0.697004574,1.528833292,1.525059212,0.658627195,0.04133187,0.873881875,-0.106057672,1.301305178,0.57368436,0.244911085,0.695574698,0.905426696,0.174139273,-1.502506871,,,27956.02,83.49189416,231.6065144,1.774,-0.804
prompton,148,0.057307755,0.750246414,-0.753492488,1.525999758,0.457609793,0.014053091,0.780958224,0.868607003,1.297013738,0.254628699,0.337129879,0.659660772,0.018259756,0.229549029,-1.511328466,,,27956.02,83.49189416,231.6065144,1.774,-0.804
prompton,149,0.062789574,0.767109421,0.575646761,1.525750079,0.376944986,0.036986642,0.774618982,1.103368857,1.410333275,-1.071280973,0.342954577,0.664027248,0.177444714,-1.224436669,-1.507598951,,,27956.02,83.49189416,231.6065144,1.774,-0.804
prompton,150,0.057771951,0.692306486,-1.047075759,1.525387422,0.428668476,0.013918233,0.76551436,1.081162441,1.311511769,-0.355876615,0.332138401,0.514581975,0.011652231,0.230649429,-0.052706277,,,27956.02,83.49189416,231.6065144,1.774,-0.804
prompton,151,0.057301557,0.693393506,-1.013431872,1.526239168,1.50625484,0.013964933,0.767456496,0.878620095,1.316710345,1.089190666,0.338447312,0.886419677,0.460814184,-1.023180474,-1.530522281,,,27956.02,83.49189416,231.6065144,1.774,-0.804
prompton,152,0.058032197,0.586889694,-1.019011675,1.526234653,0.332608677,0.040199538,0.864032485,1.116839752,1.394502783,0.417223696,0.350944664,0.661442602,0.171046541,-0.63874844,-1.508945894,,,27956.02,83.49189416,231.6065144,1.774,-0.804
prompton,153,0.059164836,0.697004574,1.528833292,1.524986664,0.658149824,0.044912016,0.894497434,-0.106057672,1.301124346,-0.319827188,0.244911085,0.682872941,0.850756372,0.236707605,-1.448403037,,,27956.02,83.49189416,231.6065144,1.774,-0.804
prompton,154,0.058132958,0.747347627,-1.06544977,1.52591207,0.658318693,0.036896084,0.848806684,1.176001536,1.414101622,-0.357048574,0.448811677,0.661182957,0.011239507,0.234597777,-1.562843692,,,27956.02,83.49189416,231.6065144,1.774,-0.804
prompton,155,0.05729091,0.709648327,-1.046442864,1.526342191,0.428668476,0.013918233,0.962733356,1.081169625,1.299548029,0.902752139,0.338991397,0.650411688,0.016285813,0.225470925,-1.446182594,,,27956.02,83.49189416,231.6065144,1.774,-0.804
prompton,156,0.058032197,0.839459731,-1.018613643,1.525605758,0.739578363,0.041563665,0.916773526,1.116839752,1.41373881,0.417223696,0.350783778,0.661442212,0.171146008,-0.115512597,-1.508945894,,,27956.02,83.49189416,231.6065144,1.774,-0.804
prompton,157,0.056889497,0.737028831,-1.04196226,1.526231774,0.695906252,0.040188316,0.863806584,1.142113958,1.395966643,0.3611436,0.378163983,0.6614286,0.018207835,0.239545174,-1.557392984,,,27956.02,83.49189416,231.6065144,1.774,-0.804
prompton,158,0.058137455,0.697327828,-0.94007911,1.52624423,1.486028464,0.014054902,0.908344287,1.126525377,1.310159414,0.347593989,0.338839898,0.66714325,0.307438769,-1.024484431,-1.530151855,,,27956.02,83.49189416,231.6065144,1.774,-0.804
prompton,159,0.059157471,0.668506176,-0.851576851,1.526226389,1.355677537,0.014078613,0.907554224,1.078024275,1.366453751,-0.443834155,0.24655365,0.663772548,0.302985866,-1.027040518,-0.519850677,,,27956.02,83.49189416,231.6065144,1.774,-0.804
prompton,160,0.062751229,0.756183634,0.492004264,1.525662872,0.853161974,0.012990411,0.857789071,1.148764344,1.305654019,-0.289451293,0.337187276,0.67405031,0.293422967,-1.106789787,-1.507568418,,,27956.02,83.49189416,231.6065144,1.774,-0.804
prompton,161,0.058190948,0.539515241,-1.044158115,1.525950012,0.380263349,0.04644307,0.865725075,1.121790109,1.46359381,-1.080865778,0.38119003,0.682255504,0.017221807,0.231786107,-1.55631708,,,27956.02,83.49189416,231.6065144,1.774,-0.804
prompton,162,0.056762499,0.566728748,-1.046442864,1.52628509,0.476760863,0.014630923,0.732816311,1.08171283,1.301051493,0.357507923,0.337459218,0.648840276,0.011652231,0.230299577,-1.501632198,,,27956.02,83.49189416,231.6065144,1.774,-0.804
prompton,163,0.058802578,0.96856571,-1.047568099,1.525877167,0.419241752,0.044410454,0.777636214,1.104102047,1.46167561,-1.019836784,0.339194423,0.669416419,0.019946469,0.221577001,-1.49559384,,,27956.02,83.49189416,231.6065144,1.774,-0.804
prompton,164,0.482140523,0.709570232,1.528833292,1.525059615,-0.099757738,0.045384338,0.853082829,-0.196831694,1.288794187,-0.391385781,0.250144189,0.685941298,0.813839841,0.250414399,-1.450454384,,,27956.02,83.49189416,231.6065144,1.774,-0.804
prompton,165,0.062279585,0.762470554,0.496001816,1.525121619,0.470116216,0.018075638,0.871258649,1.225249796,1.306171715,0.312857598,0.382197623,0.683980517,0.17257057,-1.106144371,-1.506465202,,,27956.02,83.49189416,231.6065144,1.774,-0.804
prompton,166,0.059164705,0.707058691,1.528833292,1.526597846,0.625295858,0.041775135,0.872928764,-0.105754278,1.287855955,-0.871155345,0.250192824,0.955660706,0.850756372,0.232176889,-1.495749803,,,27956.02,83.49189416,231.6065144,1.774,-0.804
prompton,167,0.058023307,0.737242661,-1.062959755,1.526163893,0.68527788,0.041574875,0.995715285,1.066674344,1.458434783,1.272692469,0.360859239,0.640630031,0.01264143,0.233417646,-1.513611463,,,27956.02,83.49189416,231.6065144,1.774,-0.804
prompton,168,0.058055112,0.739752367,-1.070969555,1.525953522,0.344299592,0.043285814,0.876578726,1.143882006,1.429037012,0.689641835,0.387005726,0.66590822,0.016936334,0.23679754,-1.511181854,,,27956.02,83.49189416,231.6065144,1.774,-0.804
prompton,169,0.059167506,0.582691277,1.528833292,1.525056172,0.458016739,0.041527757,0.873912933,-0.106070877,1.299134392,0.916955376,0.250201713,0.680198595,0.850756372,0.234203505,-1.44753891,,,27956.02,83.49189416,231.6065144,1.774,-0.804
prompton,170,0.057338448,0.690026761,-1.07525432,1.52594619,0.718426878,0.014887405,0.891784588,0.902844262,1.290796335,-0.644613489,0.320836974,0.662800977,0.009989988,0.237340316,-1.484158114,,,27956.02,83.49189416,231.6065144,1.774,-0.804
prompton,171,0.0581959,0.727043132,-1.017872174,1.526617972,1.310382068,0.012967216,0.908168616,1.084509047,1.361406862,-1.096474963,0.441889586,0.680192344,0.022955215,0.231723705,-1.557276267,,,27956.02,83.49189416,231.6065144,1.774,-0.804
prompton,172,0.034370439,0.78053084,1.528833292,1.526424697,0.656633852,0.045442359,0.844909331,-0.094426421,1.287888823,-0.395945843,0.247328537,0.961346138,0.841077402,0.232682066,-1.449200438,,,27956.02,83.49189416,231.6065144,1.774,-0.804
prompton,173,0.05916785,0.709570232,1.528833292,1.526064591,0.646891047,0.045457127,0.869505759,-0.09089458,1.282367795,-1.018709443,0.250144189,0.663595461,0.827747497,0.256461122,-1.450454384,,,27956.02,83.49189416,231.6065144,1.774,-0.804
prompton,174,0.058423327,0.583629047,-1.031811289,1.526309106,0.696631619,0.03777614,0.738741501,1.101548088,1.412483358,-1.072007442,0.361803675,0.670535688,0.021228578,0.237240481,-1.502131786,,,27956.02,83.49189416,231.6065144,1.774,-0.804
prompton,175,0.05916785,0.742989858,1.528833292,1.526435889,0.50214659,0.045993067,0.900300992,-0.208731358,1.304436889,-0.38407923,0.250083747,0.661673971,0.827338693,0.175944359,-1.448403037,,,27956.02,83.49189416,231.6065144,1.774,-0.804
prompton,176,0.05832195,0.598473845,-1.032428953,1.526333161,0.950240521,0.014430864,0.896973384,1.087491144,1.386967437,0.352270821,0.33744331,0.664207651,-0.107169203,0.288313065,-1.493063244,,,27956.02,83.49189416,231.6065144,1.774,-0.804
prompton,177,0.062826134,0.762356748,0.566509696,1.525110973,0.424378107,0.018075638,0.857390052,1.10733289,1.307723708,0.301130076,0.376766382,0.671391506,0.188990789,-1.177895633,-1.507785249,,,27956.02,83.49189416,231.6065144,1.774,-0.804
prompton,178,0.058188722,0.755795064,-0.744997967,1.526711587,0.426257002,0.014306686,0.849079582,0.888512354,1.288262762,0.668627567,0.337155954,0.663298306,-0.007593505,0.269056786,-1.483342077,,,27956.02,83.49189416,231.6065144,1.774,-0.804
prompton,179,0.058804651,0.964580232,-1.032270186,1.525952031,0.691596406,0.043392219,0.772100398,1.104144325,1.438424711,-1.067782259,0.329706838,0.662099334,0.012577,0.237280045,-1.488823888,,,27956.02,83.49189416,231.6065144,1.774,-0.804
prompton,180,0.05916785,0.696469343,1.528833292,1.526421645,0.6551119,0.044533991,0.917462304,-0.105207493,1.296260104,-0.366815279,0.250086707,0.679290694,0.825898568,0.069151549,-1.44992538,,,27956.02,83.49189416,231.6065144,1.774,-0.804
prompton,181,0.038557875,0.851288495,1.528833292,1.524986664,0.674958792,0.045869135,0.870834772,-0.135673801,1.283223753,0.374805295,0.243636314,0.659582952,0.832780883,0.169275491,-1.550908436,,,27956.02,83.49189416,231.6065144,1.774,-0.804
prompton,182,0.058199635,0.737186081,-1.03273057,1.525967582,-0.088595829,0.012933181,0.867011059,1.151787674,1.367252565,-0.417926187,0.442307701,0.661949046,0.021328194,0.232318067,-1.502151247,,,27956.02,83.49189416,231.6065144,1.774,-0.804
prompton,183,0.056894425,0.75853787,-1.04378447,1.52628749,0.722853062,0.036640292,0.867133717,1.104142666,1.394626943,-1.000153797,0.356114274,0.661910443,-0.023914851,0.236366334,-1.502211941,,,27956.02,83.49189416,231.6065144,1.774,-0.804
prompton,184,0.058031736,0.697327828,-0.697702414,1.526239168,1.509683131,0.014066718,0.763153617,1.125676293,1.30651046,0.348259534,0.338606775,0.929703469,0.300441521,-1.026306159,-1.491216275,,,27956.02,83.49189416,231.6065144,1.774,-0.804
prompton,185,0.058317496,0.77029092,-1.041007984,1.526059555,0.673096444,0.043100751,0.747535562,1.222780322,1.438470625,-0.810015632,0.359150609,0.659640725,0.031221298,0.181323445,-1.507708473,,,27956.02,83.49189416,231.6065144,1.774,-0.804
prompton,186,0.059165559,0.95781442,-1.029086084,1.526118309,0.697205353,0.044905243,0.552012127,1.221580855,1.438682595,-1.070607683,0.360909408,0.658234671,0.011967574,0.236325969,-1.528447772,,,27956.02,83.49189416,231.6065144,1.774,-0.804
prompton,187,0.057884171,0.746270515,-0.732572547,1.525977264,0.502932424,0.014063206,0.780306208,0.868744294,1.29766478,0.72216253,0.336326657,0.663180838,0.018259756,0.229568206,-1.511384537,,,27956.02,83.49189416,231.6065144,1.774,-0.804
prompton,188,0.050780128,0.733463521,-1.387713375,1.526050176,0.780196388,0.041441866,0.753750656,1.122079103,1.42575751,-0.357342457,0.341123603,0.653530987,0.020454375,0.231999706,-1.488889034,,,27956.02,83.49189416,231.6065144,1.774,-0.804
prompton,189,0.05848021,0.747612415,-1.02009523,1.52597124,0.698633433,0.046588596,0.926474658,1.068190081,1.463349097,0.61177899,0.438646531,0.640110123,0.01791301,0.234582914,-1.494743248,,,27956.02,83.49189416,231.6065144,1.774,-0.804
prompton,190,0.062279585,0.515925506,0.580583888,1.525810344,0.44014971,0.018175842,0.870055395,1.181081265,1.300403376,0.837640324,0.358245806,0.662871864,0.129200017,-0.584366947,-1.553965346,,,27956.02,83.49189416,231.6065144,1.774,-0.804
prompton,191,0.057885236,0.74192123,-1.034337006,1.526240823,0.427613665,0.012018521,0.745420069,0.957566217,1.360373729,-1.105967086,0.382417215,0.668703769,0.010117773,0.258462047,-1.496684616,,,27956.02,83.49189416,231.6065144,1.774,-0.804
prompton,192,0.057885236,0.737500491,-1.034206907,1.526799356,0.371492414,0.012018521,0.85944379,0.957527483,1.360373729,-0.42054035,0.382417215,0.66876352,0.009259524,0.23319048,-1.496684616,,,27956.02,83.49189416,231.6065144,1.774,-0.804
prompton,193,0.058607769,0.722623311,-1.031713475,1.526250979,1.463394556,0.013825437,0.852057399,1.105587589,1.361576853,-1.094360295,0.36377313,0.680479827,0.282402925,-1.124569179,-1.506488741,,,27956.02,83.49189416,231.6065144,1.774,-0.804
prompton,194,0.058423327,0.927260565,-1.032270186,1.526318094,0.696843136,0.037673115,0.769438844,1.103781954,1.439969301,-1.063172446,0.395464593,0.662058852,0.021235645,0.237678013,-1.502544953,,,27956.02,83.49189416,231.6065144,1.774,-0.804
prompton,195,0.059264431,0.756721062,1.528833292,1.526491977,-0.126783002,0.045406401,0.738299545,-0.305213367,1.289099784,-0.763248855,0.247325653,0.661417572,0.815482418,0.235997967,-1.448403037,,,27956.02,83.49189416,231.6065144,1.774,-0.804
prompton,196,0.058607769,0.722623311,-1.037843767,1.526053037,1.476798581,0.013763326,0.852188529,0.937801139,1.361576853,0.335001076,0.350955514,0.681765664,0.294324315,-1.124569179,-1.505065682,,,27956.02,83.49189416,231.6065144,1.774,-0.804
prompton,197,0.058055043,0.984548737,-1.015979177,1.526248557,0.375151333,0.012612516,0.932280808,0.949427993,1.35582524,-0.996341082,0.370993786,0.658835416,0.018097379,0.213997415,-1.52803234,,,27956.02,83.49189416,231.6065144,1.774,-0.804
prompton,198,0.058011277,0.56614738,-1.064644409,1.526677033,0.848620107,0.041392781,0.897457084,1.096511973,1.451298046,0.324203068,0.45717953,0.685081934,0.020324114,0.237553812,-1.425248531,,,27956.02,83.49189416,231.6065144,1.774,-0.804
prompton,199,0.058095766,0.697036294,1.528833292,1.526322285,0.658149824,0.042858477,0.849049861,-0.106057672,1.301124346,-0.319827188,0.244911085,0.682872941,0.84327792,0.236707605,-1.448403037,,,27956.02,83.49189416,231.6065144,1.774,-0.804
prompton,200,0.233795458,0.722597759,1.528833292,1.525896324,0.508672409,0.044650226,0.848807134,-0.029828788,1.29765951,0.849490828,0.237922393,0.684226034,0.802320704,0.234395703,-1.449163561,,,27956.02,83.49189416,231.6065144,1.774,-0.804
prompton,201,0.058019471,0.956434934,-1.018985114,1.526227994,0.428255115,0.046675138,0.897457084,1.067560371,1.457482167,-0.85720599,0.455045703,0.673451751,0.016823749,0.229316797,-1.501487156,,,27956.02,83.49189416,231.6065144,1.774,-0.804
prompton,202,0.059143044,0.505954941,1.528833292,1.526071934,0.65570671,0.041355439,0.844859744,-0.110903688,1.288836036,-0.322527956,0.250201713,0.961346138,0.884076353,0.23071597,-1.488771641,,,27956.02,83.49189416,231.6065144,1.774,-0.804
prompton,203,0.058498134,0.734201106,-1.027907198,1.526125753,0.37360269,0.039646319,0.652571907,1.140177199,1.437637195,-0.971947064,0.385007029,0.68087304,0.02219023,0.230481865,-1.531118783,,,27956.02,83.49189416,231.6065144,1.774,-0.804
prompton,204,0.058437797,0.675694319,-1.015337102,1.525706287,0.697448927,0.043826583,0.882560092,1.215076126,1.446569645,-1.070607683,0.36092039,0.662524688,0.012811137,0.232623421,-1.541329164,,,27956.02,83.49189416,231.6065144,1.774,-0.804
prompton,205,0.059417746,0.924215817,-0.689918356,1.525877097,0.779334965,0.036852337,0.746684756,1.10451073,1.392741322,1.541277478,0.37941697,0.647995006,0.012957067,0.213280361,-1.496790764,,,27956.02,83.49189416,231.6065144,1.774,-0.804
prompton,206,0.058032197,0.847136355,-1.019011675,1.526230538,0.897270188,0.040199538,0.865999036,1.116839752,1.399735391,0.486720302,0.350783778,0.640612946,0.173288475,-0.075583257,-1.508945894,,,27956.02,83.49189416,231.6065144,1.774,-0.804
prompton,207,0.055566482,0.744559486,1.528833292,1.52632672,-0.229856431,0.045358042,0.900302977,-0.215437355,1.286872269,-0.437700758,0.250079079,0.683468135,0.841067788,0.173801195,-1.472763763,,,27956.02,83.49189416,231.6065144,1.774,-0.804
prompton,208,0.064756424,0.741452408,0.611580158,1.539196862,0.65857781,0.03828424,0.9208378,1.149091218,1.371249457,-0.293004248,0.358354492,0.683111563,-1.107224103,-1.451696215,-1.449844123,,,27956.02,83.49189416,231.6065144,1.774,-0.804
prompton,209,0.063508769,0.753576133,0.590649205,1.525097919,0.415079879,0.041405831,0.728635689,1.155793827,1.411307111,0.62658973,0.357392643,0.67562173,0.022155056,-0.620894618,-1.502771636,,,27956.02,83.49189416,231.6065144,1.774,-0.804
prompton,210,0.058041164,0.700158647,-1.043602961,1.526315546,0.47922486,0.046057095,0.787808996,1.068384534,1.44438124,0.50247617,0.336045545,0.591588842,0.012577,0.223053012,-0.149752952,,,27956.02,83.49189416,231.6065144,1.774,-0.804
prompton,211,0.05916785,0.697057518,1.528833292,1.526431442,0.50047795,0.045965384,0.900300992,-0.208731358,1.304296124,-0.388328746,0.250083747,0.661673971,0.824404034,0.175944359,-1.448403059,,,27956.02,83.49189416,231.6065144,1.774,-0.804
prompton,212,0.058422295,0.693199209,1.528833292,1.525059615,1.472800291,0.041164623,0.873502855,-0.106057672,1.298885872,-0.380804358,0.24388256,0.683193547,0.850756372,0.22098058,-1.44864717,,,27956.02,83.49189416,231.6065144,1.774,-0.804
prompton,213,0.058032197,0.587745049,-1.019011675,1.526061583,0.332608677,0.040199538,0.856352086,1.149657877,1.396221518,0.295947405,0.338469002,0.955897405,0.171146008,-0.67816426,-0.245920422,,,27956.02,83.49189416,231.6065144,1.774,-0.804
prompton,214,0.061805683,0.518698398,0.597155598,1.526058146,0.517728839,0.013810645,0.961616227,1.08111075,1.300615115,-0.138418588,0.37810809,0.651235497,0.177061122,-0.59027728,-1.499203345,,,27956.02,83.49189416,231.6065144,1.774,-0.804
prompton,215,0.064756424,0.741452408,0.611580158,1.538171902,0.65857781,0.038021272,0.9208378,1.140970517,1.370775192,-0.293004248,0.358354492,0.683111563,0.173058458,-1.451696215,-1.496133546,,,27956.02,83.49189416,231.6065144,1.774,-0.804
prompton,216,0.058607769,0.988634729,-1.037843767,1.526275508,1.454377838,0.013763326,0.896417426,0.937801139,1.361576853,0.371423704,0.351763004,0.674648077,0.291725987,-1.124569179,-1.506207503,,,27956.02,83.49189416,231.6065144,1.774,-0.804
prompton,217,0.061914839,0.710208773,0.597155598,1.526299849,0.347917338,0.01410976,0.906539233,1.138650371,1.301143355,0.798165515,0.355243141,0.679859245,0.175587014,-0.94953604,-1.495192774,,,27956.02,83.49189416,231.6065144,1.774,-0.804
prompton,218,0.058032197,0.595595709,-0.69239318,1.525833193,0.724513118,0.041822924,0.894468126,1.101289946,1.396042462,0.643715128,0.337000687,0.638834362,-0.085375766,0.26025864,-1.493773509,,,27956.02,83.49189416,231.6065144,1.774,-0.804
prompton,219,0.058098543,0.746725064,-0.743571563,1.525992344,0.779686307,0.013836175,0.84798753,0.913297594,1.298740487,-1.108190865,0.344475669,0.647539706,0.021920021,0.250831565,-1.514005438,,,27956.02,83.49189416,231.6065144,1.774,-0.804
prompton,220,0.062169086,0.961793229,0.58276219,1.526299849,0.956813069,0.014208342,0.881021968,1.082946183,1.311923451,-0.222569217,0.38313146,0.679859245,0.164274459,-0.94953604,-1.491671132,,,27956.02,83.49189416,231.6065144,1.774,-0.804
prompton,221,0.058457529,0.700182923,-0.753492488,1.526689341,0.503160457,0.014063206,0.867915499,1.089066729,1.298847487,-1.050109884,0.361875937,0.659660772,0.016267426,0.234658269,-1.50228925,,,27956.02,83.49189416,231.6065144,1.774,-0.804
prompton,222,0.031883915,0.990755251,-0.850082049,1.526050048,0.530948737,0.010518691,0.863111612,0.857125101,1.299707203,-0.303240537,0.240900834,0.664213515,0.687970452,-1.197958579,-1.452785716,,,27956.02,83.49189416,231.6065144,1.774,-0.804
prompton,223,0.058478327,0.569854357,-1.046670628,1.525834487,0.37360269,0.041454326,0.916902142,1.103643173,1.424862762,1.190198795,0.378716077,0.508227577,0.020918454,0.236466484,-0.01292388,,,27956.02,83.49189416,231.6065144,1.774,-0.804
prompton,224,0.057977857,0.75663447,-1.033039811,1.525998253,0.799136905,0.012960535,0.74663234,1.266945347,1.305956657,-1.065400809,0.376523288,0.6478925,0.012985554,0.213219949,-1.496873344,,,27956.02,83.49189416,231.6065144,1.774,-0.804
prompton,225,0.042942475,0.762324026,1.528833292,1.525922139,0.658475945,0.044912016,0.870881669,-0.34486014,1.30138949,0.841185159,0.221603606,0.683955672,0.829135208,0.174134275,-1.446993486,,,27956.02,83.49189416,231.6065144,1.774,-0.804
prompton,226,0.057301557,0.608961859,-1.061946679,1.526244207,1.50625484,0.014747103,0.756698444,1.137634314,1.316854452,1.089190666,0.338447312,0.881845001,0.296729325,-1.023180474,-1.530522281,,,27956.02,83.49189416,231.6065144,1.774,-0.804
prompton,227,0.059167679,0.697057518,1.528833292,1.526431442,0.50047795,0.045965384,0.900300992,-0.108725531,1.304296124,-0.388328746,0.244919634,0.661673971,0.824404034,0.175941116,-1.447984653,,,27956.02,83.49189416,231.6065144,1.774,-0.804
prompton,228,0.059167879,0.697004574,1.528833292,1.525059212,0.658627195,0.04133187,0.873881875,-0.206063499,1.301305178,0.57368436,0.250075198,0.695574698,0.905426696,0.174142517,-1.502925276,,,27956.02,83.49189416,231.6065144,1.774,-0.804
prompton,229,0.057973918,0.736577301,-1.032449142,1.525949063,0.964178971,0.045843596,0.784656856,1.141869408,1.438462136,0.695974235,0.357887129,0.66196773,0.017247087,0.235823167,-1.496318063,,,27956.02,83.49189416,231.6065144,1.774,-0.804
prompton,230,0.058489411,0.559156469,-1.047099339,1.526041595,0.509405522,0.041347159,0.880719834,1.261850077,1.426193116,0.223720538,0.410690778,0.662283003,0.018301029,0.214147422,-1.502438979,,,27956.02,83.49189416,231.6065144,1.774,-0.804
prompton,231,0.05916773,0.709570232,1.528833292,1.525083386,0.652905948,0.045457127,0.875391603,-0.081269696,1.28354108,-0.372317465,0.250594835,0.68477507,0.81624665,0.250227801,-1.450454384,,,27956.02,83.49189416,231.6065144,1.774,-0.804
prompton,232,0.058036898,0.736785416,-1.032428953,1.526294735,0.943951872,0.013823106,0.896973384,1.087491144,1.386967437,0.352270821,0.337448674,0.664207651,-0.084045376,0.288313065,-1.409667351,,,27956.02,83.49189416,231.6065144,1.774,-0.804
prompton,233,0.49965253,0.757329469,1.528833292,1.525890171,-0.09040498,0.045445315,0.900786647,-0.216897311,1.288876141,-1.188516288,0.247325653,0.663052854,0.827768698,0.174134395,-1.448403037,,,27956.02,83.49189416,231.6065144,1.774,-0.804
prompton,234,0.05805853,0.83843073,-1.046688519,1.525851115,0.37360269,0.041454326,0.773246217,1.103782808,1.427418929,-0.2154003,0.381668951,0.508227577,0.020111931,0.236779208,-0.01292388,,,27956.02,83.49189416,231.6065144,1.774,-0.804
prompton,235,0.057933691,0.732333483,-1.068868388,1.525993867,0.435607938,0.048023958,0.742199908,1.145351646,1.456597364,-0.853079217,0.445795378,0.640317425,0.011974752,0.23625371,-0.687808283,,,27956.02,83.49189416,231.6065144,1.774,-0.804
prompton,236,0.058246793,0.593654136,-0.677301839,1.525862262,1.467472453,0.041508534,0.865185471,1.122723379,1.396060311,-0.332011282,0.337655342,0.663913275,-0.084945959,0.353453789,-1.493840364,,,27956.02,83.49189416,231.6065144,1.774,-0.804
prompton,237,0.059166318,0.743777976,1.528833292,1.52629619,0.50119813,0.044880014,0.89919024,-0.116731498,1.305775335,0.510420326,0.250083747,0.662246853,0.827338693,0.174640088,-1.44973171,,,27956.02,83.49189416,231.6065144,1.774,-0.804
prompton,238,0.058340221,0.591122702,-0.757050215,1.525861663,0.779686307,0.013836175,0.7403033,1.095913322,1.301880682,-1.071250892,0.360706745,0.646595686,-0.007396513,0.250437325,-1.406249551,,,27956.02,83.49189416,231.6065144,1.774,-0.804
prompton,239,0.062327686,0.959459239,0.511822994,1.526300317,0.943386394,0.012977874,0.881368476,1.126579319,1.311920384,-0.224323302,0.338813774,0.667132295,0.32149373,-0.94953604,-1.528006614,,,27956.02,83.49189416,231.6065144,1.774,-0.804
prompton,240,0.058030563,0.711118405,-1.043416086,1.526188685,0.774462378,0.037396828,0.884066569,1.099981054,1.413872568,-1.065245456,0.359817102,0.67085399,0.027753025,0.213498624,-1.514062883,,,27956.02,83.49189416,231.6065144,1.774,-0.804
prompton,241,0.059164722,0.707040783,1.528833292,1.526577507,0.625295858,0.044985203,0.873010558,-0.063601783,1.287317237,-0.346245525,0.250627248,0.955660706,0.850756372,0.23096114,-1.450530186,,,27956.02,83.49189416,231.6065144,1.774,-0.804
prompton,242,0.058099274,0.695792015,-1.04037691,1.525868218,1.413944773,0.013079121,0.854983178,1.105942612,1.36332066,-1.070779804,0.34108042,0.681489698,-0.015618301,0.235923183,-1.56387914,,,27956.02,83.49189416,231.6065144,1.774,-0.804
prompton,243,0.058433411,0.980369138,-0.997303832,1.525931836,0.697448927,0.043826583,0.901609213,1.215914662,1.417193949,0.534549082,0.360968174,0.662524688,0.012811137,0.232627165,-1.541329164,,,27956.02,83.49189416,231.6065144,1.774,-0.804
prompton,244,0.037366359,0.851288495,1.528833292,1.525035316,0.674958792,0.045882932,0.871365467,-0.134858782,1.282228705,0.818538172,0.243636314,0.659582952,0.841067788,0.174169234,-1.419879505,,,27956.02,83.49189416,231.6065144,1.774,-0.804
prompton,245,0.058204146,0.72039,-1.032829804,1.526317015,0.350924171,0.012858059,0.894053874,0.887059016,1.36152584,0.33714372,0.34011019,0.682873886,-0.023977866,0.260424426,-1.485532591,,,27956.02,83.49189416,231.6065144,1.774,-0.804
prompton,246,0.49965253,0.743140509,1.528833292,1.524986664,0.500444275,0.045406401,0.870894447,-0.135673801,1.2889065,0.907001692,0.247311507,0.663578776,0.827166805,0.174637873,-1.449798358,,,27956.02,83.49189416,231.6065144,1.774,-0.804
prompton,247,0.056879609,0.709810882,-1.042954917,1.525854304,1.409223892,0.014617744,0.853390605,1.081267641,1.301051493,-1.072765806,0.337187471,0.648840276,0.017689968,0.23049106,-1.49400612,,,27956.02,83.49189416,231.6065144,1.774,-0.804
prompton,248,0.059489119,0.929065438,-0.692423272,1.526668649,0.698497572,0.039502756,0.74196238,1.099014852,1.396534976,-1.116625221,0.372310266,0.681722519,-0.017123422,0.236635976,-1.469944981,,,27956.02,83.49189416,231.6065144,1.774,-0.804
prompton,249,0.062826652,0.559862897,0.567308882,1.526119759,0.370941798,0.041079505,0.867878378,1.221284221,1.371184389,-0.315698295,0.355043791,0.660888974,0.177390124,-1.219202284,-1.531202756,,,27956.02,83.49189416,231.6065144,1.774,-0.804
prompton,250,0.059165975,0.72194552,1.528833292,1.525064761,0.435197813,0.044915356,0.849897474,-0.01343128,1.29765594,0.834973363,0.238544018,0.68424332,0.82432401,0.170208778,-1.45033172,,,27956.02,83.49189416,231.6065144,1.774,-0.804
prompton,251,0.057974203,0.510643808,-1.064644409,1.526633356,0.428255115,0.037841883,0.844239732,1.096511973,1.411127922,-0.295191833,0.344631716,0.656744244,0.012541552,0.230041315,-1.487947345,,,27956.02,83.49189416,231.6065144,1.774,-0.804
prompton,252,0.057978113,0.696973958,-1.043211492,1.526667726,0.428296976,0.03777662,0.897125454,1.096612043,1.411127922,-1.049872635,0.369398491,0.685081934,0.012614048,0.237553812,-1.512342848,,,27956.02,83.49189416,231.6065144,1.774,-0.804
prompton,253,0.057934965,0.73927019,-1.034206907,1.525883481,0.421499534,0.013644238,0.855556011,0.959743565,1.36146687,0.253814162,0.382628533,0.668882434,0.010117773,0.228754752,-1.470664717,,,27956.02,83.49189416,231.6065144,1.774,-0.804
prompton,254,0.057927246,0.669276146,-1.032671964,1.526009575,-0.965628585,0.01425085,0.908047091,0.944140632,1.366453751,-0.409142328,0.321350376,0.660945072,0.302985866,-1.052513235,-1.563437505,,,27956.02,83.49189416,231.6065144,1.774,-0.804
prompton,255,0.057977821,0.739691285,-1.045413066,1.526771045,0.767298183,0.0127373,0.858308075,1.125222582,1.359452167,0.419201848,0.382068715,0.654076443,0.030514939,0.182097259,-1.531429076,,,27956.02,83.49189416,231.6065144,1.774,-0.804
prompton,256,0.05916785,0.697202059,1.528833292,1.526195974,0.635443428,0.044872029,0.900041621,-0.106382316,1.30202601,0.948346254,0.245865795,0.683307957,0.777088082,0.192774008,-1.449905067,,,27956.02,83.49189416,231.6065144,1.774,-0.804
prompton,257,0.062825532,0.72258964,0.531461974,1.526217166,0.852517824,0.014121465,0.780561766,1.138946638,1.304911732,-0.280168649,0.33838961,0.714327298,0.169046267,-1.140300122,-1.556665181,,,27956.02,83.49189416,231.6065144,1.774,-0.804
prompton,258,0.05916785,0.58014518,1.528833292,1.525877578,0.65907279,0.044798499,0.842953018,-0.211821624,1.305518735,0.786496702,0.244971984,0.68278733,0.841219339,0.174127592,-1.453886562,,,27956.02,83.49189416,231.6065144,1.774,-0.804
prompton,259,0.038557875,0.851288495,1.528833292,1.524869016,0.398621007,0.045864124,0.870834772,-0.13385938,1.298944372,0.350136366,0.243661466,0.659582952,0.841265332,0.169357535,-1.550908436,,,27956.02,83.49189416,231.6065144,1.774,-0.804
prompton,260,0.05916785,0.961216976,1.528833292,1.525873613,0.655322824,0.044766036,0.925555996,-0.208801898,1.282323414,-0.823653519,0.245855825,0.664259183,0.83273489,0.187564806,-1.448914103,,,27956.02,83.49189416,231.6065144,1.774,-0.804
prompton,261,0.05729091,0.568652137,-0.747845636,1.525387422,0.428668476,0.013918233,0.847383003,1.081162441,1.310804425,-0.355741457,0.338607859,0.514581975,0.022007956,0.230649429,-0.052706277,,,27956.02,83.49189416,231.6065144,1.774,-0.804
prompton,262,0.063009872,0.956953875,0.529297183,1.52565872,1.359526156,0.012978595,0.907456684,1.149584499,1.305863562,-0.440730179,0.335808281,0.943616632,0.277240122,-1.092987626,-0.585203575,,,27956.02,83.49189416,231.6065144,1.774,-0.804
prompton,263,0.057965763,0.732487684,-1.045725995,1.526723997,1.408383673,0.038946766,0.862105717,1.097028228,1.395681502,0.410466833,0.346572687,0.655112034,-0.016683681,0.184629302,-1.457364224,,,27956.02,83.49189416,231.6065144,1.774,-0.804
prompton,264,0.057932183,0.646698576,-1.033556341,1.526226389,0.648330101,0.01425085,0.907791522,1.081594611,1.366453751,-0.352312491,0.321329257,0.661667722,0.302985866,-1.039464736,-0.519850677,,,27956.02,83.49189416,231.6065144,1.774,-0.804
prompton,Best Release NSE,0.058455511,0.507797017,-1.045837529,1.525822326,0.420378693,0.045986923,0.860819719,1.083596548,1.470055661,-0.395493099,0.346621998,0.64937361,0.009953114,0.23051592,-1.488411966,,,27956.02,83.49189416,231.6065144,1.774,-0.804
prompton,266,0.059222496,0.559156469,-1.047099339,1.526041595,0.509405522,0.041347159,0.880601,1.261850077,1.423647083,0.223720538,0.403259401,0.662283003,0.034439872,0.214147422,-1.502325374,,,27956.02,83.49189416,231.6065144,1.774,-0.804
prompton,267,0.05917035,0.977830669,1.528662816,1.526281916,0.658475945,0.044981237,0.899385303,-0.118880387,1.29618172,-0.352311413,0.244988051,0.684846193,0.827140204,0.173940258,-1.452926781,,,27956.02,83.49189416,231.6065144,1.774,-0.804
prompton,268,0.062848608,0.697703565,0.591651929,1.525757677,0.358640763,0.037019359,0.896739258,1.088160916,1.410333275,-1.122801898,0.340195183,0.679870808,0.177444714,-1.178545962,-1.45427371,,,27956.02,83.49189416,231.6065144,1.774,-0.804
prompton,269,0.038557875,0.857190168,1.528833292,1.524833991,0.398621007,0.04584205,0.871061415,-0.13458015,1.298944372,-0.927167505,0.243661466,0.659582952,0.841265332,0.22309069,-1.550908436,,,27956.02,83.49189416,231.6065144,1.774,-0.804
prompton,270,0.062848608,0.767109421,0.575646761,1.525757677,0.367557139,0.036999078,0.846278185,1.137481914,1.410285324,-1.122801898,0.343493593,0.679870808,0.177444714,-1.229361778,-1.507598951,,,27956.02,83.49189416,231.6065144,1.774,-0.804
prompton,271,0.059160584,0.694360565,1.528833292,1.513849383,-0.118884133,0.045070422,0.899274025,-0.263141831,1.305938492,-0.38407923,0.244510877,0.662947198,0.841067788,0.120363046,-1.448403037,,,27956.02,83.49189416,231.6065144,1.774,-0.804
prompton,272,0.068781298,0.759197706,1.528833292,1.525890171,-0.09040498,0.045445315,0.896410049,-0.212878771,1.288876141,-1.188516288,0.247325653,0.663052854,0.827768698,0.086161325,-1.448403037,,,27956.02,83.49189416,231.6065144,1.774,-0.804
prompton,273,0.05916785,0.696469343,1.528833292,1.526079598,0.432365874,0.044533991,0.926646729,-0.105207493,1.301536204,-1.096322869,0.250086707,0.679289578,0.825898568,0.069151549,-1.44992538,,,27956.02,83.49189416,231.6065144,1.774,-0.804
prompton,274,0.062823334,0.692891915,0.609851683,1.526203982,0.854139551,0.012978595,0.999678581,1.137477019,1.305863562,-1.386553004,0.338679722,0.671922709,0.285917978,-1.181564645,-1.504331268,,,27956.02,83.49189416,231.6065144,1.774,-0.804
prompton,275,0.058052415,0.710929519,-0.600658585,1.526203319,0.779686307,0.013841802,0.763884867,0.842310954,1.298695171,-1.068683313,0.242249018,0.647489283,-0.019984858,0.213723813,-1.452996559,,,27956.02,83.49189416,231.6065144,1.774,-0.804
prompton,276,0.062825532,0.970607568,0.58741903,1.526276147,0.699675791,0.015356987,0.863599727,1.138946638,1.308204422,-0.348917591,0.350948779,0.714327298,0.169046267,-1.180579784,-1.558568079,,,27956.02,83.49189416,231.6065144,1.774,-0.804
prompton,277,0.059149784,0.580155197,1.528833292,1.525899848,0.608849658,0.041494331,0.843068119,-0.202368013,1.287527095,-0.871155345,0.250192824,0.955660706,0.850756372,0.232944287,-1.495738863,,,27956.02,83.49189416,231.6065144,1.774,-0.804
prompton,278,0.05916785,0.750742833,1.528833292,1.526435889,-0.15694013,0.045993067,0.900300992,-0.209062557,1.305536607,-0.408449263,0.250083747,0.663073978,0.827338693,0.175944359,-1.418017749,,,27956.02,83.49189416,231.6065144,1.774,-0.804
prompton,279,0.058011272,0.748822455,-1.052953661,1.526245735,0.978014388,0.046226892,0.925473852,1.117913377,1.463133803,1.222947628,0.438658837,0.674565867,0.016861939,0.229779427,-1.491723355,,,27956.02,83.49189416,231.6065144,1.774,-0.804
prompton,280,0.038557875,0.851288495,1.528833292,1.525912678,0.675271999,0.045869135,0.870834772,-0.137546849,1.282932391,0.374805295,0.243636314,0.659582952,0.83309406,0.174373235,-1.451434336,,,27956.02,83.49189416,231.6065144,1.774,-0.804
prompton,281,0.059167713,0.70958814,1.528833292,1.525080607,0.652905948,0.045455221,0.87542943,-0.081068972,1.283509071,-0.888044426,0.250645393,0.68477507,0.81624665,0.248888883,-1.450427109,,,27956.02,83.49189416,231.6065144,1.774,-0.804
prompton,282,0.058515058,0.598473845,-1.032428953,1.526333161,0.949181184,0.014609864,0.897132466,1.112203114,1.377948314,-1.006625373,0.33744331,0.664207651,-0.107169203,0.288313065,-1.493063244,,,27956.02,83.49189416,231.6065144,1.774,-0.804
prompton,283,0.057897491,0.697202059,1.528833292,1.526195974,0.635443428,0.043435848,0.900041621,-0.106382316,1.30202601,0.948346254,0.245865795,0.684006516,0.777088082,0.192774008,-1.453201642,,,27956.02,83.49189416,231.6065144,1.774,-0.804
prompton,284,0.057301557,0.608961859,-1.061946679,1.526239951,0.680157212,0.014747103,0.769656484,1.137634314,1.316715871,1.030381269,0.338447312,0.881845001,0.296729325,-1.157896691,-1.498056825,,,27956.02,83.49189416,231.6065144,1.774,-0.804
prompton,285,0.05915428,0.697190454,1.528833292,1.524921686,0.49289152,0.044912016,0.870881669,-0.110790348,1.288661919,0.841185159,0.245926089,0.683307957,0.841047539,0.174227657,-1.448914103,,,27956.02,83.49189416,231.6065144,1.774,-0.804
prompton,286,0.062854034,0.689068551,0.629747548,1.525025365,0.849518702,0.012978595,0.863426164,0.168656764,1.305863562,-0.272940608,0.338844358,0.672247799,0.296593074,-1.108093744,-1.499149504,,,27956.02,83.49189416,231.6065144,1.774,-0.804
prompton,287,0.058004153,0.966357066,-1.01787535,1.526681028,0.715229445,0.046307949,0.872039304,1.085812343,1.451026946,0.486602534,0.440682309,0.673638582,0.017272595,0.236784574,-1.487139312,,,27956.02,83.49189416,231.6065144,1.774,-0.804
prompton,288,0.06905126,0.756721062,1.528833292,1.525608477,0.992219916,0.045882932,0.860877103,-0.135673801,1.286872269,0.922106614,0.245150029,0.665914345,0.841067788,0.17407374,-1.448403037,,,27956.02,83.49189416,231.6065144,1.774,-0.804
prompton,289,0.057977143,0.747347627,-1.065100399,1.52591207,0.661479813,0.036896084,0.848806684,1.176001536,1.414101622,-0.484481887,0.435529457,0.661182957,0.011251731,0.234552972,-1.562843692,,,27956.02,83.49189416,231.6065144,1.774,-0.804
prompton,290,0.058017982,0.98515296,-1.027859361,1.52605062,0.370806471,0.037341855,0.739158888,1.10358922,1.412116963,-1.049172918,0.384602022,0.672800031,0.012737985,0.258806697,-1.514062883,,,27956.02,83.49189416,231.6065144,1.774,-0.804
prompton,291,0.058481089,0.559992505,-1.018089529,1.526052855,0.372163043,0.037335499,0.843001839,1.138631318,1.427090071,0.494528815,0.381112253,0.625337116,0.016922994,0.230232265,-0.24811123,,,27956.02,83.49189416,231.6065144,1.774,-0.804
prompton,292,0.059257529,0.56554333,1.528833292,1.525879591,-0.134157243,0.04540679,0.738299545,-0.305213367,1.298130539,-0.794850168,0.247223802,0.663074095,0.815276375,0.166486971,-1.448403037,,,27956.02,83.49189416,231.6065144,1.774,-0.804
prompton,293,0.05916785,0.572784759,1.528833292,1.525083388,0.433499744,0.045031958,0.870989879,-0.106057672,1.302090921,0.948346254,0.250423748,0.683304645,0.774743475,0.234067992,-1.447186266,,,27956.02,83.49189416,231.6065144,1.774,-0.804
prompton,294,0.49965253,0.756721062,1.528833292,1.524986664,1.528677984,0.045664517,0.868346605,-0.135673801,1.284313557,0.338117477,0.245150029,0.683338699,0.827056888,0.17407374,-1.383205719,,,27956.02,83.49189416,231.6065144,1.774,-0.804
prompton,295,0.062854034,0.747863062,0.629365393,1.525669293,0.849518702,0.012978595,0.772772832,0.177787253,1.305858738,-0.289451293,0.338843099,0.647043031,0.296593074,-1.098329419,-1.499149504,,,27956.02,83.49189416,231.6065144,1.774,-0.804
prompton,296,0.062914471,0.962771405,0.537390261,1.525633915,0.851850786,0.012937996,0.881147983,1.148489062,1.305654917,-0.216797802,0.337187276,0.67405031,0.293422967,-1.109052418,-1.510440249,,,27956.02,83.49189416,231.6065144,1.774,-0.804
prompton,297,0.062732872,0.515047529,0.609568295,1.525658495,0.628098383,0.012997979,0.844365308,1.115673314,1.306447993,-0.278845139,0.378005688,0.951790386,0.178545381,-1.091756075,-1.506995902,,,27956.02,83.49189416,231.6065144,1.774,-0.804
prompton,298,0.061823421,0.963692388,0.597438986,1.526058146,0.517728839,0.013789514,0.974526317,1.08111075,1.300029786,-0.138418588,0.338765469,0.642962564,0.275755863,-0.59027728,-1.499966564,,,27956.02,83.49189416,231.6065144,1.774,-0.804
prompton,299,0.050780128,0.561593718,-1.389208723,1.526047255,0.706818068,0.041512205,0.895556988,1.122079103,1.42575751,-0.357342457,0.338452377,0.653530987,0.020399723,0.231777738,-1.488889034,,,27956.02,83.49189416,231.6065144,1.774,-0.804
prompton,300,0.058389085,0.760704664,-1.073076137,1.526340124,0.736379476,0.035403399,0.732259966,1.122228098,1.42575751,-0.310335339,0.344050914,0.662291848,0.017167766,0.234586822,-1.559373388,,,27956.02,83.49189416,231.6065144,1.774,-0.804
prompton,301,0.059167708,0.697004574,1.528833292,1.525059212,0.66747207,0.045968266,0.873881875,-0.106057672,1.301321629,0.345488396,0.243670324,0.660558457,0.905426696,0.169160174,-1.551251835,,,27956.02,83.49189416,231.6065144,1.774,-0.804
prompton,302,0.058424019,0.937890719,-1.03180895,1.526309106,0.696631619,0.03777614,0.737142277,1.135963147,1.412483358,-1.122210132,0.361803675,0.669532429,0.021228578,0.23763836,-1.501182632,,,27956.02,83.49189416,231.6065144,1.774,-0.804
prompton,303,0.058196371,0.565846681,-1.017829574,1.526062815,0.694130023,0.043192979,0.871211599,1.086503776,1.451516743,0.508566369,0.441124743,0.662277116,0.017272595,0.232338748,-0.252811588,,,27956.02,83.49189416,231.6065144,1.774,-0.804
prompton,304,0.059167713,0.70958814,1.528833292,1.525083386,0.652905948,0.045456676,0.897221929,-0.077306231,1.28269025,-0.888044426,0.247386763,0.68477507,0.81624665,0.263316954,-1.448406545,,,27956.02,83.49189416,231.6065144,1.774,-0.804
prompton,305,0.057933691,0.732333483,-1.052392902,1.525993867,0.435607938,0.048023958,0.742199908,1.145351646,1.45658925,-1.068304468,0.440760594,0.640317425,0.011974752,0.236242855,-0.687808283,,,27956.02,83.49189416,231.6065144,1.774,-0.804
prompton,306,0.058032051,0.581723602,-1.019011675,1.526234653,1.499394723,0.040479091,0.86652602,1.116839752,1.3949534,0.373333827,0.350952681,0.683860941,0.171146008,-1.02139302,-1.530994965,,,27956.02,83.49189416,231.6065144,1.774,-0.804
prompton,307,0.068781298,0.759197706,1.528833292,1.525890171,-0.09040498,0.045445766,0.874579723,-0.219212687,1.289694962,-1.188516288,0.250101756,0.663052854,0.827768698,0.073038783,-1.447915507,,,27956.02,83.49189416,231.6065144,1.774,-0.804
prompton,308,0.06274632,0.937168317,0.578067405,1.524650339,0.68943169,0.013690996,0.904603476,1.138835232,1.301811582,0.638486957,0.340828218,0.7150708,0.17612173,-1.225450327,-1.49005982,,,27956.02,83.49189416,231.6065144,1.774,-0.804
prompton,309,0.05916785,0.58014518,1.528833292,1.526573815,0.65907279,0.044993596,0.842953018,-0.211821624,1.30758346,-0.312312013,0.244971984,0.689384964,0.840582514,0.174127592,-1.453886562,,,27956.02,83.49189416,231.6065144,1.774,-0.804
prompton,310,0.057936012,0.935888295,-1.041828053,1.525435585,1.382572384,0.047797895,0.909159489,1.139540766,1.466055461,-1.114571435,0.439467277,0.681975777,0.021550026,0.235886023,-1.502462838,,,27956.02,83.49189416,231.6065144,1.774,-0.804
prompton,311,0.058317496,0.77029092,-1.041007984,1.526059555,0.75053942,0.043103102,0.746955659,1.229163292,1.429438983,-0.810015632,0.385957248,0.663024819,0.029825642,0.181323445,-1.509480159,,,27956.02,83.49189416,231.6065144,1.774,-0.804
prompton,312,0.05916785,0.737859632,1.528833292,1.52589228,0.669778209,0.044901671,0.842953018,-0.167371319,1.305500256,0.841185159,0.24592484,0.661231136,0.854032623,0.173760882,-1.563693298,,,27956.02,83.49189416,231.6065144,1.774,-0.804
prompton,313,0.057910712,0.711020983,-0.657066347,1.526699249,1.246752636,0.013841802,0.89769108,0.917390516,1.301123867,-1.135613411,0.240790664,0.647516805,-0.020111825,0.212653073,-1.508918945,,,27956.02,83.49189416,231.6065144,1.774,-0.804
prompton,314,0.057979657,0.959564769,-1.019526514,1.526472128,0.653520736,0.037396828,0.740342889,1.099929931,1.412271133,-1.095909798,0.36180827,0.67086896,0.012737985,0.220433664,-1.514062883,,,27956.02,83.49189416,231.6065144,1.774,-0.804
prompton,315,0.058391784,0.697202059,1.528833292,1.526240633,0.635443428,0.045879596,0.900041621,-0.042675573,1.30202601,0.948346254,0.245865795,0.683307957,0.777088082,0.192774008,-1.449905067,,,27956.02,83.49189416,231.6065144,1.774,-0.804
prompton,316,0.049767699,0.733463521,-1.389208723,1.524790576,1.326737589,0.041495542,0.895556988,1.122079103,1.426372348,0.650115127,0.335443093,0.653530987,0.020399723,0.231831401,-1.558931538,,,27956.02,83.49189416,231.6065144,1.774,-0.804
prompton,317,0.058471511,0.95140117,-1.047099339,1.526060094,0.372041824,0.037053031,0.843001839,1.142654587,1.426499827,-1.089436314,0.380394918,0.661738024,0.016944514,0.230232265,-1.502540479,,,27956.02,83.49189416,231.6065144,1.774,-0.804
prompton,318,0.058457445,0.700182923,-0.753492488,1.52630632,0.503294311,0.014063206,0.867915499,1.08504346,1.299775824,-1.050109884,0.362618787,0.659660772,0.016295022,0.234658269,-1.555805975,,,27956.02,83.49189416,231.6065144,1.774,-0.804
prompton,319,0.05915428,0.697190454,1.528833292,1.524921686,0.49289152,0.044912016,0.870881669,-0.110790348,1.289507499,0.841185159,0.248065824,0.934320031,0.825460627,0.161066088,-1.448914103,,,27956.02,83.49189416,231.6065144,1.774,-0.804
prompton,320,0.06275061,0.956953875,0.609851683,1.525658495,0.628098383,0.012976848,0.857295744,1.115673314,1.305017083,-0.278845139,0.336523333,0.692592633,0.292827033,-1.078592153,-1.507759121,,,27956.02,83.49189416,231.6065144,1.774,-0.804
prompton,321,0.062789574,0.767109421,0.575646761,1.525756305,0.338742065,0.036986642,0.774618982,1.095638495,1.410333275,-1.071280973,0.342854432,0.681678902,0.177444714,-1.224436669,-1.507598951,,,27956.02,83.49189416,231.6065144,1.774,-0.804
prompton,322,0.062327686,0.729659759,0.511822994,1.526300317,0.943386394,0.013930859,0.881368476,1.126589984,1.311920384,-1.018490673,0.339064838,0.65935954,0.160385838,-0.94953604,-1.530560276,,,27956.02,83.49189416,231.6065144,1.774,-0.804
prompton,323,0.063011013,0.748982513,0.598926843,1.525911583,1.512459716,0.04347317,0.847945613,1.154930077,1.412309737,-1.122801898,0.344508862,0.68137119,0.168314574,-0.623319618,-1.496296395,,,27956.02,83.49189416,231.6065144,1.774,-0.804
prompton,324,0.063802074,0.744565216,0.584650714,1.525791292,-0.141163269,0.037073778,0.846314992,1.145331069,1.406778122,-0.851412118,0.340751889,0.990962776,0.11228692,-0.631618723,-0.392182542,,,27956.02,83.49189416,231.6065144,1.774,-0.804
prompton,325,0.057885236,0.706567676,-1.034337006,1.526240823,0.696199484,0.012018521,0.770199092,0.954932298,1.360373729,-1.105967086,0.382417215,0.668829383,0.010117773,0.258462047,-1.529117352,,,27956.02,83.49189416,231.6065144,1.774,-0.804
prompton,326,0.057437159,0.979292625,-1.068960434,1.526007071,0.43076713,0.048023958,0.742199908,1.146139152,1.456597364,-1.124468997,0.445795378,0.640317425,0.012828113,0.236280439,-1.528475225,,,27956.02,83.49189416,231.6065144,1.774,-0.804
prompton,327,0.058052538,0.592631786,-1.04180673,1.526668637,1.408383673,0.041606926,0.865494363,1.141902557,1.415189489,-1.096474963,0.341261983,0.679643531,-0.016683681,0.231152758,-1.557033455,,,27956.02,83.49189416,231.6065144,1.774,-0.804
prompton,328,0.057975139,0.752851821,-1.045413066,1.526780383,0.767298183,0.012654827,0.858308075,1.081725339,1.360947583,0.34604019,0.381668544,0.648694051,0.029668274,0.182097259,-1.426722903,,,27956.02,83.49189416,231.6065144,1.774,-0.804
prompton,329,0.050780128,0.733463521,-1.387713375,1.526050176,0.780196388,0.041441866,0.753750656,1.122079103,1.42575751,-0.357342457,0.341123603,0.653530987,0.020314704,0.231999706,-1.498873375,,,27956.02,83.49189416,231.6065144,1.774,-0.804
prompton,330,0.058471815,0.747366382,-1.046694668,1.526007293,0.49103752,0.036918399,0.779493624,1.14169429,1.427381176,-0.245306438,0.381611737,0.661939857,0.020147128,0.230232265,-1.562778591,,,27956.02,83.49189416,231.6065144,1.774,-0.804
prompton,331,0.056888511,0.756164109,-1.046521004,1.525866456,0.69218813,0.039528448,0.740361201,1.092750935,1.394813881,0.464041447,0.339162866,0.665000507,-0.020048839,0.229655184,-1.506558805,,,27956.02,83.49189416,231.6065144,1.774,-0.804
prompton,332,0.057885236,0.691318107,-1.03446102,1.525869357,0.753735206,0.0120385,0.721652772,1.098305108,1.360331165,0.244336424,0.43376003,0.668560257,0.010239845,0.257392056,-1.506480894,,,27956.02,83.49189416,231.6065144,1.774,-0.804
prompton,333,0.05803487,0.7314379,-1.057670637,1.52624423,1.485284422,0.01290338,0.907929527,1.151299529,1.36796914,0.347593989,0.337234304,0.66714325,-0.022853977,0.232799221,-1.529867824,,,27956.02,83.49189416,231.6065144,1.774,-0.804
prompton,334,0.050780128,0.711227039,-1.389208723,1.526684573,0.706448296,0.04150215,0.928902893,1.122079103,1.451177371,-0.305039185,0.443231748,0.653530987,0.017167716,0.231777738,-1.488859096,,,27956.02,83.49189416,231.6065144,1.774,-0.804
prompton,335,0.059135505,0.708893241,1.528833292,1.537521854,0.432073131,0.046013927,0.854598401,-0.09089458,1.295351076,-0.390448845,0.250144189,0.663858562,0.817205844,0.250414399,-1.450454384,,,27956.02,83.49189416,231.6065144,1.774,-0.804
prompton,336,0.057712106,0.744426278,-1.048481927,1.526237423,0.451236553,0.044885894,0.862103792,1.131821276,1.440234711,-1.119645081,0.337104569,0.658790932,0.016686539,0.230548821,-1.496639167,,,27956.02,83.49189416,231.6065144,1.774,-0.804
prompton,337,0.058002499,0.979292625,-1.068960434,1.526028328,0.436074567,0.045902802,0.918663764,1.077358606,1.457482167,-0.864647497,0.455045703,0.679811309,0.029940839,0.229395429,-1.492885883,,,27956.02,83.49189416,231.6065144,1.774,-0.804
prompton,338,0.057931283,0.71538888,1.528833292,1.526429704,0.648159064,0.044542149,0.896255624,-0.065425448,1.296260104,0.851858052,0.240844605,0.674411792,0.808636136,0.058294748,-1.44793362,,,27956.02,83.49189416,231.6065144,1.774,-0.804
prompton,339,0.058000091,0.692432561,1.528833292,1.526095644,0.639966926,0.046120117,0.876002825,-0.092186198,1.296470885,0.851858052,0.239603779,0.683132765,0.852402918,0.258761123,-1.448992247,,,27956.02,83.49189416,231.6065144,1.774,-0.804
prompton,340,0.058046534,0.736607455,-1.032449142,1.525953522,0.58465188,0.043090237,0.770216587,1.143882006,1.428851947,0.695974235,0.358077031,0.66196773,0.017320085,0.230370488,-1.496318063,,,27956.02,83.49189416,231.6065144,1.774,-0.804
prompton,341,0.058533309,0.576364095,-1.027885743,1.526042388,0.726950348,0.035408156,0.732414303,1.141856844,1.42721864,-0.245306438,0.381611737,0.682492213,0.02013812,0.230235308,-1.499437289,,,27956.02,83.49189416,231.6065144,1.774,-0.804
prompton,342,0.05916785,0.72116358,1.528833292,1.525934362,0.382098282,0.043487605,0.903468422,-0.118880387,1.29635817,-1.176339125,0.244358277,0.682285194,0.818406587,0.236415252,-1.448403037,,,27956.02,83.49189416,231.6065144,1.774,-0.804
prompton,343,0.058190948,0.539972028,-1.044158115,1.525002313,0.693529854,0.046333896,0.865725075,1.121790109,1.46359381,-1.080865778,0.38119003,0.683444312,0.035027497,0.165012166,-1.55631708,,,27956.02,83.49189416,231.6065144,1.774,-0.804
prompton,344,0.068781298,0.699000346,1.528833292,1.525874949,-0.09040498,0.045445766,0.874579723,-0.119778815,1.289549156,-0.356713189,0.249919183,0.684344357,0.827768698,0.168138577,-1.447915507,,,27956.02,83.49189416,231.6065144,1.774,-0.804
prompton,345,0.063209152,0.567684859,0.609851683,1.525655363,0.969130481,0.0395075,0.856428995,1.145011754,1.311052849,-0.275769204,0.338663636,0.501589342,0.277240122,-1.035287628,-0.056900341,,,27956.02,83.49189416,231.6065144,1.774,-0.804
prompton,346,0.056858647,0.586889694,-1.019006639,1.526251676,0.646689733,0.040199538,0.737407455,1.093203837,1.394816945,0.417223696,0.350944664,0.661886289,0.171046541,-0.63874844,-1.501237173,,,27956.02,83.49189416,231.6065144,1.774,-0.804
prompton,347,0.062804002,0.571653463,0.630251179,1.525658838,0.854139551,0.01297763,0.858198577,0.168656764,1.306042162,0.274852427,0.338843099,0.67405031,0.293422967,-1.108093744,-1.507759121,,,27956.02,83.49189416,231.6065144,1.774,-0.804
prompton,348,0.057865503,0.562509847,-1.060957104,1.526059437,0.420830023,0.041349225,0.910273234,1.232430047,1.411944503,0.462251764,0.381127678,0.661632127,0.020277093,0.213158065,-1.502177513,,,27956.02,83.49189416,231.6065144,1.774,-0.804
prompton,349,0.063508769,0.7289675,0.590649205,1.525890737,0.415344838,0.041313638,0.855533151,1.156523187,1.417718524,-0.9599485,0.239583912,0.67562173,-0.004434532,-0.620894618,-1.507723865,,,27956.02,83.49189416,231.6065144,1.774,-0.804
prompton,350,0.058032197,0.847136355,-1.019019944,1.526230538,0.418143302,0.040199538,0.865999036,1.117529359,1.399735391,0.481580243,0.350783778,0.640862468,0.17780262,-0.075583257,-1.508035616,,,27956.02,83.49189416,231.6065144,1.774,-0.804
prompton,351,0.058221989,0.711227039,-1.06398544,1.526339016,0.706448296,0.04150401,0.856298599,1.121508967,1.42575751,-0.305039185,0.334399513,0.653530987,0.017167766,0.231777738,-1.488837796,,,27956.02,83.49189416,231.6065144,1.774,-0.804
prompton,352,0.059149784,0.580155197,1.528833292,1.525899848,0.64625803,0.041493957,0.843068119,-0.202368013,1.287527095,-1.065446848,0.250192824,0.955660706,0.843055785,0.232944287,-1.495738863,,,27956.02,83.49189416,231.6065144,1.774,-0.804
prompton,353,0.062825532,0.722989773,0.531461974,1.526217166,0.629142596,0.014121465,0.780561766,1.131915817,1.304911732,-0.280168649,0.337237272,0.714327298,0.169046267,-1.140300122,-1.556665181,,,27956.02,83.49189416,231.6065144,1.774,-0.804
prompton,354,0.056760326,0.755819458,-1.04386143,1.526239168,1.509683131,0.014066718,0.90796955,1.125373656,1.307593995,0.370125458,0.336159002,0.683913495,0.30580026,-1.044232737,-1.530631665,,,27956.02,83.49189416,231.6065144,1.774,-0.804
prompton,355,0.057976508,0.703071445,-1.043837202,1.526239168,1.510237052,0.012978595,0.785303215,1.125014428,1.31112743,-1.10049906,0.338663067,0.666828544,0.306413048,-1.023180474,-1.497339752,,,27956.02,83.49189416,231.6065144,1.774,-0.804
prompton,356,0.059489119,0.755150463,-0.677790773,1.526166022,0.438043736,0.038310907,0.741025701,1.107613084,1.395886184,-1.094689618,0.371230334,0.664103449,0.011929662,0.232205913,-1.469944981,,,27956.02,83.49189416,231.6065144,1.774,-0.804
prompton,357,0.062747682,0.732248525,0.537390261,1.52563369,0.853161974,0.012936249,0.857256634,1.114477445,1.305654019,-0.294804187,0.336946517,0.67405031,0.293425101,-1.106789787,-1.510440249,,,27956.02,83.49189416,231.6065144,1.774,-0.804
prompton,358,0.058474005,0.748883773,-1.014800795,1.526032836,1.511382625,0.046588596,0.926474658,1.068190081,1.463404425,1.392501072,0.437856591,0.641852757,0.017929107,0.229776401,-1.494687921,,,27956.02,83.49189416,231.6065144,1.774,-0.804
prompton,359,0.058004981,0.979292625,-1.068960434,1.526028328,0.373714482,0.045902802,0.918663764,1.077358606,1.45748067,0.286404404,0.455045703,0.679811309,0.017411989,0.229395429,-1.492885883,,,27956.02,83.49189416,231.6065144,1.774,-0.804
prompton,360,0.058004145,0.698835953,-1.045520896,1.526050287,0.733386312,0.037396828,0.730812803,1.099981054,1.412116963,-1.066360969,0.35757011,0.671325331,0.012737985,0.25319735,-1.514062883,,,27956.02,83.49189416,231.6065144,1.774,-0.804
prompton,361,0.058461763,0.978254947,-1.027862669,1.526118455,0.375211203,0.039646319,0.978474057,1.141955304,1.43514072,-0.395092559,0.384431396,0.673784717,0.021992898,0.231946164,-1.50212653,,,27956.02,83.49189416,231.6065144,1.774,-0.804
prompton,362,0.059164569,0.696885031,1.528833292,1.524986664,-0.102647237,0.045050564,0.894497434,-0.103117742,1.301124346,-0.319827188,0.244911085,0.682872941,0.850756372,0.236707605,-1.448403037,,,27956.02,83.49189416,231.6065144,1.774,-0.804
prompton,363,0.057913214,0.573357322,-1.045910642,1.525950219,0.705222467,0.048105248,0.775877257,1.142246872,1.460609303,-0.854894059,0.381659811,0.683809705,0.012055433,0.174529277,-1.496279308,,,27956.02,83.49189416,231.6065144,1.774,-0.804
prompton,364,0.05803466,0.598473845,-1.03136333,1.524996734,0.459000337,0.014814386,0.898600011,0.906427738,1.386967437,-0.325641857,0.33744331,0.664629357,-0.107169203,0.288658728,-1.493063244,,,27956.02,83.49189416,231.6065144,1.774,-0.804
prompton,365,0.05916785,0.578811298,1.528833292,1.525877408,0.656663429,0.044798499,0.874583436,-0.211821624,1.290263856,0.786496702,0.244971984,0.68278733,0.841270652,0.174127592,-1.453886562,,,27956.02,83.49189416,231.6065144,1.774,-0.804
prompton,366,0.058248405,0.688583912,-0.757050215,1.525036552,0.605145802,0.013836175,0.7403033,1.095913322,1.301880682,-0.407459847,0.357434248,0.646595686,-0.012624956,0.250437325,-1.406249551,,,27956.02,83.49189416,231.6065144,1.774,-0.804
prompton,367,0.062323248,0.961793229,0.485257144,1.526300317,1.508511941,0.012972187,0.90865792,1.125567929,1.311983861,-0.216688517,0.338813774,0.679907262,0.295473326,-0.94953604,-1.529758663,,,27956.02,83.49189416,231.6065144,1.774,-0.804
prompton,368,0.057948957,0.558128144,-1.062762796,1.526006063,0.420830023,0.041469716,0.858345344,1.26052411,1.414073132,0.462251764,0.438874351,0.679607686,0.012075852,0.213158065,-1.502316371,,,27956.02,83.49189416,231.6065144,1.774,-0.804
prompton,369,0.035720702,0.698950321,0.460914734,1.519731646,-0.876537876,0.338010342,0.760692306,1.274090972,1.286716293,1.532864103,0.252659574,0.645693057,0.182966893,-1.242741151,-1.10076624,,,27956.02,83.49189416,231.6065144,1.774,-0.804
prompton,370,0.062308585,0.807082421,0.481265669,1.521898629,0.180227608,0.063675138,0.656789036,1.290368334,1.405268074,-0.399201059,0.332443034,0.749748017,0.112398782,-1.140002863,0.374379207,,,27956.02,83.49189416,231.6065144,1.774,-0.804
prompton,371,0.055359778,0.528764552,0.477205166,1.511807947,0.109998064,0.081813154,0.744965744,1.29416721,1.349896873,-0.343614744,0.062366942,0.955776469,0.244747917,-1.191026501,-1.350486895,,,27956.02,83.49189416,231.6065144,1.774,-0.804
prompton,372,0.05869693,0.53088054,-0.704411856,1.519459583,-0.600835259,0.075906358,0.604784426,1.308125416,1.284137536,-0.076862411,0.34970037,0.997027431,0.220738264,-1.405152186,0.745691656,,,27956.02,83.49189416,231.6065144,1.774,-0.804
prompton,373,0.058188664,0.51452412,-0.284662013,1.51980458,0.806474157,0.28528462,0.514940192,1.3000004,1.283526285,0.727654861,0.327442154,0.694438899,0.214414569,-1.377500698,0.871365371,,,27956.02,83.49189416,231.6065144,1.774,-0.804
prompton,374,0.058628463,0.700396077,-0.739653643,1.519690697,-0.902696584,0.330704011,0.587588572,1.297052961,1.288111527,-0.318773871,0.349283983,0.936376261,0.217557532,-1.445301437,0.666971004,,,27956.02,83.49189416,231.6065144,1.774,-0.804
prompton,375,0.062044782,0.526303465,0.476036884,1.519428319,-0.093900746,0.304708186,0.701324943,1.294223208,1.371266004,-0.206473486,0.253919686,0.945091166,0.251989542,-1.233809485,0.402426435,,,27956.02,83.49189416,231.6065144,1.774,-0.804
prompton,376,0.048032974,0.515450828,-1.381360321,1.518425523,-0.274495912,0.018323366,0.590428755,1.300126266,1.300152924,-0.973428149,0.299423075,0.963997298,0.27328928,-0.591788182,-0.911507836,,,27956.02,83.49189416,231.6065144,1.774,-0.804
prompton,377,0.053315458,0.966328264,-1.231701953,1.517993353,-0.400403,0.008056968,0.730463585,1.44926389,1.308334403,-0.927690109,0.246570689,0.977391736,0.479266107,-1.418210119,-0.040096639,,,27956.02,83.49189416,231.6065144,1.774,-0.804
prompton,378,0.053146117,0.57851018,-1.231701953,1.518230578,0.195561217,0.008056968,0.69243137,1.44926389,1.308334403,-1.031654126,0.245636812,0.959731851,0.479921202,-1.419979837,-0.040096639,,,27956.02,83.49189416,231.6065144,1.774,-0.804
prompton,379,0.053417267,0.572927358,-1.232073433,1.518127657,-1.192305528,0.00804988,0.737831047,1.447049395,1.30690639,-1.042307705,0.257924219,0.758906034,0.476989516,-1.411987947,0.037823519,,,27956.02,83.49189416,231.6065144,1.774,-0.804
prompton,380,0.052490757,0.572927358,-1.232073433,1.518001693,-1.192305528,0.008050189,0.737831047,1.450230247,1.306847335,-1.042307705,0.257910193,0.758906034,0.476989516,-1.411987947,0.037823519,,,27956.02,83.49189416,231.6065144,1.774,-0.804
prompton,381,0.053425247,0.573605546,-1.232062809,1.518003944,-1.206977806,0.008049878,0.72874738,1.450641717,1.30685094,-0.506273794,0.257924219,0.757604335,0.476989516,-1.411987947,0.068192364,,,27956.02,83.49189416,231.6065144,1.774,-0.804
prompton,382,0.053636201,0.542019379,-1.243411862,1.510961354,-1.160798327,0.008954002,0.607869316,1.448384613,1.317561441,-1.03192752,0.07588954,0.938932537,-1.565705686,-0.726228519,-1.018685828,,,27956.02,83.49189416,231.6065144,1.774,-0.804
prompton,383,0.053425247,0.573605546,-1.233165927,1.518003944,-1.206977806,0.008049878,0.72874738,1.449733809,1.30685094,-0.506273794,0.257924219,0.757604335,0.476989516,-1.424085267,0.068192364,,,27956.02,83.49189416,231.6065144,1.774,-0.804
beltzvilleCombined,0,0.485376624,0.62712097,-0.771423705,0.103630283,1.568835132,0.279537434,0.668140549,1.303318229,-0.604670178,-0.682756735,0.31282927,0.939134577,-0.607534285,-1.123639562,0.978864575,48317.0588,116.5417199,48317.0588,116.5417199,969.5,1.878,-0.807
beltzvilleCombined,1,0.459048759,0.803409509,-1.512798806,1.550971442,-0.840686278,0.12657773,0.59993586,1.349988507,1.321195975,1.544557961,0.455595216,0.535531832,-1.520551768,-1.551826793,0.14430829,48317.0588,116.5417199,48317.0588,116.5417199,969.5,1.878,-0.807
beltzvilleCombined,2,0.246374369,0.790773522,-0.410829823,-0.909604297,1.559401127,0.050001143,0.832341022,0.785773196,1.526434351,-1.332369969,0.412679277,0.675763668,0.899858345,-1.385630496,0.20245801,48317.0588,116.5417199,48317.0588,116.5417199,969.5,1.878,-0.807
beltzvilleCombined,3,0.330820385,0.502531588,-1.523701617,1.546696956,-0.375071591,0.032351123,0.602491757,0.383905557,1.483246959,-0.188229827,0.410557406,0.631457649,0.758610699,-1.362074313,-0.364041557,48317.0588,116.5417199,48317.0588,116.5417199,969.5,1.878,-0.807
beltzvilleCombined,4,0.458970758,0.807847464,-1.486527762,1.542978293,1.407848232,0.43901143,0.995414353,1.36624731,-1.52043717,1.416437754,0.056650562,0.789459522,0.898807624,-1.392829941,0.961678313,48317.0588,116.5417199,48317.0588,116.5417199,969.5,1.878,-0.807
beltzvilleCombined,5,0.447204294,0.58791367,-1.194188301,-0.800037034,1.567945691,0.262432071,0.944961715,0.832721048,1.562350267,-1.547144134,0.387916102,0.529216138,0.351768617,-1.427469391,-0.729638775,48317.0588,116.5417199,48317.0588,116.5417199,969.5,1.878,-0.807
beltzvilleCombined,6,0.350119543,0.763665501,-0.456065922,-0.973664775,1.527457694,0.031996932,0.542045806,-1.443275768,1.540647846,-0.59648217,0.427818523,0.768823781,0.38483735,-1.19587137,0.151098771,48317.0588,116.5417199,48317.0588,116.5417199,969.5,1.878,-0.807
beltzvilleCombined,7,0.34932799,0.76362085,-0.456065922,-0.973664775,1.527457694,0.031935357,0.626326603,-1.443275768,1.540647846,1.539067445,0.427818523,0.769985564,0.38483735,-1.19587137,0.151098771,48317.0588,116.5417199,48317.0588,116.5417199,969.5,1.878,-0.807
beltzvilleCombined,Best Storage NSE,0.326460884,0.845494335,-0.451276842,1.148254972,-1.312161236,0.030118517,0.510733199,0.845008086,1.508128789,1.544118497,0.26952768,0.5,0.937692971,0.371555072,-1.011375681,48317.0588,116.5417199,48317.0588,116.5417199,969.5,1.878,-0.807
beltzvilleCombined,9,0.270670797,0.766071791,-0.471025134,-0.949860342,1.543985309,0.054474615,0.519187411,0.701702941,1.569449802,-0.734384667,0.440781662,0.863785135,0.398363989,-1.189777709,-0.803764027,48317.0588,116.5417199,48317.0588,116.5417199,969.5,1.878,-0.807
beltzvilleCombined,10,0.490126396,0.758095091,-0.32737904,-1.00118863,1.548363391,0.011678855,0.53657879,-0.094312308,1.468225792,1.411948383,0.041458366,0.812038002,0.914533657,-1.445538299,-0.045036142,48317.0588,116.5417199,48317.0588,116.5417199,969.5,1.878,-0.807
beltzvilleCombined,11,0.390739118,0.62362283,-0.046418895,1.538993351,1.504839936,0.02504778,0.753987476,-0.370898992,1.470972665,-0.492614283,0.469597083,0.817741084,0.734565548,-1.431615542,-1.460478927,48317.0588,116.5417199,48317.0588,116.5417199,969.5,1.878,-0.807
beltzvilleCombined,12,0.493757083,0.758095091,-0.389188471,0.729269292,1.521652265,0.012941366,0.542568874,-0.281505196,1.472829858,1.476442991,0.041458366,0.764031887,0.894709438,-1.446103684,0.565633197,48317.0588,116.5417199,48317.0588,116.5417199,969.5,1.878,-0.807
beltzvilleCombined,13,0.390739118,0.623527638,-0.025737616,1.538993351,1.504839936,0.02504778,0.753987476,-0.397324986,1.466658098,-0.492614283,0.469597083,0.999894011,0.721666224,-1.431618437,-1.460478927,48317.0588,116.5417199,48317.0588,116.5417199,969.5,1.878,-0.807
beltzvilleCombined,14,0.215268603,0.919375399,-0.090814166,-1.290090361,-1.453537121,0.061804693,0.846827063,-1.317083199,1.554813963,1.48066101,0.432715951,0.844305247,1.021250592,-1.483299992,-1.012062442,48317.0588,116.5417199,48317.0588,116.5417199,969.5,1.878,-0.807
beltzvilleCombined,15,0.491831963,0.640238841,-0.325479674,1.022420838,1.564668638,0.015452953,0.543114828,-0.375374476,1.471080994,-0.686158212,0.457043922,0.698405168,-0.848234152,-1.25481708,-0.696320811,48317.0588,116.5417199,48317.0588,116.5417199,969.5,1.878,-0.807
beltzvilleCombined,16,0.390760263,0.623527638,-0.025737616,1.538993351,1.504839936,0.025048363,0.753987476,-0.370274973,1.466658098,-0.493604567,0.469597083,0.817414658,0.734486247,-1.431618437,-1.460478927,48317.0588,116.5417199,48317.0588,116.5417199,969.5,1.878,-0.807
beltzvilleCombined,17,0.483052169,0.640238841,-0.32546245,1.022420838,1.564668638,0.015452953,0.543128312,-0.375374476,1.469326147,-0.621960281,0.457043922,0.698405168,-0.578455895,-0.595033769,0.023510351,48317.0588,116.5417199,48317.0588,116.5417199,969.5,1.878,-0.807
beltzvilleCombined,18,0.348737887,0.763665501,-0.456065922,-0.973664775,1.527457694,0.031996932,0.540958466,-1.443275768,1.540663038,-0.44314264,0.425928121,0.768823781,0.38483735,-1.19587137,0.13748803,48317.0588,116.5417199,48317.0588,116.5417199,969.5,1.878,-0.807
beltzvilleCombined,19,0.170272786,0.766071791,-0.471025134,-0.949860342,1.543985309,0.054474615,0.519187411,0.694726654,1.569449802,-0.734384667,0.440781662,0.863785135,0.398363989,-1.189777709,1.248658627,48317.0588,116.5417199,48317.0588,116.5417199,969.5,1.878,-0.807
beltzvilleCombined,20,0.390739118,0.62362283,-0.046418895,-0.924958459,1.504839936,0.02511012,0.753987476,-0.371196409,1.470969969,-0.492614283,0.469597083,0.817741084,0.710760824,-1.431615542,-1.460478927,48317.0588,116.5417199,48317.0588,116.5417199,969.5,1.878,-0.807
beltzvilleCombined,21,0.215268603,0.919375399,-0.088904562,-1.30331409,1.558455302,0.062831939,0.842975343,-1.317083199,1.554813963,1.487662924,0.432715951,0.8173433,1.025596463,-1.483299992,-0.976148993,48317.0588,116.5417199,48317.0588,116.5417199,969.5,1.878,-0.807
beltzvilleCombined,22,0.162893383,0.761466843,-0.449308996,-1.044720241,1.471512972,0.056495869,0.545498847,0.785298688,1.536422818,1.411724559,0.426026569,0.566852653,0.945199891,-1.435155264,-0.803649782,48317.0588,116.5417199,48317.0588,116.5417199,969.5,1.878,-0.807
beltzvilleCombined,23,0.353932973,0.793764242,-0.454589569,-1.089216832,1.441303557,0.055226988,0.516305059,-0.520236448,1.540654328,1.295426383,0.429202692,0.751884907,0.968599633,-1.440697124,-0.050723324,48317.0588,116.5417199,48317.0588,116.5417199,969.5,1.878,-0.807
beltzvilleCombined,24,0.390739118,0.565244288,-0.028705561,1.538993351,1.504841885,0.025067,0.753987476,-0.370898992,1.470972665,-0.492614283,0.464784853,0.817741084,0.734565548,-1.431615542,-1.519355737,48317.0588,116.5417199,48317.0588,116.5417199,969.5,1.878,-0.807
beltzvilleCombined,25,0.489462203,0.639173996,-0.305480596,1.022420838,1.56249154,0.015068765,0.795950019,0.979179341,1.470961939,-0.683997289,0.424837444,0.815026054,-0.795234,-1.431607164,-0.738082445,48317.0588,116.5417199,48317.0588,116.5417199,969.5,1.878,-0.807
beltzvilleCombined,26,0.483456375,0.640238841,-0.32546245,1.022420838,1.564668638,0.01460296,0.734749884,-0.375374476,1.469326147,-0.621960281,0.070213405,0.697827449,-0.578455895,-0.597542598,0.023510351,48317.0588,116.5417199,48317.0588,116.5417199,969.5,1.878,-0.807
beltzvilleCombined,27,0.465707599,0.785668449,-0.922340929,0.04912746,-1.366893928,0.048779391,0.545052469,0.785463272,1.559674,-1.518264873,0.449858749,0.832876827,0.314683802,-1.528277686,-1.519065158,48317.0588,116.5417199,48317.0588,116.5417199,969.5,1.878,-0.807
beltzvilleCombined,28,0.383273417,0.625835393,-0.016788798,-0.812340839,1.421542852,0.014078678,0.789714764,-1.203206481,1.485599879,1.562114178,0.135923936,0.803101017,-0.289913747,-1.53024854,-0.804846712,48317.0588,116.5417199,48317.0588,116.5417199,969.5,1.878,-0.807
beltzvilleCombined,29,0.391790426,0.62362283,-0.501158059,1.538993351,1.467091816,0.025426708,0.518360658,-0.372691666,1.470490331,1.562426956,0.464787338,0.81867734,0.730853567,-1.445884366,-1.519355737,48317.0588,116.5417199,48317.0588,116.5417199,969.5,1.878,-0.807
beltzvilleCombined,30,0.164685121,0.781854398,-0.153168169,-1.036037328,1.346755662,0.056816348,0.513110418,-0.443869877,1.537576242,0.487858396,0.462389091,0.538995357,0.977687293,-1.523939373,-0.878119462,48317.0588,116.5417199,48317.0588,116.5417199,969.5,1.878,-0.807
beltzvilleCombined,31,0.34932799,0.76362085,-0.456065922,-1.079832816,1.527457694,0.031935357,0.626326603,-1.443275768,1.540647846,1.539067445,0.427818523,0.769985564,0.38483735,-1.19587137,0.151098771,48317.0588,116.5417199,48317.0588,116.5417199,969.5,1.878,-0.807
beltzvilleCombined,32,0.385420924,0.626372215,-0.490120233,-0.944783989,1.5678471,0.132499233,0.543463558,-0.342903216,1.430867095,0.079002944,0.082843664,0.783384581,-0.802239566,-1.100693915,-1.477999853,48317.0588,116.5417199,48317.0588,116.5417199,969.5,1.878,-0.807
beltzvilleCombined,33,0.383273417,0.625835393,-0.016788798,-0.745608782,1.421542852,0.014078678,0.789714764,-1.203206481,1.485599879,1.561902736,0.142294312,0.803101017,-0.289913747,-1.524036972,-0.807225739,48317.0588,116.5417199,48317.0588,116.5417199,969.5,1.878,-0.807
beltzvilleCombined,34,0.350119543,0.763665501,-0.456065922,-0.973664775,-0.144359264,0.031996932,0.542045806,-1.443275768,1.540647846,-0.59648217,0.427818523,0.768823781,0.38483735,-1.19587137,0.151098771,48317.0588,116.5417199,48317.0588,116.5417199,969.5,1.878,-0.807
beltzvilleCombined,35,0.390739118,0.62362283,-0.046418895,1.538993351,-0.2935333,0.025426708,0.753987476,0.344868069,1.470972665,-0.492614283,0.464787338,0.817741084,0.734565548,-1.431615542,-1.519355737,48317.0588,116.5417199,48317.0588,116.5417199,969.5,1.878,-0.807
beltzvilleCombined,36,0.489462203,0.639173996,-0.30865295,1.022420838,1.563228093,0.015460602,0.795950019,0.979179341,1.471094944,-0.683997289,0.408791036,0.767287889,-0.848031702,-1.444250869,-0.688606903,48317.0588,116.5417199,48317.0588,116.5417199,969.5,1.878,-0.807
beltzvilleCombined,37,0.34932799,0.76362085,-0.45604416,-0.973664775,0.875605366,0.031935357,0.626326603,-1.443275768,1.540647846,1.413431062,0.425806944,0.774059462,0.355113191,-1.145172981,0.078306246,48317.0588,116.5417199,48317.0588,116.5417199,969.5,1.878,-0.807
beltzvilleCombined,38,0.390739118,0.62362283,-0.046423261,1.538993351,1.503014256,0.025411037,0.754007008,-0.371179736,1.471217662,-0.492614283,0.474580087,0.800337388,0.734566649,-1.441821332,-1.519410944,48317.0588,116.5417199,48317.0588,116.5417199,969.5,1.878,-0.807
beltzvilleCombined,39,0.307629148,0.621156552,-0.29543894,1.537379436,1.564269392,0.013631053,0.753205533,-0.394085509,1.438726213,-0.651637721,0.38656543,0.822702347,0.851224005,-1.287678179,-0.985282543,48317.0588,116.5417199,48317.0588,116.5417199,969.5,1.878,-0.807
beltzvilleCombined,40,0.299163638,0.646068693,-1.246283159,-0.231612366,1.567954453,0.38152069,0.606304052,1.263044602,0.271975819,-0.045253197,0.171879907,0.896247033,0.489028893,-1.47406123,-0.869443044,48317.0588,116.5417199,48317.0588,116.5417199,969.5,1.878,-0.807
beltzvilleCombined,41,0.379250727,0.610941345,-1.112479113,-1.159418274,1.570796327,0.47562241,0.710482368,1.231882273,-1.495638858,0.315280356,0.425748759,0.774490387,-1.02319345,-1.382915836,-1.262873848,48317.0588,116.5417199,48317.0588,116.5417199,969.5,1.878,-0.807
beltzvilleCombined,42,0.299224975,0.567167302,-1.351470684,-0.220997154,1.568438575,0.375230108,0.606304052,1.121197016,-1.444719079,1.451750435,0.48911142,0.89679269,-1.366745322,-0.869056107,-0.105507587,48317.0588,116.5417199,48317.0588,116.5417199,969.5,1.878,-0.807
beltzvilleCombined,43,0.154598708,0.739715804,-1.059512077,0.551408479,-1.531574705,0.051293641,0.860144673,0.213358288,1.523513014,1.517955568,0.426142135,0.845329936,0.955225924,-1.434748849,1.473352103,48317.0588,116.5417199,48317.0588,116.5417199,969.5,1.878,-0.807
beltzvilleCombined,44,0.318350984,0.602718146,-0.406408147,-0.205161145,1.568546628,0.176913288,0.511181548,1.072661525,1.509489779,1.555348859,0.055378458,0.571572452,-0.548569327,-0.403772889,0.144174264,48317.0588,116.5417199,48317.0588,116.5417199,969.5,1.878,-0.807
beltzvilleCombined,45,0.429517403,0.616523705,-0.59029273,0.533369777,1.567303672,0.482041334,0.953947919,1.259479864,0.950034724,-0.221159051,0.498774877,0.679428197,-1.332878749,-0.550640741,-0.698944604,48317.0588,116.5417199,48317.0588,116.5417199,969.5,1.878,-0.807
beltzvilleCombined,46,0.299224975,0.646068693,-1.319413855,-0.892252067,1.568438575,0.364928786,0.570852652,1.119119303,-1.112919351,1.451750435,0.465130984,0.89679269,-1.366745322,-0.587399469,0.11460167,48317.0588,116.5417199,48317.0588,116.5417199,969.5,1.878,-0.807
beltzvilleCombined,47,0.318350984,0.650070676,-1.349786849,-0.205161145,1.568546628,0.176913288,0.511181548,1.072661525,1.509489779,1.543656648,0.055378458,0.571572452,-0.548569327,-0.409421333,0.113423502,48317.0588,116.5417199,48317.0588,116.5417199,969.5,1.878,-0.807
beltzvilleCombined,48,0.44893709,0.622200532,-1.347701972,-1.146968735,1.566575677,0.223845633,0.821801056,1.321565598,-0.323880978,-1.463689599,0.374237082,0.733129221,-1.534288255,-0.718092103,-0.883181569,48317.0588,116.5417199,48317.0588,116.5417199,969.5,1.878,-0.807
beltzvilleCombined,49,0.00861752,0.596691411,-0.677869564,-0.892252067,1.567303672,0.259312344,0.702199597,1.265063167,-1.466591447,-1.463689599,0.396935335,0.678449671,-0.32726686,-0.616676023,-0.716157097,48317.0588,116.5417199,48317.0588,116.5417199,969.5,1.878,-0.807
beltzvilleCombined,50,0.019157059,0.596565189,-0.676749499,-0.868605582,1.567557578,0.208701764,0.778042744,1.120954912,1.567586554,-0.758353673,0.394575429,0.518681051,-0.548930975,-1.473023279,0.131289604,48317.0588,116.5417199,48317.0588,116.5417199,969.5,1.878,-0.807
beltzvilleCombined,51,0.399786663,0.59787822,-1.319892671,-0.789492266,1.56612146,0.372841311,0.773250312,1.238732726,-0.272055031,-1.20724468,0.49807082,0.59259821,-0.538643532,-1.542964016,0.099029956,48317.0588,116.5417199,48317.0588,116.5417199,969.5,1.878,-0.807
beltzvilleCombined,52,0.298233836,0.620545786,-1.228884591,-0.578322627,1.567229059,0.275543188,0.544223694,1.238633177,-0.397368281,0.041708378,0.483404198,0.99196848,-0.613159816,-0.837542378,-1.317262519,48317.0588,116.5417199,48317.0588,116.5417199,969.5,1.878,-0.807
beltzvilleCombined,53,0.473346746,0.625033618,0.377874269,-0.945584081,1.5665541,0.275310865,0.908113678,1.348852696,-1.361442113,1.539227198,0.24385106,0.503942507,-1.038416781,0.832045472,-1.22739458,48317.0588,116.5417199,48317.0588,116.5417199,969.5,1.878,-0.807
beltzvilleCombined,54,0.37512527,0.625033618,0.377874269,-0.945584081,1.565872468,0.278768066,0.908113678,1.348852696,-1.362303688,1.539227198,0.24385106,0.519588451,-1.038217557,-0.673629008,-1.264070121,48317.0588,116.5417199,48317.0588,116.5417199,969.5,1.878,-0.807
beltzvilleCombined,55,0.323098545,0.622271541,-0.696633793,-0.173718042,1.566782339,0.275321527,0.720104539,1.239144819,-0.303560722,-1.120458535,0.411870545,0.740986654,0.240487181,-1.534150994,-0.98197638,48317.0588,116.5417199,48317.0588,116.5417199,969.5,1.878,-0.807
beltzvilleCombined,56,0.448177415,0.622420701,0.513780598,-0.952736449,1.558219169,0.085293861,0.658772944,0.12271324,1.444078792,-1.419383301,0.323651981,0.743859678,0.273111681,-1.007096382,1.298550883,48317.0588,116.5417199,48317.0588,116.5417199,969.5,1.878,-0.807
beltzvilleCombined,57,0.497423981,0.622025293,-0.301988101,1.563636485,-0.395461971,0.066178389,0.863029503,-0.373396068,1.518744776,-0.722371169,0.473762325,0.684502788,1.049934106,-1.435114907,-0.6976961,48317.0588,116.5417199,48317.0588,116.5417199,969.5,1.878,-0.807
beltzvilleCombined,58,0.469002418,0.604718147,-0.359433954,0.21417904,1.55596113,0.129325214,0.548875764,-0.433040565,1.504892714,1.544166321,0.444714409,0.546224055,-0.728701125,-0.998424278,1.06247769,48317.0588,116.5417199,48317.0588,116.5417199,969.5,1.878,-0.807
beltzvilleCombined,59,0.469002418,0.604718147,-0.704936405,0.214914545,1.55596113,0.129325214,0.548875764,-0.404193051,1.504892714,1.544166321,0.444714409,0.546224055,-0.728701125,-1.010153337,1.06247769,48317.0588,116.5417199,48317.0588,116.5417199,969.5,1.878,-0.807
beltzvilleCombined,60,0.457183799,0.619866628,-0.197864228,0.639197221,1.567843779,0.256984655,0.500869495,1.029181131,1.180607004,-0.491408584,0.125693935,0.837099242,-1.413357063,-1.007206266,0.535847771,48317.0588,116.5417199,48317.0588,116.5417199,969.5,1.878,-0.807
beltzvilleCombined,61,0.337460021,0.797278374,-0.31554896,0.450170274,1.551754356,0.021120706,0.981532117,-0.506717879,1.499793578,-0.339333602,0.399503032,0.961540689,-0.675108246,-0.708713318,1.339486549,48317.0588,116.5417199,48317.0588,116.5417199,969.5,1.878,-0.807
beltzvilleCombined,62,0.424539238,0.63299755,-0.646875305,0.858721943,1.567763417,0.268501892,0.502863706,1.025162494,1.467793176,0.491807824,0.411454476,0.962449863,-0.599612293,-1.004008649,1.03934928,48317.0588,116.5417199,48317.0588,116.5417199,969.5,1.878,-0.807
beltzvilleCombined,63,0.498393369,0.590271739,-0.373554934,0.70714194,1.026233582,0.057134268,0.641218019,0.660954921,1.570787735,-0.532995948,0.45589865,0.584494899,-1.297085856,-1.310956126,-0.010791255,48317.0588,116.5417199,48317.0588,116.5417199,969.5,1.878,-0.807
beltzvilleCombined,64,0.176661532,0.714537519,-0.371107803,0.278449411,1.552289847,0.02253471,0.859466531,-1.18685068,1.499737767,0.054968124,0.467978364,0.999386636,-0.911798122,-1.004308541,-0.146792495,48317.0588,116.5417199,48317.0588,116.5417199,969.5,1.878,-0.807
beltzvilleCombined,65,0.492679177,0.612018172,-0.205871844,0.519451056,1.550354536,0.055806091,0.662579222,-0.0265247,1.328500421,-0.544366834,0.42614789,0.567512613,-0.574446005,-0.998393255,1.070314144,48317.0588,116.5417199,48317.0588,116.5417199,969.5,1.878,-0.807
beltzvilleCombined,66,0.309846781,0.768414987,-0.445649006,0.549246371,1.409202824,0.02233549,0.522486371,0.665754745,1.491963835,-0.359049937,0.394354361,0.692468383,-0.498136307,-0.648236986,0.07348505,48317.0588,116.5417199,48317.0588,116.5417199,969.5,1.878,-0.807
beltzvilleCombined,67,0.334818053,0.614866499,-0.469231399,0.639197221,1.56804833,0.262827544,0.776061373,0.815370185,1.513446731,-0.146347051,0.164225795,0.835738547,-1.414526079,-1.025640545,0.171641971,48317.0588,116.5417199,48317.0588,116.5417199,969.5,1.878,-0.807
beltzvilleCombined,68,0.494693692,0.699625292,-0.190469209,0.856878993,1.552051759,0.022532365,0.859326301,-1.18685068,1.500422749,0.053341558,0.467978364,0.981162816,-0.909952617,-1.106068196,-0.147684537,48317.0588,116.5417199,48317.0588,116.5417199,969.5,1.878,-0.807
beltzvilleCombined,69,0.499135426,0.633424054,-0.666099778,-1.007888332,1.570796327,0.061136772,0.954487588,1.391533188,1.377375666,-1.380407038,0.355250376,0.5,-0.062917163,-0.149159218,0.255355536,48317.0588,116.5417199,48317.0588,116.5417199,969.5,1.878,-0.807
beltzvilleCombined,70,0.246374369,0.790773522,-0.410829823,-0.909604297,1.559401127,0.050001143,0.521934516,0.785773196,1.526434351,-1.332369969,0.412679277,0.675763668,0.899699207,-1.385630496,0.20245801,48317.0588,116.5417199,48317.0588,116.5417199,969.5,1.878,-0.807
beltzvilleCombined,71,0.49171095,0.587218318,-0.401288415,0.337170402,1.516866458,0.203509802,0.505916844,1.401288336,-0.146396011,-1.247241694,0.432078904,0.750963928,0.32361205,-1.35788336,-0.714280937,48317.0588,116.5417199,48317.0588,116.5417199,969.5,1.878,-0.807
beltzvilleCombined,72,0.381724447,0.623923309,-0.667698881,0.340704172,1.538895937,0.231405893,0.872797725,1.398917853,1.419808702,-0.031561182,0.430035362,0.687782736,0.325615706,-1.466448493,-1.453519667,48317.0588,116.5417199,48317.0588,116.5417199,969.5,1.878,-0.807
beltzvilleCombined,73,0.458785547,0.80256014,-1.512798806,1.550866158,1.406278822,0.452017924,0.959182099,1.383967698,-1.566205568,-0.756612101,0.238400112,0.928220873,-1.145066697,-1.45521809,0.897376789,48317.0588,116.5417199,48317.0588,116.5417199,969.5,1.878,-0.807
beltzvilleCombined,74,0.45184072,0.587205335,-0.714517561,1.50334975,-0.193131528,0.027376758,0.657475549,1.075604413,1.451599145,-0.420695934,0.431844248,0.584532167,0.74487831,-1.359521074,-0.744072643,48317.0588,116.5417199,48317.0588,116.5417199,969.5,1.878,-0.807
beltzvilleCombined,75,0.490904184,0.565257995,-0.758160229,-1.493923716,1.533768787,0.21612003,0.826339322,1.410059604,0.666987362,-0.545730541,0.469027752,0.556670767,0.270758372,-1.111706412,-1.371763134,48317.0588,116.5417199,48317.0588,116.5417199,969.5,1.878,-0.807
beltzvilleCombined,76,0.491751335,0.584296956,-1.117154925,0.157231357,1.533180077,0.297739428,0.547493344,1.379930522,-0.146396011,-1.310478509,0.457303746,0.962282144,0.318147071,-1.399209355,-0.714280937,48317.0588,116.5417199,48317.0588,116.5417199,969.5,1.878,-0.807
beltzvilleCombined,77,0.134750544,0.784303456,-0.379454177,-0.96913052,-0.784492554,0.044732835,0.689802893,0.558180426,1.506253566,0.433067208,0.41145849,0.773888787,0.927165704,-1.368075226,-0.77360391,48317.0588,116.5417199,48317.0588,116.5417199,969.5,1.878,-0.807
beltzvilleCombined,78,0.459048759,0.835879993,-1.512798806,1.550866158,1.382591046,0.124360006,0.59993586,1.25814995,1.410072912,-0.755797162,0.429876835,0.52838903,-1.156501757,-1.429787068,0.353206542,48317.0588,116.5417199,48317.0588,116.5417199,969.5,1.878,-0.807
beltzvilleCombined,79,0.344898169,0.586870087,-1.164945551,0.364898581,1.534084386,0.203509802,0.845880296,1.404409583,-0.710008476,-1.444699623,0.457132249,0.96000749,0.31678468,-1.489770963,-0.700750887,48317.0588,116.5417199,48317.0588,116.5417199,969.5,1.878,-0.807
beltzvilleCombined,80,0.485374436,0.622910929,-1.212304943,0.103630283,1.568835132,0.279537434,0.661572664,1.067443107,0.800942585,-1.377470116,0.312353824,0.677725185,-0.764076685,-1.116181212,1.005120051,48317.0588,116.5417199,48317.0588,116.5417199,969.5,1.878,-0.807
beltzvilleCombined,81,0.456649711,0.538040686,-0.720181347,-1.528250298,1.537753088,0.046954091,0.575525333,1.389319057,1.359663513,0.636705951,0.352393185,0.539978934,0.119438397,-0.863107571,-0.24035201,48317.0588,116.5417199,48317.0588,116.5417199,969.5,1.878,-0.807
beltzvilleCombined,82,0.483757473,0.530624257,-0.43841628,-1.325674833,1.270664639,0.029997464,0.568684053,-0.476777665,1.491173665,-0.189241949,0.461382915,0.576132548,0.754750121,-1.425524583,-1.508754286,48317.0588,116.5417199,48317.0588,116.5417199,969.5,1.878,-0.807
beltzvilleCombined,83,0.389544646,0.54813446,-1.169488005,1.517465875,1.272616976,0.029508022,0.695378795,-0.296091541,1.492759177,0.035516461,0.462273307,0.592935455,0.754205774,-1.442543227,-1.42861273,48317.0588,116.5417199,48317.0588,116.5417199,969.5,1.878,-0.807
beltzvilleCombined,84,0.343672322,0.595512952,-1.101450497,-1.225001733,1.55496693,0.186774782,0.818128174,1.353708302,1.479482377,-0.576268311,0.052936693,0.54186679,0.767960936,-1.441705106,-0.099611647,48317.0588,116.5417199,48317.0588,116.5417199,969.5,1.878,-0.807
beltzvilleCombined,85,0.379619351,0.639929054,-0.757853965,0.459486628,1.390692541,0.029473348,0.532596722,-0.355439937,1.486039683,-0.56542647,0.456449652,0.769537113,0.861899148,-1.542132455,-1.453731542,48317.0588,116.5417199,48317.0588,116.5417199,969.5,1.878,-0.807
beltzvilleCombined,86,0.458337862,0.774475543,-1.482817497,1.370845364,1.432855641,0.045929152,0.54812724,1.145754632,1.487778043,-0.070457885,0.434091495,0.60766304,0.927213175,-1.388149931,0.194084887,48317.0588,116.5417199,48317.0588,116.5417199,969.5,1.878,-0.807
beltzvilleCombined,87,0.441580662,0.605262475,-0.67417193,-1.093165892,1.496925815,0.044743013,0.874833007,0.569228465,1.501102334,-1.379768013,0.428642441,0.747896869,0.911925526,-1.370337306,-0.753934827,48317.0588,116.5417199,48317.0588,116.5417199,969.5,1.878,-0.807
beltzvilleCombined,88,0.456195819,0.856952623,-0.765103682,0.760553831,-0.254163422,0.034459286,0.853989893,0.896221913,1.491890209,-1.416122408,0.318468238,0.787736795,0.707763693,-0.733916998,-1.342112244,48317.0588,116.5417199,48317.0588,116.5417199,969.5,1.878,-0.807
beltzvilleCombined,89,0.485540232,0.776767064,-1.502037904,1.544044741,1.421187823,0.029556944,0.946162055,0.888751408,1.472469499,1.269524967,0.431396913,0.518834577,0.693614078,-1.44920151,-0.126001827,48317.0588,116.5417199,48317.0588,116.5417199,969.5,1.878,-0.807
beltzvilleCombined,90,0.483198524,0.729597133,-0.757816337,1.513417725,-1.351844883,0.027853142,0.535775106,0.879873959,1.476078673,-0.47348038,0.451810723,0.938944704,0.746138448,-1.550332018,-0.76559722,48317.0588,116.5417199,48317.0588,116.5417199,969.5,1.878,-0.807
beltzvilleCombined,91,0.453723537,0.778317682,-0.727389588,-1.426543895,1.494695779,0.044931545,0.500337126,0.289807911,1.523614671,-1.382101635,0.411965729,0.673959401,0.933538163,-1.458633905,-1.320613409,48317.0588,116.5417199,48317.0588,116.5417199,969.5,1.878,-0.807
beltzvilleCombined,92,0.409288893,0.628281343,-0.427624239,-0.623839109,1.552192068,0.028427668,0.951207355,0.884554505,1.475952722,-1.515106726,0.31946167,0.722472195,0.758898048,-0.730979886,0.044748484,48317.0588,116.5417199,48317.0588,116.5417199,969.5,1.878,-0.807
beltzvilleCombined,93,0.482652583,0.790150095,-0.720661894,0.743643779,1.450138326,0.056116295,0.851057649,0.353982662,1.542211039,-0.215116757,0.434371019,0.525060096,0.942483547,-1.44213198,-0.386129985,48317.0588,116.5417199,48317.0588,116.5417199,969.5,1.878,-0.807
beltzvilleCombined,94,0.339532516,0.784303456,-0.752232743,-1.003085243,-0.905557322,0.044732835,0.844363252,0.564973267,1.508255678,-1.566937701,0.408400713,0.770743454,0.92701217,-1.354483516,-0.722042469,48317.0588,116.5417199,48317.0588,116.5417199,969.5,1.878,-0.807
beltzvilleCombined,95,0.497614298,0.610188377,-0.672075021,0.271722507,1.53408601,0.259796024,0.84622483,1.39988404,1.39403514,-0.680009722,0.447666185,0.586544244,0.340822181,-1.552520051,1.115798092,48317.0588,116.5417199,48317.0588,116.5417199,969.5,1.878,-0.807
beltzvilleCombined,96,0.488722744,0.610188377,-0.676383642,0.340704172,1.529549566,0.241035139,0.875677934,1.401772492,0.818081617,1.019608242,0.424163363,0.591337543,0.324823715,-1.464918733,-1.459625931,48317.0588,116.5417199,48317.0588,116.5417199,969.5,1.878,-0.807
beltzvilleCombined,97,0.453723537,0.763170853,-0.730847731,-1.426543895,1.498786308,0.044931545,0.500374059,0.289807911,1.523404969,-1.382101635,0.411965729,0.575058458,0.933448815,-1.458503392,-1.456649079,48317.0588,116.5417199,48317.0588,116.5417199,969.5,1.878,-0.807
beltzvilleCombined,98,0.392518847,0.571773999,-1.180652638,1.517465875,1.272616976,0.036531394,0.507476722,-0.296091541,1.491904165,0.035516461,0.462757863,0.592935455,0.84480948,-1.442543227,-1.412421465,48317.0588,116.5417199,48317.0588,116.5417199,969.5,1.878,-0.807
beltzvilleCombined,99,0.485376624,0.62712097,-0.799485939,0.103630283,1.568835132,0.041868661,0.87230636,1.303318229,1.474267572,-0.682756735,0.31282927,0.939134577,-0.581097166,-1.123037556,0.978864575,48317.0588,116.5417199,48317.0588,116.5417199,969.5,1.878,-0.807
beltzvilleCombined,100,0.457653875,0.733927433,-0.757515262,-0.615503679,1.546080046,0.028395325,0.861158913,0.865595273,1.475076608,-1.493633891,0.45503539,0.725993336,0.753416049,-1.563626545,-0.091001566,48317.0588,116.5417199,48317.0588,116.5417199,969.5,1.878,-0.807
beltzvilleCombined,101,0.485540232,0.765671963,-1.51340928,1.542786828,1.423094673,0.029556944,0.946162055,0.888751408,1.473296778,0.641387211,0.431396913,0.518834577,0.689757487,-1.448957841,0.152994155,48317.0588,116.5417199,48317.0588,116.5417199,969.5,1.878,-0.807
beltzvilleCombined,102,0.45102861,0.66064188,-0.756446803,0.503278233,1.532751842,0.029475425,0.532596722,-0.335559718,1.485274459,-1.474197651,0.456449652,0.77019616,0.848926242,-1.555933193,-1.330861395,48317.0588,116.5417199,48317.0588,116.5417199,969.5,1.878,-0.807
beltzvilleCombined,103,0.401301203,0.769119457,-0.320716145,1.545597613,-0.317791404,0.032351123,0.897663168,0.41903237,1.492446931,-0.48584348,0.447177879,0.616698895,0.751668607,-1.365738724,-1.332779321,48317.0588,116.5417199,48317.0588,116.5417199,969.5,1.878,-0.807
beltzvilleCombined,104,0.48187942,0.631257648,-1.104947918,0.31657424,1.569271774,0.254402465,0.900871986,0.955824915,1.548805237,-0.083062523,0.459551895,0.5931886,0.329732332,-1.408200709,-0.653090889,48317.0588,116.5417199,48317.0588,116.5417199,969.5,1.878,-0.807
beltzvilleCombined,105,0.37701022,0.623923309,-0.706667353,0.340704172,1.539334394,0.231405893,0.872797725,1.398917853,1.419808702,-0.031561182,0.424344071,0.687782736,0.325615706,-1.466448493,-1.364627338,48317.0588,116.5417199,48317.0588,116.5417199,969.5,1.878,-0.807
beltzvilleCombined,106,0.485374436,0.622910929,-1.212304943,0.364815024,1.568835132,0.279537434,0.661572664,1.19118679,0.800942585,-1.377470116,0.312353824,0.677896572,-0.764076685,-1.116181212,0.962042149,48317.0588,116.5417199,48317.0588,116.5417199,969.5,1.878,-0.807
beltzvilleCombined,107,0.482080982,0.729597133,-0.729125877,1.517135777,-1.491133804,0.027853142,0.52715458,0.879873959,1.476078673,0.013299205,0.451702166,0.938944704,0.746156621,-1.549401641,-0.76559722,48317.0588,116.5417199,48317.0588,116.5417199,969.5,1.878,-0.807
beltzvilleCombined,108,0.134750544,0.784303456,-1.224909563,-0.96913052,-0.784492554,0.044732835,0.602241018,0.558180426,1.506253566,0.423307867,0.410021965,0.773888787,0.927165704,-1.366048329,-0.77360391,48317.0588,116.5417199,48317.0588,116.5417199,969.5,1.878,-0.807
beltzvilleCombined,109,0.16371611,0.583655208,-1.194188301,-1.29272273,1.539661507,0.018735134,0.936403618,0.140107331,1.4619967,-1.560935881,0.433305894,0.529216138,0.360015757,-1.428010237,-0.788310417,48317.0588,116.5417199,48317.0588,116.5417199,969.5,1.878,-0.807
beltzvilleCombined,110,0.383148115,0.623923309,-0.667756557,0.340704172,1.538895937,0.226094454,0.872797725,1.371813059,1.539061445,-0.031561182,0.430533048,0.508861943,0.325615706,-1.466448493,-1.453519667,48317.0588,116.5417199,48317.0588,116.5417199,969.5,1.878,-0.807
beltzvilleCombined,111,0.485253336,0.639929054,-0.757853965,0.459486628,1.548320261,0.029677617,0.859222259,-0.355439937,1.482809954,-0.56542647,0.456449652,0.769537113,0.861899148,-1.542659478,-1.456216658,48317.0588,116.5417199,48317.0588,116.5417199,969.5,1.878,-0.807
beltzvilleCombined,112,0.483757473,0.530624257,-0.446417401,-1.272200909,1.56224782,0.030012849,0.634687133,-0.516502352,1.491735751,-0.227386059,0.456870398,0.692756637,0.754750121,-1.425524583,-1.528595297,48317.0588,116.5417199,48317.0588,116.5417199,969.5,1.878,-0.807
beltzvilleCombined,113,0.443584564,0.612117804,-0.717816987,-0.494470364,1.533323272,0.023637723,0.853599972,0.581404853,1.462647653,-1.563741017,0.442135972,0.503313023,0.75195983,-1.559475769,-1.495002486,48317.0588,116.5417199,48317.0588,116.5417199,969.5,1.878,-0.807
beltzvilleCombined,114,0.446445181,0.775337114,-1.237033075,1.308183131,1.491563412,0.044731237,0.690770566,0.546524703,1.508364113,-1.326830436,0.409667459,0.761560836,0.930536426,-1.359521074,0.140920176,48317.0588,116.5417199,48317.0588,116.5417199,969.5,1.878,-0.807
beltzvilleCombined,115,0.347887277,0.591211391,-0.688136859,-1.342536591,1.534084386,0.203509802,0.845880296,1.404409583,-0.710008476,-0.288212223,0.457132249,0.969635761,0.318102418,-1.489770963,-0.714280937,48317.0588,116.5417199,48317.0588,116.5417199,969.5,1.878,-0.807
beltzvilleCombined,116,0.345624261,0.856161434,-0.810498814,0.040045818,1.559408817,0.049998591,0.83238942,0.895679607,1.524045657,-1.568946907,0.412679277,0.675763668,0.899858345,-1.385630496,0.20203127,48317.0588,116.5417199,48317.0588,116.5417199,969.5,1.878,-0.807
beltzvilleCombined,117,0.458238672,0.62547875,-1.202212634,0.06980399,1.568334105,0.279676433,0.931133192,1.349509868,1.562350267,-0.215687711,0.360478014,0.725751765,0.429734325,-1.426242487,0.965805581,48317.0588,116.5417199,48317.0588,116.5417199,969.5,1.878,-0.807
beltzvilleCombined,118,0.119508226,0.622837317,-0.359267871,-0.79104977,1.528715341,0.044966882,0.873578647,-0.012405592,1.511567412,-1.401495806,0.426104463,0.789761513,0.92701217,-1.37666284,-0.77360391,48317.0588,116.5417199,48317.0588,116.5417199,969.5,1.878,-0.807
beltzvilleCombined,119,0.478507906,0.565257995,-0.758160229,-1.469078924,1.533768787,0.21612003,0.826339322,1.409611047,0.661739895,-1.388559455,0.469039978,0.553687402,0.270929421,-1.119102159,-1.371763134,48317.0588,116.5417199,48317.0588,116.5417199,969.5,1.878,-0.807
beltzvilleCombined,120,0.452702982,0.587205335,-0.698453285,1.50334975,1.359539254,0.027376758,0.842054529,1.084772797,1.451599145,-0.420695934,0.432233086,0.590936745,0.756609691,-1.357576785,-0.744072643,48317.0588,116.5417199,48317.0588,116.5417199,969.5,1.878,-0.807
beltzvilleCombined,121,0.345530252,0.592395737,-1.175703007,-0.839204538,1.546759538,0.163054824,0.56930504,0.737590239,1.528975858,-1.542653733,0.388135787,0.958056015,0.339202448,-1.398165241,-1.532714618,48317.0588,116.5417199,48317.0588,116.5417199,969.5,1.878,-0.807
beltzvilleCombined,122,0.497724419,0.586870087,-1.164945551,0.364898581,1.534084386,0.203509802,0.856411404,1.400335993,-0.710008476,-1.439594375,0.457132249,0.96000749,0.317185383,-1.489770963,-0.700750887,48317.0588,116.5417199,48317.0588,116.5417199,969.5,1.878,-0.807
beltzvilleCombined,123,0.48552567,0.790773522,-0.395953225,-0.882785549,1.559401127,0.050001143,0.832341022,0.785065468,1.526434351,-1.332369969,0.412679277,0.675763668,0.899858345,-1.385630496,0.214269538,48317.0588,116.5417199,48317.0588,116.5417199,969.5,1.878,-0.807
beltzvilleCombined,124,0.451732074,0.776951672,-0.72797004,0.496270531,1.502997644,0.028364302,0.527208768,-0.335851059,1.485319483,0.002623438,0.453583047,0.906997807,0.74487831,-1.359803863,-0.744072643,48317.0588,116.5417199,48317.0588,116.5417199,969.5,1.878,-0.807
beltzvilleCombined,125,0.4914531,0.938863527,-1.43834832,1.550975146,-0.803586095,0.044702407,0.504369861,0.508175567,1.506256011,0.53734049,0.410773783,0.669067414,0.928397316,-1.354297939,-1.368139609,48317.0588,116.5417199,48317.0588,116.5417199,969.5,1.878,-0.807
beltzvilleCombined,126,0.492159756,0.581571926,-0.64765324,-1.12277465,1.454791264,0.024492578,0.702248091,0.572437696,1.462566992,-0.595806638,0.429060322,0.566746804,0.761909775,-1.366275533,-0.758723336,48317.0588,116.5417199,48317.0588,116.5417199,969.5,1.878,-0.807
beltzvilleCombined,127,0.458077788,0.735059691,-0.757515262,-0.615503679,1.546080046,0.028395325,0.8619282,0.864866354,1.475076608,-1.493633891,0.457125459,0.592448917,0.751810927,-1.563626545,-0.091001566,48317.0588,116.5417199,48317.0588,116.5417199,969.5,1.878,-0.807
beltzvilleCombined,128,0.105728243,0.593587863,-0.660604472,-1.340760798,1.559245452,0.176396913,0.52686682,-0.001130264,1.562331298,-0.231896177,0.410956798,0.544800955,0.324365254,-1.324546146,0.154239082,48317.0588,116.5417199,48317.0588,116.5417199,969.5,1.878,-0.807
beltzvilleCombined,129,0.483757473,0.656312698,-0.446417401,-1.272200909,1.488764299,0.030012849,0.568684053,-0.516502352,1.491184283,-0.189241949,0.461382915,0.692756637,0.754750121,-1.425524583,-1.528595297,48317.0588,116.5417199,48317.0588,116.5417199,969.5,1.878,-0.807
beltzvilleCombined,130,0.481935762,0.825834903,-0.436252334,-0.529114955,1.545901254,0.024606838,0.95608156,1.404525469,1.46059678,-1.311878167,0.055673615,0.536594474,-0.744639946,-1.348782518,-0.761890033,48317.0588,116.5417199,48317.0588,116.5417199,969.5,1.878,-0.807
beltzvilleCombined,131,0.441580662,0.585101914,-0.914901185,1.378076063,1.496925815,0.044743013,0.875034488,0.569228465,1.501102334,-1.510072975,0.42728446,0.520195496,0.911925526,-1.370337306,-0.723757839,48317.0588,116.5417199,48317.0588,116.5417199,969.5,1.878,-0.807
beltzvilleCombined,132,0.468373542,0.803020585,-0.814045624,0.040045818,1.559401127,0.050001143,0.609609204,0.785739344,1.523816659,-1.332369969,0.412679277,0.675763668,0.899858345,-1.384643141,0.20245801,48317.0588,116.5417199,48317.0588,116.5417199,969.5,1.878,-0.807
beltzvilleCombined,133,0.491751335,0.586870087,-1.110242092,0.157231357,1.533180077,0.297739428,0.805663775,1.379930522,1.448438387,-1.310478509,0.456945469,0.962282144,0.318147071,-1.399209355,1.242030661,48317.0588,116.5417199,48317.0588,116.5417199,969.5,1.878,-0.807
beltzvilleCombined,134,0.483757473,0.666949818,-0.757973288,-0.755403755,1.313618144,0.028237473,0.597405014,0.875589062,1.462818448,-0.967893648,0.456449652,0.529954696,0.737211806,-1.381475365,-0.719231972,48317.0588,116.5417199,48317.0588,116.5417199,969.5,1.878,-0.807
beltzvilleCombined,135,0.330048426,0.729629192,-0.458546508,-0.944066747,1.467217985,0.024578904,0.982815368,0.928671906,1.460348077,-1.330705342,0.428861231,0.881412922,0.746402796,-1.38696212,-1.003880081,48317.0588,116.5417199,48317.0588,116.5417199,969.5,1.878,-0.807
beltzvilleCombined,136,0.01289096,0.530624257,-0.446417401,-1.272200909,1.488764299,0.030012849,0.568684053,-0.516502352,1.491184283,-0.189241949,0.461382915,0.692756637,0.754750121,-1.425524583,-1.528595297,48317.0588,116.5417199,48317.0588,116.5417199,969.5,1.878,-0.807
beltzvilleCombined,137,0.47306202,0.530624257,-0.446417401,-1.272200909,1.488764299,0.030012849,0.568684053,-0.516502352,1.491184283,-0.189241949,0.461382915,0.692756637,0.754750121,-1.425524583,0.956690878,48317.0588,116.5417199,48317.0588,116.5417199,969.5,1.878,-0.807
beltzvilleCombined,138,0.345565589,0.613656096,-1.195695643,0.342273114,1.559235002,0.183974925,0.702496889,0.872104305,1.565056864,-1.56266358,0.321422211,0.535912346,0.351768617,-0.480184495,0.416841394,48317.0588,116.5417199,48317.0588,116.5417199,969.5,1.878,-0.807
beltzvilleCombined,139,0.459730289,0.734038898,-0.753900694,-1.305451834,1.549130276,0.028395325,0.527424208,0.884626092,1.475768077,0.138101779,0.454590892,0.726048784,0.753941078,-1.563626545,-0.173489724,48317.0588,116.5417199,48317.0588,116.5417199,969.5,1.878,-0.807
beltzvilleCombined,140,0.321276484,0.773979708,-0.307483602,-1.075634167,1.545833094,0.045354937,0.846653647,0.554790746,1.508502673,-0.525485678,0.420824913,0.672936475,0.952502479,-1.46005499,0.206257781,48317.0588,116.5417199,48317.0588,116.5417199,969.5,1.878,-0.807
beltzvilleCombined,141,0.482652583,0.999018625,-0.720661894,0.743643779,1.450138326,0.056116295,0.851057649,0.353982662,1.542211039,-0.215116757,0.434371019,0.525060096,0.942483547,-1.44213198,-1.208729938,48317.0588,116.5417199,48317.0588,116.5417199,969.5,1.878,-0.807
beltzvilleCombined,142,0.202810946,0.639929054,-0.757853965,0.459486628,1.390692541,0.029473348,0.532596722,-0.355439937,1.486039683,-0.56542647,0.456449652,0.769537113,0.861899148,-1.542132455,-1.453731542,48317.0588,116.5417199,48317.0588,116.5417199,969.5,1.878,-0.807
beltzvilleCombined,143,0.459048759,0.810138142,-1.512798806,1.550866158,0.083823681,0.124978576,0.600695762,0.928077991,1.405428402,-1.502244085,0.360763149,0.974782445,-1.156501757,-1.429787068,-1.443028778,48317.0588,116.5417199,48317.0588,116.5417199,969.5,1.878,-0.807
beltzvilleCombined,144,0.276269061,0.803629727,-0.757515262,0.050379441,1.549130276,0.028045897,0.871048376,0.874901806,1.475768077,-1.377620953,0.452270099,0.922104957,0.753416049,-1.563345355,0.873833482,48317.0588,116.5417199,48317.0588,116.5417199,969.5,1.878,-0.807
beltzvilleCombined,145,0.492730347,0.586406349,-1.110242092,1.051406725,1.533180077,0.379854705,0.805663775,1.380751188,0.779770044,-1.303977046,0.456600716,0.685773108,0.318147071,-1.51181202,-0.723642654,48317.0588,116.5417199,48317.0588,116.5417199,969.5,1.878,-0.807
beltzvilleCombined,146,0.325782474,0.937978316,-0.494286048,-1.526720306,-0.049741688,0.044731237,0.504369861,-0.054049208,1.508364113,-0.622417043,0.410773783,0.781089684,0.953121366,-1.359096716,1.405612128,48317.0588,116.5417199,48317.0588,116.5417199,969.5,1.878,-0.807
beltzvilleCombined,147,0.345530252,0.588459897,-1.156828136,-0.839204538,1.546759538,0.164469084,0.554223882,1.202009449,1.529890386,-1.542653733,0.321606712,0.958056015,0.340208466,-1.398165241,-0.765444569,48317.0588,116.5417199,48317.0588,116.5417199,969.5,1.878,-0.807
beltzvilleCombined,148,0.319059094,0.586870087,-1.110242092,-0.205704676,1.533180077,0.298545774,0.805663775,1.379930522,1.324662143,0.111852372,0.456120158,0.784682663,0.319211864,-1.426074753,-0.696838169,48317.0588,116.5417199,48317.0588,116.5417199,969.5,1.878,-0.807
beltzvilleCombined,149,0.48552567,0.91002673,-0.395953225,-0.882785549,1.559401127,0.050001143,0.832341022,0.785065468,1.526434351,-1.332369969,0.412679277,0.675763668,0.899858345,-1.385630496,0.214269538,48317.0588,116.5417199,48317.0588,116.5417199,969.5,1.878,-0.807
beltzvilleCombined,150,0.380259192,0.649089169,-1.506326262,1.553319692,1.307856499,0.029473348,0.532596722,-0.355439937,1.486039683,-1.553942373,0.456449652,0.92631801,0.861899148,-1.542132455,-1.319530111,48317.0588,116.5417199,48317.0588,116.5417199,969.5,1.878,-0.807
beltzvilleCombined,151,0.458347019,0.734038898,-0.753900694,-1.305451834,1.536819068,0.028395325,0.527424208,0.884626092,1.475940858,0.138024607,0.4545421,0.726048784,0.753941078,-1.562720674,0.203775389,48317.0588,116.5417199,48317.0588,116.5417199,969.5,1.878,-0.807
beltzvilleCombined,152,0.15706611,0.791579064,-0.410327296,0.075953149,1.559649857,0.044755154,0.691516573,0.558180426,1.507011214,0.433067208,0.412089178,0.763049392,0.930201402,-1.384357777,0.196917179,48317.0588,116.5417199,48317.0588,116.5417199,969.5,1.878,-0.807
beltzvilleCombined,153,0.488330817,0.627806843,-0.151288253,0.001840326,1.480474942,0.025678018,0.753806687,-0.400247332,1.466778375,-0.766926258,0.464744159,0.991654998,0.8443595,-1.453654725,-1.493131475,48317.0588,116.5417199,48317.0588,116.5417199,969.5,1.878,-0.807
beltzvilleCombined,154,0.263401668,0.598303304,-0.499266148,-0.945044898,1.553648496,0.164952048,0.92438753,0.852664275,1.463646755,-0.660766943,0.114033194,0.7777965,0.905050651,-1.451886308,-1.506636425,48317.0588,116.5417199,48317.0588,116.5417199,969.5,1.878,-0.807
beltzvilleCombined,155,0.162893383,0.974397914,-0.369197384,-1.023307921,1.428762354,0.053456007,0.513110474,0.708496035,1.534771538,1.517277856,0.418662911,0.560177712,0.931675594,-1.443036462,-0.860899665,48317.0588,116.5417199,48317.0588,116.5417199,969.5,1.878,-0.807
beltzvilleCombined,156,0.490666884,0.58487777,-0.494549993,-0.540285616,1.500295245,0.056576206,0.744672356,1.313552206,1.461784001,-0.619447462,0.143133654,0.817259301,-0.592935535,-1.451881651,-0.081748334,48317.0588,116.5417199,48317.0588,116.5417199,969.5,1.878,-0.807
beltzvilleCombined,157,0.162893383,0.763053139,-0.449389655,-1.023307921,1.471512972,0.055980645,0.513110474,0.70784739,1.536422818,1.396820435,0.41650653,0.560200689,0.945175841,-1.434749524,-1.471794894,48317.0588,116.5417199,48317.0588,116.5417199,969.5,1.878,-0.807
beltzvilleCombined,158,0.474015785,0.75524021,-0.466251215,-0.875705481,1.516231247,0.012639909,0.518510864,-0.398032641,1.460880038,0.49738897,0.446869456,0.787155308,0.415744274,-1.188115392,-1.414653736,48317.0588,116.5417199,48317.0588,116.5417199,969.5,1.878,-0.807
beltzvilleCombined,159,0.492343638,0.758095091,-0.36272111,0.729269292,1.521652265,0.012941366,0.522075108,-0.281505196,1.472829858,0.48641673,0.041458366,0.764031887,0.894709438,-1.446103684,0.565633197,48317.0588,116.5417199,48317.0588,116.5417199,969.5,1.878,-0.807
beltzvilleCombined,160,0.390911821,0.629280776,-0.029272361,-0.835999845,1.499601137,0.024425465,0.753987476,-0.397969512,1.46659743,0.556662632,0.469597083,0.764768992,0.710862897,-1.496995108,-1.460475016,48317.0588,116.5417199,48317.0588,116.5417199,969.5,1.878,-0.807
beltzvilleCombined,161,0.483216622,0.796341873,-0.152991203,-1.052875473,1.534624235,0.05526169,0.516254192,-0.502551216,1.54106282,1.295599125,0.431088803,0.791447134,0.970237842,-1.447700866,-1.482691756,48317.0588,116.5417199,48317.0588,116.5417199,969.5,1.878,-0.807
beltzvilleCombined,162,0.464443518,0.630790098,-0.296874459,0.539627019,1.543158812,0.025567685,0.530374162,-0.39141304,1.469948737,-0.58123448,0.459222391,0.702037897,0.416527731,-1.191565437,-0.686887638,48317.0588,116.5417199,48317.0588,116.5417199,969.5,1.878,-0.807
beltzvilleCombined,163,0.392433114,0.623588624,-0.048780933,-0.894328184,1.481058848,0.025677615,0.753806687,-0.400133748,1.466778375,-0.768281692,0.464744159,0.991654998,0.845836615,-1.453654725,-1.501913374,48317.0588,116.5417199,48317.0588,116.5417199,969.5,1.878,-0.807
beltzvilleCombined,164,0.16192741,0.769063416,-0.356896784,-1.023307921,1.471512972,0.056495869,0.56859694,0.740172129,1.536960128,1.414137588,0.41650653,0.560177712,0.955770753,-1.435155264,-0.812178449,48317.0588,116.5417199,48317.0588,116.5417199,969.5,1.878,-0.807
beltzvilleCombined,165,0.473845651,0.62362283,-0.046418895,1.558400762,1.480474942,0.02504778,0.753981027,-0.400247332,1.467394665,-0.465925183,0.474907557,0.56181784,0.8443595,-1.518018984,-0.039868691,48317.0588,116.5417199,48317.0588,116.5417199,969.5,1.878,-0.807
beltzvilleCombined,166,0.491831963,0.640238841,-0.325479674,1.022420838,1.564668638,0.0136174,0.543114828,-0.377360111,1.471207231,-0.68289788,0.451290582,0.698405168,-0.761055075,-1.253035362,-1.421194497,48317.0588,116.5417199,48317.0588,116.5417199,969.5,1.878,-0.807
beltzvilleCombined,167,0.383273417,0.625772574,-0.146265661,-0.812340839,1.422883992,0.013981609,0.789714764,-1.203206481,1.485599879,1.562114178,0.135923936,0.803101017,-0.324562035,-1.186942677,-1.434199037,48317.0588,116.5417199,48317.0588,116.5417199,969.5,1.878,-0.807
beltzvilleCombined,168,0.458344149,0.760161478,-0.449308996,-1.020844406,1.433765853,0.056495869,0.545498847,0.785932575,1.535929506,1.411724559,0.426026569,0.557784465,0.939394212,-1.427022841,0.081931076,48317.0588,116.5417199,48317.0588,116.5417199,969.5,1.878,-0.807
beltzvilleCombined,169,0.273229954,0.763665746,-0.471011669,-0.509779334,1.543985309,0.054518814,0.51926409,0.491702096,1.56894649,1.370650755,0.436122825,0.86087111,0.429634796,-1.087704384,-0.803764027,48317.0588,116.5417199,48317.0588,116.5417199,969.5,1.878,-0.807
beltzvilleCombined,170,0.153318593,0.629820072,-0.072413034,-1.032677937,1.473280403,0.030646916,0.517253451,-1.052008227,1.488884626,1.517209106,0.434784703,0.564959186,0.891575305,-1.435860181,-0.802549208,48317.0588,116.5417199,48317.0588,116.5417199,969.5,1.878,-0.807
beltzvilleCombined,171,0.462620229,0.580759675,-0.454682816,-0.87377671,1.54308178,0.05526169,0.530248879,-0.520236448,1.541846335,-1.306566348,0.436190359,0.791328873,0.968599633,-1.447700866,-0.005716135,48317.0588,116.5417199,48317.0588,116.5417199,969.5,1.878,-0.807
beltzvilleCombined,172,0.482311383,0.627813875,-0.029272361,-0.507840748,1.5697266,0.024805704,0.755761932,-0.368384563,1.471223717,-0.577574402,0.42289641,0.996428274,-0.262036178,-0.370147066,-1.476666593,48317.0588,116.5417199,48317.0588,116.5417199,969.5,1.878,-0.807
beltzvilleCombined,173,0.467896299,0.624076983,-0.46629064,-0.842665762,1.516231247,0.013167275,0.512956967,-0.371155948,1.461080713,0.687780848,0.456402926,0.787155308,0.448371865,-1.442222606,-1.506116521,48317.0588,116.5417199,48317.0588,116.5417199,969.5,1.878,-0.807
beltzvilleCombined,174,0.390739118,0.565244288,-0.028705561,1.538993351,1.504841885,0.025035357,0.753987476,-0.370898992,1.470972665,-1.35877876,0.464784853,0.817741084,0.750095807,-1.42123685,-0.741956205,48317.0588,116.5417199,48317.0588,116.5417199,969.5,1.878,-0.807
beltzvilleCombined,175,0.470863183,0.765631674,-0.387612084,-0.002577032,1.522642258,0.05389963,0.772787224,-0.478594454,1.569065662,0.674130039,0.484616694,0.86052498,0.365258784,-1.443713408,-1.457502988,48317.0588,116.5417199,48317.0588,116.5417199,969.5,1.878,-0.807
beltzvilleCombined,176,0.392561692,0.545764488,-0.357892972,1.539920481,-1.548214448,0.024001757,0.754224846,-0.399767549,1.466606912,-0.491642091,0.469597083,0.843971057,0.722200917,-1.428296044,-1.496114069,48317.0588,116.5417199,48317.0588,116.5417199,969.5,1.878,-0.807
beltzvilleCombined,177,0.47946165,0.878273948,-0.479684685,-1.035963723,1.543977,0.062569789,0.513332588,0.692709948,1.547934252,1.542282851,0.442911848,0.966590026,0.940606866,-1.447517967,-0.909471805,48317.0588,116.5417199,48317.0588,116.5417199,969.5,1.878,-0.807
beltzvilleCombined,178,0.47839684,0.65011537,-0.467156827,-0.841648015,1.463359687,0.012639955,0.539771214,-1.159476092,1.472503056,-0.747477553,0.373959927,0.755373006,0.414070434,-1.199420844,0.130621605,48317.0588,116.5417199,48317.0588,116.5417199,969.5,1.878,-0.807
beltzvilleCombined,179,0.391790426,0.824334728,-0.501158059,1.538993351,1.467091816,0.025426708,0.535005702,-0.372691666,1.470490331,1.53012505,0.464629301,0.853192657,0.730853567,-1.445884366,-1.524390223,48317.0588,116.5417199,48317.0588,116.5417199,969.5,1.878,-0.807
beltzvilleCombined,180,0.161927998,0.767495231,-0.413440251,-0.970997271,1.52366782,0.056556919,0.509115884,0.687226228,1.536264907,-0.693161765,0.429293164,0.843576762,0.914379224,-1.400443074,-0.893922523,48317.0588,116.5417199,48317.0588,116.5417199,969.5,1.878,-0.807
beltzvilleCombined,181,0.390739118,0.62362283,-0.026534231,1.514478074,1.504839936,0.02504778,0.753987476,-0.370864791,1.470972665,-0.513511448,0.469597083,0.817741084,0.734565548,-1.429404753,-1.460478927,48317.0588,116.5417199,48317.0588,116.5417199,969.5,1.878,-0.807
beltzvilleCombined,182,0.177657944,0.761290872,-0.450821569,-0.975842047,1.527311218,0.031998126,0.612172423,-1.443275768,1.540647846,1.490354457,0.429188646,0.976561304,0.395837577,-1.195750761,-0.892964462,48317.0588,116.5417199,48317.0588,116.5417199,969.5,1.878,-0.807
beltzvilleCombined,183,0.385533728,0.626457226,-0.490120233,-0.944783989,1.5678471,0.01238512,0.525059679,-0.337598445,1.430867095,-0.944056232,0.082843664,0.580454537,-0.910702404,-1.085464113,-1.49944529,48317.0588,116.5417199,48317.0588,116.5417199,969.5,1.878,-0.807
beltzvilleCombined,184,0.493359143,0.817803303,-0.255489996,-1.225864852,1.528697251,0.055527596,0.516309711,-0.457444197,1.555633386,1.306732515,0.428157557,0.863534786,0.902855035,-1.448202941,0.019187292,48317.0588,116.5417199,48317.0588,116.5417199,969.5,1.878,-0.807
beltzvilleCombined,185,0.344971491,0.565244288,-0.028705561,1.538993351,1.504841885,0.025035357,0.753987476,-0.370898992,1.470972665,-1.35877876,0.464784853,0.817741084,0.750095807,-1.42123685,1.016418376,48317.0588,116.5417199,48317.0588,116.5417199,969.5,1.878,-0.807
beltzvilleCombined,186,0.206009355,0.62362283,-0.123040718,0.001840326,1.480474942,0.025743285,0.753806687,-0.400247332,1.467484163,-0.766926258,0.474907557,0.991654998,0.8443595,-1.49305052,-1.492372071,48317.0588,116.5417199,48317.0588,116.5417199,969.5,1.878,-0.807
beltzvilleCombined,187,0.083665387,0.768110201,-0.251014509,-1.112885608,-1.392499508,0.053982301,0.772787224,-0.481934113,1.569065662,0.701452911,0.440781662,0.86052498,0.389726918,-1.304332106,-0.944948464,48317.0588,116.5417199,48317.0588,116.5417199,969.5,1.878,-0.807
beltzvilleCombined,188,0.490876492,0.638256411,-0.503161062,-1.090156615,1.567852249,0.038171574,0.790881323,-1.270715584,1.321198084,0.048751595,0.022911053,0.812363459,-0.801156254,-1.448288417,0.0308615,48317.0588,116.5417199,48317.0588,116.5417199,969.5,1.878,-0.807
beltzvilleCombined,189,0.388324284,0.601473429,-0.337516262,0.210855203,1.568554641,0.012688049,0.536022469,0.208304737,1.199098191,-1.332146268,0.049198247,0.976230725,-0.703012346,-0.600674581,-0.030199807,48317.0588,116.5417199,48317.0588,116.5417199,969.5,1.878,-0.807
beltzvilleCombined,190,0.273229954,0.768110201,-0.466289978,-0.056454367,1.553526989,0.054474615,0.772787224,0.42398577,1.569065662,0.689028213,0.440781662,0.86052498,0.389726918,-1.054479982,-0.157730213,48317.0588,116.5417199,48317.0588,116.5417199,969.5,1.878,-0.807
beltzvilleCombined,191,0.489462203,0.639173996,-0.305480596,1.022420838,1.56249154,0.015068765,0.795950019,-0.550981568,1.470961939,-0.683997289,0.424837444,0.815026054,-0.795234,-1.431607164,-0.738082445,48317.0588,116.5417199,48317.0588,116.5417199,969.5,1.878,-0.807
beltzvilleCombined,192,0.016776005,0.622173002,-0.396368932,-0.884614794,1.52332483,0.012590883,0.518809029,-0.457396471,1.459682662,1.512473654,0.424723659,0.78723024,0.416743904,-1.531558376,-0.10489396,48317.0588,116.5417199,48317.0588,116.5417199,969.5,1.878,-0.807
beltzvilleCombined,193,0.390760263,0.623527638,-0.025737616,0.094589368,1.504839936,0.025048363,0.753987476,-0.370274973,1.466658098,-0.493604567,0.469597083,0.817414658,0.734486247,-1.431618437,-1.460478927,48317.0588,116.5417199,48317.0588,116.5417199,969.5,1.878,-0.807
beltzvilleCombined,194,0.49092461,0.819475697,-0.497536849,0.888657722,1.464730534,0.056135613,0.735968927,-0.457444197,1.555997593,-0.765614537,0.429265904,0.863534786,0.902855035,-1.431227835,0.019684772,48317.0588,116.5417199,48317.0588,116.5417199,969.5,1.878,-0.807
beltzvilleCombined,195,0.392561692,0.545764488,-0.357892972,1.539920481,-1.548214448,0.024001757,0.754224846,0.206367884,1.466606912,-0.491642091,0.469597083,0.843971057,0.722200917,-1.428296044,-1.496114069,48317.0588,116.5417199,48317.0588,116.5417199,969.5,1.878,-0.807
beltzvilleCombined,196,0.390739118,0.62362283,-0.046418895,1.538993351,-0.2935333,0.025426708,0.753987476,0.344868069,1.470972665,-0.492614283,0.464787338,0.817741084,0.734565548,-1.428098444,-1.519355737,48317.0588,116.5417199,48317.0588,116.5417199,969.5,1.878,-0.807
beltzvilleCombined,197,0.194864282,0.601357796,-0.406148042,-1.08884377,1.555275702,0.048127983,0.83637552,0.895448751,1.353870321,0.077499836,0.41021198,0.773008309,-0.567595189,-1.479193671,-0.776207683,48317.0588,116.5417199,48317.0588,116.5417199,969.5,1.878,-0.807
beltzvilleCombined,198,0.496664847,0.793536772,0.002468905,-0.995216103,1.541465155,0.025048369,0.740159228,0.747674916,1.470972665,1.362667784,0.430915981,0.55949989,0.734565548,-1.439882336,-1.455715061,48317.0588,116.5417199,48317.0588,116.5417199,969.5,1.878,-0.807
beltzvilleCombined,199,0.49359326,0.638087242,-0.312630097,1.022420838,1.563230871,0.014718261,0.795950019,-0.712552265,1.471094944,-0.684022786,0.397129815,0.787210105,-0.848031702,-1.444365779,-0.688606903,48317.0588,116.5417199,48317.0588,116.5417199,969.5,1.878,-0.807
beltzvilleCombined,200,0.490283375,0.62362283,-0.305451972,1.452748778,0.52351075,0.02504778,0.504150529,-0.165782394,1.471171197,-0.689290066,0.425553434,0.700098891,0.8443595,-1.439324502,-0.964740641,48317.0588,116.5417199,48317.0588,116.5417199,969.5,1.878,-0.807
beltzvilleCombined,201,0.374732259,0.781854398,-0.153168169,-1.036037328,1.346755662,0.056816348,0.513110418,-0.443869877,1.537576242,0.487858396,0.462389091,0.538995357,0.977687293,-1.523939373,-0.878119462,48317.0588,116.5417199,48317.0588,116.5417199,969.5,1.878,-0.807
beltzvilleCombined,202,0.48683113,0.793764242,-0.454589569,0.723786295,1.272246317,0.05526169,0.516305059,-0.11230611,1.541846335,1.295426383,0.427556479,0.510437865,0.968599633,-1.447700866,-0.005716135,48317.0588,116.5417199,48317.0588,116.5417199,969.5,1.878,-0.807
beltzvilleCombined,203,0.494161306,0.640238841,-1.010535069,0.113145565,1.564668638,0.012581877,0.544414085,-0.377360111,1.471207231,-0.68289788,0.464762107,0.698405168,-0.761055075,-1.451002852,-1.421194497,48317.0588,116.5417199,48317.0588,116.5417199,969.5,1.878,-0.807
beltzvilleCombined,204,0.470863183,0.807076153,-0.466289978,-0.002577032,1.553360354,0.053982301,0.772787224,0.688844263,1.569065662,0.689028213,0.440781662,0.86052498,0.389726918,-1.510903801,-0.944948464,48317.0588,116.5417199,48317.0588,116.5417199,969.5,1.878,-0.807
beltzvilleCombined,205,0.483216622,0.658241844,-0.152991203,-1.052875473,1.534624235,0.05526169,0.516254192,-0.502551216,1.54106282,1.295599125,0.431088803,0.791447134,0.970237842,-1.447700866,-1.482691756,48317.0588,116.5417199,48317.0588,116.5417199,969.5,1.878,-0.807
beltzvilleCombined,206,0.488330817,0.627695597,-0.032370953,0.001840326,1.480474942,0.025678018,0.755718307,-0.400217983,1.466778375,0.482579767,0.465361827,0.991654998,0.838708682,-1.453123791,-1.493131475,48317.0588,116.5417199,48317.0588,116.5417199,969.5,1.878,-0.807
beltzvilleCombined,207,0.451596577,0.753891525,-0.473966338,-0.477866648,-1.395757468,0.035593578,0.55551769,0.826982974,1.52625737,-1.151146771,0.4263913,0.815348081,0.42566312,-1.443663614,-0.760454932,48317.0588,116.5417199,48317.0588,116.5417199,969.5,1.878,-0.807
beltzvilleCombined,208,0.35443571,0.793764242,-0.454589569,-1.084579756,1.444635982,0.055226988,0.516305059,-0.520236448,1.540654328,1.295426383,0.429202692,0.996786185,0.96857759,-1.440697124,-0.050723324,48317.0588,116.5417199,48317.0588,116.5417199,969.5,1.878,-0.807
beltzvilleCombined,209,0.488330817,0.627995085,-0.149803525,-0.029745028,1.480474942,0.025668957,0.75380556,-0.400247332,1.466778375,-0.769484951,0.474850919,0.991654998,0.8443595,-1.517967433,-1.493131475,48317.0588,116.5417199,48317.0588,116.5417199,969.5,1.878,-0.807
beltzvilleCombined,210,0.473845651,0.623434587,-0.047903624,1.553277657,1.480474942,0.025056841,0.753982153,-0.400247332,1.467394665,-0.46336649,0.464800797,0.56181784,0.8443595,-1.453706276,-0.039868691,48317.0588,116.5417199,48317.0588,116.5417199,969.5,1.878,-0.807
beltzvilleCombined,211,0.390725878,0.623137258,-0.046418895,1.538993351,-0.2935333,0.025426708,0.832851022,0.344868069,1.470972665,-0.978928582,0.464787338,0.817741084,0.729442944,-1.431615542,-1.519355737,48317.0588,116.5417199,48317.0588,116.5417199,969.5,1.878,-0.807
beltzvilleCombined,212,0.473845651,0.623434587,-0.047903624,0.093174982,1.548458727,0.025056841,0.753982153,-0.537525988,1.462892291,-0.303306007,0.453813377,0.88235787,0.8443595,-1.453706276,-0.039868691,48317.0588,116.5417199,48317.0588,116.5417199,969.5,1.878,-0.807
beltzvilleCombined,213,0.496006286,0.766978521,-0.025211019,-0.837224596,1.549468519,0.024864069,0.74291228,-0.648316025,1.471223717,0.415104514,0.423345968,0.860148048,0.862106058,-1.49900487,-1.475911475,48317.0588,116.5417199,48317.0588,116.5417199,969.5,1.878,-0.807
beltzvilleCombined,214,0.417637478,0.619201551,-0.493570335,-1.063599504,-1.392499508,0.053982301,0.794360857,0.83365656,1.564134444,0.701452911,0.440937091,0.566110418,0.489876827,-1.446021932,-0.944948464,48317.0588,116.5417199,48317.0588,116.5417199,969.5,1.878,-0.807
beltzvilleCombined,215,0.258003797,0.766067354,-0.077184745,-0.913909924,1.543097291,0.01324542,0.520997633,-0.662645307,1.465451458,-0.658306798,0.457186184,0.825024538,0.389159618,-1.1092035,-0.982635059,48317.0588,116.5417199,48317.0588,116.5417199,969.5,1.878,-0.807
beltzvilleCombined,216,0.252775486,0.618202948,-1.248322564,1.534963735,1.503519362,0.024786556,0.75116997,-0.306016865,1.43399213,1.458741632,0.46325747,0.784577651,0.894709438,-1.104790837,-1.282295459,48317.0588,116.5417199,48317.0588,116.5417199,969.5,1.878,-0.807
beltzvilleCombined,217,0.385533728,0.6256999,-0.490120233,-0.944783989,1.5678471,0.036207586,0.524978499,-0.337767234,1.430867095,-0.641984936,0.082843664,0.584989652,-0.910702404,-1.51498007,-1.508549867,48317.0588,116.5417199,48317.0588,116.5417199,969.5,1.878,-0.807
beltzvilleCombined,218,0.493714702,0.640238841,-0.32546245,1.022420838,1.564754774,0.015459208,0.522704749,-0.375374476,1.469345066,-0.625575501,0.456537048,0.698405168,-0.578455895,-0.595033769,0.07251203,48317.0588,116.5417199,48317.0588,116.5417199,969.5,1.878,-0.807
beltzvilleCombined,219,0.390725878,0.58317021,-0.046906885,1.538993351,-0.2935333,0.025426708,0.832851022,0.344868069,1.470972665,-0.978962115,0.464787338,0.816272701,0.708928814,-1.431615542,-0.712110864,48317.0588,116.5417199,48317.0588,116.5417199,969.5,1.878,-0.807
beltzvilleCombined,220,0.482930726,0.638087242,-0.312630097,1.022420838,1.563144735,0.014712006,0.81730361,-0.712552265,1.471076025,-0.680407566,0.397636689,0.787210105,-0.848031702,-1.444365779,-0.737608583,48317.0588,116.5417199,48317.0588,116.5417199,969.5,1.878,-0.807
beltzvilleCombined,221,0.391764877,0.768110201,-0.36408872,-1.134106819,-1.392499508,0.053982301,0.51478584,0.689620632,1.569065662,0.710423717,0.440781662,0.541610485,0.389726918,-1.518828528,-0.895589868,48317.0588,116.5417199,48317.0588,116.5417199,969.5,1.878,-0.807
beltzvilleCombined,222,0.020578618,0.626862945,0.001357436,-0.894885889,1.482047179,0.014078678,0.794301095,-1.157697599,1.485819403,-0.580587492,0.23467612,0.846162776,-0.28989951,-1.363745231,-0.69748014,48317.0588,116.5417199,48317.0588,116.5417199,969.5,1.878,-0.807
beltzvilleCombined,223,0.021960898,0.618750089,0.001357436,-0.894885889,1.482047179,0.014078678,0.794301095,-1.14892238,1.485819403,-0.580587492,0.23467612,0.846162776,-0.28989951,-1.36045887,0.633267044,48317.0588,116.5417199,48317.0588,116.5417199,969.5,1.878,-0.807
beltzvilleCombined,224,0.417350379,0.626372215,-0.345223008,-1.082730518,1.5678471,0.033721707,0.543463558,0.918996091,1.42544841,0.591283991,0.41305953,0.583011635,0.5384529,-1.084492418,-0.926804703,48317.0588,116.5417199,48317.0588,116.5417199,969.5,1.878,-0.807
beltzvilleCombined,225,0.173802989,0.919375399,-0.373423722,-1.052468066,-1.451059497,0.061804693,0.601457216,-1.330838103,1.554813963,0.4955192,0.432855119,0.835226769,1.021250592,-1.476787971,-1.012062442,48317.0588,116.5417199,48317.0588,116.5417199,969.5,1.878,-0.807
beltzvilleCombined,226,0.383273417,0.625835393,-0.016788798,0.008800847,1.421542852,0.014779804,0.789714764,-1.210847222,1.485599879,1.4661462,0.408595214,0.803101017,-0.289913747,-1.434150841,-0.69430716,48317.0588,116.5417199,48317.0588,116.5417199,969.5,1.878,-0.807
beltzvilleCombined,227,0.214691005,0.769063416,-0.356896784,-1.023307921,1.471512972,0.056495869,0.541144109,0.740172129,1.536960128,1.414137588,0.416688934,0.766510009,0.955770753,-1.435155264,-0.812178449,48317.0588,116.5417199,48317.0588,116.5417199,969.5,1.878,-0.807
beltzvilleCombined,228,0.390739118,0.623701804,-1.341232308,-0.924958459,1.504839936,0.02511012,0.753987476,-0.371196409,1.47230209,-0.557636283,0.46919447,0.816742816,0.710760824,-1.431615542,-0.808187633,48317.0588,116.5417199,48317.0588,116.5417199,969.5,1.878,-0.807
beltzvilleCombined,229,0.162893383,0.974397914,-0.372906046,-1.023307921,1.331808793,0.053456007,0.513428383,0.708496035,1.534771538,0.610016306,0.418662911,0.548133633,0.931675594,-1.440136212,-0.860899665,48317.0588,116.5417199,48317.0588,116.5417199,969.5,1.878,-0.807
beltzvilleCombined,230,0.346358799,0.624810943,-0.476988641,-0.959434469,1.555688035,0.04216109,0.512310473,0.076967564,1.502581902,-1.43768631,0.439444664,0.895638594,0.930751202,-1.482336326,-1.509643037,48317.0588,116.5417199,48317.0588,116.5417199,969.5,1.878,-0.807
beltzvilleCombined,231,0.322116895,0.768110201,-0.251014509,-1.112885608,-1.392499508,0.05426098,0.509477462,1.003385736,1.569065662,0.701452911,0.440781662,0.860522599,0.389726918,-1.304332106,-0.900676767,48317.0588,116.5417199,48317.0588,116.5417199,969.5,1.878,-0.807
beltzvilleCombined,232,0.461667731,0.629934426,-0.363295578,-1.026806857,1.435597422,0.032069969,0.919408893,-0.589171343,1.523833097,-0.490480872,0.4369036,0.588962716,0.490362286,-1.435111772,-1.035153116,48317.0588,116.5417199,48317.0588,116.5417199,969.5,1.878,-0.807
beltzvilleCombined,233,0.462620229,0.582238945,-0.454682816,-0.998402078,1.542967252,0.05526169,0.552733869,-0.400016816,1.540993821,-0.681181934,0.436235994,0.698689712,0.968599633,-1.447700866,-0.005716135,48317.0588,116.5417199,48317.0588,116.5417199,969.5,1.878,-0.807
beltzvilleCombined,234,0.489462203,0.639173996,-0.371090634,1.085710637,1.56249154,0.015056308,0.52065326,-0.52489891,1.470961939,1.498026845,0.424837444,0.815290172,-0.795234,-1.439959403,-0.802380248,48317.0588,116.5417199,48317.0588,116.5417199,969.5,1.878,-0.807
beltzvilleCombined,235,0.390804755,0.623701804,-1.341232308,-0.924958459,1.504839936,0.02511012,0.533158147,-0.372696715,1.472279751,1.551998434,0.46931211,0.818420225,0.710760824,-1.43132019,-0.808187633,48317.0588,116.5417199,48317.0588,116.5417199,969.5,1.878,-0.807
beltzvilleCombined,236,0.391724789,0.824334728,-0.501158059,1.538993351,1.467091816,0.025426708,0.7559021,-0.37119136,1.47051267,-0.65492772,0.464511661,0.851515248,0.730853567,-1.446179718,-1.524390223,48317.0588,116.5417199,48317.0588,116.5417199,969.5,1.878,-0.807
beltzvilleCombined,237,0.483287446,0.761221936,-0.147239265,-0.828579057,1.568989354,0.024657237,0.535792111,-0.649434793,1.472439758,-1.254471132,0.433495695,0.976202697,0.872011664,-1.450411761,-1.454401485,48317.0588,116.5417199,48317.0588,116.5417199,969.5,1.878,-0.807
beltzvilleCombined,238,0.492851062,0.764862044,-0.390332723,-1.112885608,1.202988479,0.053978341,0.763096223,0.735692541,1.569065662,0.701452911,0.406513075,0.86052498,0.389726918,-1.513288394,-1.390100718,48317.0588,116.5417199,48317.0588,116.5417199,969.5,1.878,-0.807
beltzvilleCombined,239,0.473696486,0.759474873,-0.150139469,-0.816800841,1.549459762,0.024865078,0.542760563,-0.650060918,1.470899126,-0.461174264,0.431723168,0.992258963,0.844489768,-1.450411761,-1.482566323,48317.0588,116.5417199,48317.0588,116.5417199,969.5,1.878,-0.807
beltzvilleCombined,240,0.383273417,0.625835393,-0.016788798,-0.812340839,1.420746371,0.014078678,0.789714764,-1.203206481,1.485599879,1.562114178,0.174700467,0.803101017,-0.289913747,-0.616950701,-0.804846712,48317.0588,116.5417199,48317.0588,116.5417199,969.5,1.878,-0.807
beltzvilleCombined,241,0.490557355,0.779895088,-0.259799544,-1.063378412,1.548928414,0.012083086,0.541937618,0.535346464,1.467487235,-0.59147822,0.047459726,0.636331276,0.410391866,-1.308198366,-1.496291706,48317.0588,116.5417199,48317.0588,116.5417199,969.5,1.878,-0.807
beltzvilleCombined,242,0.146463766,0.79568453,-0.454247257,-1.185549116,1.444635982,0.055226988,0.516305059,-0.37553227,1.540837343,-0.635161757,0.425859214,0.582297245,0.96857759,-1.44058572,-0.805324197,48317.0588,116.5417199,48317.0588,116.5417199,969.5,1.878,-0.807
beltzvilleCombined,243,0.480868571,0.853729877,-0.091966696,-0.856592638,1.466682787,0.062605766,0.51249893,0.710525172,1.547739789,-0.790483743,0.442911848,0.535650869,0.938910643,-1.444121951,0.337492083,48317.0588,116.5417199,48317.0588,116.5417199,969.5,1.878,-0.807
beltzvilleCombined,244,0.155427788,0.667164842,-0.356896784,-1.087205866,1.471512972,0.056211465,0.56859694,0.740172129,1.535989002,-0.619192088,0.421410677,0.563318842,0.95052103,-1.434757937,-0.805009556,48317.0588,116.5417199,48317.0588,116.5417199,969.5,1.878,-0.807
beltzvilleCombined,245,0.273528056,0.766071791,-0.471050055,-0.949860342,1.544194366,0.054474615,0.792605377,0.701702941,1.570448538,0.689028213,0.439322725,0.85708255,0.389726918,-1.446300413,-0.803764027,48317.0588,116.5417199,48317.0588,116.5417199,969.5,1.878,-0.807
beltzvilleCombined,246,0.353311509,0.791268251,0.002468905,-1.00004727,1.541465155,0.025048369,0.740159228,0.747674916,1.470972665,1.362667784,0.430915981,0.55949989,0.748653979,-1.435151282,-1.455715061,48317.0588,116.5417199,48317.0588,116.5417199,969.5,1.878,-0.807
beltzvilleCombined,247,0.383273417,0.62588615,-0.01418113,-0.812340839,1.421542852,0.014081841,0.90657254,-1.203206481,1.486089376,1.562114178,0.135923936,0.803101017,-0.289913747,-1.53024854,-0.819023025,48317.0588,116.5417199,48317.0588,116.5417199,969.5,1.878,-0.807
beltzvilleCombined,248,0.483216622,0.654543125,-0.140435828,-1.223941234,1.534167316,0.05526169,0.516254192,-0.502551216,1.540802775,1.295599125,0.427596523,0.791447134,0.971031669,-1.447713782,-1.482691756,48317.0588,116.5417199,48317.0588,116.5417199,969.5,1.878,-0.807
beltzvilleCombined,249,0.165938421,0.596788767,-0.334646275,-0.661311002,1.480474942,0.02504778,0.767610842,-0.370268418,1.467394665,-0.475132285,0.474907557,0.689724248,0.8443595,-1.518018984,-1.489730624,48317.0588,116.5417199,48317.0588,116.5417199,969.5,1.878,-0.807
beltzvilleCombined,250,0.383273417,0.625835393,-0.016788798,-0.812340839,1.421542852,0.015277396,0.789714764,-1.203206481,1.486433653,1.562114178,0.135923936,0.70415484,-0.289913747,-1.514112639,-0.804846712,48317.0588,116.5417199,48317.0588,116.5417199,969.5,1.878,-0.807
beltzvilleCombined,251,0.484674101,0.809548805,-0.046257947,-1.067500933,1.567277504,0.025191175,0.993644821,-0.409899646,1.467661627,-0.573643345,0.43537017,0.582071015,0.8443595,-1.428936881,-1.473481067,48317.0588,116.5417199,48317.0588,116.5417199,969.5,1.878,-0.807
beltzvilleCombined,252,0.336779299,0.765159969,-0.33736627,-1.049581038,1.564959071,0.025426708,0.751578504,-0.370898992,1.472179281,-0.648651788,0.458047913,0.817750912,0.743249071,-1.419558781,-1.557909097,48317.0588,116.5417199,48317.0588,116.5417199,969.5,1.878,-0.807
beltzvilleCombined,253,0.48023944,0.826800181,-0.452133146,-1.048561159,1.544174574,0.02464731,0.510727148,-0.386835905,1.485462537,-0.673640649,0.429635605,0.975742044,0.721680374,-1.49759432,-1.460475016,48317.0588,116.5417199,48317.0588,116.5417199,969.5,1.878,-0.807
beltzvilleCombined,254,0.390725878,0.62007474,-0.046418895,1.539128674,-0.477075445,0.025426708,0.748023749,-0.413502611,1.470972665,-0.978928582,0.464787338,0.817741084,0.729442944,-1.431615542,-1.519355737,48317.0588,116.5417199,48317.0588,116.5417199,969.5,1.878,-0.807
beltzvilleCombined,255,0.365737903,0.777527502,-0.265994189,-1.167047582,1.531165881,0.027806018,0.663198908,-0.750612557,1.483297976,-0.006341239,0.43576803,0.930951244,0.876196084,-1.537362491,-1.570796327,48317.0588,116.5417199,48317.0588,116.5417199,969.5,1.878,-0.807
beltzvilleCombined,256,0.391939319,0.612028063,-0.0469756,1.541733993,1.557820065,0.02518169,0.75446533,-0.370274973,1.467061969,-0.493648587,0.469597083,0.819134296,0.734486247,-1.431618437,-1.460478927,48317.0588,116.5417199,48317.0588,116.5417199,969.5,1.878,-0.807
beltzvilleCombined,257,0.353932973,0.793764242,-0.454589569,-1.089216832,1.537772127,0.05362086,0.530880448,-0.507307419,1.540654328,1.508091904,0.429235255,0.751884907,0.968599633,-1.440697124,-0.050448174,48317.0588,116.5417199,48317.0588,116.5417199,969.5,1.878,-0.807
beltzvilleCombined,258,0.49309175,0.817803303,-0.25252245,-0.843269459,1.528697251,0.055698071,0.516309711,-0.457444197,1.555228737,1.282932327,0.428157557,0.862864694,0.868049954,-1.450452744,0.019187292,48317.0588,116.5417199,48317.0588,116.5417199,969.5,1.878,-0.807
beltzvilleCombined,259,0.486431135,0.793356507,-0.46025058,-1.203790238,1.444635982,0.055226988,0.741402098,-0.40214879,1.540654328,-0.625318544,0.429202692,0.931550556,0.96857759,-1.440799682,-1.508120774,48317.0588,116.5417199,48317.0588,116.5417199,969.5,1.878,-0.807
beltzvilleCombined,260,0.152243464,0.769063416,-0.355301388,-0.964752247,1.540659993,0.056495869,0.514526775,0.740172129,1.536422818,1.351590699,0.416282642,0.688235903,0.955770753,-1.434523511,-0.006241332,48317.0588,116.5417199,48317.0588,116.5417199,969.5,1.878,-0.807
beltzvilleCombined,261,0.270670797,0.766077386,-0.074729974,-0.99128617,1.544074268,0.054474615,0.519187411,0.644168272,1.568958778,1.214455864,0.441538972,0.978915993,0.398275454,-1.469433125,-0.803764027,48317.0588,116.5417199,48317.0588,116.5417199,969.5,1.878,-0.807
beltzvilleCombined,262,0.335583803,0.62736699,-0.124126664,-0.83574481,1.442697807,0.053442933,0.749709128,-0.396204398,1.568303886,-0.766573334,0.478308224,0.565408785,0.385450204,-1.505296232,-1.442213396,48317.0588,116.5417199,48317.0588,116.5417199,969.5,1.878,-0.807
beltzvilleCombined,263,0.488175594,0.531128154,-0.123040718,0.001840326,1.480474942,0.025743285,0.753806687,-0.400247332,1.467484163,-0.766926258,0.474907557,0.991654998,0.8443595,-1.49305052,-1.492372071,48317.0588,116.5417199,48317.0588,116.5417199,969.5,1.878,-0.807
beltzvilleCombined,264,0.020578618,0.626862945,-0.488837925,-0.894885889,1.482047179,0.014078678,0.794301095,-1.157697599,1.485819403,-0.580587492,0.23467612,0.960371454,-0.28989951,-1.363745231,-0.69748014,48317.0588,116.5417199,48317.0588,116.5417199,969.5,1.878,-0.807
beltzvilleCombined,265,0.11640017,0.796341873,-0.154832545,-1.023987713,1.534624235,0.05526169,0.512909045,-0.371067469,1.54106282,-0.38091747,0.431088803,0.791447134,0.970237842,-1.448044505,-1.520111536,48317.0588,116.5417199,48317.0588,116.5417199,969.5,1.878,-0.807
beltzvilleCombined,266,0.34932799,0.76362085,-0.442724526,-0.973664775,1.527457694,0.031935357,0.626326603,-1.443275768,1.540647846,1.539067445,0.427818523,0.769985564,0.38483735,-1.19587137,0.151098771,48317.0588,116.5417199,48317.0588,116.5417199,969.5,1.878,-0.807
beltzvilleCombined,267,0.230416884,0.765857046,-0.019421977,-1.044720241,-1.114924996,0.054272732,0.522221358,0.213667345,1.539592778,1.398291546,0.426026569,0.587612287,0.945199891,-1.435155264,0.081931076,48317.0588,116.5417199,48317.0588,116.5417199,969.5,1.878,-0.807
beltzvilleCombined,268,0.490283375,0.62362283,-0.305451972,1.452748778,0.52351075,0.02504778,0.504150529,-0.165782394,1.471171197,-0.689290066,0.413345766,0.700098891,0.8443595,-1.439324502,-0.964740641,48317.0588,116.5417199,48317.0588,116.5417199,969.5,1.878,-0.807
beltzvilleCombined,269,0.045272183,0.626372215,-0.455228432,-0.828545986,1.5678471,0.131201741,0.541036355,-0.342903216,1.46155182,0.114387131,0.082843664,0.554489427,-0.802239566,-1.443842341,-1.477999853,48317.0588,116.5417199,48317.0588,116.5417199,969.5,1.878,-0.807
beltzvilleCombined,270,0.162893383,0.763053139,-0.449389655,-1.023307921,1.471512972,0.055980645,0.502281124,0.70784739,1.536422818,1.396820435,0.41650653,0.560200689,0.943140892,-1.434749524,-1.471794894,48317.0588,116.5417199,48317.0588,116.5417199,969.5,1.878,-0.807
beltzvilleCombined,271,0.087886093,0.594133623,-0.302214315,-0.974245956,1.555170133,0.168396977,0.845461471,0.831750747,1.463663355,-0.662315487,0.421561322,0.843404101,0.407566729,-1.250563524,-0.152330124,48317.0588,116.5417199,48317.0588,116.5417199,969.5,1.878,-0.807
beltzvilleCombined,272,0.482230012,0.714180088,-0.38735725,-0.998525785,1.548735716,0.012075179,0.974745593,-0.234102539,1.472361272,-0.688316102,0.053319183,0.624988062,-0.787424496,-1.48698506,-0.731151328,48317.0588,116.5417199,48317.0588,116.5417199,969.5,1.878,-0.807
beltzvilleCombined,273,0.199842729,0.62588615,-0.01418113,-0.812340839,1.421542852,0.014081841,0.90657254,-1.203206481,1.486089376,1.562114178,0.135923936,0.803101017,-0.289913747,-1.53024854,-0.819023025,48317.0588,116.5417199,48317.0588,116.5417199,969.5,1.878,-0.807
beltzvilleCombined,274,0.486277737,0.81044299,-0.416924892,0.172737526,1.471588436,0.05688468,0.509115884,0.70784739,1.534481249,1.484144852,0.432837939,0.839175604,0.923626941,-1.435155264,-0.740973097,48317.0588,116.5417199,48317.0588,116.5417199,969.5,1.878,-0.807
beltzvilleCombined,275,0.473696486,0.751300391,-0.456710491,0.76918372,1.549459762,0.024971251,0.799679856,-0.650060918,1.472023718,1.459598509,0.429895248,0.566132608,0.844489768,-1.450411761,-1.482566323,48317.0588,116.5417199,48317.0588,116.5417199,969.5,1.878,-0.807
beltzvilleCombined,276,0.404788104,0.52904889,-0.501158059,0.866243113,1.504026703,0.025426708,0.501153706,-0.370898992,1.466800083,1.562426956,0.464787338,0.791913997,0.785412573,-1.445889993,-1.530898245,48317.0588,116.5417199,48317.0588,116.5417199,969.5,1.878,-0.807
beltzvilleCombined,277,0.489405731,0.772438677,-0.295398075,0.822430036,1.564269392,0.015395196,0.804311046,0.710864151,1.476122407,-0.686158212,0.42586736,0.703973861,-0.848031702,-0.211250516,-0.849635426,48317.0588,116.5417199,48317.0588,116.5417199,969.5,1.878,-0.807
beltzvilleCombined,278,0.189108091,0.848568357,-0.075223131,-0.926726393,1.466682787,0.062606458,0.511831243,0.692709948,1.548168314,0.29421906,0.442911848,0.98485248,0.938910643,-1.444121951,0.324536544,48317.0588,116.5417199,48317.0588,116.5417199,969.5,1.878,-0.807
beltzvilleCombined,279,0.145347465,0.706948339,-0.170597515,-0.862256749,-0.193359056,0.056455063,0.513110418,-0.314691241,1.538366214,0.491437429,0.462389091,0.538995357,0.977687293,-1.519023612,-1.458718645,48317.0588,116.5417199,48317.0588,116.5417199,969.5,1.878,-0.807
beltzvilleCombined,280,0.353932973,0.793764242,-0.454589569,-1.089216832,1.441303557,0.055226988,0.516305059,-0.007765141,1.540654328,1.295426383,0.429202692,0.751884907,0.968599633,-1.440697124,-0.050723324,48317.0588,116.5417199,48317.0588,116.5417199,969.5,1.878,-0.807
beltzvilleCombined,281,0.170272786,0.766071791,-1.049545125,-0.949860342,1.543985309,0.054474615,0.519187411,0.694726654,1.569449802,-0.734384667,0.440781662,0.863785135,0.398363989,-1.189777709,1.248658627,48317.0588,116.5417199,48317.0588,116.5417199,969.5,1.878,-0.807
beltzvilleCombined,282,0.397127868,0.600977529,-0.052214693,1.498558125,1.505278456,0.025071746,0.789846276,-0.370898992,1.470972665,-0.582059392,0.464784853,0.823045095,0.768614212,-1.435523965,-1.516125549,48317.0588,116.5417199,48317.0588,116.5417199,969.5,1.878,-0.807
beltzvilleCombined,283,0.474015785,0.638464009,-0.466251215,-0.875705481,1.516231247,0.012639909,0.518510864,-0.398032641,1.460880038,-1.304550754,0.446869456,0.787155308,0.415744274,-1.188115392,-0.35032777,48317.0588,116.5417199,48317.0588,116.5417199,969.5,1.878,-0.807
beltzvilleCombined,284,0.387660476,0.766344631,-0.025275795,1.538993351,0.88820998,0.026830805,0.635032637,0.685758997,1.470972665,0.965962858,0.464784853,0.779303493,0.766424576,-1.513811669,-1.447619929,48317.0588,116.5417199,48317.0588,116.5417199,969.5,1.878,-0.807
beltzvilleCombined,285,0.390804755,0.623701804,-1.341232308,-0.924958459,1.504839936,0.02511012,0.533158147,-0.372696715,1.472279751,1.551998434,0.46931211,0.818420225,0.77604224,-1.43132019,-0.808187633,48317.0588,116.5417199,48317.0588,116.5417199,969.5,1.878,-0.807
beltzvilleCombined,286,0.206009355,0.897223124,-0.123040718,0.001840326,1.480474942,0.025743285,0.753806687,-0.400247332,1.467484163,-0.766926258,0.474907557,0.991654998,0.8443595,-1.49305052,-1.492372071,48317.0588,116.5417199,48317.0588,116.5417199,969.5,1.878,-0.807
beltzvilleCombined,287,0.470863183,0.765631674,-0.387612084,-0.002577032,-1.339884384,0.05389963,0.772787224,-0.478594454,1.569065662,0.674130039,0.484616694,0.86052498,0.365258784,-1.443713408,-1.457502988,48317.0588,116.5417199,48317.0588,116.5417199,969.5,1.878,-0.807
beltzvilleCombined,288,0.307540581,0.785539735,-0.325888045,1.537379436,1.564269392,0.012844155,0.753205533,-1.135261023,1.438726213,0.149181027,0.44743637,0.93315589,0.851224005,-1.287678179,0.515524478,48317.0588,116.5417199,48317.0588,116.5417199,969.5,1.878,-0.807
beltzvilleCombined,289,0.133662218,0.779895088,-0.259799544,-1.063378412,1.548928414,0.012083086,0.541937618,0.535346464,1.467487235,-0.59147822,0.047459726,0.636331276,0.410391866,-1.308198366,-1.496291706,48317.0588,116.5417199,48317.0588,116.5417199,969.5,1.878,-0.807
beltzvilleCombined,290,0.335583803,0.769362417,-0.439680329,-0.829557848,-0.482216558,0.053442933,0.539450813,0.309865672,1.568988541,-1.535417557,0.405357088,0.565408785,0.385450204,-1.50579287,-1.442213396,48317.0588,116.5417199,48317.0588,116.5417199,969.5,1.878,-0.807
beltzvilleCombined,291,0.34932799,0.76362085,-0.456065922,-1.079832816,-1.197554376,0.032150993,0.626326603,-1.443275768,1.540647846,1.539067445,0.427818523,0.769985564,0.38483735,-1.19587137,0.151098771,48317.0588,116.5417199,48317.0588,116.5417199,969.5,1.878,-0.807
beltzvilleCombined,292,0.473832154,0.71130181,-0.911375346,1.539805045,-0.600885649,0.011694195,0.570585357,0.355985917,1.42980945,1.50569945,0.18214079,0.575432974,0.301669978,0.406022643,-1.037792596,48317.0588,116.5417199,48317.0588,116.5417199,969.5,1.878,-0.807
beltzvilleCombined,293,0.273229954,0.768110201,-0.883562695,-0.056454367,1.553526989,0.054474615,0.772787224,0.688057026,1.569065662,0.689028213,0.440781662,0.86052498,0.389726918,-1.054479982,-0.803764027,48317.0588,116.5417199,48317.0588,116.5417199,969.5,1.878,-0.807
beltzvilleCombined,294,0.258997611,0.766067354,-0.456820329,-0.911875125,-0.61846687,0.054474615,0.519642597,-0.662645307,1.570148362,-0.658306798,0.457186184,0.565013806,0.389726918,-1.1092035,-0.932898027,48317.0588,116.5417199,48317.0588,116.5417199,969.5,1.878,-0.807
beltzvilleCombined,295,0.473607548,0.755419268,-0.466251215,-0.875705481,1.516231247,0.012639909,0.518510864,-0.398032641,1.460880038,0.49738897,0.458285689,0.787155308,0.383133381,-1.187964599,-1.414653736,48317.0588,116.5417199,48317.0588,116.5417199,969.5,1.878,-0.807
beltzvilleCombined,296,0.11640017,0.796341873,-0.152991203,-1.033183211,1.534624235,0.05526169,0.516254192,0.01515784,1.542085723,1.295599125,0.431088803,0.980011746,0.948086417,-1.447700866,-1.482691756,48317.0588,116.5417199,48317.0588,116.5417199,969.5,1.878,-0.807
beltzvilleCombined,297,0.390911821,0.629280776,-0.029272361,-1.049729007,1.499601137,0.024425465,0.511319403,-0.398110817,1.46659743,0.514396854,0.469597083,0.996428274,0.821492475,-1.496995108,-1.460475016,48317.0588,116.5417199,48317.0588,116.5417199,969.5,1.878,-0.807
beltzvilleCombined,298,0.483216622,0.796341873,-1.197011228,0.723786295,0.344059557,0.05526169,0.516254192,-0.520236448,1.541846335,1.295599125,0.431088803,0.791447134,0.968599633,-1.447700866,-0.005716135,48317.0588,116.5417199,48317.0588,116.5417199,969.5,1.878,-0.807
beltzvilleCombined,299,0.468239048,0.763665501,-0.466284205,-0.19009361,0.214622124,0.031996932,0.542045806,-1.443275768,1.540647846,-0.59648217,0.438339969,0.768823781,0.38483735,-1.19587137,0.262285107,48317.0588,116.5417199,48317.0588,116.5417199,969.5,1.878,-0.807
beltzvilleCombined,300,0.11640017,0.796341873,-0.154832545,-1.052875473,1.534624235,0.05526169,0.512909045,-0.891393274,1.54106282,-0.38091747,0.431088803,0.791447134,0.970237842,-1.448044505,-1.520111536,48317.0588,116.5417199,48317.0588,116.5417199,969.5,1.878,-0.807
beltzvilleCombined,301,0.468839744,0.793764242,-0.454589569,-1.084579756,1.444635982,0.055226988,0.516305059,-0.520236448,1.540654328,1.295426383,0.429202692,0.996786185,0.96857759,-1.440697124,-0.050723324,48317.0588,116.5417199,48317.0588,116.5417199,969.5,1.878,-0.807
beltzvilleCombined,302,0.444279553,0.627806843,-0.154536757,0.001840326,1.480474942,0.025569471,0.753806687,0.658938625,1.461570482,-0.766926258,0.42780839,0.991166091,0.8443595,-1.453654725,-1.493131475,48317.0588,116.5417199,48317.0588,116.5417199,969.5,1.878,-0.807
beltzvilleCombined,303,0.379272158,0.625992845,-0.043749332,-0.538078461,1.568124103,0.052223179,0.80093888,1.343697431,1.483182149,0.105626185,0.379924854,0.694950992,0.23776181,-1.547377885,-1.420304573,48317.0588,116.5417199,48317.0588,116.5417199,969.5,1.878,-0.807
beltzvilleCombined,304,0.496664847,0.792603199,-0.497891673,-1.066551183,1.541465155,0.025048369,0.740159228,0.839942821,1.469059961,1.296465094,0.426970397,0.55949989,0.733874381,-1.439882336,-1.455715061,48317.0588,116.5417199,48317.0588,116.5417199,969.5,1.878,-0.807
beltzvilleCombined,305,0.11640017,0.796341873,-0.154832545,-1.052875473,1.51038029,0.055305952,0.512909045,-0.371067469,1.54106282,1.316594605,0.431088803,0.587232393,0.970237842,-1.448506883,-1.520111536,48317.0588,116.5417199,48317.0588,116.5417199,969.5,1.878,-0.807
beltzvilleCombined,306,0.323319809,0.82390865,-0.451200673,1.488855157,1.570796327,0.011786407,0.5,-0.340403504,1.437373981,1.396765327,0.457241701,0.908762558,0.744485579,-1.479137394,-1.570796327,48317.0588,116.5417199,48317.0588,116.5417199,969.5,1.878,-0.807
beltzvilleCombined,307,0.390760263,0.627929382,-0.0469756,1.541733993,1.504825192,0.025048363,0.753987476,-0.370274973,1.46665279,-0.493648587,0.469597083,0.817414658,0.734486247,-1.431618437,-1.460478927,48317.0588,116.5417199,48317.0588,116.5417199,969.5,1.878,-0.807
beltzvilleCombined,308,0.390440137,0.62362283,-0.501158059,1.523408402,1.467091816,0.025426708,0.805264505,-0.372691666,1.470490331,1.545409262,0.464787338,0.81867734,0.730853567,-1.445884366,-1.511928573,48317.0588,116.5417199,48317.0588,116.5417199,969.5,1.878,-0.807
beltzvilleCombined,309,0.387660476,0.761543322,-0.025275795,1.538993351,0.88820998,0.026830805,0.635032637,0.685758997,1.471770512,-0.401273592,0.464784853,0.577200408,0.768322481,-1.439878474,-1.447619929,48317.0588,116.5417199,48317.0588,116.5417199,969.5,1.878,-0.807
beltzvilleCombined,310,0.494226702,0.897223124,-0.123040718,0.001840326,1.480474942,0.025743285,0.753806687,-0.400247332,1.467484163,-0.766926258,0.474907557,0.991654998,0.84422956,-1.492025304,-1.492372071,48317.0588,116.5417199,48317.0588,116.5417199,969.5,1.878,-0.807
beltzvilleCombined,311,0.445744664,0.906743752,-0.453903418,-1.023545812,1.444635982,0.055226988,0.516305059,-0.520236448,1.540654328,1.295426383,0.429202692,0.567595347,0.96857759,-1.440697124,0.016707244,48317.0588,116.5417199,48317.0588,116.5417199,969.5,1.878,-0.807
beltzvilleCombined,312,0.488330817,0.634313249,-0.032370953,0.017238253,1.480474942,0.025678018,0.755718307,-0.400217983,1.466778375,0.482579767,0.465361827,0.991654998,0.838708682,-1.453123791,-1.493131475,48317.0588,116.5417199,48317.0588,116.5417199,969.5,1.878,-0.807
beltzvilleCombined,313,0.373812925,0.781854398,-0.153168169,-1.036037328,1.443874163,0.05678952,0.513246634,-0.439043469,1.537005179,0.487858396,0.458055482,0.53859736,0.977687293,-1.523939373,-0.878119462,48317.0588,116.5417199,48317.0588,116.5417199,969.5,1.878,-0.807
beltzvilleCombined,314,0.147383081,0.79568453,-0.454247257,-1.185549116,1.347517481,0.055253816,0.516168843,-0.380358678,1.541408406,-0.635161757,0.430192824,0.582695242,0.96857759,-1.44058572,-0.805324197,48317.0588,116.5417199,48317.0588,116.5417199,969.5,1.878,-0.807
beltzvilleCombined,315,0.481744604,0.643313952,-0.148694812,-0.887823151,1.464228495,0.012107519,0.518510864,-0.371924297,1.460880038,-0.577562281,0.448062703,0.821503238,0.429135131,-1.187772568,-1.414653736,48317.0588,116.5417199,48317.0588,116.5417199,969.5,1.878,-0.807
beltzvilleCombined,316,0.163653619,0.790515544,-0.394415031,-1.030143779,-1.452818089,0.057129353,0.500251973,-0.368490167,1.55596653,1.518470176,0.440781662,0.544920018,0.902389724,-1.523939373,-0.880439514,48317.0588,116.5417199,48317.0588,116.5417199,969.5,1.878,-0.807
beltzvilleCombined,317,0.189108091,0.848568357,-0.075223131,-0.480443748,1.466682787,0.063863052,0.511831243,0.683540534,1.548168314,0.29421906,0.442911848,0.981126656,0.938910643,-1.449250882,0.324536544,48317.0588,116.5417199,48317.0588,116.5417199,969.5,1.878,-0.807
beltzvilleCombined,318,0.348570397,0.609962056,-0.38820132,-0.974466024,1.399318562,0.025426708,0.74689912,-0.370898992,1.471732426,0.462596282,0.462188745,0.816113165,0.704549743,-1.48393621,-1.558349877,48317.0588,116.5417199,48317.0588,116.5417199,969.5,1.878,-0.807
beltzvilleCombined,319,0.480148243,0.626570814,-0.002107898,0.001840326,1.506436701,0.025743285,0.533833557,-0.372545958,1.472056033,-0.766926258,0.443558694,0.994925041,0.838556386,-1.44138041,-1.501841383,48317.0588,116.5417199,48317.0588,116.5417199,969.5,1.878,-0.807
beltzvilleCombined,320,0.493559582,0.621623785,-0.457696892,-0.966861736,1.516198132,0.013889098,0.751848436,-0.392330258,1.4653251,1.513566465,0.462424528,0.78620832,0.416743904,-1.187749597,-1.426724377,48317.0588,116.5417199,48317.0588,116.5417199,969.5,1.878,-0.807
beltzvilleCombined,321,0.471053727,0.783908705,-0.457791272,0.057971942,1.470662037,0.053982301,0.752356855,0.625481622,1.569065662,0.689028213,0.44077888,0.86052498,0.389726918,-1.284768758,-0.944948464,48317.0588,116.5417199,48317.0588,116.5417199,969.5,1.878,-0.807
beltzvilleCombined,322,0.390739118,0.767039661,-0.046423261,-0.547331016,1.503014256,0.025411037,0.749582179,-0.388514466,1.471217662,-0.445690111,0.474580087,0.800337388,0.734566649,-1.439381588,-1.509356504,48317.0588,116.5417199,48317.0588,116.5417199,969.5,1.878,-0.807
beltzvilleCombined,323,0.381965223,0.737962853,-0.479194532,0.001840326,1.480474942,0.026093703,0.753695885,-0.400247332,1.467950932,-0.766926258,0.44059139,0.962027108,0.833970059,-1.49305052,-1.492370301,48317.0588,116.5417199,48317.0588,116.5417199,969.5,1.878,-0.807
beltzvilleCombined,324,0.153318593,0.630141262,-0.072413034,-1.032677937,1.473280403,0.030646916,0.517411945,-1.052008227,1.488884626,1.517209106,0.434784703,0.564625218,0.883268802,-1.435860181,-0.769323799,48317.0588,116.5417199,48317.0588,116.5417199,969.5,1.878,-0.807
beltzvilleCombined,325,0.483984542,0.75524021,-0.466251215,-1.002473507,1.516231247,0.012639909,0.518510864,-0.398032641,1.460880038,0.492904614,0.446613676,0.787165268,0.415738642,-1.188115392,-0.177380926,48317.0588,116.5417199,48317.0588,116.5417199,969.5,1.878,-0.807
beltzvilleCombined,326,0.270670797,0.624234869,-0.314843543,-0.948865542,1.542953602,0.054474615,0.768278713,0.701702941,1.568958778,-0.717922528,0.440323153,0.862911764,0.398275454,-1.189777709,-0.803764027,48317.0588,116.5417199,48317.0588,116.5417199,969.5,1.878,-0.807
beltzvilleCombined,327,0.484123172,0.819641771,-0.504750272,-0.902477049,1.543261577,0.02749536,0.529515048,-0.350875415,1.470581128,-0.895088918,0.433335997,0.791191825,0.924166115,-1.443705974,-0.142614656,48317.0588,116.5417199,48317.0588,116.5417199,969.5,1.878,-0.807
beltzvilleCombined,328,0.157894481,0.598894846,-0.334646275,-0.667838381,1.480474942,0.02504778,0.788251836,-1.185964831,1.467637138,-0.475132285,0.474907557,0.689724248,0.860559759,-1.518018984,-1.489730624,48317.0588,116.5417199,48317.0588,116.5417199,969.5,1.878,-0.807
beltzvilleCombined,329,0.200417794,0.897223124,-0.123040718,0.001840326,1.480474942,0.025743285,0.753806687,-0.400247332,1.467484163,-0.766926258,0.474907557,0.991654998,0.84422956,-1.492009007,-1.492372071,48317.0588,116.5417199,48317.0588,116.5417199,969.5,1.878,-0.807
beltzvilleCombined,330,0.486272489,0.640238841,-0.325482301,1.014659169,1.564665674,0.015466962,0.749449557,-0.375439843,1.471080994,-0.638707507,0.456819521,0.698405168,-0.848234152,-1.254259168,-0.696320811,48317.0588,116.5417199,48317.0588,116.5417199,969.5,1.878,-0.807
beltzvilleCombined,331,0.480490571,0.789992303,-0.298366077,-1.04273333,1.564695176,0.013378436,0.73664791,-0.443730197,1.460880038,0.122955464,0.382162515,0.82156867,0.622322616,-1.285651035,-1.414075351,48317.0588,116.5417199,48317.0588,116.5417199,969.5,1.878,-0.807
beltzvilleCombined,332,0.386008099,0.623527638,-0.063260563,1.541733993,1.504839936,0.025341988,0.528242915,-0.368570831,1.467865325,-0.638869294,0.495061002,0.817414658,0.734486247,-1.513055649,-1.460478927,48317.0588,116.5417199,48317.0588,116.5417199,969.5,1.878,-0.807
beltzvilleCombined,333,0.353604651,0.763949555,-0.45604416,-0.973664775,0.873080332,0.031935357,0.626326603,-1.443275768,1.540654319,1.419496342,0.425806944,0.774053933,0.355113191,-1.145172981,0.080062843,48317.0588,116.5417199,48317.0588,116.5417199,969.5,1.878,-0.807
beltzvilleCombined,334,0.349656312,0.793435536,-0.454589569,-1.089216832,1.443800635,0.055226988,0.516305059,-0.520236448,1.540647855,1.289361103,0.429202692,0.751890437,0.968599633,-1.440697124,-0.052479921,48317.0588,116.5417199,48317.0588,116.5417199,969.5,1.878,-0.807
beltzvilleCombined,335,0.276858466,0.609116194,-0.249775095,-0.108731491,1.554874969,0.104337881,0.510865343,1.007494903,1.465137086,0.592384871,0.419514414,0.871365239,-0.612656023,0.776142568,-0.855590717,48317.0588,116.5417199,48317.0588,116.5417199,969.5,1.878,-0.807
beltzvilleCombined,336,0.134194546,0.622173002,-0.396368932,-0.884614794,1.525945839,0.012590883,0.519787178,-0.453909676,1.459682662,1.4665167,0.431100756,0.789629929,0.416743904,-1.425207294,-1.429171553,48317.0588,116.5417199,48317.0588,116.5417199,969.5,1.878,-0.807
beltzvilleCombined,337,0.34932799,0.763376977,-0.455929899,-0.973664775,0.875605366,0.031935357,0.543134108,-1.439293939,1.540647846,1.395415207,0.426426704,0.770225386,0.357093141,-1.358242318,0.078306246,48317.0588,116.5417199,48317.0588,116.5417199,969.5,1.878,-0.807
beltzvilleCombined,338,0.162137663,0.760161478,-0.44932189,-0.534043159,1.436565336,0.056495869,0.514109101,0.785932575,1.535929506,1.411724559,0.424620596,0.557784465,0.939394212,-1.427022841,-0.734068633,48317.0588,116.5417199,48317.0588,116.5417199,969.5,1.878,-0.807
beltzvilleCombined,339,0.447989217,0.755419268,-0.466251215,-0.875705481,1.515900926,0.012639909,0.517977237,-0.398032641,1.461183236,0.49738897,0.447321932,0.787155308,0.383133381,-1.529698199,-1.414653736,48317.0588,116.5417199,48317.0588,116.5417199,969.5,1.878,-0.807
beltzvilleCombined,340,0.381320078,0.623127373,-0.788374268,-0.812340839,1.499553075,0.014081728,0.789714764,-1.205577583,1.485599879,1.528138709,0.168516751,0.803101017,-0.324562035,-1.197082906,-1.434199037,48317.0588,116.5417199,48317.0588,116.5417199,969.5,1.878,-0.807
beltzvilleCombined,341,0.087430263,0.768076339,-0.251014509,-1.149299383,-1.392499508,0.053982301,0.772787224,-0.387625773,1.569065662,-0.464405407,0.474456048,0.86052498,0.389726918,-1.294462047,-0.950071009,48317.0588,116.5417199,48317.0588,116.5417199,969.5,1.878,-0.807
beltzvilleCombined,342,0.180439635,0.632140319,-0.41626221,-1.023307921,1.503336725,0.056878031,0.509514522,0.708939681,1.536422818,1.517209106,0.426124305,0.838384452,0.935695283,-1.435155264,-0.691938127,48317.0588,116.5417199,48317.0588,116.5417199,969.5,1.878,-0.807
beltzvilleCombined,343,0.11640017,0.768992634,-0.138627784,-1.052875473,1.465703382,0.05709489,0.505373668,-0.378390346,1.541702032,1.316594605,0.431088803,0.587232393,0.970237842,-1.448757375,-1.520111536,48317.0588,116.5417199,48317.0588,116.5417199,969.5,1.878,-0.807
beltzvilleCombined,344,0.176504275,0.796472751,-0.406766297,-1.186565302,1.507734274,0.055362543,0.917830987,-0.371615836,1.529458639,-0.652305947,0.420372796,0.563730364,1.030336757,-1.470449933,-0.916712568,48317.0588,116.5417199,48317.0588,116.5417199,969.5,1.878,-0.807
beltzvilleCombined,345,0.366673714,0.625040158,-0.266445329,-1.168673253,1.481036227,0.025735074,0.753806687,-0.739651192,1.467296878,-0.800506934,0.474907557,0.991654998,0.875706775,-1.49305052,-1.568094992,48317.0588,116.5417199,48317.0588,116.5417199,969.5,1.878,-0.807
beltzvilleCombined,346,0.489419017,0.640195014,-0.371090634,1.085710637,1.56249154,0.015056308,0.542196567,-0.52489891,1.469324277,1.498026845,0.424837444,0.815290172,-0.577431986,-1.439959403,-0.802380248,48317.0588,116.5417199,48317.0588,116.5417199,969.5,1.878,-0.807
beltzvilleCombined,347,0.483095355,0.639217823,-0.32546245,1.022420838,1.564668638,0.015452953,0.521585005,-0.375374476,1.470963809,-0.621960281,0.457043922,0.698405168,-0.796257909,-0.595033769,0.023510351,48317.0588,116.5417199,48317.0588,116.5417199,969.5,1.878,-0.807
beltzvilleCombined,348,0.322116895,0.768858778,-0.251014509,-1.110204827,-1.392499508,0.054299305,0.519158709,0.68055769,1.569047055,0.798515313,0.440781662,0.863927865,0.39821297,-1.304488268,-1.24015057,48317.0588,116.5417199,48317.0588,116.5417199,969.5,1.878,-0.807
beltzvilleCombined,349,0.480026955,0.698777946,-0.125120393,0.001909019,1.479839359,0.02577389,0.732772462,-0.400247332,1.467484163,-0.766926258,0.445842181,0.813368542,0.844790514,-1.44284581,-1.448767447,48317.0588,116.5417199,48317.0588,116.5417199,969.5,1.878,-0.807
beltzvilleCombined,350,0.162926074,0.658241844,-0.329697792,-0.536680209,1.534804801,0.055289677,0.516254192,-0.502551216,1.540946198,1.295599125,0.431088803,0.791447134,0.970237842,-1.447291596,-1.482691756,48317.0588,116.5417199,48317.0588,116.5417199,969.5,1.878,-0.807
beltzvilleCombined,351,0.48955393,0.640195014,-0.38036592,1.085710637,1.562253499,0.015056308,0.755071553,-0.52489891,1.469324277,1.526248089,0.424837444,0.970868209,-0.577431986,-1.439959403,-0.802380248,48317.0588,116.5417199,48317.0588,116.5417199,969.5,1.878,-0.807
beltzvilleCombined,352,0.273229954,0.766067354,-0.029985023,-0.755221893,1.545111237,0.054474615,0.522065015,-0.638322931,1.570448538,-0.539771823,0.456817013,0.86087111,0.346010024,-1.169570785,-0.819265884,48317.0588,116.5417199,48317.0588,116.5417199,969.5,1.878,-0.807
beltzvilleCombined,353,0.471260314,0.651455513,-0.317246538,-0.083137619,1.539909104,0.053982301,0.77591735,0.688844263,1.569065662,0.667810043,0.440781662,0.86052498,0.3997427,-1.477951948,-1.040012035,48317.0588,116.5417199,48317.0588,116.5417199,969.5,1.878,-0.807
beltzvilleCombined,354,0.153318593,0.629820072,-0.075102672,-1.032677937,0.098630248,0.028425624,0.509372681,-0.97182718,1.489386573,1.517209106,0.434784703,0.834444516,0.891575305,-1.435863427,-0.802549208,48317.0588,116.5417199,48317.0588,116.5417199,969.5,1.878,-0.807
beltzvilleCombined,355,0.490205047,0.798229561,-0.458539476,0.720758635,1.564269392,0.015452953,0.805733836,-0.110882617,1.471547046,-0.666785749,0.424837444,0.575550055,0.428201243,-1.260573268,0.033120068,48317.0588,116.5417199,48317.0588,116.5417199,969.5,1.878,-0.807
beltzvilleCombined,356,0.4853103,0.622179384,-0.153168169,-0.862256749,1.342155079,0.056455063,0.513110418,-0.393610945,1.538366214,0.491437429,0.456827026,0.866332716,0.977687293,-1.523939373,0.318105668,48317.0588,116.5417199,48317.0588,116.5417199,969.5,1.878,-0.807
beltzvilleCombined,357,0.395421094,0.759474873,-0.150504075,-0.816800841,1.549459762,0.024865078,0.755413325,-0.649882058,1.471010112,-0.494255227,0.431723168,0.991301699,0.844489768,-1.451621266,-1.482566323,48317.0588,116.5417199,48317.0588,116.5417199,969.5,1.878,-0.807
beltzvilleCombined,358,0.378832436,0.625992845,-0.043749332,-1.261804984,1.568124103,0.052223179,0.804999797,1.354503188,1.482315859,0.105626185,0.379902965,0.698546416,0.23776181,-1.438855729,-1.420304573,48317.0588,116.5417199,48317.0588,116.5417199,969.5,1.878,-0.807
beltzvilleCombined,359,0.390885172,0.623525928,-0.063260563,1.54196797,1.504839936,0.025341988,0.528242915,-0.368570831,1.471204846,-0.638869294,0.495061002,0.817414658,0.734486247,-1.516219076,-1.460478927,48317.0588,116.5417199,48317.0588,116.5417199,969.5,1.878,-0.807
beltzvilleCombined,360,0.385862045,0.62362454,-0.046423261,1.538759374,1.503014256,0.025411037,0.754007008,-0.371179736,1.46787814,-0.492614283,0.474580087,0.800337388,0.734566649,-1.438657903,-1.519410944,48317.0588,116.5417199,48317.0588,116.5417199,969.5,1.878,-0.807
beltzvilleCombined,361,0.479346698,0.640767198,-0.32546245,1.013328162,1.491786818,0.014048453,0.734749884,-1.104848381,1.469326147,-0.622241303,0.070213405,0.863256917,-0.290156143,-0.597542598,0.023510351,48317.0588,116.5417199,48317.0588,116.5417199,969.5,1.878,-0.807
beltzvilleCombined,362,0.309672564,0.611608163,-0.491550556,-0.944783989,1.549309024,0.009736297,0.525059679,-0.337598445,1.432751581,-0.944056232,0.464711078,0.97910873,0.516019104,-1.091467036,-1.484089462,48317.0588,116.5417199,48317.0588,116.5417199,969.5,1.878,-0.807
beltzvilleCombined,363,0.411406256,0.979802833,-0.449308996,-1.188968367,1.462968802,0.056469647,0.511905817,0.758382928,1.541568968,1.418212789,0.427854527,0.780221564,0.953555813,-1.479412869,-0.979975333,48317.0588,116.5417199,48317.0588,116.5417199,969.5,1.878,-0.807
beltzvilleCombined,364,0.355504976,0.767220636,-0.153168169,-0.860596907,1.348301973,0.056816348,0.513110418,-0.443869877,1.538366214,0.745045185,0.462389091,0.538995357,0.977687293,-1.523939373,-1.399698327,48317.0588,116.5417199,48317.0588,116.5417199,969.5,1.878,-0.807
beltzvilleCombined,365,0.44811539,0.768110201,-0.368533863,-0.662647357,-1.392499508,0.053747868,0.772787224,0.689620632,1.567202504,0.701452911,0.440781662,0.685591551,0.389726918,-1.510903801,-0.055381742,48317.0588,116.5417199,48317.0588,116.5417199,969.5,1.878,-0.807
beltzvilleCombined,366,0.298902633,0.62362283,-0.046418895,-1.111549254,1.480474942,0.025282213,0.753981027,-0.400247332,1.468186561,-0.465925183,0.474907557,0.864657677,0.8443595,-1.518018984,-0.929435401,48317.0588,116.5417199,48317.0588,116.5417199,969.5,1.878,-0.807
beltzvilleCombined,367,0.481003781,0.850089428,-0.075223131,-0.926726393,1.560208229,0.062606458,0.511831243,0.692709948,1.547897428,-0.790615897,0.426246095,0.98485248,0.940968264,-1.444103549,0.293134417,48317.0588,116.5417199,48317.0588,116.5417199,969.5,1.878,-0.807
beltzvilleCombined,368,0.488169338,0.602962226,-0.480259234,-0.891047038,1.517522255,0.02755299,0.518269178,-0.400247332,1.467754334,-0.766926258,0.474907557,0.773796884,0.8443595,-1.49305052,-1.492372071,48317.0588,116.5417199,48317.0588,116.5417199,969.5,1.878,-0.807
beltzvilleCombined,369,0.471200049,0.606357904,-0.501158059,1.538993351,1.480454014,0.025422902,0.7559021,-0.372209441,1.47051267,-0.65492772,0.47406042,0.851515248,0.730853567,-1.447094592,-1.55785644,48317.0588,116.5417199,48317.0588,116.5417199,969.5,1.878,-0.807
beltzvilleCombined,370,0.206009355,0.897223124,-0.123040718,-0.030056607,1.480474942,0.025743285,0.753806687,-0.400247332,1.467484163,-0.766926258,0.479288868,0.991654998,0.8443595,-1.518313509,-1.492397663,48317.0588,116.5417199,48317.0588,116.5417199,969.5,1.878,-0.807
beltzvilleCombined,371,0.307629148,0.609307528,-0.29543894,1.537379436,1.564269392,0.013664602,0.803023793,-0.394085509,1.438726213,-0.652229172,0.38656543,0.705468627,0.851224005,-1.287678179,-0.985282543,48317.0588,116.5417199,48317.0588,116.5417199,969.5,1.878,-0.807
beltzvilleCombined,372,0.390482443,0.632157119,-0.046418895,1.535727305,-0.2935333,0.025426708,0.539469433,0.344868069,1.470972665,-0.978928582,0.464787338,0.641804126,0.727775737,-1.425077364,-1.493488164,48317.0588,116.5417199,48317.0588,116.5417199,969.5,1.878,-0.807
beltzvilleCombined,373,0.473696486,0.759474873,-0.150139469,1.47907004,1.549459762,0.024865078,0.55195198,-0.650060918,1.472247834,-0.493811654,0.431509252,0.992258963,0.844489768,-1.450748154,-1.526555621,48317.0588,116.5417199,48317.0588,116.5417199,969.5,1.878,-0.807
beltzvilleCombined,374,0.117751081,0.796341873,-0.152991203,-1.036652529,1.534624235,0.05526169,0.513695947,0.700581844,1.568772582,1.295599125,0.431328045,0.857151984,0.492003565,-1.444635735,-1.482691756,48317.0588,116.5417199,48317.0588,116.5417199,969.5,1.878,-0.807
beltzvilleCombined,375,0.025585005,0.599975826,-0.499465451,-1.011708484,1.546022245,0.025190844,0.51721837,-0.48496789,1.460266662,-0.628403286,0.423753288,0.786151617,0.426813323,-0.93886762,-0.812546989,48317.0588,116.5417199,48317.0588,116.5417199,969.5,1.878,-0.807
beltzvilleCombined,376,0.48061991,0.793764242,-0.454589569,0.614412935,1.444635982,0.062505881,0.516305059,0.806217891,1.54036769,1.295426383,0.429202692,0.996786185,0.969340041,-1.440689739,-0.050723324,48317.0588,116.5417199,48317.0588,116.5417199,969.5,1.878,-0.807
beltzvilleCombined,377,0.211913485,0.769063416,-0.356662665,-1.015750903,1.456580704,0.058235031,0.502235735,0.741180643,1.536960128,1.406188147,0.427321555,0.820847301,0.950803788,-1.435155264,0.209356173,48317.0588,116.5417199,48317.0588,116.5417199,969.5,1.878,-0.807
beltzvilleCombined,378,0.365737903,0.777527502,-0.268511817,-1.161536078,1.543863331,0.027664728,0.660997207,-0.760618026,1.483988235,0.750657738,0.440617891,0.859848789,0.876196084,-1.488122039,-0.806522457,48317.0588,116.5417199,48317.0588,116.5417199,969.5,1.878,-0.807
beltzvilleCombined,379,0.146497343,0.754173945,-0.170597515,-0.85394971,1.289652209,0.056495757,0.513110418,-0.314691241,1.538366214,1.482891314,0.462389091,0.602497266,0.945128536,-1.519023612,-1.458718645,48317.0588,116.5417199,48317.0588,116.5417199,969.5,1.878,-0.807
beltzvilleCombined,380,0.273229954,0.766071791,-0.468507506,-0.955371846,1.53128786,0.054615904,0.521515068,0.711708486,1.568230707,-0.067970764,0.4359318,0.931973565,0.389726918,-1.118247175,-1.551895018,48317.0588,116.5417199,48317.0588,116.5417199,969.5,1.878,-0.807
beltzvilleCombined,381,0.252762791,0.618202948,-1.248322564,1.534963735,1.548187908,0.024786556,0.513065404,-0.322976778,1.428588712,1.458741632,0.46315289,0.784577651,0.894709438,-1.104790837,-1.246134294,48317.0588,116.5417199,48317.0588,116.5417199,969.5,1.878,-0.807
beltzvilleCombined,382,0.485361724,0.793435536,-0.454589569,-1.089216832,1.443800635,0.055248684,0.517025309,-0.520236448,1.539598718,1.289361103,0.429202692,0.751890437,0.968599633,-1.440705029,-0.653374092,48317.0588,116.5417199,48317.0588,116.5417199,969.5,1.878,-0.807
beltzvilleCombined,383,0.390850655,0.64215143,-0.488020118,1.557134081,1.504765347,0.025165933,0.820768138,-0.408943386,1.469504566,1.388528593,0.464778577,0.780366091,0.852182359,-1.477829088,-0.70684543,48317.0588,116.5417199,48317.0588,116.5417199,969.5,1.878,-0.807
beltzvilleCombined,384,0.474015785,0.766965515,-0.466251215,-0.875341231,1.516231247,0.012426562,0.522465088,-0.648094688,1.460880038,0.504280301,0.446437058,0.887035094,0.466928687,-1.318273314,1.087601523,48317.0588,116.5417199,48317.0588,116.5417199,969.5,1.878,-0.807
beltzvilleCombined,385,0.383273417,0.625772574,-0.085481276,-0.812340839,1.422883992,0.013981609,0.789714764,-1.18434675,1.485599879,1.520346921,0.450638579,0.80655626,-0.762599315,-1.460809779,-1.421462313,48317.0588,116.5417199,48317.0588,116.5417199,969.5,1.878,-0.807
beltzvilleCombined,386,0.16192741,0.764468082,-0.425867892,-1.011184855,1.471512972,0.056495869,0.570246034,0.740172129,1.536960128,1.414137588,0.41650653,0.561685776,0.955770753,-1.435155264,-0.812178449,48317.0588,116.5417199,48317.0588,116.5417199,969.5,1.878,-0.807
beltzvilleCombined,387,0.484972751,0.596067038,-0.483512186,-0.368027227,1.504605812,0.025165933,0.929987289,-0.408943386,1.469504566,-0.678302196,0.43886409,0.780304861,0.857736574,-1.477829088,0.328041794,48317.0588,116.5417199,48317.0588,116.5417199,969.5,1.878,-0.807
beltzvilleCombined,388,0.2708881,0.768110201,-0.146580258,-1.112885608,-1.260891341,0.053982301,0.772787224,0.689620632,1.567324029,-0.508132923,0.440646764,0.86052498,0.389726918,-1.180046075,-0.944948464,48317.0588,116.5417199,48317.0588,116.5417199,969.5,1.878,-0.807
beltzvilleCombined,389,0.482497229,0.616003535,-0.15929785,-0.836132956,1.336190428,0.056455063,0.508433792,-0.314691241,1.538366214,0.491437429,0.461932927,0.538995357,0.977687293,-1.526174343,-1.458718645,48317.0588,116.5417199,48317.0588,116.5417199,969.5,1.878,-0.807
beltzvilleCombined,390,0.143849672,0.669724551,-0.484137753,-0.862123638,1.470474669,0.024864069,0.749978823,-0.393788021,1.47402204,-0.768661662,0.42425129,0.864188807,0.88029518,-1.518948099,-1.45574512,48317.0588,116.5417199,48317.0588,116.5417199,969.5,1.878,-0.807
beltzvilleCombined,391,0.149616561,0.630141262,-0.072413034,-0.874660076,1.473280403,0.026224429,0.539435599,-1.052008227,1.488017091,-0.706000484,0.434710664,0.983828098,0.846229007,-1.452499393,-0.776795395,48317.0588,116.5417199,48317.0588,116.5417199,969.5,1.878,-0.807
beltzvilleCombined,392,0.475265207,0.897223124,-0.123040718,0.034889825,1.480474942,0.025745265,0.753806687,-0.400247332,1.470947116,-0.766926258,0.474907557,0.980533328,0.84422956,-1.517109459,-1.492372071,48317.0588,116.5417199,48317.0588,116.5417199,969.5,1.878,-0.807
beltzvilleCombined,393,0.348901952,0.795977091,-0.374959324,-1.18722544,1.444635982,0.055222992,0.516305059,-0.412788769,1.540654328,-0.624234949,0.429202692,0.938513342,0.96857759,-1.440803439,0.003675853,48317.0588,116.5417199,48317.0588,116.5417199,969.5,1.878,-0.807
beltzvilleCombined,394,0.168427141,0.974397914,-0.452536291,-1.021631597,1.331808793,0.053460003,0.513428383,0.745752514,1.534771538,0.610016306,0.418662911,0.541486276,0.931675594,-1.440132454,-0.860899665,48317.0588,116.5417199,48317.0588,116.5417199,969.5,1.878,-0.807
beltzvilleCombined,395,0.382351654,0.781854398,-0.156565527,-1.036037328,1.509856212,0.056842136,0.508525555,-0.371540431,1.535629664,-0.484463957,0.46244586,0.517172575,0.981165515,-1.522729606,-1.441773735,48317.0588,116.5417199,48317.0588,116.5417199,969.5,1.878,-0.807
beltzvilleCombined,396,0.393144647,0.62405607,-0.325207367,-1.077613429,1.543203059,0.011609396,0.538324593,0.650763259,1.462766856,1.126858271,0.360130029,0.985878599,-0.244863918,-1.471298465,-1.523357075,48317.0588,116.5417199,48317.0588,116.5417199,969.5,1.878,-0.807
beltzvilleCombined,397,0.390739118,0.565244288,-0.07339364,1.538993351,1.504841885,0.025035357,0.753987476,-0.370909131,1.470972665,1.41014603,0.464784853,0.815266025,0.750095807,-1.421237007,-0.771121569,48317.0588,116.5417199,48317.0588,116.5417199,969.5,1.878,-0.807
beltzvilleCombined,398,0.163383845,0.627995085,-0.152754962,-1.046873305,1.501835562,0.025668957,0.75380556,-0.400247332,1.46965845,-0.748601857,0.474850919,0.936229793,0.8443595,-1.517967433,-0.815566055,48317.0588,116.5417199,48317.0588,116.5417199,969.5,1.878,-0.807
beltzvilleCombined,399,0.474015785,0.75524021,-1.229192348,1.407335463,1.516231247,0.012829542,0.513849653,-0.398003441,1.460451074,0.491501826,0.447141358,0.820343772,0.415744274,-1.191481559,-1.414653736,48317.0588,116.5417199,48317.0588,116.5417199,969.5,1.878,-0.807
beltzvilleCombined,400,0.493249709,0.814154142,-0.119918137,-1.270993285,1.355497841,0.047206752,0.556249287,-0.059220981,1.535360618,1.479036566,0.424850369,0.544742353,0.904108071,-1.515752334,-1.04392855,48317.0588,116.5417199,48317.0588,116.5417199,969.5,1.878,-0.807
beltzvilleCombined,401,0.215268603,0.919375399,-0.458760067,-1.020611419,-1.453537121,0.061804693,0.846827063,-1.317083199,1.553100345,1.48066101,0.432715951,0.844305247,1.021250592,-1.483299992,-0.169557268,48317.0588,116.5417199,48317.0588,116.5417199,969.5,1.878,-0.807
beltzvilleCombined,402,0.488330817,0.627806843,-0.151288253,1.316139551,1.480474942,0.025678018,0.753999295,-0.400247332,1.466856084,-0.764438866,0.464744159,0.987435181,0.8443595,-1.453654725,-1.493131475,48317.0588,116.5417199,48317.0588,116.5417199,969.5,1.878,-0.807
beltzvilleCombined,403,0.396368738,0.909433799,-0.041286028,0.084942886,-1.428759119,0.048456433,0.556249287,-0.059220981,1.535827873,1.479036566,0.427014729,0.541340155,0.959460363,-1.515752334,-1.04152956,48317.0588,116.5417199,48317.0588,116.5417199,969.5,1.878,-0.807
beltzvilleCombined,404,0.017548954,0.628169459,-0.488034787,-0.894885889,1.482047179,0.014170436,0.816151307,-1.157697599,1.485819403,-0.580587492,0.244289276,0.749603733,-0.294941089,-1.367821674,-0.69748014,48317.0588,116.5417199,48317.0588,116.5417199,969.5,1.878,-0.807
beltzvilleCombined,405,0.18931721,0.755216181,-0.062138648,-1.074449029,-1.500818732,0.041309657,0.517255564,-1.045993984,1.507328324,1.326272155,0.434812055,0.574243968,1.01177418,-1.482173726,-0.803350598,48317.0588,116.5417199,48317.0588,116.5417199,969.5,1.878,-0.807
beltzvilleCombined,406,0.48858165,0.740816067,-0.044339219,1.452748778,1.480474942,0.025017175,0.550560333,-0.400247332,1.467394665,-0.465925183,0.441218379,0.995238143,0.844109757,-1.444749967,-1.502989019,48317.0588,116.5417199,48317.0588,116.5417199,969.5,1.878,-0.807
beltzvilleCombined,407,0.162926074,0.658241844,-0.50026476,-0.536680209,1.534804801,0.055289677,0.515942858,-0.502551216,1.541976943,1.544938077,0.431088803,0.791447134,0.970318523,-1.447291596,-1.479392952,48317.0588,116.5417199,48317.0588,116.5417199,969.5,1.878,-0.807
beltzvilleCombined,408,0.161786556,0.629820072,-0.347969139,-0.976429892,1.547630133,0.030600802,0.511721294,-0.375320426,1.489179154,1.517209106,0.434825476,0.843971353,0.83525306,-1.414490165,-0.788738673,48317.0588,116.5417199,48317.0588,116.5417199,969.5,1.878,-0.807
beltzvilleCombined,409,0.387341234,0.626372215,-0.455228432,-0.844627947,1.5678471,0.131201741,0.540265708,-0.342903216,1.46155182,0.148805802,0.082843664,0.808066027,-0.839097809,-1.443842341,-1.309219473,48317.0588,116.5417199,48317.0588,116.5417199,969.5,1.878,-0.807
beltzvilleCombined,410,0.488322236,0.692137415,-0.449584267,-0.87377671,1.54308178,0.055071808,0.530248879,-0.627723294,1.537042165,1.469863176,0.436190359,0.794604695,0.968556023,-1.447172392,-0.003462789,48317.0588,116.5417199,48317.0588,116.5417199,969.5,1.878,-0.807
beltzvilleCombined,411,0.26961913,0.623592777,-0.07276067,-1.010480019,1.504814273,0.024969729,0.799457334,-0.370864791,1.465271944,1.189077102,0.469597083,0.81939896,0.734565548,-1.423226031,-0.792586847,48317.0588,116.5417199,48317.0588,116.5417199,969.5,1.878,-0.807
beltzvilleCombined,412,0.083665387,0.768110201,-0.251014509,-1.112885608,-1.373328554,0.054927252,0.753703534,-0.393706398,1.570771958,-0.652077659,0.447419158,0.86052498,0.389726918,-1.305137224,-0.944948464,48317.0588,116.5417199,48317.0588,116.5417199,969.5,1.878,-0.807
beltzvilleCombined,413,0.307540581,0.620102412,-0.29520001,1.537379436,1.496408386,0.012685353,0.772289224,-0.482313225,1.413908933,0.69051066,0.440798874,0.822702347,0.851224005,-1.286873062,-0.985282543,48317.0588,116.5417199,48317.0588,116.5417199,969.5,1.878,-0.807
beltzvilleCombined,414,0.228678878,0.625262689,-0.391608317,-0.872700012,1.516940649,0.015738261,0.844612789,-0.457396471,1.460880038,-0.635041733,0.424699935,0.787155308,0.412178023,-0.930224134,-1.414653736,48317.0588,116.5417199,48317.0588,116.5417199,969.5,1.878,-0.807
beltzvilleCombined,415,0.474015785,0.638464009,-0.45744021,0.020607719,1.479183933,0.012212982,0.754458829,-0.398032641,1.461312264,-1.305298747,0.453772952,0.978054508,0.415744274,-1.472364794,-0.35032777,48317.0588,116.5417199,48317.0588,116.5417199,969.5,1.878,-0.807
beltzvilleCombined,416,0.484130519,0.769063416,-0.34951725,-1.134708308,1.46377926,0.056133076,0.545562848,0.742115938,1.536422818,1.351590699,0.416389622,0.811544057,0.955770753,-1.434473801,-0.006241332,48317.0588,116.5417199,48317.0588,116.5417199,969.5,1.878,-0.807
beltzvilleCombined,417,0.486431135,0.793356507,-0.46025058,-1.266479182,1.444635982,0.055224641,0.808833845,-0.453240318,1.539358794,0.076506384,0.430361825,0.933284768,0.96857759,-1.440722374,-1.426573898,48317.0588,116.5417199,48317.0588,116.5417199,969.5,1.878,-0.807
beltzvilleCombined,418,0.158694609,0.63267109,-0.365330501,-1.033092242,1.473280403,0.030569047,0.516887782,-0.615757298,1.488884626,1.516384591,0.426897055,0.795816268,0.891575305,-1.436367039,-0.853325846,48317.0588,116.5417199,48317.0588,116.5417199,969.5,1.878,-0.807
beltzvilleCombined,419,0.20464614,0.591216844,-0.473361188,0.001840326,1.480474942,0.025743285,0.753806687,-0.400247332,1.467484163,-0.766978605,0.474907557,0.998317492,0.84422956,-1.492009007,-1.492372071,48317.0588,116.5417199,48317.0588,116.5417199,969.5,1.878,-0.807
beltzvilleCombined,420,0.48683113,0.793764242,-0.454496433,0.010133194,1.272246317,0.055418204,0.520218343,-0.106728943,1.541846335,1.5089892,0.427556479,0.510437865,0.964699346,-1.447663666,-0.028772601,48317.0588,116.5417199,48317.0588,116.5417199,969.5,1.878,-0.807
beltzvilleCombined,421,0.309183191,0.623362264,-0.466251215,-1.13572063,1.516231247,0.012639909,0.518510864,-0.398032641,1.460896831,0.541582258,0.447321932,0.787155308,0.409630166,-1.187964599,-0.921920763,48317.0588,116.5417199,48317.0588,116.5417199,969.5,1.878,-0.807
beltzvilleCombined,422,0.463291613,0.755679835,-0.046418895,-0.851534105,1.480474942,0.025282213,0.753981027,-0.400247332,1.468169769,-0.510118472,0.474907557,0.864657677,0.817862715,-1.518018984,-1.422162151,48317.0588,116.5417199,48317.0588,116.5417199,969.5,1.878,-0.807
beltzvilleCombined,423,0.299175219,0.632089312,-0.477344561,-1.111549254,1.440922093,0.027479042,0.52943328,-0.400247332,1.468346391,-0.467748354,0.455878179,0.865489088,0.850757649,-1.44310256,-0.171244722,48317.0588,116.5417199,48317.0588,116.5417199,969.5,1.878,-0.807
beltzvilleCombined,424,0.484123172,0.819641771,-0.505623327,-0.902477049,1.543261577,0.025298531,0.531351126,-0.350875415,1.470581128,-0.896924802,0.433335997,0.790360414,0.923091808,-1.549399719,-0.904235053,48317.0588,116.5417199,48317.0588,116.5417199,969.5,1.878,-0.807
beltzvilleCombined,425,0.11640017,0.796341873,-0.152513084,-0.835239767,1.510877214,0.055305952,0.509749488,-0.373087321,1.54106282,1.281208481,0.430146532,0.601597172,0.945923331,-1.448506883,-1.520111536,48317.0588,116.5417199,48317.0588,116.5417199,969.5,1.878,-0.807
beltzvilleCombined,426,0.475617546,0.619150382,-0.144190689,-0.816800841,1.548579156,0.024862726,0.542760563,-0.349772038,1.466865949,-0.461174264,0.431723168,0.992258963,0.849005514,-1.450411761,-1.482566323,48317.0588,116.5417199,48317.0588,116.5417199,969.5,1.878,-0.807
beltzvilleCombined,427,0.382735065,0.625772574,-0.146265661,-0.812340839,1.430649754,0.013981609,0.789714764,-1.203206481,1.484956028,1.562114178,0.490222931,0.798060041,-0.324562035,-1.491023577,-1.434199037,48317.0588,116.5417199,48317.0588,116.5417199,969.5,1.878,-0.807
beltzvilleCombined,428,0.391755406,0.625835393,-0.016788798,-0.812340839,1.420746371,0.014078678,0.754264133,-1.203206481,1.485599879,1.510745704,0.174700467,0.803101017,-0.289913747,-0.616950701,-0.804846712,48317.0588,116.5417199,48317.0588,116.5417199,969.5,1.878,-0.807
beltzvilleCombined,429,0.373812925,0.781577347,-0.168277423,-1.036037328,1.443888437,0.05678952,0.513246634,-0.440787573,1.537005021,0.487858396,0.458055482,0.53859736,0.968563692,-1.523939373,-0.877874788,48317.0588,116.5417199,48317.0588,116.5417199,969.5,1.878,-0.807
beltzvilleCombined,430,0.35443571,0.796254142,-0.439480316,-1.185549116,1.444621708,0.055226988,0.516305059,-0.373788166,1.540654486,-0.624234949,0.429202692,0.931550556,0.977701191,-1.440799682,0.003431182,48317.0588,116.5417199,48317.0588,116.5417199,969.5,1.878,-0.807
beltzvilleCombined,431,0.463077739,0.762659808,-0.383889603,-0.890814453,1.543881891,0.011654451,0.756890594,-0.392330258,1.465316257,-0.735413509,0.462424528,0.78689364,0.398473154,-1.448850331,-1.393251268,48317.0588,116.5417199,48317.0588,116.5417199,969.5,1.878,-0.807
beltzvilleCombined,432,0.492679693,0.752706355,-0.466251215,-1.064840576,1.516231247,0.012062673,0.541390929,-0.398032641,1.460997152,0.505974416,0.451154945,0.787155308,0.415744274,-1.188115392,-1.417110435,48317.0588,116.5417199,48317.0588,116.5417199,969.5,1.878,-0.807
beltzvilleCombined,433,0.390101607,0.626479352,-0.31536816,-0.999144518,1.5678471,0.034705711,0.541787109,-0.299810517,1.471033567,-0.672553002,0.46158611,0.580578419,0.404088838,-1.197290177,-0.954731001,48317.0588,116.5417199,48317.0588,116.5417199,969.5,1.878,-0.807
beltzvilleCombined,434,0.158635433,0.5911962,-0.340433817,-1.100386314,0.153798464,0.032114865,0.763341176,-0.514267186,1.523770381,1.491026497,0.41568182,0.590859296,0.490362286,-1.435039397,-0.706190463,48317.0588,116.5417199,48317.0588,116.5417199,969.5,1.878,-0.807
beltzvilleCombined,435,0.171272195,0.766067354,-0.456783627,-0.950050139,1.442397097,0.054474615,0.519639886,-0.662645307,1.569446539,-0.658306798,0.456948268,0.565013806,0.389400811,-1.187215945,-0.932898027,48317.0588,116.5417199,48317.0588,116.5417199,969.5,1.878,-0.807
beltzvilleCombined,436,0.480026955,0.698157508,-0.534953062,-0.937070464,1.503711478,0.030634992,0.732772462,-0.400247332,1.488927566,-0.963145588,0.446429324,0.813368542,0.844790514,-1.44284581,-1.448706541,48317.0588,116.5417199,48317.0588,116.5417199,969.5,1.878,-0.807
beltzvilleCombined,437,0.153318593,0.629820072,-0.072413034,-0.093698308,1.473280403,0.025788913,0.517253451,-1.052008227,1.467441223,1.541848642,0.434784703,0.564959186,0.891575305,-1.435860181,-0.802549208,48317.0588,116.5417199,48317.0588,116.5417199,969.5,1.878,-0.807
beltzvilleCombined,438,0.3923745,0.627978505,0.021943312,-0.909148465,1.523376934,0.025128889,0.51888242,-0.486501561,1.470591523,1.487540422,0.474907557,0.786935197,0.735986051,-1.44569843,-1.505010516,48317.0588,116.5417199,48317.0588,116.5417199,969.5,1.878,-0.807
beltzvilleCombined,439,0.130715894,0.767220636,-0.153168169,-0.860596907,1.348301973,0.056816348,0.513110418,-0.443869877,1.538366214,0.745045185,0.462389091,0.538995357,0.977687293,-1.523939373,-1.399698327,48317.0588,116.5417199,48317.0588,116.5417199,969.5,1.878,-0.807
beltzvilleCombined,440,0.48683113,0.793764242,-0.454589569,0.723786295,1.272246317,0.05526169,0.516305059,-0.11230611,1.541846335,1.295426383,0.427556479,0.510437865,0.968599633,-1.447700866,0.124312234,48317.0588,116.5417199,48317.0588,116.5417199,969.5,1.878,-0.807
beltzvilleCombined,441,0.147065295,0.757243766,-0.038246028,-1.035635675,1.48109193,0.025678018,0.754573342,-0.400217983,1.466778375,0.508962577,0.462264572,0.991636,0.838708682,-1.453123791,-1.523089542,48317.0588,116.5417199,48317.0588,116.5417199,969.5,1.878,-0.807
beltzvilleCombined,442,0.473696486,0.751300391,-0.846044172,-0.816800841,1.549459762,0.024971251,0.541818172,-0.650060918,1.472023718,1.459598509,0.429895248,0.566132608,0.874633315,-1.450411761,-1.482566323,48317.0588,116.5417199,48317.0588,116.5417199,969.5,1.878,-0.807
beltzvilleCombined,443,0.487126534,0.776110174,-1.145827137,0.003470475,1.530604596,0.027814228,0.663198908,-0.514203614,1.483485262,0.027239438,0.43576803,0.930951244,0.844848809,-1.537362491,-1.493456935,48317.0588,116.5417199,48317.0588,116.5417199,969.5,1.878,-0.807
beltzvilleCombined,444,0.223305071,0.851320815,-0.368533863,-1.112885608,-1.392499508,0.053982301,0.772787224,0.689620632,1.569065662,0.701452911,0.446180204,0.86052498,0.389726918,-1.510903801,-0.944948464,48317.0588,116.5417199,48317.0588,116.5417199,969.5,1.878,-0.807
beltzvilleCombined,445,0.417532063,0.600977529,-0.052214693,1.498558125,1.505278456,0.025071746,0.789846276,-0.370898992,1.470972665,-0.582059392,0.464784853,0.823045095,0.768614212,-1.435523965,-1.516125549,48317.0588,116.5417199,48317.0588,116.5417199,969.5,1.878,-0.807
beltzvilleCombined,446,0.473845651,0.623434587,-0.922923753,1.553277657,1.480474942,0.025056841,0.753982153,-0.400247332,1.467394665,-0.46336649,0.464800797,0.56181784,0.8443595,-1.453706276,-0.039868691,48317.0588,116.5417199,48317.0588,116.5417199,969.5,1.878,-0.807
beltzvilleCombined,447,0.49092461,0.969959793,-0.497536849,0.888657722,1.464730534,0.056135613,0.735968927,-0.457444197,1.555997593,-0.765614537,0.429265904,0.863534786,0.902855035,-1.431227835,0.019684772,48317.0588,116.5417199,48317.0588,116.5417199,969.5,1.878,-0.807
beltzvilleCombined,448,0.298902633,0.62362283,-0.450543322,-1.111549254,1.480474942,0.025282213,0.753981027,-0.400247332,1.468186561,-0.465925183,0.474907557,0.864657677,0.8443595,-1.518018984,-0.925094595,48317.0588,116.5417199,48317.0588,116.5417199,969.5,1.878,-0.807
beltzvilleCombined,449,0.390739118,0.598708985,-0.638428577,1.538993351,0.385826165,0.026830805,0.845929047,-0.039977639,1.470972665,-1.541507893,0.464784853,0.779254997,0.747847794,-1.431615542,-1.447619929,48317.0588,116.5417199,48317.0588,116.5417199,969.5,1.878,-0.807
beltzvilleCombined,450,0.350119543,0.763665501,-0.129614637,-0.973664775,1.527457694,0.031996932,0.542045806,-1.443275768,1.540647846,-0.59648217,0.427818523,0.776226607,0.38483735,-1.19587137,0.151098771,48317.0588,116.5417199,48317.0588,116.5417199,969.5,1.878,-0.807
beltzvilleCombined,451,0.390739118,0.600977529,-0.052214693,-0.268761502,1.505278456,0.025067,0.789846276,-0.370898992,1.476102215,-0.582059392,0.464784853,0.817741084,0.734565548,-1.431615542,-1.519355737,48317.0588,116.5417199,48317.0588,116.5417199,969.5,1.878,-0.807
beltzvilleCombined,452,0.492851062,0.764862044,-0.390332723,-1.112885608,1.408624663,0.053978341,0.763096223,0.735692541,1.569065662,0.701452911,0.406513075,0.86052498,0.389726918,-1.513288394,-1.390100718,48317.0588,116.5417199,48317.0588,116.5417199,969.5,1.878,-0.807
beltzvilleCombined,453,0.182562386,0.793536772,-1.37984383,-0.995216103,1.541465155,0.025048369,0.629492376,0.747674916,1.470972665,1.362667784,0.430915981,0.55949989,0.734565548,-1.439882336,-1.455715061,48317.0588,116.5417199,48317.0588,116.5417199,969.5,1.878,-0.807
beltzvilleCombined,454,0.162893383,0.942320492,-0.449308996,-1.08120718,1.568049861,0.056495869,0.545498847,0.785298688,1.536422818,1.399199422,0.426026569,0.566852653,0.945199891,-1.435155264,-0.92587162,48317.0588,116.5417199,48317.0588,116.5417199,969.5,1.878,-0.807
beltzvilleCombined,455,0.298902633,0.62362283,-0.046418895,-1.111549254,1.480474942,0.025282213,0.753981027,-0.423423476,1.468186561,-0.465925183,0.474907557,0.864657677,0.8443595,-1.518018984,-0.929435401,48317.0588,116.5417199,48317.0588,116.5417199,969.5,1.878,-0.807
beltzvilleCombined,456,0.482291669,0.824908314,0.073032963,-0.998525785,1.548825247,0.012075179,0.541737461,-0.234102539,1.472361272,-0.677143624,0.053319183,0.624988062,-0.787424496,-1.484779327,-0.741783586,48317.0588,116.5417199,48317.0588,116.5417199,969.5,1.878,-0.807
beltzvilleCombined,457,0.470400339,0.758008,-0.333100311,-0.261904709,1.463359687,0.012930896,0.539771214,-0.278254068,1.472503056,0.654414572,0.331938789,0.771275766,0.414070434,-1.195815214,0.150301449,48317.0588,116.5417199,48317.0588,116.5417199,969.5,1.878,-0.807
beltzvilleCombined,458,0.418435531,0.855561414,-0.347095699,0.679829389,-1.392499508,0.054062932,0.767945358,0.548128586,1.570633715,0.701452911,0.440937091,0.782908852,0.463807598,-1.449080825,-0.944948464,48317.0588,116.5417199,48317.0588,116.5417199,969.5,1.878,-0.807
beltzvilleCombined,459,0.11640017,0.796341873,-0.154832545,-1.052875473,0.641957395,0.05526169,0.512909045,-0.371067469,1.54106282,-0.38091747,0.431088803,0.791447134,0.970237842,-1.448044505,-1.520111536,48317.0588,116.5417199,48317.0588,116.5417199,969.5,1.878,-0.807
beltzvilleCombined,460,0.122786338,0.781854398,-0.448610686,-1.036037328,0.836274996,0.053730976,0.514694303,0.632872454,1.537576242,-0.786358064,0.425795035,0.538995357,0.978226252,-1.523939373,-0.878119462,48317.0588,116.5417199,48317.0588,116.5417199,969.5,1.878,-0.807
beltzvilleCombined,461,0.490094407,0.819026899,-0.548106474,0.985202931,1.562379339,0.014597938,0.502955195,-0.375670361,1.467487235,-0.59147822,0.378310795,0.778260403,0.432293779,-1.308198366,-0.696449464,48317.0588,116.5417199,48317.0588,116.5417199,969.5,1.878,-0.807
beltzvilleCombined,462,0.273229954,0.775559906,-0.471060057,-0.52032797,0.87046441,0.054327623,0.526454145,-0.624260006,1.56894649,1.370650755,0.436122825,0.86087111,0.429634796,-1.087704384,-0.803764027,48317.0588,116.5417199,48317.0588,116.5417199,969.5,1.878,-0.807
beltzvilleCombined,463,0.488169338,0.737962853,-0.479194532,-0.91229883,1.480474942,0.026093703,0.753806687,-0.400247332,1.467951404,-0.766926258,0.474907557,0.964214418,0.8443595,-1.49305052,-0.401650022,48317.0588,116.5417199,48317.0588,116.5417199,969.5,1.878,-0.807
beltzvilleCombined,464,0.346358799,0.781428077,-0.257788936,0.224800791,1.555688035,0.04216109,0.509178786,0.076967564,1.502581902,1.383194519,0.439444664,0.838462937,0.930751202,-1.482336326,-1.509643037,48317.0588,116.5417199,48317.0588,116.5417199,969.5,1.878,-0.807
beltzvilleCombined,465,0.485361724,0.793435536,-0.454589569,0.679801113,1.443800635,0.055248684,0.517025309,-0.520236448,1.539598718,1.289361103,0.429202692,0.751890437,0.968599633,-1.440705029,-0.653374092,48317.0588,116.5417199,48317.0588,116.5417199,969.5,1.878,-0.807
beltzvilleCombined,466,0.391463588,0.982469916,-0.954895492,1.055714874,1.503014256,0.025411037,0.751994398,-0.287018882,1.471217662,-0.477264374,0.427468639,0.568235108,0.85461131,-1.377603191,-1.121687895,48317.0588,116.5417199,48317.0588,116.5417199,969.5,1.878,-0.807
beltzvilleCombined,467,0.494497631,0.691788278,-0.072413034,-0.874660076,1.473280403,0.026224429,0.539435599,-1.052008227,1.488017091,-0.706000484,0.434710664,0.983828098,0.846229007,-1.452499393,-0.776795395,48317.0588,116.5417199,48317.0588,116.5417199,969.5,1.878,-0.807
beltzvilleCombined,468,0.278436944,0.629473346,-0.759169843,-0.538078461,1.568124103,0.052223179,0.80093888,1.343697431,1.196878837,0.12141663,0.385069405,0.941429018,0.247688635,-0.416982808,-1.420304573,48317.0588,116.5417199,48317.0588,116.5417199,969.5,1.878,-0.807
beltzvilleCombined,469,0.485361724,0.769312895,-0.454589569,-1.089216832,1.443800635,0.055248684,0.517025309,-0.742111154,1.539598718,1.289361103,0.429202692,0.751890437,0.968599633,-1.440705029,-0.653374092,48317.0588,116.5417199,48317.0588,116.5417199,969.5,1.878,-0.807
beltzvilleCombined,470,0.200427064,0.919375399,-0.370925489,-1.30331409,-1.521512476,0.062831939,0.531028286,-1.324639689,1.554813963,1.497467942,0.42499663,0.815531193,1.025596463,-1.483299992,-0.980846565,48317.0588,116.5417199,48317.0588,116.5417199,969.5,1.878,-0.807
beltzvilleCombined,471,0.488330817,0.634313249,-0.032370953,0.663925541,1.480474942,0.025678018,0.755718307,-0.400217983,1.466778375,0.482579767,0.465361827,0.991654998,0.838708682,-1.453123791,-1.493131475,48317.0588,116.5417199,48317.0588,116.5417199,969.5,1.878,-0.807
beltzvilleCombined,472,0.149616561,0.630141262,-0.496364208,-0.874660076,1.473280403,0.026224429,0.539435599,-1.052008227,1.488017091,-0.706000484,0.434710664,0.983828098,0.846229007,-1.452499393,-0.776795395,48317.0588,116.5417199,48317.0588,116.5417199,969.5,1.878,-0.807
beltzvilleCombined,473,0.189108091,0.848568357,-0.075223131,-0.480443748,1.466682787,0.063863052,0.511831243,0.627050406,1.548168314,0.29421906,0.442911848,0.981126656,0.938910643,-1.449250882,0.324536544,48317.0588,116.5417199,48317.0588,116.5417199,969.5,1.878,-0.807
beltzvilleCombined,474,0.211164126,0.624896938,-0.389783532,-0.495721351,1.546473536,0.014065161,0.521929028,-0.324834562,1.482311505,-0.562940259,0.366338445,0.782271628,-0.739413756,-1.48136188,-0.750995062,48317.0588,116.5417199,48317.0588,116.5417199,969.5,1.878,-0.807
beltzvilleCombined,475,0.490689052,0.770875227,-0.259799544,-1.333511779,1.548928414,0.012083086,0.835451163,0.535346464,1.467487235,-0.59147822,0.047459726,0.812268235,0.412059074,-1.314736544,-1.522159279,48317.0588,116.5417199,48317.0588,116.5417199,969.5,1.878,-0.807
beltzvilleCombined,476,0.488175594,0.62362283,-0.046418895,0.647424342,1.480474942,0.02504778,0.753981008,-0.400247332,1.467394665,-0.465925183,0.474907557,0.819882306,0.8443595,-1.517368265,-1.449915082,48317.0588,116.5417199,48317.0588,116.5417199,969.5,1.878,-0.807
beltzvilleCombined,477,0.11640017,0.796341873,-0.154832545,-1.052875473,-1.192503528,0.055305952,0.512909045,-0.371067469,1.54106282,1.316594605,0.431088803,0.587232393,0.970237842,-1.448506883,-1.520111536,48317.0588,116.5417199,48317.0588,116.5417199,969.5,1.878,-0.807
beltzvilleCombined,478,0.273229954,0.978139489,-0.883562695,-0.056454367,1.553526989,0.054474615,0.772787224,0.688057026,1.569065662,0.689028213,0.440781662,0.86052498,0.389726918,-1.054479982,-0.803764027,48317.0588,116.5417199,48317.0588,116.5417199,969.5,1.878,-0.807
beltzvilleCombined,479,0.11640017,0.829539706,-0.154832545,-1.052875473,1.534624235,0.05526169,0.512909045,-0.891393274,1.54106282,-0.38091747,0.431088803,0.791447134,0.970237842,-1.448044505,-1.520111536,48317.0588,116.5417199,48317.0588,116.5417199,969.5,1.878,-0.807
beltzvilleCombined,480,0.346358799,0.781428077,-1.115056688,0.224800791,1.555688035,0.04216109,0.509178786,0.076967564,1.502581902,1.383194519,0.439444664,0.838462937,0.930751202,-1.482336326,-1.509643037,48317.0588,116.5417199,48317.0588,116.5417199,969.5,1.878,-0.807
beltzvilleCombined,481,0.143849672,0.655160758,-0.484137753,-0.862123638,1.470474669,0.024864069,0.740713122,-0.393788021,1.47402204,-0.768661662,0.42425129,0.864188807,0.88029518,-1.518948099,-1.45574512,48317.0588,116.5417199,48317.0588,116.5417199,969.5,1.878,-0.807
beltzvilleCombined,482,0.162926074,0.658241844,-0.329697792,-0.536680209,0.664398271,0.055289677,0.516254192,-0.502551216,1.540946198,1.295599125,0.431088803,0.791447134,0.970237842,-1.447291596,-1.482691756,48317.0588,116.5417199,48317.0588,116.5417199,969.5,1.878,-0.807
beltzvilleCombined,483,0.281892133,0.691523358,-0.455322505,-1.317558833,1.546568265,0.026488963,0.767846014,-0.381395643,1.46676122,1.541682859,0.463647142,0.774909858,0.781592858,-1.4466045,-0.018196323,48317.0588,116.5417199,48317.0588,116.5417199,969.5,1.878,-0.807
beltzvilleCombined,484,0.153318593,0.795992152,-0.072413034,-1.032677937,1.473280403,0.030646916,0.517411945,-1.052008227,1.488884626,1.517209106,0.434784703,0.564625218,0.883268802,-1.435860181,-0.769323799,48317.0588,116.5417199,48317.0588,116.5417199,969.5,1.878,-0.807
beltzvilleCombined,485,0.396368738,0.698498176,-0.041286028,0.084942886,-1.428759119,0.048456433,0.556249287,-0.059220981,1.535827873,1.479036566,0.427014729,0.541340155,0.959460363,-1.515752334,-1.04152956,48317.0588,116.5417199,48317.0588,116.5417199,969.5,1.878,-0.807
beltzvilleCombined,486,0.30375661,0.600977529,-0.052214693,1.498558125,0.872509334,0.025071746,0.789846276,0.31218439,1.470972665,-0.582059392,0.464784853,0.823045095,0.768614212,-1.435523965,-1.516125549,48317.0588,116.5417199,48317.0588,116.5417199,969.5,1.878,-0.807
beltzvilleCombined,487,0.464896322,0.831919624,-0.461654268,-1.024211217,1.545481187,0.033940905,0.534989039,-0.377725462,1.525030127,-1.335139429,0.436370847,0.854368547,0.490362286,-1.356975379,0.610638886,48317.0588,116.5417199,48317.0588,116.5417199,969.5,1.878,-0.807
beltzvilleCombined,488,0.38345733,0.612028063,-0.0469756,1.541733993,1.557820065,0.02518169,0.789915961,-0.13574504,1.467061969,-0.477982972,0.469597083,0.819134296,0.734486247,-1.431618437,-1.460478927,48317.0588,116.5417199,48317.0588,116.5417199,969.5,1.878,-0.807
beltzvilleCombined,489,0.228678878,0.625262689,-0.391608317,-0.872700012,1.516940649,0.015738261,0.844612789,-0.457396471,1.460880038,-0.635041733,0.424699935,0.787155308,0.412178023,-0.449799112,-1.414653736,48317.0588,116.5417199,48317.0588,116.5417199,969.5,1.878,-0.807
beltzvilleCombined,490,0.471229168,0.751300391,-1.460111007,-0.816800841,1.549459762,0.024971251,0.541818172,-0.650060918,1.472023718,1.459598509,0.429895248,0.566132608,0.844489768,-1.450411761,-1.482566323,48317.0588,116.5417199,48317.0588,116.5417199,969.5,1.878,-0.807
beltzvilleCombined,491,0.48683113,0.793764242,-0.454589569,-0.545416475,1.441303557,0.05526169,0.516305059,-0.11230611,1.541846335,1.295426383,0.427556479,0.751884907,0.968599633,-1.447700866,-0.005716135,48317.0588,116.5417199,48317.0588,116.5417199,969.5,1.878,-0.807
beltzvilleCombined,492,0.136232909,0.768013135,-0.294914023,-0.344073263,1.548928414,0.012083086,0.548463881,0.535346464,1.467487235,-0.590902385,0.057337502,0.817299782,0.430597854,-1.308723382,-1.496291706,48317.0588,116.5417199,48317.0588,116.5417199,969.5,1.878,-0.807
beltzvilleCombined,493,0.35443571,0.795977091,-0.346004359,-1.185549116,1.444635982,0.055226988,0.516305059,-0.37553227,1.540654328,-0.624234949,0.429202692,0.931550556,0.96857759,-1.440799682,0.003675853,48317.0588,116.5417199,48317.0588,116.5417199,969.5,1.878,-0.807
beltzvilleCombined,494,0.449871305,0.776334949,-0.305765883,-0.97774881,1.54857081,0.01222478,0.550332329,-0.254133678,1.471464971,1.020358006,0.431150327,0.828225579,-0.702953696,-1.431489864,-0.789828053,48317.0588,116.5417199,48317.0588,116.5417199,969.5,1.878,-0.807
beltzvilleCombined,495,0.211047823,0.622199919,-0.648003192,-0.874216304,1.516231247,0.012642271,0.518510864,-0.398590971,1.460880038,0.49738897,0.446869456,0.787155308,0.448371865,-1.187772568,-1.414653736,48317.0588,116.5417199,48317.0588,116.5417199,969.5,1.878,-0.807
beltzvilleCombined,496,0.388837565,0.763852129,-0.031686396,0.092055033,1.505720527,0.025050715,0.753987476,-0.670563852,1.470691275,-0.493604567,0.469597083,0.817414658,0.729970501,-1.431618437,-1.460478927,48317.0588,116.5417199,48317.0588,116.5417199,969.5,1.878,-0.807
beltzvilleCombined,497,0.132247227,0.762659808,-0.383889603,-0.890814453,1.543881891,0.011654451,0.756890594,-0.680762674,1.465316257,-0.735413509,0.462424528,0.78689364,0.398473154,-1.448850331,-1.393251268,48317.0588,116.5417199,48317.0588,116.5417199,969.5,1.878,-0.807
beltzvilleCombined,498,0.346179097,0.780954573,-1.414048043,-1.089589407,1.558782101,0.055226988,0.514980363,-0.520236448,1.540654328,1.295426383,0.425780533,0.540577464,0.951955832,-1.440623926,-0.85943091,48317.0588,116.5417199,48317.0588,116.5417199,969.5,1.878,-0.807
beltzvilleCombined,499,0.473832154,0.71130181,-0.391793968,1.539805045,1.463384576,0.012770186,0.570585357,0.355985917,1.42980945,1.50569945,0.18214079,0.574660265,0.310660829,0.406022643,-1.010660472,48317.0588,116.5417199,48317.0588,116.5417199,969.5,1.878,-0.807
beltzvilleCombined,500,0.090163938,0.621677701,-0.391608317,-0.876863981,1.558771904,0.012642271,0.770632177,0.727549691,1.460880038,1.481762449,0.424749564,0.860566285,0.395689297,-1.178500604,-0.792629002,48317.0588,116.5417199,48317.0588,116.5417199,969.5,1.878,-0.807
beltzvilleCombined,501,0.233123425,0.793435536,-0.454589569,-1.089216832,1.443800635,0.055248684,0.517025309,-0.520236448,1.539598718,1.289361103,0.429202692,0.751890437,0.968599633,-1.440705029,-0.653374092,48317.0588,116.5417199,48317.0588,116.5417199,969.5,1.878,-0.807
beltzvilleCombined,502,0.481702999,0.73685609,-0.160900401,0.667596355,1.507106066,0.012941366,0.542735388,-0.277182266,1.472513246,1.401639636,0.096022453,0.772822015,0.427579351,-1.445538299,0.16671346,48317.0588,116.5417199,48317.0588,116.5417199,969.5,1.878,-0.807
beltzvilleCombined,503,0.345158087,0.766071791,-1.256255985,-0.948865542,1.542953602,0.054474615,0.519187411,0.701702941,1.568958778,-0.73419831,0.440781662,0.863785135,0.398275454,-1.189777709,-0.775110702,48317.0588,116.5417199,48317.0588,116.5417199,969.5,1.878,-0.807
beltzvilleCombined,504,0.489462203,0.639173996,-0.305480596,1.022420838,1.422337719,0.015068765,0.795950019,-0.550981568,1.470961939,-0.683997289,0.424837444,0.815026054,-0.795234,-1.431607164,-0.738082445,48317.0588,116.5417199,48317.0588,116.5417199,969.5,1.878,-0.807
beltzvilleCombined,505,0.487743958,0.62362283,-1.409536109,0.000867659,1.503901029,0.0254063,0.753787515,-0.287018882,1.467599162,-0.476708334,0.427468639,0.82569096,0.854545222,-1.431405588,-1.519410944,48317.0588,116.5417199,48317.0588,116.5417199,969.5,1.878,-0.807
beltzvilleCombined,506,0.175590248,0.609231096,-0.334646275,-0.661311002,1.480474942,0.02504778,0.767610842,-0.370268418,1.459128061,-0.470547579,0.474907557,0.568301762,0.844360656,-1.521114699,-1.338059112,48317.0588,116.5417199,48317.0588,116.5417199,969.5,1.878,-0.807
beltzvilleCombined,507,0.34932799,0.521447059,-0.45604416,-0.973664775,0.875605366,0.031935357,0.626326603,-1.443275768,1.540647846,1.413431062,0.425806944,0.774059462,0.355113191,-1.145172981,0.078306246,48317.0588,116.5417199,48317.0588,116.5417199,969.5,1.878,-0.807
beltzvilleCombined,508,0.270670797,0.766071791,-0.471025134,-0.949860342,1.543985309,0.054474615,0.733773489,0.698304066,1.569449802,-0.734384667,0.440781662,0.863785135,0.398363989,-1.189777709,-0.803764027,48317.0588,116.5417199,48317.0588,116.5417199,969.5,1.878,-0.807
beltzvilleCombined,509,0.270670797,0.766071791,-0.314880801,-0.948865542,0.402201283,0.054474615,0.519187411,0.701702941,1.568958778,-0.73419831,0.440781662,0.836475674,0.398275454,-1.284027422,-0.803764027,48317.0588,116.5417199,48317.0588,116.5417199,969.5,1.878,-0.807
beltzvilleCombined,510,0.382351654,0.923991996,-0.156565527,-1.036037328,1.509856212,0.056842136,0.501199891,-0.371540431,1.535629664,-0.484463957,0.46244586,0.517172575,0.981165515,-1.522729606,-1.441773735,48317.0588,116.5417199,48317.0588,116.5417199,969.5,1.878,-0.807
beltzvilleCombined,511,0.11640017,0.796341873,-0.154832545,-1.052875473,-1.464877087,0.05526169,0.512909045,-0.891393274,1.54106282,-0.38091747,0.431088803,0.791447134,0.970237842,-1.448044505,-1.520111536,48317.0588,116.5417199,48317.0588,116.5417199,969.5,1.878,-0.807
beltzvilleCombined,512,0.247294404,0.629934426,-0.363295578,-1.026806857,1.435597422,0.032069969,0.919408893,-0.589171343,1.523833097,-0.490480872,0.4369036,0.588962716,0.490362286,-1.435111772,-1.035153116,48317.0588,116.5417199,48317.0588,116.5417199,969.5,1.878,-0.807
beltzvilleCombined,513,0.162926074,0.658241844,0.00791122,-0.536680209,1.534804801,0.055289677,0.516254192,-0.502551216,1.540946198,1.295599125,0.431088803,0.791447134,0.970237842,-1.447291596,-1.482691756,48317.0588,116.5417199,48317.0588,116.5417199,969.5,1.878,-0.807
beltzvilleCombined,514,0.473845651,0.623434587,-0.047903624,1.553277657,1.480474942,0.025056841,0.753982153,-0.43379626,1.467394665,-0.46336649,0.464800797,0.56181784,0.8443595,-1.453706276,-0.039868691,48317.0588,116.5417199,48317.0588,116.5417199,969.5,1.878,-0.807
beltzvilleCombined,515,0.462620229,0.525427763,-0.454682816,-0.87377671,-1.55954691,0.05526169,0.537137158,-0.520236448,1.541846335,-1.306566348,0.436190359,0.791328873,0.968599633,-1.455024769,-0.005716135,48317.0588,116.5417199,48317.0588,116.5417199,969.5,1.878,-0.807
beltzvilleCombined,516,0.382351654,0.781854398,-0.156565527,-1.036037328,0.696953161,0.056842136,0.508525555,-0.371540431,1.535629664,-0.484463957,0.46244586,0.517172575,0.981165515,-1.522729606,-1.441773735,48317.0588,116.5417199,48317.0588,116.5417199,969.5,1.878,-0.807
beltzvilleCombined,517,0.124497463,0.626570814,0.010083345,0.001840326,1.506195269,0.026742197,0.55149327,-0.372545958,1.472056033,0.159581953,0.443558694,0.994871505,0.838556386,-1.44138041,-1.501841383,48317.0588,116.5417199,48317.0588,116.5417199,969.5,1.878,-0.807
beltzvilleCombined,518,0.476743775,0.775708171,-0.482598317,-0.45352657,1.477627751,0.02504778,0.751516035,-0.400247332,1.47106987,-0.453398903,0.474907557,0.573986154,0.832494307,-1.518018984,-0.040631725,48317.0588,116.5417199,48317.0588,116.5417199,969.5,1.878,-0.807
beltzvilleCombined,519,0.390739118,0.62362283,-0.026534231,1.514478074,1.504839936,0.02504778,0.753987476,-0.151742033,1.470972665,-0.513511448,0.469597083,0.76381795,0.734565548,-1.429404753,0.372843557,48317.0588,116.5417199,48317.0588,116.5417199,969.5,1.878,-0.807
beltzvilleCombined,520,0.164606223,0.623701804,-1.341232308,-1.26584216,1.504839936,0.02511012,0.75389248,-0.371166068,1.472126463,-0.557636283,0.46919447,0.816742816,0.711090531,-1.431615542,-0.808187633,48317.0588,116.5417199,48317.0588,116.5417199,969.5,1.878,-0.807
beltzvilleCombined,521,0.2708881,0.541056834,-0.146580258,-1.112885608,-1.260891341,0.053982301,0.772787224,0.689620632,1.567324029,-0.508132923,0.440646764,0.86052498,0.389726918,-0.972673516,-0.944948464,48317.0588,116.5417199,48317.0588,116.5417199,969.5,1.878,-0.807
beltzvilleCombined,522,0.494226702,0.642837942,-0.312486275,0.202343719,1.564191742,0.025433437,0.753806687,-0.400247332,1.460901442,-0.77003105,0.474907557,0.991654998,0.84422956,-1.492025304,-1.492372071,48317.0588,116.5417199,48317.0588,116.5417199,969.5,1.878,-0.807
beltzvilleCombined,523,0.106269754,0.783908705,-0.457791272,0.057971942,1.470662037,0.053982301,0.752356855,-0.460236993,1.569065662,0.689028213,0.44077888,0.86052498,0.389726918,-1.284768758,-0.944948464,48317.0588,116.5417199,48317.0588,116.5417199,969.5,1.878,-0.807
beltzvilleCombined,524,0.470863183,0.906172037,-0.385350952,-1.004667555,1.522642258,0.05389963,0.758562913,-0.478594454,1.569065662,0.674130039,0.411491031,0.863209432,0.423333885,-1.17189437,-1.457502988,48317.0588,116.5417199,48317.0588,116.5417199,969.5,1.878,-0.807
beltzvilleCombined,525,0.486277737,0.81044299,-0.87554755,0.172737526,1.471588436,0.05688468,0.509115884,0.70784739,1.534481249,1.484144852,0.432837939,0.598164444,0.923626941,-1.435155264,-0.740973097,48317.0588,116.5417199,48317.0588,116.5417199,969.5,1.878,-0.807
beltzvilleCombined,526,0.176418986,0.852715657,-0.450821569,-0.975943316,1.527311218,0.031998126,0.612172423,-1.443275768,1.540647846,-0.712245807,0.429138971,0.976561304,0.395837577,-1.19575116,-0.892964462,48317.0588,116.5417199,48317.0588,116.5417199,969.5,1.878,-0.807
beltzvilleCombined,527,0.392433114,0.825622925,-0.382687744,-0.894328184,1.481058848,0.025677615,0.753806687,-0.400133748,1.466778375,-0.768281692,0.464744159,0.991654998,0.845836615,-1.453654725,-1.501913374,48317.0588,116.5417199,48317.0588,116.5417199,969.5,1.878,-0.807
beltzvilleCombined,528,0.342080138,0.62221086,-0.04307083,-0.268761502,1.505278456,0.025070356,0.78936722,-0.370898992,1.470972665,-0.574351283,0.464784606,0.823045095,0.769219451,-1.435523965,-1.516125549,48317.0588,116.5417199,48317.0588,116.5417199,969.5,1.878,-0.807
beltzvilleCombined,529,0.400668367,0.52904889,-0.875363824,1.538993351,1.503056836,0.025426708,0.501153706,-0.370898992,1.466800083,1.562426956,0.464787338,0.787049786,0.78000387,-1.445889993,-1.530898245,48317.0588,116.5417199,48317.0588,116.5417199,969.5,1.878,-0.807
beltzvilleCombined,530,0.392433114,0.623438593,-0.048773157,-0.894328184,1.034642555,0.025677615,0.753983707,-0.538568794,1.466778375,-0.310280266,0.464684208,0.991654998,0.845836615,-1.453654492,-1.51171652,48317.0588,116.5417199,48317.0588,116.5417199,969.5,1.878,-0.807
beltzvilleCombined,531,0.20464614,0.509349152,-0.473361188,0.001840326,1.480474942,0.025743285,0.753806687,-0.400247332,1.467484163,-0.766978605,0.474907557,0.998317492,0.84422956,-1.492009007,-1.492372071,48317.0588,116.5417199,48317.0588,116.5417199,969.5,1.878,-0.807
beltzvilleCombined,532,0.474015785,0.638142909,-0.542456874,-0.875705481,1.541848989,0.012116949,0.518510864,-0.398006453,1.460860749,-1.296025042,0.446869456,0.81826168,0.415744274,-1.18285181,-1.41155646,48317.0588,116.5417199,48317.0588,116.5417199,969.5,1.878,-0.807
beltzvilleCombined,533,0.498892623,0.630577647,-0.047565618,-1.00756104,1.570251091,0.024828726,0.511272093,-0.394005215,1.466610879,-0.444214688,0.476234428,0.709223519,0.028160119,-1.498911554,-1.470907174,48317.0588,116.5417199,48317.0588,116.5417199,969.5,1.878,-0.807
beltzvilleCombined,534,0.312249275,0.641652079,-0.454589569,-1.084579756,1.444635982,0.055226988,0.516305059,-0.520236448,1.540654328,1.295426383,0.429202692,0.996786185,0.96857759,-1.440697124,-0.050723324,48317.0588,116.5417199,48317.0588,116.5417199,969.5,1.878,-0.807
beltzvilleCombined,535,0.186739035,0.779895088,1.254816504,-1.063378412,1.548928414,0.012083086,0.541937618,0.535346464,1.467487235,-0.59147822,0.047459726,0.636331276,0.410391866,-1.308198366,0.852380003,48317.0588,116.5417199,48317.0588,116.5417199,969.5,1.878,-0.807
beltzvilleCombined,536,0.483095355,0.639217823,-0.320127626,1.022420838,1.564668638,0.015706944,0.508035478,-0.214768562,1.47100908,-0.623852999,0.45808454,0.698405168,-0.796257909,-1.397698128,0.023399366,48317.0588,116.5417199,48317.0588,116.5417199,969.5,1.878,-0.807
beltzvilleCombined,537,0.134194546,0.564803277,-0.396368932,-0.884614794,1.526192604,0.012590883,0.754859749,-0.453909676,1.4598126,1.4665167,0.465411397,0.817119315,0.416743904,-1.421261002,1.069688997,48317.0588,116.5417199,48317.0588,116.5417199,969.5,1.878,-0.807
beltzvilleCombined,538,0.171272195,0.76427424,-0.33203223,-0.952122048,1.442397097,0.054474615,0.942263006,-0.662645307,1.569446539,1.371122869,0.460797559,0.565013806,0.391160056,-1.172366101,-0.933729925,48317.0588,116.5417199,48317.0588,116.5417199,969.5,1.878,-0.807
beltzvilleCombined,539,0.355504976,0.764369333,-0.37919809,-0.998044594,1.533664626,0.055063948,0.537100731,-0.463038738,1.538366214,0.761882735,0.462389091,0.960942024,0.977687293,-1.523939373,-1.399698327,48317.0588,116.5417199,48317.0588,116.5417199,969.5,1.878,-0.807
beltzvilleCombined,540,0.158109864,0.625413479,-0.47687755,-1.182663852,-1.379169334,0.058080183,0.500463907,-0.380358678,1.540436218,-0.634988872,0.429900271,0.754761632,0.971947079,-1.44058572,-0.805324197,48317.0588,116.5417199,48317.0588,116.5417199,969.5,1.878,-0.807
beltzvilleCombined,541,0.477724359,0.819589243,-0.504140952,-0.955838167,1.464730534,0.05651677,0.516210951,-0.457444197,1.55535663,1.282846247,0.427501241,0.865789815,0.899485546,-1.447786558,0.071885927,48317.0588,116.5417199,48317.0588,116.5417199,969.5,1.878,-0.807
beltzvilleCombined,542,0.134194546,0.771357115,-0.396368932,-0.884614794,1.525945839,0.012662085,0.519787178,-0.453909676,1.46017052,-0.522376241,0.431100756,0.789629929,0.389768829,-1.425207294,-0.983825861,48317.0588,116.5417199,48317.0588,116.5417199,969.5,1.878,-0.807
beltzvilleCombined,543,0.2708881,0.618926088,-0.146580258,-1.112885608,-1.260891341,0.053911421,0.772787224,0.689620632,1.566163147,1.471943917,0.440646764,0.86052498,0.416701994,-1.180046075,-1.39029015,48317.0588,116.5417199,48317.0588,116.5417199,969.5,1.878,-0.807
beltzvilleCombined,544,0.491623228,0.741952825,-0.387830609,-1.037667425,1.541091882,0.012620417,0.971085939,-0.284398047,1.472605372,-0.573554349,0.031933637,0.760628741,0.94328436,-1.443825781,-1.550759949,48317.0588,116.5417199,48317.0588,116.5417199,969.5,1.878,-0.807
beltzvilleCombined,545,0.490255085,0.617662752,-1.064768446,-1.054979671,1.481098193,0.025756755,0.75354463,-0.398581644,1.466719916,0.523207459,0.474907557,0.995826952,0.822256671,-1.502238401,-1.477835594,48317.0588,116.5417199,48317.0588,116.5417199,969.5,1.878,-0.807
beltzvilleCombined,546,0.163966154,0.62426667,-0.123040718,-0.004264841,1.480496007,0.056443655,0.518790633,-0.400247332,1.536588082,-0.766926258,0.474622528,0.994614006,0.954955768,-1.502281478,-1.492372071,48317.0588,116.5417199,48317.0588,116.5417199,969.5,1.878,-0.807
beltzvilleCombined,547,0.160397991,0.942320492,-0.450463103,-1.08120718,1.568049861,0.056495869,0.54554459,0.831659781,1.53624706,1.399199422,0.425901135,0.704114706,0.945199891,-1.435203299,-0.830294621,48317.0588,116.5417199,48317.0588,116.5417199,969.5,1.878,-0.807
beltzvilleCombined,548,0.390739118,0.62362283,-0.026534231,1.514478074,1.472808023,0.02498431,0.753987476,-0.373163908,1.470972665,-0.478999812,0.469597083,0.817823121,0.730173593,-1.429404753,-1.485594377,48317.0588,116.5417199,48317.0588,116.5417199,969.5,1.878,-0.807
beltzvilleCombined,549,0.146084489,0.651455513,-0.317246538,-0.042601697,-1.558924201,0.053982301,0.775201417,0.688844263,1.569065662,0.667810043,0.440781662,0.884564034,0.370223782,-1.477951948,-1.04533234,48317.0588,116.5417199,48317.0588,116.5417199,969.5,1.878,-0.807
beltzvilleCombined,550,0.11640017,0.796341873,-0.269355339,-0.948882571,-1.464877087,0.05526169,0.512909045,-0.865017848,1.54106282,-0.386119141,0.42568101,0.791447134,0.973931964,-1.448044505,-1.520111536,48317.0588,116.5417199,48317.0588,116.5417199,969.5,1.878,-0.807
beltzvilleCombined,551,0.451598802,0.595352844,-0.969952927,-0.504383685,1.556011159,0.447791942,0.981277646,1.214626823,-0.355941225,0.683080505,0.464001215,0.902731312,-0.293129255,-0.620901943,1.460713525,48317.0588,116.5417199,48317.0588,116.5417199,969.5,1.878,-0.807
beltzvilleCombined,552,0.40837474,0.611740242,-1.093340433,0.994079173,1.566745591,0.052787691,0.502268903,0.372638913,1.127450289,-0.939672916,0.376884928,0.714339774,-0.934513758,-1.570796327,-1.098211317,48317.0588,116.5417199,48317.0588,116.5417199,969.5,1.878,-0.807
beltzvilleCombined,553,0.040326343,0.593947698,-1.114013783,-1.134367177,1.556177694,0.475709694,0.518407706,1.231552503,-1.568630057,1.539538607,0.281355376,0.503520855,-0.357406625,-1.386867916,-1.440744717,48317.0588,116.5417199,48317.0588,116.5417199,969.5,1.878,-0.807
beltzvilleCombined,554,0.46575422,0.616578787,-0.585862825,-0.242605765,1.556239977,0.245905601,0.58854913,1.201495148,1.280640481,-1.391582448,0.394446356,0.889828172,-0.454742868,0.553247163,-0.70192746,48317.0588,116.5417199,48317.0588,116.5417199,969.5,1.878,-0.807
beltzvilleCombined,555,0.402739723,0.586353963,-1.343407391,-0.535457051,1.555963837,0.27767329,0.677033959,1.267304453,0.236024521,1.518575181,0.392757065,0.919088706,-0.579374542,-1.55314482,1.569014616,48317.0588,116.5417199,48317.0588,116.5417199,969.5,1.878,-0.807
beltzvilleCombined,556,0.37512527,0.625033618,0.362729444,-0.945584081,1.565872468,0.278768066,0.62122317,1.3470467,-1.519737808,1.539227198,0.24385106,0.519588451,-1.040048545,-0.674020513,-1.264070121,48317.0588,116.5417199,48317.0588,116.5417199,969.5,1.878,-0.807
beltzvilleCombined,557,0.485538641,0.609376713,-1.097430084,0.768802025,1.566868003,0.238075563,0.781106104,1.267369958,1.054814624,1.502515974,0.411095838,0.606814143,0.284822503,-0.860400958,-1.393721611,48317.0588,116.5417199,48317.0588,116.5417199,969.5,1.878,-0.807
beltzvilleCombined,558,0.2914693,0.597230448,-0.567329266,-1.163885818,1.551470038,0.215856978,0.905357249,1.359158944,-0.656185015,-1.341824402,0.492512868,0.503942507,-0.588476107,-0.947110752,-1.350438849,48317.0588,116.5417199,48317.0588,116.5417199,969.5,1.878,-0.807
beltzvilleCombined,559,0.433264966,0.596755746,-1.336377245,1.235645439,1.557507657,0.444089142,0.50919385,1.24140354,-1.526428342,1.169526513,0.257266413,0.733734861,-0.574909011,-0.659266424,0.316189352,48317.0588,116.5417199,48317.0588,116.5417199,969.5,1.878,-0.807
beltzvilleCombined,560,0.37512527,0.625033618,0.362729444,-0.945584081,1.565872468,0.413820809,0.62122317,1.3470467,-1.519737808,1.539227198,0.24385106,0.519588451,-1.040048545,-0.674020513,-1.264070121,48317.0588,116.5417199,48317.0588,116.5417199,969.5,1.878,-0.807
beltzvilleCombined,561,0.433264966,0.596755746,-1.336377245,1.235645439,1.557507657,0.444089142,0.50919385,1.347047634,-1.526428342,0.29261668,0.257266413,0.733734861,-0.574909011,-0.659266424,-0.697543131,48317.0588,116.5417199,48317.0588,116.5417199,969.5,1.878,-0.807
beltzvilleCombined,562,0.040326343,0.593947698,-1.114013783,-1.134367177,1.556177694,0.475709694,0.518407706,1.231552503,-1.568630057,1.539538607,0.281355376,0.503520855,0.328599839,-1.386867916,-1.440744717,48317.0588,116.5417199,48317.0588,116.5417199,969.5,1.878,-0.807
beltzvilleCombined,563,0.263048092,0.616029189,-0.572788529,0.512128967,1.555977129,0.442163619,0.733689578,1.244887222,-1.544911003,-0.897173011,0.258878902,0.921412754,-0.585143379,-1.526982662,0.55273469,48317.0588,116.5417199,48317.0588,116.5417199,969.5,1.878,-0.807
beltzvilleCombined,564,0.426818611,0.61666624,-0.59029273,-1.216094584,1.567303672,0.488185974,0.72808399,1.257802609,-0.306248355,-0.927376586,0.23084592,0.746715894,0.263495095,-0.786293227,-0.694853888,48317.0588,116.5417199,48317.0588,116.5417199,969.5,1.878,-0.807
beltzvilleCombined,565,0.286955712,0.594958702,-1.396562036,-0.472263163,1.557504951,0.484951721,0.50417673,1.276168165,-1.373970035,0.850969609,0.376183391,0.739644073,-0.431135501,-1.438575628,1.496965552,48317.0588,116.5417199,48317.0588,116.5417199,969.5,1.878,-0.807
beltzvilleCombined,566,0.433162371,0.601855496,-0.439038262,-1.000039335,1.556134433,0.171617321,0.534248764,0.925857992,1.530015729,-0.053354662,0.440753102,0.638314986,-0.587391431,-1.553655685,-0.969938068,48317.0588,116.5417199,48317.0588,116.5417199,969.5,1.878,-0.807
beltzvilleCombined,567,0.415178543,0.620545786,-1.27414627,-0.116578514,1.567229059,0.275543188,0.544223694,1.238633177,-0.397368281,0.093445104,0.483404198,0.635350371,-0.613159816,-1.392235793,-1.317262519,48317.0588,116.5417199,48317.0588,116.5417199,969.5,1.878,-0.807
beltzvilleCombined,568,0.300889855,0.587630237,-1.256141475,-1.18579839,1.566502881,0.253483043,0.593360345,1.02369633,1.330194251,-1.289509174,0.30835367,0.701082564,-1.059452254,0.147051414,-0.95195929,48317.0588,116.5417199,48317.0588,116.5417199,969.5,1.878,-0.807
beltzvilleCombined,569,0.40109825,0.572027526,-1.323337582,-0.15951428,1.465859453,0.041102411,0.52523311,-1.023416345,1.528415563,1.562350377,0.427068847,0.797457675,0.874987943,-1.485012534,0.179268855,48317.0588,116.5417199,48317.0588,116.5417199,969.5,1.878,-0.807
beltzvilleCombined,570,0.471597617,0.595556364,-0.413903905,0.756223897,1.562337624,0.040508091,0.785231469,-0.336652087,1.509286592,0.390182099,0.426599466,0.801906542,0.927034808,-1.479477308,-1.068539815,48317.0588,116.5417199,48317.0588,116.5417199,969.5,1.878,-0.807
beltzvilleCombined,571,0.400823376,0.587629732,-1.351800776,-0.222320525,1.556239689,0.171817581,0.774298861,1.114078878,1.567987188,1.478813845,0.454048967,0.880533898,-0.451127049,-1.434198384,-0.92032955,48317.0588,116.5417199,48317.0588,116.5417199,969.5,1.878,-0.807
beltzvilleCombined,572,0.487264674,0.595514172,-1.078407277,-0.128439111,1.551969809,0.194055682,0.70309233,1.244023722,1.558910345,1.536912374,0.069914969,0.920335702,0.8115844,-1.432930811,-0.866776662,48317.0588,116.5417199,48317.0588,116.5417199,969.5,1.878,-0.807
beltzvilleCombined,573,0.417544789,0.596755746,-1.322950353,1.235645439,1.553587355,0.093726579,0.817767554,1.24140354,1.44709664,1.169526513,0.434417674,0.703588444,-0.574909011,-0.659266424,0.316189352,48317.0588,116.5417199,48317.0588,116.5417199,969.5,1.878,-0.807
beltzvilleCombined,574,0.376664509,0.610941345,-1.112660297,-1.159418274,1.570171198,0.465685643,0.710482368,1.19556886,-1.402697728,0.315280356,0.425748759,0.774490387,-1.017766432,-1.382915836,-1.265693407,48317.0588,116.5417199,48317.0588,116.5417199,969.5,1.878,-0.807
beltzvilleCombined,575,0.404294411,0.597468,-0.592851305,-1.370184461,1.555519544,0.433303125,0.825322931,1.277608491,-1.502089945,0.324650036,0.40872711,0.776488109,-1.005125031,-1.385666677,-1.289498268,48317.0588,116.5417199,48317.0588,116.5417199,969.5,1.878,-0.807
beltzvilleCombined,576,0.330117929,0.594036584,-1.276080223,-0.648842526,1.55168379,0.495271602,0.728698773,1.27861907,-0.386831904,-1.271111168,0.479653227,0.741873366,-0.482976147,-0.62200227,1.22399333,48317.0588,116.5417199,48317.0588,116.5417199,969.5,1.878,-0.807
beltzvilleCombined,577,0.405417522,0.593440045,-1.250288602,0.513440065,1.556270135,0.444035201,0.543735841,1.24979861,-1.493307318,1.506423457,0.419404262,0.990996851,-0.199899673,-0.638115817,-1.290186373,48317.0588,116.5417199,48317.0588,116.5417199,969.5,1.878,-0.807
beltzvilleCombined,578,0.491549706,0.620486741,-0.890885875,0.56646082,1.566886216,0.5,0.5,1.101221811,-0.095842102,0.59381792,0.163677038,1,-0.638648875,-0.838015817,0.100590559,48317.0588,116.5417199,48317.0588,116.5417199,969.5,1.878,-0.807
beltzvilleCombined,579,0.339125659,0.596011142,-0.6497388,-0.069680149,1.55613385,0.232146375,0.761093284,1.08660556,1.545151626,1.300845735,0.434631314,0.883675842,-0.564958643,-0.620106754,1.461194827,48317.0588,116.5417199,48317.0588,116.5417199,969.5,1.878,-0.807
beltzvilleCombined,580,0.073581752,0.594178702,-0.476566468,-1.206658672,1.555271347,0.480219505,0.583878141,1.218784325,-1.508809546,1.382121056,0.281355376,0.519050376,0.342038211,-0.637506096,-1.440744717,48317.0588,116.5417199,48317.0588,116.5417199,969.5,1.878,-0.807
beltzvilleCombined,581,0.408715061,0.609270381,-0.597918653,0.484396041,1.557480037,0.475730759,0.706527539,1.222830238,-1.552511374,-0.833030879,0.317601264,0.721896221,-0.406107645,-0.626198016,-0.123747267,48317.0588,116.5417199,48317.0588,116.5417199,969.5,1.878,-0.807
beltzvilleCombined,582,0.013406982,0.58733976,-1.326973646,-0.326798076,1.566782339,0.299206559,0.719771941,1.239144819,-0.36991348,1.471501736,0.411870545,0.676119022,0.240487181,-0.605364848,-0.965564622,48317.0588,116.5417199,48317.0588,116.5417199,969.5,1.878,-0.807
beltzvilleCombined,583,0.403265417,0.609255935,-0.584316266,0.513440065,1.552142052,0.444114841,0.911686128,1.242868507,-1.537729325,0.305518653,0.318405779,0.978516621,-0.591200274,-0.832770104,-0.205382206,48317.0588,116.5417199,48317.0588,116.5417199,969.5,1.878,-0.807
beltzvilleCombined,584,0.129485165,0.602587408,-1.297656635,-1.305420256,1.566352952,0.168584989,0.776255168,-0.159551983,1.570446399,1.412580729,0.054913934,0.579560042,-0.295774077,-1.444188753,-0.402936416,48317.0588,116.5417199,48317.0588,116.5417199,969.5,1.878,-0.807
beltzvilleCombined,585,0.290536672,0.619329328,-1.227922812,0.617296317,1.567229059,0.041452459,0.765332077,0.253836643,1.43803097,1.520003757,0.008478499,0.99196848,-0.647370862,-0.874342355,-1.316264009,48317.0588,116.5417199,48317.0588,116.5417199,969.5,1.878,-0.807
beltzvilleCombined,586,0.322228007,0.618404696,-1.327971112,-0.162752103,1.568567436,0.167115561,0.854148416,0.303382703,1.543518586,1.545002624,0.05362837,0.543858958,0.965565339,-1.482797206,-0.93553302,48317.0588,116.5417199,48317.0588,116.5417199,969.5,1.878,-0.807
beltzvilleCombined,587,0.432326151,0.587785656,-1.256141475,-1.152279798,1.555836517,0.063555182,0.590764579,0.887399255,1.29627649,-1.439087779,0.398304502,0.702270257,-1.059452254,0.115342325,-0.954251535,48317.0588,116.5417199,48317.0588,116.5417199,969.5,1.878,-0.807
beltzvilleCombined,588,0.303237379,0.617618038,-1.068645957,-0.178057618,1.568018849,0.056698597,0.783399853,1.267909919,1.423769509,0.632420205,0.404292641,0.982483815,0.244033157,-1.490753555,0.03945617,48317.0588,116.5417199,48317.0588,116.5417199,969.5,1.878,-0.807
beltzvilleCombined,589,0.317871177,0.617193741,-0.46878194,-0.394223277,1.556202696,0.179748474,0.739424732,1.273244728,1.316355439,-0.852826802,0.109303219,0.729932524,-0.559843312,-0.680248771,1.235596907,48317.0588,116.5417199,48317.0588,116.5417199,969.5,1.878,-0.807
beltzvilleCombined,590,0.286403749,0.59362297,-1.319287477,-0.468762382,1.557487453,0.428990298,0.50417673,1.276168165,-1.276416267,1.51532452,0.372360824,0.744154824,-0.4636659,-0.873637289,1.291034509,48317.0588,116.5417199,48317.0588,116.5417199,969.5,1.878,-0.807
beltzvilleCombined,591,0.397955193,0.603416684,-0.461376188,0.467863662,1.566698886,0.428642627,0.573076857,1.114231073,-1.15744054,0.631363432,0.249201098,0.820162725,-1.090913324,-0.086179201,0.608619043,48317.0588,116.5417199,48317.0588,116.5417199,969.5,1.878,-0.807
beltzvilleCombined,592,0.246352653,0.60061566,-1.386314914,-0.077563336,1.567541313,0.05721449,0.622610388,1.258043628,-0.229074443,1.497519082,0.427847648,0.701719217,0.290322727,-1.437125872,0.130368773,48317.0588,116.5417199,48317.0588,116.5417199,969.5,1.878,-0.807
beltzvilleCombined,593,0.492954798,0.59452752,-1.250518874,-1.20760162,1.566463977,0.253119336,0.61512664,1.033522793,1.248486515,1.481417905,0.307209964,0.621712834,-0.303483011,-0.607572821,0.913136294,48317.0588,116.5417199,48317.0588,116.5417199,969.5,1.878,-0.807
beltzvilleCombined,594,0.314074137,0.597230448,-0.564560051,-1.095258507,1.551394424,0.215958595,0.508605647,1.359158944,-0.656185015,-1.276310448,0.492512868,0.503942507,-0.588476107,-0.930665583,0.132702428,48317.0588,116.5417199,48317.0588,116.5417199,969.5,1.878,-0.807
beltzvilleCombined,595,0.401308892,0.620931574,-0.464237629,0.528349936,1.5673096,0.45206699,0.671585959,1.273254631,-0.356452317,-0.80800592,0.108734052,0.720803831,-0.559843312,-0.637746643,1.235596907,48317.0588,116.5417199,48317.0588,116.5417199,969.5,1.878,-0.807
beltzvilleCombined,596,0.043713864,0.618646555,-1.368729348,-0.419577622,1.554268186,0.442452938,0.763899223,1.311601791,1.316894246,-1.549663393,0.183703275,0.556860622,-0.9389737,-0.619915763,-1.459574175,48317.0588,116.5417199,48317.0588,116.5417199,969.5,1.878,-0.807
beltzvilleCombined,597,0.429950894,0.616523705,-1.338583344,0.489152911,1.567303672,0.462100163,0.953947919,1.257802609,0.927794742,1.466926324,0.497507986,0.679428197,-1.295365393,-0.550640741,-0.700250132,48317.0588,116.5417199,48317.0588,116.5417199,969.5,1.878,-0.807
beltzvilleCombined,598,0.005021254,0.596687933,-0.55875443,-1.037326346,1.556185383,0.428169856,0.501805328,1.246787945,-1.490788842,-1.293004219,0.492391398,0.674587088,-0.907736836,-0.653100911,-0.738600397,48317.0588,116.5417199,48317.0588,116.5417199,969.5,1.878,-0.807
beltzvilleCombined,599,0.428638595,0.621525591,-0.595549595,-0.131506945,1.568491806,0.270815123,0.837654881,1.242981824,1.330373177,1.55735583,0.428923181,0.892733376,-1.438953239,-1.445374242,1.014242136,48317.0588,116.5417199,48317.0588,116.5417199,969.5,1.878,-0.807
beltzvilleCombined,600,0.407416788,0.625609842,0.362729444,-0.945584081,1.565872468,0.413820809,0.621246529,1.3470467,-1.519737808,-0.202366286,0.24385106,0.892792869,-1.038326184,-0.674020513,-1.264070121,48317.0588,116.5417199,48317.0588,116.5417199,969.5,1.878,-0.807
beltzvilleCombined,601,0.17791902,0.747659691,-1.304495153,-1.305420256,1.570428482,0.05721449,0.776222227,-0.1195981,1.570446399,1.412580729,0.054915505,0.851137227,-1.038424192,-1.444188753,-0.011425669,48317.0588,116.5417199,48317.0588,116.5417199,969.5,1.878,-0.807
beltzvilleCombined,602,0.437491702,0.596606619,-1.348871442,0.389979411,1.561188523,0.430912599,0.876111926,1.271680242,-1.490309709,-1.186383343,0.216432123,0.934607278,-1.139234311,-1.43662123,-0.708866875,48317.0588,116.5417199,48317.0588,116.5417199,969.5,1.878,-0.807
beltzvilleCombined,603,0.456432534,0.586557515,-1.270147474,-0.473171708,1.556011159,0.447791942,0.948720681,1.214626823,-0.370468929,0.682982179,0.471794751,0.902731312,-0.293129255,-0.623399858,1.460713525,48317.0588,116.5417199,48317.0588,116.5417199,969.5,1.878,-0.807
beltzvilleCombined,604,0.473346746,0.625033618,0.372682876,-0.585717974,1.5665541,0.275310865,0.826186824,1.08866988,1.499517813,-1.173310169,0.244281328,0.503942507,-1.038416781,-1.484340349,-1.22739458,48317.0588,116.5417199,48317.0588,116.5417199,969.5,1.878,-0.807
beltzvilleCombined,605,0.467001224,0.595265136,-1.344861508,-1.137926389,1.566984426,0.428642627,0.827434391,1.103594665,-0.328133258,-1.442136886,0.171879907,0.887875984,0.615808672,-0.718015212,-0.655183535,48317.0588,116.5417199,48317.0588,116.5417199,969.5,1.878,-0.807
beltzvilleCombined,606,0.405712559,0.586068701,-1.370754112,0.804554674,1.556386323,0.462846691,0.864225633,1.248078191,-1.546050341,1.457883607,0.398201848,0.977302704,-0.589549068,-1.469208549,1.522051422,48317.0588,116.5417199,48317.0588,116.5417199,969.5,1.878,-0.807
beltzvilleCombined,607,0.2914693,0.59290963,-1.328711421,-0.299043219,1.551470038,0.211810542,0.924292654,1.35486659,-0.656185015,0.404670583,0.411799949,0.502981672,-0.62722292,-0.977193675,-0.983079426,48317.0588,116.5417199,48317.0588,116.5417199,969.5,1.878,-0.807
beltzvilleCombined,608,0.458337103,0.622443529,0.011782376,-1.234070846,1.561643087,0.442065975,0.501525584,1.27445954,-1.524461755,0.663477605,0.480691097,0.518805235,-1.42587341,-0.204469901,-0.078134377,48317.0588,116.5417199,48317.0588,116.5417199,969.5,1.878,-0.807
beltzvilleCombined,609,0.292506964,0.620174911,-1.324410916,-0.892068573,1.566529159,0.377087837,0.62624212,1.318608275,-1.563375833,1.51733178,0.159543281,0.798823916,-0.360418641,-1.44122079,-1.179489243,48317.0588,116.5417199,48317.0588,116.5417199,969.5,1.878,-0.807
beltzvilleCombined,610,0.275064243,0.626032614,0.22958778,-0.436903688,1.568376441,0.071013999,0.504213155,1.021531556,1.391018219,-1.165962032,0.474719138,0.594213888,-0.541246989,-0.620106754,1.059169456,48317.0588,116.5417199,48317.0588,116.5417199,969.5,1.878,-0.807
beltzvilleCombined,611,0.435839985,0.587395683,-1.350797518,-0.233677283,1.556241877,0.47401656,0.589333724,1.273011833,-1.5184254,-1.291848724,0.239122424,0.890508349,-1.311925132,-1.434226297,-0.922090739,48317.0588,116.5417199,48317.0588,116.5417199,969.5,1.878,-0.807
beltzvilleCombined,612,0.259881957,0.626004475,-0.643868319,0.481593128,1.556088084,0.249168419,0.544862168,1.206773132,1.390899627,-0.358982763,0.499429819,0.880274702,-0.497974788,0.082241925,1.350077383,48317.0588,116.5417199,48317.0588,116.5417199,969.5,1.878,-0.807
beltzvilleCombined,613,0.303237379,0.617828336,-0.431027309,0.474898651,1.568018849,0.070466629,0.783399853,1.267909919,1.423769509,0.632420205,0.409781333,0.982483815,0.244033157,-1.490753555,0.03945617,48317.0588,116.5417199,48317.0588,116.5417199,969.5,1.878,-0.807
beltzvilleCombined,614,0.292506964,0.620174911,-1.110818348,-0.892068573,1.566529159,0.377087837,0.730426595,1.318608275,-1.564462124,1.51733178,0.159543281,0.798823916,-0.360418641,-1.44122079,-1.179489243,48317.0588,116.5417199,48317.0588,116.5417199,969.5,1.878,-0.807
beltzvilleCombined,615,0.378104642,0.605320258,-0.640614728,-0.231291018,1.568087345,0.475695007,0.710717198,1.080023888,1.531094822,1.569951692,0.185606142,0.777941473,-0.545296198,-1.392151303,1.294640296,48317.0588,116.5417199,48317.0588,116.5417199,969.5,1.878,-0.807
beltzvilleCombined,616,0.310626837,0.610941345,-0.466601567,-1.059063106,1.567988749,0.465685643,0.51522891,1.19556886,1.246320256,0.233236906,0.432575185,0.77548836,-1.151973853,-1.385968371,-0.119113658,48317.0588,116.5417199,48317.0588,116.5417199,969.5,1.878,-0.807
beltzvilleCombined,617,0.420562471,0.586470584,-1.068021745,-0.16890736,1.488581756,0.047074876,0.981094262,0.897935215,1.514827492,1.462538051,0.425657825,0.908687432,0.879913316,-1.413306309,-0.135406148,48317.0588,116.5417199,48317.0588,116.5417199,969.5,1.878,-0.807
beltzvilleCombined,618,0.437801332,0.602213997,-0.456162653,-0.309027565,1.556134433,0.171617321,0.569212619,0.920748597,1.530015729,0.198018116,0.440753102,0.888705828,-0.44025166,-1.550436615,-1.015171828,48317.0588,116.5417199,48317.0588,116.5417199,969.5,1.878,-0.807
beltzvilleCombined,619,0.428859299,0.625590112,-0.643868319,0.410238386,1.565434868,0.341947853,0.527409214,1.3459177,-0.344904963,0.806478017,0.447365517,0.913558939,-0.533713799,0.274382216,1.350077383,48317.0588,116.5417199,48317.0588,116.5417199,969.5,1.878,-0.807
beltzvilleCombined,620,0.420562471,0.586470584,-1.025451962,-0.16890736,1.489862441,0.047074876,0.842307944,0.897935215,1.514827492,-1.09694559,0.427632525,0.908687432,0.880774597,-1.413306309,-0.135406148,48317.0588,116.5417199,48317.0588,116.5417199,969.5,1.878,-0.807
beltzvilleCombined,621,0.453839604,0.586353963,-1.354380389,-0.268276214,1.561183213,0.479095326,0.579880115,1.261281078,-1.560644595,1.525565164,0.475990812,0.900815682,-0.59854789,-0.547911786,-1.564481497,48317.0588,116.5417199,48317.0588,116.5417199,969.5,1.878,-0.807
beltzvilleCombined,622,0.430485078,0.618645821,0.011782376,-0.762545691,1.556072053,0.442065975,0.592505693,1.27445954,-1.524461755,-1.342478656,0.485794991,0.91872114,-0.579704941,0.116307121,-0.073271038,48317.0588,116.5417199,48317.0588,116.5417199,969.5,1.878,-0.807
beltzvilleCombined,623,0.420562471,0.757471522,-1.068021745,-0.16890736,1.488581756,0.047074876,0.981094262,0.897935215,1.514827492,1.462538051,0.425657825,0.908687432,0.879913316,-1.413306309,-0.135406148,48317.0588,116.5417199,48317.0588,116.5417199,969.5,1.878,-0.807
beltzvilleCombined,624,0.283075408,0.620517795,-1.226116473,-0.850372815,1.567338937,0.297875005,0.527805888,1.314488781,0.584419653,0.952540326,0.165962735,0.982783251,-0.589326052,-0.840815353,0.213327052,48317.0588,116.5417199,48317.0588,116.5417199,969.5,1.878,-0.807
beltzvilleCombined,625,0.405417522,0.593440045,-1.250288602,0.513440065,1.556270135,0.444035201,0.543735841,1.24979861,-1.493307318,0.166642987,0.419404262,0.990996851,-0.199899673,-0.638115817,-1.290186373,48317.0588,116.5417199,48317.0588,116.5417199,969.5,1.878,-0.807
beltzvilleCombined,626,0.487264674,0.595514172,-1.078407277,-0.128439111,1.551969809,0.194055682,0.70309233,1.244023722,1.558910345,1.536912374,0.14257906,0.920335702,-0.52273648,-1.432930811,-0.866776662,48317.0588,116.5417199,48317.0588,116.5417199,969.5,1.878,-0.807
beltzvilleCombined,627,0.466042421,0.601855496,-1.231833308,0.945015033,1.55756771,0.171617321,0.763202176,0.932465109,1.49585183,1.285254365,0.437070949,0.944552125,-0.591390243,0.641144632,-1.379934888,48317.0588,116.5417199,48317.0588,116.5417199,969.5,1.878,-0.807
beltzvilleCombined,628,0.37512527,0.62395085,0.377874269,-0.945584081,1.565946271,0.168471645,0.766965865,1.347917853,1.56784126,-1.377580862,0.221260334,0.512313027,0.615795323,-1.487096901,0.217778391,48317.0588,116.5417199,48317.0588,116.5417199,969.5,1.878,-0.807
beltzvilleCombined,629,0.379908881,0.617305514,-1.068645957,-0.3386545,1.567535489,0.211458661,0.783739005,1.267909919,1.424355868,0.632420205,0.37513528,0.981421022,0.244033157,-1.074849987,0.03945617,48317.0588,116.5417199,48317.0588,116.5417199,969.5,1.878,-0.807
beltzvilleCombined,630,0.302230417,0.784773414,-0.662831315,-0.110030437,1.564437116,0.05721449,0.818584743,0.686244622,1.528549193,1.239141142,0.426685212,0.602508366,0.972868467,-1.452478036,0.342241275,48317.0588,116.5417199,48317.0588,116.5417199,969.5,1.878,-0.807
beltzvilleCombined,631,0.408793579,0.604318464,-0.448083052,-0.534995162,1.55133012,0.251793068,0.509194894,1.229586004,-0.377329663,-0.555578908,0.026446809,0.727808601,-1.322885631,-0.637004403,1.239613548,48317.0588,116.5417199,48317.0588,116.5417199,969.5,1.878,-0.807
beltzvilleCombined,632,0.413187602,0.619726454,-0.208433078,0.478911454,1.55242086,0.219291245,0.981228997,1.330364648,-0.782698583,0.054475236,0.350117009,0.689133577,-0.269063221,-1.011173579,-1.405811073,48317.0588,116.5417199,48317.0588,116.5417199,969.5,1.878,-0.807
beltzvilleCombined,633,0.497931637,0.62081079,-0.46992727,-0.487022149,1.567549138,0.055598664,0.623412588,0.174369326,1.315402825,-1.328648877,0.172024151,0.903405447,0.157330729,-0.547523369,0.125159972,48317.0588,116.5417199,48317.0588,116.5417199,969.5,1.878,-0.807
beltzvilleCombined,634,0.464578351,0.604718147,-0.359433954,0.020740793,1.556165965,0.129325214,0.548875764,0.647111093,1.504892714,-0.526528838,0.425204164,0.546224055,-0.728499382,-0.997622921,1.06247769,48317.0588,116.5417199,48317.0588,116.5417199,969.5,1.878,-0.807
beltzvilleCombined,635,0.451029766,0.604718147,-0.359433954,0.905161391,1.547869888,0.127836465,0.776373342,0.644620426,1.503730181,-0.420053576,0.478515967,0.559431968,-0.735397257,-0.997622921,1.06247769,48317.0588,116.5417199,48317.0588,116.5417199,969.5,1.878,-0.807
beltzvilleCombined,636,0.463674248,0.604718147,-0.359433954,-0.879297652,1.547869888,0.123547109,0.77714776,0.663123896,1.503730181,-0.420053576,0.425204164,0.55612051,-0.735397257,-0.997622921,1.06247769,48317.0588,116.5417199,48317.0588,116.5417199,969.5,1.878,-0.807
beltzvilleCombined,637,0.453870633,0.776419659,-0.908250243,1.53807664,1.443912624,0.06558766,0.773808892,0.78915796,1.508997909,-0.332638866,0.425649672,0.691773817,1.014883445,-1.24187661,-1.548325637,48317.0588,116.5417199,48317.0588,116.5417199,969.5,1.878,-0.807
beltzvilleCombined,638,0.466593077,0.604580722,-0.565680387,0.65293333,1.556273498,0.1305337,0.539992812,0.380675542,1.489289178,-0.496035775,0.401810452,0.760346905,0.087857167,-0.914487687,-1.335018001,48317.0588,116.5417199,48317.0588,116.5417199,969.5,1.878,-0.807
beltzvilleCombined,639,0.469010805,0.61517303,-0.26475786,-0.426931006,1.441567914,0.019637221,0.833441192,0.993829077,1.481290455,-0.657834665,0.125614465,0.588408561,-0.333566808,-0.017307538,-0.575279378,48317.0588,116.5417199,48317.0588,116.5417199,969.5,1.878,-0.807
beltzvilleCombined,640,0.240884567,0.593104724,-1.381088871,0.168472367,1.5522901,0.082575205,0.562111088,-0.16268338,1.447488136,-0.790595111,0.420916601,0.827664839,0.268390893,-0.219760946,-0.107758525,48317.0588,116.5417199,48317.0588,116.5417199,969.5,1.878,-0.807
beltzvilleCombined,641,0.05382601,0.603623859,-0.26475786,-0.806005363,1.539456149,0.00838863,0.837040623,0.31299556,1.455313425,0.037405627,0.125614465,0.593593818,-0.673365162,-1.429026244,0.268088778,48317.0588,116.5417199,48317.0588,116.5417199,969.5,1.878,-0.807
beltzvilleCombined,642,0.172593353,0.714537519,-0.433168585,0.278449411,1.529617605,0.02253471,0.859466531,-1.18685068,1.504572358,0.054968124,0.292737956,0.797711385,-0.911798122,-1.004542783,0.038174368,48317.0588,116.5417199,48317.0588,116.5417199,969.5,1.878,-0.807
beltzvilleCombined,643,0.466593077,0.604580722,-0.443686175,0.65293333,1.556273498,0.13069056,0.543757495,-1.03809685,1.504305711,-0.496035775,0.399034973,0.760291626,-0.533621214,-0.903983701,-1.262968771,48317.0588,116.5417199,48317.0588,116.5417199,969.5,1.878,-0.807
beltzvilleCombined,644,0.05382601,0.603623859,-0.266130235,-0.806005363,1.539456149,0.008489594,0.833376183,0.31299556,1.455824454,0.037405627,0.128389296,0.593649112,-0.673706325,-1.436095781,0.268088778,48317.0588,116.5417199,48317.0588,116.5417199,969.5,1.878,-0.807
beltzvilleCombined,645,0.475181577,0.808416957,-0.394810567,0.907545284,-0.215901559,0.031404461,0.779965049,-0.375038483,1.514197844,0.036523328,0.301145549,0.562210247,-1.084287465,-1.108879324,-0.601522037,48317.0588,116.5417199,48317.0588,116.5417199,969.5,1.878,-0.807
beltzvilleCombined,646,0.176661532,0.768112489,-0.371107803,0.278449411,1.544299471,0.02253471,0.859466531,-1.18685068,1.500224871,0.054968124,0.467934959,0.999386636,-0.911798122,-1.004308541,-1.545616802,48317.0588,116.5417199,48317.0588,116.5417199,969.5,1.878,-0.807
beltzvilleCombined,647,0.448177415,0.622420701,0.513780598,-0.952736449,1.558219169,0.085293861,0.778559033,0.12271324,1.444078792,-1.392898356,0.323651981,0.744748843,0.275305899,-0.999391495,1.298550883,48317.0588,116.5417199,48317.0588,116.5417199,969.5,1.878,-0.807
beltzvilleCombined,648,0.47079295,0.697026743,-0.810809453,0.4603293,1.546682279,0.022011226,0.525824,-0.011908016,1.495968754,-1.158528594,0.282224397,0.873878002,-0.488481472,-0.741683003,0.041445728,48317.0588,116.5417199,48317.0588,116.5417199,969.5,1.878,-0.807
beltzvilleCombined,649,0.104056543,0.608026987,-1.358520066,-0.61654738,1.556165965,0.117029939,0.553142399,-0.136722651,1.44926458,-0.137101044,0.206530642,0.930648575,0.277217087,-0.010882752,0.140588872,48317.0588,116.5417199,48317.0588,116.5417199,969.5,1.878,-0.807
beltzvilleCombined,650,0.243245728,0.593104724,-1.353350103,0.14051653,1.5522901,0.086039479,0.552703072,-0.140758435,1.449242252,0.156197099,0.4227785,0.571462113,0.268390893,-0.009312415,0.148278524,48317.0588,116.5417199,48317.0588,116.5417199,969.5,1.878,-0.807
beltzvilleCombined,651,0.10312669,0.608026987,-1.358520066,-0.582196163,1.556165965,0.117029939,0.562550415,-0.179340932,1.447510464,-0.137101044,0.206530642,0.930648575,0.277217087,-0.010882752,-0.115448177,48317.0588,116.5417199,48317.0588,116.5417199,969.5,1.878,-0.807
beltzvilleCombined,652,0.306227801,0.768414987,-0.4454753,0.452903627,1.564846873,0.02233551,0.52587851,0.665310848,1.497582747,-0.359049937,0.400181541,0.693962512,-0.498469545,-0.654037922,-1.534387912,48317.0588,116.5417199,48317.0588,116.5417199,969.5,1.878,-0.807
beltzvilleCombined,653,0.496875046,0.601287844,-0.360903923,-0.667596577,1.505519209,0.008225359,0.851974675,0.657774399,1.453184725,0.010722272,0.483987896,0.956368245,-1.553517474,-0.063376523,0.106159267,48317.0588,116.5417199,48317.0588,116.5417199,969.5,1.878,-0.807
beltzvilleCombined,654,0.474738027,0.822684306,-0.525625281,-1.263682017,1.518070772,0.052121675,0.553262835,0.668233051,1.564874486,1.389703786,0.425623174,0.686367714,0.530415312,-1.567059933,-1.376855231,48317.0588,116.5417199,48317.0588,116.5417199,969.5,1.878,-0.807
beltzvilleCombined,655,0.473724852,0.605025576,-0.210376806,-0.644487641,1.570337894,0.225807622,0.576663403,1.33104823,-0.164838021,0.054698574,0.248007508,0.981348868,-1.201620829,-1.015652031,0.522318369,48317.0588,116.5417199,48317.0588,116.5417199,969.5,1.878,-0.807
beltzvilleCombined,656,0.493128404,0.723322491,-0.522888892,-1.238005316,1.550920213,0.052018055,0.83964766,0.668233051,1.564874486,1.36268018,0.426598979,0.686367714,0.541267429,-1.567059933,-1.373480586,48317.0588,116.5417199,48317.0588,116.5417199,969.5,1.878,-0.807
beltzvilleCombined,657,0.089606997,0.60493605,-0.37091685,-0.595349891,1.558219169,0.171206413,0.781782965,0.072137883,1.569800624,-0.490391654,0.424375451,0.633579864,-0.637014735,-0.934388944,-1.56100037,48317.0588,116.5417199,48317.0588,116.5417199,969.5,1.878,-0.807
beltzvilleCombined,658,0.458492864,0.608373838,-0.371912981,-0.641179023,1.558314437,0.1709388,0.865288632,-0.042426992,1.565822728,0.015563683,0.424228347,0.63540752,-0.242743025,-0.229199007,-1.56100037,48317.0588,116.5417199,48317.0588,116.5417199,969.5,1.878,-0.807
beltzvilleCombined,Best Release NSE,0.499942655,0.625880751,-0.293649375,-0.624585628,1.570796327,0.124075528,0.769835835,-1.084100885,1.483342724,0.046547005,0.284038008,0.786911033,-0.680329122,-0.725356696,-1.562196614,48317.0588,116.5417199,48317.0588,116.5417199,969.5,1.878,-0.807
beltzvilleCombined,660,0.381131046,0.608373838,-0.371912981,-0.589709549,1.558726994,0.166626491,0.782156966,-0.056797395,1.568734755,0.031173049,0.424337505,0.960137511,-0.636635383,-1.461734942,-1.456167002,48317.0588,116.5417199,48317.0588,116.5417199,969.5,1.878,-0.807
beltzvilleCombined,661,0.412030751,0.620364308,-0.208433078,0.478911454,1.55242086,0.219291245,0.59042304,1.330230046,-0.782698583,0.052800836,0.350117009,0.689133577,-0.500798042,-1.015608518,-1.405811073,48317.0588,116.5417199,48317.0588,116.5417199,969.5,1.878,-0.807
beltzvilleCombined,662,0.448177415,0.615771279,0.513780598,-1.033621236,1.558219169,0.085293861,0.921860388,0.12271324,1.506919545,-1.419383301,0.330642491,0.742805958,0.279018822,-1.007096382,1.298550883,48317.0588,116.5417199,48317.0588,116.5417199,969.5,1.878,-0.807
beltzvilleCombined,663,0.469010805,0.61517303,-0.262939193,-0.812372617,1.441567914,0.019278219,0.833441192,0.993829077,1.481290455,-0.507066455,0.125614465,0.590172763,-0.333566808,-0.986035172,-0.580483309,48317.0588,116.5417199,48317.0588,116.5417199,969.5,1.878,-0.807
beltzvilleCombined,664,0.176661532,0.714537519,-0.347615164,0.278449411,1.552289847,0.02253471,0.859466531,-1.18685068,1.499737767,0.051012851,0.345264677,0.850464141,-0.911798122,-1.004308541,-0.165920587,48317.0588,116.5417199,48317.0588,116.5417199,969.5,1.878,-0.807
beltzvilleCombined,665,0.309846781,0.761272099,-0.445637865,0.549246371,1.411024883,0.02233549,0.522486371,0.665754745,1.491963835,-0.359049937,0.423552153,0.696346951,-0.536519266,-1.228457175,0.07348505,48317.0588,116.5417199,48317.0588,116.5417199,969.5,1.878,-0.807
beltzvilleCombined,666,0.464453837,0.703461494,-0.446387459,0.839281089,1.483745612,0.013647079,0.523792241,-0.434128775,1.479059917,-0.651361216,0.390568764,0.531881485,-0.7078515,-1.447597636,0.082974688,48317.0588,116.5417199,48317.0588,116.5417199,969.5,1.878,-0.807
beltzvilleCombined,667,0.46114589,0.618882833,-0.230606334,0.855778922,1.557976942,0.014580013,0.608696301,0.025749802,1.462927503,0.034430418,0.478939077,0.693121206,-0.861909515,-1.007150991,0.105751164,48317.0588,116.5417199,48317.0588,116.5417199,969.5,1.878,-0.807
beltzvilleCombined,668,0.457183799,0.619866628,-0.197864228,-0.60202327,1.567843779,0.256984655,0.545073282,1.029181131,1.18338545,0.016333455,0.351712079,0.639776975,-1.413357063,-1.007206266,0.534598302,48317.0588,116.5417199,48317.0588,116.5417199,969.5,1.878,-0.807
beltzvilleCombined,669,0.176661532,0.714537519,-0.371107803,0.285323761,1.552294506,0.02253471,0.859466531,-1.18685068,1.499737767,0.054968124,0.467978364,0.999386636,-0.911798122,-1.373733346,-0.149530123,48317.0588,116.5417199,48317.0588,116.5417199,969.5,1.878,-0.807
beltzvilleCombined,670,0.5,0.796125614,-0.358696814,0.857973968,1.487676647,0.017615213,0.835788768,-0.381454111,1.489637364,-0.642929283,0.164810411,0.665816473,-0.67028954,-0.904923773,-1.451578205,48317.0588,116.5417199,48317.0588,116.5417199,969.5,1.878,-0.807
beltzvilleCombined,671,0.175363667,0.699625292,-0.295328268,0.276846067,1.553122093,0.022580002,0.87128679,-1.134701559,1.499793578,1.139815368,0.428446799,0.90737884,-0.674787134,-1.010300897,0.065413851,48317.0588,116.5417199,48317.0588,116.5417199,969.5,1.878,-0.807
beltzvilleCombined,672,0.428131395,0.619866099,-0.200190593,0.605130482,1.567843779,0.004817139,0.501470473,-1.026866998,1.180607004,-0.677570587,0.49075677,0.849185377,-0.82091081,-1.007106802,-0.623619352,48317.0588,116.5417199,48317.0588,116.5417199,969.5,1.878,-0.807
beltzvilleCombined,673,0.104056543,0.614747343,-0.996498601,-0.628425042,1.556165965,0.112445289,0.859760789,0.684911258,1.561996495,-0.135304556,0.204474898,0.976190934,-0.263240345,0.364395122,0.140588872,48317.0588,116.5417199,48317.0588,116.5417199,969.5,1.878,-0.807
beltzvilleCombined,674,0.176661532,0.721453939,-0.265458945,0.244858821,1.552208569,0.02253471,0.859466531,-1.18685068,1.499737767,0.054968124,0.467978364,0.993146737,-0.911798122,-1.004308541,-0.146792495,48317.0588,116.5417199,48317.0588,116.5417199,969.5,1.878,-0.807
beltzvilleCombined,675,0.494777615,0.604444358,-0.360903923,-0.701533436,1.501874097,0.008225359,0.975384,0.657774399,1.454594896,0.010722272,0.483987896,0.961247085,-1.553517474,-0.063376523,0.096501278,48317.0588,116.5417199,48317.0588,116.5417199,969.5,1.878,-0.807
beltzvilleCombined,676,0.471851167,0.608271309,-0.663706667,0.548025664,1.529217748,0.253684863,0.581459497,1.419933047,-1.300760943,-0.146891936,0.420822128,0.675313076,-0.514707836,-0.25319648,0.570078449,48317.0588,116.5417199,48317.0588,116.5417199,969.5,1.878,-0.807
beltzvilleCombined,677,0.351499975,0.647089206,-0.533411172,-1.295439686,-0.84264365,0.052037291,0.639401987,0.681677922,1.564874486,0.046676999,0.376310443,0.695868432,0.541267429,-1.23913851,0.006694271,48317.0588,116.5417199,48317.0588,116.5417199,969.5,1.878,-0.807
beltzvilleCombined,678,0.347787971,0.815113285,-0.535194417,-1.233223124,-1.387322377,0.052037291,0.639401987,-1.047116316,1.567284126,0.50394898,0.396628522,0.686367714,0.541267429,-1.552290999,0.018677883,48317.0588,116.5417199,48317.0588,116.5417199,969.5,1.878,-0.807
beltzvilleCombined,679,0.33839841,0.796541063,-0.31554896,0.450170274,1.551844915,0.02117231,0.981532117,-0.602943575,1.499793578,-0.339333602,0.399503032,0.961540689,-0.6924907,-0.708713318,1.339486549,48317.0588,116.5417199,48317.0588,116.5417199,969.5,1.878,-0.807
beltzvilleCombined,680,0.425649309,0.622046562,-0.198275582,0.638748736,1.567843779,0.209168703,0.599833566,0.737474983,1.498731238,-0.866813634,0.466259657,0.882918271,-0.697957275,-0.641269189,1.221330455,48317.0588,116.5417199,48317.0588,116.5417199,969.5,1.878,-0.807
beltzvilleCombined,681,0.172593353,0.714537519,-0.433168585,0.285546258,1.529617605,0.014446863,0.859466531,-1.090958934,1.47879389,0.054968124,0.279008924,0.777933493,-0.911798122,-1.004542783,0.305495116,48317.0588,116.5417199,48317.0588,116.5417199,969.5,1.878,-0.807
beltzvilleCombined,682,0.13118993,0.603376857,-0.996498601,-0.611898032,1.556165965,0.117314194,0.859445807,0.011807069,1.499223204,0.809698288,0.206014996,0.937651471,-0.519789465,0.364395122,0.127645802,48317.0588,116.5417199,48317.0588,116.5417199,969.5,1.878,-0.807
beltzvilleCombined,683,0.330657679,0.619696216,-0.386689711,-1.297787746,1.568821425,0.02256708,0.978156299,1.015188159,1.438729133,-0.463781749,0.049236457,0.992748202,-0.676467773,0.003736711,-0.573867884,48317.0588,116.5417199,48317.0588,116.5417199,969.5,1.878,-0.807
beltzvilleCombined,684,0.306160309,0.817733065,-0.365737249,-0.743391893,1.556063136,0.013714128,0.524224412,0.547954181,1.473095406,0.962413683,0.460253789,0.579403048,-0.870152862,-0.658575518,0.106445542,48317.0588,116.5417199,48317.0588,116.5417199,969.5,1.878,-0.807
beltzvilleCombined,685,0.464997457,0.633241459,-1.45639775,0.640048921,1.568627461,0.265576385,0.503524594,1.029181131,1.530658973,0.09497843,0.414065196,0.536092082,-0.507733871,-1.391698506,0.980585063,48317.0588,116.5417199,48317.0588,116.5417199,969.5,1.878,-0.807
beltzvilleCombined,686,0.254878614,0.593104724,-1.353350103,0.286028869,1.5522901,0.054189602,0.562111088,-0.24928545,1.45051866,-0.99398543,0.455973723,0.571379609,-0.583802491,-1.420436715,1.285710779,48317.0588,116.5417199,48317.0588,116.5417199,969.5,1.878,-0.807
beltzvilleCombined,687,0.45960708,0.610327222,-0.270963487,-0.61654738,1.553433437,0.116330061,0.559927601,0.680347517,1.3908889,0.041625504,0.213018245,0.580641778,0.278764891,-0.007174244,0.125922098,48317.0588,116.5417199,48317.0588,116.5417199,969.5,1.878,-0.807
beltzvilleCombined,688,0.498125695,0.61748456,-0.471737541,0.871983833,1.567549138,0.023549492,0.874882959,0.174369326,1.31419678,-0.006412,0.468107479,0.903417234,0.157330729,-0.609154496,0.125159972,48317.0588,116.5417199,48317.0588,116.5417199,969.5,1.878,-0.807
beltzvilleCombined,689,0.466593077,0.609442063,-0.565680387,0.64255773,1.556273498,0.130009943,0.539992812,0.380675542,1.489289178,-0.631603295,0.401810452,0.561086109,-0.710606595,-0.914487687,-1.335018001,48317.0588,116.5417199,48317.0588,116.5417199,969.5,1.878,-0.807
beltzvilleCombined,690,0.493507259,0.612996664,-0.287554254,-1.151389246,1.567392682,0.060489255,0.970315325,0.072707116,1.489082199,0.05797549,0.214545512,0.966679914,-0.673886796,-1.443732499,-1.48132668,48317.0588,116.5417199,48317.0588,116.5417199,969.5,1.878,-0.807
beltzvilleCombined,691,0.451393295,0.567576156,-0.852229874,1.384002034,1.558931166,0.019388505,0.780509827,-0.273569847,1.489349023,0.794809497,0.459380851,0.700067985,-0.691086843,-1.003654117,-0.972338932,48317.0588,116.5417199,48317.0588,116.5417199,969.5,1.878,-0.807
beltzvilleCombined,692,0.469010805,0.61517303,-0.26502672,-0.80743029,1.441567914,0.019278219,0.833441192,0.937828495,1.481290455,-0.507066455,0.125614465,0.589461359,-0.333566808,-0.981888951,0.121462331,48317.0588,116.5417199,48317.0588,116.5417199,969.5,1.878,-0.807
beltzvilleCombined,693,0.450100323,0.615771279,-0.253672504,-1.054686326,1.558219169,0.087541057,0.921860388,0.12271324,1.506919545,-1.419383301,0.330642491,0.742805958,0.279018822,-1.007111719,1.298550883,48317.0588,116.5417199,48317.0588,116.5417199,969.5,1.878,-0.807
beltzvilleCombined,694,0.434639641,0.60844618,-0.200102783,-0.297974705,1.556160932,0.069528407,0.795589954,0.12933769,1.40095317,-0.610827031,0.038425871,0.698067661,-0.591037253,-1.566934726,0.594479988,48317.0588,116.5417199,48317.0588,116.5417199,969.5,1.878,-0.807
beltzvilleCombined,695,0.283737113,0.768374074,-0.351876613,0.44660084,1.401415088,0.02253471,0.859466531,-1.131515659,1.499737767,0.00811912,0.345264677,0.686920941,-0.911798122,-1.004308541,-0.165920587,48317.0588,116.5417199,48317.0588,116.5417199,969.5,1.878,-0.807
beltzvilleCombined,696,0.297277694,0.768414987,-0.4454753,0.452903627,1.564846873,0.02233551,0.52587851,0.665310848,1.497582747,-0.359049937,0.400181541,0.693962512,-0.498469545,-0.654037922,-1.534387912,48317.0588,116.5417199,48317.0588,116.5417199,969.5,1.878,-0.807
beltzvilleCombined,697,0.460961619,0.615903744,-0.447377077,-0.628425042,1.567262529,0.221249581,0.711276092,1.262393824,-0.176518198,-0.199655111,0.486600955,0.939624411,-0.66442015,-0.033525043,-0.910535412,48317.0588,116.5417199,48317.0588,116.5417199,969.5,1.878,-0.807
beltzvilleCombined,698,0.108817148,0.603376857,-0.996498601,-0.611898032,1.556165965,0.114757548,0.859445807,-0.138930838,1.561996495,0.807754963,0.268595876,0.940916446,-0.28742565,0.364395122,0.140588872,48317.0588,116.5417199,48317.0588,116.5417199,969.5,1.878,-0.807
beltzvilleCombined,699,0.449340921,0.602854926,-0.336754459,0.166023929,-0.474185176,0.03598616,0.936287074,0.592295618,1.533732273,0.208483132,0.421455066,0.562295422,0.271536274,-1.533970014,-0.133002712,48317.0588,116.5417199,48317.0588,116.5417199,969.5,1.878,-0.807
beltzvilleCombined,700,0.240884567,0.593104724,-1.381088871,0.168472367,1.5522901,0.082207719,0.928576224,-1.208383323,1.448237915,0.154737697,0.489346513,0.571371115,0.273329123,-1.140989698,-0.107758525,48317.0588,116.5417199,48317.0588,116.5417199,969.5,1.878,-0.807
beltzvilleCombined,701,0.225355888,0.593104724,-1.381088871,0.168472367,1.5522901,0.082575205,0.562111088,-0.16268338,1.447488136,-0.115884534,0.420916601,0.571462113,0.268390893,-0.009312415,-0.107758525,48317.0588,116.5417199,48317.0588,116.5417199,969.5,1.878,-0.807
beltzvilleCombined,702,0.307390269,0.700864142,-0.268380159,0.273935101,1.539367204,0.013284713,0.853779309,-0.837814133,1.477269234,-0.698613001,0.495797022,0.943196832,-1.363666142,-1.016113577,1.167978508,48317.0588,116.5417199,48317.0588,116.5417199,969.5,1.878,-0.807
beltzvilleCombined,703,0.451029766,0.604718147,-0.359433954,0.905161391,1.547869888,0.127836465,0.776373342,-1.399078545,1.503730181,-0.420053576,0.478515967,0.559431968,-0.735397257,-0.997622921,1.06247769,48317.0588,116.5417199,48317.0588,116.5417199,969.5,1.878,-0.807
beltzvilleCombined,704,0.498026915,0.614876755,-0.372146072,-0.925824144,1.551758675,0.04620868,0.848916561,1.247004127,1.296546077,-1.312124376,0.445956349,0.562151972,0.257460957,-1.011138796,0.508774714,48317.0588,116.5417199,48317.0588,116.5417199,969.5,1.878,-0.807
beltzvilleCombined,705,0.142855815,0.604953972,-1.434867766,0.016568427,1.554529562,0.164342624,0.580421299,-1.161887811,1.541017131,-0.14346175,0.275612168,0.677730662,0.452238266,-0.241519779,0.326339647,48317.0588,116.5417199,48317.0588,116.5417199,969.5,1.878,-0.807
beltzvilleCombined,706,0.453884181,0.623359176,-0.286086991,0.897582934,1.550339754,0.013541167,0.835090198,-0.032639089,1.468329644,-0.497130755,0.478939077,0.756268619,-0.680899792,-1.106464442,-0.862286545,48317.0588,116.5417199,48317.0588,116.5417199,969.5,1.878,-0.807
beltzvilleCombined,707,0.243245728,0.593104724,-1.353350103,0.14051653,1.5522901,0.086039479,0.552703072,0.203996794,1.449242252,0.156197099,0.4227785,0.571462113,0.268390893,-0.009312415,0.148278524,48317.0588,116.5417199,48317.0588,116.5417199,969.5,1.878,-0.807
beltzvilleCombined,708,0.33839841,0.796541063,-0.31554896,0.450170274,1.551844915,0.02117231,0.981532117,-1.120459039,1.499793578,-0.339333602,0.399503032,0.961540689,-0.6924907,-0.708713318,1.339486549,48317.0588,116.5417199,48317.0588,116.5417199,969.5,1.878,-0.807
beltzvilleCombined,709,0.47079295,0.686426093,-0.810809453,0.4603293,1.546682279,0.022011226,0.525824,-0.011908016,1.495968754,-1.158528594,0.282224397,0.873878002,-0.488481472,-0.741683003,0.041445728,48317.0588,116.5417199,48317.0588,116.5417199,969.5,1.878,-0.807
beltzvilleCombined,710,0.48407639,0.604579798,-0.352966292,0.677010101,1.556286824,0.13069056,0.543757495,-1.051139239,1.504897708,-0.494318414,0.399034973,0.760291626,-0.721383175,-0.995790401,1.001682928,48317.0588,116.5417199,48317.0588,116.5417199,969.5,1.878,-0.807
beltzvilleCombined,711,0.176041772,0.765858231,-0.789242002,0.49767629,1.537748131,0.021566573,0.970866888,-0.611505001,1.495628162,-0.642405289,0.400318164,0.832734414,-0.674696013,-1.001021144,0.338567038,48317.0588,116.5417199,48317.0588,116.5417199,969.5,1.878,-0.807
beltzvilleCombined,712,0.104056543,0.608026987,-0.996498601,-0.628425042,1.556165965,0.117179727,0.859760789,-0.175788673,1.563279492,-0.135304556,0.206530642,0.930194981,-0.263240345,0.364395122,-0.121007565,48317.0588,116.5417199,48317.0588,116.5417199,969.5,1.878,-0.807
beltzvilleCombined,713,0.089606997,0.60493605,-0.37091685,0.044620652,1.557990025,0.169425576,0.781782965,0.093151385,1.569800624,-0.495528024,0.424375451,0.68034594,0.44690422,-0.933413634,-1.56100037,48317.0588,116.5417199,48317.0588,116.5417199,969.5,1.878,-0.807
beltzvilleCombined,714,0.485374436,0.622910929,-0.677924143,-0.153335483,1.568835132,0.279537434,0.653266407,1.19118679,1.551802431,1.416678539,0.437881061,0.677896572,-0.67898119,-1.116181212,0.962042149,48317.0588,116.5417199,48317.0588,116.5417199,969.5,1.878,-0.807
beltzvilleCombined,715,0.389544646,0.793082075,-1.180800779,1.552620575,1.272616976,0.029535443,0.507476722,-0.284907068,1.489861734,1.383140642,0.47304208,0.53699113,0.735589945,-1.442543227,-1.412421465,48317.0588,116.5417199,48317.0588,116.5417199,969.5,1.878,-0.807
beltzvilleCombined,716,0.460041791,0.786783367,-0.763957036,1.486005764,1.390578623,0.029473348,0.532596722,-0.355439937,1.486039683,-1.474197651,0.45971862,0.769537113,0.843591991,-1.555848999,-1.330861395,48317.0588,116.5417199,48317.0588,116.5417199,969.5,1.878,-0.807
beltzvilleCombined,717,0.473998445,0.729629192,-0.457039517,-0.944066747,1.467217985,0.024578904,0.982815368,0.928671906,1.460253168,-1.294647533,0.428861231,0.881412922,0.754697788,-1.431364788,-1.07377314,48317.0588,116.5417199,48317.0588,116.5417199,969.5,1.878,-0.807
beltzvilleCombined,718,0.484210255,0.729597133,-0.726496311,1.517135777,-1.346825116,0.027853142,0.52715458,0.876271299,1.476078673,0.013299205,0.451702166,0.938944704,0.746156621,-1.549401641,-0.746435284,48317.0588,116.5417199,48317.0588,116.5417199,969.5,1.878,-0.807
beltzvilleCombined,719,0.49005332,0.996767748,-1.04815324,1.370706852,1.566107143,0.02778781,0.716691546,1.223585757,1.479687978,-1.413739588,0.462523015,0.53270671,0.406156645,-1.560605297,0.163358829,48317.0588,116.5417199,48317.0588,116.5417199,969.5,1.878,-0.807
beltzvilleCombined,720,0.457248761,0.541291248,0.039056457,-1.528611975,1.537753088,0.027349093,0.575525333,1.389319057,1.359663513,1.416958213,0.455414982,0.728859346,0.118240834,-0.903831604,-1.307727866,48317.0588,116.5417199,48317.0588,116.5417199,969.5,1.878,-0.807
beltzvilleCombined,721,0.343365809,0.729597133,-0.757515262,-0.615503679,1.534544557,0.028045897,0.855865622,0.874901806,1.474702422,0.138101779,0.452270099,0.922104957,0.751100424,-1.563345355,0.87302599,48317.0588,116.5417199,48317.0588,116.5417199,969.5,1.878,-0.807
beltzvilleCombined,722,0.484500086,0.593276568,-1.454934701,1.436563727,1.540348844,0.022633022,0.868611179,0.818604779,1.47718824,-1.386008417,0.453244528,0.533759502,0.621817063,-1.561850053,0.94581341,48317.0588,116.5417199,48317.0588,116.5417199,969.5,1.878,-0.807
beltzvilleCombined,723,0.451617712,0.587218318,-0.41475126,-1.080933053,1.516866458,0.203509802,0.505916844,1.401288336,1.451876266,-1.455113234,0.432330065,0.755256122,0.294606858,-1.35788336,-0.714280937,48317.0588,116.5417199,48317.0588,116.5417199,969.5,1.878,-0.807
beltzvilleCombined,724,0.367134377,0.732908328,-1.4952121,1.523376012,-0.16110057,0.03214805,0.534817037,0.375584696,1.486075864,-1.531058276,0.45503539,0.72576314,0.753416049,-1.35212693,-0.086821067,48317.0588,116.5417199,48317.0588,116.5417199,969.5,1.878,-0.807
beltzvilleCombined,725,0.38957262,0.789280017,-1.186331493,1.552620575,1.273404003,0.029508022,0.507476722,-0.241465302,1.489861734,1.380444056,0.441386232,0.592935455,0.766689548,-1.442543227,-1.412421465,48317.0588,116.5417199,48317.0588,116.5417199,969.5,1.878,-0.807
beltzvilleCombined,726,0.487916365,0.776245474,-1.192989118,1.15698751,1.532218476,0.036169286,0.501003768,-0.296091541,1.491904165,1.508597773,0.462709465,0.592935455,0.84909547,-1.454049841,0.150967541,48317.0588,116.5417199,48317.0588,116.5417199,969.5,1.878,-0.807
beltzvilleCombined,727,0.326440507,0.59481861,-1.201934729,-1.27586206,1.55924495,0.149108007,0.958879706,-0.407613803,1.5098942,-0.232423365,0.371535771,0.791021542,0.168816036,-1.412575774,-0.38985499,48317.0588,116.5417199,48317.0588,116.5417199,969.5,1.878,-0.807
beltzvilleCombined,728,0.419192779,0.583040223,-1.174095943,-1.29272273,1.539534911,0.018735134,0.936403618,0.140107331,1.462071348,-1.560935881,0.433305894,0.529216138,0.358776952,-1.428010237,-0.779040088,48317.0588,116.5417199,48317.0588,116.5417199,969.5,1.878,-0.807
beltzvilleCombined,729,0.48212734,0.779377508,-1.192989118,-0.858331007,1.532218476,0.036425433,0.511829984,-0.296091541,1.491904165,-1.525312806,0.462503289,0.592935455,0.838755801,-1.454049841,0.150967541,48317.0588,116.5417199,48317.0588,116.5417199,969.5,1.878,-0.807
beltzvilleCombined,730,0.483750001,0.549496793,-0.752758398,1.47490792,1.270664639,0.029990161,0.58160392,-0.382824273,1.491173665,-0.189241949,0.461382915,0.576132548,0.754597462,-1.425524583,-1.508754286,48317.0588,116.5417199,48317.0588,116.5417199,969.5,1.878,-0.807
beltzvilleCombined,731,0.328330865,0.775708827,-0.700950689,1.545597613,-0.294217478,0.028077118,0.601822293,0.41903237,1.483510974,0.035713192,0.446982914,0.979614109,0.751668607,-1.359260352,-0.364041557,48317.0588,116.5417199,48317.0588,116.5417199,969.5,1.878,-0.807
beltzvilleCombined,732,0.483566915,0.765651529,-1.510150138,1.515988022,1.566594863,0.029567432,0.532596722,-1.07678925,1.486199428,-1.485499901,0.456447876,0.546698313,0.842076932,-1.430177261,-1.396162688,48317.0588,116.5417199,48317.0588,116.5417199,969.5,1.878,-0.807
beltzvilleCombined,733,0.482427623,0.669209749,-1.528926148,1.545553445,1.547834644,0.022827051,0.983691917,1.044425651,1.460474309,-1.416666533,0.433981115,0.963986242,0.621817063,-1.362080842,-0.978677006,48317.0588,116.5417199,48317.0588,116.5417199,969.5,1.878,-0.807
beltzvilleCombined,734,0.499135426,0.632342153,-0.668540595,-1.466594978,1.57041235,0.218183504,0.954487588,1.38489502,1.461618029,-1.380107253,0.433736475,0.974329905,-0.084210286,-1.465535344,-1.311336547,48317.0588,116.5417199,48317.0588,116.5417199,969.5,1.878,-0.807
beltzvilleCombined,735,0.16371611,0.578802923,-1.185623498,-1.29272273,1.539661507,0.018735134,0.936403618,0.243555543,1.4619967,-1.560935881,0.433663993,0.529216138,0.360015757,-1.428010237,-0.847780618,48317.0588,116.5417199,48317.0588,116.5417199,969.5,1.878,-0.807
beltzvilleCombined,736,0.497626584,0.785175314,-0.746581092,-1.065790016,1.546392577,0.037896822,0.864605959,0.573428195,1.504967556,-1.493948922,0.45649455,0.979240761,0.765310755,-1.42510564,-0.124332351,48317.0588,116.5417199,48317.0588,116.5417199,969.5,1.878,-0.807
beltzvilleCombined,737,0.459046154,0.601529551,-0.642701492,-0.033956514,1.544173066,0.275205155,0.993541922,1.339274001,-1.197617786,-0.525533559,0.44278017,0.520024932,0.391503036,-1.554009078,0.981115875,48317.0588,116.5417199,48317.0588,116.5417199,969.5,1.878,-0.807
beltzvilleCombined,738,0.391003647,0.799622367,-0.798349451,1.552620575,1.272616976,0.029508022,0.507476722,-0.241465302,1.489982898,1.380444056,0.459153603,0.930468358,0.795029669,-1.440031149,1.01838241,48317.0588,116.5417199,48317.0588,116.5417199,969.5,1.878,-0.807
beltzvilleCombined,739,0.492894974,0.729351839,-0.679313179,-0.95037153,1.464583098,0.028182174,0.879586571,1.054380476,1.461376456,0.686942394,0.44949155,0.868528279,0.696762061,-1.38696212,-1.003666298,48317.0588,116.5417199,48317.0588,116.5417199,969.5,1.878,-0.807
beltzvilleCombined,740,0.276269061,0.725614152,-0.440320602,0.077632508,1.549130276,0.027855769,0.862212148,0.874070087,1.460416005,-1.350603799,0.452270099,0.922104957,0.793412368,-1.566894328,-0.73716416,48317.0588,116.5417199,48317.0588,116.5417199,969.5,1.878,-0.807
beltzvilleCombined,741,0.493326513,0.777081114,-0.368553059,-1.387010248,-0.154951888,0.044731237,0.591971685,0.548550188,1.520676722,1.309279519,0.45491534,0.543949541,0.932044465,-1.569908637,1.325228691,48317.0588,116.5417199,48317.0588,116.5417199,969.5,1.878,-0.807
beltzvilleCombined,742,0.48532073,0.571765165,-1.176954806,1.517465875,1.272616976,0.036531394,0.521711159,-0.039470479,1.491904165,-0.57164581,0.468419452,0.592935455,0.848854017,-1.442543227,-1.369813402,48317.0588,116.5417199,48317.0588,116.5417199,969.5,1.878,-0.807
beltzvilleCombined,743,0.343365809,0.729597133,-0.666000003,0.31522318,1.534544557,0.028045908,0.58657503,0.874901806,1.4744574,0.145633998,0.452586635,0.577958083,0.75111889,-1.563345355,0.87302599,48317.0588,116.5417199,48317.0588,116.5417199,969.5,1.878,-0.807
beltzvilleCombined,744,0.482427623,0.969840968,-1.498963295,1.545553445,1.353975406,0.023391592,0.983691917,1.044425651,1.458508457,-1.416666533,0.433981115,0.963125462,0.621817063,-1.453388204,-0.978677006,48317.0588,116.5417199,48317.0588,116.5417199,969.5,1.878,-0.807
beltzvilleCombined,745,0.461579426,0.786965747,-0.456739164,1.543199798,1.469168901,0.024600931,0.524336764,-0.352939806,1.47301026,-0.516203254,0.45650304,0.601368757,0.839661348,-1.565964924,-0.703950559,48317.0588,116.5417199,48317.0588,116.5417199,969.5,1.878,-0.807
beltzvilleCombined,746,0.497452636,0.778703618,-1.500340381,1.553719557,-0.751626358,0.056304311,0.971698303,1.201416,1.407184517,-0.534392415,0.213318632,0.845771316,-1.541612496,-1.529601743,0.138361109,48317.0588,116.5417199,48317.0588,116.5417199,969.5,1.878,-0.807
beltzvilleCombined,747,0.451617712,0.587218318,-0.413784318,-1.118865788,1.516866458,0.203509802,0.502710294,1.401288336,1.476082815,-1.475064622,0.432078904,0.750963928,0.355264731,-1.398043031,-0.714280937,48317.0588,116.5417199,48317.0588,116.5417199,969.5,1.878,-0.807
beltzvilleCombined,748,0.388193761,0.635087037,-0.763193784,0.035782292,1.535851089,0.266491344,0.874797319,1.382160015,1.446496246,1.447389223,0.432489466,0.530507854,0.372115222,-1.431057746,-0.701698983,48317.0588,116.5417199,48317.0588,116.5417199,969.5,1.878,-0.807
beltzvilleCombined,749,0.324760529,0.937978316,-0.494286048,-1.526720306,1.488946494,0.044731237,0.568126669,-0.054049208,1.508364113,-1.550867638,0.410773783,0.781089684,0.953121366,-1.357923208,1.38083204,48317.0588,116.5417199,48317.0588,116.5417199,969.5,1.878,-0.807
beltzvilleCombined,750,0.320506153,0.605207871,-1.107643732,-0.210669288,1.533180077,0.298150194,0.803216252,1.395116159,1.44569438,-0.713845304,0.431347564,0.784682663,0.319287666,-1.42720483,-0.697266551,48317.0588,116.5417199,48317.0588,116.5417199,969.5,1.878,-0.807
beltzvilleCombined,751,0.458785547,0.80256014,-1.512798806,1.550866158,1.398883572,0.450766457,0.959182099,1.383967698,-1.527677483,-0.756612101,0.441045762,0.56871223,-1.145066697,-1.45521809,-1.418685342,48317.0588,116.5417199,48317.0588,116.5417199,969.5,1.878,-0.807
beltzvilleCombined,752,0.392840587,0.633858613,-1.104947918,0.125621703,1.569271774,0.178269704,0.688633844,1.307124988,1.514939525,0.056126053,0.459702733,0.675846615,0.48876009,-1.408200709,-1.286729824,48317.0588,116.5417199,48317.0588,116.5417199,969.5,1.878,-0.807
beltzvilleCombined,753,0.48484179,0.62444249,-0.435463954,-1.325674833,1.270664639,0.029997464,0.568684053,0.336564185,1.494636434,-0.189241949,0.424894155,0.978326837,0.754750121,-1.387262066,-1.509484782,48317.0588,116.5417199,48317.0588,116.5417199,969.5,1.878,-0.807
beltzvilleCombined,754,0.386074431,0.550015431,-0.663777193,1.55079259,1.498320598,0.02801836,0.977004582,0.870203061,1.475028202,1.387205693,0.429883291,0.506187966,0.753416049,-1.460464943,-0.744073749,48317.0588,116.5417199,48317.0588,116.5417199,969.5,1.878,-0.807
beltzvilleCombined,755,0.417130417,0.588705665,-1.201346854,-1.29272273,1.539534911,0.018735134,0.691625483,0.129158487,1.46298978,-1.560935881,0.428866722,0.529216138,0.371160108,-1.326690158,-0.793425514,48317.0588,116.5417199,48317.0588,116.5417199,969.5,1.878,-0.807
beltzvilleCombined,756,0.491802812,0.795680125,-1.50206075,1.552588257,-0.260688102,0.029508022,0.507947992,-0.234186029,1.489861734,-1.520201206,0.441386232,0.536541145,0.76952475,-1.456723373,-1.421045707,48317.0588,116.5417199,48317.0588,116.5417199,969.5,1.878,-0.807
beltzvilleCombined,757,0.389264808,0.797735674,-0.764930983,1.557912779,1.281597091,0.028072995,0.881117964,-0.226479655,1.489861734,-1.416480896,0.452301746,0.929265641,0.766689548,-1.545830509,-1.412421465,48317.0588,116.5417199,48317.0588,116.5417199,969.5,1.878,-0.807
beltzvilleCombined,758,0.34052783,0.856161434,-0.810498814,0.040045818,1.45891126,0.049998591,0.701305899,0.906101442,1.524045657,-1.568946907,0.41233458,0.675622397,0.899858345,-1.366771256,-0.767211566,48317.0588,116.5417199,48317.0588,116.5417199,969.5,1.878,-0.807
beltzvilleCombined,759,0.485374436,0.586021752,-1.221396051,0.093068566,1.568835132,0.279537434,0.661572664,1.169625185,0.800942585,0.033026208,0.312353824,0.96144395,0.358838309,-1.120156258,1.01227115,48317.0588,116.5417199,48317.0588,116.5417199,969.5,1.878,-0.807
beltzvilleCombined,760,0.497724419,0.586870087,-1.164945551,0.364898581,1.534479076,0.203509802,0.856411404,1.400335993,-0.710008476,-1.388460473,0.449624945,0.96000749,0.31856299,-1.388460147,-0.711906936,48317.0588,116.5417199,48317.0588,116.5417199,969.5,1.878,-0.807
beltzvilleCombined,761,0.132126644,0.769868787,-0.378392714,-1.049943733,1.499316589,0.044732835,0.512188087,-0.053915538,1.508505444,-0.662812516,0.427761489,0.777392303,0.925947705,-1.375879574,-0.88288111,48317.0588,116.5417199,48317.0588,116.5417199,969.5,1.878,-0.807
beltzvilleCombined,762,0.11037625,0.680828473,-0.77198755,-0.810665174,1.434278254,0.039785801,0.861184968,0.548034722,1.49334934,0.427859215,0.415775738,0.576883423,0.935407154,-1.367866965,-1.528986831,48317.0588,116.5417199,48317.0588,116.5417199,969.5,1.878,-0.807
beltzvilleCombined,763,0.484144835,0.732280427,-0.752758398,1.47490792,1.267101621,0.029990161,0.58160392,-0.382824273,1.491173665,0.690974249,0.461072309,0.576132548,0.757082806,-1.425524583,-1.000342713,48317.0588,116.5417199,48317.0588,116.5417199,969.5,1.878,-0.807
beltzvilleCombined,764,0.170654667,0.588102122,0.064978847,-1.339760009,1.559948212,0.140301581,0.536652637,0.285723182,1.517494767,-1.529973273,0.349617558,0.524740947,0.141474602,-1.364196848,-0.847888102,48317.0588,116.5417199,48317.0588,116.5417199,969.5,1.878,-0.807
beltzvilleCombined,765,0.484740463,0.66064188,-0.756488876,0.503278233,1.534687729,0.029475425,0.688055809,-0.339969659,1.483290456,0.00030312,0.454743028,0.77019616,0.848694907,-1.561837988,-1.330861395,48317.0588,116.5417199,48317.0588,116.5417199,969.5,1.878,-0.807
beltzvilleCombined,766,0.486835332,0.63784257,-0.758359872,0.434203539,1.550986107,0.029677617,0.858994632,-0.389839141,1.481348935,-0.56542647,0.451896542,0.806674857,0.864363979,-1.548038008,-1.456680536,48317.0588,116.5417199,48317.0588,116.5417199,969.5,1.878,-0.807
beltzvilleCombined,767,0.417130417,0.588705665,-1.220486672,-1.29272273,1.539534911,0.018151496,0.810534725,0.129158487,1.46298978,-1.560935881,0.428866722,0.795885914,0.36333365,-1.331630776,-0.793425514,48317.0588,116.5417199,48317.0588,116.5417199,969.5,1.878,-0.807
beltzvilleCombined,768,0.381724447,0.621707591,-0.666396409,0.340704172,1.538953827,0.231405893,0.862972422,1.405895281,1.419808702,-0.031561182,0.451563086,0.687782736,0.303810779,-1.466448493,-1.453519667,48317.0588,116.5417199,48317.0588,116.5417199,969.5,1.878,-0.807
beltzvilleCombined,769,0.483222992,0.765671963,-1.51340928,1.543176054,1.423723149,0.029556944,0.961711486,0.887694319,1.473754744,0.639027099,0.452895885,0.940016792,0.686503634,-1.44064191,0.076211066,48317.0588,116.5417199,48317.0588,116.5417199,969.5,1.878,-0.807
beltzvilleCombined,770,0.459048759,0.835296245,-1.512798806,1.550866158,1.564056828,0.134733179,0.59993586,1.258742059,1.410072912,-0.755797162,0.352351377,0.962712862,-1.099826026,-1.429787068,0.34658624,48317.0588,116.5417199,48317.0588,116.5417199,969.5,1.878,-0.807
beltzvilleCombined,771,0.480879756,0.732908328,-1.498318601,1.487511287,1.546080046,0.032364482,0.861158913,0.488991409,1.482846135,-1.493633891,0.45503539,0.723607107,0.749009314,-1.364963953,0.036482925,48317.0588,116.5417199,48317.0588,116.5417199,969.5,1.878,-0.807
beltzvilleCombined,772,0.252228899,0.790773522,-1.200646928,-0.905083095,1.559401127,0.050001143,0.512900288,0.785773196,1.526434351,-1.332369969,0.411873772,0.675763668,0.899699207,-1.385630496,0.20245801,48317.0588,116.5417199,48317.0588,116.5417199,969.5,1.878,-0.807
beltzvilleCombined,773,0.441580662,0.605262475,-0.672593514,-1.093165892,1.496925815,0.044743013,0.724247528,0.569228465,1.501102334,-1.381652778,0.428642441,0.747896869,0.912191672,-1.369632336,-0.753934827,48317.0588,116.5417199,48317.0588,116.5417199,969.5,1.878,-0.807
beltzvilleCombined,774,0.485279431,0.647283324,-0.80617755,1.542067113,1.380841684,0.028780722,0.859392712,-0.355439937,1.486560228,-1.474197651,0.456449652,0.769537113,0.855008439,-1.555848999,0.947066901,48317.0588,116.5417199,48317.0588,116.5417199,969.5,1.878,-0.807
beltzvilleCombined,775,0.481935762,0.63328883,-0.438427238,-0.570383227,1.570421114,0.043265812,0.596232649,1.391533188,1.457411933,-1.328949514,0.432070126,0.524515108,-0.749651084,-1.363655124,0.488923471,48317.0588,116.5417199,48317.0588,116.5417199,969.5,1.878,-0.807
beltzvilleCombined,776,0.197657252,0.588102122,0.064978847,-1.340406065,1.559948212,0.142046799,0.559286587,0.285723182,1.517793281,-1.529973273,0.349617558,0.515642772,0.141474602,-1.426667927,-0.847888102,48317.0588,116.5417199,48317.0588,116.5417199,969.5,1.878,-0.807
beltzvilleCombined,777,0.389544646,0.765258237,-1.180869046,1.517465875,1.270563638,0.029558198,0.507476722,-0.296091541,1.492481107,0.625808279,0.462757863,0.593806767,0.762731647,-1.442543227,0.100405757,48317.0588,116.5417199,48317.0588,116.5417199,969.5,1.878,-0.807
beltzvilleCombined,778,0.458084993,0.773299321,-0.454680417,0.042280323,1.56224782,0.029485909,0.566464775,-0.477435267,1.49518711,-0.579545285,0.432159896,0.507490939,0.754750121,-1.424948328,-0.681725019,48317.0588,116.5417199,48317.0588,116.5417199,969.5,1.878,-0.807
beltzvilleCombined,779,0.100483543,0.589436265,-0.662219483,-1.340760798,1.559245798,0.176718589,0.901750519,-0.363122301,1.562305282,-1.535458197,0.410956798,0.549890164,0.33826222,-0.539253641,0.190423982,48317.0588,116.5417199,48317.0588,116.5417199,969.5,1.878,-0.807
beltzvilleCombined,780,0.477412111,0.588988208,-0.433956625,-1.325674833,1.270664639,0.029997464,0.568684053,-0.472710065,1.491176085,-0.189241949,0.461382915,0.527590214,0.76467844,-1.425524583,-1.508754286,48317.0588,116.5417199,48317.0588,116.5417199,969.5,1.878,-0.807
beltzvilleCombined,781,0.48552567,0.7924053,-0.338211356,-0.849481389,1.559401127,0.050038971,0.832341022,0.778754591,1.526434351,-1.332369969,0.412679277,0.675763668,0.899858345,-1.385630496,0.440665564,48317.0588,116.5417199,48317.0588,116.5417199,969.5,1.878,-0.807
beltzvilleCombined,782,0.486661267,0.726775398,-0.7635614,0.315949638,1.55301402,0.024366181,0.866875481,0.893954766,1.482929897,-1.498049708,0.452303551,0.54008151,0.624886498,-1.547819785,0.817513123,48317.0588,116.5417199,48317.0588,116.5417199,969.5,1.878,-0.807
beltzvilleCombined,783,0.452107468,0.58791367,-1.194188301,-0.826588372,1.538075971,0.020775291,0.944961715,0.913379111,1.451088238,-1.560935881,0.433305894,0.529216138,0.732514995,-1.427156545,-0.77965675,48317.0588,116.5417199,48317.0588,116.5417199,969.5,1.878,-0.807
beltzvilleCombined,784,0.464391918,0.727495742,-0.757515262,-0.602575964,1.550150139,0.028043336,0.535775106,0.863129072,1.469772012,0.101377148,0.451831441,0.537742075,0.76079433,-1.541290297,0.205722218,48317.0588,116.5417199,48317.0588,116.5417199,969.5,1.878,-0.807
beltzvilleCombined,785,0.492894974,0.758647842,-0.677645167,-0.95037153,1.464583098,0.028182174,0.879586571,1.059175575,1.461376456,-1.270341976,0.44949155,0.9868695,0.696762061,-1.38696212,-0.981327726,48317.0588,116.5417199,48317.0588,116.5417199,969.5,1.878,-0.807
beltzvilleCombined,786,0.339380251,0.59524563,-1.101738229,-1.202710116,1.55496693,0.160014252,0.811385585,1.200294762,1.478535279,1.510827223,0.017064217,0.592634943,0.771880491,-1.439808903,-1.400630497,48317.0588,116.5417199,48317.0588,116.5417199,969.5,1.878,-0.807
beltzvilleCombined,787,0.458121062,0.787267196,-1.187463668,0.777908916,1.452845342,0.056194097,0.711880901,0.358507552,1.542181147,-0.215116757,0.434214392,0.525206578,0.940072002,-1.442072289,-0.386129985,48317.0588,116.5417199,48317.0588,116.5417199,969.5,1.878,-0.807
beltzvilleCombined,788,0.389264808,0.934714736,-0.735647451,1.557912779,1.352678581,0.028072995,0.881117964,-0.226479655,1.489861734,0.271675267,0.45151784,0.935178004,0.766689548,-1.545830509,-1.4563071,48317.0588,116.5417199,48317.0588,116.5417199,969.5,1.878,-0.807
beltzvilleCombined,789,0.383148115,0.623923309,-0.667756557,0.340704172,1.549650261,0.220504052,0.872797725,1.371813059,1.539061445,-0.031561182,0.455682486,0.508268223,0.325615706,-1.561099431,-0.18485257,48317.0588,116.5417199,48317.0588,116.5417199,969.5,1.878,-0.807
beltzvilleCombined,790,0.38957262,0.789280017,-1.186331493,1.552536974,1.273404003,0.029508022,0.507476722,-0.241465302,1.489861734,0.640077385,0.441465018,0.589755815,0.767296304,-1.442543227,-0.665357745,48317.0588,116.5417199,48317.0588,116.5417199,969.5,1.878,-0.807
beltzvilleCombined,791,0.483808982,0.656312698,-0.446417401,-1.464080445,1.488764299,0.030012849,0.568684053,-0.516502352,1.491184283,-0.189241949,0.461382915,0.648279049,0.764312541,-1.424508697,-1.528595297,48317.0588,116.5417199,48317.0588,116.5417199,969.5,1.878,-0.807
beltzvilleCombined,792,0.479165017,0.631257648,-1.104947918,0.176481757,1.569271774,0.253964073,0.875200623,1.307124988,-0.641296041,-0.065129516,0.459702733,0.599508126,0.345550824,-1.402520905,1.123243098,48317.0588,116.5417199,48317.0588,116.5417199,969.5,1.878,-0.807
beltzvilleCombined,793,0.384054361,0.562712572,-1.508744388,0.687806051,-1.405292432,0.044834251,0.573919508,-0.403612555,1.523614671,-1.452334294,0.432751131,0.978367586,0.922230907,-1.479659459,-1.443011902,48317.0588,116.5417199,48317.0588,116.5417199,969.5,1.878,-0.807
beltzvilleCombined,794,0.478494662,0.729597133,-0.75825191,1.513417725,-1.42226287,0.027848841,0.535775106,0.893954766,1.475038771,0.06908207,0.451810723,0.922104957,0.7536176,-1.460752679,-0.762841609,48317.0588,116.5417199,48317.0588,116.5417199,969.5,1.878,-0.807
beltzvilleCombined,795,0.483561057,0.946634303,-1.495613412,1.550802734,-0.953596212,0.172391208,0.59008637,1.34573503,1.460902824,0.160820842,0.455959781,0.514487367,-0.726228162,-1.455684638,-0.382005142,48317.0588,116.5417199,48317.0588,116.5417199,969.5,1.878,-0.807
beltzvilleCombined,796,0.477265254,0.683509772,-0.753267375,0.037226823,1.558127223,0.028397283,0.846311529,-0.355439937,1.488189292,-0.623752134,0.456461057,0.769537113,0.753022239,-1.542132455,-1.453731542,48317.0588,116.5417199,48317.0588,116.5417199,969.5,1.878,-0.807
beltzvilleCombined,797,0.3754866,0.632347873,-0.81606451,0.25740154,1.546997318,0.029677617,0.832691271,-0.369945462,1.482809954,-0.579661385,0.443875946,0.679522749,0.825659515,-1.394126256,-1.456680536,48317.0588,116.5417199,48317.0588,116.5417199,969.5,1.878,-0.807
beltzvilleCombined,798,0.484500086,0.591854278,-1.505806231,1.432357537,1.540348844,0.022633022,0.868611179,0.818604779,1.460678119,-1.386008417,0.453244528,0.530119109,0.725459879,-1.561850053,0.94581341,48317.0588,116.5417199,48317.0588,116.5417199,969.5,1.878,-0.807
beltzvilleCombined,799,0.465412681,0.730488792,-0.750762518,-0.602575964,1.550150139,0.028043336,0.535775106,0.863129072,1.469772012,0.101377148,0.451831441,0.537742075,0.76079433,-1.541603027,0.205722218,48317.0588,116.5417199,48317.0588,116.5417199,969.5,1.878,-0.807
beltzvilleCombined,800,0.487916365,0.787934851,-1.193159577,-1.274024182,1.568717351,0.03256092,0.503651333,-0.296091541,1.491904165,-1.321993021,0.399675279,0.98912481,0.87806736,-1.300436085,1.317160288,48317.0588,116.5417199,48317.0588,116.5417199,969.5,1.878,-0.807
beltzvilleCombined,801,0.499234028,0.601494396,-0.653480604,-1.035570028,1.54436179,0.066301861,0.875529049,1.37737793,1.376606577,-0.499696899,0.443470635,0.520024932,-0.06582834,-1.554925817,-1.365551906,48317.0588,116.5417199,48317.0588,116.5417199,969.5,1.878,-0.807
beltzvilleCombined,802,0.492159756,0.581571926,-0.64765324,-1.12277465,1.454791264,0.023648971,0.702248091,0.572437696,1.462566992,-0.595806638,0.42821075,0.569092042,0.761909775,-1.365058514,-0.758723336,48317.0588,116.5417199,48317.0588,116.5417199,969.5,1.878,-0.807
beltzvilleCombined,803,0.492159756,0.592150088,-0.65261823,-1.12277465,1.454791264,0.024547985,0.696770723,0.572437696,1.464268079,-0.007208255,0.429060322,0.99286876,0.761909775,-1.366275533,0.783946646,48317.0588,116.5417199,48317.0588,116.5417199,969.5,1.878,-0.807
beltzvilleCombined,804,0.483932625,0.66064188,-0.760504145,0.503278233,1.534687729,0.029475425,0.688055809,-0.339969659,1.483290456,-1.337558528,0.455154142,0.77019616,0.848694907,-1.550144977,-1.330861395,48317.0588,116.5417199,48317.0588,116.5417199,969.5,1.878,-0.807
beltzvilleCombined,805,0.478298771,0.769415134,-0.424549889,-1.194802597,1.56224782,0.029846819,0.576370022,-0.477435267,1.491735751,-1.423417273,0.444126316,0.689917602,0.754750121,-1.425386155,-1.484915166,48317.0588,116.5417199,48317.0588,116.5417199,969.5,1.878,-0.807
beltzvilleCombined,806,0.132126644,0.631381332,-0.378392714,-0.562994615,1.4969976,0.044732835,0.603393947,-0.053915538,1.508505444,-1.338746613,0.427808941,0.777392303,0.925947705,-1.375879574,-0.88288111,48317.0588,116.5417199,48317.0588,116.5417199,969.5,1.878,-0.807
beltzvilleCombined,807,0.385994328,0.553041937,-0.757896837,0.08632345,1.533009401,0.028344376,0.542424291,-0.311868317,1.486039683,-1.520072146,0.456449652,0.500160705,0.849091406,-1.548813439,-0.718842068,48317.0588,116.5417199,48317.0588,116.5417199,969.5,1.878,-0.807
beltzvilleCombined,808,0.491592366,0.632278721,-1.225315297,0.248884677,1.53844744,0.170771932,0.850173068,1.401308898,0.320188527,0.930584635,0.442625133,0.78734371,0.317607793,-1.549360842,1.504818294,48317.0588,116.5417199,48317.0588,116.5417199,969.5,1.878,-0.807
beltzvilleCombined,809,0.417130417,0.683722643,-1.220486672,-1.29272273,1.539534911,0.016383704,0.72180775,0.794684142,1.470234574,-1.562280267,0.428866722,0.537562222,0.370260024,-1.317587574,-0.793425514,48317.0588,116.5417199,48317.0588,116.5417199,969.5,1.878,-0.807
beltzvilleCombined,810,0.485374436,0.622910929,-1.212304943,0.103630283,1.568835132,0.045640811,0.965962769,0.861801592,1.458386351,-1.377470116,0.312353824,0.677725185,-0.764076685,-1.116181212,1.005120051,48317.0588,116.5417199,48317.0588,116.5417199,969.5,1.878,-0.807
beltzvilleCombined,811,0.487916365,0.787934851,-1.193159577,-1.283324487,-0.319975332,0.032649114,0.883152228,-0.296091541,1.491904165,-1.438306728,0.398881077,0.987527926,0.87806736,-1.293136017,1.317160288,48317.0588,116.5417199,48317.0588,116.5417199,969.5,1.878,-0.807
beltzvilleCombined,812,0.344898169,0.586870087,-1.164945551,0.364898581,1.534084386,0.203509802,0.870449096,1.404409583,-0.710008476,-0.043944058,0.457132249,0.96000749,0.31678468,-1.489770963,-0.700750887,48317.0588,116.5417199,48317.0588,116.5417199,969.5,1.878,-0.807
beltzvilleCombined,813,0.487488291,0.790773522,-0.589268827,-0.882785549,1.560675891,0.050001143,0.832448057,0.785065468,1.525054589,-1.431587546,0.412679277,0.67132829,0.899858345,-1.385556339,0.239396871,48317.0588,116.5417199,48317.0588,116.5417199,969.5,1.878,-0.807
beltzvilleCombined,814,0.315621794,0.786783367,-1.456367185,1.486005764,-1.238182057,0.029473348,0.530458145,-0.375502433,1.486039683,-1.474197651,0.45971862,0.908644468,0.843591991,-1.555848999,-1.330861395,48317.0588,116.5417199,48317.0588,116.5417199,969.5,1.878,-0.807
beltzvilleCombined,815,0.483667145,0.888197686,-0.758032769,0.488615569,1.532759228,0.029585709,0.532596722,-0.343562364,1.481307808,-1.445467506,0.456449652,0.786969369,0.848810934,-1.555937918,-1.330861395,48317.0588,116.5417199,48317.0588,116.5417199,969.5,1.878,-0.807
beltzvilleCombined,816,0.361617334,0.717782989,-1.513043606,-0.156115327,1.557556124,0.028078603,0.54660232,0.746661096,1.474251588,-1.528568871,0.428203472,0.522190118,0.737778517,-1.31246733,-0.086616547,48317.0588,116.5417199,48317.0588,116.5417199,969.5,1.878,-0.807
beltzvilleCombined,817,0.345624261,0.856161434,-0.810498814,0.040045818,1.559408817,0.049998591,0.83238942,0.895679607,1.524045657,-1.568946907,0.412679277,0.52230907,0.899858345,-1.385630496,0.20203127,48317.0588,116.5417199,48317.0588,116.5417199,969.5,1.878,-0.807
beltzvilleCombined,818,0.471233503,0.786498626,-0.380282999,-1.006091373,1.555853143,0.044290445,0.8496675,0.040132257,1.524050693,0.881773649,0.423742135,0.799542954,0.931829013,-1.556964767,-0.74480818,48317.0588,116.5417199,48317.0588,116.5417199,969.5,1.878,-0.807
beltzvilleCombined,819,0.458084993,0.773299321,-0.454680417,-0.102266977,1.56224782,0.029485909,0.566464775,-0.477435267,1.49518711,-0.579545285,0.432159896,0.507490939,0.754750121,-1.424948328,-0.681725019,48317.0588,116.5417199,48317.0588,116.5417199,969.5,1.878,-0.807
beltzvilleCombined,820,0.284069025,0.66064188,-1.211966322,0.503278233,1.534687729,0.029475425,0.688055809,0.028069081,1.483290456,-1.337558528,0.455154142,0.77019616,0.848694907,-1.550144977,-1.330861395,48317.0588,116.5417199,48317.0588,116.5417199,969.5,1.878,-0.807
beltzvilleCombined,821,0.345565589,0.613656096,-1.185064181,0.342273114,1.559235002,0.183974925,0.702496889,0.739557147,1.492648956,-1.56266358,0.331665709,0.535912346,0.351768617,-0.480184495,0.276214093,48317.0588,116.5417199,48317.0588,116.5417199,969.5,1.878,-0.807
beltzvilleCombined,822,0.472575197,0.639929054,-0.757853965,0.43730393,0.108230596,0.029473348,0.846311529,-0.355439937,1.488199581,-0.56542647,0.456449652,0.769537113,0.861899148,-1.542132455,-1.453731542,48317.0588,116.5417199,48317.0588,116.5417199,969.5,1.878,-0.807
beltzvilleCombined,823,0.485504081,0.765671963,-1.51340928,1.542786828,1.429389279,0.020043686,0.946162055,0.818692019,1.473754744,0.639027099,0.431073068,0.985909566,0.338839659,-0.898774371,-0.618313467,48317.0588,116.5417199,48317.0588,116.5417199,969.5,1.878,-0.807
beltzvilleCombined,824,0.487916365,0.849653056,-1.192989118,-1.299951766,1.555477325,0.032226103,0.649822168,-0.296091541,1.491904165,1.508597773,0.399675279,0.592935455,0.87806736,-1.300436085,-0.386570488,48317.0588,116.5417199,48317.0588,116.5417199,969.5,1.878,-0.807
beltzvilleCombined,825,0.487916365,0.787934851,-1.193159577,-1.274024182,1.568717351,0.03256092,0.503651333,-0.415612914,1.491904165,-1.287962573,0.399675279,0.98912481,0.87806736,-1.300436085,1.317160288,48317.0588,116.5417199,48317.0588,116.5417199,969.5,1.878,-0.807
beltzvilleCombined,826,0.477380428,0.668871274,-0.758886454,-1.369653059,1.535051287,0.024718175,0.875208614,-0.3530744,1.459796435,-1.521972019,0.461271736,0.787058374,0.756799869,-1.454650383,0.160355446,48317.0588,116.5417199,48317.0588,116.5417199,969.5,1.878,-0.807
beltzvilleCombined,827,0.153961114,0.686532315,-0.379454177,0.075953149,1.557281111,0.044755154,0.689802893,0.558180426,1.507011214,0.433067208,0.41224646,0.773560448,0.922069979,-1.384357777,0.196917179,48317.0588,116.5417199,48317.0588,116.5417199,969.5,1.878,-0.807
beltzvilleCombined,828,0.105728243,0.593587863,0.226244755,-1.340760798,1.559245452,0.176396913,0.52686682,-1.191658593,1.562331298,-0.231896177,0.410956798,0.544800955,0.324365254,-1.324546146,0.154239082,48317.0588,116.5417199,48317.0588,116.5417199,969.5,1.878,-0.807
beltzvilleCombined,829,0.343365809,0.730370207,-0.706990657,-0.615503679,1.539660439,0.028045897,0.535775106,0.82197974,1.475733932,0.138101779,0.452270099,0.922104957,0.753416049,-1.561382631,0.875171711,48317.0588,116.5417199,48317.0588,116.5417199,969.5,1.878,-0.807
beltzvilleCombined,830,0.442818304,0.776245474,-1.192989118,-1.299951766,1.555477325,0.032226103,0.649822168,-0.296091541,1.491904165,1.508597773,0.399675279,0.592935455,0.87806736,-1.300436085,-0.386570488,48317.0588,116.5417199,48317.0588,116.5417199,969.5,1.878,-0.807
beltzvilleCombined,831,0.482652583,0.790150095,-0.720661894,-0.967388072,1.450138326,0.056116295,0.851057649,0.353982662,1.542211039,-0.938901544,0.434371019,0.525060096,0.942483547,-1.44213198,-0.386129985,48317.0588,116.5417199,48317.0588,116.5417199,969.5,1.878,-0.807
beltzvilleCombined,832,0.002314132,0.729301742,-0.446417401,-0.755465574,1.489339001,0.030012849,0.568684053,-0.516502352,1.491184283,-0.189241949,0.461382915,0.692051879,0.754750121,-1.438650785,-1.528595297,48317.0588,116.5417199,48317.0588,116.5417199,969.5,1.878,-0.807
beltzvilleCombined,833,0.430836325,0.757168148,-0.42335029,1.521496561,1.462231321,0.027692673,0.660550761,0.895768808,1.457921407,-0.238249067,0.460349966,0.586181382,0.900082553,-1.564807179,-0.786719703,48317.0588,116.5417199,48317.0588,116.5417199,969.5,1.878,-0.807
beltzvilleCombined,834,0.345624261,0.856161434,-0.810498814,0.040045818,0.37967445,0.049998591,0.610873976,0.895679607,1.524045657,-1.568946907,0.412679277,0.675763668,0.899858345,-1.385630496,0.20203127,48317.0588,116.5417199,48317.0588,116.5417199,969.5,1.878,-0.807
beltzvilleCombined,835,0.460476116,0.784520939,-0.816671767,-1.005812818,-0.810914497,0.049978824,0.702085172,0.785773196,1.523288009,-1.553851357,0.453614815,0.676092006,0.927227552,-1.541762013,0.344445874,48317.0588,116.5417199,48317.0588,116.5417199,969.5,1.878,-0.807
beltzvilleCombined,836,0.45102861,0.661024891,-0.770990741,1.100301923,1.531343401,0.029475425,0.532630086,-0.309576547,1.485274459,-1.494008355,0.456165751,0.77019616,0.848588875,-1.560529971,-0.103303392,48317.0588,116.5417199,48317.0588,116.5417199,969.5,1.878,-0.807
beltzvilleCombined,837,0.477380428,0.668871274,-0.758886454,-1.369653059,1.535051287,0.024718175,0.875208614,0.558133663,1.459796435,-1.521972019,0.461271736,0.787058374,0.756799869,-1.454650383,0.160355446,48317.0588,116.5417199,48317.0588,116.5417199,969.5,1.878,-0.807
beltzvilleCombined,838,0.380386857,0.553041937,-0.757896837,-0.430388835,1.532751842,0.029473348,0.949308931,-0.311868317,1.486039683,-1.474197651,0.460865674,0.500423269,0.848926242,-1.548813439,-0.718842068,48317.0588,116.5417199,48317.0588,116.5417199,969.5,1.878,-0.807
beltzvilleCombined,839,0.468741445,0.773299321,-0.446417401,-0.757291995,1.56224782,0.029485909,0.570389642,-0.477435267,1.49518711,-0.579545285,0.444126316,0.507480335,0.754750121,-1.426458708,-1.527931693,48317.0588,116.5417199,48317.0588,116.5417199,969.5,1.878,-0.807
beltzvilleCombined,840,0.483750001,0.549496793,-0.752758398,1.47490792,0.713305191,0.029990161,0.58160392,-0.382824273,1.491173665,-0.189241949,0.461382915,0.576132548,0.754597462,-1.425524583,-1.508754286,48317.0588,116.5417199,48317.0588,116.5417199,969.5,1.878,-0.807
beltzvilleCombined,841,0.473998445,0.729629192,-0.457039517,0.487110688,1.467217985,0.024578904,0.982815368,0.928671906,1.460253168,-1.294647533,0.428861231,0.881412922,0.754697788,-1.431364788,-1.07377314,48317.0588,116.5417199,48317.0588,116.5417199,969.5,1.878,-0.807
beltzvilleCombined,842,0.483757473,0.605515208,-0.446417401,-1.303491639,1.531079568,0.030202878,0.634687133,-0.516502352,1.491735751,-0.711684279,0.456870398,0.689374999,0.756603456,-1.425524583,-1.524501079,48317.0588,116.5417199,48317.0588,116.5417199,969.5,1.878,-0.807
beltzvilleCombined,843,0.153961114,0.791579064,-1.473613154,0.075953149,1.557281111,0.044755154,0.689802893,0.558180426,1.507011214,0.433067208,0.41224646,0.773560448,0.922069979,-1.384357777,1.299933662,48317.0588,116.5417199,48317.0588,116.5417199,969.5,1.878,-0.807
beltzvilleCombined,844,0.459817036,0.786783367,-1.351539478,1.486005764,-1.238182057,0.029473348,0.530458145,-0.375502433,1.486039683,-1.474197651,0.45971862,0.908644468,0.843591991,-1.555848999,-1.330861395,48317.0588,116.5417199,48317.0588,116.5417199,969.5,1.878,-0.807
beltzvilleCombined,845,0.382405629,0.662087716,-0.713822396,1.550503288,-0.069771505,0.027157755,0.65151654,-0.346957652,1.474339924,-1.417466243,0.43172324,0.99847516,0.848926242,-1.373949449,-1.336622271,48317.0588,116.5417199,48317.0588,116.5417199,969.5,1.878,-0.807
beltzvilleCombined,846,0.127277526,0.790773522,-0.395953225,-0.882785549,1.559401127,0.050001143,0.832341022,0.785065468,1.526434351,-1.332369969,0.412679277,0.675763668,0.899858345,-1.385630496,0.214269538,48317.0588,116.5417199,48317.0588,116.5417199,969.5,1.878,-0.807
beltzvilleCombined,847,0.132126644,0.631381332,-0.378392714,-0.562994615,1.4969976,0.044732835,0.603393947,0.074180657,1.508505444,-1.338746613,0.427808941,0.777392303,0.925947705,-1.375879574,-0.88288111,48317.0588,116.5417199,48317.0588,116.5417199,969.5,1.878,-0.807
beltzvilleCombined,848,0.216205943,0.646510835,-0.446417401,-1.272200909,1.488764299,0.030012849,0.721935921,-0.516502352,1.491184283,-0.189241949,0.461382915,0.692756637,0.754750121,-1.425524583,-1.528595297,48317.0588,116.5417199,48317.0588,116.5417199,969.5,1.878,-0.807
beltzvilleCombined,849,0.345565589,0.613656096,-1.195695643,0.342273114,1.559235002,0.119240954,0.702496889,-1.104397657,1.565056864,0.53918407,0.321422211,0.535912346,0.351768617,-0.480184495,0.416841394,48317.0588,116.5417199,48317.0588,116.5417199,969.5,1.878,-0.807
beltzvilleCombined,850,0.342284317,0.594546724,0.012545696,-1.385106172,1.559337624,0.177370222,0.681957599,-0.417047352,1.549115869,-0.213216108,0.411524697,0.575010683,-1.1753461,-1.361222723,-0.877168419,48317.0588,116.5417199,48317.0588,116.5417199,969.5,1.878,-0.807
beltzvilleCombined,851,0.417130417,0.588705665,-1.201346854,-1.29272273,1.539534911,0.018735134,0.691625483,-0.207192983,1.46298978,-1.560935881,0.428866722,0.529216138,0.371160108,-1.326690158,-0.793425514,48317.0588,116.5417199,48317.0588,116.5417199,969.5,1.878,-0.807
beltzvilleCombined,852,0.100483543,0.589982933,-0.662219483,-1.340760798,1.559245798,0.176718589,0.901654607,-1.19048572,1.562305282,-1.535458197,0.251138213,0.869740367,0.336464154,-0.498867938,0.190423982,48317.0588,116.5417199,48317.0588,116.5417199,969.5,1.878,-0.807
beltzvilleCombined,853,0.348124381,0.769868787,-0.380251518,-1.049943733,1.486980628,0.044732835,0.862508789,-0.012405592,1.508505444,-1.397903179,0.427761489,0.777392303,0.92701217,-1.375879574,-0.77360391,48317.0588,116.5417199,48317.0588,116.5417199,969.5,1.878,-0.807
beltzvilleCombined,854,0.498694821,0.584536091,-1.116590259,-1.005037554,-0.876398466,0.048515385,0.715690303,0.63063291,1.52165584,-1.400351694,0.411460118,0.676092006,0.927227552,-1.399210228,-0.768063076,48317.0588,116.5417199,48317.0588,116.5417199,969.5,1.878,-0.807
beltzvilleCombined,855,0.483667145,0.771951231,-0.758032769,0.488615569,1.532759228,0.029585709,0.532596722,-0.343562364,1.481307808,-1.445467506,0.456449652,0.786969369,0.848810934,-1.555937918,-1.330861395,48317.0588,116.5417199,48317.0588,116.5417199,969.5,1.878,-0.807
beltzvilleCombined,856,0.119508226,0.665108564,-0.359267871,-0.79104977,1.528715341,0.044966882,0.873578647,-0.012405592,1.511567412,-1.401495806,0.426104463,0.789761513,0.92701217,-1.37666284,-0.77360391,48317.0588,116.5417199,48317.0588,116.5417199,969.5,1.878,-0.807
beltzvilleCombined,857,0.491802812,0.795680125,-1.335896386,1.552588257,-0.260688102,0.029508022,0.507947992,-0.234186029,1.489861734,-1.520201206,0.441386232,0.536541145,0.76952475,-1.456723373,-1.421045707,48317.0588,116.5417199,48317.0588,116.5417199,969.5,1.878,-0.807
beltzvilleCombined,858,0.391003647,0.886340711,-0.798349451,-1.46191809,1.272616976,0.029508022,0.507476722,-0.241465302,1.489982898,1.380444056,0.459153603,0.704169845,0.795029669,-1.440031149,-1.046114387,48317.0588,116.5417199,48317.0588,116.5417199,969.5,1.878,-0.807
beltzvilleCombined,859,0.457653875,0.733927433,-0.757515262,-0.639404447,1.546131512,0.028395325,0.861158913,0.867567449,1.477142302,0.423289472,0.455556619,0.725993336,0.753416049,-1.563046406,-0.091001566,48317.0588,116.5417199,48317.0588,116.5417199,969.5,1.878,-0.807
beltzvilleCombined,860,0.382405629,0.662087716,-0.713822396,-1.336279402,-0.069771505,0.027157755,0.501096664,-0.346957652,1.474339924,-0.685796424,0.43172324,0.870399114,0.848926242,-1.373949449,-1.336622271,48317.0588,116.5417199,48317.0588,116.5417199,969.5,1.878,-0.807
beltzvilleCombined,861,0.100483543,0.589436265,-0.662219483,-1.340760798,1.559245798,0.176718589,0.901750519,-0.363122301,1.562305282,0.198352234,0.410956798,0.919851858,0.33826222,-0.539253641,0.190423982,48317.0588,116.5417199,48317.0588,116.5417199,969.5,1.878,-0.807
beltzvilleCombined,862,0.349698745,0.632360455,-0.799485939,-1.485072412,1.570396606,0.041868661,0.952526707,1.386217272,1.471963513,-0.66228092,0.300164225,0.938726877,-0.603656874,-1.464169121,0.984615543,48317.0588,116.5417199,48317.0588,116.5417199,969.5,1.878,-0.807
beltzvilleCombined,863,0.499135426,0.627765983,-0.668540595,-0.988646572,1.568850834,0.218183504,0.874267233,1.302720226,1.461618029,-1.380107253,0.433736475,0.974737605,-0.061650578,-1.124401292,-1.311336547,48317.0588,116.5417199,48317.0588,116.5417199,969.5,1.878,-0.807
beltzvilleCombined,864,0.480820613,0.661024891,-0.773431593,-0.952154074,1.55576205,0.029475425,0.870222547,-0.309576547,1.485252273,-1.43368494,0.456097528,0.761870594,0.848588875,-1.561922596,0.018748956,48317.0588,116.5417199,48317.0588,116.5417199,969.5,1.878,-0.807
beltzvilleCombined,865,0.49020276,0.730488792,-0.758769907,-0.602575964,1.550150139,0.028043336,0.816740835,0.863171175,1.469772012,-0.136167034,0.451831441,0.519113574,0.704413359,-1.453838284,0.207758003,48317.0588,116.5417199,48317.0588,116.5417199,969.5,1.878,-0.807
beltzvilleCombined,866,0.475072913,0.585620789,-1.11417585,-0.205704676,1.533180077,0.303071204,0.803216252,1.401327573,1.437398335,-1.369226919,0.431347564,0.776876519,0.319287666,-1.425510776,-0.697266551,48317.0588,116.5417199,48317.0588,116.5417199,969.5,1.878,-0.807
beltzvilleCombined,867,0.477357495,0.668871274,-0.425619367,-1.369653059,1.535051287,0.024715352,0.880869029,0.58547309,1.459825239,-1.521972019,0.461271736,0.787058374,0.756799869,-1.454650383,0.160355446,48317.0588,116.5417199,48317.0588,116.5417199,969.5,1.878,-0.807
beltzvilleCombined,868,0.483532068,0.633424054,-0.769519421,-0.944066747,1.570796327,0.025329851,0.948827168,1.364154023,1.460319274,-0.048601053,0.355250376,0.884554521,-0.712899486,-1.385866977,0.255355536,48317.0588,116.5417199,48317.0588,116.5417199,969.5,1.878,-0.807
beltzvilleCombined,869,0.361157306,0.682137503,-1.494511237,0.130323435,1.566215801,0.028395325,0.714860622,0.704402099,1.479988578,-0.2196069,0.455752343,0.514057787,0.752888715,-1.452487794,0.15288944,48317.0588,116.5417199,48317.0588,116.5417199,969.5,1.878,-0.807
beltzvilleCombined,870,0.349698745,0.625509539,-0.797179449,-1.00522697,1.568835132,0.041868661,0.87230636,1.304042477,1.471963513,-0.66228092,0.300164225,0.939134577,-0.581097166,-1.101533542,0.984615543,48317.0588,116.5417199,48317.0588,116.5417199,969.5,1.878,-0.807
beltzvilleCombined,871,0.483215314,0.724601293,-1.163681881,1.517427233,1.272616976,0.028141329,0.521711159,-0.043459204,1.47581238,-0.57164581,0.452554217,0.592935455,0.848854017,-1.561675891,-1.369813402,48317.0588,116.5417199,48317.0588,116.5417199,969.5,1.878,-0.807
beltzvilleCombined,872,0.477412111,0.588988208,-0.435744084,-1.325674833,1.270664639,0.029997464,0.885099056,-0.467537721,1.491176085,-0.189241949,0.461382915,0.525389718,0.76467844,-1.425524583,-1.42467994,48317.0588,116.5417199,48317.0588,116.5417199,969.5,1.878,-0.807
beltzvilleCombined,873,0.37223314,0.605207871,-1.107643732,0.311951147,1.533270529,0.294637679,0.835822746,1.395116159,1.4469705,-0.713845304,0.444228228,0.784682663,0.3340649,-1.42720483,-0.747806046,48317.0588,116.5417199,48317.0588,116.5417199,969.5,1.878,-0.807
beltzvilleCombined,874,0.498694821,0.583721052,-1.116590259,1.385918175,-0.876398466,0.048515385,0.753244423,0.658682657,1.5217042,-0.745490686,0.411460118,0.676092006,0.927227552,-1.397196014,0.237965229,48317.0588,116.5417199,48317.0588,116.5417199,969.5,1.878,-0.807
beltzvilleCombined,875,0.389544646,0.917779463,-1.172254295,1.517465875,1.385813445,0.029508022,0.507476722,-0.496656806,1.497064936,-0.778963931,0.429476861,0.993036948,0.766689548,-1.429730378,-0.480610888,48317.0588,116.5417199,48317.0588,116.5417199,969.5,1.878,-0.807
beltzvilleCombined,876,0.459817036,0.778793649,-0.738723004,1.486005764,1.483165586,0.029590536,0.530458145,-0.335389969,1.486039683,-1.474197651,0.45971862,0.902183782,0.843591991,-1.555848999,-1.330861395,48317.0588,116.5417199,48317.0588,116.5417199,969.5,1.878,-0.807
beltzvilleCombined,877,0.4596804,0.53158434,-1.434170243,-1.21195524,-1.066321388,0.029492375,0.530458145,-0.515892378,1.491169572,-0.181151087,0.459751322,0.545951268,0.843996332,-1.556575935,-1.321777957,48317.0588,116.5417199,48317.0588,116.5417199,969.5,1.878,-0.807
beltzvilleCombined,878,0.459324863,0.776745324,-0.757853965,1.554515473,1.390692541,0.027785864,0.532596722,-0.363364842,1.486039683,-1.367655588,0.456449652,0.761535502,0.848926242,-1.561638355,0.156455988,48317.0588,116.5417199,48317.0588,116.5417199,969.5,1.878,-0.807
beltzvilleCombined,879,0.100483543,0.589436265,-0.660288811,-1.374119089,1.559688082,0.176718589,0.901750519,-0.363122301,1.557540911,-0.264302993,0.41005878,0.756040247,0.33826222,-1.397749184,0.281251036,48317.0588,116.5417199,48317.0588,116.5417199,969.5,1.878,-0.807
beltzvilleCombined,880,0.153961114,0.791579064,-1.451484885,0.075953149,1.547450003,0.044755154,0.696005227,0.617529876,1.507011214,0.433067208,0.411860954,0.771332367,0.922069979,-1.38433986,-1.562811524,48317.0588,116.5417199,48317.0588,116.5417199,969.5,1.878,-0.807
beltzvilleCombined,881,0.480459865,0.683023336,-1.480876986,1.541790983,1.546792287,0.029565804,0.532596722,-0.335559718,1.485271553,-1.476550732,0.456449652,0.726734325,0.84219224,-1.557239447,-1.330861395,48317.0588,116.5417199,48317.0588,116.5417199,969.5,1.878,-0.807
beltzvilleCombined,882,0.477412111,0.588988208,-0.435744084,-1.325674833,1.270664639,0.029997464,0.884935154,-0.236246255,1.48992628,-0.189241949,0.461370253,0.525389718,0.76467844,-1.425524583,-1.424229211,48317.0588,116.5417199,48317.0588,116.5417199,969.5,1.878,-0.807
beltzvilleCombined,883,0.482427623,0.669209749,-1.528926148,1.545553445,1.547795711,0.022810764,0.983691917,1.055123702,1.460474309,-1.416666533,0.433981115,0.57108605,0.628250254,-1.360914736,-0.981826377,48317.0588,116.5417199,48317.0588,116.5417199,969.5,1.878,-0.807
beltzvilleCombined,884,0.276269061,0.803629727,-0.757515262,0.050379441,1.549130276,0.028045897,0.871048376,0.905146303,1.475768077,-1.374008538,0.452033328,0.922104957,0.753416049,-1.561904994,0.862370691,48317.0588,116.5417199,48317.0588,116.5417199,969.5,1.878,-0.807
beltzvilleCombined,885,0.491483444,0.938863527,-1.43438818,1.551023878,-0.053118457,0.044702407,0.532061134,-0.333794252,1.508364113,-1.534745743,0.411589411,0.669067414,0.953121366,-1.363156781,-1.354223105,48317.0588,116.5417199,48317.0588,116.5417199,969.5,1.878,-0.807
beltzvilleCombined,886,0.105728243,0.593587863,-0.775305823,-1.340760798,1.559245452,0.176396913,0.555621772,-0.001130264,1.556459707,-1.403851676,0.410956798,0.544800955,0.324365254,-1.440179092,0.155758994,48317.0588,116.5417199,48317.0588,116.5417199,969.5,1.878,-0.807
beltzvilleCombined,887,0.492612294,0.795777567,-1.50206075,1.564201962,-0.179301348,0.029035861,0.687511189,-0.230835219,1.490070241,-1.568144121,0.441386232,0.536541145,0.76952475,-1.384180815,-1.421045707,48317.0588,116.5417199,48317.0588,116.5417199,969.5,1.878,-0.807
beltzvilleCombined,888,0.344277997,0.58697245,-1.164945551,0.36411001,1.533208523,0.203509802,0.845880296,1.403672967,1.569160948,-1.444699623,0.455729845,0.966680473,0.31678468,-1.489309696,-0.687664527,48317.0588,116.5417199,48317.0588,116.5417199,969.5,1.878,-0.807
beltzvilleCombined,889,0.441983086,0.601494396,-0.67248979,0.323649308,1.537726472,0.04668975,0.72738797,1.377932153,1.314537033,0.206864445,0.453520675,0.928760197,0.362774733,-1.554925817,-0.674687307,48317.0588,116.5417199,48317.0588,116.5417199,969.5,1.878,-0.807
beltzvilleCombined,890,0.478494662,0.729597133,-0.75825191,1.49699467,-1.42320763,0.02784874,0.526963717,0.893954766,1.47475562,0.06908207,0.451811257,0.922104957,0.7536176,-1.460752679,-0.746265189,48317.0588,116.5417199,48317.0588,116.5417199,969.5,1.878,-0.807
beltzvilleCombined,891,0.488210569,0.619559595,-0.395953225,-0.86511274,1.559401127,0.050001143,0.832341022,0.785065468,1.52657943,-1.330126054,0.412875894,0.948839231,0.899858345,-1.385630496,1.180847197,48317.0588,116.5417199,48317.0588,116.5417199,969.5,1.878,-0.807
beltzvilleCombined,892,0.499540462,0.58817212,-1.172323867,-1.005037554,-0.876398466,0.044767356,0.715690303,0.293861043,1.52165584,-0.442521206,0.411460118,0.676027681,0.927296441,-1.463488931,-0.768063076,48317.0588,116.5417199,48317.0588,116.5417199,969.5,1.878,-0.807
beltzvilleCombined,893,0.46111879,0.734038898,-0.221495436,-1.358888814,1.549130276,0.029636919,0.527424208,0.945499233,1.475517011,0.138101779,0.456592415,0.726048784,0.753941078,-1.563626545,-1.291826726,48317.0588,116.5417199,48317.0588,116.5417199,969.5,1.878,-0.807
beltzvilleCombined,894,0.47862843,0.608634526,-1.450608586,-1.303491639,1.531079568,0.030202878,0.634687133,-0.426862988,1.491735751,-0.7112897,0.456870398,0.68921668,0.756603456,-1.424744071,1.05210741,48317.0588,116.5417199,48317.0588,116.5417199,969.5,1.878,-0.807
beltzvilleCombined,895,0.497125412,0.611944809,-0.683524889,0.165329514,1.533182067,0.299047265,0.800401166,1.384267784,1.483385544,-0.242265792,0.457299163,0.962282144,0.318147071,-1.560809029,1.165805782,48317.0588,116.5417199,48317.0588,116.5417199,969.5,1.878,-0.807
beltzvilleCombined,896,0.492315256,0.581571926,-0.688727025,-1.089627456,1.527126358,0.045961019,0.868496908,1.402483911,1.436625976,0.01602412,0.429447882,0.898593354,0.319895053,-1.425095541,-0.771489217,48317.0588,116.5417199,48317.0588,116.5417199,969.5,1.878,-0.807
beltzvilleCombined,897,0.478672782,0.680828473,-0.773341241,-0.829895441,1.479415287,0.039607822,0.861184968,0.267577886,1.493312692,-0.587829946,0.415775738,0.525250813,0.935365761,-1.365046881,-1.528986831,48317.0588,116.5417199,48317.0588,116.5417199,969.5,1.878,-0.807
beltzvilleCombined,898,0.349765564,0.687431125,-0.757853965,0.290805871,1.382246384,0.029564597,0.831412546,-0.334906772,1.486039683,-1.476470017,0.476297798,0.723065716,0.83253885,-1.568555498,-1.330861395,48317.0588,116.5417199,48317.0588,116.5417199,969.5,1.878,-0.807
beltzvilleCombined,899,0.477639428,0.985374013,-1.480876986,1.541790983,1.546792287,0.029474555,0.532596722,-0.402817711,1.485271553,-1.4966445,0.456449652,0.77655848,0.84219224,-1.557239447,-1.330861395,48317.0588,116.5417199,48317.0588,116.5417199,969.5,1.878,-0.807
beltzvilleCombined,900,0.390940451,0.780085712,-0.81606451,0.255985726,1.546997318,0.029677617,0.723727645,-0.369945462,1.476236199,-1.441240446,0.452054755,0.679522749,0.810112535,-1.394126256,0.228908109,48317.0588,116.5417199,48317.0588,116.5417199,969.5,1.878,-0.807
beltzvilleCombined,901,0.448892271,0.624654902,0.009215479,-1.29272273,1.539534911,0.018735134,0.691625483,0.111942333,1.4622916,-1.560935881,0.428866722,0.98555425,0.361218026,-1.434159329,-0.793425514,48317.0588,116.5417199,48317.0588,116.5417199,969.5,1.878,-0.807
beltzvilleCombined,902,0.483757473,0.605515208,-0.696333011,0.038758054,1.535803912,0.030202878,0.878963814,-0.516502352,1.490800644,-0.711684279,0.456870398,0.538336855,0.756603456,-1.388091434,-0.636395302,48317.0588,116.5417199,48317.0588,116.5417199,969.5,1.878,-0.807
beltzvilleCombined,903,0.404292637,0.773629914,-0.72871642,0.742054553,1.439357168,0.066926648,0.868312421,0.927930452,1.553938889,-1.536519675,0.432174357,0.520293615,0.918877059,-1.42382136,-0.38283867,48317.0588,116.5417199,48317.0588,116.5417199,969.5,1.878,-0.807
beltzvilleCombined,904,0.45060014,0.530624257,-0.402484948,0.26520496,1.546507147,0.029674635,0.713565612,0.786078229,1.479817121,-0.227386059,0.456870398,0.689795199,0.756603456,-1.435684331,-1.524501079,48317.0588,116.5417199,48317.0588,116.5417199,969.5,1.878,-0.807
beltzvilleCombined,905,0.478081081,0.769868787,-0.380251518,-1.049943733,1.54735338,0.044732835,0.862817608,-0.084054608,1.508505444,-1.489964683,0.427761489,0.777392303,0.92701217,-1.375740798,-1.001173894,48317.0588,116.5417199,48317.0588,116.5417199,969.5,1.878,-0.807
beltzvilleCombined,906,0.346739731,0.594546724,-0.381445199,-1.354013586,1.55924495,0.173534488,0.547806089,-0.43773194,1.549115869,-0.213216108,0.411524697,0.575010683,-1.1753461,-1.306840647,0.154783846,48317.0588,116.5417199,48317.0588,116.5417199,969.5,1.878,-0.807
beltzvilleCombined,907,0.13435203,0.776584216,-0.790796553,-1.038757218,1.490274855,0.038854147,0.53092918,-0.359856106,1.51107224,-1.562918753,0.42978348,0.810609046,0.92041751,-1.564441902,-0.399580209,48317.0588,116.5417199,48317.0588,116.5417199,969.5,1.878,-0.807
beltzvilleCombined,908,0.479446496,0.731192118,-1.434170243,1.441942585,1.529409159,0.029492375,0.530458145,-0.515142045,1.490280584,-0.182240623,0.459748592,0.545951268,0.843996332,-1.556575935,-1.321777957,48317.0588,116.5417199,48317.0588,116.5417199,969.5,1.878,-0.807
beltzvilleCombined,909,0.34066184,0.733927433,-0.655789841,-0.552380127,1.546131512,0.02808437,0.874744807,0.867567449,1.477142302,0.423289472,0.455556619,0.727046616,0.744905111,-1.563046406,-0.091001566,48317.0588,116.5417199,48317.0588,116.5417199,969.5,1.878,-0.807
beltzvilleCombined,910,0.464343163,0.725237227,-0.718060785,-0.539916745,1.532990378,0.02801469,0.532596722,0.916243356,1.469294081,0.086400846,0.45183128,0.786969369,0.76571471,-1.555919568,-1.330861395,48317.0588,116.5417199,48317.0588,116.5417199,969.5,1.878,-0.807
beltzvilleCombined,911,0.391003647,0.80042865,-0.798349451,1.552620575,1.272616976,0.029508022,0.507476722,-0.241465302,1.482510168,1.380444056,0.459153603,0.930468358,0.795029669,-1.440031149,1.01838241,48317.0588,116.5417199,48317.0588,116.5417199,969.5,1.878,-0.807
beltzvilleCombined,912,0.388173009,0.594546724,-0.381445199,-1.354013586,1.559011156,0.173534488,0.854310618,-0.415692394,1.548652985,-1.458949939,0.411524697,0.502151306,-1.169023676,-1.306840647,0.170127353,48317.0588,116.5417199,48317.0588,116.5417199,969.5,1.878,-0.807
beltzvilleCombined,913,0.486835332,0.63784257,-0.758359872,0.434203539,1.550986107,0.029677617,0.845826748,-0.389468595,1.481348935,-0.56542647,0.451896542,0.768809496,0.861975166,-1.548038008,-1.456680536,48317.0588,116.5417199,48317.0588,116.5417199,969.5,1.878,-0.807
beltzvilleCombined,914,0.472575197,0.639929054,-0.757853965,0.43730393,0.108230596,0.029473348,0.859479413,-0.355810483,1.488199581,-0.56542647,0.456449652,0.807402474,0.864287961,-1.542132455,-1.453731542,48317.0588,116.5417199,48317.0588,116.5417199,969.5,1.878,-0.807
beltzvilleCombined,915,0.460039484,0.53382099,-0.718060785,1.538210929,1.546926025,0.028139782,0.532596722,-0.291494017,1.486039683,-1.448349377,0.45646871,0.786969369,0.842076932,-1.555848999,-1.330861395,48317.0588,116.5417199,48317.0588,116.5417199,969.5,1.878,-0.807
beltzvilleCombined,916,0.346789586,0.594546537,-0.796295507,-1.355074348,1.559252077,0.173124002,0.862757809,0.533998805,1.548649898,-1.45892191,0.389305843,0.956699269,-1.144105105,-1.321920142,0.797050704,48317.0588,116.5417199,48317.0588,116.5417199,969.5,1.878,-0.807
beltzvilleCombined,917,0.343365809,0.729597133,-0.757515262,-0.615503679,1.534544557,0.028045897,0.861036443,0.873066059,1.474702422,0.138101779,0.452270099,0.922104957,0.751100424,-1.569747937,0.87302599,48317.0588,116.5417199,48317.0588,116.5417199,969.5,1.878,-0.807
beltzvilleCombined,918,0.38342839,0.592746728,-1.505935253,0.693477705,-1.410952937,0.044944058,0.598901957,-0.397621108,1.523614671,-1.452334294,0.413262929,0.968748613,0.92697362,-1.415862784,-1.311307749,48317.0588,116.5417199,48317.0588,116.5417199,969.5,1.878,-0.807
beltzvilleCombined,919,0.391527836,0.769415134,-0.446417401,-1.194802597,1.56224782,0.029875189,0.560639919,-0.220579754,1.491687601,-0.261048991,0.444126316,0.929190609,0.754750121,-1.417967252,-1.528595297,48317.0588,116.5417199,48317.0588,116.5417199,969.5,1.878,-0.807
beltzvilleCombined,920,0.484740463,0.66064188,-0.756484227,0.503278233,1.555889543,0.029473442,0.688055809,-0.339969659,1.483290456,0.048915472,0.454652436,0.77019616,0.848694907,-1.561837988,-1.318788985,48317.0588,116.5417199,48317.0588,116.5417199,969.5,1.878,-0.807
beltzvilleCombined,921,0.5,0.822496226,-0.76544819,0.799631403,1.454012228,0.076537707,0.843720085,0.290113658,1.570796327,-0.189454655,0.437450818,0.508536995,1.00489847,-1.478105999,-0.400637006,48317.0588,116.5417199,48317.0588,116.5417199,969.5,1.878,-0.807
beltzvilleCombined,922,0.485009592,0.738696049,-0.758007403,0.29477682,1.27487385,0.029924087,0.86302825,-0.300097415,1.49299334,0.157899493,0.462862356,0.926349987,0.747620781,-1.445219312,-0.742592195,48317.0588,116.5417199,48317.0588,116.5417199,969.5,1.878,-0.807
beltzvilleCombined,923,0.121233247,0.769492565,-0.442212428,-0.865471158,1.489339001,0.029981265,0.535037793,0.338541502,1.491112096,-0.199123327,0.428594077,0.692051879,0.754759441,-1.378094068,-1.466102884,48317.0588,116.5417199,48317.0588,116.5417199,969.5,1.878,-0.807
beltzvilleCombined,924,0.348124381,0.7573721,-0.380251518,-0.978592887,1.486980628,0.044732835,0.862508789,-0.012405592,1.508505444,-1.397903179,0.427761489,0.777392303,0.92599013,-1.375879574,-0.777928609,48317.0588,116.5417199,48317.0588,116.5417199,969.5,1.878,-0.807
beltzvilleCombined,925,0.463073959,0.796130208,-1.474914629,1.550161318,-0.858702113,0.029379577,0.503338115,-0.213341609,1.489861734,-1.550787537,0.455215269,0.742050537,0.742419348,-1.358647627,-1.412421465,48317.0588,116.5417199,48317.0588,116.5417199,969.5,1.878,-0.807
beltzvilleCombined,926,0.404292637,0.773629914,-1.541422745,0.291446198,-0.067070932,0.066926648,0.554068995,0.927930452,1.553938889,-1.552197599,0.432174357,0.564001381,0.918877059,-1.422527066,-0.803859513,48317.0588,116.5417199,48317.0588,116.5417199,969.5,1.878,-0.807
beltzvilleCombined,927,0.482652583,0.791610115,-0.720661894,0.374866502,1.450138326,0.056116295,0.851057649,0.367100269,1.542211039,-0.215116757,0.434371019,0.525060096,0.942483547,-1.44213198,-1.218415697,48317.0588,116.5417199,48317.0588,116.5417199,969.5,1.878,-0.807
beltzvilleCombined,928,0.488966979,0.62712097,-0.799485939,0.103630283,1.569407393,0.041868661,0.859896382,1.303318229,1.458541333,-1.305900427,0.31282927,0.542376606,-0.581097166,-1.109793022,0.978864575,48317.0588,116.5417199,48317.0588,116.5417199,969.5,1.878,-0.807
beltzvilleCombined,929,0.445138511,0.728425447,-0.747146428,0.488615569,1.532759228,0.02958469,0.529409117,-0.343562364,1.481319358,-1.501393395,0.442416085,0.504310321,0.848810934,-1.559648607,-0.075511544,48317.0588,116.5417199,48317.0588,116.5417199,969.5,1.878,-0.807
beltzvilleCombined,930,0.319059094,0.586870087,-1.110242092,-0.205704676,1.535723029,0.297354393,0.808454232,1.379930522,1.324662143,0.134169795,0.456120158,0.784682663,0.319211864,-1.549133096,-1.529393445,48317.0588,116.5417199,48317.0588,116.5417199,969.5,1.878,-0.807
beltzvilleCombined,931,0.38342839,0.592746728,-1.505935253,0.693477705,-1.250256027,0.044944058,0.695552492,-0.355283083,1.523614671,-1.314278388,0.41327975,0.968748613,0.926945184,-1.358586535,-1.308715813,48317.0588,116.5417199,48317.0588,116.5417199,969.5,1.878,-0.807
beltzvilleCombined,932,0.492901631,0.66440807,-0.75793682,-0.125680919,1.555349553,0.024590441,0.57467164,0.904152318,1.459669157,-1.534269021,0.43177167,0.585191015,0.753950565,-1.463808049,0.729134112,48317.0588,116.5417199,48317.0588,116.5417199,969.5,1.878,-0.807
beltzvilleCombined,933,0.479688657,0.779377508,-1.18227734,0.781080978,1.533521484,0.031317476,0.511829984,-0.364428184,1.491904198,-1.52529726,0.462503289,0.592935455,0.838755801,-1.454049841,0.150967541,48317.0588,116.5417199,48317.0588,116.5417199,969.5,1.878,-0.807
beltzvilleCombined,934,0.002314132,0.729301742,-0.446417401,-0.706146838,1.488590476,0.030012849,0.568684053,-0.516502352,1.491184283,-0.195939868,0.461699967,0.540247389,0.754750121,-1.438735509,-1.528595297,48317.0588,116.5417199,48317.0588,116.5417199,969.5,1.878,-0.807
beltzvilleCombined,935,0.120815036,0.665042743,-0.359267871,-1.295079791,1.526915801,0.044966882,0.873578647,-0.012461056,1.511557706,-0.14814849,0.426104463,0.789761513,0.92701217,-1.37666284,-0.77360391,48317.0588,116.5417199,48317.0588,116.5417199,969.5,1.878,-0.807
beltzvilleCombined,936,0.480604045,0.729629192,-1.495688645,1.509518475,1.544402031,0.024578904,0.982815368,0.928671906,1.460253168,-1.294647533,0.428861231,0.881412922,0.754742367,-1.431364788,-0.131097324,48317.0588,116.5417199,48317.0588,116.5417199,969.5,1.878,-0.807
beltzvilleCombined,937,0.390940451,0.593824005,-0.81606451,-1.076078937,1.546696767,0.029677617,0.723727645,-0.267268789,1.47625483,-1.441240446,0.462451071,0.679522749,0.805288161,-1.459184084,0.213217989,48317.0588,116.5417199,48317.0588,116.5417199,969.5,1.878,-0.807
beltzvilleCombined,938,0.417279973,0.628001154,-0.820437674,0.076946879,1.569646514,0.024798337,0.963421347,1.392400124,1.458872653,-1.547438113,0.424673332,0.768964325,-0.833699517,-1.383571377,-0.642532328,48317.0588,116.5417199,48317.0588,116.5417199,969.5,1.878,-0.807
beltzvilleCombined,939,0.488155017,0.611658302,-0.795707663,0.322766734,1.534766813,0.257369629,0.869562923,1.403595845,1.44674702,0.142655303,0.453258964,0.605735612,0.324035683,-1.435481381,-0.062317277,48317.0588,116.5417199,48317.0588,116.5417199,969.5,1.878,-0.807
beltzvilleCombined,940,0.345477524,0.856161434,-0.810498814,0.040045818,1.559408817,0.049998591,0.83238942,0.899876936,1.523229726,-1.568946907,0.432383826,0.521715987,0.899858345,-1.438357464,0.193013191,48317.0588,116.5417199,48317.0588,116.5417199,969.5,1.878,-0.807
beltzvilleCombined,941,0.462984362,0.639929054,-0.757853965,0.463381266,1.548025793,0.02947034,0.859222259,-0.398472532,1.482809954,-1.472417357,0.451926811,0.772678701,0.844028416,-1.542659478,1.013729798,48317.0588,116.5417199,48317.0588,116.5417199,969.5,1.878,-0.807
beltzvilleCombined,942,0.492625355,0.658795105,-0.669134132,-1.12277465,1.454791264,0.024547985,0.696770723,-0.333936064,1.464268079,-0.007208255,0.454934047,0.99286876,0.762987855,-1.366275533,0.783946646,48317.0588,116.5417199,48317.0588,116.5417199,969.5,1.878,-0.807
beltzvilleCombined,943,0.466259103,0.734038898,-0.749858927,-1.339507505,1.559511869,0.028395325,0.94789618,1.193383259,1.460532459,-0.189679528,0.428552109,0.558185227,0.732430408,-1.426608475,0.232952833,48317.0588,116.5417199,48317.0588,116.5417199,969.5,1.878,-0.807
beltzvilleCombined,944,0.48956654,0.605240239,-0.73298573,0.311951147,1.532810489,0.294637679,0.835822746,1.395116159,1.4469705,-0.133672592,0.444466496,0.525275526,0.3340649,-1.422237604,-0.13506391,48317.0588,116.5417199,48317.0588,116.5417199,969.5,1.878,-0.807
beltzvilleCombined,945,0.39136749,0.773353708,-0.792032062,-1.007514595,-0.115630554,0.029659146,0.53092918,0.293424256,1.49576887,-1.433005369,0.42867694,0.938723175,0.808139543,-1.562045777,-0.708136533,48317.0588,116.5417199,48317.0588,116.5417199,969.5,1.878,-0.807
beltzvilleCombined,946,0.483566915,0.765651529,-1.510150138,1.511231233,1.566594863,0.026907894,0.532596722,-1.118840568,1.486199428,-0.145203131,0.456403516,0.546396581,0.849441832,-1.430177261,0.156357895,48317.0588,116.5417199,48317.0588,116.5417199,969.5,1.878,-0.807
beltzvilleCombined,947,0.484740463,0.66064188,-0.654922481,0.503278233,1.555889543,0.029473442,0.872357426,-0.339969659,1.483441253,0.048915472,0.454656502,0.971488133,0.866020774,-1.568547616,-1.323202293,48317.0588,116.5417199,48317.0588,116.5417199,969.5,1.878,-0.807
beltzvilleCombined,948,0.329404632,0.668414372,-0.771150182,1.501622128,1.56787651,0.028077118,0.601822293,0.404682809,1.483510974,0.051831448,0.434049795,0.979614109,0.751668607,-1.435220336,0.149182423,48317.0588,116.5417199,48317.0588,116.5417199,969.5,1.878,-0.807
beltzvilleCombined,949,0.483266488,0.531028746,-0.43841628,1.529966745,1.270664639,0.029997464,0.568684053,-0.476777665,1.491173665,-0.189241949,0.461382915,0.576132548,0.754750121,-1.425217851,-0.717845367,48317.0588,116.5417199,48317.0588,116.5417199,969.5,1.878,-0.807
beltzvilleCombined,950,0.481881616,0.728329777,-0.729125877,1.517135777,-0.829045638,0.02776811,0.527352504,0.876621886,1.477095837,-1.481154844,0.445718437,0.905565112,0.744655383,-1.449508494,-0.761161769,48317.0588,116.5417199,48317.0588,116.5417199,969.5,1.878,-0.807
beltzvilleCombined,951,0.412916313,0.625171137,-1.220486672,-1.008087651,1.465377898,0.018151496,0.997924728,1.105688172,1.472137173,-0.642813959,0.428866722,0.809732736,0.388774254,-1.326729478,-1.426075244,48317.0588,116.5417199,48317.0588,116.5417199,969.5,1.878,-0.807
beltzvilleCombined,952,0.482672694,0.887501444,-0.758032769,0.488615569,1.532759228,0.027857188,0.532596722,-0.343562364,1.481479165,-1.445467506,0.454097894,0.926052161,0.848810934,-1.551319646,-1.133878029,48317.0588,116.5417199,48317.0588,116.5417199,969.5,1.878,-0.807
beltzvilleCombined,953,0.464343163,0.725237227,-0.698542022,-0.547916635,1.532990378,0.02801469,0.532596722,0.912198658,1.469294081,0.086400846,0.45183128,0.784280165,0.744316131,-1.555747835,-1.326617202,48317.0588,116.5417199,48317.0588,116.5417199,969.5,1.878,-0.807
beltzvilleCombined,954,0.481881616,0.587468048,-0.718442128,-0.344856843,1.534632902,0.026551194,0.52729499,0.788206281,1.477095837,0.162655247,0.450683297,0.930842536,0.765948655,-1.549573374,-0.825329031,48317.0588,116.5417199,48317.0588,116.5417199,969.5,1.878,-0.807
beltzvilleCombined,955,0.45574134,0.807759109,-1.451030053,-1.205652,1.46896773,0.029456099,0.521256122,-0.355439937,1.473739771,-0.682205919,0.452266221,0.977494976,0.964702896,-1.555848999,0.96946456,48317.0588,116.5417199,48317.0588,116.5417199,969.5,1.878,-0.807
beltzvilleCombined,956,0.476792796,0.668871274,-0.757073887,0.288208446,1.526681249,0.024718175,0.862777302,0.283393387,1.458680197,0.037581654,0.41172338,0.580773958,0.51962343,-1.359220567,-0.736789513,48317.0588,116.5417199,48317.0588,116.5417199,969.5,1.878,-0.807
beltzvilleCombined,957,0.48834127,0.611658302,-0.6502158,-1.177978712,1.532422957,0.257369629,0.697404252,1.403595845,1.464479862,0.142655303,0.452839488,0.605735612,0.324372544,-1.365998788,-0.023982511,48317.0588,116.5417199,48317.0588,116.5417199,969.5,1.878,-0.807
beltzvilleCombined,958,0.479725332,0.681178196,-1.480876986,1.520022495,1.546792287,0.029565804,0.537026953,-0.335559718,1.485271553,-0.112621663,0.456449652,0.664141245,0.84219224,-1.562280162,-1.300515025,48317.0588,116.5417199,48317.0588,116.5417199,969.5,1.878,-0.807
beltzvilleCombined,959,0.441580662,0.605262475,-0.679313971,-1.093165892,1.537964001,0.044743013,0.87860729,0.576472472,1.501550879,-1.379768013,0.428642441,0.74738493,0.91133763,-1.387708624,-0.753934827,48317.0588,116.5417199,48317.0588,116.5417199,969.5,1.878,-0.807
beltzvilleCombined,960,0.497518762,0.822496226,-0.76544819,0.799631403,1.454012228,0.076537707,0.843720085,0.28914466,1.5670572,-0.189454655,0.437450818,0.508536995,1.00489847,-1.478105999,0.146887076,48317.0588,116.5417199,48317.0588,116.5417199,969.5,1.878,-0.807
beltzvilleCombined,961,0.134794441,0.580514056,-0.379794493,-0.967058215,-0.096681826,0.044732908,0.867024027,0.558180426,1.506030375,0.773937168,0.41145849,0.890168536,0.927165704,-1.36768471,-0.148620478,48317.0588,116.5417199,48317.0588,116.5417199,969.5,1.878,-0.807
beltzvilleCombined,962,0.316575026,0.729803684,-0.463121429,-0.944066747,1.555949267,0.02767993,0.982815368,0.897032676,1.460348077,-0.592104835,0.428861231,0.508814566,0.754704433,-1.376464584,-1.006587406,48317.0588,116.5417199,48317.0588,116.5417199,969.5,1.878,-0.807
beltzvilleCombined,963,0.483667145,0.76755475,-0.70179845,1.538210929,1.531763181,0.029567432,0.532652751,-0.291490747,1.486235987,-1.522802372,0.456577621,0.602685126,0.842076932,-1.565217908,-1.330861395,48317.0588,116.5417199,48317.0588,116.5417199,969.5,1.878,-0.807
beltzvilleCombined,964,0.486604224,0.606206525,-0.757853965,1.538972258,1.555534474,0.030119591,0.648468696,-0.363364842,1.486039683,-1.438178885,0.402013835,0.767785903,0.878311855,-1.305481083,-0.392117473,48317.0588,116.5417199,48317.0588,116.5417199,969.5,1.878,-0.807
beltzvilleCombined,965,0.393689125,0.881859755,-0.802124401,-1.42906885,1.313366175,0.029929092,0.549819775,-0.241465302,1.489982898,1.380444056,0.459030689,0.704169845,0.799219328,-1.44046468,-1.153031591,48317.0588,116.5417199,48317.0588,116.5417199,969.5,1.878,-0.807
beltzvilleCombined,966,0.489984626,0.530624257,-0.446417401,-1.272200909,1.488764299,0.030012849,0.568684053,0.225541991,1.48526895,-0.189241949,0.461382915,0.692756637,0.754750121,-1.424599803,-1.335205997,48317.0588,116.5417199,48317.0588,116.5417199,969.5,1.878,-0.807
beltzvilleCombined,967,0.483185705,0.822496226,-0.76544819,0.799631403,1.511115582,0.076248928,0.843720085,0.28914466,1.566548329,-0.65364917,0.437450818,0.569486829,1.00489847,-1.478105999,0.146887076,48317.0588,116.5417199,48317.0588,116.5417199,969.5,1.878,-0.807
beltzvilleCombined,968,0.38660371,0.639929054,-0.757853965,0.459486628,1.548409348,0.029677617,0.881160529,-0.226991792,1.482621661,-0.56542647,0.452372997,0.939849688,0.861899148,-1.542659478,-1.411063596,48317.0588,116.5417199,48317.0588,116.5417199,969.5,1.878,-0.807
beltzvilleCombined,969,0.465220113,0.727551754,-0.757515262,-1.03920559,1.550255687,0.027664375,0.878981115,0.861214543,1.469772012,-1.516066826,0.456516179,0.664870009,0.753247983,-1.553491006,0.205477425,48317.0588,116.5417199,48317.0588,116.5417199,969.5,1.878,-0.807
beltzvilleCombined,970,0.487834085,0.797735674,-0.764930983,1.557912779,1.281131428,0.028072995,0.859179693,-0.3549278,1.490050027,-1.416480896,0.456378402,0.758951556,0.766689548,-1.545830509,-1.457574527,48317.0588,116.5417199,48317.0588,116.5417199,969.5,1.878,-0.807
beltzvilleCombined,971,0.496738431,0.785175314,-0.746581092,-0.629228944,1.546287029,0.038278344,0.522879452,0.575342724,1.504967556,0.139923869,0.451899109,0.979240761,0.76547882,-1.414722854,-0.124332351,48317.0588,116.5417199,48317.0588,116.5417199,969.5,1.878,-0.807
beltzvilleCombined,972,0.252228899,0.790773522,-1.132572544,-0.905083095,1.559401127,0.050001143,0.512900288,0.71532491,1.526434351,-1.3075666,0.411873772,0.675753399,0.899699207,-1.385630496,0.20245801,48317.0588,116.5417199,48317.0588,116.5417199,969.5,1.878,-0.807
beltzvilleCombined,973,0.484343431,0.585524538,-1.422413151,0.043590879,1.534632902,0.026466704,0.534389405,0.784844265,1.476804972,0.160962592,0.450683297,0.931271036,0.731094228,-1.555860982,-0.821085031,48317.0588,116.5417199,48317.0588,116.5417199,969.5,1.878,-0.807
beltzvilleCombined,974,0.38869538,0.777514919,-0.709533538,-0.993867018,1.392296442,0.027424762,0.501946312,-0.375985382,1.487928015,-0.266320026,0.459069405,0.769616595,0.766871737,-1.552978061,-0.091001566,48317.0588,116.5417199,48317.0588,116.5417199,969.5,1.878,-0.807
beltzvilleCombined,975,0.496929933,0.788090099,-0.648199015,0.376652221,1.503578906,0.045527697,0.691160005,0.547417192,1.522721129,0.903509998,0.457325914,0.519740185,0.771887058,-1.434374735,-1.467169003,48317.0588,116.5417199,48317.0588,116.5417199,969.5,1.878,-0.807
beltzvilleCombined,976,0.463503038,0.730356859,-0.458546508,-0.999653651,1.467217985,0.02760462,0.800871468,0.895486176,1.460348077,-1.210353254,0.452556045,0.880544594,0.746402796,-1.388385781,-1.011409034,48317.0588,116.5417199,48317.0588,116.5417199,969.5,1.878,-0.807
beltzvilleCombined,977,0.480820613,0.623153331,-0.437150611,-0.952154074,1.55576205,0.029475425,0.870222547,-0.309576547,1.485252273,-0.220902754,0.456528618,0.757323367,0.851191433,-1.562224053,0.115678231,48317.0588,116.5417199,48317.0588,116.5417199,969.5,1.878,-0.807
beltzvilleCombined,978,0.442818304,0.788899634,-1.192855209,-1.299951766,1.539095306,0.032226103,0.94024855,-0.296091541,1.491540906,1.508597773,0.399675279,0.592935455,0.87806736,-1.300436085,-0.387815517,48317.0588,116.5417199,48317.0588,116.5417199,969.5,1.878,-0.807
beltzvilleCombined,979,0.490723647,0.614148917,-0.792773228,-0.961666733,1.546386582,0.037896822,0.838780855,0.571936459,1.507652379,-1.493948922,0.45649455,0.979200692,0.75627345,-1.42510564,-0.124332351,48317.0588,116.5417199,48317.0588,116.5417199,969.5,1.878,-0.807
beltzvilleCombined,980,0.473998445,0.727311583,-0.457039517,0.525840068,1.467481467,0.025081245,0.982815368,0.91678474,1.464254825,-0.807790533,0.428861231,0.881412922,0.754697788,-1.431364788,-1.168263032,48317.0588,116.5417199,48317.0588,116.5417199,969.5,1.878,-0.807
beltzvilleCombined,981,0.149612073,0.564803277,-0.396368932,-0.885256383,1.517754338,0.012590883,0.522610306,-0.453909676,1.459852472,1.4665167,0.465411397,0.817119315,0.416743904,-1.421261002,1.079027516,48317.0588,116.5417199,48317.0588,116.5417199,969.5,1.878,-0.807
beltzvilleCombined,982,0.461690818,0.650745586,-0.328398073,0.954692853,1.44496577,0.014901115,0.722073151,-1.065130676,1.473668732,-0.569126683,0.091259017,0.849581644,-0.772821922,-0.611363627,-0.015265641,48317.0588,116.5417199,48317.0588,116.5417199,969.5,1.878,-0.807
beltzvilleCombined,983,0.388526964,0.75524021,-0.429937165,-0.571437183,1.516231247,0.012529223,0.753699331,-0.398032641,1.460758205,0.492046282,0.467823726,0.818565049,0.415744274,-1.191297984,-1.414653736,48317.0588,116.5417199,48317.0588,116.5417199,969.5,1.878,-0.807
beltzvilleCombined,984,0.458344149,0.760161478,-0.449308996,-1.02112317,1.433448359,0.056380104,0.776860723,0.785932575,1.535929506,1.313082252,0.421201259,0.557784465,0.939645484,-1.426924691,0.081931076,48317.0588,116.5417199,48317.0588,116.5417199,969.5,1.878,-0.807
beltzvilleCombined,985,0.459338381,0.592725277,-0.475120228,-0.753235689,1.508465991,0.056495869,0.544500256,0.784972709,1.536451691,-0.621780743,0.426088705,0.602660499,0.945175841,-1.435863435,-0.762416113,48317.0588,116.5417199,48317.0588,116.5417199,969.5,1.878,-0.807
beltzvilleCombined,986,0.382105588,0.629770902,-0.321180493,-0.931799637,1.473280403,0.026224429,0.539435599,-1.125616745,1.488017091,-0.710383665,0.425816218,0.964271091,0.846229007,-1.452499393,-0.766185102,48317.0588,116.5417199,48317.0588,116.5417199,969.5,1.878,-0.807
beltzvilleCombined,987,0.373617112,0.598753712,-0.265629915,-1.168673253,1.481036227,0.025732292,0.753806687,-0.480355817,1.467296878,-0.800506934,0.474907557,0.780668378,0.875706775,-1.502605326,-1.568094992,48317.0588,116.5417199,48317.0588,116.5417199,969.5,1.878,-0.807
beltzvilleCombined,988,0.473832154,0.713088764,-0.323078036,1.539805045,1.463384576,0.013014964,0.570585357,0.362177925,1.42980945,1.50569945,0.18214079,0.574660265,0.310660829,0.406022643,-1.010660472,48317.0588,116.5417199,48317.0588,116.5417199,969.5,1.878,-0.807
beltzvilleCombined,989,0.382735065,0.625772574,-0.447832628,-0.871080734,1.430649754,0.013981609,0.788591815,-1.203206481,1.486278044,1.562114178,0.490222931,0.798060041,-0.322827854,-1.502311054,-1.434199037,48317.0588,116.5417199,48317.0588,116.5417199,969.5,1.878,-0.807
beltzvilleCombined,990,0.49359326,0.638108828,-0.312630097,1.022420838,1.563230871,0.014718261,0.536171067,-0.712552265,1.471094944,-0.684022786,0.454724356,0.700653738,-0.848031702,-1.444365779,-0.688606903,48317.0588,116.5417199,48317.0588,116.5417199,969.5,1.878,-0.807
beltzvilleCombined,991,0.483095355,0.639196238,-0.32546245,1.022420838,1.564668638,0.015452953,0.781743523,-0.273907016,1.47100908,-0.623852999,0.399449381,0.784961535,-0.796257909,-1.397256643,0.023399366,48317.0588,116.5417199,48317.0588,116.5417199,969.5,1.878,-0.807
beltzvilleCombined,992,0.390726564,0.623634572,-0.046418895,1.538993351,-0.2935333,0.025426708,0.832851022,0.344868069,1.471213633,-0.978928582,0.464852211,0.817741084,0.729442944,-1.431615542,-1.519355737,48317.0588,116.5417199,48317.0588,116.5417199,969.5,1.878,-0.807
beltzvilleCombined,993,0.150566773,0.59665961,-0.457590017,-1.019101236,1.471165346,0.009736297,0.525394117,-0.337598445,1.433507824,-1.045770016,0.444466633,0.558214083,0.505358489,-1.091467036,-0.808830345,48317.0588,116.5417199,48317.0588,116.5417199,969.5,1.878,-0.807
beltzvilleCombined,994,0.392561692,0.747962284,-0.353173888,1.539920481,-1.548214448,0.023913201,0.754224846,0.206367884,1.466265236,-0.491642091,0.469791112,0.787644506,0.724660173,-1.428296044,-1.493258697,48317.0588,116.5417199,48317.0588,116.5417199,969.5,1.878,-0.807
beltzvilleCombined,995,0.373617112,0.599971952,-0.265629915,-1.168673253,1.504939943,0.025732292,0.753812768,-0.483393427,1.467283798,-0.800506934,0.474907557,0.780668378,0.872966191,-1.502605326,-0.751036007,48317.0588,116.5417199,48317.0588,116.5417199,969.5,1.878,-0.807
beltzvilleCombined,996,0.494497631,0.691788278,-0.072413034,-0.120111635,1.473280403,0.026224429,0.539510296,-1.010301778,1.488017091,-0.703681973,0.434710664,0.98436526,0.828997236,-1.425212031,-0.77602279,48317.0588,116.5417199,48317.0588,116.5417199,969.5,1.878,-0.807
beltzvilleCombined,997,0.484427573,0.626554896,-0.04454943,0.018419762,1.568124103,0.052223179,0.80093888,1.343697431,1.401194661,0.12141663,0.385069405,0.696048817,0.247688635,-1.421364935,-1.420304573,48317.0588,116.5417199,48317.0588,116.5417199,969.5,1.878,-0.807
beltzvilleCombined,998,0.473948899,0.624362982,-0.345136746,1.538993351,1.547882659,0.024756704,0.547886749,0.366787464,1.470972665,-0.614680906,0.469597083,0.821267834,0.734565548,-1.494889591,-1.460926504,48317.0588,116.5417199,48317.0588,116.5417199,969.5,1.878,-0.807
beltzvilleCombined,999,0.38971283,0.623701804,-1.327659605,-0.924958459,1.547668933,0.025109575,0.533158147,-0.398245129,1.462188498,1.551998434,0.46931211,0.818420225,0.774899184,-1.43132019,-0.064534134,48317.0588,116.5417199,48317.0588,116.5417199,969.5,1.878,-0.807
beltzvilleCombined,1000,0.273229954,0.769845957,-0.472925022,0.003219667,1.481302308,0.054327623,0.526454145,-0.610019055,1.56894649,-0.698223007,0.436122825,0.971381288,0.429634796,-1.063385839,-1.467909469,48317.0588,116.5417199,48317.0588,116.5417199,969.5,1.878,-0.807
beltzvilleCombined,1001,0.47013117,0.622243676,-0.395582634,-0.884614794,1.523729194,0.012590883,0.519346444,-0.457396471,1.459682662,1.133545804,0.424723659,0.78723024,0.416743904,-1.531558376,-0.10489396,48317.0588,116.5417199,48317.0588,116.5417199,969.5,1.878,-0.807
beltzvilleCombined,1002,0.393890975,0.817803303,-0.87021677,-1.276905702,1.471744235,0.055527596,0.847245707,-0.458452728,1.555640965,-0.546558682,0.416923858,0.863486091,0.884381713,-1.431968573,-1.47272,48317.0588,116.5417199,48317.0588,116.5417199,969.5,1.878,-0.807
beltzvilleCombined,1003,0.496812011,0.666442082,-0.119918137,-0.533458937,1.355497841,0.047206752,0.554338199,-0.060836493,1.535374332,1.479036566,0.424850369,0.792307347,0.967739942,-1.515752334,-1.487181572,48317.0588,116.5417199,48317.0588,116.5417199,969.5,1.878,-0.807
beltzvilleCombined,1004,0.486168537,0.627133593,-0.323673445,-1.023749909,1.308159304,0.040781167,0.530354065,-1.064001071,1.504492048,-1.444510091,0.435697574,0.785941562,1.011442659,-1.491366975,-0.760388856,48317.0588,116.5417199,48317.0588,116.5417199,969.5,1.878,-0.807
beltzvilleCombined,1005,0.153318593,0.795992152,-0.072413034,-0.80379823,1.49443111,0.030646916,0.517411945,-0.33898457,1.488884626,1.486761555,0.434784703,0.564625218,0.884079814,-1.436405908,-1.444898952,48317.0588,116.5417199,48317.0588,116.5417199,969.5,1.878,-0.807
beltzvilleCombined,1006,0.411613116,0.603839288,-0.304112124,-0.66703425,1.480916258,0.02670225,0.768465633,-0.326749439,1.470453992,-0.447524375,0.480281502,0.696374191,0.824056463,-1.474749673,-1.460008439,48317.0588,116.5417199,48317.0588,116.5417199,969.5,1.878,-0.807
beltzvilleCombined,1007,0.487575021,0.629798333,-1.064768446,-0.836608047,1.481098193,0.025756755,0.753806687,-0.398060161,1.466609462,0.556402663,0.474907557,0.995826952,0.822256671,-1.502238401,-1.460134067,48317.0588,116.5417199,48317.0588,116.5417199,969.5,1.878,-0.807
beltzvilleCombined,1008,0.483126617,0.823248366,-0.386965997,-1.002166759,1.548763419,0.011197529,0.54172071,0.692237996,1.462898606,1.428519991,0.348472994,0.624988062,-0.263993212,-1.515248978,-1.503690452,48317.0588,116.5417199,48317.0588,116.5417199,969.5,1.878,-0.807
beltzvilleCombined,1009,0.38362661,0.612451984,-0.056145907,1.541733993,1.557820065,0.02518169,0.574879101,-0.13574504,1.467061969,-0.477902191,0.469597083,0.70249602,0.734486247,-1.431618437,-1.500193139,48317.0588,116.5417199,48317.0588,116.5417199,969.5,1.878,-0.807
beltzvilleCombined,1010,0.390911821,0.629280776,-0.029272361,-1.036304132,1.499599634,0.024425465,0.511319403,-0.398110817,1.466541263,-0.4517231,0.469597083,0.996428274,0.73309517,-1.496995108,-1.460475016,48317.0588,116.5417199,48317.0588,116.5417199,969.5,1.878,-0.807
beltzvilleCombined,1011,0.083665387,0.768110201,-0.251014509,-1.112885608,-1.244968255,0.054927252,0.515472327,-0.393706398,1.570771958,-0.652077659,0.447419158,0.86052498,0.41554655,-1.305137224,-0.946865394,48317.0588,116.5417199,48317.0588,116.5417199,969.5,1.878,-0.807
beltzvilleCombined,1012,0.19479837,0.790630724,-0.152991203,-1.041587982,1.537109466,0.05526169,0.761708598,0.700581844,1.568772582,1.295599125,0.431328045,0.856590407,0.497097978,-1.443989438,-1.488331014,48317.0588,116.5417199,48317.0588,116.5417199,969.5,1.878,-0.807
beltzvilleCombined,1013,0.396437538,0.62933398,-0.046418895,1.518333901,1.477989702,0.02504778,0.508590524,-0.400247332,1.467394665,-1.297138765,0.474907557,0.562396423,0.839265088,-1.518665279,-0.028980603,48317.0588,116.5417199,48317.0588,116.5417199,969.5,1.878,-0.807
beltzvilleCombined,1014,0.105677041,0.796341873,-0.154832545,-1.052875473,1.54688187,0.05526169,0.541216264,-0.371067469,1.540765877,-0.38091747,0.431088803,0.990942691,0.970237842,-1.484009918,-0.020427285,48317.0588,116.5417199,48317.0588,116.5417199,969.5,1.878,-0.807
beltzvilleCombined,1015,0.270670797,0.766071791,-0.318781767,-0.948865542,1.542953602,0.054474615,0.757169174,0.601118497,1.567371156,-0.730779906,0.467985017,0.81189365,0.398275454,-1.189777709,-0.820729415,48317.0588,116.5417199,48317.0588,116.5417199,969.5,1.878,-0.807
beltzvilleCombined,1016,0.488117795,0.737962853,-0.479194532,0.016280323,1.480474942,0.026093703,0.754440656,-0.400489546,1.467951404,-0.788812415,0.44499237,0.977724264,0.8443595,-1.491553497,-1.496017797,48317.0588,116.5417199,48317.0588,116.5417199,969.5,1.878,-0.807
beltzvilleCombined,1017,0.350077684,0.62221086,-0.04307083,-0.939908583,1.504824151,0.025070337,0.78936722,-0.370895878,1.470972665,-0.574351283,0.46486887,0.823128727,0.769219451,-1.431648023,-1.516125549,48317.0588,116.5417199,48317.0588,116.5417199,969.5,1.878,-0.807
beltzvilleCombined,1018,0.083665387,0.767945388,-0.251014509,-0.971880896,-1.392499508,0.053982301,0.551754291,-0.481934113,1.569065662,0.701452911,0.440673109,0.765645183,0.389745797,-1.304332106,0.133206824,48317.0588,116.5417199,48317.0588,116.5417199,969.5,1.878,-0.807
beltzvilleCombined,1019,0.348737887,0.763830314,-0.456065922,-1.114669487,1.527457694,0.031996932,0.762017393,-1.443275768,1.540663038,-0.44314264,0.426036673,0.863703579,0.384818472,-1.19587137,-0.940667181,48317.0588,116.5417199,48317.0588,116.5417199,969.5,1.878,-0.807
beltzvilleCombined,1020,0.390276169,0.75524021,-0.983026835,-0.58273378,1.563499881,0.012529223,0.753699331,-0.398032641,1.461372499,0.492046282,0.467823726,0.817552118,0.415744274,-1.191297984,-1.41433854,48317.0588,116.5417199,48317.0588,116.5417199,969.5,1.878,-0.807
beltzvilleCombined,1021,0.464216526,0.640238841,-0.4574454,1.03370878,1.517380353,0.012581877,0.541276116,-0.377360111,1.470592937,-0.68289788,0.464762107,0.699418099,-0.811499951,-1.451002852,-1.422439125,48317.0588,116.5417199,48317.0588,116.5417199,969.5,1.878,-0.807
beltzvilleCombined,1022,0.273229954,0.796420707,-0.026397847,-0.755221893,0.07642349,0.05450761,0.513839541,0.750134406,1.568829047,1.352011674,0.431868423,0.857085353,0.389695318,-1.442189031,-1.48086159,48317.0588,116.5417199,48317.0588,116.5417199,969.5,1.878,-0.807
beltzvilleCombined,1023,0.162457763,0.760161478,-0.449309296,-1.020844406,1.436515297,0.056495869,0.545498847,0.785932575,1.535929506,1.411724559,0.426026569,0.557784465,0.939394212,-1.427022841,0.081931076,48317.0588,116.5417199,48317.0588,116.5417199,969.5,1.878,-0.807
beltzvilleCombined,1024,0.471053727,0.783908705,-0.457791272,0.057971942,1.458179193,0.054122889,0.752356855,0.625481622,1.568581546,0.485284134,0.44077888,0.86052498,0.389726918,-1.519490379,-0.944948464,48317.0588,116.5417199,48317.0588,116.5417199,969.5,1.878,-0.807
beltzvilleCombined,1025,0.450466657,0.601185125,-0.487676306,-0.974260693,1.555190096,0.164483039,0.540699857,0.836838862,1.465171645,-1.208493148,0.114240545,0.811655766,-0.449078412,-1.484875317,-0.94255602,48317.0588,116.5417199,48317.0588,116.5417199,969.5,1.878,-0.807
beltzvilleCombined,1026,0.133045323,0.779895088,-0.331751198,-1.063378412,1.548341671,0.012083086,0.536681922,0.535346464,1.467487235,-0.53588037,0.047459726,0.623874361,0.923775202,-1.442544578,-1.553981572,48317.0588,116.5417199,48317.0588,116.5417199,969.5,1.878,-0.807
beltzvilleCombined,1027,0.473845651,0.623434587,-0.026055191,1.538444044,1.49081333,0.025056841,0.635979156,-0.400247332,1.467365591,-0.46336649,0.46479987,0.56181784,0.8443595,-1.453706276,-0.039868691,48317.0588,116.5417199,48317.0588,116.5417199,969.5,1.878,-0.807
beltzvilleCombined,1028,0.38345733,0.794681938,-0.045571812,1.541733993,1.541447895,0.02518169,0.740176752,-0.370274973,1.471124723,-0.477982972,0.469597083,0.819134296,0.734485452,-1.431618437,-1.460478927,48317.0588,116.5417199,48317.0588,116.5417199,969.5,1.878,-0.807
beltzvilleCombined,1029,0.016776005,0.622173002,-0.396368932,-0.884614794,1.52332483,0.012467706,0.513738181,-0.396180358,1.459682662,1.512473654,0.424723659,0.78723024,0.416743904,-1.432196718,-0.10489396,48317.0588,116.5417199,48317.0588,116.5417199,969.5,1.878,-0.807
beltzvilleCombined,1030,0.489954967,0.763661776,-0.06996629,-1.183138949,1.437792532,0.025426708,0.793288972,-0.370865528,1.472220485,-0.648651788,0.456612007,0.817750912,0.763260941,-1.416448924,-0.799646604,48317.0588,116.5417199,48317.0588,116.5417199,969.5,1.878,-0.807
beltzvilleCombined,1031,0.165713822,0.624065735,-0.359366066,-1.032677937,1.481379603,0.030646916,0.512863515,-0.3821281,1.488978943,-0.519108773,0.434784703,0.564959186,0.892808843,-1.51845685,-0.802549208,48317.0588,116.5417199,48317.0588,116.5417199,969.5,1.878,-0.807
beltzvilleCombined,1032,0.479018361,0.60265323,-0.496646915,-0.009964709,1.473280403,0.027016849,0.539435599,-1.052008227,1.488017091,-0.706431961,0.434710664,0.964008185,0.846229007,-1.452499393,-0.776795395,48317.0588,116.5417199,48317.0588,116.5417199,969.5,1.878,-0.807
beltzvilleCombined,1033,0.148708023,0.692137415,-0.454106703,-0.87377671,1.54308178,0.055071808,0.530248879,-0.627180009,1.541706109,1.473075378,0.436190359,0.596642929,0.968577687,-1.447172392,-0.836645973,48317.0588,116.5417199,48317.0588,116.5417199,969.5,1.878,-0.807
beltzvilleCombined,1034,0.167151328,0.769312895,-0.452346573,-1.089216832,1.50284994,0.055248684,0.517025309,-0.742111154,1.539598718,-0.545454216,0.429202692,0.819764187,0.968406249,-1.440705029,-0.799627043,48317.0588,116.5417199,48317.0588,116.5417199,969.5,1.878,-0.807
beltzvilleCombined,1035,0.48499878,0.79568453,-0.449724821,-1.185549116,1.347517481,0.055253816,0.516168843,-0.380901964,1.536744462,-0.648654802,0.430192824,0.780657289,0.968555925,-1.44058572,0.027858991,48317.0588,116.5417199,48317.0588,116.5417199,969.5,1.878,-0.807
beltzvilleCombined,1036,0.459693328,0.621677174,-0.137105214,-0.971679115,-1.452818089,0.058095191,0.500251973,-0.402460536,1.56192819,-0.577103733,0.445757385,0.818135835,0.874090085,-1.536411631,-1.566294273,48317.0588,116.5417199,48317.0588,116.5417199,969.5,1.878,-0.807
beltzvilleCombined,1037,0.153318593,0.76681887,-0.072413034,-1.043326666,1.473280403,0.030658266,0.517471231,-1.052008227,1.488884626,0.533115431,0.435237046,0.564625218,0.883268802,-1.435860181,-0.769323799,48317.0588,116.5417199,48317.0588,116.5417199,969.5,1.878,-0.807
beltzvilleCombined,1038,0.47039463,0.796661771,-0.150083338,-1.052980215,0.616541545,0.056024318,0.547210697,-0.830846463,1.539592778,-0.418893115,0.43114593,0.603008879,0.970230191,-1.440276608,-0.607593804,48317.0588,116.5417199,48317.0588,116.5417199,969.5,1.878,-0.807
beltzvilleCombined,1039,0.258003797,0.766067354,-0.077233341,0.010842604,1.477771127,0.01324542,0.520997633,-0.662645307,1.465451458,-0.668668466,0.457186184,0.976453528,0.389159618,-1.1092035,-0.987924424,48317.0588,116.5417199,48317.0588,116.5417199,969.5,1.878,-0.807
beltzvilleCombined,1040,0.4679589,0.620871312,-0.383889603,-0.839207731,1.480836608,0.015095596,0.756890594,-1.180566009,1.460893584,-0.57836328,0.493839953,0.793508391,0.416743904,-1.459722665,-1.420339135,48317.0588,116.5417199,48317.0588,116.5417199,969.5,1.878,-0.807
beltzvilleCombined,1041,0.474015785,0.75524021,-0.333197714,-0.875705481,1.56759861,0.012639909,0.518510864,-0.438611291,1.460880038,-0.65451701,0.446869456,0.787155308,0.415744274,-1.373865515,-0.923737095,48317.0588,116.5417199,48317.0588,116.5417199,969.5,1.878,-0.807
beltzvilleCombined,1042,0.47013117,0.64049677,-0.395582634,-0.790494242,1.523729194,0.012550468,0.82121699,-0.462667765,1.475913816,1.133545804,0.424723659,0.78723024,-0.955015093,-1.53127757,-0.681519812,48317.0588,116.5417199,48317.0588,116.5417199,969.5,1.878,-0.807
beltzvilleCombined,1043,0.402179556,0.52904889,-0.450258335,1.538993351,1.502984565,0.025426708,0.501153706,-0.371214518,1.466800083,1.559186268,0.464787338,0.787155439,0.799193068,-1.445889993,-1.416369236,48317.0588,116.5417199,48317.0588,116.5417199,969.5,1.878,-0.807
beltzvilleCombined,1044,0.473627322,0.756954147,-0.150139469,1.47907004,1.547915114,0.024865078,0.720287051,-0.420611668,1.467391307,-0.470999991,0.474484461,0.690997966,0.84477243,-1.519876642,-1.526577019,48317.0588,116.5417199,48317.0588,116.5417199,969.5,1.878,-0.807
beltzvilleCombined,1045,0.494639362,0.62450401,-0.046589378,1.48941037,-0.304874005,0.024801584,0.523766086,-0.363636784,1.466383798,-0.442655377,0.456827145,0.980156438,0.853515084,-1.489205819,-0.832485246,48317.0588,116.5417199,48317.0588,116.5417199,969.5,1.878,-0.807
beltzvilleCombined,1046,0.48024724,0.829359173,-0.452133146,-1.048561159,1.544174574,0.02464731,0.510727148,-0.386835905,1.485462537,-0.673548426,0.429635605,0.807258647,0.744429133,-1.49759432,-1.56353175,48317.0588,116.5417199,48317.0588,116.5417199,969.5,1.878,-0.807
beltzvilleCombined,1047,0.390739118,0.612780733,-0.046262313,-1.123331556,1.547437941,0.025411037,0.753987476,-0.370898992,1.471217662,-0.487087139,0.469518032,0.817741084,0.734566649,-1.431906931,-1.519410944,48317.0588,116.5417199,48317.0588,116.5417199,969.5,1.878,-0.807
beltzvilleCombined,1048,0.466937124,0.831779261,-0.451836599,-0.628211135,1.483732756,0.024651664,0.517383725,-0.370298758,1.467570293,-0.479073681,0.474853357,0.683214984,0.844029794,-1.518018984,-1.489659832,48317.0588,116.5417199,48317.0588,116.5417199,969.5,1.878,-0.807
beltzvilleCombined,1049,0.484674101,0.782126454,-0.145220631,-1.07041212,1.566039639,0.025191175,0.993644821,-0.454103527,1.467661627,-0.573643345,0.426433747,0.559184302,0.844772911,-1.428673213,-1.473481067,48317.0588,116.5417199,48317.0588,116.5417199,969.5,1.878,-0.807
beltzvilleCombined,1050,0.481149074,0.810180472,-0.044397328,-1.032515045,1.543128502,0.056714833,0.50914366,0.752051238,1.536539441,1.57004857,0.436360585,0.581677929,0.912927974,-1.416881141,-0.060868496,48317.0588,116.5417199,48317.0588,116.5417199,969.5,1.878,-0.807
beltzvilleCombined,1051,0.475463208,0.623434587,-0.026055191,1.492904708,1.49081333,0.025056841,0.644889879,-0.400247332,1.467365591,-0.46336649,0.46479987,0.55083177,0.8443595,-1.460367976,-0.039868691,48317.0588,116.5417199,48317.0588,116.5417199,969.5,1.878,-0.807
beltzvilleCombined,1052,0.38165336,0.625772574,-0.085481276,-0.79476051,1.422883992,0.013981609,0.780804042,-1.18434675,1.485599879,1.520346921,0.450638579,0.817583983,-0.762599315,-1.454148078,-0.493866407,48317.0588,116.5417199,48317.0588,116.5417199,969.5,1.878,-0.807
beltzvilleCombined,1053,0.390440137,0.62362283,-0.293629268,1.523408402,1.570472031,0.025426708,0.805264505,0.994552823,1.463073844,1.515048518,0.430007668,0.64393103,0.730617209,-1.445884366,-1.511928573,48317.0588,116.5417199,48317.0588,116.5417199,969.5,1.878,-0.807
beltzvilleCombined,1054,0.252892105,0.621999983,-0.527833984,-0.957470811,1.504120437,0.053700033,0.758314128,0.723451018,1.566693543,0.547477024,0.440886242,0.851975254,0.450350135,-1.486557849,-0.832571269,48317.0588,116.5417199,48317.0588,116.5417199,969.5,1.878,-0.807
beltzvilleCombined,1055,0.123172075,0.793356507,-0.15687602,-1.049977165,1.444635982,0.055224641,0.520401791,-0.453240318,1.539358794,1.466082727,0.430361825,0.93462448,0.96857759,-1.440722374,-1.426573898,48317.0588,116.5417199,48317.0588,116.5417199,969.5,1.878,-0.807
beltzvilleCombined,1056,0.154168917,0.795842659,-0.454596357,-0.80476321,-1.569650801,0.041367165,0.516889895,-0.609743054,1.507954364,1.325416858,0.434992977,0.973064849,0.970473101,-1.482336326,0.115976232,48317.0588,116.5417199,48317.0588,116.5417199,969.5,1.878,-0.807
beltzvilleCombined,1057,0.175936848,0.796472751,-0.128309596,-1.186565302,1.507734274,0.055362543,0.917830987,-0.371464535,1.528141232,-0.652305947,0.420372796,0.559169277,1.030336757,-1.470449933,-0.916712568,48317.0588,116.5417199,48317.0588,116.5417199,969.5,1.878,-0.807
beltzvilleCombined,1058,0.484075052,0.795975574,-0.072413034,-1.073818148,1.56954497,0.030646916,0.517411945,-0.33898457,1.488258585,1.486761555,0.426856299,0.523993897,0.884079814,-1.436405908,-1.497924487,48317.0588,116.5417199,48317.0588,116.5417199,969.5,1.878,-0.807
beltzvilleCombined,1059,0.390760263,0.6235885,-0.025737616,-1.50917537,1.504839936,0.025048363,0.753987476,-0.370274973,1.471155039,-0.493604567,0.469597083,0.817414658,0.734486247,-1.432732852,-1.274869692,48317.0588,116.5417199,48317.0588,116.5417199,969.5,1.878,-0.807
beltzvilleCombined,1060,0.491000596,0.630736322,-0.347953783,-1.087701185,1.471588436,0.05658526,0.510609919,0.70784739,1.534481249,0.022336214,0.432837939,0.894879786,0.923626941,-1.435155264,-0.740973097,48317.0588,116.5417199,48317.0588,116.5417199,969.5,1.878,-0.807
beltzvilleCombined,1061,0.392433114,0.623438593,-0.048773157,-0.894328184,1.481058848,0.025677615,0.517521187,-0.534805466,1.465471467,-0.320638015,0.465248466,0.991654998,0.845836615,-1.453654492,-1.51171652,48317.0588,116.5417199,48317.0588,116.5417199,969.5,1.878,-0.807
beltzvilleCombined,1062,0.258003797,0.766067354,-0.077233341,0.010842604,1.477771127,0.01324542,0.758090977,-0.666408635,1.466758366,-0.658310717,0.456621926,0.976453528,0.389159618,-1.1092035,-0.987924424,48317.0588,116.5417199,48317.0588,116.5417199,969.5,1.878,-0.807
beltzvilleCombined,1063,0.373812925,0.781854398,-0.153168169,-1.036037328,1.54132537,0.056876984,0.511087035,-0.439043469,1.537005179,0.487858396,0.458055482,0.539199735,0.976951926,-1.523455348,-0.878119462,48317.0588,116.5417199,48317.0588,116.5417199,969.5,1.878,-0.807
beltzvilleCombined,1064,0.462064288,0.831919624,-0.461654268,-1.024272045,1.490801753,0.033572711,0.527662301,-0.377725462,1.523861789,-0.474387283,0.436943534,0.853611797,0.468839087,-1.107305538,-1.059274866,48317.0588,116.5417199,48317.0588,116.5417199,969.5,1.878,-0.807
beltzvilleCombined,1065,0.484674101,0.630959547,-0.048121275,1.528556113,1.56821328,0.025060037,0.993644821,-0.409899646,1.467661627,-0.461361832,0.43537017,0.582071015,0.8443595,-1.428936881,-1.473481067,48317.0588,116.5417199,48317.0588,116.5417199,969.5,1.878,-0.807
beltzvilleCombined,1066,0.158694609,0.63267109,-0.365330501,-1.033092242,1.421132453,0.030569047,0.516887782,-0.615757298,1.488884626,1.516384591,0.426897055,0.795816268,0.871909375,-1.436367039,-0.854775981,48317.0588,116.5417199,48317.0588,116.5417199,969.5,1.878,-0.807
beltzvilleCombined,1067,0.474248848,0.759469612,-0.309830945,-0.936905482,1.54229824,0.01132093,0.552402186,-0.243004128,1.468486815,-0.654820795,0.435422391,0.850432435,-0.695805584,-1.44994966,-0.766936482,48317.0588,116.5417199,48317.0588,116.5417199,969.5,1.878,-0.807
beltzvilleCombined,1068,0.283642815,0.626570814,-0.071832355,0.001840326,1.296252992,0.025107596,0.55149327,-0.372545958,1.464906685,1.173493052,0.444892209,0.99786101,0.839758455,-1.44138041,-1.501841383,48317.0588,116.5417199,48317.0588,116.5417199,969.5,1.878,-0.807
beltzvilleCombined,1069,0.129286383,0.81771395,-0.87021677,-1.276905702,1.461614697,0.053892937,0.847245707,-0.481723866,1.554716529,-0.546558682,0.416923858,0.863486091,0.884381713,-1.439264646,-1.48578347,48317.0588,116.5417199,48317.0588,116.5417199,969.5,1.878,-0.807
beltzvilleCombined,1070,0.383273417,0.625835393,-0.354085925,-0.812340839,1.473690802,0.014078678,0.789714764,-1.203206481,1.485599879,1.562114178,0.135923936,0.803101017,-0.291181954,-0.30577551,-0.803390281,48317.0588,116.5417199,48317.0588,116.5417199,969.5,1.878,-0.807
beltzvilleCombined,1071,0.390760263,0.606544617,-0.025889,0.105184789,1.504839936,0.025048363,0.753987476,-0.358048165,1.466658098,-0.493604567,0.469597083,0.817414658,0.734486247,-1.431618437,-1.431198754,48317.0588,116.5417199,48317.0588,116.5417199,969.5,1.878,-0.807
beltzvilleCombined,1072,0.390739118,0.911304562,-0.026534231,1.514478074,1.497511919,0.02504778,0.566639006,-0.370864791,1.468277718,-0.513511448,0.469597083,0.54994262,0.731174774,-1.429404753,-1.460478927,48317.0588,116.5417199,48317.0588,116.5417199,969.5,1.878,-0.807
beltzvilleCombined,1073,0.392561692,0.550150749,-0.039208489,1.539920481,1.512468803,0.024001757,0.754224846,-0.368439951,1.467056771,-0.491646033,0.469597083,0.821675587,0.722200917,-1.428296044,-1.496114069,48317.0588,116.5417199,48317.0588,116.5417199,969.5,1.878,-0.807
beltzvilleCombined,1074,0.483287446,0.761221936,-0.445613358,-0.828579057,1.479593699,0.024675181,0.535792111,-0.649434793,1.461672484,-1.305165759,0.433495695,0.976202697,0.895681378,-1.45086007,-1.454401485,48317.0588,116.5417199,48317.0588,116.5417199,969.5,1.878,-0.807
beltzvilleCombined,1075,0.457420357,0.629444033,-0.393043604,-0.884614794,1.526153914,0.012590883,0.804635425,0.791018191,1.396465004,-0.795662232,0.46089227,0.520191647,0.416743904,-1.425207294,-1.446718798,48317.0588,116.5417199,48317.0588,116.5417199,969.5,1.878,-0.807
beltzvilleCombined,1076,0.48412065,0.625634977,-0.505672303,-1.000171102,1.54415822,0.011638763,0.542106698,0.92331539,1.463522148,1.397979033,0.051508416,0.981001311,0.387740347,-1.48698506,-0.122130459,48317.0588,116.5417199,48317.0588,116.5417199,969.5,1.878,-0.807
beltzvilleCombined,1077,0.365350116,0.758751203,-0.449308996,-1.020550762,1.532062723,0.056479229,0.53729261,-0.342718389,1.538590796,1.398208852,0.426783718,0.562530459,0.977659489,-1.427036059,-1.412823318,48317.0588,116.5417199,48317.0588,116.5417199,969.5,1.878,-0.807
beltzvilleCombined,1078,0.143585825,0.750819357,-0.029272361,-1.048126519,1.501005953,0.025671146,0.738495039,-0.398127397,1.46659743,-0.532743557,0.462295843,0.759618681,0.821492455,-1.495828767,-1.460475016,48317.0588,116.5417199,48317.0588,116.5417199,969.5,1.878,-0.807
beltzvilleCombined,1079,0.277948856,0.632116451,-0.037760355,-0.984029712,1.544115079,0.024828726,0.511319403,-0.398110817,1.471706369,-1.131460839,0.476394948,0.985093067,0.716029556,-1.440623663,0.21994649,48317.0588,116.5417199,48317.0588,116.5417199,969.5,1.878,-0.807
beltzvilleCombined,1080,0.493359143,0.817803303,-0.258489666,-1.225864852,1.528697251,0.056848775,0.516309711,-0.457444197,1.554178249,1.306732515,0.429027306,0.815691405,0.898896805,-1.429570015,-1.509342108,48317.0588,116.5417199,48317.0588,116.5417199,969.5,1.878,-0.807
beltzvilleCombined,1081,0.390738431,0.623125516,-0.043262643,1.538993351,1.503014256,0.024089859,0.811777292,-0.370898992,1.472422288,-0.492614283,0.46858341,0.865584465,0.738524879,-1.449454472,0.018459093,48317.0588,116.5417199,48317.0588,116.5417199,969.5,1.878,-0.807
beltzvilleCombined,1082,0.400668367,0.52904889,-0.501158059,1.538993351,1.5623179,0.025426708,0.750689188,0.334011794,1.466800083,1.562426956,0.464787338,0.787729293,0.780141309,-1.445646854,-1.530898245,48317.0588,116.5417199,48317.0588,116.5417199,969.5,1.878,-0.807
beltzvilleCombined,1083,0.390563932,0.754400551,-0.02329858,1.538993351,1.538410245,0.025391823,0.638935006,-0.346959487,1.471770512,-0.401273592,0.469257941,0.56369957,0.768322481,-1.430454976,-1.447619929,48317.0588,116.5417199,48317.0588,116.5417199,969.5,1.878,-0.807
beltzvilleCombined,1084,0.146355439,0.757921946,-0.449309296,-1.020844406,1.425266876,0.056495869,0.545498847,0.785932575,1.535677351,1.411724559,0.42617597,0.551806961,0.940368692,-1.427022841,0.081931076,48317.0588,116.5417199,48317.0588,116.5417199,969.5,1.878,-0.807
beltzvilleCombined,1085,0.162186813,0.653695045,-0.317246538,-0.042601697,-1.506842006,0.053982301,0.775201417,0.688844263,1.569164519,0.667810043,0.440632261,0.890646231,0.369249302,-1.477951948,-1.04533234,48317.0588,116.5417199,48317.0588,116.5417199,969.5,1.878,-0.807
beltzvilleCombined,1086,0.152200971,0.620435705,-0.072413034,-1.037743174,0.063486836,0.030646916,0.517253451,-0.97182718,1.488884626,1.517209106,0.434784703,0.548888803,0.884915259,-1.435333115,-0.024137504,48317.0588,116.5417199,48317.0588,116.5417199,969.5,1.878,-0.807
beltzvilleCombined,1087,0.39189834,0.62362283,-0.449120109,1.538993351,1.50376537,0.025411037,0.753987476,-0.370898992,1.471217662,-0.492614283,0.46952594,0.81410724,0.734566649,-1.430821546,-1.519353079,48317.0588,116.5417199,48317.0588,116.5417199,969.5,1.878,-0.807
beltzvilleCombined,1088,0.322160586,0.82390865,-0.048342878,1.488855157,1.568640188,0.011786407,0.5,-0.340403504,1.437373981,1.396765327,0.457233793,0.912396402,0.744485579,-1.479137394,-1.569760524,48317.0588,116.5417199,48317.0588,116.5417199,969.5,1.878,-0.807
beltzvilleCombined,1089,0.385862045,0.62362454,-0.046423261,-1.248502254,1.557832382,0.025411037,0.519320303,-0.359444456,1.46787814,-0.492614283,0.474580087,0.800337388,0.734566649,-1.45157009,-1.520723557,48317.0588,116.5417199,48317.0588,116.5417199,969.5,1.878,-0.807
beltzvilleCombined,1090,0.388529604,0.56527656,-0.05702274,-1.150766686,1.480623865,0.025735074,0.753806687,-0.753277551,1.470868615,-0.800506934,0.47489262,0.991654998,0.875706775,-1.517285027,-1.568094992,48317.0588,116.5417199,48317.0588,116.5417199,969.5,1.878,-0.807
beltzvilleCombined,1091,0.47931448,0.597002476,-0.340698526,-0.667426342,1.504179759,0.025111351,0.767122905,-0.371181822,1.467394665,-0.557296819,0.474907557,0.689724248,0.836228568,-1.521114699,-1.496869577,48317.0588,116.5417199,48317.0588,116.5417199,969.5,1.878,-0.807
beltzvilleCombined,1092,0.319066987,0.610647476,-0.454682816,-1.002292886,1.54308178,0.055994867,0.530248879,0.818639066,1.505244356,1.431873547,0.437330671,0.500349336,0.968855305,-1.447105166,-1.009299465,48317.0588,116.5417199,48317.0588,116.5417199,969.5,1.878,-0.807
beltzvilleCombined,1093,0.278051943,0.630450257,-0.025885915,-0.862855037,1.4849862,0.026200546,0.753819408,-0.629121225,1.469267163,-0.766494781,0.476370705,0.980282871,0.8443595,-1.461784989,-0.792575509,48317.0588,116.5417199,48317.0588,116.5417199,969.5,1.878,-0.807
beltzvilleCombined,1094,0.143902792,0.750819357,-0.029272361,-1.048813545,1.501005953,0.025671146,0.741711332,-0.398127397,1.46659743,-0.50561238,0.462295843,0.759618681,0.823874098,-1.493223522,-0.811774363,48317.0588,116.5417199,48317.0588,116.5417199,969.5,1.878,-0.807
beltzvilleCombined,1095,0.457420357,0.629444033,-0.393043604,-0.855851199,1.524987428,0.012787349,0.807864502,0.791018191,1.432034155,1.444042345,0.46089227,0.520191647,0.426624986,-1.118629809,-1.293831988,48317.0588,116.5417199,48317.0588,116.5417199,969.5,1.878,-0.807
beltzvilleCombined,1096,0.264358816,0.59812295,-0.314833743,-0.945044898,1.558775334,0.16348295,0.51408082,-1.152766957,1.55895275,-0.660766943,0.114033194,0.87221358,-0.237478951,-1.21724171,-1.518632316,48317.0588,116.5417199,48317.0588,116.5417199,969.5,1.878,-0.807
beltzvilleCombined,1097,0.348737887,0.763830314,-0.456065922,-1.111541929,1.527457694,0.031996932,0.760577576,-1.443275768,1.540663038,-0.662185399,0.425877655,0.863703579,0.384681639,-1.19587137,-0.940667181,48317.0588,116.5417199,48317.0588,116.5417199,969.5,1.878,-0.807
beltzvilleCombined,1098,0.269100821,0.763665746,-0.449148486,-0.509779334,1.558179081,0.054518814,0.51926409,0.466793066,1.56894649,1.370650755,0.436122825,0.765467462,0.429634796,-1.085478509,-0.803764027,48317.0588,116.5417199,48317.0588,116.5417199,969.5,1.878,-0.807
beltzvilleCombined,1099,0.270670797,0.771282749,-0.471025134,-0.949697329,1.543985309,0.054474615,0.519187411,0.701721466,1.569449802,-0.734384667,0.440781662,0.863785135,0.398363989,-1.189777709,-0.803764027,48317.0588,116.5417199,48317.0588,116.5417199,969.5,1.878,-0.807
beltzvilleCombined,1100,0.474015785,0.638464009,-0.466251215,-0.868327029,1.516231247,0.012558734,0.823325025,-0.398032641,1.460880038,-1.304550754,0.446869456,0.976614081,0.3962029,-1.188197056,-0.35032777,48317.0588,116.5417199,48317.0588,116.5417199,969.5,1.878,-0.807
beltzvilleCombined,1101,0.474463522,0.63981398,-0.32546245,0.977269523,1.491827556,0.014048453,0.732177394,-1.104848381,1.469326147,-0.622241303,0.076195223,0.524403264,-0.805412974,-1.441119529,0.023510351,48317.0588,116.5417199,48317.0588,116.5417199,969.5,1.878,-0.807
beltzvilleCombined,1102,0.393097522,0.565244288,-0.028705561,-1.091626905,1.504841885,0.025035357,0.753987476,-0.401529594,1.470972665,-1.35877876,0.4647295,0.864344028,0.750095807,-1.42123685,-0.741956205,48317.0588,116.5417199,48317.0588,116.5417199,969.5,1.878,-0.807
beltzvilleCombined,1103,0.376400573,0.622326465,-0.484137753,-0.862123638,1.476472821,0.024864069,0.749978823,-0.393788021,1.47402204,-0.752696546,0.42425129,0.866299544,0.88029518,-1.520942729,-1.45574512,48317.0588,116.5417199,48317.0588,116.5417199,969.5,1.878,-0.807
beltzvilleCombined,1104,0.462620229,0.605569447,-0.454682816,-1.146133205,1.544968324,0.05526169,0.751278644,-0.512145118,1.537668196,-1.316219472,0.437330671,0.576095616,0.967865177,-1.447105166,-0.008677148,48317.0588,116.5417199,48317.0588,116.5417199,969.5,1.878,-0.807
beltzvilleCombined,1105,0.349826437,0.62886078,-0.122183295,1.425390765,1.515390936,0.022508999,0.763906634,-0.443801476,1.469037872,-0.432346747,0.457288623,0.829206711,0.737839796,-1.446356902,-1.457093045,48317.0588,116.5417199,48317.0588,116.5417199,969.5,1.878,-0.807
beltzvilleCombined,1106,0.390739118,0.771504857,-0.028553532,-0.497060324,1.504839936,0.025919835,0.753987476,-0.371186269,1.468317008,0.914773595,0.46919447,0.817703714,0.766630684,-1.431329238,-0.739726923,48317.0588,116.5417199,48317.0588,116.5417199,969.5,1.878,-0.807
beltzvilleCombined,1107,0.471229168,0.751300391,-1.460111007,-1.021826462,1.549459762,0.025066041,0.503066258,-0.356114171,1.472023718,1.459598509,0.429895248,0.545656177,0.844489768,-1.450411761,-1.482566323,48317.0588,116.5417199,48317.0588,116.5417199,969.5,1.878,-0.807
beltzvilleCombined,1108,0.163653619,0.790515544,-0.394415031,-0.825118158,-1.452818089,0.057034563,0.53961089,-0.662436914,1.55596653,1.518470176,0.440781662,0.565396449,0.902389724,-1.523939373,-0.880439514,48317.0588,116.5417199,48317.0588,116.5417199,969.5,1.878,-0.807
beltzvilleCombined,1109,0.490094407,0.819026899,-0.548106474,0.985202931,1.481155133,0.014597938,0.520411031,-0.375670361,1.467487235,-0.59147822,0.475209055,0.778260403,0.432293779,-1.308198366,-0.696449464,48317.0588,116.5417199,48317.0588,116.5417199,969.5,1.878,-0.807
beltzvilleCombined,1110,0.375881039,0.624076983,-0.150880011,-0.318212612,1.517785832,0.01318068,0.546314943,0.307795803,1.460867858,0.687780848,0.469341703,0.785599279,0.093171501,-1.468465585,-1.410203848,48317.0588,116.5417199,48317.0588,116.5417199,969.5,1.878,-0.807
beltzvilleCombined,1111,0.4829286,0.824908314,-0.047440209,-0.713491057,1.546864159,0.012038008,0.54172071,0.801607089,1.463238547,1.411159025,0.048626313,0.821822357,0.794630791,-1.48698506,-1.506064538,48317.0588,116.5417199,48317.0588,116.5417199,969.5,1.878,-0.807
beltzvilleCombined,1112,0.125388659,0.764369333,-0.373073536,-0.998044594,1.533664626,0.055300362,0.696496199,-0.463038738,1.538366214,0.761882735,0.461884291,0.97636404,0.977687293,-1.523939373,-1.399698327,48317.0588,116.5417199,48317.0588,116.5417199,969.5,1.878,-0.807
beltzvilleCombined,1113,0.272349376,0.763029514,-0.383889603,-0.516369255,1.543551702,0.011654451,0.746998032,-0.680762674,1.465483212,-0.735413509,0.435833532,0.78689364,0.398473154,-1.448850331,-1.450695254,48317.0588,116.5417199,48317.0588,116.5417199,969.5,1.878,-0.807
beltzvilleCombined,1114,0.309183191,0.623362264,-0.466251215,0.025903395,1.516231247,0.012639909,0.518510864,-0.398032641,1.458511516,0.545725101,0.447321932,0.785653294,0.409630166,-1.187964599,-0.921920763,48317.0588,116.5417199,48317.0588,116.5417199,969.5,1.878,-0.807
beltzvilleCombined,1115,0.39547283,0.603660597,-0.291879867,-0.109537654,1.53856164,0.088168131,0.541947443,1.427239952,1.198141645,-0.930594153,0.455589959,0.814353016,-0.609855704,0.609497534,-1.453833889,48317.0588,116.5417199,48317.0588,116.5417199,969.5,1.878,-0.807
beltzvilleCombined,1116,0.318202984,0.942320492,-0.449309459,-1.02457997,1.568049861,0.056495869,0.54554459,0.785763523,1.535937325,1.399199422,0.425901135,0.704114706,0.945199891,-1.4349133,0.09771901,48317.0588,116.5417199,48317.0588,116.5417199,969.5,1.878,-0.807
beltzvilleCombined,1117,0.347497124,0.575214068,-0.037801231,1.538993351,1.504841885,0.023106295,0.511831274,-0.507931343,1.470972665,-1.35877876,0.463994793,0.817741084,0.742383778,-1.422244849,0.989097399,48317.0588,116.5417199,48317.0588,116.5417199,969.5,1.878,-0.807
beltzvilleCombined,1118,0.473696486,0.751300391,-0.846044172,-0.816800841,1.549459762,0.024971251,0.516723454,-0.407841335,1.464277662,1.469666583,0.429900791,0.565176402,0.877321155,-1.450760807,-1.482566323,48317.0588,116.5417199,48317.0588,116.5417199,969.5,1.878,-0.807
beltzvilleCombined,1119,0.464422399,0.620546349,-0.464665754,-1.01284738,1.516231247,0.013682059,0.518982902,-0.415520591,1.460880038,0.553816926,0.446869456,0.785663685,0.471376685,-1.19579203,0.255483685,48317.0588,116.5417199,48317.0588,116.5417199,969.5,1.878,-0.807
beltzvilleCombined,1120,0.484277797,0.638152909,-0.305480596,-0.858245244,1.54114214,0.027836631,0.795950019,-0.550981568,1.470611618,-0.683997289,0.459574621,0.815026054,0.851952474,-1.431607164,-0.738082445,48317.0588,116.5417199,48317.0588,116.5417199,969.5,1.878,-0.807
beltzvilleCombined,1121,0.270390212,0.768110201,-0.146315487,-1.112885608,-1.331320552,0.053977849,0.772787224,0.843618928,1.567324029,-0.508132923,0.440953851,0.845168951,0.389726918,-1.180046075,-0.933136238,48317.0588,116.5417199,48317.0588,116.5417199,969.5,1.878,-0.807
beltzvilleCombined,1122,0.488169338,0.737962853,-0.479194532,0.001840326,1.480474942,0.026102778,0.746321571,-0.400247332,1.467660347,1.377030165,0.474907557,0.965235955,0.8443595,-1.49305052,-1.48430238,48317.0588,116.5417199,48317.0588,116.5417199,969.5,1.878,-0.807
beltzvilleCombined,1123,0.492343638,0.758095091,-0.36272111,0.729269292,1.521652265,0.012941366,0.504827069,-0.281505196,1.472829858,1.5450301,0.041458366,0.775001272,0.781102219,-1.446103684,0.565633197,48317.0588,116.5417199,48317.0588,116.5417199,969.5,1.878,-0.807
beltzvilleCombined,1124,0.348145258,0.761996225,-0.257788936,0.224800791,1.555688035,0.041819586,0.509356936,0.076967564,1.502581902,1.396372068,0.439444664,0.838462937,0.930751202,-1.480957778,-1.509643037,48317.0588,116.5417199,48317.0588,116.5417199,969.5,1.878,-0.807
beltzvilleCombined,1125,0.390440137,0.630595363,-0.293629268,1.523408402,1.570472031,0.025426708,0.805264505,0.994552823,1.463073844,1.515048518,0.433496818,0.64393103,0.730617209,-1.445884366,-1.511928573,48317.0588,116.5417199,48317.0588,116.5417199,969.5,1.878,-0.807
beltzvilleCombined,1126,0.463811798,0.767968222,-0.454589569,-1.146950629,1.443800635,0.055248684,0.517092301,-0.418683618,1.539598718,1.289361103,0.420989446,0.751890437,0.968599633,-1.440705029,-0.653374092,48317.0588,116.5417199,48317.0588,116.5417199,969.5,1.878,-0.807
beltzvilleCombined,1127,0.470411726,0.689547906,-0.462364257,-1.39480583,1.545351536,0.025111121,0.544441897,-0.377827118,1.462898606,-1.384228435,0.449381948,0.629269552,0.789283626,-1.443694606,-1.56809283,48317.0588,116.5417199,48317.0588,116.5417199,969.5,1.878,-0.807
beltzvilleCombined,1128,0.468779467,0.62362283,-0.046418895,-0.884981787,1.530517734,0.024539131,0.549761409,-0.121882056,1.482019618,-0.586705476,0.426390994,0.817741084,0.742578575,-1.43116159,-1.458978171,48317.0588,116.5417199,48317.0588,116.5417199,969.5,1.878,-0.807
beltzvilleCombined,1129,0.390739118,0.599323295,-0.046418895,1.538993351,-0.2935333,0.025232482,0.753987476,0.345886581,1.470972665,-1.398592565,0.464787338,0.780892957,0.734565548,-1.431615542,-1.444613129,48317.0588,116.5417199,48317.0588,116.5417199,969.5,1.878,-0.807
beltzvilleCombined,1130,0.461690818,0.650745586,-0.328398073,0.954692853,1.44496577,0.012656297,0.722073151,-1.065130676,1.473675016,-0.569126683,0.429654639,0.849581644,-0.812523437,-0.611363627,-0.015265641,48317.0588,116.5417199,48317.0588,116.5417199,969.5,1.878,-0.807
beltzvilleCombined,1131,0.254905528,0.784303319,-0.457791272,0.0644092,1.467593911,0.053982301,0.742559075,0.625481622,1.569065662,1.44977872,0.44077888,0.860900653,0.389726918,-1.284768758,-0.808408946,48317.0588,116.5417199,48317.0588,116.5417199,969.5,1.878,-0.807
beltzvilleCombined,1132,0.44691371,0.814955148,-0.471060057,-0.526765228,1.546620636,0.054327623,0.536364038,-0.610899936,1.56894649,0.609447565,0.436122825,0.860495437,0.429634796,-1.087704384,-0.940303545,48317.0588,116.5417199,48317.0588,116.5417199,969.5,1.878,-0.807
beltzvilleCombined,1133,0.481768522,0.625835393,-0.32802279,-0.812340839,1.421542852,0.015277396,0.552736493,-1.203206481,1.486433653,1.562114178,0.135923936,0.70415484,-0.289913747,-0.62161211,-0.804846712,48317.0588,116.5417199,48317.0588,116.5417199,969.5,1.878,-0.807
beltzvilleCombined,1134,0.479018361,0.596507888,-1.462667067,-0.810199412,1.473280403,0.026674454,0.539594023,-1.052008227,1.488017091,-0.706431961,0.434710664,0.964008185,0.844460162,-1.452499393,-0.776795395,48317.0588,116.5417199,48317.0588,116.5417199,969.5,1.878,-0.807
beltzvilleCombined,1135,0.473696486,0.757445747,-0.493420075,-0.016566137,1.549459762,0.025313645,0.541659748,-0.650060918,1.472023718,1.459598509,0.429895248,0.566132608,0.846258612,-1.450411761,-1.482566323,48317.0588,116.5417199,48317.0588,116.5417199,969.5,1.878,-0.807
beltzvilleCombined,1136,0.087430263,0.765305089,-0.252047305,-1.149299383,-1.375932781,0.053982301,0.785684598,-0.407773268,1.569065662,-0.464405407,0.451580444,0.868135039,0.389726918,-1.287449542,-0.944423929,48317.0588,116.5417199,48317.0588,116.5417199,969.5,1.878,-0.807
beltzvilleCombined,1137,0.267121127,0.59812295,-0.487265927,-0.945014016,1.567506238,0.164952048,0.938541176,-0.299538366,1.55895275,1.563252803,0.419820691,0.77765753,-0.237396516,-1.21724171,-1.504989238,48317.0588,116.5417199,48317.0588,116.5417199,969.5,1.878,-0.807
beltzvilleCombined,1138,0.11640017,0.795321446,-0.369049901,-1.033183211,1.534624235,0.055118586,0.516254192,0.01515784,1.540853242,0.527372792,0.431282522,0.980263334,0.948086417,-1.447700866,-1.482691756,48317.0588,116.5417199,48317.0588,116.5417199,969.5,1.878,-0.807
beltzvilleCombined,1139,0.309672564,0.611608163,-0.01195486,-0.944783989,1.549309024,0.009736297,0.525059679,-0.337598445,1.432751581,-0.510483157,0.474153275,0.97910873,0.516019104,-1.43920994,-1.489700052,48317.0588,116.5417199,48317.0588,116.5417199,969.5,1.878,-0.807
beltzvilleCombined,1140,0.479346698,0.640767198,-0.32546245,1.012191611,1.503723845,0.014067219,0.749289476,-1.104848381,1.46677954,-0.622241303,0.465656175,0.863256917,-0.805412974,-1.486794887,0.016744566,48317.0588,116.5417199,48317.0588,116.5417199,969.5,1.878,-0.807
beltzvilleCombined,1141,0.228678878,0.625279361,-0.048379441,-0.872700012,1.516940649,0.015738261,0.849312597,-0.457396471,1.460880038,-0.635041733,0.425699764,0.787155308,0.412178023,-0.970023643,-0.818191788,48317.0588,116.5417199,48317.0588,116.5417199,969.5,1.878,-0.807
beltzvilleCombined,1142,0.381320078,0.623127373,-0.788374268,-0.812340839,1.502763663,0.014258491,0.789714764,-1.205577583,1.485599879,-0.439597053,0.41424923,0.803101017,-0.338094661,-1.197082906,-1.434199037,48317.0588,116.5417199,48317.0588,116.5417199,969.5,1.878,-0.807
beltzvilleCombined,1143,0.476401231,0.625816065,-0.016788798,0.092073667,1.548498952,0.014328013,0.75287878,-1.209843742,1.485599879,1.540359855,0.456005994,0.883491862,-0.289913747,-1.454586888,-0.69430716,48317.0588,116.5417199,48317.0588,116.5417199,969.5,1.878,-0.807
beltzvilleCombined,1144,0.157894481,0.623177428,-0.334646275,-0.977330631,1.544929789,0.025085575,0.793129685,-0.391164585,1.467637138,-0.475132285,0.469256712,0.819844435,0.860559759,-1.521253708,-1.50338368,48317.0588,116.5417199,48317.0588,116.5417199,969.5,1.878,-0.807
beltzvilleCombined,1145,0.49359326,0.638087242,-0.312630097,1.037432534,1.563230871,0.014718261,0.795950019,-0.712767899,1.473532182,-0.684022786,0.397129815,0.787210105,-0.84802905,-1.441115041,-0.688606903,48317.0588,116.5417199,48317.0588,116.5417199,969.5,1.878,-0.807
beltzvilleCombined,1146,0.206009355,0.772333634,-0.116416338,-1.050292809,1.557308028,0.025743285,0.753806687,-0.400247332,1.467484163,-0.595446268,0.479288868,0.991654998,0.8443595,-1.523374417,-1.492246386,48317.0588,116.5417199,48317.0588,116.5417199,969.5,1.878,-0.807
beltzvilleCombined,1147,0.267857143,0.62361474,-0.078984984,-0.036155891,1.542857212,0.014441428,0.752131164,-0.30900901,1.470581128,-0.509717272,0.451890293,0.78749283,0.381772236,-1.128859629,-1.379323226,48317.0588,116.5417199,48317.0588,116.5417199,969.5,1.878,-0.807
beltzvilleCombined,1148,0.480148243,0.626570814,-0.305354196,-1.159616649,1.506436701,0.025743285,0.506370882,-0.372545958,1.472595514,-0.578755201,0.442826184,0.935583963,0.838556386,-1.449454704,0.71282437,48317.0588,116.5417199,48317.0588,116.5417199,969.5,1.878,-0.807
beltzvilleCombined,1149,0.492851062,0.764278913,-0.473426877,-1.112885608,1.202988479,0.053985037,0.763096223,0.735692541,1.569065662,0.701452911,0.437908142,0.860642293,0.389726918,-1.513288394,-1.390100718,48317.0588,116.5417199,48317.0588,116.5417199,969.5,1.878,-0.807
beltzvilleCombined,1150,0.492446523,0.749603194,-0.414445525,1.022420838,1.560083687,0.015395196,0.737449599,0.81923971,1.476122407,1.48581398,0.42584953,0.759497716,-0.800705959,-1.495352742,-1.447110574,48317.0588,116.5417199,48317.0588,116.5417199,969.5,1.878,-0.807
beltzvilleCombined,1151,0.280829417,0.683477387,-0.480665637,-1.03713398,1.544077593,0.054474615,0.513579655,0.645136378,1.568915506,1.214455864,0.441538972,0.978915993,0.398275454,-1.468883228,-0.803764027,48317.0588,116.5417199,48317.0588,116.5417199,969.5,1.878,-0.807
beltzvilleCombined,1152,0.241642317,0.757445747,-0.496347266,-0.016566137,1.549459762,0.025313645,0.543191304,-0.650060918,1.471183409,1.459598509,0.429895248,0.566132608,0.846258612,-1.450411761,-1.467217754,48317.0588,116.5417199,48317.0588,116.5417199,969.5,1.878,-0.807
beltzvilleCombined,1153,0.49580973,0.766071791,-0.311953609,-0.948865542,1.542953602,0.054474615,0.517655856,0.701702941,1.568635607,-0.73419831,0.440781662,0.863785135,0.398275454,-1.189777709,-0.818859873,48317.0588,116.5417199,48317.0588,116.5417199,969.5,1.878,-0.807
beltzvilleCombined,1154,0.451596577,0.896045033,-0.474998045,-0.477866648,-1.395757468,0.035593578,0.55551769,0.826982974,1.52625737,-1.151146771,0.426896917,0.815348081,0.42566312,-1.443663614,-0.760454932,48317.0588,116.5417199,48317.0588,116.5417199,969.5,1.878,-0.807
beltzvilleCombined,1155,0.111581888,0.796341873,-0.154832545,-1.023987713,1.536489431,0.05526169,0.517249189,-0.497601894,1.54106282,-0.240979683,0.429234743,0.791447134,0.970237842,-1.448044505,-1.465696251,48317.0588,116.5417199,48317.0588,116.5417199,969.5,1.878,-0.807
beltzvilleCombined,1156,0.153318593,0.643272172,-0.072413034,-1.038621441,1.473280403,0.031521411,0.517411945,-0.420693576,1.488884626,1.517209106,0.434784703,0.546062859,0.883268802,-1.458216984,-0.769323799,48317.0588,116.5417199,48317.0588,116.5417199,969.5,1.878,-0.807
beltzvilleCombined,1157,0.083665387,0.768110201,-0.251014509,-1.113672681,1.295544813,0.053534947,0.510976828,-0.468992531,1.569065662,0.701452911,0.427577817,0.86052498,0.389726918,-1.311846245,-0.944948464,48317.0588,116.5417199,48317.0588,116.5417199,969.5,1.878,-0.807
beltzvilleCombined,1158,0.480148243,0.621901052,-0.002107898,-0.963460354,1.504187446,0.025743285,0.533833557,-0.426538635,1.475018783,-0.766926258,0.443558694,0.994925041,0.838556386,-1.466735539,-1.501841383,48317.0588,116.5417199,48317.0588,116.5417199,969.5,1.878,-0.807
beltzvilleCombined,1159,0.493638073,0.631468186,-0.325479674,1.022420838,1.564668638,0.014168591,0.545173773,-0.377360111,1.47176811,-0.68289788,0.451587019,0.698405168,-0.761055075,-1.42150424,-1.447417747,48317.0588,116.5417199,48317.0588,116.5417199,969.5,1.878,-0.807
beltzvilleCombined,1160,0.270643067,0.759019786,-0.475392518,-0.52032797,1.543553538,0.054327623,0.526454145,-0.610899936,1.56894649,0.376394521,0.436122825,0.860010327,0.429634796,-1.087704384,-0.803764027,48317.0588,116.5417199,48317.0588,116.5417199,969.5,1.878,-0.807
beltzvilleCombined,1161,0.450193081,0.755419268,-0.508740125,-1.087151821,1.515802112,0.012639909,0.517977237,-0.398032641,1.461033587,0.49738897,0.447058347,0.772927099,0.383133381,-1.480150475,-1.453906714,48317.0588,116.5417199,48317.0588,116.5417199,969.5,1.878,-0.807
beltzvilleCombined,1162,0.426686432,0.624896938,-0.491337152,-0.495721351,1.546473536,0.014065161,0.534419212,-0.310420873,1.482311505,-0.562940259,0.366338445,0.984435195,-0.739413756,-1.48136188,-0.756183314,48317.0588,116.5417199,48317.0588,116.5417199,969.5,1.878,-0.807
beltzvilleCombined,1163,0.480026955,0.692543202,-0.055719068,-1.021444089,1.503711478,0.024779544,0.732772462,-0.39396602,1.467484163,-0.861942232,0.4480062,0.813368542,0.844790514,-1.502003433,-1.448706541,48317.0588,116.5417199,48317.0588,116.5417199,969.5,1.878,-0.807
beltzvilleCombined,1164,0.3918447,0.737962853,-0.479194532,0.001840326,1.554886147,0.02609305,0.754135742,-0.371097415,1.467580211,1.377030165,0.474907557,0.967867815,0.8443595,-1.49305052,-1.486722332,48317.0588,116.5417199,48317.0588,116.5417199,969.5,1.878,-0.807
beltzvilleCombined,1165,0.116597397,0.782995828,-0.156565527,-1.036037328,1.534100373,0.05696173,0.512875433,-0.379141295,1.535690921,-0.484463957,0.460103986,0.519426776,0.981754816,-1.522729606,-1.520061907,48317.0588,116.5417199,48317.0588,116.5417199,969.5,1.878,-0.807
beltzvilleCombined,1166,0.38215444,0.795200443,-0.269355339,-0.948882571,-1.511388158,0.055142096,0.508559166,-0.857416983,1.541001563,-0.386119141,0.428022884,0.789858282,0.973342662,-1.448044505,-1.441823362,48317.0588,116.5417199,48317.0588,116.5417199,969.5,1.878,-0.807
beltzvilleCombined,1167,0.182562386,0.788688344,0.002468905,-0.995216103,1.541465155,0.025048369,0.775303623,0.688887677,1.470972665,1.3789608,0.430509427,0.574237872,0.734565548,-1.439882336,-1.456894825,48317.0588,116.5417199,48317.0588,116.5417199,969.5,1.878,-0.807
beltzvilleCombined,1168,0.46183932,0.831779261,-0.451836599,-1.070061573,1.483732756,0.024873633,0.517383725,-0.370298758,1.467570293,-0.480639115,0.474853357,0.953529769,0.844029794,-1.514574402,-1.494613462,48317.0588,116.5417199,48317.0588,116.5417199,969.5,1.878,-0.807
beltzvilleCombined,1169,0.473696486,0.757445747,-0.493420075,-0.016566137,1.549459762,0.025313645,0.541659748,-0.650060918,1.472023718,1.459598509,0.429895248,0.566132608,0.844667724,-1.450411761,-1.482566323,48317.0588,116.5417199,48317.0588,116.5417199,969.5,1.878,-0.807
beltzvilleCombined,1170,0.471229168,0.751300391,-1.460111007,-0.816800841,1.549459762,0.024971251,0.541818172,-0.650060918,1.472023718,1.459598509,0.429895248,0.566132608,0.846080656,-1.450411761,-1.482566323,48317.0588,116.5417199,48317.0588,116.5417199,969.5,1.878,-0.807
beltzvilleCombined,1171,0.147065295,0.623807632,-0.038246028,-1.035635675,1.504926997,0.026256136,0.755202979,-0.400217983,1.488314705,0.508962577,0.403760321,0.991636,0.838708682,-1.453123791,-1.549995907,48317.0588,116.5417199,48317.0588,116.5417199,969.5,1.878,-0.807
beltzvilleCombined,1172,0.473845651,0.626452291,-0.026055191,1.529601342,1.49081333,0.025056841,0.638409463,-0.400247332,1.467365591,-0.46336649,0.46488021,0.55443492,0.8443595,-1.453706276,-0.924955181,48317.0588,116.5417199,48317.0588,116.5417199,969.5,1.878,-0.807
beltzvilleCombined,1173,0.486195107,0.628051746,-0.307965902,1.022420838,1.56209639,0.015068765,0.795950019,-0.550981568,1.467535036,-0.683997289,0.442531765,0.814645825,-0.795234,-1.431607164,-1.503056684,48317.0588,116.5417199,48317.0588,116.5417199,969.5,1.878,-0.807
beltzvilleCombined,1174,0.483216622,0.617908021,-0.454682816,-1.201161372,1.520505361,0.05526169,0.516254192,-0.520236448,1.541769186,1.5199002,0.431088803,0.791447134,0.968344258,-1.447700866,-0.002738904,48317.0588,116.5417199,48317.0588,116.5417199,969.5,1.878,-0.807
beltzvilleCombined,1175,0.286796942,0.623420959,-0.04385689,-0.879401794,1.567449762,0.05243918,0.946169903,1.26738397,1.398429503,-0.668598015,0.425169146,0.820990824,0.442623379,-1.525828755,-1.414644256,48317.0588,116.5417199,48317.0588,116.5417199,969.5,1.878,-0.807
beltzvilleCombined,1176,0.488169338,0.737962853,-0.479312428,-0.972793033,1.480474942,0.027068914,0.523370518,-0.400247332,1.467951404,-0.766926258,0.456315209,0.577609281,0.8443595,-1.49305052,-1.492372071,48317.0588,116.5417199,48317.0588,116.5417199,969.5,1.878,-0.807
beltzvilleCombined,1177,0.473695099,0.751300391,-0.801362828,1.525642045,1.549459762,0.024971251,0.518989621,-0.400285114,1.467509113,1.469666583,0.429900791,0.561800723,0.848773438,-1.450760807,-1.490161949,48317.0588,116.5417199,48317.0588,116.5417199,969.5,1.878,-0.807
beltzvilleCombined,1178,0.390725878,0.623137258,-0.046418895,1.538993351,-0.2935333,0.025426708,0.832851022,0.326432681,1.47091522,-0.978928582,0.456931433,0.817741084,0.729442944,-1.431615542,-0.791691603,48317.0588,116.5417199,48317.0588,116.5417199,969.5,1.878,-0.807
beltzvilleCombined,1179,0.346358799,0.781428077,-0.257788936,-0.585390567,1.555688035,0.04216109,0.509207118,-0.512247607,1.502581902,1.383194519,0.439818029,0.83759186,0.930751202,-1.440175747,-1.509643037,48317.0588,116.5417199,48317.0588,116.5417199,969.5,1.878,-0.807
beltzvilleCombined,1180,0.488175594,0.620459475,-0.349359411,1.444831116,1.463870176,0.025251596,0.788934759,-0.400247332,1.467394665,1.453288608,0.473898776,0.819882306,0.841522432,-1.517368265,-1.472633081,48317.0588,116.5417199,48317.0588,116.5417199,969.5,1.878,-0.807
beltzvilleCombined,1181,0.152243464,0.772226772,-0.050524562,-1.043913898,1.480384026,0.056292053,0.505418048,0.742115938,1.536422818,-0.578598811,0.41739836,0.811544057,0.958607821,-1.434523511,0.021399692,48317.0588,116.5417199,48317.0588,116.5417199,969.5,1.878,-0.807
beltzvilleCombined,1182,0.390648726,0.768110201,-0.264188574,-1.112885608,-1.352651526,0.053656333,0.524982292,0.967040707,1.569065662,0.679228465,0.438672572,0.861265063,0.389726918,-1.430928277,-0.901382645,48317.0588,116.5417199,48317.0588,116.5417199,969.5,1.878,-0.807
beltzvilleCombined,1183,0.383273417,0.625772574,-0.146265661,-0.896141126,1.424727907,0.014077253,0.789714764,-1.157448499,1.485597941,1.562114178,0.135923936,0.840089392,-0.324562035,-1.186942677,-1.434199037,48317.0588,116.5417199,48317.0588,116.5417199,969.5,1.878,-0.807
beltzvilleCombined,1184,0.391026273,0.626067678,-1.341232308,-0.924958459,1.504839936,0.02511012,0.533006793,-0.372696715,1.472279751,1.551998434,0.467949684,0.818420225,0.77604224,-1.43132019,-0.808187633,48317.0588,116.5417199,48317.0588,116.5417199,969.5,1.878,-0.807
beltzvilleCombined,1185,0.277803861,0.601211517,-0.692816959,-0.834720953,1.545030132,0.024805704,0.53260597,-0.404399096,1.465712167,-0.658439972,0.463968821,0.862397583,0.393139216,-1.064887299,-1.477022612,48317.0588,116.5417199,48317.0588,116.5417199,969.5,1.878,-0.807
beltzvilleCombined,1186,0.485637577,0.624524723,-0.491540976,-0.944783989,1.550285995,0.009736297,0.524885266,-0.337598445,1.432751581,-0.944056232,0.453281773,0.97910873,0.487110535,-1.091467036,-1.484089462,48317.0588,116.5417199,48317.0588,116.5417199,969.5,1.878,-0.807
beltzvilleCombined,1187,0.494860377,0.62362283,-0.345014241,0.001840326,1.480474942,0.025758737,0.552523639,-0.284166529,1.467484163,-0.772073754,0.474907557,0.991654998,0.856874929,-1.493066817,-1.492372071,48317.0588,116.5417199,48317.0588,116.5417199,969.5,1.878,-0.807
beltzvilleCombined,1188,0.49231534,0.633856214,-0.327760172,0.037353119,1.568277007,0.025743285,0.753806687,-0.400247332,1.467484163,-0.766926258,0.474907557,0.727182191,0.8443595,-1.49305052,-1.424158694,48317.0588,116.5417199,48317.0588,116.5417199,969.5,1.878,-0.807
beltzvilleCombined,1189,0.272908311,0.978139489,-0.883562695,-0.056454367,1.553526989,0.054474615,0.805294657,-0.326862115,1.569065662,1.287028408,0.435744858,0.86052498,0.418948208,-1.054479982,-0.69253443,48317.0588,116.5417199,48317.0588,116.5417199,969.5,1.878,-0.807
beltzvilleCombined,1190,0.473497303,0.62362283,-0.046418895,1.558400762,1.563681591,0.02504778,0.753981027,-0.400247332,1.467860831,-0.47124215,0.474907557,0.553000077,0.8443595,-1.518018984,-0.039868691,48317.0588,116.5417199,48317.0588,116.5417199,969.5,1.878,-0.807
beltzvilleCombined,1191,0.323319809,0.818200777,-0.454713172,1.488855157,1.570796327,0.011615012,0.530045844,-0.336220523,1.432191046,1.396765327,0.457241701,0.797809179,0.744485579,-1.479137394,-1.563022063,48317.0588,116.5417199,48317.0588,116.5417199,969.5,1.878,-0.807
beltzvilleCombined,1192,0.150566773,0.608555353,-0.457590017,0.160257348,1.470291443,0.009736297,0.525487449,-0.356429258,1.433507824,-1.045770016,0.444466633,0.558214083,0.495322266,-1.425800612,-0.808994109,48317.0588,116.5417199,48317.0588,116.5417199,969.5,1.878,-0.807
beltzvilleCombined,1193,0.145695886,0.796365099,-0.163376335,-1.183642967,1.51038029,0.055310123,0.512995817,-0.371067469,1.54106282,1.316594605,0.431088803,0.587232393,0.970237842,-1.440567045,-1.520111536,48317.0588,116.5417199,48317.0588,116.5417199,969.5,1.878,-0.807
beltzvilleCombined,1194,0.39537296,0.759672179,-0.456065922,-0.973664775,-0.087617038,0.031996932,0.542708797,-1.443246797,1.540647846,-0.56299096,0.42640033,0.768823781,0.37102654,-1.191385861,-0.758369335,48317.0588,116.5417199,48317.0588,116.5417199,969.5,1.878,-0.807
beltzvilleCombined,1195,0.170818418,0.663873641,-0.33736627,-1.049581038,1.514115631,0.025426708,0.7470965,-0.368471851,1.476785317,-0.648651788,0.458047913,0.970328667,0.753479048,-1.419739362,-1.5104017,48317.0588,116.5417199,48317.0588,116.5417199,969.5,1.878,-0.807
beltzvilleCombined,1196,0.3296145,0.790515544,-0.394415031,-1.030143779,-1.445678638,0.057129353,0.509646213,-0.370917308,1.552817193,1.518470176,0.440781662,0.544920018,0.925465306,-1.523758734,-0.896910472,48317.0588,116.5417199,48317.0588,116.5417199,969.5,1.878,-0.807
beltzvilleCombined,1197,0.487575021,0.742509291,-0.439567325,-1.023494552,1.481213021,0.025772446,0.753806687,-0.398980199,1.4666098,-0.728252777,0.474907557,0.811830242,0.822256671,-1.501824239,-1.551308654,48317.0588,116.5417199,48317.0588,116.5417199,969.5,1.878,-0.807
beltzvilleCombined,1198,0.392933189,0.626095915,-0.043749332,-1.25302971,1.568124103,0.052223179,0.804999797,1.354503188,1.467288503,0.105626185,0.379902965,0.943295044,0.23776181,-1.494333465,-1.420304573,48317.0588,116.5417199,48317.0588,116.5417199,969.5,1.878,-0.807
beltzvilleCombined,1199,0.23091722,0.63383615,-0.00466547,-0.976429892,1.547630133,0.030600802,0.522189223,0.219337752,1.487480411,1.517209106,0.43492504,0.595420296,0.83525306,-1.414490165,-0.788738673,48317.0588,116.5417199,48317.0588,116.5417199,969.5,1.878,-0.807
beltzvilleCombined,1200,0.163653619,0.78945062,-0.479850391,-0.89034872,-1.452818089,0.056910687,0.50100474,-0.368822772,1.55596653,1.518470176,0.439447579,0.544920018,0.902389724,-1.523939373,-0.880439514,48317.0588,116.5417199,48317.0588,116.5417199,969.5,1.878,-0.807
beltzvilleCombined,1201,0.351548571,0.796254142,-0.439480316,-1.170655709,1.444621708,0.055226988,0.516187795,-0.367579462,1.540654486,-0.624234949,0.429202692,0.931550556,0.977701191,-1.438544387,0.003431182,48317.0588,116.5417199,48317.0588,116.5417199,969.5,1.878,-0.807
beltzvilleCombined,1202,0.453353719,0.601185125,-0.487676306,-0.989154099,1.555190096,0.164483039,0.540817122,0.830630102,1.465171645,-1.208493148,0.114240545,0.811655766,-0.449078412,-1.487130612,-0.94255602,48317.0588,116.5417199,48317.0588,116.5417199,969.5,1.878,-0.807
beltzvilleCombined,1203,0.206009355,0.620250195,-0.123040718,0.001840326,1.480474942,0.025743285,0.753806687,-0.398116305,1.466537214,-0.813642792,0.476398376,0.984940417,0.840227973,-1.49305052,-1.492372071,48317.0588,116.5417199,48317.0588,116.5417199,969.5,1.878,-0.807
beltzvilleCombined,1204,0.390804755,0.623701804,-0.009966975,-0.991112424,1.50484194,0.02511012,0.533158147,-0.372690538,1.472288636,1.477885647,0.469141714,0.818420225,0.733340388,-1.43132019,-0.795864918,48317.0588,116.5417199,48317.0588,116.5417199,969.5,1.878,-0.807
beltzvilleCombined,1205,0.152243464,0.767754774,-0.356376089,-0.709528941,1.565186577,0.056495869,0.821449025,0.740172129,1.536422818,1.22830434,0.416282642,0.688235903,0.955770753,-1.434523511,-0.006333324,48317.0588,116.5417199,48317.0588,116.5417199,969.5,1.878,-0.807
beltzvilleCombined,1206,0.254530869,0.617214079,-1.248322564,1.546186451,1.503519362,0.024786556,0.519826433,-0.306016865,1.43805978,1.4956336,0.46325747,0.816767667,0.894709438,-1.104790837,-0.964244308,48317.0588,116.5417199,48317.0588,116.5417199,969.5,1.878,-0.807
beltzvilleCombined,1207,0.270670797,0.766519772,-0.471025134,-0.949860342,1.470688184,0.054474615,0.519187411,0.68549981,1.569449802,-0.734384667,0.440781662,0.860531602,0.398363989,-1.283629841,-0.803764027,48317.0588,116.5417199,48317.0588,116.5417199,969.5,1.878,-0.807
beltzvilleCombined,1208,0.487700853,0.623515692,-0.473006084,1.452748778,0.495608618,0.024030763,0.760848488,-0.165915112,1.466446534,-0.600180579,0.424806645,0.679273416,0.8443595,-1.439182638,-1.518654053,48317.0588,116.5417199,48317.0588,116.5417199,969.5,1.878,-0.807
beltzvilleCombined,1209,0.106269754,0.783460724,-0.457791272,0.057971942,1.543958987,0.053982301,0.752356855,-0.444033869,1.569065662,0.689028213,0.44077888,0.863778514,0.389726918,-1.190916626,-0.944948464,48317.0588,116.5417199,48317.0588,116.5417199,969.5,1.878,-0.807
beltzvilleCombined,1210,0.15799455,0.658241844,-0.334505826,-0.53608585,1.534043702,0.055289677,0.516254192,-0.499823004,1.540946198,1.295599125,0.429229941,0.791447134,0.970237842,-1.447291596,-1.48969059,48317.0588,116.5417199,48317.0588,116.5417199,969.5,1.878,-0.807
beltzvilleCombined,1211,0.468536411,0.639575988,-0.498953217,-1.505462354,1.545952303,0.014317045,0.762944527,-1.22448094,1.485678405,1.421341034,0.449011462,0.691756661,-0.880769859,-1.187977095,-1.261357631,48317.0588,116.5417199,48317.0588,116.5417199,969.5,1.878,-0.807
beltzvilleCombined,1212,0.477755109,0.689547906,-0.382990585,-1.010419812,1.550601352,0.025111121,0.544441897,-0.374144779,1.462898606,1.426952743,0.440633029,0.629269552,0.781220984,-1.443694606,-1.542835521,48317.0588,116.5417199,48317.0588,116.5417199,969.5,1.878,-0.807
beltzvilleCombined,1213,0.457206573,0.607896436,-0.416454668,-0.062258325,1.504619002,0.020239263,0.730991838,-0.408041367,1.454866405,-1.404710546,0.444569482,0.968438594,0.35946297,-1.448960071,-0.335340448,48317.0588,116.5417199,48317.0588,116.5417199,969.5,1.878,-0.807
beltzvilleCombined,1214,0.384005413,0.623438593,-0.046005895,0.03745895,1.481058848,0.025746208,0.509820494,-0.534805466,1.465471467,-0.731695961,0.445578825,0.994886315,0.845836615,-1.453654492,-1.511391,48317.0588,116.5417199,48317.0588,116.5417199,969.5,1.878,-0.807
beltzvilleCombined,1215,0.153318593,0.629820072,-0.357111567,-1.032689107,1.473276699,0.030646916,0.517253451,-1.052008227,1.488315128,1.516228234,0.43530845,0.564959186,0.891575305,-1.435860181,-0.803758275,48317.0588,116.5417199,48317.0588,116.5417199,969.5,1.878,-0.807
beltzvilleCombined,1216,0.488444567,0.784129399,-0.12580798,-0.929946772,1.480146106,0.025674692,0.518130475,-0.400247332,1.467484163,-0.355868312,0.463203401,0.991693724,0.838556386,-1.44138041,-1.502166903,48317.0588,116.5417199,48317.0588,116.5417199,969.5,1.878,-0.807
beltzvilleCombined,1217,0.417350379,0.623614364,-0.080575052,-0.929579484,1.5678471,0.033922923,0.755406109,0.90413785,1.423721013,0.591283991,0.461088884,0.822666433,0.533935356,-1.063926902,-1.458781721,48317.0588,116.5417199,48317.0588,116.5417199,969.5,1.878,-0.807
beltzvilleCombined,1218,0.036856965,0.672938962,-0.471025134,-0.953523038,1.542033944,0.055150619,0.519187411,0.694726654,1.569449802,-0.741558524,0.440871907,0.863737651,0.398363989,-1.191072097,-0.806390364,48317.0588,116.5417199,48317.0588,116.5417199,969.5,1.878,-0.807
beltzvilleCombined,1219,0.186739035,0.779895088,1.254816504,-1.063378412,1.548928414,0.012083086,0.541937618,0.535346464,1.467487235,-0.59147822,0.047459726,0.636331276,1.01977511,-1.308198366,0.852380003,48317.0588,116.5417199,48317.0588,116.5417199,969.5,1.878,-0.807
beltzvilleCombined,1220,0.470863183,0.906172037,-0.606105217,-1.004667555,1.522642258,0.05389963,0.758562913,-0.478594454,1.569065662,0.674130039,0.411491031,0.863209432,0.423333885,-1.17189437,-1.457502988,48317.0588,116.5417199,48317.0588,116.5417199,969.5,1.878,-0.807
beltzvilleCombined,1221,0.081759568,0.76362085,-0.456065922,-1.079832816,-1.197554376,0.032150993,0.626326603,-1.443275768,1.540647846,1.539067445,0.427818523,0.769985564,0.38483735,-1.19587137,1.27644377,48317.0588,116.5417199,48317.0588,116.5417199,969.5,1.878,-0.807
beltzvilleCombined,1222,0.385862045,0.678189943,-0.046423261,-1.248502254,1.503014256,0.025411037,0.754007008,-0.371179736,1.46787814,-0.492614283,0.474580087,0.65914667,0.734566649,-1.438657903,-1.519410944,48317.0588,116.5417199,48317.0588,116.5417199,969.5,1.878,-0.807
beltzvilleCombined,1223,0.390739118,0.62362283,-1.007318635,-0.987944558,1.504839936,0.02511012,0.753987476,-0.371196409,1.471089052,-0.492570264,0.469597083,0.817741084,0.710760824,-1.431615542,-1.460478927,48317.0588,116.5417199,48317.0588,116.5417199,969.5,1.878,-0.807
beltzvilleCombined,1224,0.483216622,0.658241844,-0.152991203,-1.052875473,-0.001278105,0.05526169,0.516254192,-0.502551216,1.54106282,1.295599125,0.431088803,0.791447134,0.970237842,-1.447700866,-1.482691756,48317.0588,116.5417199,48317.0588,116.5417199,969.5,1.878,-0.807
beltzvilleCombined,1225,0.176504275,0.796472751,-0.406766297,-0.269044314,1.507734274,0.055362543,0.917830987,-0.371615836,1.529458639,-0.652305947,0.420372796,0.563730364,1.030336757,-1.470449933,-0.916712568,48317.0588,116.5417199,48317.0588,116.5417199,969.5,1.878,-0.807
beltzvilleCombined,1226,0.258003797,0.539493773,-0.077184745,-0.913909924,1.543097291,0.01324542,0.520997633,-0.662645307,1.465451458,-0.658306798,0.457186184,0.825024538,0.389159618,-1.1092035,-0.982635059,48317.0588,116.5417199,48317.0588,116.5417199,969.5,1.878,-0.807
beltzvilleCombined,1227,0.117315353,0.793764242,-0.454496433,0.010133194,-0.250591469,0.055418204,0.520218343,-0.106728943,1.541846335,1.5089892,0.427556479,0.510437865,0.964699346,-1.447663666,-0.028772601,48317.0588,116.5417199,48317.0588,116.5417199,969.5,1.878,-0.807
beltzvilleCombined,1228,0.021960898,0.618750089,0.001357436,-0.848805701,1.482047179,0.014078678,0.794301095,-1.14892238,1.485819403,0.581404259,0.23467612,0.507611416,-0.28989951,-1.36045887,0.633267044,48317.0588,116.5417199,48317.0588,116.5417199,969.5,1.878,-0.807
beltzvilleCombined,1229,0.230861032,0.931219316,-0.471060057,-0.52032797,1.543553538,0.054327623,0.526454145,-0.610899936,1.56894649,-0.31720952,0.436122825,0.86087111,0.429634796,-1.087704384,-1.094626818,48317.0588,116.5417199,48317.0588,116.5417199,969.5,1.878,-0.807
beltzvilleCombined,1230,0.3923745,0.627978505,-1.099241295,1.497848805,-0.901938543,0.025128889,0.505897102,-0.48699533,1.470591523,1.487540422,0.474907557,0.830414251,0.735986051,-1.44569843,-1.505010516,48317.0588,116.5417199,48317.0588,116.5417199,969.5,1.878,-0.807
beltzvilleCombined,1231,0.143585825,0.642083182,-0.504294925,-1.048126519,1.501005953,0.025671146,0.805356486,-0.398127397,1.46659743,-0.532743557,0.462295843,0.704094826,0.774166983,-1.436873681,-0.700260565,48317.0588,116.5417199,48317.0588,116.5417199,969.5,1.878,-0.807
beltzvilleCombined,1232,0.211047823,0.622199919,-0.648003192,-0.874216304,1.516231247,0.012642271,0.518510864,-0.471046986,1.460880038,0.49738897,0.446869456,0.787155308,0.448371865,-1.187772568,-1.414653736,48317.0588,116.5417199,48317.0588,116.5417199,969.5,1.878,-0.807
beltzvilleCombined,1233,0.365737903,0.576838305,-0.268511817,-1.161536078,1.543863331,0.027664728,0.660997207,-0.760618026,1.483988235,0.750657738,0.440617891,0.859848789,0.876196084,-1.488122039,-0.806522457,48317.0588,116.5417199,48317.0588,116.5417199,969.5,1.878,-0.807
beltzvilleCombined,1234,0.134194546,0.771357115,-0.842722462,-0.884614794,1.525945839,0.012662085,0.519787178,-0.453909676,1.46017052,-0.522376241,0.431100756,0.789629929,0.389768829,-1.425207294,-0.983825861,48317.0588,116.5417199,48317.0588,116.5417199,969.5,1.878,-0.807
beltzvilleCombined,1235,0.462620229,0.723987635,-0.454682816,-1.146133205,1.544968324,0.05526169,0.751278644,-0.49870797,1.537668196,-1.316219472,0.437330671,0.576095616,0.967865177,-1.447105166,-0.008677148,48317.0588,116.5417199,48317.0588,116.5417199,969.5,1.878,-0.807
beltzvilleCombined,1236,0.189108091,0.592457521,-0.075223131,-0.480443748,1.466682787,0.063863052,0.511831243,0.627050406,1.548168314,0.29421906,0.442911848,0.981126656,0.938910643,-1.449250882,0.324536544,48317.0588,116.5417199,48317.0588,116.5417199,969.5,1.878,-0.807
beltzvilleCombined,1237,0.153318593,0.795992152,-0.973905136,-0.80379823,1.49443111,0.030646916,0.517411945,-0.33898457,1.488884626,1.486761555,0.434784703,0.564625218,0.884079814,-1.436405908,-1.444898952,48317.0588,116.5417199,48317.0588,116.5417199,969.5,1.878,-0.807
beltzvilleCombined,1238,0.350863564,0.62362283,-0.046418895,-1.111549254,1.480474942,0.025282213,0.753981027,-0.423423476,1.468186561,-0.465925183,0.474907557,0.864657677,0.8443595,-1.518018984,-0.929435401,48317.0588,116.5417199,48317.0588,116.5417199,969.5,1.878,-0.807
beltzvilleCombined,1239,0.484075052,0.795975574,-0.072413034,-1.073818148,-0.718164801,0.030646916,0.755887356,-0.33898457,1.488258585,1.486761555,0.426856299,0.523993897,0.884079814,-1.436405908,-1.497924487,48317.0588,116.5417199,48317.0588,116.5417199,969.5,1.878,-0.807
beltzvilleCombined,1240,0.307629148,0.621156552,-0.93829396,1.537379436,1.564269392,0.013631053,0.753205533,-0.394085509,1.438726213,-0.651637721,0.38656543,0.822702347,0.851224005,-1.287678179,-0.985282543,48317.0588,116.5417199,48317.0588,116.5417199,969.5,1.878,-0.807
beltzvilleCombined,1241,0.496812011,0.666442082,-0.119918137,-0.27804232,1.355497841,0.047206752,0.554338199,-0.060836493,1.535374332,1.479036566,0.424850369,0.792307347,0.967739942,-1.515752334,0.660935186,48317.0588,116.5417199,48317.0588,116.5417199,969.5,1.878,-0.807
beltzvilleCombined,1242,0.11640017,0.796341873,-0.154832545,-1.023987713,1.534624235,0.05526169,0.512909045,-0.921487572,1.54106282,-0.38091747,0.431088803,0.791447134,0.970237842,-1.448044505,-1.520111536,48317.0588,116.5417199,48317.0588,116.5417199,969.5,1.878,-0.807
beltzvilleCombined,1243,0.492343638,0.758095091,-0.36272111,0.729269292,1.521652265,0.012941366,0.522075108,-0.281505196,1.472829858,0.48641673,0.041458366,0.764031887,0.082916742,-1.446103684,0.565633197,48317.0588,116.5417199,48317.0588,116.5417199,969.5,1.878,-0.807
beltzvilleCombined,1244,0.012473779,0.712839045,-0.391188007,-1.216445074,1.548202628,0.057188892,0.899154742,0.684402644,1.529811847,-0.652305947,0.435007484,0.883583368,0.979387754,-1.470752026,-0.916712568,48317.0588,116.5417199,48317.0588,116.5417199,969.5,1.878,-0.807
beltzvilleCombined,1245,0.391724789,0.811138403,-0.501158059,0.109843823,1.467091816,0.025426708,0.7559021,-0.276334046,1.47051267,-0.65492772,0.477264725,0.852205365,0.730870049,-1.446179718,-1.524390223,48317.0588,116.5417199,48317.0588,116.5417199,969.5,1.878,-0.807
beltzvilleCombined,1246,0.48683113,0.793764242,-0.454589569,-0.734393506,1.441303557,0.05526169,0.516305059,-0.11230611,1.541846335,1.295426383,0.427556479,0.751884907,0.968599633,-1.447700866,-0.005716135,48317.0588,116.5417199,48317.0588,116.5417199,969.5,1.878,-0.807
beltzvilleCombined,1247,0.488330817,0.787937743,-0.151288253,0.001840326,1.480474942,0.025678018,0.753806687,-0.400247332,1.466778375,-0.766926258,0.464744159,0.991654998,0.8443595,-1.453654725,-1.493131475,48317.0588,116.5417199,48317.0588,116.5417199,969.5,1.878,-0.807
beltzvilleCombined,1248,0.358667024,0.766071791,-0.314880801,-0.382882473,1.542953602,0.054474615,0.519187411,0.701702941,1.568958778,-0.73419831,0.440781662,0.863785135,0.398275454,-1.189777709,-0.803764027,48317.0588,116.5417199,48317.0588,116.5417199,969.5,1.878,-0.807
beltzvilleCombined,1249,0.48683113,0.655075578,-0.454589569,-0.545416475,-0.663699366,0.05526169,0.516305059,-0.11230611,1.541846335,-1.538603371,0.427556479,0.751884907,0.968599633,-1.447700866,-0.005716135,48317.0588,116.5417199,48317.0588,116.5417199,969.5,1.878,-0.807
beltzvilleCombined,1250,0.443983512,0.629280776,-0.156023444,0.053228278,1.499604266,0.025592971,0.508270645,0.232158843,1.46659743,0.514396854,0.466924017,0.990907428,0.821492475,-1.496995108,-1.460475016,48317.0588,116.5417199,48317.0588,116.5417199,969.5,1.878,-0.807
beltzvilleCombined,1251,0.396368738,0.909433799,-0.435423627,0.084942886,-1.428759119,0.048456433,0.556249287,-0.059220981,1.535827873,1.479036566,0.427014729,0.541340155,0.959460363,-1.515752334,-1.04152956,48317.0588,116.5417199,48317.0588,116.5417199,969.5,1.878,-0.807
beltzvilleCombined,1252,0.390739118,0.62362283,-0.046262313,1.538993351,1.503014256,0.025411037,0.753987476,-0.370898992,1.471217662,-1.536719027,0.469518032,0.817741084,0.734566649,-1.430821546,-1.519410944,48317.0588,116.5417199,48317.0588,116.5417199,969.5,1.878,-0.807
beltzvilleCombined,1253,0.073599765,0.829539706,-0.154832545,-1.052875473,1.534624235,0.05526169,0.512909045,-0.891393274,1.54106282,-0.38091747,0.431088803,0.703857824,0.970237842,-1.447332064,-1.520111536,48317.0588,116.5417199,48317.0588,116.5417199,969.5,1.878,-0.807
beltzvilleCombined,1254,0.177053178,0.768746179,-0.391188007,-1.216445074,1.548202628,0.057188892,0.899154742,0.684402644,1.529811847,-0.652305947,0.435007484,0.883583368,0.979387754,-1.470752026,0.964089203,48317.0588,116.5417199,48317.0588,116.5417199,969.5,1.878,-0.807
beltzvilleCombined,1255,0.378832436,0.625992845,0.896587078,-1.261804984,1.568124103,0.052223179,0.804999797,1.354503188,1.482315859,1.402113525,0.379902965,0.698546416,0.23776181,-1.438855729,-1.420304573,48317.0588,116.5417199,48317.0588,116.5417199,969.5,1.878,-0.807
beltzvilleCombined,1256,0.11640017,0.928718896,-0.154832545,-1.052875473,1.534624235,0.05526169,0.529577378,-0.891393274,1.54106282,-0.38091747,0.431088803,0.791447134,0.970237842,-1.448044505,-1.520111536,48317.0588,116.5417199,48317.0588,116.5417199,969.5,1.878,-0.807
beltzvilleCombined,1257,0.488169338,0.602962226,-0.133309587,-0.891047038,1.517522255,0.02755299,0.518269178,-0.400247332,1.467754334,-0.766926258,0.474907557,0.773796884,0.8443595,-1.49305052,0.053488696,48317.0588,116.5417199,48317.0588,116.5417199,969.5,1.878,-0.807
beltzvilleCombined,1258,0.396368738,0.909433799,-0.041286028,0.084942886,-0.146574121,0.048456433,0.556249287,-0.059220981,1.535827873,1.479036566,0.427014729,0.541340155,0.959460363,-1.515752334,-1.04152956,48317.0588,116.5417199,48317.0588,116.5417199,969.5,1.878,-0.807
beltzvilleCombined,1259,0.483216622,0.715232021,-0.140435828,-1.223941234,1.534167316,0.05526169,0.516254192,-0.502551216,1.540802775,1.295599125,0.427596523,0.791447134,0.971031669,-1.447713782,-1.482691756,48317.0588,116.5417199,48317.0588,116.5417199,969.5,1.878,-0.807
beltzvilleCombined,1260,0.036856965,0.690274375,-0.471025134,-0.953400004,1.54591914,0.055150619,0.519187411,0.694726654,1.569449802,-0.741558524,0.435318496,0.863785135,0.398363989,-1.191072097,-1.232752846,48317.0588,116.5417199,48317.0588,116.5417199,969.5,1.878,-0.807
beltzvilleCombined,1261,0.113182627,0.63267109,-0.365330501,-1.033092242,1.421132453,0.030569047,0.516887782,-0.615757298,1.488884626,1.516384591,0.426897055,0.795816268,0.871909375,-1.436367039,-0.854775981,48317.0588,116.5417199,48317.0588,116.5417199,969.5,1.878,-0.807
beltzvilleCombined,1262,0.117477312,0.62362283,-0.144377708,-0.987944558,1.533224449,0.02511012,0.753987476,-0.371196409,1.471089052,-0.382375476,0.469597083,0.817741084,0.710760824,-1.431615542,-1.460478927,48317.0588,116.5417199,48317.0588,116.5417199,969.5,1.878,-0.807
beltzvilleCombined,1263,0.01689253,0.622173002,-0.396368932,-0.987209396,1.52332483,0.012467706,0.513738181,-0.359096409,1.463016226,1.524005768,0.424723659,0.78723024,0.416743904,-1.432196718,-0.10489396,48317.0588,116.5417199,48317.0588,116.5417199,969.5,1.878,-0.807
beltzvilleCombined,1264,0.473845651,0.623434587,-0.026055191,1.538444044,1.49081333,0.025056841,0.635979156,-0.400247332,1.467365591,-0.46336649,0.46479987,0.56181784,0.816610138,-1.453706276,-0.039868691,48317.0588,116.5417199,48317.0588,116.5417199,969.5,1.878,-0.807
beltzvilleCombined,1265,0.490094407,0.779895088,-0.548106474,0.985202931,1.562379339,0.014597938,0.502955195,-0.375670361,1.467487235,-0.59147822,0.447056081,0.778260403,0.432293779,-1.308198366,-0.696449464,48317.0588,116.5417199,48317.0588,116.5417199,969.5,1.878,-0.807
beltzvilleCombined,1266,0.171272195,0.64011428,-0.33203223,-0.952122048,1.442397097,0.054474615,0.942263006,-0.662645307,1.569446539,1.371122869,0.460797559,0.565013806,0.391160056,-1.172366101,-0.933729925,48317.0588,116.5417199,48317.0588,116.5417199,969.5,1.878,-0.807
beltzvilleCombined,1267,0.460521208,0.621968537,-0.494645541,0.835772954,1.516231247,0.026025214,0.518510864,-0.415520591,1.460880038,0.49738897,0.446869456,0.849074008,0.503009876,-1.187772568,0.014480522,48317.0588,116.5417199,48317.0588,116.5417199,969.5,1.878,-0.807
beltzvilleCombined,1268,0.211047823,0.622199919,-0.648003192,-0.874216304,1.516231247,0.012642271,0.518510864,-0.398590971,1.460880038,0.49738897,0.41084616,0.787155308,0.448371865,-1.187772568,-1.414653736,48317.0588,116.5417199,48317.0588,116.5417199,969.5,1.878,-0.807
beltzvilleCombined,1269,0.470411726,0.69693203,-0.384467714,-1.33917085,1.550601352,0.025111121,0.544441897,-0.389709583,1.462898606,1.426952743,0.44877025,0.629269552,0.781220984,-1.443694606,-1.56809283,48317.0588,116.5417199,48317.0588,116.5417199,969.5,1.878,-0.807
beltzvilleCombined,1270,0.152200971,0.620435705,-0.072413034,-1.037743174,0.063486836,0.030646916,0.517253451,-0.733974916,1.488884626,1.517209106,0.434784703,0.548888803,0.884915259,-1.435333115,-0.024137504,48317.0588,116.5417199,48317.0588,116.5417199,969.5,1.878,-0.807
beltzvilleCombined,1271,0.01689253,0.622173002,-1.113746654,-0.884614794,1.52332483,0.012467706,0.513738181,-0.419911624,1.463016226,1.524005768,0.424723659,0.78723024,0.416743904,-1.432196718,-0.10489396,48317.0588,116.5417199,48317.0588,116.5417199,969.5,1.878,-0.807
beltzvilleCombined,1272,0.443983512,0.629280776,-0.156023444,0.053228278,1.499604266,0.025592971,0.508270645,-0.398110817,1.46659743,-1.473686773,0.466924017,0.990907428,0.821492475,-1.496995108,-1.460475016,48317.0588,116.5417199,48317.0588,116.5417199,969.5,1.878,-0.807
beltzvilleCombined,1273,0.49092461,0.819475697,-0.497536849,0.888657722,-0.985805071,0.056135613,0.735968927,-0.457444197,1.555997593,-0.765614537,0.429265904,0.863534786,0.902855035,-1.431227835,0.019684772,48317.0588,116.5417199,48317.0588,116.5417199,969.5,1.878,-0.807
beltzvilleCombined,1274,0.330033825,0.611819278,-1.04257502,-0.806466438,1.553987989,0.014005722,0.550377008,-0.324579453,1.482295997,0.343960692,0.138191046,0.802920825,-0.324562035,-0.67359889,-1.434199037,48317.0588,116.5417199,48317.0588,116.5417199,969.5,1.878,-0.807
beltzvilleCombined,1275,0.162926074,0.854186371,-0.50026476,-0.536680209,1.534804801,0.055289677,0.515942858,-0.502551216,1.541976943,1.544938077,0.431088803,0.791447134,0.970318523,-1.447291596,-1.479392952,48317.0588,116.5417199,48317.0588,116.5417199,969.5,1.878,-0.807
beltzvilleCombined,1276,0.48023944,0.826800181,-0.452133146,-1.273126813,1.562088699,0.02464731,0.510727148,-0.386835905,1.485462537,-0.673640649,0.429635605,0.975742044,0.721680374,-1.49759432,-1.460475016,48317.0588,116.5417199,48317.0588,116.5417199,969.5,1.878,-0.807
beltzvilleCombined,1277,0.270681643,0.622130641,-0.150880011,-0.689571131,1.517377402,0.011900262,0.51824004,0.722720245,1.460867858,0.687780848,0.441947581,0.860195375,0.093171501,-1.444491082,-1.410203848,48317.0588,116.5417199,48317.0588,116.5417199,969.5,1.878,-0.807
beltzvilleCombined,1278,0.485754969,0.626570814,-0.36029894,0.001840326,1.289103434,0.026742197,0.55149327,-0.372545958,1.472056033,0.159581953,0.443558694,0.994871505,0.838556386,-1.44138041,-0.494720046,48317.0588,116.5417199,48317.0588,116.5417199,969.5,1.878,-0.807
beltzvilleCombined,1279,0.219070745,0.775729596,-0.025211019,-0.837224596,1.549468519,0.024864069,0.74291228,-0.648316025,1.471223717,0.415104514,0.423345968,0.860148048,0.862106058,-1.49900487,-1.475911475,48317.0588,116.5417199,48317.0588,116.5417199,969.5,1.878,-0.807
beltzvilleCombined,1280,0.171272195,0.766067354,-0.456783627,-0.950050139,0.935992133,0.054474615,0.917067252,-0.662645307,1.569446539,-0.658306798,0.456948268,0.554456172,0.389400811,-1.187215945,-0.932898027,48317.0588,116.5417199,48317.0588,116.5417199,969.5,1.878,-0.807
beltzvilleCombined,1281,0.11640017,0.796341873,-0.154832545,-1.052875473,-1.192503528,0.055305952,0.512909045,-0.371067469,1.539609517,1.316594605,0.431088803,0.587232393,0.970237842,-1.448506883,-1.520111536,48317.0588,116.5417199,48317.0588,116.5417199,969.5,1.878,-0.807
beltzvilleCombined,1282,0.258066537,0.784129399,-0.123040718,0.001840326,1.480146106,0.025743285,0.510429782,-0.400247332,1.467484163,-0.766926258,0.44353376,0.994925041,0.838556386,-1.44138041,-1.501841383,48317.0588,116.5417199,48317.0588,116.5417199,969.5,1.878,-0.807
beltzvilleCombined,1283,0.473696486,0.757445747,-0.493420075,-0.016566137,1.549459762,0.025313645,0.541659748,-0.650060918,1.472023718,1.459598509,0.429895248,0.566132608,0.846258612,-1.409419886,-1.482566323,48317.0588,116.5417199,48317.0588,116.5417199,969.5,1.878,-0.807
beltzvilleCombined,1284,0.388837565,0.763852129,-0.031686396,0.092055033,1.494938076,0.025050715,0.753987476,-0.670563852,1.470691275,-0.493604567,0.469597083,0.817414658,0.729970501,-1.431618437,-1.460478927,48317.0588,116.5417199,48317.0588,116.5417199,969.5,1.878,-0.807
beltzvilleCombined,1285,0.484674101,0.630959547,-0.048121275,1.528556113,1.56821328,0.025060037,0.993644821,-0.301972783,1.467661627,-0.461361832,0.43537017,0.582071015,0.8443595,-1.428936881,-1.473481067,48317.0588,116.5417199,48317.0588,116.5417199,969.5,1.878,-0.807
beltzvilleCombined,1286,0.341956001,0.630211605,-0.391608317,-0.872700012,1.516419794,0.012642271,0.518479183,-0.368119012,1.46094254,1.467070445,0.421887277,0.798080489,0.416743904,-1.187772568,-0.04287605,48317.0588,116.5417199,48317.0588,116.5417199,969.5,1.878,-0.807
beltzvilleCombined,1287,0.473607548,0.64274705,-0.466423264,-0.875705481,1.516231247,0.012639909,0.544843649,-0.398032641,1.458546917,0.463007953,0.4253423,0.787235547,0.421315703,-1.187964599,-1.414653736,48317.0588,116.5417199,48317.0588,116.5417199,969.5,1.878,-0.807
beltzvilleCombined,1288,0.480026955,0.570586966,-0.534953062,0.001909019,1.503711478,0.025776989,0.732772462,-0.400247332,1.467484163,-0.870059518,0.446429324,0.813368542,0.844790514,-1.44284581,-1.448706541,48317.0588,116.5417199,48317.0588,116.5417199,969.5,1.878,-0.807
beltzvilleCombined,1289,0.421356793,0.768013135,-0.294914023,-1.038984897,1.548928414,0.012083086,0.547306263,-0.387556645,1.472665228,-0.656555786,0.057337502,0.818097972,0.430597854,-1.308181907,-1.496291706,48317.0588,116.5417199,48317.0588,116.5417199,969.5,1.878,-0.807
beltzvilleCombined,1290,0.471936054,0.769063416,-0.34951725,-1.134708308,1.46377926,0.056133076,0.545562848,0.742115938,1.536422818,-0.910696294,0.416389622,0.811544057,0.955770753,-1.434473801,-0.006241332,48317.0588,116.5417199,48317.0588,116.5417199,969.5,1.878,-0.807
beltzvilleCombined,1291,0.148708023,0.614060207,-0.454106703,-0.87377671,0.102033244,0.055071808,0.530248879,-0.627180009,1.541706109,1.473075378,0.436190359,0.596642929,0.968577687,-1.447172392,-0.836645973,48317.0588,116.5417199,48317.0588,116.5417199,969.5,1.878,-0.807
beltzvilleCombined,1292,0.190319092,0.792136635,-0.605275401,-0.836312352,1.500436005,0.024413507,0.542760563,-0.642017021,1.470917527,0.421241767,0.425285756,0.972544974,0.872011664,-1.450411761,-1.482397891,48317.0588,116.5417199,48317.0588,116.5417199,969.5,1.878,-0.807
beltzvilleCombined,1293,0.134194546,0.564803277,-0.396368932,-0.884614794,1.526192604,0.012590883,0.754859749,-0.261257163,1.4598126,1.4665167,0.465411397,0.817119315,0.416743904,-1.421261002,1.069688997,48317.0588,116.5417199,48317.0588,116.5417199,969.5,1.878,-0.807
beltzvilleCombined,1294,0.40920743,0.623434587,-0.026055191,1.492904708,1.49081333,0.025056841,0.644889879,-0.400247332,1.467365591,-0.46336649,0.46479987,0.699273121,0.8443595,-1.460367976,-0.039868691,48317.0588,116.5417199,48317.0588,116.5417199,969.5,1.878,-0.807
beltzvilleCombined,1295,0.485754969,0.626570814,0.010083345,0.001840326,1.506195269,0.026742197,0.55149327,-0.372545958,1.472056033,0.159581953,0.443558694,0.994871505,0.838556386,-1.517974222,-1.501841383,48317.0588,116.5417199,48317.0588,116.5417199,969.5,1.878,-0.807
beltzvilleCombined,1296,0.163383845,0.627995085,-0.152754962,-1.046873305,1.501835562,0.025668957,0.75380556,-0.400247332,1.46965845,-0.748601857,0.474850919,0.936229793,0.812157189,-1.517967433,-0.815566055,48317.0588,116.5417199,48317.0588,116.5417199,969.5,1.878,-0.807
beltzvilleCombined,1297,0.270670797,0.624234869,-0.314843543,-0.570290834,1.542953602,0.054474615,0.768278713,0.701702941,1.568958778,-0.717922528,0.440323153,0.862911764,0.398275454,-1.189777709,-0.803764027,48317.0588,116.5417199,48317.0588,116.5417199,969.5,1.878,-0.807
beltzvilleCombined,1298,0.125388659,0.954962715,-0.373073536,-0.998044594,1.533664626,0.055300362,0.696496199,-0.463038738,1.538366214,0.761882735,0.461884291,0.97636404,0.977687293,-1.523939373,-1.399698327,48317.0588,116.5417199,48317.0588,116.5417199,969.5,1.878,-0.807
beltzvilleCombined,1299,0.298902633,0.62362283,-0.450543322,-0.795349007,1.480474942,0.025282213,0.753981027,-0.400247332,1.468186561,-0.465925183,0.474907557,0.864657677,0.8443595,-1.518018984,-0.925094595,48317.0588,116.5417199,48317.0588,116.5417199,969.5,1.878,-0.807
beltzvilleCombined,1300,0.493249709,0.747880142,-0.119918137,-1.270993285,1.355497841,0.047206752,0.556249287,0.26800576,1.535360618,1.479036566,0.424850369,0.544742353,0.904108071,-1.515752334,-1.04392855,48317.0588,116.5417199,48317.0588,116.5417199,969.5,1.878,-0.807
beltzvilleCombined,1301,0.492513334,0.62219941,-1.01102811,-0.874216304,1.543789663,0.007750974,0.518500487,-0.398590971,1.460919322,0.485048502,0.293634808,0.789433006,-0.628962675,-0.9440353,-1.445677662,48317.0588,116.5417199,48317.0588,116.5417199,969.5,1.878,-0.807
beltzvilleCombined,1302,0.11640017,0.796341873,-0.152991203,-0.713702731,1.534624235,0.05526169,0.516254192,0.01515784,1.542085723,1.295599125,0.431088803,0.980011746,0.948086417,-1.447700866,-1.482691756,48317.0588,116.5417199,48317.0588,116.5417199,969.5,1.878,-0.807
beltzvilleCombined,1303,0.468536411,0.638916217,-0.087019981,-1.149510483,1.546738469,0.02511012,0.753987476,0.059859719,1.471220187,1.524879991,0.466877488,0.707269399,0.705791049,-1.434819039,-1.277025962,48317.0588,116.5417199,48317.0588,116.5417199,969.5,1.878,-0.807
beltzvilleCombined,1304,0.471053727,0.783908705,-0.457791272,0.057971942,-0.387122288,0.054122889,0.752356855,0.625481622,1.568581546,0.485284134,0.44077888,0.86052498,0.389726918,-1.519490379,-0.944948464,48317.0588,116.5417199,48317.0588,116.5417199,969.5,1.878,-0.807
beltzvilleCombined,1305,0.309183191,0.623362264,-0.466251215,0.025903395,1.516231247,0.012639909,0.518510864,-0.398032641,1.458511516,0.545725101,0.447321932,0.785653294,0.173151828,-1.187964599,-0.921920763,48317.0588,116.5417199,48317.0588,116.5417199,969.5,1.878,-0.807
beltzvilleCombined,1306,0.484277797,0.638152909,-0.305480596,-0.858245244,1.54114214,0.027836631,0.795950019,-0.844376989,1.470611618,-0.683997289,0.459574621,0.815026054,0.851952474,-1.431607164,-0.738082445,48317.0588,116.5417199,48317.0588,116.5417199,969.5,1.878,-0.807
beltzvilleCombined,1307,0.390739118,0.62362283,-0.046418895,1.538993351,-0.2935333,0.025426708,0.753987476,0.344868069,1.470972665,-0.492614283,0.464787338,0.516638386,0.734565548,-1.428098444,-1.519355737,48317.0588,116.5417199,48317.0588,116.5417199,969.5,1.878,-0.807
beltzvilleCombined,1308,0.484427573,0.626554896,-0.04454943,0.018419762,1.568124103,0.052223179,0.80093888,1.343697431,1.401194661,0.12141663,0.385069405,0.696048817,0.247688635,-1.421364935,1.440852471,48317.0588,116.5417199,48317.0588,116.5417199,969.5,1.878,-0.807
beltzvilleCombined,1309,0.490283375,0.62362283,-0.305451972,1.452748778,-0.880633563,0.02504778,0.75584331,-0.165782394,1.471171197,-0.689290066,0.413345766,0.700098891,0.8443595,-1.417461165,-1.292571586,48317.0588,116.5417199,48317.0588,116.5417199,969.5,1.878,-0.807
beltzvilleCombined,1310,0.470863183,0.807076153,-0.466289978,-0.002577032,-0.539984679,0.053982301,0.772787224,0.688844263,1.569065662,0.689028213,0.440781662,0.86052498,0.389726918,-1.510903801,-0.944948464,48317.0588,116.5417199,48317.0588,116.5417199,969.5,1.878,-0.807
beltzvilleCombined,1311,0.153318593,0.629820072,-0.072413034,-0.093698308,1.473280403,0.025788913,0.517253451,-1.036238525,1.467441223,1.541848642,0.434784703,0.564959186,0.891575305,-1.435860181,-0.802549208,48317.0588,116.5417199,48317.0588,116.5417199,969.5,1.878,-0.807
beltzvilleCombined,1312,0.48061991,0.793764242,-0.454589569,-0.696198926,1.444635982,0.062505881,0.516305059,0.806217891,1.54036769,1.295426383,0.429202692,0.996786185,0.969340041,-1.440689739,-1.372062454,48317.0588,116.5417199,48317.0588,116.5417199,969.5,1.878,-0.807
beltzvilleCombined,1313,0.49092461,0.819475697,-0.50034399,0.888657722,1.464730534,0.056135613,0.735968927,-0.457444197,1.555997593,-0.765614537,0.429265904,0.863534786,0.902855035,-1.431227835,0.019684772,48317.0588,116.5417199,48317.0588,116.5417199,969.5,1.878,-0.807
beltzvilleCombined,1314,0.477755109,0.689547906,-0.382990585,-1.010419812,1.550601352,0.025111121,0.633596077,0.737899604,1.462898606,1.426952743,0.440633029,0.621821966,0.781220984,-1.443694606,-1.542835521,48317.0588,116.5417199,48317.0588,116.5417199,969.5,1.878,-0.807
beltzvilleCombined,1315,0.286672384,0.60208632,-1.404595784,-0.944783989,1.555286584,0.009736297,0.525059679,-0.337598445,1.432751581,-0.944056232,0.444529124,0.580454537,0.505358489,-1.091467036,-1.499104696,48317.0588,116.5417199,48317.0588,116.5417199,969.5,1.878,-0.807
beltzvilleCombined,1316,0.400668367,0.52904889,-0.501158059,1.063970602,1.5623179,0.025426708,0.750689188,0.334011794,1.466800083,1.562426956,0.464787338,0.787729293,0.780141309,-1.445646854,-1.530898245,48317.0588,116.5417199,48317.0588,116.5417199,969.5,1.878,-0.807
beltzvilleCombined,1317,0.228678878,0.625279361,-0.048379441,-0.872700012,1.516940649,0.015738261,0.849312597,-0.028177916,1.460880038,-0.635041733,0.425699764,0.787155308,0.412178023,-1.458145014,-0.818191788,48317.0588,116.5417199,48317.0588,116.5417199,969.5,1.878,-0.807
beltzvilleCombined,1318,0.083665387,0.768110201,-0.251014509,-1.112885608,-1.244968255,0.054927252,0.515472327,-0.393706398,1.570771958,-0.652077659,0.447419158,0.86052498,0.41554655,-1.002088211,-0.946865394,48317.0588,116.5417199,48317.0588,116.5417199,969.5,1.878,-0.807
beltzvilleCombined,1319,0.485754969,0.626570814,-0.098950048,-0.076458636,1.506195269,0.026742197,0.55149327,-0.372545958,1.472056033,0.159581953,0.443558694,0.994871505,0.838556386,-1.44138041,-1.501841383,48317.0588,116.5417199,48317.0588,116.5417199,969.5,1.878,-0.807
beltzvilleCombined,1320,0.390739118,0.62362283,-0.046423261,-0.499942384,1.503014256,0.025411037,0.754007008,-0.371179736,1.471217662,-0.492614283,0.474580087,0.800337388,0.734566649,-1.441821332,-1.519410944,48317.0588,116.5417199,48317.0588,116.5417199,969.5,1.878,-0.807
beltzvilleCombined,1321,0.135996447,0.815349763,-0.471060057,-0.52032797,1.543553538,0.054327623,0.596229974,-0.610899936,1.56894649,-0.052121195,0.436122825,0.86087111,0.429634796,-1.087704384,-0.803764027,48317.0588,116.5417199,48317.0588,116.5417199,969.5,1.878,-0.807
beltzvilleCombined,1322,0.480026955,0.698157508,-0.534953062,-0.937070464,-0.987384534,0.030634992,0.732772462,-0.400247332,1.488927566,-0.963145588,0.446429324,0.813368542,0.844790514,-1.44284581,-1.448706541,48317.0588,116.5417199,48317.0588,116.5417199,969.5,1.878,-0.807
beltzvilleCombined,1323,0.208081597,0.658241844,0.00791122,-0.536680209,-0.079361666,0.055289677,0.516254192,-0.502551216,1.540946198,1.295599125,0.431088803,0.538784511,0.970237842,-1.447291596,-1.482691756,48317.0588,116.5417199,48317.0588,116.5417199,969.5,1.878,-0.807
beltzvilleCombined,1324,0.484123172,0.864788987,-0.505623327,-0.902477049,1.543261577,0.025298531,0.531351126,-0.350875415,1.470581128,-0.896924802,0.433335997,0.790360414,0.923091808,-1.549399719,-0.904235053,48317.0588,116.5417199,48317.0588,116.5417199,969.5,1.878,-0.807
beltzvilleCombined,1325,0.331374486,0.611530748,-0.026109914,-0.947560851,1.548319951,0.231902955,0.746547295,1.33469674,1.429232303,-1.175908413,0.052456153,0.786122451,-0.527975191,-1.110675273,-1.46262846,48317.0588,116.5417199,48317.0588,116.5417199,969.5,1.878,-0.807
beltzvilleCombined,1326,0.449266929,0.621616595,-1.020627601,-1.035809492,1.548464895,0.030602401,0.51686128,-0.615757298,1.488884626,1.516351364,0.426897055,0.802226317,0.885728866,-1.433096815,-1.01648326,48317.0588,116.5417199,48317.0588,116.5417199,969.5,1.878,-0.807
beltzvilleCombined,1327,0.206009355,0.897223124,-1.169547806,-0.030056607,1.480474942,0.025743285,0.753806687,-0.400247332,1.467484163,-0.766926258,0.479288868,0.991654998,0.8443595,-1.518313509,-1.492397663,48317.0588,116.5417199,48317.0588,116.5417199,969.5,1.878,-0.807
beltzvilleCombined,1328,0.477724359,0.819589243,-0.504140952,-0.955838167,1.464730534,0.05651677,0.516210951,-0.457444197,1.55535663,1.282846247,0.434234698,0.865789815,0.899485546,-1.447786558,0.071885927,48317.0588,116.5417199,48317.0588,116.5417199,969.5,1.878,-0.807
beltzvilleCombined,1329,0.489462203,0.639173996,-0.371090634,1.085710637,1.56249154,0.015056308,0.752084127,-0.672835602,1.470961939,1.498026845,0.424837444,0.815290172,-0.795234,-1.439959403,-0.802380248,48317.0588,116.5417199,48317.0588,116.5417199,969.5,1.878,-0.807
beltzvilleCombined,1330,0.48503991,0.960683136,-0.322253859,0.717932954,1.534027843,0.014019828,0.619812115,-0.096047482,1.46995842,1.283254822,0.34822749,0.846331597,0.416527731,-1.196235064,-0.69638741,48317.0588,116.5417199,48317.0588,116.5417199,969.5,1.878,-0.807
beltzvilleCombined,1331,0.495960449,0.853729877,-0.324678885,-0.87085313,1.46654194,0.063391686,0.774169508,-1.11825988,1.547739789,-1.466801663,0.442911897,0.777870316,1.01060541,-1.491269406,0.286257443,48317.0588,116.5417199,48317.0588,116.5417199,969.5,1.878,-0.807
beltzvilleCombined,1332,0.479018361,0.596507888,-1.462667067,-0.810199412,1.473280403,0.026674454,0.539594023,-0.830357963,1.488017091,-0.706431961,0.434710664,0.964008185,0.844460162,-1.452499393,-0.776795395,48317.0588,116.5417199,48317.0588,116.5417199,969.5,1.878,-0.807
beltzvilleCombined,1333,0.228678878,0.625279361,-0.048379441,-0.872700012,1.516940649,0.015738261,0.750534635,-0.457396471,1.460880038,-0.635041733,0.477341016,0.787155308,0.412178023,-0.970023643,-0.818191788,48317.0588,116.5417199,48317.0588,116.5417199,969.5,1.878,-0.807
beltzvilleCombined,1334,0.270670797,0.624234869,-0.314843543,-0.948865542,-0.055526214,0.054474615,0.768278713,0.701702941,1.568958778,-0.717922528,0.440323153,0.862911764,0.398275454,-1.189777709,-0.803764027,48317.0588,116.5417199,48317.0588,116.5417199,969.5,1.878,-0.807
beltzvilleCombined,1335,0.25382014,0.817803303,-0.255489996,-1.225864852,1.528697251,0.055527596,0.516309711,-1.177090538,1.555633386,1.306732515,0.428157557,0.863534786,0.902855035,-1.448202941,0.019187292,48317.0588,116.5417199,48317.0588,116.5417199,969.5,1.878,-0.807
beltzvilleCombined,1336,0.215268603,0.919375399,0.171458351,-1.020611419,-1.453537121,0.061804693,0.846827063,-1.317083199,1.553100345,1.48066101,0.432715951,0.844305247,1.021250592,-1.483299992,-1.539719392,48317.0588,116.5417199,48317.0588,116.5417199,969.5,1.878,-0.807
beltzvilleCombined,1337,0.205736584,0.810180472,-0.044397328,-1.032515045,1.543128502,0.056714833,0.50914366,0.752051238,1.536539441,1.57004857,0.436360585,0.581677929,0.912927974,-1.416881141,-0.060868496,48317.0588,116.5417199,48317.0588,116.5417199,969.5,1.878,-0.807
beltzvilleCombined,1338,0.47832146,0.766067354,-0.456820329,-0.911875125,1.442397097,0.054474615,0.519642597,-0.662645307,1.570148362,-0.658306798,0.457186184,0.565013806,0.389726918,-1.1092035,-0.932898027,48317.0588,116.5417199,48317.0588,116.5417199,969.5,1.878,-0.807
beltzvilleCombined,1339,0.449871305,0.776334949,-0.305765883,-0.97774881,1.54857081,0.01222478,0.550332329,0.321066566,1.471464971,1.020358006,0.431150327,0.828225579,-0.702953696,-1.431489864,-0.789828053,48317.0588,116.5417199,48317.0588,116.5417199,969.5,1.878,-0.807
beltzvilleCombined,1340,0.390482443,0.632157119,-0.514351513,1.535727305,-0.2935333,0.025426708,0.539469433,0.344868069,1.470972665,-0.978928582,0.464787338,0.641804126,0.727775737,-1.425077364,0.584029799,48317.0588,116.5417199,48317.0588,116.5417199,969.5,1.878,-0.807
beltzvilleCombined,1341,0.355504976,0.921804617,-0.37919809,-0.998044594,1.533664626,0.055063948,0.537100731,-0.463038738,1.538366214,0.761882735,0.462389091,0.960942024,0.977687293,-1.523939373,-1.399698327,48317.0588,116.5417199,48317.0588,116.5417199,969.5,1.878,-0.807
beltzvilleCombined,1342,0.148748449,0.629280776,0.965995424,-1.049729007,1.499601137,0.024425465,0.511319403,-0.398110817,1.46659743,0.514396854,0.469597083,0.996428274,0.721701694,-1.496995108,-1.460475016,48317.0588,116.5417199,48317.0588,116.5417199,969.5,1.878,-0.807
beltzvilleCombined,1343,0.165713822,0.800139093,-0.359366066,-1.032677937,1.481379603,0.030646916,0.512863515,-0.3821281,1.488978943,-0.519108773,0.434784703,0.564959186,0.892808843,-1.51845685,-0.802549208,48317.0588,116.5417199,48317.0588,116.5417199,969.5,1.878,-0.807
beltzvilleCombined,1344,0.055648402,0.831919624,0.631413522,-1.024211217,1.545481187,0.033940905,0.534989039,-0.377725462,1.525030127,-1.335139429,0.436370847,0.854368547,0.490362286,-1.356975379,0.610638886,48317.0588,116.5417199,48317.0588,116.5417199,969.5,1.878,-0.807
beltzvilleCombined,1345,0.335583803,0.586026575,-0.124126664,-0.83574481,1.442697807,0.053442933,0.749709128,-0.396204398,1.568303886,-0.766573334,0.478308224,0.565408785,0.385450204,-1.505296232,-1.442213396,48317.0588,116.5417199,48317.0588,116.5417199,969.5,1.878,-0.807
beltzvilleCombined,1346,0.480026955,0.701298672,-0.125120393,-0.841208533,1.479839359,0.02577389,0.564362001,-0.630409054,1.472166969,-0.756476808,0.445842181,0.813368542,0.844496767,-1.44284581,-1.448767447,48317.0588,116.5417199,48317.0588,116.5417199,969.5,1.878,-0.807
beltzvilleCombined,1347,0.29167946,0.741952825,-0.387830609,-1.037667425,1.541091882,0.012620417,0.971085939,-0.284398047,1.472605372,-0.573554349,0.031933637,0.760628741,0.94328436,-1.443825781,0.567534966,48317.0588,116.5417199,48317.0588,116.5417199,969.5,1.878,-0.807
beltzvilleCombined,1348,0.390739118,0.640277185,-0.285489559,-0.268761502,1.504841885,0.025067,0.753987476,-0.370898992,1.470972665,-0.492614283,0.464784853,0.817741084,0.734565548,-1.431615542,-1.439093626,48317.0588,116.5417199,48317.0588,116.5417199,969.5,1.878,-0.807
beltzvilleCombined,1349,0.480148243,0.699434747,-0.123040718,-1.095849512,1.479860424,0.025743285,0.509145743,-0.400247332,1.467484163,-0.766926258,0.443558694,0.994925041,0.838556386,-1.44138041,-1.501841383,48317.0588,116.5417199,48317.0588,116.5417199,969.5,1.878,-0.807
beltzvilleCombined,1350,0.468536411,0.639575988,0.552190406,-1.505462354,1.545952303,0.014317045,0.762944527,-1.22448094,1.485678405,1.421341034,0.449011462,0.691756661,-0.880769859,-1.187977095,-1.261357631,48317.0588,116.5417199,48317.0588,116.5417199,969.5,1.878,-0.807
beltzvilleCombined,1351,0.252892105,0.621999983,-0.527833984,-0.865600338,1.504120437,0.053700033,0.758314128,0.723451018,1.566693543,0.547477024,0.440886242,0.851975254,0.450350135,-1.486557849,-0.832571269,48317.0588,116.5417199,48317.0588,116.5417199,969.5,1.878,-0.807
beltzvilleCombined,1352,0.323319809,0.818200777,-0.454713172,1.488855157,1.570796327,0.011615012,0.530045844,-0.113180257,1.432191046,1.396765327,0.457241701,0.797809179,0.744485579,-1.479137394,-1.563022063,48317.0588,116.5417199,48317.0588,116.5417199,969.5,1.878,-0.807
beltzvilleCombined,1353,0.083665387,0.767945388,-0.251014509,-0.971880896,-1.392499508,0.053982301,0.551754291,-0.481934113,1.569065662,0.701452911,0.447353513,0.765645183,0.389745797,-1.304332106,0.133206824,48317.0588,116.5417199,48317.0588,116.5417199,969.5,1.878,-0.807
beltzvilleCombined,1354,0.400668367,0.52904889,-0.875363824,1.538993351,1.503056836,0.025426708,0.501153706,-0.370898992,1.466800083,1.562426956,0.454670257,0.787049786,0.78000387,-1.445889993,-1.530898245,48317.0588,116.5417199,48317.0588,116.5417199,969.5,1.878,-0.807
beltzvilleCombined,1355,0.464422399,0.601760311,-0.49149852,-1.324542177,1.554693104,0.012659292,0.518510864,-0.415520591,1.291891397,0.49738897,0.44749716,0.787155308,0.475329496,-1.36638696,1.467962476,48317.0588,116.5417199,48317.0588,116.5417199,969.5,1.878,-0.807
beltzvilleCombined,1356,0.130715894,0.767220636,-0.153168169,-0.860596907,1.348301973,0.056816348,0.513110418,-0.050244195,1.538366214,0.745045185,0.462389091,0.538995357,0.977687293,-1.523939373,-1.399698327,48317.0588,116.5417199,48317.0588,116.5417199,969.5,1.878,-0.807
beltzvilleCombined,1357,0.38165336,0.625772574,-0.676103237,-0.79476051,1.422883992,0.013981609,0.89773872,-1.18434675,1.485599879,1.520346921,0.450638579,0.817583983,-0.762599315,-1.454148078,-0.493866407,48317.0588,116.5417199,48317.0588,116.5417199,969.5,1.878,-0.807
beltzvilleCombined,Best Overall,0.326460884,0.845494335,-0.471046626,1.148254972,-1.312161236,0.030118517,0.510733199,0.845008086,1.508128789,-1.552901808,0.26952768,0.5,0.937692971,0.371555072,-1.011375681,48317.0588,116.5417199,48317.0588,116.5417199,969.5,1.878,-0.807
beltzvilleCombined,1359,0.484674101,0.782126454,-0.145220631,-1.07041212,1.463459386,0.025191175,0.993644821,-0.450263369,1.472802374,-0.573643345,0.426433747,0.559184302,0.844772911,-1.428673213,0.559097093,48317.0588,116.5417199,48317.0588,116.5417199,969.5,1.878,-0.807
beltzvilleCombined,1360,0.473695099,0.751300391,-0.801362828,0.941122174,1.549459762,0.024971251,0.518989621,-0.400285114,1.467509113,1.469666583,0.429900791,0.561800723,0.848773438,-1.450760807,-1.490161949,48317.0588,116.5417199,48317.0588,116.5417199,969.5,1.878,-0.807
beltzvilleCombined,1361,0.322116895,0.768110201,-0.251014509,-1.473049402,-1.392499508,0.05426098,0.509477462,0.416076534,1.569065662,0.701452911,0.440781662,0.860522599,0.389726918,-1.304332106,-0.900676767,48317.0588,116.5417199,48317.0588,116.5417199,969.5,1.878,-0.807
beltzvilleCombined,1362,0.418163927,0.834474985,-0.567863953,-0.837224596,1.549459762,0.024864069,0.542760563,-0.649439817,1.470937792,0.292514544,0.431723168,0.972544974,0.852121856,-1.450411761,0.33415048,48317.0588,116.5417199,48317.0588,116.5417199,969.5,1.878,-0.807
beltzvilleCombined,1363,0.491623228,0.741952825,-1.021444139,-0.718345128,1.541091882,0.012620417,0.971085939,-0.284398047,1.472605372,-0.573554349,0.031933637,0.760628741,0.94328436,-1.443825781,-1.550759949,48317.0588,116.5417199,48317.0588,116.5417199,969.5,1.878,-0.807
beltzvilleCombined,1364,0.488175594,0.58287411,-0.123040718,-0.279633982,1.480474942,0.025743285,0.753806687,-0.400247332,1.467484163,-0.766926258,0.474907557,0.991654998,0.8443595,-1.49305052,-1.492372071,48317.0588,116.5417199,48317.0588,116.5417199,969.5,1.878,-0.807
beltzvilleCombined,1365,0.493757083,0.653526733,-0.393804047,1.016436422,1.520779053,0.012638413,0.545200642,-0.277717417,1.47300054,-0.55556203,0.281790065,0.778546694,-0.788419857,-1.446103684,0.565633197,48317.0588,116.5417199,48317.0588,116.5417199,969.5,1.878,-0.807
beltzvilleCombined,1366,0.200427064,0.919375399,0.160960657,-1.30331409,-0.476506821,0.062831939,0.531028286,-1.324639689,1.554813963,1.497467942,0.42499663,0.815531193,1.025596463,-1.483299992,-0.980846565,48317.0588,116.5417199,48317.0588,116.5417199,969.5,1.878,-0.807
beltzvilleCombined,1367,0.352762364,0.783796828,-1.154280125,-1.089216832,1.537772127,0.055549922,0.755745709,-0.370275068,1.540654328,1.508091904,0.429235255,0.751884907,0.968599633,-1.439689125,-0.050448174,48317.0588,116.5417199,48317.0588,116.5417199,969.5,1.878,-0.807
beltzvilleCombined,1368,0.486168537,0.627133593,-0.323673445,0.528993914,1.308159304,0.040781167,0.530354065,-1.064001071,1.504492048,-1.444510091,0.435697574,0.785941562,1.011442659,-1.491366975,-0.760388856,48317.0588,116.5417199,48317.0588,116.5417199,969.5,1.878,-0.807
beltzvilleCombined,1369,0.42857841,0.623125516,-0.043262643,1.538993351,1.503014256,0.024089859,0.811777292,-0.370898992,1.472422288,-0.492614283,0.46858341,0.865584465,0.738524879,-1.449454472,0.018459093,48317.0588,116.5417199,48317.0588,116.5417199,969.5,1.878,-0.807
beltzvilleCombined,1370,0.309243708,0.776334949,-0.305765883,-0.97774881,1.54857081,0.01222478,0.550332329,-0.254133678,1.471464971,1.020358006,0.431150327,0.828225579,-0.702953696,-1.431489864,-0.789828053,48317.0588,116.5417199,48317.0588,116.5417199,969.5,1.878,-0.807
beltzvilleCombined,1371,0.391724789,0.811138403,-0.501158059,0.109843823,1.502892313,0.025426708,0.7559021,-0.371197107,1.471219619,-0.65492772,0.469650919,0.852473861,0.734416895,-1.446179718,-1.524390223,48317.0588,116.5417199,48317.0588,116.5417199,969.5,1.878,-0.807
beltzvilleCombined,1372,0.390739118,0.630889708,-0.046423261,1.520313006,1.501583759,0.025411037,0.754007008,-0.419556678,1.471217662,-0.471296829,0.474580087,0.573761475,0.734566649,-1.441821332,-1.519410944,48317.0588,116.5417199,48317.0588,116.5417199,969.5,1.878,-0.807
beltzvilleCombined,1373,0.228678878,0.625262689,-0.391608317,-0.880987229,1.514211612,0.015956811,0.726494191,-0.457396471,1.460880038,-0.635041733,0.424699935,0.787155308,0.412178023,-0.449799112,-1.429357052,48317.0588,116.5417199,48317.0588,116.5417199,969.5,1.878,-0.807
beltzvilleCombined,1374,0.482200991,0.699434747,-0.123040718,-1.095849512,1.504657891,0.025019759,0.509145743,-0.400247332,1.467483459,-0.487264982,0.471002109,0.995078399,0.720578896,-1.441025032,-1.501841383,48317.0588,116.5417199,48317.0588,116.5417199,969.5,1.878,-0.807
beltzvilleCombined,1375,0.388673648,0.623527638,-0.025737616,1.538993351,1.48004247,0.025771305,0.753987476,-0.397324986,1.466658802,-0.772275559,0.442153668,0.999697914,0.839643714,-1.431973816,-1.460478927,48317.0588,116.5417199,48317.0588,116.5417199,969.5,1.878,-0.807
beltzvilleCombined,1376,0.353787403,0.767220636,-0.153168169,-1.11807943,1.475143886,0.055311033,0.513110418,-0.443869877,1.538366214,0.745045185,0.462389091,0.517952889,0.977687293,-1.518317232,-0.90960956,48317.0588,116.5417199,48317.0588,116.5417199,969.5,1.878,-0.807
beltzvilleCombined,1377,0.300620205,0.62362283,-0.046418895,-0.85406673,1.353633027,0.026787528,0.753981027,-0.423423476,1.468186561,-0.465925183,0.474907557,0.888460903,0.8443595,-1.523641125,-1.419516198,48317.0588,116.5417199,48317.0588,116.5417199,969.5,1.878,-0.807
beltzvilleCombined,1378,0.468075924,0.799225367,-0.055879327,-0.661311002,1.480474942,0.02504778,0.515949287,-0.400247332,1.467394665,-0.465925183,0.474907557,0.689724248,0.8443595,-1.518018984,-0.038687148,48317.0588,116.5417199,48317.0588,116.5417199,969.5,1.878,-0.807
beltzvilleCombined,1379,0.258997611,0.766067354,-0.456820329,-0.070071856,-0.59882846,0.054474615,0.532316545,-0.664713478,1.570148362,-0.663871783,0.457466427,0.556382149,0.389726918,-1.1092035,-0.932898027,48317.0588,116.5417199,48317.0588,116.5417199,969.5,1.878,-0.807
beltzvilleCombined,1380,0.272908311,0.978139489,-0.883562695,-0.898257632,1.501613385,0.054474615,0.793156495,-0.324793943,1.569065662,1.291991498,0.435464615,0.869213049,0.418948208,-1.054479982,-0.69253443,48317.0588,116.5417199,48317.0588,116.5417199,969.5,1.878,-0.807
beltzvilleCombined,1381,0.339288487,0.621551691,-0.472974817,-0.975747676,1.541465155,0.024969419,0.744996307,0.862403947,1.463382143,-0.596444099,0.42702114,0.55949989,0.379635805,-1.442097475,0.080915162,48317.0588,116.5417199,48317.0588,116.5417199,969.5,1.878,-0.807
beltzvilleCombined,1382,0.016776005,0.622173002,-0.385809664,-0.884614794,1.52332483,0.012590883,0.518809029,-0.479857885,1.459682662,1.512473654,0.424723659,0.78723024,0.416743904,-1.531558376,-0.10489396,48317.0588,116.5417199,48317.0588,116.5417199,969.5,1.878,-0.807
beltzvilleCombined,1383,0.277948856,0.7876397,-0.33391403,-1.064813951,1.547858562,0.024828726,0.511378357,-0.398110817,1.471757505,-1.131460839,0.472624333,0.985093067,0.722973372,-1.440623663,0.184004449,48317.0588,116.5417199,48317.0588,116.5417199,969.5,1.878,-0.807
beltzvilleCombined,1384,0.147065295,0.631195675,-0.038075127,-1.035635675,1.48109193,0.025410678,0.754569037,-0.400217983,1.466778375,0.508962577,0.461947612,0.576930264,0.835232335,-1.441678754,-1.523089542,48317.0588,116.5417199,48317.0588,116.5417199,969.5,1.878,-0.807
beltzvilleCombined,1385,0.161684057,0.76801373,-0.356896784,-1.022148727,1.546376665,0.056495869,0.541553405,-0.358832869,1.536422818,-0.428386149,0.430368562,0.97679589,0.969593341,-1.435155264,-0.012040929,48317.0588,116.5417199,48317.0588,116.5417199,969.5,1.878,-0.807
beltzvilleCombined,1386,0.390739118,0.623470464,-0.046594163,1.520313006,1.501583759,0.025678378,0.754011313,-0.419556678,1.471217662,-0.471296829,0.474897047,0.984564218,0.738042996,-1.453266368,-1.519410944,48317.0588,116.5417199,48317.0588,116.5417199,969.5,1.878,-0.807
beltzvilleCombined,1387,0.391540948,0.598894846,-0.34546599,-0.903270322,1.480474942,0.02504778,0.788251836,-1.185964831,1.467629947,-0.469715521,0.474907557,0.97728242,0.860559759,-1.518018984,-1.488835369,48317.0588,116.5417199,48317.0588,116.5417199,969.5,1.878,-0.807
beltzvilleCombined,1388,0.383273417,0.626360482,-0.342891547,-0.789491468,1.422883992,0.014097719,0.54638516,-1.18434675,1.485721919,1.520346921,0.413780636,0.592813977,-0.811580992,-1.460809779,-1.433530557,48317.0588,116.5417199,48317.0588,116.5417199,969.5,1.878,-0.807
beltzvilleCombined,1389,0.146084489,0.766777971,-0.325679239,-1.105868036,-1.562085263,0.053982301,0.772998183,0.688844263,1.569065662,0.667810043,0.440781662,0.884564034,0.371840667,-1.477951948,-0.943170536,48317.0588,116.5417199,48317.0588,116.5417199,969.5,1.878,-0.807
beltzvilleCombined,1390,0.083665387,0.652787742,-0.242581808,-0.049618434,-1.388355846,0.053982301,0.774990458,-0.481934113,1.569065662,0.701452911,0.440781662,0.86052498,0.388110034,-1.304332106,-1.047110267,48317.0588,116.5417199,48317.0588,116.5417199,969.5,1.878,-0.807
beltzvilleCombined,1391,0.473845651,0.623434587,-0.047903624,1.553277657,1.480474942,0.025056841,0.753982153,-0.400247332,1.467394665,-0.46336649,0.464799896,0.56181784,0.844212892,-1.453706276,-0.039868691,48317.0588,116.5417199,48317.0588,116.5417199,969.5,1.878,-0.807
beltzvilleCombined,1392,0.473845651,0.623434587,-0.026055191,1.538444044,1.49081333,0.025056841,0.635979156,-0.400247332,1.467365591,-0.46336649,0.464800771,0.56181784,0.816756746,-1.453706276,-0.039868691,48317.0588,116.5417199,48317.0588,116.5417199,969.5,1.878,-0.807
beltzvilleCombined,1393,0.178169194,0.620437307,-0.385809664,-0.650974312,1.479324464,0.012810552,0.768928436,-0.473645521,1.459682662,1.512473654,0.477868169,0.688644566,0.411778654,-1.519666202,-1.457045374,48317.0588,116.5417199,48317.0588,116.5417199,969.5,1.878,-0.807
beltzvilleCombined,1394,0.18931721,0.765091952,-0.062138648,-1.074449029,-1.191592515,0.041407331,0.517255564,-1.053138701,1.507328324,1.324833741,0.427790689,0.951251036,1.019536253,-1.479289836,-1.287798932,48317.0588,116.5417199,48317.0588,116.5417199,969.5,1.878,-0.807
beltzvilleCombined,1395,0.099114781,0.689547906,-0.384467714,-1.348678991,1.551994987,0.025442203,0.544441897,-0.467232397,1.462898606,1.426952743,0.44877025,0.783260065,0.786991288,-1.443694606,0.558974747,48317.0588,116.5417199,48317.0588,116.5417199,969.5,1.878,-0.807
beltzvilleCombined,1396,0.03603379,0.766576676,-0.49876439,-0.00906521,1.501663034,0.025095626,0.50054451,-0.381301826,1.462313317,1.562426956,0.402636265,0.633059274,0.917533118,-1.445889993,-1.530898245,48317.0588,116.5417199,48317.0588,116.5417199,969.5,1.878,-0.807
beltzvilleCombined,1397,0.400978678,0.823248366,-0.386965997,-1.002166759,1.548763419,0.011197529,0.54172071,0.692237996,1.463078434,1.559912498,0.459026325,0.620289441,-0.259442269,-1.515248978,0.064552956,48317.0588,116.5417199,48317.0588,116.5417199,969.5,1.878,-0.807
beltzvilleCombined,1398,0.47946165,0.881098424,-0.038637663,-1.035963723,1.544473766,0.062391112,0.513332588,0.692709948,1.547934252,-0.50243859,0.442911848,0.966590026,0.940606866,-1.447517967,-0.702280708,48317.0588,116.5417199,48317.0588,116.5417199,969.5,1.878,-0.807
beltzvilleCombined,1399,0.163653619,0.790515544,-0.394415031,-0.05345893,-1.452818089,0.057196442,0.780063349,-0.345577085,1.55596653,1.518470176,0.440781662,0.791438428,0.910933006,-1.523939373,-1.050653108,48317.0588,116.5417199,48317.0588,116.5417199,969.5,1.878,-0.807
beltzvilleCombined,1400,0.47351925,0.623826383,-0.333077778,-0.661311002,1.482019125,0.025266312,0.753870143,-0.422532741,1.467568386,-0.466611753,0.431932346,0.991090363,0.844359768,-1.453737168,-1.489709226,48317.0588,116.5417199,48317.0588,116.5417199,969.5,1.878,-0.807
beltzvilleCombined,1401,0.473845651,0.618055416,-0.047903624,-0.809954941,1.480474942,0.025078938,0.675420634,-0.400247332,1.467394665,-0.508324306,0.431631812,0.56181784,0.842208263,-1.452469073,-1.407364884,48317.0588,116.5417199,48317.0588,116.5417199,969.5,1.878,-0.807
beltzvilleCombined,1402,0.463291613,0.761059007,-0.046418895,1.475627766,1.480474942,0.025260116,0.758337197,-0.400247332,1.468169769,-0.465160656,0.474907557,0.864657677,0.820013951,-1.519256187,0.590672608,48317.0588,116.5417199,48317.0588,116.5417199,969.5,1.878,-0.807
beltzvilleCombined,1403,0.298902633,0.62362283,-0.039572963,-1.111549254,1.480474942,0.025282213,0.753981027,-0.400247332,1.46821717,-0.454376239,0.474907557,0.864657677,0.8443595,-1.518018984,-0.929435401,48317.0588,116.5417199,48317.0588,116.5417199,969.5,1.878,-0.807
beltzvilleCombined,1404,0.11640017,0.545274148,-0.151016271,-1.052875473,1.534624235,0.05526169,0.512909045,-0.370900508,1.539565984,1.479817926,0.430839177,0.79190596,0.973801032,-1.446002306,-1.530728509,48317.0588,116.5417199,48317.0588,116.5417199,969.5,1.878,-0.807
beltzvilleCombined,1405,0.463291613,0.755679835,-0.040586863,-0.851534105,1.476343844,0.025282213,0.753981027,-0.429268453,1.469967131,-0.461235327,0.474763682,0.771506243,0.772736382,-1.518018984,0.0208751,48317.0588,116.5417199,48317.0588,116.5417199,969.5,1.878,-0.807
beltzvilleCombined,1406,0.462620229,0.580759675,-0.460514849,-0.87377671,1.54308178,0.05526169,0.530248879,-0.520236448,1.540048871,-1.355401793,0.436334233,0.791625392,0.968599633,-1.447700866,-1.446002642,48317.0588,116.5417199,48317.0588,116.5417199,969.5,1.878,-0.807
beltzvilleCombined,1407,0.105677041,0.796341873,-0.488803786,-1.052875473,1.54688187,0.05526169,0.763412567,-0.416698776,1.540765877,-0.38091747,0.44038529,0.990942691,0.970237842,-1.486457522,-0.035496436,48317.0588,116.5417199,48317.0588,116.5417199,969.5,1.878,-0.807
beltzvilleCombined,1408,0.270390212,0.820053123,-0.144646578,-1.112885608,-1.025166506,0.053898687,0.772787224,0.843618928,1.567324029,-0.518478977,0.440953851,0.845168951,0.389726918,-1.180046075,-1.464002703,48317.0588,116.5417199,48317.0588,116.5417199,969.5,1.878,-0.807
beltzvilleCombined,1409,0.418163927,0.59472328,-0.573351936,-0.83370641,1.549459762,0.024813654,0.538295928,-0.649439817,1.470937792,0.292514544,0.431723168,0.983259084,0.852121856,-1.45034978,0.33415048,48317.0588,116.5417199,48317.0588,116.5417199,969.5,1.878,-0.807
beltzvilleCombined,1410,0.480777725,0.775947671,-0.388081897,-1.048750623,-1.329773405,0.053979578,0.772787224,-0.478594454,1.569065662,-0.57823819,0.487246158,0.97688529,0.341261009,-1.49536064,-0.926569693,48317.0588,116.5417199,48317.0588,116.5417199,969.5,1.878,-0.807
beltzvilleCombined,1411,0.382351654,0.781854398,-0.157689093,-1.02747645,1.504280302,0.056842136,0.508622632,-0.371540431,1.535629664,-0.484463957,0.46244586,0.517172575,0.981165515,-1.522729606,-1.567365566,48317.0588,116.5417199,48317.0588,116.5417199,969.5,1.878,-0.807
beltzvilleCombined,1412,0.382792552,0.625772574,0.089645871,-0.812340839,1.430649754,0.013981609,0.754257914,-1.203206481,1.484956028,1.562114178,0.490222931,0.817639912,-0.324562035,-1.431461269,-1.3707924,48317.0588,116.5417199,48317.0588,116.5417199,969.5,1.878,-0.807
beltzvilleCombined,1413,0.15889306,0.942320492,-0.358579993,-1.084612104,1.568049861,0.056495869,0.545498847,0.784506761,1.536422604,1.399590491,0.416571308,0.56003175,0.945199891,-1.435155264,-0.923529106,48317.0588,116.5417199,48317.0588,116.5417199,969.5,1.878,-0.807
beltzvilleCombined,1414,0.487256045,0.832402629,-0.329697792,-1.047479327,1.534934651,0.05526228,0.516254192,-0.532447805,1.540946198,1.295599125,0.431088803,0.791447134,0.970237833,-1.446935338,-1.482705533,48317.0588,116.5417199,48317.0588,116.5417199,969.5,1.878,-0.807
beltzvilleCombined,1415,0.373617112,0.597881329,-0.265629915,-1.168673253,1.476125524,0.025732292,0.753812768,-0.48429424,1.467283798,-0.800506934,0.474907557,0.776004989,0.871961502,-1.502605326,-0.751036007,48317.0588,116.5417199,48317.0588,116.5417199,969.5,1.878,-0.807
beltzvilleCombined,1416,0.488169338,0.62996915,-0.391972851,-1.030842097,1.517522255,0.02780279,0.517719052,-0.318438084,1.467754334,-0.766926258,0.476241638,0.773796884,0.847325783,-1.494176377,-1.489359807,48317.0588,116.5417199,48317.0588,116.5417199,969.5,1.878,-0.807
beltzvilleCombined,1417,0.069929267,0.692445939,-0.16909329,-1.053758204,1.550601352,0.025111121,0.636966569,-0.813556851,1.465383747,1.426952743,0.440633029,0.621821966,0.787536662,-1.443694606,-1.54452079,48317.0588,116.5417199,48317.0588,116.5417199,969.5,1.878,-0.807
beltzvilleCombined,1418,0.491000596,0.604794343,-0.350804806,-1.087701185,1.471588436,0.056554126,0.510609919,0.626370743,1.534481249,0.022336214,0.432837939,0.894879786,0.920660658,-1.434029407,-0.743417203,48317.0588,116.5417199,48317.0588,116.5417199,969.5,1.878,-0.807
beltzvilleCombined,1419,0.386008099,0.623527638,-0.066861612,1.541733993,1.510078335,0.025342525,0.528242915,-0.368538767,1.467491399,-0.645135758,0.494432703,0.817414658,0.732927056,-1.513055649,-1.460478927,48317.0588,116.5417199,48317.0588,116.5417199,969.5,1.878,-0.807
beltzvilleCombined,1420,0.49231534,0.633856214,-0.324159123,0.037353119,1.56277641,0.025742748,0.753806687,-0.400279396,1.467858089,-0.760659794,0.475535357,0.727182191,0.84591869,-1.49305052,-1.424158694,48317.0588,116.5417199,48317.0588,116.5417199,969.5,1.878,-0.807
beltzvilleCombined,1421,0.079120027,0.768097094,-0.251671104,-0.014309356,1.335997381,0.05495072,0.52594305,-0.610019055,1.57070631,-0.698223007,0.44742938,0.967020862,0.414374457,-1.063385839,-1.4706807,48317.0588,116.5417199,48317.0588,116.5417199,969.5,1.878,-0.807
beltzvilleCombined,1422,0.391270364,0.631741561,-0.571262166,-0.477047306,1.502838921,0.025411037,0.751994398,-0.287018882,1.471217662,-0.477264374,0.427503196,0.975186864,0.854349319,-1.379212076,-1.519410944,48317.0588,116.5417199,48317.0588,116.5417199,969.5,1.878,-0.807
beltzvilleCombined,1423,0.444449768,0.657803537,0.00791122,-0.535425507,1.542010864,0.055289677,0.530735691,-0.502551216,1.540965606,1.295599125,0.431088803,0.538784511,0.96862256,-1.447719405,-0.114074993,48317.0588,116.5417199,48317.0588,116.5417199,969.5,1.878,-0.807
beltzvilleCombined,1424,0.226196445,0.692575722,-0.454682816,-0.875031411,-0.104225939,0.05526169,0.515767381,-0.520236448,1.541826926,-1.306566348,0.436190359,0.791328873,0.970214915,-1.447273057,-1.37095631,48317.0588,116.5417199,48317.0588,116.5417199,969.5,1.878,-0.807
beltzvilleCombined,1425,0.277775716,0.769859063,-0.472268426,-1.095355425,-1.113675834,0.054304155,0.515983422,-0.393706398,1.568990829,-0.652077659,0.436112604,0.864883363,0.430806888,-1.305137224,-0.944039121,48317.0588,116.5417199,48317.0588,116.5417199,969.5,1.878,-0.807
beltzvilleCombined,1426,0.483742877,0.796341873,-0.453463735,0.94219331,1.535489379,0.052903019,0.917524062,-0.551641285,1.541846335,1.295599125,0.431088803,0.791447134,0.968599633,-1.447692129,-0.005716135,48317.0588,116.5417199,48317.0588,116.5417199,969.5,1.878,-0.807
beltzvilleCombined,1427,0.462605528,0.624267052,-0.458500643,-0.896141126,1.424727907,0.014077253,0.517460099,-1.157448499,1.485597941,1.562114178,0.462694468,0.840089392,-0.324562035,-1.186942677,-1.49011706,48317.0588,116.5417199,48317.0588,116.5417199,969.5,1.878,-0.807
beltzvilleCombined,1428,0.309672564,0.598888646,-0.01195486,-0.971767958,1.550790686,0.009736297,0.545595052,-1.059724263,1.429240294,-0.510483157,0.474153275,0.984213772,0.516019104,-1.4526317,-1.489700052,48317.0588,116.5417199,48317.0588,116.5417199,969.5,1.878,-0.807
beltzvilleCombined,1429,0.4898297,0.630577647,-0.047305126,-1.00756104,1.570251091,0.024828726,0.511272093,-0.73108876,1.466610879,-0.804872563,0.474865206,0.985093067,0.846404331,-1.498321483,-1.470907174,48317.0588,116.5417199,48317.0588,116.5417199,969.5,1.878,-0.807
beltzvilleCombined,1430,0.158739345,0.692137415,-0.378097656,-0.87377671,1.544330437,0.055071808,0.530248879,-0.627180009,1.541706109,1.473075378,0.460681555,0.596642929,0.968649416,-1.516547716,-0.836645973,48317.0588,116.5417199,48317.0588,116.5417199,969.5,1.878,-0.807
beltzvilleCombined,1431,0.345473653,0.764369333,-0.455207137,-0.998044594,1.532415969,0.055063948,0.537100731,-0.463038738,1.538366214,0.761882735,0.437897895,0.960942024,0.977615564,-1.454564047,-1.399698327,48317.0588,116.5417199,48317.0588,116.5417199,969.5,1.878,-0.807
beltzvilleCombined,1432,0.350100397,0.621968537,-0.456399015,-1.005969974,1.516231247,0.012714139,0.762548301,-0.30888567,1.460880038,-0.419330082,0.446869456,0.862286308,0.47541789,-1.195541885,0.011880806,48317.0588,116.5417199,48317.0588,116.5417199,969.5,1.878,-0.807
beltzvilleCombined,1433,0.38457336,0.62732176,-0.354085925,-0.506567121,1.473690802,0.01450129,0.526713137,-1.203206481,1.485599879,1.562114178,0.135923936,0.814727506,-0.291181954,-0.30577551,-0.803390281,48317.0588,116.5417199,48317.0588,116.5417199,969.5,1.878,-0.807
beltzvilleCombined,1434,0.153318593,0.629820072,-1.078376267,-0.093698308,1.476304679,0.025788913,0.544576215,-1.036238525,1.467441223,1.526810497,0.434291646,0.564959186,0.891575305,-1.435505475,-0.802549208,48317.0588,116.5417199,48317.0588,116.5417199,969.5,1.878,-0.807
beltzvilleCombined,1435,0.197517601,0.66504955,-0.484137753,-0.026296157,1.470561758,0.024891945,0.749978823,-0.393788021,1.47402204,-0.768895651,0.42425129,0.999862451,0.88029518,-1.51967405,-1.453035043,48317.0588,116.5417199,48317.0588,116.5417199,969.5,1.878,-0.807
beltzvilleCombined,1436,0.479267039,0.761402663,-0.107576701,0.001840326,1.480474942,0.027734176,0.753806687,-0.400247332,1.466038398,-0.766926258,0.474907557,0.99356162,0.8443595,-1.491948018,0.008743548,48317.0588,116.5417199,48317.0588,116.5417199,969.5,1.878,-0.807
beltzvilleCombined,1437,0.383462183,0.676874024,-0.469460303,-0.834194288,1.541451948,0.051465115,0.513428383,-0.626280457,1.536217275,0.303046856,0.431162991,0.548842381,0.931420007,-1.44121745,-1.478499219,48317.0588,116.5417199,48317.0588,116.5417199,969.5,1.878,-0.807
beltzvilleCombined,1438,0.484674101,0.630959547,-0.051301263,1.416738269,1.556026894,0.025060037,0.759392944,-0.483618282,1.467280892,-1.06399331,0.43537017,0.869173552,0.8443595,-1.447203415,-1.473481067,48317.0588,116.5417199,48317.0588,116.5417199,969.5,1.878,-0.807
beltzvilleCombined,1439,0.01689253,0.622173002,-1.113746654,-0.884614794,1.5244426,0.012467706,0.780632683,-0.419911624,1.460924817,1.524005768,0.424723659,0.78723024,0.416743904,-1.432196718,-0.389222781,48317.0588,116.5417199,48317.0588,116.5417199,969.5,1.878,-0.807
beltzvilleCombined,1440,0.220743142,0.769063416,-0.439890818,-1.015750903,1.457080991,0.058235031,0.502235735,0.741180643,1.536853861,-0.932202225,0.427321555,0.820847301,0.950803788,-1.438798027,0.209356173,48317.0588,116.5417199,48317.0588,116.5417199,969.5,1.878,-0.807
beltzvilleCombined,1441,0.164606223,0.623773384,-1.340083369,-1.26584216,1.504237785,0.02511012,0.75389248,0.058566134,1.472126463,1.524752804,0.46676294,0.818434793,0.710962907,-1.431762723,-0.808187633,48317.0588,116.5417199,48317.0588,116.5417199,969.5,1.878,-0.807
beltzvilleCombined,1442,0.483287446,0.793581707,-0.58197475,-0.007463365,1.547411297,0.025674834,0.533934594,-0.401383145,1.470943836,0.444689409,0.431723168,0.972544974,0.872041368,-1.492753396,-1.482331908,48317.0588,116.5417199,48317.0588,116.5417199,969.5,1.878,-0.807
beltzvilleCombined,1443,0.485754969,0.626570814,-0.098950048,-0.076458636,1.504577658,0.025261927,0.55149327,-0.372545958,1.472137846,0.159581953,0.443558694,0.995079242,0.835555876,-1.441370415,-1.501841383,48317.0588,116.5417199,48317.0588,116.5417199,969.5,1.878,-0.807
beltzvilleCombined,1444,0.267510471,0.76362085,-0.450607661,-0.973664775,-1.114637189,0.032014364,0.62746439,-1.443275768,1.540647846,1.539067445,0.427818523,0.77296727,0.389707428,-1.195906323,0.151098771,48317.0588,116.5417199,48317.0588,116.5417199,969.5,1.878,-0.807
beltzvilleCombined,1445,0.496006286,0.519833663,-0.025211019,1.550249919,1.476938699,0.024862656,0.753831573,-0.648316025,1.46717912,0.415104514,0.47604964,0.863108587,0.862106058,-1.501575833,-1.460621534,48317.0588,116.5417199,48317.0588,116.5417199,969.5,1.878,-0.807
beltzvilleCombined,1446,0.487575021,0.742509291,-0.486846972,-0.988216788,1.550363059,0.025772446,0.515218508,-0.398980199,1.466497242,-0.728252777,0.474907557,0.811648983,0.822256671,-1.501824239,-0.929855515,48317.0588,116.5417199,48317.0588,116.5417199,969.5,1.878,-0.807
beltzvilleCombined,1447,0.164151764,0.792618569,-0.386321067,-1.093458149,-1.452818089,0.057129353,0.752373305,-0.368490167,1.557438439,1.518470176,0.440781662,0.544920018,0.917853927,-1.521359627,-0.85572354,48317.0588,116.5417199,48317.0588,116.5417199,969.5,1.878,-0.807
beltzvilleCombined,1448,0.392063461,0.548071327,-0.047302453,1.54097837,1.512468803,0.024001757,0.507178368,-0.368439951,1.467056771,-0.491646033,0.469597083,0.821675587,0.740042273,-1.430875764,-1.496114069,48317.0588,116.5417199,48317.0588,116.5417199,969.5,1.878,-0.807
beltzvilleCombined,1449,0.470411726,0.686898752,-0.038129677,-1.402524972,1.51619415,0.024377556,0.535407311,-0.344736736,1.462898606,0.086067041,0.464795312,0.63279796,0.73172968,-1.442390473,-0.083101551,48317.0588,116.5417199,48317.0588,116.5417199,969.5,1.878,-0.807
beltzvilleCombined,1450,0.464279982,0.75524021,-0.333385255,-0.882017524,1.567140807,0.012639909,0.518510864,-0.438611291,1.460880038,-0.65451701,0.446869456,0.787155308,0.415744274,-1.373206896,-0.923737095,48317.0588,116.5417199,48317.0588,116.5417199,969.5,1.878,-0.807
beltzvilleCombined,1451,0.482311383,0.62359522,-0.024070364,-0.835999845,1.549468519,0.024849844,0.74291228,-0.394523583,1.47126382,0.528855942,0.431930617,0.996428274,0.88029518,-1.49900487,-1.476666593,48317.0588,116.5417199,48317.0588,116.5417199,969.5,1.878,-0.807
beltzvilleCombined,1452,0.494639362,0.779897269,-0.046589378,1.510677255,-0.304874005,0.024801584,0.525036522,-0.363636784,1.466383798,-0.442655377,0.456827145,0.980156438,0.853515084,-1.489205819,-0.832485246,48317.0588,116.5417199,48317.0588,116.5417199,969.5,1.878,-0.807
beltzvilleCombined,1453,0.482143626,0.763661776,-0.06111582,-0.992438676,1.438166757,0.025426708,0.793288972,-0.370865528,1.472363316,-0.646515203,0.456637795,0.817750912,0.763260941,-1.420405008,-0.825405412,48317.0588,116.5417199,48317.0588,116.5417199,969.5,1.878,-0.807
beltzvilleCombined,1454,0.215268603,0.587502563,-0.409166425,-1.020611419,-1.560348128,0.061804693,0.835855813,-1.317083199,1.553100345,1.48066101,0.432715951,0.841294096,1.021250592,-1.479069265,-0.757937278,48317.0588,116.5417199,48317.0588,116.5417199,969.5,1.878,-0.807
beltzvilleCombined,1455,0.347999523,0.780954573,-0.153496852,0.026381987,1.55800778,0.055226988,0.514980363,-0.628571487,1.54239107,1.206937479,0.425780533,0.816665381,0.951955832,-1.442862294,-0.85943091,48317.0588,116.5417199,48317.0588,116.5417199,969.5,1.878,-0.807
beltzvilleCombined,1456,0.326890884,0.811072335,-0.039626442,-1.266479182,1.569057961,0.055322244,0.509837127,-0.339894354,1.539358794,0.076635282,0.428005431,0.9194845,0.968052847,-1.483406353,-1.426219194,48317.0588,116.5417199,48317.0588,116.5417199,969.5,1.878,-0.807
beltzvilleCombined,1457,0.02161535,0.763661776,-0.000237249,-1.26473711,0.039618878,0.02542921,0.754101062,-0.977915463,1.485998545,-0.579683722,0.458047913,0.817750912,0.759312848,-1.438821457,-1.520956526,48317.0588,116.5417199,48317.0588,116.5417199,969.5,1.878,-0.807
beltzvilleCombined,1458,0.463291613,0.755679835,-0.046418895,-0.829377848,1.480474942,0.025279711,0.759557528,-0.384927727,1.467730758,-0.510118472,0.474907557,0.864657677,0.817862715,-1.517722762,-1.423024382,48317.0588,116.5417199,48317.0588,116.5417199,969.5,1.878,-0.807
beltzvilleCombined,1459,0.391790426,0.62362283,-0.496724487,1.538993351,1.467091816,0.025426708,0.513640861,-0.370927971,1.47218362,1.562426956,0.464787338,0.81867734,0.730853567,-1.445884366,-1.55727393,48317.0588,116.5417199,48317.0588,116.5417199,969.5,1.878,-0.807
beltzvilleCombined,1460,0.48683113,0.622252014,-0.458892487,-0.902798796,1.034331819,0.05526169,0.516518525,-0.11230611,1.541846335,1.295426383,0.427556479,0.510437865,0.968599633,-1.447932178,-1.452369512,48317.0588,116.5417199,48317.0588,116.5417199,969.5,1.878,-0.807
beltzvilleCombined,1461,0.494548953,0.613111943,-0.081253256,-1.011708484,1.541346905,0.024971197,0.514279023,-0.744263265,1.468828085,-0.628403286,0.423753288,0.977770978,0.88291528,-1.455858845,-0.757008518,48317.0588,116.5417199,48317.0588,116.5417199,969.5,1.878,-0.807
beltzvilleCombined,1462,0.484674101,0.630762052,-0.020819461,1.528556113,1.56821328,0.023930116,0.979486832,-0.411915285,1.467661627,1.279788408,0.427768844,0.582071015,0.8443595,-1.428936881,0.147654417,48317.0588,116.5417199,48317.0588,116.5417199,969.5,1.878,-0.807
beltzvilleCombined,1463,0.477724359,0.819786741,-0.531442766,-0.955838167,1.464730534,0.057646692,0.527458827,-0.455428557,1.55535663,-0.458587429,0.435102567,0.865789815,0.899485546,-1.447786558,-1.524864521,48317.0588,116.5417199,48317.0588,116.5417199,969.5,1.878,-0.807
beltzvilleCombined,1464,0.385638399,0.752950297,-0.505474516,1.538993351,1.467091816,0.025426708,0.745380385,-0.37119136,1.470514878,-0.65492772,0.464511661,0.851515248,0.730853567,-1.446179718,-1.524390223,48317.0588,116.5417199,48317.0588,116.5417199,969.5,1.878,-0.807
beltzvilleCombined,1465,0.272908311,0.975533418,-0.883562695,-0.849540198,1.553526989,0.054213209,0.808154686,-0.326862115,1.569065662,1.287028408,0.43452853,0.86052498,0.418948208,-1.054479982,-0.69253443,48317.0588,116.5417199,48317.0588,116.5417199,969.5,1.878,-0.807
beltzvilleCombined,1466,0.481003781,0.852677997,-0.075223131,-0.133640556,1.560208229,0.062867863,0.511037327,0.692709948,1.547897428,-0.790615897,0.427462424,0.98485248,0.940968264,-1.444103549,0.293134417,48317.0588,116.5417199,48317.0588,116.5417199,969.5,1.878,-0.807
beltzvilleCombined,1467,0.202612409,0.611176619,-0.070225562,-1.042683023,1.549309024,0.008726535,0.524923562,-0.152952201,1.432897836,-0.83458019,0.464711078,0.976859161,0.516019104,-1.43596857,-0.001699188,48317.0588,116.5417199,48317.0588,116.5417199,969.5,1.878,-0.807
beltzvilleCombined,1468,0.309003814,0.635101911,-0.483425791,-0.362780769,1.440922093,0.0252659,0.946962666,-0.40714707,1.468346391,1.263532521,0.455856845,0.783791465,0.857944602,-1.477153651,-0.061661478,48317.0588,116.5417199,48317.0588,116.5417199,969.5,1.878,-0.807
beltzvilleCombined,1469,0.387315918,0.62362283,-0.048079921,-1.108068813,1.506412547,0.025411037,0.753987476,0.034716213,1.471217662,-1.480570704,0.466868022,0.817741084,0.735407886,-1.430821546,-1.519497601,48317.0588,116.5417199,48317.0588,116.5417199,969.5,1.878,-0.807
beltzvilleCombined,1470,0.495748913,0.756196535,-0.025249465,-0.837224596,1.549877416,0.024869481,0.74291228,-0.648316025,1.469895772,0.415104514,0.423345968,0.861002879,0.862106058,-1.49900487,-1.475911475,48317.0588,116.5417199,48317.0588,116.5417199,969.5,1.878,-0.807
beltzvilleCombined,1471,0.463533597,0.766461821,-0.040548416,-0.851534105,1.475933917,0.025276802,0.753981027,-0.429268453,1.471295076,-0.461235327,0.474763682,0.770651412,0.772736382,-1.518018984,0.0208751,48317.0588,116.5417199,48317.0588,116.5417199,969.5,1.878,-0.807
beltzvilleCombined,1472,0.258003797,0.766067354,-0.03684504,-1.022558228,1.541704076,0.01324542,0.520997633,-0.662645307,1.465451458,0.545890943,0.457186184,0.825024538,0.389159618,-1.1092035,-0.85125778,48317.0588,116.5417199,48317.0588,116.5417199,969.5,1.878,-0.807
beltzvilleCombined,1473,0.466719177,0.637595694,-0.45744021,-0.112639163,1.479937911,0.012457869,0.513927352,-0.398032641,1.461312264,-1.305298747,0.420568687,0.980292974,0.415744274,-1.472364794,-0.35032777,48317.0588,116.5417199,48317.0588,116.5417199,969.5,1.878,-0.807
beltzvilleCombined,1474,0.296116878,0.749953033,-0.150139469,-0.854413519,1.500615225,0.024864069,0.785168941,-0.660259393,1.470917527,0.414001222,0.431723168,0.572413113,0.861351049,-1.437499574,-1.496268944,48317.0588,116.5417199,48317.0588,116.5417199,969.5,1.878,-0.807
beltzvilleCombined,1475,0.160881985,0.75524021,-0.466251215,-0.49719628,1.516817867,0.012639909,0.518510864,-0.505027828,1.460880038,0.492904614,0.446613676,0.787165268,0.415738642,-1.451565324,-0.177380926,48317.0588,116.5417199,48317.0588,116.5417199,969.5,1.878,-0.807
beltzvilleCombined,1476,0.388673648,0.626545917,-0.025737616,1.538993351,1.4794583,0.025771305,0.753706453,-0.408762223,1.466658802,-0.772275559,0.442153668,0.999697914,0.839721811,-1.431973816,-1.460478927,48317.0588,116.5417199,48317.0588,116.5417199,969.5,1.878,-0.807
beltzvilleCombined,1477,0.032206955,0.63205159,-0.305169555,-0.884614794,1.52332483,0.012590883,0.531925855,-0.7195757,1.459682662,1.512473654,0.424723659,0.779430219,0.413664159,-1.447473048,-0.167834083,48317.0588,116.5417199,48317.0588,116.5417199,969.5,1.878,-0.807
beltzvilleCombined,1478,0.496174093,0.663873641,-0.33736627,-1.078987415,1.551982816,0.025381059,0.724459011,-0.371536161,1.466426699,-0.6468609,0.458047913,0.817750912,0.743249071,-1.416423755,-1.524879401,48317.0588,116.5417199,48317.0588,116.5417199,969.5,1.878,-0.807
beltzvilleCombined,1479,0.139510805,0.78945062,-0.479850391,-0.89034872,-1.452818089,0.056910687,0.50100474,-0.663726996,1.55596653,1.519160617,0.439189604,0.566488113,0.902389724,-1.523019885,-0.880439514,48317.0588,116.5417199,48317.0588,116.5417199,969.5,1.878,-0.807
beltzvilleCombined,1480,0.490015173,0.751300391,-1.460111007,-0.816800841,1.549459762,0.024971251,0.541818172,-0.355156694,1.472023718,1.458908068,0.430153224,0.544564512,0.844489768,-1.451331247,-1.482566323,48317.0588,116.5417199,48317.0588,116.5417199,969.5,1.878,-0.807
beltzvilleCombined,1481,0.383273417,0.625835393,-0.016788798,-0.812340839,1.422316833,0.015277396,0.789714764,-1.212916056,1.485556477,1.562114178,0.130112484,0.70415484,-0.289913747,-1.514112639,-0.815608428,48317.0588,116.5417199,48317.0588,116.5417199,969.5,1.878,-0.807
beltzvilleCombined,1482,0.482143626,0.763661776,-0.06111582,-1.045556134,1.438166757,0.022806198,0.543433545,-0.361995848,1.472363316,-0.646515203,0.456637795,0.819265087,0.721807656,-1.435988179,-0.795257625,48317.0588,116.5417199,48317.0588,116.5417199,969.5,1.878,-0.807
beltzvilleCombined,1483,0.483287446,0.761221936,-0.147239265,-0.828579057,1.549899351,0.024657237,0.546776869,-0.649434793,1.472439758,-1.197549254,0.433563338,0.984574248,0.842432221,-1.450411761,-1.454401485,48317.0588,116.5417199,48317.0588,116.5417199,969.5,1.878,-0.807
beltzvilleCombined,1484,0.494386521,0.609581441,-0.500280865,-1.011708484,1.541346905,0.025413874,0.51721837,-0.744263265,1.468814607,-0.628403286,0.423753288,0.85288847,0.426813323,-0.927584051,-1.500682886,48317.0588,116.5417199,48317.0588,116.5417199,969.5,1.878,-0.807
beltzvilleCombined,1485,0.391539585,0.819620394,-0.501158059,0.109843823,1.502892313,0.024984031,0.7559021,-0.371197107,1.471233098,-0.65492772,0.469650919,0.977341248,0.734416895,-1.446179718,-1.524163399,48317.0588,116.5417199,48317.0588,116.5417199,969.5,1.878,-0.807
beltzvilleCombined,1486,0.323319809,0.818200777,-0.456062471,1.488855157,1.570796327,0.011615012,0.530045844,-0.349198571,1.432191046,1.396765327,0.457241701,0.797809179,0.744485579,-1.479137394,0.159366609,48317.0588,116.5417199,48317.0588,116.5417199,969.5,1.878,-0.807
beltzvilleCombined,1487,0.164940245,0.621906537,-0.071142358,-0.13459006,1.54898391,0.008699407,0.532757388,1.273086273,1.447428732,-0.824450126,0.499572426,0.852000363,-0.599360229,-1.436050554,-0.832662428,48317.0588,116.5417199,48317.0588,116.5417199,969.5,1.878,-0.807
beltzvilleCombined,1488,0.347920362,0.575214068,-0.979358109,1.523477212,1.5034923,0.025201276,0.538398483,0.989115672,1.462148805,-1.359357368,0.462328739,0.817741084,0.74218937,-1.422244849,-1.488044129,48317.0588,116.5417199,48317.0588,116.5417199,969.5,1.878,-0.807
beltzvilleCombined,1489,0.488330817,0.62862791,-0.155322273,-1.123881425,1.464775095,0.025678018,0.753806687,-0.400247332,1.466778375,-0.766926258,0.433965542,0.986794369,0.8443595,-1.453654725,-1.493131475,48317.0588,116.5417199,48317.0588,116.5417199,969.5,1.878,-0.807
beltzvilleCombined,1490,0.147710928,0.629280776,-0.029272361,-1.049729007,1.499601137,0.024425465,0.511319403,-0.398110817,1.46659743,0.514396854,0.469597083,0.996428274,0.721701694,-1.496995108,-1.460475016,48317.0588,116.5417199,48317.0588,116.5417199,969.5,1.878,-0.807
beltzvilleCombined,1491,0.489462203,0.625457309,-0.31191475,1.033590461,1.563228093,0.01538411,0.795950019,0.979179341,1.47093332,-0.535543574,0.408791036,0.765604882,-0.848031702,-1.13961306,-0.690204179,48317.0588,116.5417199,48317.0588,116.5417199,969.5,1.878,-0.807
beltzvilleCombined,1492,0.465921253,0.658281705,-0.327331588,-0.510487156,1.534804801,0.05525993,0.516254192,-0.520519151,1.540946198,1.295599125,0.431088803,0.791447134,0.970237842,-1.447587108,-1.502985433,48317.0588,116.5417199,48317.0588,116.5417199,969.5,1.878,-0.807
beltzvilleCombined,1493,0.390710578,0.612419517,-1.341232308,-0.892262925,1.504839936,0.025179156,0.533158147,-0.086573679,1.472279751,1.551998434,0.46931211,0.697759964,0.710760824,-1.431611707,-0.808187633,48317.0588,116.5417199,48317.0588,116.5417199,969.5,1.878,-0.807
beltzvilleCombined,1494,0.152207833,0.648184388,-0.396368932,-0.884614794,1.526192604,0.014158204,0.755137479,-0.44663741,1.4598126,1.467919508,0.465411397,0.699988391,0.416743904,-1.42271361,1.060202307,48317.0588,116.5417199,48317.0588,116.5417199,969.5,1.878,-0.807
beltzvilleCombined,1495,0.48705145,0.626570814,0.010083345,0.003173784,1.507404198,0.026736447,0.56812334,-0.372545958,1.472056033,0.174860863,0.442763142,0.994871505,0.838556386,-1.42743375,-1.498688807,48317.0588,116.5417199,48317.0588,116.5417199,969.5,1.878,-0.807
beltzvilleCombined,1496,0.480148243,0.626648715,-0.305354196,-0.898935931,1.506436701,0.025758209,0.506258456,-0.372608085,1.467730845,-0.578755201,0.442826184,0.935583963,0.844487745,-1.449246133,-1.487037209,48317.0588,116.5417199,48317.0588,116.5417199,969.5,1.878,-0.807
beltzvilleCombined,1497,0.488169338,0.602884324,-0.480259234,-1.151727756,1.517522255,0.027538066,0.518381607,-0.400185205,1.472619003,-0.766926258,0.474907557,0.773796884,0.838428141,-1.493259091,0.720897757,48317.0588,116.5417199,48317.0588,116.5417199,969.5,1.878,-0.807
beltzvilleCombined,1498,0.473695099,0.741530589,-0.797186002,1.525642045,1.549459762,0.025067167,0.519259633,-0.386231075,1.467122699,1.403479303,0.429900791,0.780453681,0.848773438,-1.450760807,-1.447559316,48317.0588,116.5417199,48317.0588,116.5417199,969.5,1.878,-0.807
beltzvilleCombined,1499,0.344971491,0.565244288,-0.028705561,1.538993351,1.439054572,0.025035357,0.752253677,-0.371079484,1.472413755,-0.648189377,0.464784853,0.817609863,0.752148214,-1.42123685,-0.80952554,48317.0588,116.5417199,48317.0588,116.5417199,969.5,1.878,-0.807
beltzvilleCombined,1500,0.482143626,0.763661776,-0.06111582,-1.045556134,1.50395407,0.022806198,0.545180234,-0.361815355,1.470922226,-1.357098294,0.456637795,0.819396308,0.719755249,-1.435988179,1.030666877,48317.0588,116.5417199,48317.0588,116.5417199,969.5,1.878,-0.807
beltzvilleCombined,1501,0.381927865,0.620435705,-0.071332008,-1.032076342,0.063486836,0.030646916,0.747571915,-0.733974916,1.488884626,1.570779599,0.434784703,0.552091339,0.880984811,-1.432006859,-1.481507361,48317.0588,116.5417199,48317.0588,116.5417199,969.5,1.878,-0.807
beltzvilleCombined,1502,0.382644339,0.633834772,-0.946160824,1.055714874,1.481483848,0.025411037,0.751994398,-0.287018882,1.471217662,-0.477264374,0.427468639,0.568235108,0.854601037,-1.378750691,-1.121687895,48317.0588,116.5417199,48317.0588,116.5417199,969.5,1.878,-0.807
beltzvilleCombined,1503,0.48723498,0.624343535,-0.473021048,-1.389666755,1.522659329,0.051236775,0.513428383,-0.626280457,1.536217275,0.303046856,0.430513234,0.548842381,0.931420007,-1.43922233,-1.478499219,48317.0588,116.5417199,48317.0588,116.5417199,969.5,1.878,-0.807
beltzvilleCombined,1504,0.402718949,0.787255137,-0.066342026,-1.123732155,1.505741411,0.025071746,0.789846276,-0.397902699,1.471004022,-0.582059392,0.464595451,0.686241752,0.770090808,-1.435523965,-1.516125549,48317.0588,116.5417199,48317.0588,116.5417199,969.5,1.878,-0.807
beltzvilleCombined,1505,0.489314686,0.788070005,-0.151288253,0.009457311,1.480474942,0.025678435,0.753981774,-0.400247332,1.466778375,-0.759223111,0.464744159,0.865933628,0.8443595,-1.52078746,-0.919713667,48317.0588,116.5417199,48317.0588,116.5417199,969.5,1.878,-0.807
beltzvilleCombined,1506,0.206009355,0.631113135,-0.116416338,-1.050310686,1.500471,0.025800744,0.503768652,-0.400247332,1.467482709,0.519393308,0.469358254,0.991654998,0.8443595,-1.523374417,-1.492246386,48317.0588,116.5417199,48317.0588,116.5417199,969.5,1.878,-0.807
beltzvilleCombined,1507,0.147710928,0.770501276,-0.029272361,-1.04971113,1.556436274,0.024368006,0.768533611,-0.398110817,1.466598884,-0.600442721,0.479527698,0.996428274,0.721701694,-1.496995108,-1.460475016,48317.0588,116.5417199,48317.0588,116.5417199,969.5,1.878,-0.807
beltzvilleCombined,1508,0.486277737,0.81044299,-0.413798952,0.172737526,1.387929826,0.05688468,0.502342689,0.70784739,1.536585281,1.484144852,0.432276948,0.861978437,0.923626941,-1.435155264,-1.472548611,48317.0588,116.5417199,48317.0588,116.5417199,969.5,1.878,-0.807
beltzvilleCombined,1509,0.134935496,0.638539519,-0.32296236,-1.038394702,1.540629879,0.012220185,0.529514367,0.746255473,1.471359872,1.48006684,0.414261199,0.562455934,-0.702953696,-1.15607527,-0.850346201,48317.0588,116.5417199,48317.0588,116.5417199,969.5,1.878,-0.807
beltzvilleCombined,1510,0.370254855,0.628695154,-0.152754962,-1.047256591,1.501835562,0.025668957,0.744333698,-0.403328489,1.469717572,-0.746079841,0.474850919,0.936229793,0.8443595,-1.517967433,0.002652656,48317.0588,116.5417199,48317.0588,116.5417199,969.5,1.878,-0.807
beltzvilleCombined,1511,0.481315594,0.639217823,-0.325524285,1.022420838,1.564668638,0.015452953,0.521818383,-0.382125013,1.476753833,-0.621960281,0.462382686,0.54184625,-0.796257909,-0.595033769,0.023510351,48317.0588,116.5417199,48317.0588,116.5417199,969.5,1.878,-0.807
beltzvilleCombined,1512,0.430605957,0.751300391,-1.460111007,-1.282486947,1.549459762,0.025066041,0.563113608,-0.356114171,1.472023718,1.459598509,0.429895248,0.545656177,0.844489768,-1.450411761,-1.482566323,48317.0588,116.5417199,48317.0588,116.5417199,969.5,1.878,-0.807
beltzvilleCombined,1513,0.254295887,0.784303319,-0.457791272,0.0644092,1.467593911,0.053982301,0.742676155,0.619302399,1.569065662,1.44977872,0.44077888,0.860900653,0.389726918,-1.283424206,-0.846783718,48317.0588,116.5417199,48317.0588,116.5417199,969.5,1.878,-0.807
beltzvilleCombined,1514,0.496326442,0.766978521,-0.026092662,-0.837224596,1.549468519,0.0248736,0.74291228,-0.648316025,1.470963838,0.416581611,0.423345968,0.839110642,0.863244157,-1.454305639,-1.451132054,48317.0588,116.5417199,48317.0588,116.5417199,969.5,1.878,-0.807
beltzvilleCombined,1515,0.473519875,0.623434587,-0.025173548,1.538444044,1.49081333,0.025047311,0.635979156,-0.400247332,1.46762547,-0.464843587,0.46479987,0.582870761,0.815472039,-1.498405507,-0.061560671,48317.0588,116.5417199,48317.0588,116.5417199,969.5,1.878,-0.807
beltzvilleCombined,1516,0.38971283,0.623096265,-0.036303016,-1.025269044,1.547668933,0.025109575,0.534763941,-0.139350434,1.467075791,-0.47706562,0.469311383,0.822682289,0.736421367,-1.431621788,-0.187429263,48317.0588,116.5417199,48317.0588,116.5417199,969.5,1.878,-0.807
beltzvilleCombined,1517,0.457420171,0.619090199,-0.466267205,-1.013850759,1.516504516,0.013525766,0.518982902,-0.415520591,1.46257204,-0.517213423,0.446869456,0.977821193,0.471230031,-1.19579203,0.200612257,48317.0588,116.5417199,48317.0588,116.5417199,969.5,1.878,-0.807
beltzvilleCombined,1518,0.357064313,0.767169703,-1.367959738,-1.112602591,-0.553312459,0.053862245,0.525162911,-0.443869877,1.538366214,0.680127975,0.438269679,0.538995357,0.977687293,-1.523939373,-1.399698327,48317.0588,116.5417199,48317.0588,116.5417199,969.5,1.878,-0.807
beltzvilleCombined,1519,0.083665387,0.768739822,-0.251417329,-0.967913072,-1.402328332,0.054007649,0.551754291,-0.477878819,1.538329931,0.701452911,0.440673109,0.765645183,0.998114031,-1.520440883,0.133206824,48317.0588,116.5417199,48317.0588,116.5417199,969.5,1.878,-0.807
beltzvilleCombined,1520,0.19479837,0.790542356,-0.156404164,-1.041587982,1.537109466,0.055263226,0.761708598,0.700630809,1.568772582,1.295599125,0.431328045,0.651794148,0.491768401,-1.514748638,-1.486656106,48317.0588,116.5417199,48317.0588,116.5417199,969.5,1.878,-0.807
beltzvilleCombined,1521,0.492851062,0.764950412,-0.386919763,-1.112885608,1.202988479,0.053976804,0.763096223,0.735643576,1.569065662,0.701452911,0.406513075,0.86052498,0.395056495,-1.442529194,-1.391775626,48317.0588,116.5417199,48317.0588,116.5417199,969.5,1.878,-0.807
beltzvilleCombined,1522,0.488776522,0.633754015,0.0027335,-1.013441783,1.547630133,0.030317337,0.522189223,0.237435514,1.48738765,1.417989571,0.43492504,0.697899784,0.772567219,-1.414490165,-0.788738673,48317.0588,116.5417199,48317.0588,116.5417199,969.5,1.878,-0.807
beltzvilleCombined,1523,0.385207618,0.768376918,-0.983026835,-0.927037628,1.555627033,0.012529223,0.551273514,-0.392329527,1.462835834,0.457240344,0.467823726,0.817552118,0.339256332,-1.196686336,-1.41666528,48317.0588,116.5417199,48317.0588,116.5417199,969.5,1.878,-0.807
beltzvilleCombined,1524,0.249514168,0.737962853,-0.272686617,-1.217325576,1.554886147,0.02609305,0.753622677,-0.371928206,1.467580211,1.378630206,0.4768399,0.967867815,0.844913829,-1.49305052,-1.485097981,48317.0588,116.5417199,48317.0588,116.5417199,969.5,1.878,-0.807
beltzvilleCombined,1525,0.279079916,0.623983184,-0.013221447,-0.85406673,1.353633027,0.026787528,0.50090292,-0.541621193,1.468210741,-0.627962005,0.475225603,0.888460903,0.8443595,-1.527702917,-1.421731491,48317.0588,116.5417199,48317.0588,116.5417199,969.5,1.878,-0.807
beltzvilleCombined,1526,0.299637498,0.60875584,-0.249775095,-0.108731491,1.554874969,0.104337881,0.772699031,1.007494903,1.465137086,-1.262444728,0.419196328,0.871365239,-0.612656023,0.776142568,-0.85336376,48317.0588,116.5417199,48317.0588,116.5417199,969.5,1.878,-0.807
beltzvilleCombined,1527,0.365737903,0.777527502,-0.475019733,0.057660155,1.543863331,0.027664728,0.661510272,-0.759787235,1.483988235,0.749052514,0.438685546,0.859848789,0.875641755,-1.488122039,-0.807835805,48317.0588,116.5417199,48317.0588,116.5417199,969.5,1.878,-0.807
beltzvilleCombined,1528,0.48499978,0.822906902,-0.500497717,-1.000005194,1.549457453,0.013553089,0.737945774,0.922528202,1.470369006,1.464060766,0.419430281,0.852262952,-0.647053365,-1.355130988,-0.030199807,48317.0588,116.5417199,48317.0588,116.5417199,969.5,1.878,-0.807
beltzvilleCombined,1529,0.480148243,0.766431285,-0.471102345,0.004074908,1.504351585,0.025743285,0.533833557,-0.372545958,1.461136093,1.539684729,0.444646799,0.865076003,0.503279382,-1.195612024,-1.500386098,48317.0588,116.5417199,48317.0588,116.5417199,969.5,1.878,-0.807
beltzvilleCombined,1530,0.135202623,0.629820072,-0.072413034,-0.093698308,1.518261051,0.02535382,0.518475044,-1.036238525,1.467152433,1.541848642,0.450535912,0.564959186,0.891575305,-1.435860181,-0.802549208,48317.0588,116.5417199,48317.0588,116.5417199,969.5,1.878,-0.807
beltzvilleCombined,1531,0.392433114,0.623823674,-1.306102825,-0.892375235,1.504413926,0.025677615,0.741696069,-0.085360863,1.466714628,-0.768281692,0.469273689,0.701500932,0.71619394,-1.453654725,-1.501913374,48317.0588,116.5417199,48317.0588,116.5417199,969.5,1.878,-0.807
beltzvilleCombined,1532,0.489462203,0.639173996,-0.371090634,1.077435131,1.562453657,0.015056308,0.520722555,-0.52489891,1.470961939,1.498026845,0.425769574,0.815290172,-0.795234,-1.439959403,-0.802380248,48317.0588,116.5417199,48317.0588,116.5417199,969.5,1.878,-0.807
beltzvilleCombined,1533,0.487575021,0.627122215,-1.064768446,-0.836608047,1.481098193,0.024693494,0.753806687,-0.398060161,1.466609462,0.629360226,0.474907557,0.995826952,0.822671778,-1.502238401,-1.460134067,48317.0588,116.5417199,48317.0588,116.5417199,969.5,1.878,-0.807
beltzvilleCombined,1534,0.083665387,0.733570613,-0.478794563,-0.967913072,-1.243309595,0.054444804,0.551754291,-0.477878819,1.538329931,0.701452911,0.440673109,0.765645183,0.998114031,-1.520440883,0.133206824,48317.0588,116.5417199,48317.0588,116.5417199,969.5,1.878,-0.807
beltzvilleCombined,1535,0.344971491,0.565244288,-0.028705561,1.543059646,1.504759662,0.025035357,0.754019314,-0.371079484,1.470882147,-1.311080439,0.464784853,0.864934206,0.752183509,-1.42123685,-0.80952554,48317.0588,116.5417199,48317.0588,116.5417199,969.5,1.878,-0.807
beltzvilleCombined,1536,0.393097522,0.565244288,-0.028705561,-1.166040747,1.439136795,0.025035357,0.752221838,-0.401529594,1.472504272,-0.695882313,0.4647295,0.817019685,0.750060512,-1.42123685,-0.741956205,48317.0588,116.5417199,48317.0588,116.5417199,969.5,1.878,-0.807
beltzvilleCombined,1537,0.382396739,0.612025549,-0.37269224,-1.15232204,1.546865371,0.025179595,0.748179847,-0.370956681,1.471732426,0.462596282,0.469395781,0.816113165,0.749981129,-1.48393621,0.16054521,48317.0588,116.5417199,48317.0588,116.5417199,969.5,1.878,-0.807
beltzvilleCombined,1538,0.126073835,0.795715786,-0.454072864,-1.07412181,-1.505282445,0.041367165,0.517050152,-0.608132448,1.507328324,1.47094736,0.430323098,0.93190699,0.970473101,-1.482336326,0.050697962,48317.0588,116.5417199,48317.0588,116.5417199,969.5,1.878,-0.807
beltzvilleCombined,1539,0.253991079,0.601769132,-1.248322564,1.503996907,1.554687404,0.024786556,0.513061557,-0.416339673,1.428588712,1.458741632,0.464906874,0.784727464,0.894709438,-1.370923467,-1.246134294,48317.0588,116.5417199,48317.0588,116.5417199,969.5,1.878,-0.807
beltzvilleCombined,1540,0.488169338,0.602962226,-0.483872256,-0.302928254,1.517522255,0.026933006,0.511863364,-0.436085662,1.467754334,-0.743434506,0.474907557,0.782031438,0.841432975,-1.49305052,0.35129258,48317.0588,116.5417199,48317.0588,116.5417199,969.5,1.878,-0.807
beltzvilleCombined,1541,0.473627322,0.756954147,-0.150139469,-0.087685562,1.547915114,0.024865078,0.720287051,-0.39139195,1.461239096,-0.48410753,0.4737976,0.696395104,0.84477243,-1.51971693,-1.526577019,48317.0588,116.5417199,48317.0588,116.5417199,969.5,1.878,-0.807
beltzvilleCombined,1542,0.309672564,0.611608163,-0.491844201,-0.944783989,1.549309024,0.013347974,0.536398263,-0.337598445,1.432751581,-0.944056232,0.464711078,0.97910873,0.516019104,-1.091467036,-1.415126158,48317.0588,116.5417199,48317.0588,116.5417199,969.5,1.878,-0.807
beltzvilleCombined,1543,0.467132487,0.627595352,-0.024070364,-0.835999845,1.549176881,0.024864069,0.74291228,-0.393880703,1.472920031,0.308503094,0.423626136,0.996428274,0.854727861,-1.4491686,-1.476666593,48317.0588,116.5417199,48317.0588,116.5417199,969.5,1.878,-0.807
beltzvilleCombined,1544,0.164239386,0.798293212,-0.529739239,-1.030143779,-1.509759651,0.057022642,0.500251973,-0.393130663,1.557438439,1.518470176,0.440781662,0.542146618,0.925485396,-1.523939373,-0.85572354,48317.0588,116.5417199,48317.0588,116.5417199,969.5,1.878,-0.807
beltzvilleCombined,1545,0.252306338,0.614222328,-0.392509775,-0.865600338,1.535132434,0.053806744,0.758314128,0.748091498,1.566693543,0.547477024,0.440886242,0.854884395,0.460560022,-1.486557849,-0.832571269,48317.0588,116.5417199,48317.0588,116.5417199,969.5,1.878,-0.807
beltzvilleCombined,1546,0.488330817,0.628435267,-0.149803525,-0.029745028,1.480474942,0.02535264,0.75380556,-0.402908514,1.466778375,-0.767465844,0.474850919,0.991654998,0.8443595,-1.517967433,-1.493131475,48317.0588,116.5417199,48317.0588,116.5417199,969.5,1.878,-0.807
beltzvilleCombined,1547,0.473696486,0.757005565,-0.493420075,-0.016566137,1.549459762,0.025629963,0.541659748,-0.647399736,1.472023718,1.449575501,0.429895248,0.566132608,0.846258612,-1.409419886,-1.482566323,48317.0588,116.5417199,48317.0588,116.5417199,969.5,1.878,-0.807
beltzvilleCombined,1548,0.480535067,0.79592817,0.010083345,-1.09344877,1.509997258,0.026736447,0.56812334,-0.372545958,1.470979035,-0.397953264,0.442763142,0.991049414,0.835368465,-1.481193332,-1.498688807,48317.0588,116.5417199,48317.0588,116.5417199,969.5,1.878,-0.807
beltzvilleCombined,1549,0.350863564,0.625335488,-0.045483579,-1.034633796,1.511027302,0.025282213,0.501801033,-0.423423476,1.468186561,-0.465925183,0.474907557,0.864657677,0.8443595,-1.522834454,-0.929435401,48317.0588,116.5417199,48317.0588,116.5417199,969.5,1.878,-0.807
beltzvilleCombined,1550,0.473845651,0.623209304,-0.930913855,-0.148685943,1.479844018,0.025056841,0.753982153,0.390531914,1.467394665,-0.463274894,0.464800797,0.56181784,0.739404754,-1.453706276,-1.423162212,48317.0588,116.5417199,48317.0588,116.5417199,969.5,1.878,-0.807
beltzvilleCombined,1551,0.490286484,0.621240136,-0.071332008,-1.032076342,0.034170989,0.030645985,0.748129468,-0.736380288,1.488884626,1.528653086,0.434784703,0.552091339,0.880984811,-1.442691952,-1.481507361,48317.0588,116.5417199,48317.0588,116.5417199,969.5,1.878,-0.807
beltzvilleCombined,1552,0.176504275,0.6355222,-0.019612944,-1.186565302,1.510166493,0.055362543,0.919504668,-0.372773877,1.528059528,-0.652305947,0.420005165,0.581494835,1.030336757,-1.470449933,-0.923964576,48317.0588,116.5417199,48317.0588,116.5417199,969.5,1.878,-0.807
beltzvilleCombined,1553,0.174014727,0.795992152,-0.015065553,-0.904519241,1.504948588,0.025362892,0.517836671,-0.338482562,1.490332977,1.486761555,0.434784703,0.564625218,0.686807151,-1.425752713,-1.446143058,48317.0588,116.5417199,48317.0588,116.5417199,969.5,1.878,-0.807
beltzvilleCombined,1554,0.484674101,0.791712604,-0.407972814,1.528556113,1.565530724,0.023930116,0.977812891,-0.410757245,1.469060736,1.279788408,0.428136475,0.564306544,0.8443595,-1.428936881,0.154906492,48317.0588,116.5417199,48317.0588,116.5417199,969.5,1.878,-0.807
beltzvilleCombined,1555,0.272591176,0.759019786,-0.475392518,-0.52032797,1.543553538,0.054327623,0.526454145,-0.616363139,1.56894649,0.37113323,0.436185011,0.860010327,0.429634796,-1.087887686,-0.801448755,48317.0588,116.5417199,48317.0588,116.5417199,969.5,1.878,-0.807
beltzvilleCombined,1556,0.471985424,0.638464009,-0.466251215,-0.875705481,1.516231247,0.012639909,0.518510864,-0.392569438,1.460880038,0.605253236,0.44680727,0.787155308,0.415744274,-1.18793209,-0.352643041,48317.0588,116.5417199,48317.0588,116.5417199,969.5,1.878,-0.807
beltzvilleCombined,1557,0.480116745,0.626648715,-0.30535667,-0.974607422,1.422439406,0.025758209,0.788661272,-0.379690313,1.467730845,-0.587799796,0.442789937,0.822217962,0.833518066,-1.449246133,-1.487037209,48317.0588,116.5417199,48317.0588,116.5417199,969.5,1.878,-0.807
beltzvilleCombined,1558,0.147249171,0.788854361,-0.386321067,-1.093458149,1.45721445,0.057129353,0.752373305,-0.367838398,1.557438439,1.518470176,0.440781662,0.987950864,0.916694883,-1.521359627,-0.85572354,48317.0588,116.5417199,48317.0588,116.5417199,969.5,1.878,-0.807
beltzvilleCombined,1559,0.475013908,0.842234168,-0.452133146,-0.032660438,1.562088699,0.024689086,0.763335556,-0.3862683,1.485434463,-0.766399119,0.428679602,0.880296004,0.721680374,-1.454039569,-0.762878457,48317.0588,116.5417199,48317.0588,116.5417199,969.5,1.878,-0.807
beltzvilleCombined,1560,0.392433114,0.623588624,-0.02960661,-0.894328184,1.481058848,0.025677615,0.753806687,-0.400142209,1.466776434,-0.768281692,0.464744159,0.780416112,0.820842486,-1.487448927,-1.501913374,48317.0588,116.5417199,48317.0588,116.5417199,969.5,1.878,-0.807
beltzvilleCombined,1561,0.143902792,0.750819357,-0.048446685,-1.048813545,1.501005953,0.025671146,0.741711332,-0.398118936,1.466599371,-0.50561238,0.462295843,0.969793551,0.848868227,-1.45942932,-0.811774363,48317.0588,116.5417199,48317.0588,116.5417199,969.5,1.878,-0.807
beltzvilleCombined,1562,0.273219716,0.794946825,-0.471060057,-1.091807362,0.87046441,0.054336534,0.530991798,-0.630167412,1.56894649,1.372684481,0.428968473,0.861305325,0.429634796,-1.087704384,-0.802051354,48317.0588,116.5417199,48317.0588,116.5417199,969.5,1.878,-0.807
beltzvilleCombined,1563,0.157133917,0.883770463,-0.123040718,0.034889825,1.481090415,0.025746325,0.753831704,-0.400247068,1.470947116,-0.766926258,0.461304979,0.980533328,0.84422956,-1.517109459,-1.524903055,48317.0588,116.5417199,48317.0588,116.5417199,969.5,1.878,-0.807
beltzvilleCombined,1564,0.469717332,0.755679835,-0.365256071,-0.851534105,1.480474942,0.025282213,0.52485523,-0.413054378,1.468169769,-0.625166153,0.475470957,0.940891601,0.817842655,-1.513942178,-1.422162151,48317.0588,116.5417199,48317.0588,116.5417199,969.5,1.878,-0.807
beltzvilleCombined,1565,0.3424691,0.795977091,-0.056122148,-1.18722544,1.444635982,0.055222992,0.74588702,-0.399981724,1.540654328,-0.509187268,0.428639281,0.862279416,0.96859765,-1.444880245,0.003675853,48317.0588,116.5417199,48317.0588,116.5417199,969.5,1.878,-0.807
beltzvilleCombined,1566,0.11640017,0.796341873,-0.154832545,0.019494187,1.516116234,0.054228253,0.512909045,-0.41549875,1.54106282,1.317330375,0.431088803,0.587232393,0.955247381,-1.448506883,-1.547728474,48317.0588,116.5417199,48317.0588,116.5417199,969.5,1.878,-0.807
beltzvilleCombined,1567,0.133926689,0.729295518,-0.396368932,-0.884614794,1.525945839,0.012590883,0.519787178,-0.453909676,1.46267946,1.4665167,0.431100756,0.789629929,0.416743904,-1.417184405,-1.420831687,48317.0588,116.5417199,48317.0588,116.5417199,969.5,1.878,-0.807
beltzvilleCombined,1568,0.470863183,0.76916433,-0.385350952,-1.004667555,1.522571975,0.05389963,0.758512411,-0.478594454,1.569065662,0.674130039,0.43984887,0.621707837,0.423333885,-1.17189437,-1.457502988,48317.0588,116.5417199,48317.0588,116.5417199,969.5,1.878,-0.807
beltzvilleCombined,1569,0.273229954,0.768108953,-0.883562695,-0.056454367,1.553597269,0.054474615,0.772837727,0.688057026,1.569065662,0.689028213,0.412423822,0.874538386,0.389726918,-1.054479982,-0.803764027,48317.0588,116.5417199,48317.0588,116.5417199,969.5,1.878,-0.807
beltzvilleCombined,1570,0.390739118,0.598708985,-0.025275795,1.546405559,1.534905971,0.024016184,0.509964113,-0.039977639,1.470507007,-1.527381666,0.464784853,0.779254997,0.739201771,-1.431504513,-1.491608729,48317.0588,116.5417199,48317.0588,116.5417199,969.5,1.878,-0.807
beltzvilleCombined,1571,0.396368738,0.909433799,-0.041286028,0.015737516,-0.17463137,0.048456433,0.552066122,-0.663692368,1.533884457,1.479036566,0.427000479,0.544370977,0.959527816,-1.515752334,-1.05117465,48317.0588,116.5417199,48317.0588,116.5417199,969.5,1.878,-0.807
beltzvilleCombined,1572,0.49424762,0.797901447,-0.072413034,1.479602699,1.50096636,0.024084897,0.545782536,-1.052558496,1.470774442,1.458765804,0.434296609,0.983828098,0.88253126,-1.43650271,-1.519297877,48317.0588,116.5417199,48317.0588,116.5417199,969.5,1.878,-0.807
beltzvilleCombined,1573,0.298902633,0.62362283,-0.069065784,-1.11240486,1.480474942,0.025282213,0.552082437,-0.400247332,1.468186561,-0.465925183,0.475316595,0.864657677,0.83134494,-1.518573727,0.019597541,48317.0588,116.5417199,48317.0588,116.5417199,969.5,1.878,-0.807
beltzvilleCombined,1574,0.157126236,0.620435705,-0.065585898,-1.170500006,1.461145936,0.030646916,0.517253451,-0.734062925,1.487537088,1.517209106,0.434784703,0.548888803,0.876088954,-1.435333115,-0.020858377,48317.0588,116.5417199,48317.0588,116.5417199,969.5,1.878,-0.807
beltzvilleCombined,1575,0.261787189,0.621967601,-0.494645541,-0.480648914,1.516274394,0.026025214,0.755768795,-0.415520591,1.461180781,0.359817623,0.446869456,0.747859468,0.504076368,-1.203944441,-0.035118482,48317.0588,116.5417199,48317.0588,116.5417199,969.5,1.878,-0.807
beltzvilleCombined,1576,0.493677708,0.620416188,-0.020918922,-0.945513493,1.557708747,0.023733624,0.773642357,-0.390377943,1.466610879,1.032862442,0.4280726,0.997759251,0.846404331,-1.431072762,-0.791801227,48317.0588,116.5417199,48317.0588,116.5417199,969.5,1.878,-0.807
beltzvilleCombined,1577,0.296584631,0.75098482,-0.150139469,-0.854413519,1.502069671,0.024864069,0.785168941,-0.644319427,1.470917527,0.338756738,0.431723168,0.572211755,0.86135333,-1.437499574,-1.496268944,48317.0588,116.5417199,48317.0588,116.5417199,969.5,1.878,-0.807
beltzvilleCombined,1578,0.49359326,0.638108828,-0.300144284,1.022420838,1.546268434,0.014718261,0.536171067,-0.719818963,1.471094944,-0.68329946,0.454724356,0.5679748,-0.824196005,-0.952216835,-0.688606903,48317.0588,116.5417199,48317.0588,116.5417199,969.5,1.878,-0.807
beltzvilleCombined,1579,0.372691678,0.757174506,-0.488221747,-0.976348097,1.473071133,0.025702516,0.750329885,-0.398052746,1.460894793,-0.753610523,0.477105724,0.740391903,0.843313846,-1.490872014,-1.424216391,48317.0588,116.5417199,48317.0588,116.5417199,969.5,1.878,-0.807
beltzvilleCombined,1580,0.381320078,0.621948974,-0.788374268,-0.812340839,1.502652791,0.014258491,0.781413662,-1.162557489,1.485599879,-0.439597053,0.413141172,0.802024524,-0.338094661,-1.196790532,-1.434199037,48317.0588,116.5417199,48317.0588,116.5417199,969.5,1.878,-0.807
beltzvilleCombined,1581,0.463401838,0.755679835,-0.046418895,-1.011606171,1.480474942,0.025275978,0.753981027,-0.400247332,1.468178013,-0.511084917,0.474907557,0.523599565,0.817862715,-1.455480137,-1.422162151,48317.0588,116.5417199,48317.0588,116.5417199,969.5,1.878,-0.807
beltzvilleCombined,1582,0.219070745,0.775729596,-0.025211019,-0.837224596,1.549468519,0.026264639,0.74291228,-0.648316025,1.488366377,0.415104514,0.423345968,0.860148048,0.838814242,-1.49900487,-1.556639408,48317.0588,116.5417199,48317.0588,116.5417199,969.5,1.878,-0.807
beltzvilleCombined,1583,0.473696486,0.759474873,-0.147193178,-0.816800841,1.549459762,0.024865078,0.54271491,-0.651122525,1.470571552,-0.461174264,0.431723168,0.992258963,0.844489768,-1.450411761,-1.480386285,48317.0588,116.5417199,48317.0588,116.5417199,969.5,1.878,-0.807
beltzvilleCombined,1584,0.464216526,0.640238841,-0.460391691,1.03370878,1.517380353,0.012581877,0.541321769,-0.376298504,1.470920511,-0.68289788,0.464762107,0.699418099,-0.811499951,-1.451002852,-1.424619163,48317.0588,116.5417199,48317.0588,116.5417199,969.5,1.878,-0.807
beltzvilleCombined,1585,0.172461073,0.620437307,-0.385809664,-0.650974312,1.479324464,0.012810552,0.768928436,-0.473645521,1.459682662,1.512473654,0.477288305,0.68719113,0.411778654,-1.519666202,-1.457045374,48317.0588,116.5417199,48317.0588,116.5417199,969.5,1.878,-0.807
beltzvilleCombined,1586,0.496006286,0.766978521,-0.019866177,-0.837224596,1.54937691,0.024864069,0.74291228,-0.654658971,1.471223717,-0.459805326,0.423345968,0.860148048,0.864115617,-1.449950815,-1.514985763,48317.0588,116.5417199,48317.0588,116.5417199,969.5,1.878,-0.807
beltzvilleCombined,1587,0.150390162,0.770501276,-0.029272361,-1.04971113,1.55641458,0.024365762,0.530985683,-0.35494346,1.466096743,-0.601268627,0.487495773,0.996428274,0.721701694,-1.495859286,-1.460475016,48317.0588,116.5417199,48317.0588,116.5417199,969.5,1.878,-0.807
beltzvilleCombined,1588,0.486431135,0.793736835,-0.46025058,-1.203790238,1.553194385,0.055226988,0.502780761,-0.424880661,1.540654328,-0.890368207,0.439319316,0.932441665,0.932545271,-1.482236094,-1.509459241,48317.0588,116.5417199,48317.0588,116.5417199,969.5,1.878,-0.807
beltzvilleCombined,1589,0.346358799,0.781047749,-1.115056688,0.224800791,1.447094187,0.04216109,0.756012442,0.099699435,1.502581902,1.54848458,0.42932804,0.837571826,0.966783521,-1.440899915,-1.508304571,48317.0588,116.5417199,48317.0588,116.5417199,969.5,1.878,-0.807
beltzvilleCombined,1590,0.390760263,0.628118954,-0.025737616,1.538993351,1.504839936,0.025048363,0.749116882,-0.109783508,1.466658098,-0.421376741,0.469597083,0.817414658,0.734486247,-1.446786111,-1.460478927,48317.0588,116.5417199,48317.0588,116.5417199,969.5,1.878,-0.807
beltzvilleCombined,1591,0.48683113,0.789172927,-0.454496433,0.010133194,1.272246317,0.055418204,0.525366619,-0.367220408,1.541846335,1.424481111,0.427556479,0.510437865,0.964699346,-1.432495993,-0.028772601,48317.0588,116.5417199,48317.0588,116.5417199,969.5,1.878,-0.807
beltzvilleCombined,1592,0.489764067,0.764278913,-0.473426877,-1.112885608,1.202988479,0.053985037,0.536831579,0.735692541,1.569065662,0.701452911,0.437865594,0.859477062,0.389726918,-1.511486534,-1.390100718,48317.0588,116.5417199,48317.0588,116.5417199,969.5,1.878,-0.807
beltzvilleCombined,1593,0.115683661,0.928718896,-0.154832545,-1.052875473,1.534624235,0.05526169,0.75593501,-0.891393274,1.54106282,-0.38091747,0.431131351,0.792612366,0.970237842,-1.449846365,-1.520111536,48317.0588,116.5417199,48317.0588,116.5417199,969.5,1.878,-0.807
beltzvilleCombined,1594,0.48023944,0.826800181,-0.328496759,-1.269208031,1.562088699,0.02464731,0.510727148,-0.377933907,1.485733414,-0.673640649,0.429385232,0.983720005,0.721680374,-1.423647711,-1.461034805,48317.0588,116.5417199,48317.0588,116.5417199,969.5,1.878,-0.807
beltzvilleCombined,1595,0.388594372,0.676874024,-0.467140038,-0.834194288,1.559328897,0.051465115,0.513428383,-0.596864387,1.536217275,0.303046856,0.431162991,0.548842381,0.931420007,-1.44121745,-1.478499219,48317.0588,116.5417199,48317.0588,116.5417199,969.5,1.878,-0.807
beltzvilleCombined,1596,0.485754969,0.626570814,-0.36029894,-0.950460899,1.289103434,0.026742197,0.55149327,-0.372545958,1.472056033,0.159581953,0.442720261,0.842258221,0.838556386,-1.44138041,-0.494720046,48317.0588,116.5417199,48317.0588,116.5417199,969.5,1.878,-0.807
beltzvilleCombined,1597,0.491831963,0.640238841,-0.325479674,-1.017743307,1.564668638,0.015452953,0.797017812,-1.24333073,1.486462548,-0.690437901,0.408392176,0.698405168,-0.848234152,-1.256771552,-0.696320811,48317.0588,116.5417199,48317.0588,116.5417199,969.5,1.878,-0.807
beltzvilleCombined,1598,0.3296145,0.790515544,-0.39288427,-1.030143779,-1.527631844,0.057129353,0.509646213,-0.370497738,1.552817193,1.518470176,0.440781662,0.544920018,0.934853248,-1.523758734,-0.896910472,48317.0588,116.5417199,48317.0588,116.5417199,969.5,1.878,-0.807
beltzvilleCombined,1599,0.353311509,0.78980026,0.002468905,-1.003478562,1.541465155,0.025051385,0.753938334,0.747674916,1.470972328,-0.535404306,0.431216395,0.55949989,0.748653979,-1.435151282,-1.449554985,48317.0588,116.5417199,48317.0588,116.5417199,969.5,1.878,-0.807
beltzvilleCombined,1600,0.143849672,0.669724551,-0.509465642,-0.862123638,1.470474669,0.024864069,0.749978823,-0.393030132,1.47402204,-0.768661662,0.424573483,0.864188807,0.88029518,-1.518948099,-1.45574512,48317.0588,116.5417199,48317.0588,116.5417199,969.5,1.878,-0.807
beltzvilleCombined,1601,0.191116438,0.638152909,-0.305480596,-0.858245244,1.541241704,0.0276524,0.520609014,-0.500749843,1.470611618,-0.771708745,0.459574621,0.790566216,0.848337868,-1.431270956,-1.460385127,48317.0588,116.5417199,48317.0588,116.5417199,969.5,1.878,-0.807
beltzvilleCombined,1602,0.455105026,0.854186371,-0.50026476,-0.536680209,1.534705237,0.055473908,0.792074987,-0.552782941,1.541976943,1.553302146,0.431088803,0.815906972,0.973933129,-1.447627804,-0.756764628,48317.0588,116.5417199,48317.0588,116.5417199,969.5,1.878,-0.807
beltzvilleCombined,1603,0.388673648,0.626545917,-0.488922279,1.548234581,1.4794583,0.025771305,0.73747242,-0.408762223,1.466474275,1.43811718,0.442095762,0.999697914,0.839721811,-1.431973816,-1.460478927,48317.0588,116.5417199,48317.0588,116.5417199,969.5,1.878,-0.807
beltzvilleCombined,1604,0.493677708,0.620416188,-0.020918922,-0.390887784,1.5542282,0.023733624,0.773642357,-0.387564356,1.466418889,1.032862442,0.425077552,0.997759251,0.846404331,-1.431072762,0.339129075,48317.0588,116.5417199,48317.0588,116.5417199,969.5,1.878,-0.807
beltzvilleCombined,1605,0.273473507,0.609047843,-0.473075352,-0.52411505,1.554874969,0.102696668,0.51146533,-0.39949306,1.465137086,0.735787306,0.419514414,0.831960246,0.453549065,-1.121835234,-0.854205867,48317.0588,116.5417199,48317.0588,116.5417199,969.5,1.878,-0.807
beltzvilleCombined,1606,0.401800474,0.828464576,-0.154832545,-1.036229482,1.534624235,0.05526169,0.512909045,-0.373062343,1.535814289,-0.38091747,0.431088803,0.703857824,0.970237842,-1.447332064,-1.438674862,48317.0588,116.5417199,48317.0588,116.5417199,969.5,1.878,-0.807
beltzvilleCombined,1607,0.374576778,0.597881329,-0.265629915,-1.168673253,1.507579449,0.025732292,0.753802035,-0.484800967,1.467288151,-0.800506934,0.474885913,0.776004989,0.871961502,-1.500224914,-0.751036007,48317.0588,116.5417199,48317.0588,116.5417199,969.5,1.878,-0.807
beltzvilleCombined,1608,0.054273591,0.925067125,-0.156565527,-1.052683318,1.509856212,0.056842136,0.501199891,-0.889871362,1.540878196,-0.484463957,0.46244586,0.517172575,0.981165515,-1.522729606,-1.523210397,48317.0588,116.5417199,48317.0588,116.5417199,969.5,1.878,-0.807
beltzvilleCombined,1609,0.390738431,0.815915565,-0.05669549,1.538993351,1.462040896,0.024089859,0.801449482,-0.460015511,1.472422288,1.263277169,0.468782365,0.865790744,0.738524879,-1.447777441,0.018459093,48317.0588,116.5417199,48317.0588,116.5417199,969.5,1.878,-0.807
beltzvilleCombined,1610,0.473845651,0.623496287,-0.047903624,1.512714609,1.480474942,0.025056841,0.747330749,-0.394128414,1.467785146,-0.46336649,0.434620725,0.56181784,0.844398666,-1.453706276,0.564290727,48317.0588,116.5417199,48317.0588,116.5417199,969.5,1.878,-0.807
beltzvilleCombined,1611,0.149616561,0.630079563,-0.072413034,-0.871831151,1.473280403,0.026224429,0.546108031,-1.058127142,1.48762661,-0.706000484,0.431721751,0.983828098,0.846189841,-1.452499393,-0.739201559,48317.0588,116.5417199,48317.0588,116.5417199,969.5,1.878,-0.807
beltzvilleCombined,1612,0.267510471,0.76362085,-0.450607661,-0.969137639,-1.117719752,0.032014364,0.62746439,-1.443275768,1.539970819,1.539067445,0.427818523,0.826675338,0.432844169,-1.195906323,0.151098771,48317.0588,116.5417199,48317.0588,116.5417199,969.5,1.878,-0.807
beltzvilleCombined,1613,0.464443518,0.630790098,-0.296874459,-0.814081174,1.543158812,0.025567685,0.757208785,-0.39141304,1.466923532,-0.580415334,0.464800728,0.786350396,0.416527731,-1.191565437,-0.686887638,48317.0588,116.5417199,48317.0588,116.5417199,969.5,1.878,-0.807
beltzvilleCombined,1614,0.402179556,0.523097358,-0.377904551,-0.803586048,1.502984565,0.025426708,0.501153706,-0.370535604,1.466800083,1.559186268,0.464787338,0.787155439,0.783777183,-1.445889993,-1.416919371,48317.0588,116.5417199,48317.0588,116.5417199,969.5,1.878,-0.807
beltzvilleCombined,1615,0.473635765,0.774589945,-0.548106474,0.985202931,1.562379339,0.014597938,0.502955195,-0.375670361,1.467211224,-0.59147822,0.378310795,0.778276237,0.432293779,-1.308198366,-0.696449464,48317.0588,116.5417199,48317.0588,116.5417199,969.5,1.878,-0.807
beltzvilleCombined,1616,0.400668367,0.52904889,-0.875363824,-0.911309962,1.503056836,0.026332334,0.508632175,-0.559876197,1.466898386,1.563869049,0.464787338,0.777808039,0.782396124,-1.445889993,-1.530898245,48317.0588,116.5417199,48317.0588,116.5417199,969.5,1.878,-0.807
beltzvilleCombined,1617,0.350100397,0.621968537,-0.512255769,-1.005969974,1.516231247,0.01272152,0.762778139,-0.30888567,1.460880038,-0.423311347,0.446869456,0.789130501,0.47541789,-1.448646852,0.011880806,48317.0588,116.5417199,48317.0588,116.5417199,969.5,1.878,-0.807
beltzvilleCombined,1618,0.319821735,0.623595419,-0.048110471,-0.862256749,1.342155079,0.056455063,0.513110418,-0.393610945,1.540546093,-0.48480418,0.458122811,0.866191088,0.977687293,-1.523939373,-0.956161056,48317.0588,116.5417199,48317.0588,116.5417199,969.5,1.878,-0.807
beltzvilleCombined,1619,0.482242115,0.623177428,-0.50294678,-1.000030584,1.544929789,0.025019701,0.793129685,-0.391164585,1.467637138,-0.715481703,0.484474813,0.823361316,0.385362699,-1.521253708,-1.50338368,48317.0588,116.5417199,48317.0588,116.5417199,969.5,1.878,-0.807
beltzvilleCombined,1620,0.279595092,0.581706331,-0.543203188,-0.854617116,1.353633027,0.026787528,0.501216057,-0.541621193,1.468210741,-0.627962005,0.475225603,0.887023148,0.8443595,-1.527330508,0.043807802,48317.0588,116.5417199,48317.0588,116.5417199,969.5,1.878,-0.807
beltzvilleCombined,1621,0.385734925,0.7491237,-0.06661339,-0.268761502,1.505278456,0.025404964,0.789084853,-0.370898992,1.470518406,-0.582059392,0.464508713,0.817741084,0.734565548,-1.431615542,-1.524358779,48317.0588,116.5417199,48317.0588,116.5417199,969.5,1.878,-0.807
beltzvilleCombined,1622,0.390739118,0.623519443,-0.026534231,1.514478074,1.504498352,0.025035759,0.753987476,-0.401584463,1.470972665,-0.519715586,0.473865792,0.819895048,0.734565548,-1.43066011,-1.472661877,48317.0588,116.5417199,48317.0588,116.5417199,969.5,1.878,-0.807
beltzvilleCombined,1623,0.373841303,0.781067596,-0.072413034,-1.074982599,-0.718164801,0.03071679,0.755286484,-0.33898457,1.488258585,1.486761555,0.426806641,0.523993897,0.884079814,-1.436405908,-1.497924487,48317.0588,116.5417199,48317.0588,116.5417199,969.5,1.878,-0.807
beltzvilleCombined,1624,0.484016853,0.796762376,-0.153168169,-1.034872876,1.54132537,0.05680711,0.512699032,-0.439043469,1.537005179,0.487858396,0.45810514,0.539199735,0.976951926,-1.523455348,-0.878119462,48317.0588,116.5417199,48317.0588,116.5417199,969.5,1.878,-0.807
beltzvilleCombined,1625,0.259550546,0.825887543,-0.497657823,-0.913909924,1.543097291,0.01324542,0.520997633,-0.662645307,1.465451458,-0.650404201,0.457186184,0.825024538,0.409040862,-1.1009396,-0.982635059,48317.0588,116.5417199,48317.0588,116.5417199,969.5,1.878,-0.807
beltzvilleCombined,1626,0.498181458,0.625757726,-0.326261078,0.005712043,1.568277007,0.025743285,0.753806687,-1.210171341,1.486394344,-0.536616337,0.47337605,0.727182191,0.827946825,-1.49305052,0.167293482,48317.0588,116.5417199,48317.0588,116.5417199,969.5,1.878,-0.807
beltzvilleCombined,1627,0.473696486,0.757445747,-0.487113782,-0.016566137,1.549459762,0.025313645,0.541974594,-0.666361931,1.472023718,1.459598509,0.429895248,0.559274736,0.846258612,-1.450411761,-1.482569437,48317.0588,116.5417199,48317.0588,116.5417199,969.5,1.878,-0.807
beltzvilleCombined,1628,0.484663455,0.800139093,-0.325512829,0.081370025,1.481379603,0.030646916,0.512863515,-0.382152501,1.488978943,-0.519108773,0.434784703,0.733765833,0.892808843,-1.493641832,-0.802549208,48317.0588,116.5417199,48317.0588,116.5417199,969.5,1.878,-0.807
beltzvilleCombined,1629,0.170678582,0.633856214,-0.361613409,-1.076693239,1.568277007,0.025743285,0.753806687,-0.400222932,1.467484163,-0.766926258,0.474907557,0.558376881,0.8443595,-1.517865538,-1.424158694,48317.0588,116.5417199,48317.0588,116.5417199,969.5,1.878,-0.807
beltzvilleCombined,1630,0.474463522,0.63981398,-0.32546245,0.977269523,1.491827556,0.014048453,0.732177394,-0.401636225,1.469503655,-0.622241303,0.076195223,0.524403264,-0.826185841,-1.441119529,-1.479951375,48317.0588,116.5417199,48317.0588,116.5417199,969.5,1.878,-0.807
beltzvilleCombined,1631,0.258066537,0.784129399,-0.123040718,-0.023144672,1.480146106,0.025743285,0.512664588,-0.391925403,1.467484163,-0.766926258,0.44353376,0.993524011,0.838556386,-1.44138041,-1.428495502,48317.0588,116.5417199,48317.0588,116.5417199,969.5,1.878,-0.807
beltzvilleCombined,1632,0.493559582,0.621623785,-0.457696892,-0.941876703,1.516198132,0.013889098,0.750673161,-0.400652187,1.4653251,1.513566465,0.462424528,0.785863216,0.416743904,-1.187749597,-1.500070258,48317.0588,116.5417199,48317.0588,116.5417199,969.5,1.878,-0.807
beltzvilleCombined,1633,0.464025901,0.698157508,-0.534953062,0.057859044,1.517251014,0.025776989,0.543595101,-0.401506277,1.470215969,-0.865733181,0.446429324,0.813368542,0.844790514,-1.44284581,-1.448706541,48317.0588,116.5417199,48317.0588,116.5417199,969.5,1.878,-0.807
beltzvilleCombined,1634,0.483216622,0.658241844,-0.139290564,-1.100230258,1.534624235,0.055197777,0.82571571,-0.502551216,1.541114319,1.228301271,0.430560509,0.791447134,0.972242889,-1.434166869,-1.460223037,48317.0588,116.5417199,48317.0588,116.5417199,969.5,1.878,-0.807
beltzvilleCombined,1635,0.473696486,0.751300391,-0.456710491,-1.191884564,1.549764128,0.024868756,0.799679856,-0.650060918,1.472023718,1.459598509,0.429895248,0.825086931,0.844489768,-1.387956468,-1.482566323,48317.0588,116.5417199,48317.0588,116.5417199,969.5,1.878,-0.807
beltzvilleCombined,1636,0.205736584,0.810180472,-0.046625349,-1.017351415,1.543128502,0.056714833,0.50914366,0.752051238,1.536539441,1.57004857,0.45692899,0.581677929,0.913610737,-1.487490038,-0.060868496,48317.0588,116.5417199,48317.0588,116.5417199,969.5,1.878,-0.807
beltzvilleCombined,1637,0.494639362,0.62450401,-0.044361356,1.458662851,-0.304874005,0.024801584,0.523766086,-0.363636784,1.466383798,-0.442655377,0.43625874,0.980156438,0.852832322,-1.418596922,-0.832485246,48317.0588,116.5417199,48317.0588,116.5417199,969.5,1.878,-0.807
beltzvilleCombined,1638,0.487575021,0.758441657,-0.119714508,-0.988216788,1.550363059,0.025772446,0.515218508,-0.398980199,1.466497242,-0.479715996,0.474907557,0.989845339,0.822256671,-1.500048243,-0.929855515,48317.0588,116.5417199,48317.0588,116.5417199,969.5,1.878,-0.807
beltzvilleCombined,1639,0.473696486,0.743542507,-0.517271933,-0.816800841,1.549459762,0.024865078,0.542760563,-0.650060918,1.470899126,-0.709711045,0.431723168,0.813267995,0.844489768,-1.452187757,-1.482566323,48317.0588,116.5417199,48317.0588,116.5417199,969.5,1.878,-0.807
beltzvilleCombined,1640,0.444449768,0.657803537,0.00791122,-0.535425507,1.542010864,0.055289677,0.531894886,-0.502551216,1.540348707,1.295599125,0.431088803,0.538784511,0.976657858,-1.451331871,-0.114074993,48317.0588,116.5417199,48317.0588,116.5417199,969.5,1.878,-0.807
beltzvilleCombined,1641,0.016776005,0.622173002,-0.446579743,-0.880139512,1.522347264,0.012590883,0.532120566,-0.713376903,1.459682662,1.412691624,0.424801949,0.787208092,0.416743904,-1.447473048,-0.170101757,48317.0588,116.5417199,48317.0588,116.5417199,969.5,1.878,-0.807
beltzvilleCombined,1642,0.449079525,0.760161478,-0.44931202,-1.020794949,1.433765853,0.056491582,0.545498847,0.708056738,1.535929506,1.397486654,0.42569613,0.557784465,0.943054741,-1.427022841,-1.43665711,48317.0588,116.5417199,48317.0588,116.5417199,969.5,1.878,-0.807
beltzvilleCombined,1643,0.464422399,0.620546349,-0.454061439,-1.01284738,1.515550466,0.015730338,0.518982902,-0.415520591,1.460880038,0.553816926,0.447031268,0.781253698,0.471376685,-1.196064632,0.246937013,48317.0588,116.5417199,48317.0588,116.5417199,969.5,1.878,-0.807
beltzvilleCombined,1644,0.11367001,0.790555081,-0.154832545,-1.052875473,1.539149086,0.05526169,0.75593501,-0.891393274,1.541835896,-0.38091747,0.431131351,0.752481976,0.968479613,-1.449846365,0.059794938,48317.0588,116.5417199,48317.0588,116.5417199,969.5,1.878,-0.807
beltzvilleCombined,1645,0.163383845,0.602922087,-0.152754962,-1.046873305,1.50111281,0.025657287,0.516268739,-0.400247332,1.469705391,-0.76645727,0.474850919,0.936229793,0.8443595,-1.518150297,-0.815566055,48317.0588,116.5417199,48317.0588,116.5417199,969.5,1.878,-0.807
beltzvilleCombined,1646,0.486422893,0.931927987,-0.454589569,-0.734393506,1.436777424,0.05526169,0.516305059,-0.11230611,1.541073259,1.295426383,0.427556479,0.792015297,0.970357862,-1.447700866,-1.546952762,48317.0588,116.5417199,48317.0588,116.5417199,969.5,1.878,-0.807
beltzvilleCombined,1647,0.175590248,0.623202127,-0.325320409,-0.661311002,1.480474942,0.02505612,0.527068693,-0.370268418,1.468414393,-0.470547579,0.474907557,0.808143895,0.73450855,-1.521114699,-1.338059112,48317.0588,116.5417199,48317.0588,116.5417199,969.5,1.878,-0.807
beltzvilleCombined,1648,0.48705145,0.626570814,-0.4605087,0.003173784,1.516102939,0.026775677,0.56812334,-0.372486322,1.471522698,0.174860863,0.425664132,0.994871505,0.838556386,-1.42743375,-1.495625678,48317.0588,116.5417199,48317.0588,116.5417199,969.5,1.878,-0.807
beltzvilleCombined,1649,0.380363812,0.602211769,-0.676103237,-0.980941232,1.426594729,0.013981609,0.89773872,-1.18434675,1.485735918,1.520346921,0.446923248,0.811550443,-0.762599315,-1.45600145,-0.463693455,48317.0588,116.5417199,48317.0588,116.5417199,969.5,1.878,-0.807
beltzvilleCombined,1650,0.11640017,0.673262695,-0.151016271,-1.039447751,1.534624235,0.054814097,0.512909045,-0.371859838,1.539565984,1.479817926,0.430839177,0.79231485,0.967831237,-1.446002306,0.636057838,48317.0588,116.5417199,48317.0588,116.5417199,969.5,1.878,-0.807
beltzvilleCombined,1651,0.373617112,0.598753712,-0.26462786,-1.16753125,1.481036227,0.025732292,0.565722696,-0.480355817,1.467296878,-0.798959526,0.477074613,0.780668378,0.875706775,-1.519792119,-1.568094992,48317.0588,116.5417199,48317.0588,116.5417199,969.5,1.878,-0.807
beltzvilleCombined,1652,0.158694609,0.771673246,-0.365330501,-1.017980128,1.421132453,0.030569047,0.516887782,-0.615757298,1.488884626,1.516384591,0.426897055,0.795816268,0.871909375,-1.436367039,-0.854775981,48317.0588,116.5417199,48317.0588,116.5417199,969.5,1.878,-0.807
beltzvilleCombined,1653,0.468839744,0.785249733,-0.454589569,-1.084579756,1.444635982,0.055687627,0.516479932,-0.520056638,1.540654328,1.284095511,0.430187076,0.996786185,0.97694657,-1.434416971,-0.050723324,48317.0588,116.5417199,48317.0588,116.5417199,969.5,1.878,-0.807
beltzvilleCombined,1654,0.481315594,0.639217823,-0.325524285,1.022420838,1.564668638,0.015452953,0.517276401,-0.382125013,1.476838141,-0.624641069,0.462628112,0.684143833,-0.796257909,-0.595033769,0.023510351,48317.0588,116.5417199,48317.0588,116.5417199,969.5,1.878,-0.807
beltzvilleCombined,1655,0.466937124,0.831779261,-0.451836599,-0.628211135,1.483732756,0.024651664,0.521925707,-0.370298758,1.467485985,-0.476392893,0.474607931,0.540919326,0.844029794,-1.518018984,-1.489659832,48317.0588,116.5417199,48317.0588,116.5417199,969.5,1.878,-0.807
beltzvilleCombined,1656,0.197366193,0.628664941,-0.014063074,-0.548029598,1.42269299,0.014081841,0.749031373,-1.203302511,1.486088818,1.54564817,0.153560422,0.802876448,-0.289913747,-1.192006249,-0.819023025,48317.0588,116.5417199,48317.0588,116.5417199,969.5,1.878,-0.807
beltzvilleCombined,1657,0.463533597,0.766507051,-0.513366221,0.977233475,1.409489809,0.025276802,0.753981027,-0.480078804,1.471521284,-0.461235327,0.481839264,0.770651412,0.772736382,-1.521496357,0.0208751,48317.0588,116.5417199,48317.0588,116.5417199,969.5,1.878,-0.807
beltzvilleCombined,1658,0.349189858,0.619949154,-0.334643978,-0.982881099,1.496565465,0.04216109,0.627813403,0.076967564,1.500226318,-0.801347825,0.434313956,0.820051745,1.012219159,-1.520771546,-0.867805033,48317.0588,116.5417199,48317.0588,116.5417199,969.5,1.878,-0.807
beltzvilleCombined,1659,0.483437606,0.761221936,-0.376149834,-1.025504161,1.479593699,0.024675181,0.779463581,-0.654083975,1.462654749,-1.305165759,0.433495695,0.976202697,0.895681378,-1.45086007,-1.457498907,48317.0588,116.5417199,48317.0588,116.5417199,969.5,1.878,-0.807
beltzvilleCombined,1660,0.480026955,0.698157508,-0.534953062,-0.904617385,1.503711478,0.025776989,0.732772462,-0.400247332,1.467484163,-0.870059518,0.446429324,0.813368542,0.844790514,-1.44284581,-1.448706541,48317.0588,116.5417199,48317.0588,116.5417199,969.5,1.878,-0.807
beltzvilleCombined,1661,0.083665387,0.760336656,-0.251014509,-1.112885608,-1.21528404,0.054927252,0.515472327,-0.384338672,1.570574918,-0.652077659,0.427438061,0.86052498,0.423055987,-1.002088211,-0.947236841,48317.0588,116.5417199,48317.0588,116.5417199,969.5,1.878,-0.807
beltzvilleCombined,1662,0.484153729,0.637800603,-0.305478024,-1.159616649,1.506436701,0.025934048,0.508053885,-0.378329243,1.472595514,-0.57259094,0.442826184,0.931221057,0.851006521,-1.449454704,0.71282437,48317.0588,116.5417199,48317.0588,116.5417199,969.5,1.878,-0.807
beltzvilleCombined,1663,0.485754969,0.626570814,-0.394878592,-0.54103296,1.289103434,0.025786051,0.532006786,-0.372545958,1.472056033,1.301939921,0.442720261,0.550557891,0.83927961,-1.44138041,-0.108409188,48317.0588,116.5417199,48317.0588,116.5417199,969.5,1.878,-0.807
beltzvilleCombined,1664,0.444449768,0.657803537,0.042490872,-0.944853447,1.542010864,0.056245823,0.551381369,-0.502551216,1.540348707,0.153196275,0.431088803,0.830600207,0.975934634,-1.451331871,-0.500385852,48317.0588,116.5417199,48317.0588,116.5417199,969.5,1.878,-0.807
beltzvilleCombined,1665,0.48683113,0.79346589,-0.462383267,0.053946362,1.272246317,0.055418204,0.520218343,-0.106728943,1.541846335,0.508978256,0.427556479,0.537060523,0.964699346,-1.447663666,-0.868941724,48317.0588,116.5417199,48317.0588,116.5417199,969.5,1.878,-0.807
beltzvilleCombined,1666,0.483604006,0.620908299,-0.37978444,-1.007776462,1.548915548,0.012667379,0.566510782,0.735023796,1.462110693,1.497364188,0.440816694,0.786119077,-0.690485171,-1.385315149,-0.157128955,48317.0588,116.5417199,48317.0588,116.5417199,969.5,1.878,-0.807
beltzvilleCombined,1667,0.258066537,0.784129399,-0.123040718,0.000436234,1.480146106,0.024895592,0.508195865,-0.659292314,1.467484163,-0.766926258,0.44353376,0.994925041,0.838849278,-1.450208483,-1.501841383,48317.0588,116.5417199,48317.0588,116.5417199,969.5,1.878,-0.807
beltzvilleCombined,1668,0.353311509,0.793536772,0.002468905,-0.995887378,1.548374818,0.025048369,0.741276918,0.749195454,1.470972665,1.362667784,0.429445072,0.553672076,0.734565548,-1.436339934,-1.490128952,48317.0588,116.5417199,48317.0588,116.5417199,969.5,1.878,-0.807
beltzvilleCombined,1669,0.161559291,0.630211605,-0.378870358,-0.872700012,1.516090509,0.012642271,0.518479183,-0.621352074,1.46094254,-0.50530157,0.421887277,0.597457345,0.423103794,-1.187772568,-0.04287605,48317.0588,116.5417199,48317.0588,116.5417199,969.5,1.878,-0.807
beltzvilleCombined,1670,0.357973198,0.692137415,-0.390835616,-0.87377671,1.544659722,0.055071808,0.530248879,-0.373946946,1.541706109,1.44707437,0.460681555,0.79726614,0.962289526,-1.516547716,-0.836645973,48317.0588,116.5417199,48317.0588,116.5417199,969.5,1.878,-0.807
beltzvilleCombined,1671,0.11640017,0.790242838,-0.154832545,-1.023390262,1.534316495,0.05526169,0.512943908,-0.510133106,1.540654094,1.404473932,0.431088803,0.568473668,0.968613996,-1.448044505,-1.427452282,48317.0588,116.5417199,48317.0588,116.5417199,969.5,1.878,-0.807
beltzvilleCombined,1672,0.445744664,0.912842785,-0.453903418,-1.053031023,1.44494361,0.055226988,0.516270196,-0.901496616,1.541063054,-0.494284162,0.429202692,0.790570623,0.970201436,-1.440697124,-0.06752185,48317.0588,116.5417199,48317.0588,116.5417199,969.5,1.878,-0.807
beltzvilleCombined,1673,0.473845651,0.761970497,-0.047903624,-0.993074072,1.480474942,0.025671163,0.741276372,-0.400213739,1.467394665,-0.459022958,0.462035756,0.985519109,0.8443595,-1.453706276,0.601884484,48317.0588,116.5417199,48317.0588,116.5417199,969.5,1.878,-0.807
beltzvilleCombined,1674,0.486418066,0.809727318,-0.087019981,-1.218489588,1.546177223,0.02511012,0.510678505,0.059859719,1.468213102,1.524879991,0.466877488,0.707269399,0.707232061,-1.435155899,-1.277025962,48317.0588,116.5417199,48317.0588,116.5417199,969.5,1.878,-0.807
beltzvilleCombined,1675,0.468396082,0.63963189,-0.416924892,0.241791929,1.388455239,0.05688468,0.753735375,0.70784739,1.537488294,1.484144852,0.432837939,0.839175604,0.922185929,-1.434818404,-0.740973097,48317.0588,116.5417199,48317.0588,116.5417199,969.5,1.878,-0.807
beltzvilleCombined,1676,0.143849672,0.623347601,-0.484137753,-0.877458506,1.470474669,0.024864069,0.749978823,-0.400202504,1.47402204,-0.768661662,0.423918744,0.993304544,0.88029518,-1.503303198,-1.456481296,48317.0588,116.5417199,48317.0588,116.5417199,969.5,1.878,-0.807
beltzvilleCombined,1677,0.389466965,0.738598531,-0.150139469,-0.908542801,1.478929783,0.024864069,0.785804195,-0.644319427,1.470917527,0.338756738,0.440412898,0.572211755,0.833604275,-1.437499574,-1.495967904,48317.0588,116.5417199,48317.0588,116.5417199,969.5,1.878,-0.807
beltzvilleCombined,1678,0.289082888,0.750349141,-0.479194532,0.055969636,1.50361483,0.026093703,0.75306063,-0.400247332,1.467950932,-0.766926258,0.43190166,0.962027108,0.861719115,-1.49305052,-1.492671341,48317.0588,116.5417199,48317.0588,116.5417199,969.5,1.878,-0.807
beltzvilleCombined,1679,0.351384378,0.620871312,-0.383889603,-0.836527265,1.480155977,0.015095596,0.750272642,0.058528161,1.460893584,-0.57836328,0.436276772,0.811964544,0.416743904,-1.461335532,-1.420339135,48317.0588,116.5417199,48317.0588,116.5417199,969.5,1.878,-0.807
beltzvilleCombined,1680,0.489462203,0.639173996,-0.405570611,1.085710637,1.568566599,0.015056308,0.547763928,-0.707188647,1.470830203,1.564390316,0.424837444,0.816048941,0.489873773,-1.439959403,-0.819684178,48317.0588,116.5417199,48317.0588,116.5417199,969.5,1.878,-0.807
beltzvilleCombined,1681,0.474604719,0.764541262,-0.453332241,-0.963201071,1.532611989,0.02464731,0.521662154,-0.426380946,1.485462537,0.589073633,0.426994606,0.894451021,0.743328955,-1.525806953,-1.447784264,48317.0588,116.5417199,48317.0588,116.5417199,969.5,1.878,-0.807
beltzvilleCombined,1682,0.157894481,0.623600829,-0.334646275,-1.018542122,1.544929789,0.025085575,0.793129685,-0.391164585,1.467644993,-0.475132285,0.469301406,0.819844435,0.860559759,-1.521253708,-1.50338368,48317.0588,116.5417199,48317.0588,116.5417199,969.5,1.878,-0.807
beltzvilleCombined,1683,0.390755213,0.666517563,-0.046418895,1.497848805,-0.901938543,0.025128889,0.505897102,-0.481534511,1.470591523,-1.546767533,0.474907557,0.817507329,0.736115496,-1.44569843,-1.505010516,48317.0588,116.5417199,48317.0588,116.5417199,969.5,1.878,-0.807
beltzvilleCombined,1684,0.392358404,0.62362283,-0.046262313,1.538993351,1.503014256,0.025411037,0.753987476,-0.37635981,1.471217662,1.526462475,0.469518032,0.830648006,0.734437203,-1.430821546,-1.519410944,48317.0588,116.5417199,48317.0588,116.5417199,969.5,1.878,-0.807
beltzvilleCombined,1685,0.153318593,0.649620848,-0.072413034,-1.032677937,1.475842119,0.031715079,0.552392583,-1.007521339,1.488884626,1.517209106,0.434784703,0.564625218,0.938424658,-1.435860181,-0.769323799,48317.0588,116.5417199,48317.0588,116.5417199,969.5,1.878,-0.807
beltzvilleCombined,1686,0.394055572,0.623494775,-0.48469987,-1.002222393,1.54933488,0.027871727,0.529655339,-0.30900901,1.470557056,-0.608979838,0.46463086,0.991878772,0.861924762,-1.481941873,-0.031770127,48317.0588,116.5417199,48317.0588,116.5417199,969.5,1.878,-0.807
beltzvilleCombined,1687,0.385862045,0.677709112,-0.450554633,-1.248502254,1.503871815,0.025673956,0.754253825,-0.371179736,1.46787814,-0.680276383,0.474429491,0.65914667,0.734566649,-1.438657903,-1.519410944,48317.0588,116.5417199,48317.0588,116.5417199,969.5,1.878,-0.807
beltzvilleCombined,1688,0.382105588,0.629770902,-0.321180493,-0.931799637,1.473280403,0.026224429,0.539435599,-1.122009974,1.485867902,-0.710383665,0.427828361,0.768010455,0.846229007,-1.455414588,-0.449580435,48317.0588,116.5417199,48317.0588,116.5417199,969.5,1.878,-0.807
beltzvilleCombined,1689,0.093832692,0.755604001,-0.141456948,-0.972026393,-1.375932781,0.053982301,0.784837298,-0.402408381,1.568942288,-0.4674297,0.445946983,0.819089576,0.389726918,-1.287449542,-0.942801282,48317.0588,116.5417199,48317.0588,116.5417199,969.5,1.878,-0.807
beltzvilleCombined,1690,0.489462203,0.639173996,-0.305480596,1.022420838,1.56249154,0.014778702,0.795950019,-0.565032869,1.468091702,-0.683997289,0.424837444,0.815026054,-0.795234,-1.517084913,-0.738082445,48317.0588,116.5417199,48317.0588,116.5417199,969.5,1.878,-0.807
beltzvilleCombined,1691,0.480189488,0.777150555,-0.041286028,0.084942886,-0.146574121,0.049187544,0.556249287,-0.059220981,1.535827873,1.54386,0.427014729,0.552149878,0.960207537,-1.515752334,-1.04152956,48317.0588,116.5417199,48317.0588,116.5417199,969.5,1.878,-0.807
beltzvilleCombined,1692,0.471557091,0.625772574,-0.329585595,-0.806836456,1.422883992,0.014046974,0.735327011,-1.20849314,1.485599879,1.562114178,0.135923936,0.803101017,-0.323086939,-1.186942677,-1.434199037,48317.0588,116.5417199,48317.0588,116.5417199,969.5,1.878,-0.807
beltzvilleCombined,1693,0.130567164,0.600591768,-0.09457646,-1.284998071,1.530176029,0.02602383,0.793129685,-0.391164585,1.467637138,-0.529774628,0.469256712,0.819836886,0.860559759,-1.521253708,-1.50338368,48317.0588,116.5417199,48317.0588,116.5417199,969.5,1.878,-0.807
beltzvilleCombined,1694,0.483216622,0.617908021,-0.448957428,-1.201161372,1.520505361,0.05526169,0.516254192,-0.520236448,1.541769186,1.5199002,0.431088803,0.791447134,0.968344258,-1.447711044,-0.002738904,48317.0588,116.5417199,48317.0588,116.5417199,969.5,1.878,-0.807
beltzvilleCombined,1695,0.400668367,0.525898238,-0.881089212,-1.157226049,1.503501711,0.025426708,0.531561856,-1.029848122,1.48832112,1.526843158,0.454670257,0.784788915,0.78000387,-1.445875388,-1.531859426,48317.0588,116.5417199,48317.0588,116.5417199,969.5,1.878,-0.807
beltzvilleCombined,1696,0.162227996,0.8678617,-0.475133122,-0.520581548,1.500802553,0.056495869,0.513110474,0.784972709,1.536451691,-1.467146092,0.424316317,0.602660499,0.945175841,-1.435336368,-0.789957707,48317.0588,116.5417199,48317.0588,116.5417199,969.5,1.878,-0.807
beltzvilleCombined,1697,0.480207313,0.829359173,-0.452133146,-1.048556551,1.544174574,0.02464731,0.510708605,-0.499503279,1.485462537,-0.673548426,0.431722759,0.807258647,0.744429133,-1.49759432,-1.56353175,48317.0588,116.5417199,48317.0588,116.5417199,969.5,1.878,-0.807
beltzvilleCombined,1698,0.468157733,0.761644806,-0.466284205,-1.317726085,0.214622124,0.031996932,0.542045806,-1.443275768,1.540647846,-0.642321614,0.438339969,0.689948199,0.38483735,-1.438520254,0.262285107,48317.0588,116.5417199,48317.0588,116.5417199,969.5,1.878,-0.807
beltzvilleCombined,1699,0.087886093,0.593964867,-0.295278589,-1.051211763,1.500823177,0.019013663,0.743283992,0.830509151,1.462901768,-0.530853206,0.429632831,0.756287642,0.402083333,-1.250843684,-1.097422403,48317.0588,116.5417199,48317.0588,116.5417199,969.5,1.878,-0.807
beltzvilleCombined,1700,0.143902792,0.750819357,-0.029272361,-0.971847738,1.549085945,0.025420493,0.838686094,-0.398127397,1.46659743,-1.075866074,0.462295843,0.847692746,0.823874098,-1.493223522,-0.811774363,48317.0588,116.5417199,48317.0588,116.5417199,969.5,1.878,-0.807
beltzvilleCombined,1701,0.147858344,0.640485321,-0.029272361,-0.982780004,1.454299348,0.025671146,0.805356486,-0.398127397,1.466481677,-1.001348828,0.465248091,0.815268687,0.773433242,-1.436873681,-0.700260565,48317.0588,116.5417199,48317.0588,116.5417199,969.5,1.878,-0.807
beltzvilleCombined,1702,0.122469906,0.622326465,-0.484137753,-0.987164571,1.476472821,0.024864069,0.749978823,-0.393788021,1.47402204,-0.743142104,0.424164624,0.867958414,0.88029518,-1.520942729,-1.460510742,48317.0588,116.5417199,48317.0588,116.5417199,969.5,1.878,-0.807
beltzvilleCombined,1703,0.371408019,0.62362283,-0.144377708,-0.862903625,1.533224449,0.02511012,0.753987476,-0.371196409,1.471089052,-0.391929917,0.469683748,0.816082214,0.710760824,-1.431615542,-1.455713305,48317.0588,116.5417199,48317.0588,116.5417199,969.5,1.878,-0.807
beltzvilleCombined,1704,0.470863183,0.537868811,-0.118059182,0.001806853,-1.339884384,0.05389963,0.772787224,-0.479266578,1.569065662,0.674130039,0.484616694,0.86052498,0.365258784,-1.492632791,-1.457502988,48317.0588,116.5417199,48317.0588,116.5417199,969.5,1.878,-0.807
beltzvilleCombined,1705,0.27852288,0.64349351,-0.808120703,-0.940230024,1.570796327,0.021128382,0.525544981,-0.370649333,1.458503736,-0.459955274,0.437323106,0.895097157,0.435332172,-1.078618188,-1.438214862,48317.0588,116.5417199,48317.0588,116.5417199,969.5,1.878,-0.807
beltzvilleCombined,1706,0.247294404,0.629934426,-0.32855016,-1.026806857,1.435597422,0.032079115,0.925897683,-0.589171343,1.523833097,-0.490480872,0.436386533,0.630385676,0.481059125,-1.435111772,-1.035153116,48317.0588,116.5417199,48317.0588,116.5417199,969.5,1.878,-0.807
beltzvilleCombined,1707,0.161778991,0.974397914,-0.37347626,-1.023446817,1.428762354,0.053456007,0.513110474,0.708496035,1.540786033,1.321270552,0.41320355,0.77441587,0.931675594,-1.444994608,-0.84842499,48317.0588,116.5417199,48317.0588,116.5417199,969.5,1.878,-0.807
beltzvilleCombined,1708,0.479018361,0.620934103,-0.498331976,0.049111074,1.473280403,0.027016849,0.539435599,-1.052008227,1.488017091,-0.723635194,0.434710664,0.964008185,0.846178516,-1.452499393,-1.459105072,48317.0588,116.5417199,48317.0588,116.5417199,969.5,1.878,-0.807
beltzvilleCombined,1709,0.47280806,0.753006344,-0.443891967,-0.918099138,1.530582444,0.012115748,0.626326603,-1.41030445,1.462922946,1.419496342,0.425806944,0.563598991,0.353609628,-1.188221142,0.071657623,48317.0588,116.5417199,48317.0588,116.5417199,969.5,1.878,-0.807
beltzvilleCombined,1710,0.130913769,0.622202316,-0.338240819,-0.570938679,1.568124103,0.052223179,0.517135987,1.097178819,1.461647161,0.103656768,0.388691823,0.749104673,0.247688635,-0.611308246,-1.420304573,48317.0588,116.5417199,48317.0588,116.5417199,969.5,1.878,-0.807
beltzvilleCombined,1711,0.300604931,0.625772574,-0.483460597,-0.79476051,1.422883992,0.013969764,0.89773872,-1.180018121,1.485599879,1.413552516,0.450274231,0.817541153,-0.762599315,-1.382242424,-0.493866407,48317.0588,116.5417199,48317.0588,116.5417199,969.5,1.878,-0.807
beltzvilleCombined,1712,0.395421094,0.759474873,-0.150504075,-0.816800841,1.549459762,0.024865078,0.755413325,-0.649882058,1.471010112,-0.509700004,0.431723168,0.978847746,0.844461096,-1.451621266,-1.482566323,48317.0588,116.5417199,48317.0588,116.5417199,969.5,1.878,-0.807
beltzvilleCombined,1713,0.498047263,0.62362283,-0.123040718,-1.057097891,1.349288404,0.025743285,0.52149961,-0.400247332,1.461838879,0.449990262,0.474907557,0.979661915,0.8443595,-1.493066817,-1.494940058,48317.0588,116.5417199,48317.0588,116.5417199,969.5,1.878,-0.807
beltzvilleCombined,1714,0.391724789,0.627489818,-0.497200181,-0.761358213,1.467091816,0.025426708,0.769136189,-0.164956144,1.463025483,-0.65492772,0.459835894,0.849294057,0.739383887,-1.443778621,-1.52216122,48317.0588,116.5417199,48317.0588,116.5417199,969.5,1.878,-0.807
beltzvilleCombined,1715,0.323319809,0.810404915,-0.454713172,1.447231895,1.567841887,0.012217287,0.530045844,-0.394926039,1.432191046,1.396765327,0.457241701,0.796043428,0.726623618,-1.479279326,-0.368573451,48317.0588,116.5417199,48317.0588,116.5417199,969.5,1.878,-0.807
beltzvilleCombined,1716,0.374576778,0.597881329,-0.265629915,-1.168652831,1.507556758,0.025732292,0.753802035,-0.484800967,1.467288152,-0.800470883,0.474885913,0.776004989,0.871961502,-1.519821486,-0.751036007,48317.0588,116.5417199,48317.0588,116.5417199,969.5,1.878,-0.807
beltzvilleCombined,1717,0.42857841,0.623824664,-0.043262643,-1.155816257,1.447743255,0.024089859,0.836384842,-0.370898992,1.47248039,1.404751379,0.468351323,0.865584465,0.756187656,-1.449603133,0.018459093,48317.0588,116.5417199,48317.0588,116.5417199,969.5,1.878,-0.807
beltzvilleCombined,1718,0.373617112,0.598753712,-0.26462786,-1.167551673,1.481058917,0.025732292,0.565722696,-0.480355817,1.467296876,-0.798995577,0.477074613,0.780668378,0.875706775,-1.500195547,-1.568094992,48317.0588,116.5417199,48317.0588,116.5417199,969.5,1.878,-0.807
beltzvilleCombined,1719,0.049277605,0.753765919,-1.460111007,-0.892699654,1.549935283,0.024971251,0.825837219,-0.650060918,1.472333086,1.465156777,0.437808338,0.566132608,0.844489768,-1.450411761,-1.482566323,48317.0588,116.5417199,48317.0588,116.5417199,969.5,1.878,-0.807
beltzvilleCombined,1720,0.372037246,0.761466843,-0.450217576,-1.044720241,1.541824417,0.056495869,0.545498847,0.782747349,1.530612269,1.404573405,0.445651342,0.913740976,0.945199891,-1.46425724,0.081931076,48317.0588,116.5417199,48317.0588,116.5417199,969.5,1.878,-0.807
beltzvilleCombined,1721,0.449266929,0.621616595,-0.988464971,0.673921304,1.548464895,0.03063087,0.51686128,-0.615757298,1.484855217,-0.565169145,0.434736363,0.580916306,0.885728866,-1.433096815,-1.01648326,48317.0588,116.5417199,48317.0588,116.5417199,969.5,1.878,-0.807
beltzvilleCombined,1722,0.440573183,0.625703931,-0.488034787,-0.818987076,1.48157103,0.014170436,0.532448492,-1.157697599,1.485510035,-0.594723394,0.236373705,0.749603733,-0.294941089,-1.367821674,-0.69748014,48317.0588,116.5417199,48317.0588,116.5417199,969.5,1.878,-0.807
beltzvilleCombined,1723,0.279079916,0.623983184,-0.125319445,0.021021202,1.353633027,0.026768837,0.50090292,-0.541621193,1.468210741,-0.7704452,0.475225603,0.899571564,0.844356548,-1.527702917,-1.451067501,48317.0588,116.5417199,48317.0588,116.5417199,969.5,1.878,-0.807
beltzvilleCombined,1724,0.480026955,0.698777946,-0.013022395,-0.873178907,1.479839359,0.025792581,0.732772462,-0.400247332,1.467484163,-0.624443063,0.445842181,0.887906788,0.844793466,-1.44284581,-1.419431436,48317.0588,116.5417199,48317.0588,116.5417199,969.5,1.878,-0.807
beltzvilleCombined,1725,0.397127868,0.600977529,-0.055274605,-1.10678214,1.505278456,0.025082438,0.789436418,-0.370898992,1.47205779,1.355357321,0.464784853,0.823045095,0.768614212,-1.435289162,-1.516125549,48317.0588,116.5417199,48317.0588,116.5417199,969.5,1.878,-0.807
beltzvilleCombined,1726,0.492300107,0.638322823,-0.312630097,1.05141595,1.563230871,0.014718261,0.792213506,-0.754955895,1.461338092,-0.684022786,0.397129815,0.785605585,-0.848031702,-1.444365779,-0.688606903,48317.0588,116.5417199,48317.0588,116.5417199,969.5,1.878,-0.807
beltzvilleCombined,1727,0.492679693,0.643142392,-0.466251215,-0.887500458,1.467705134,0.012062527,0.541390929,-0.398032641,1.460992438,-0.949637976,0.448138279,0.818174445,0.429212763,-1.187785339,-1.414556372,48317.0588,116.5417199,48317.0588,116.5417199,969.5,1.878,-0.807
beltzvilleCombined,1728,0.481744604,0.752877915,-0.148694812,-1.065163269,1.512754608,0.012107665,0.518510864,-0.371924297,1.460884753,0.482305817,0.451079369,0.790484101,0.415666643,-1.188102621,-1.4172078,48317.0588,116.5417199,48317.0588,116.5417199,969.5,1.878,-0.807
beltzvilleCombined,1729,0.271535067,0.597319214,-0.267770146,-1.005659357,1.554056997,0.164952048,0.934981504,0.221579904,1.540873955,-0.664933429,0.440614333,0.777834101,-0.237396516,-1.190188914,-1.495442472,48317.0588,116.5417199,48317.0588,116.5417199,969.5,1.878,-0.807
beltzvilleCombined,1730,0.162137663,0.760161478,-0.44932189,-0.52285279,1.436565336,0.056495869,0.514109101,0.77038858,1.535799381,1.411724559,0.424620596,0.557784465,0.939394212,-1.427022841,-1.534434007,48317.0588,116.5417199,48317.0588,116.5417199,969.5,1.878,-0.807
beltzvilleCombined,1731,0.477755109,0.689547906,-0.382990585,-1.021610181,1.550601352,0.025111121,0.587682803,-0.358600803,1.463028705,1.426952743,0.440633029,0.629269552,0.781220984,-1.443694606,-0.73778496,48317.0588,116.5417199,48317.0588,116.5417199,969.5,1.878,-0.807
beltzvilleCombined,1732,0.049277605,0.753765919,-0.477292171,-0.863160138,1.549935283,0.02496818,0.825837219,-0.650453198,1.474054426,1.465156777,0.437620262,0.566132608,0.844489768,-1.450411761,-1.482071836,48317.0588,116.5417199,48317.0588,116.5417199,969.5,1.878,-0.807
beltzvilleCombined,1733,0.147753525,0.59909086,-0.487265927,-0.945044898,1.557907521,0.164952048,0.938541176,-0.686824948,1.555955649,-0.660766943,0.114033194,0.77765753,-0.237396516,-1.21724171,-0.860144376,48317.0588,116.5417199,48317.0588,116.5417199,969.5,1.878,-0.807
beltzvilleCombined,1734,0.473498948,0.75524021,-1.225748297,1.392034624,1.516509625,0.012829542,0.512620913,-0.398003441,1.460451074,0.489841846,0.436458802,0.820343772,0.415744274,-1.191481559,-1.440407617,48317.0588,116.5417199,48317.0588,116.5417199,969.5,1.878,-0.807
beltzvilleCombined,1735,0.488839074,0.692137415,-0.453027807,-0.862717821,1.542803402,0.055071808,0.53147762,-0.627723294,1.537042165,1.470687756,0.446872915,0.794604695,0.968556023,-1.447172392,0.024790105,48317.0588,116.5417199,48317.0588,116.5417199,969.5,1.878,-0.807
beltzvilleCombined,1736,0.383273417,0.625619213,-0.144718389,-0.896141126,1.537851135,0.014077253,0.788365884,-1.157448499,1.485597941,1.562114178,0.433893119,0.840089392,-0.324562035,-1.186942677,-1.434199037,48317.0588,116.5417199,48317.0588,116.5417199,969.5,1.878,-0.807
beltzvilleCombined,1737,0.480026955,0.701300886,-1.470093343,0.001909019,1.479839359,0.02577389,0.754301247,-0.400247332,1.472282042,-0.56354667,0.445842181,0.813368542,0.844790514,-1.43205669,-1.448767447,48317.0588,116.5417199,48317.0588,116.5417199,969.5,1.878,-0.807
beltzvilleCombined,1738,0.484123172,0.819641771,-0.464939991,-1.024101313,1.540631083,0.02749536,0.772939361,-0.646526262,1.461644054,-0.891408875,0.455127637,0.791191825,0.924166115,-1.448099701,-0.981629244,48317.0588,116.5417199,48317.0588,116.5417199,969.5,1.878,-0.807
beltzvilleCombined,1739,0.482200991,0.699434747,-0.123040718,-1.112059553,1.50469727,0.025246862,0.50471022,-0.401046764,1.467401646,1.502495988,0.471070464,0.994274224,0.72846332,-1.440906089,-1.500186632,48317.0588,116.5417199,48317.0588,116.5417199,969.5,1.878,-0.807
beltzvilleCombined,1740,0.486027036,0.628402799,-1.460111007,-0.886602442,1.549935283,0.024971251,0.825837219,-0.650060918,1.472333086,-0.182159663,0.437808338,0.552409059,0.844489768,-1.46039237,-1.482566323,48317.0588,116.5417199,48317.0588,116.5417199,969.5,1.878,-0.807
beltzvilleCombined,1741,0.206009355,0.580658755,-0.100885524,-0.008368463,1.480474942,0.030755352,0.623511286,-0.522149251,1.465771438,-0.797615681,0.475124517,0.985192632,0.892918199,-1.518713308,-1.492372071,48317.0588,116.5417199,48317.0588,116.5417199,969.5,1.878,-0.807
beltzvilleCombined,1742,0.353340372,0.620908276,-0.390176117,-0.801957208,1.48042756,0.015126047,0.75020393,0.058528161,1.46087941,-0.979379524,0.436276772,0.812197108,0.416743904,-1.461335532,-1.42077513,48317.0588,116.5417199,48317.0588,116.5417199,969.5,1.878,-0.807
beltzvilleCombined,1743,0.206009355,0.620239277,-0.124653252,0.013231561,1.480461065,0.025743285,0.753806687,-0.398116305,1.466532107,-0.830843481,0.476174135,0.984940417,0.840227973,-1.497671341,-0.786202288,48317.0588,116.5417199,48317.0588,116.5417199,969.5,1.878,-0.807
beltzvilleCombined,1744,0.481929598,0.630633463,-0.497462371,-0.934047055,1.57068507,0.02465863,0.542092678,0.92331539,1.463522148,1.414717768,0.480635043,0.980789672,0.233648036,-1.453487768,-0.030199807,48317.0588,116.5417199,48317.0588,116.5417199,969.5,1.878,-0.807
beltzvilleCombined,1745,0.473845651,0.623434587,-0.028293011,1.449039458,1.480474942,0.025013218,0.753982153,-0.400247332,1.467394665,-0.46336649,0.464799896,0.56181784,0.844212892,-1.487203568,-0.039868691,48317.0588,116.5417199,48317.0588,116.5417199,969.5,1.878,-0.807
beltzvilleCombined,1746,0.477523662,0.77576886,-0.028553532,-0.496528688,1.504576009,0.025919835,0.754183097,-0.371186269,1.468317008,0.953435549,0.46919447,0.808030133,0.760073341,-1.431329238,-0.020498441,48317.0588,116.5417199,48317.0588,116.5417199,969.5,1.878,-0.807
beltzvilleCombined,1747,0.486849745,0.62985404,-0.483546059,1.452748778,0.487417628,0.023946527,0.550783373,-0.165915112,1.466446534,-0.593517004,0.424806645,0.685254248,0.846227259,-1.439182638,-1.522267973,48317.0588,116.5417199,48317.0588,116.5417199,969.5,1.878,-0.807
beltzvilleCombined,1748,0.099160227,0.75361205,-0.072413034,-0.093698308,1.433030896,0.025788913,0.517253451,-1.097689061,1.467441223,1.541848642,0.434784703,0.564959186,0.934383295,-1.435860181,-0.820983373,48317.0588,116.5417199,48317.0588,116.5417199,969.5,1.878,-0.807
beltzvilleCombined,1749,0.365737903,0.777527502,-0.268511817,-0.552861859,1.543863331,0.027664728,0.660997207,-0.760618026,1.483988235,0.750657738,0.440617891,0.859848789,0.876196084,-1.488122039,-0.806522457,48317.0588,116.5417199,48317.0588,116.5417199,969.5,1.878,-0.807
beltzvilleCombined,1750,0.391463588,0.599218123,-0.954895492,1.055714874,1.503014256,0.025411037,0.751994398,-0.287018882,1.471217662,-1.406123902,0.427468639,0.568235108,0.85461131,-1.377603191,-1.121687895,48317.0588,116.5417199,48317.0588,116.5417199,969.5,1.878,-0.807
beltzvilleCombined,1751,0.454024532,0.788050887,-0.324678885,-0.944682724,1.466681813,0.063391686,0.777422263,-1.105745244,1.547739789,-1.466801663,0.442911897,0.78747129,1.01060541,-1.491269406,0.278671267,48317.0588,116.5417199,48317.0588,116.5417199,969.5,1.878,-0.807
beltzvilleCombined,1752,0.473845651,0.623434587,-0.766224501,1.553277657,1.480474942,0.025056841,0.753982153,-0.400247332,1.467394665,-0.46336649,0.431631812,0.56181784,0.8443595,-1.453706276,0.601884484,48317.0588,116.5417199,48317.0588,116.5417199,969.5,1.878,-0.807
beltzvilleCombined,1753,0.349189858,0.619949154,-0.334643978,-0.982881099,-1.170235275,0.04216109,0.627813403,0.076967564,1.500226318,-0.801347825,0.434313956,0.820051745,1.012219159,-1.520771546,-0.867805033,48317.0588,116.5417199,48317.0588,116.5417199,969.5,1.878,-0.807
beltzvilleCombined,1754,0.391724789,0.811138403,-0.501158059,0.109843823,1.568574366,0.025426708,0.7559021,-0.371197107,1.471219619,-0.65492772,0.469650919,0.852473861,0.734416895,-1.446179718,-1.524390223,48317.0588,116.5417199,48317.0588,116.5417199,969.5,1.878,-0.807
beltzvilleCombined,1755,0.48024724,0.829359173,-0.452133146,-1.048561159,1.544174574,0.02464731,0.510727148,-0.093178093,1.485462537,-0.673548426,0.429635605,0.68881263,0.744429133,-1.49759432,-1.56353175,48317.0588,116.5417199,48317.0588,116.5417199,969.5,1.878,-0.807
beltzvilleCombined,1756,0.205736584,0.758465759,-0.046625349,-1.017351415,1.543128502,0.056714833,0.50914366,0.752051238,1.536539441,1.57004857,0.45692899,0.581677929,0.913610737,-1.487490038,-0.060868496,48317.0588,116.5417199,48317.0588,116.5417199,969.5,1.878,-0.807
beltzvilleCombined,1757,0.482497229,0.616003535,-1.179481827,-0.836132956,1.336190428,0.056455063,0.508433792,-0.314691241,1.538366214,0.491437429,0.461932927,0.538995357,0.977687293,-1.526174343,-1.458718645,48317.0588,116.5417199,48317.0588,116.5417199,969.5,1.878,-0.807
beltzvilleCombined,1758,0.477755109,0.689547906,-0.382990585,0.779771735,1.550601352,0.025111121,0.633596077,0.737899604,1.462898606,1.426952743,0.440633029,0.621821966,0.781220984,-1.443694606,-1.542835521,48317.0588,116.5417199,48317.0588,116.5417199,969.5,1.878,-0.807
beltzvilleCombined,1759,0.482311383,0.627595352,-1.194002994,-0.835999845,1.549468519,0.024864069,0.74291228,-0.393788021,1.471223717,0.528855942,0.423626136,0.996428274,0.88029518,-1.49900487,-1.476666593,48317.0588,116.5417199,48317.0588,116.5417199,969.5,1.878,-0.807
beltzvilleCombined,1760,0.367672243,0.627595352,-0.024070364,-0.835999845,1.549468519,0.024864069,0.74291228,-0.393788021,1.471223717,0.528855942,0.423626136,0.996428274,0.88029518,-1.49900487,-1.476666593,48317.0588,116.5417199,48317.0588,116.5417199,969.5,1.878,-0.807
beltzvilleCombined,1761,0.115180328,0.760702698,-0.372313299,-1.045682728,1.457804016,0.056495869,0.623487274,0.837089535,1.536313238,1.419876862,0.427837602,0.901520248,0.927475401,-1.435325813,-0.873121209,48317.0588,116.5417199,48317.0588,116.5417199,969.5,1.878,-0.807
beltzvilleCombined,1762,0.42857841,0.623824664,-0.043262643,1.002941039,1.447743255,0.024089859,0.836384842,-0.370898992,1.47248039,1.404751379,0.468351323,0.865584465,0.756187656,-1.449603133,0.018459093,48317.0588,116.5417199,48317.0588,116.5417199,969.5,1.878,-0.807
beltzvilleCombined,1763,0.216676887,0.591810313,-0.334942821,-1.081661026,1.540916705,0.025043425,0.762190721,-0.386835905,1.485462537,-0.669699253,0.429689801,0.981151331,0.744429133,-1.49759432,-1.460545807,48317.0588,116.5417199,48317.0588,116.5417199,969.5,1.878,-0.807
beltzvilleCombined,1764,0.496006286,0.519833663,-1.186051768,-1.340124544,1.476938699,0.024862656,0.753831573,-0.648316025,1.46717912,0.415104514,0.47604964,0.863108587,0.862106058,-1.501575833,-1.460621534,48317.0588,116.5417199,48317.0588,116.5417199,969.5,1.878,-0.807
beltzvilleCombined,1765,0.279079916,0.800211616,-0.125319445,0.021021202,1.353633027,0.026768837,0.50090292,-0.541621193,1.468210741,-0.7704452,0.475225603,0.899571564,0.844356548,-1.527702917,-1.451067501,48317.0588,116.5417199,48317.0588,116.5417199,969.5,1.878,-0.807
beltzvilleCombined,1766,0.387045201,0.919375399,-0.545649756,-1.30331409,1.558455302,0.062831939,0.531028286,-1.324639689,1.554813963,1.497467942,0.42499663,0.815531193,1.025596463,-1.483299992,-0.980846565,48317.0588,116.5417199,48317.0588,116.5417199,969.5,1.878,-0.807
beltzvilleCombined,1767,0.473696486,0.751300391,0.039953131,-1.191884564,1.549764128,0.024868756,0.895777315,-0.650060918,1.472023718,1.459598509,0.429895248,0.825086931,0.844489768,-1.387956468,-1.482566323,48317.0588,116.5417199,48317.0588,116.5417199,969.5,1.878,-0.807
beltzvilleCombined,1768,0.457420357,0.629444033,-0.396904335,0.206484791,1.549834879,0.012640883,0.807864502,0.791018191,1.432034155,1.444042345,0.481173757,0.520191647,0.41544119,0.551695076,-1.297656756,48317.0588,116.5417199,48317.0588,116.5417199,969.5,1.878,-0.807
beltzvilleCombined,1769,0.262749151,0.782126454,-0.145220631,-1.07041212,1.566039639,0.025191175,0.993644821,-0.454103527,1.467661627,-0.573643345,0.426433747,0.559184302,0.844772911,-1.428673213,-1.473481067,48317.0588,116.5417199,48317.0588,116.5417199,969.5,1.878,-0.807
beltzvilleCombined,1770,0.473696486,0.743542507,-0.517271933,1.49876241,1.549459762,0.024865078,0.542760563,-0.650060918,1.470899126,-0.709711045,0.431723168,0.813267995,0.844489768,-1.452187757,-1.482566323,48317.0588,116.5417199,48317.0588,116.5417199,969.5,1.878,-0.807
beltzvilleCombined,1771,0.354306141,0.600977529,-0.052214693,-0.268761502,1.505278456,0.025067,0.789846276,-0.370898992,1.470972665,-0.582059392,0.464784853,0.817741084,0.734565548,-1.431615542,-1.519355737,48317.0588,116.5417199,48317.0588,116.5417199,969.5,1.878,-0.807
beltzvilleCombined,1772,0.404788104,0.912756305,-0.501158059,1.402517612,1.504026703,0.025426708,0.501153706,-0.370898992,1.466800083,1.562426956,0.464787338,0.791913997,0.785412573,-1.445889993,-1.530898245,48317.0588,116.5417199,48317.0588,116.5417199,969.5,1.878,-0.807
beltzvilleCombined,1773,0.462620229,0.582238945,-0.454682816,-0.998402078,0.859142018,0.05526169,0.552733869,-0.400016816,1.540993821,-0.681181934,0.436235994,0.698689712,0.968599633,-1.447700866,-0.005716135,48317.0588,116.5417199,48317.0588,116.5417199,969.5,1.878,-0.807
beltzvilleCombined,1774,0.391949186,0.628856742,-0.123462302,-1.049729007,1.499207944,0.024425465,0.512927416,-0.398110817,1.46659743,0.521209703,0.469597083,0.996428274,0.824326282,-1.493111583,-1.459702787,48317.0588,116.5417199,48317.0588,116.5417199,969.5,1.878,-0.807
beltzvilleCombined,1775,0.367955046,0.608850307,-0.463083346,-1.166916238,1.561159415,0.462914042,0.587821782,1.205378411,-1.532847098,1.558634193,0.434071736,0.909022031,-1.02134915,-0.661034017,-0.915995467,48317.0588,116.5417199,48317.0588,116.5417199,969.5,1.878,-0.807
beltzvilleCombined,1776,0.396648378,0.58779011,-1.351800776,-0.688133041,1.556239689,0.173746462,0.773551318,1.335856066,1.565441908,1.485364073,0.453126854,0.980430606,-0.451127049,-1.436318596,1.393937812,48317.0588,116.5417199,48317.0588,116.5417199,969.5,1.878,-0.807
beltzvilleCombined,1777,0.405417522,0.59342445,-1.250288602,0.513440065,1.556205031,0.444035201,0.543735841,1.249303278,-1.493307318,1.54563376,0.419404262,0.929131713,-0.193272516,-0.684019998,-1.290186373,48317.0588,116.5417199,48317.0588,116.5417199,969.5,1.878,-0.807
beltzvilleCombined,1778,0.319896722,0.602780012,-0.406408147,-0.205161145,1.568546628,0.05519526,0.511165877,-0.456190344,1.510849737,1.454078044,0.055378458,0.571572452,0.964757043,-0.394574983,0.150365437,48317.0588,116.5417199,48317.0588,116.5417199,969.5,1.878,-0.807
beltzvilleCombined,1779,0.290009492,0.619329328,-1.297711179,-0.578322627,1.567161766,0.167396551,0.550226842,0.253836643,1.56885184,1.520003757,0.008478499,0.641857522,-0.621052842,-0.837542378,-1.254028637,48317.0588,116.5417199,48317.0588,116.5417199,969.5,1.878,-0.807
beltzvilleCombined,1780,0.359142475,0.594269143,-1.342777785,0.804554674,1.556386323,0.489537622,0.864225633,1.217912301,-1.544325989,-0.049967627,0.397710685,0.956367092,-0.660634657,-1.469176454,1.415867258,48317.0588,116.5417199,48317.0588,116.5417199,969.5,1.878,-0.807
beltzvilleCombined,1781,0.369963078,0.625033618,0.362729444,-0.945584081,1.565591723,0.413820809,0.508296358,1.346523993,-1.553326138,1.435870557,0.245217501,0.552020948,-1.040048545,-1.421975628,-1.264070121,48317.0588,116.5417199,48317.0588,116.5417199,969.5,1.878,-0.807
beltzvilleCombined,1782,0.498861185,0.769045112,-1.322131413,-1.239084891,1.552267667,0.039874126,0.768498563,0.241774676,1.508308925,0.375078936,0.427320196,0.56442646,0.879418644,-1.472166762,-0.744707609,48317.0588,116.5417199,48317.0588,116.5417199,969.5,1.878,-0.807
beltzvilleCombined,1783,0.286177876,0.626493665,0.330552555,-0.378229868,1.556237316,0.038487008,0.612751042,1.026724804,1.416209656,-0.446843635,0.286867942,0.594287527,-0.541246989,-0.620106754,1.059169456,48317.0588,116.5417199,48317.0588,116.5417199,969.5,1.878,-0.807
beltzvilleCombined,1784,0.403168606,0.617193741,-0.458176059,-0.683855214,1.556419819,0.179692327,0.731959551,1.294883852,1.316355439,-0.761321355,0.107840849,0.714575615,-0.559843312,-0.680085472,1.242023153,48317.0588,116.5417199,48317.0588,116.5417199,969.5,1.878,-0.807
beltzvilleCombined,1785,0.400823376,0.587360912,-1.351800776,-0.227526009,1.556036079,0.170537093,0.848558634,0.306965821,1.568233144,1.399947191,0.454048967,0.84822624,-0.512917364,-1.434023486,-0.920329927,48317.0588,116.5417199,48317.0588,116.5417199,969.5,1.878,-0.807
beltzvilleCombined,1786,0.428859299,0.625590112,-0.643868319,0.410238386,1.565434868,0.341947853,0.534660232,1.34762124,-0.344904963,0.806478017,0.447417131,0.913558939,-0.533713799,0.274382216,1.350077383,48317.0588,116.5417199,48317.0588,116.5417199,969.5,1.878,-0.807
beltzvilleCombined,1787,0.367594595,0.597130665,-1.252106648,0.443557688,1.554555105,0.445254091,0.851868691,1.307673991,-1.533070115,1.509851098,0.490923966,0.993815444,-1.016459414,-0.806854019,-0.258078178,48317.0588,116.5417199,48317.0588,116.5417199,969.5,1.878,-0.807
beltzvilleCombined,1788,0.329329527,0.560151158,-1.059512077,-0.145312317,1.22635415,0.051064912,0.502405908,0.207564511,1.528682529,-0.006534334,0.426111762,0.553395402,0.955225924,-1.450906157,0.043949497,48317.0588,116.5417199,48317.0588,116.5417199,969.5,1.878,-0.807
beltzvilleCombined,1789,0.43327222,0.596755746,-1.336377245,1.237915886,1.557507657,0.444089142,0.605181412,1.24140354,-1.526428342,1.168908433,0.25830253,0.746356382,-0.574909011,-0.659710612,0.316189352,48317.0588,116.5417199,48317.0588,116.5417199,969.5,1.878,-0.807
beltzvilleCombined,1790,0.029010083,0.559789733,-1.059512077,-0.145233106,1.228218949,0.051064912,0.502405908,0.214591152,1.528682529,-0.006534334,0.426111762,0.556859006,0.954745034,-1.450906157,-0.109318986,48317.0588,116.5417199,48317.0588,116.5417199,969.5,1.878,-0.807
beltzvilleCombined,1791,0.408249751,0.65041773,-0.994693549,-0.162495949,1.502091445,0.052221706,0.990619822,0.89824601,1.514827492,1.525217928,0.426938588,0.915434841,0.923845274,-1.412695595,-0.934521547,48317.0588,116.5417199,48317.0588,116.5417199,969.5,1.878,-0.807
beltzvilleCombined,1792,0.405417522,0.59342445,-1.248987384,0.490728867,1.556205031,0.444035201,0.627843111,1.243138549,-1.521236244,1.544650598,0.419049382,0.929131713,-0.193272516,-0.684019998,0.141693854,48317.0588,116.5417199,48317.0588,116.5417199,969.5,1.878,-0.807
beltzvilleCombined,1793,0.393230065,0.571409332,-0.369197384,0.171530305,1.553022238,0.041102411,0.920030304,0.216393787,1.511182194,1.482487571,0.425068258,0.800017356,0.916924882,-1.435646811,-0.879137014,48317.0588,116.5417199,48317.0588,116.5417199,969.5,1.878,-0.807
beltzvilleCombined,1794,0.38081361,0.596596917,-1.12560437,0.398310358,1.561206996,0.442044905,0.876664485,1.177394195,-1.490309709,1.312969631,0.198945783,0.892483496,-1.447636635,-0.570356975,1.533709136,48317.0588,116.5417199,48317.0588,116.5417199,969.5,1.878,-0.807
beltzvilleCombined,1795,0.33128781,0.597130665,-1.316433671,-0.454114476,1.554555105,0.445254091,0.736390193,1.307673991,-1.533070115,1.484666325,0.162514377,0.993815444,-1.016459414,-0.806854019,-0.25487654,48317.0588,116.5417199,48317.0588,116.5417199,969.5,1.878,-0.807
beltzvilleCombined,1796,0.373788559,0.601437168,0.378810151,-1.002043043,1.565660578,0.278394789,0.898875767,1.35065884,1.530015729,-0.302115542,0.440753102,0.638314986,-1.053913411,-1.553655685,-0.969938068,48317.0588,116.5417199,48317.0588,116.5417199,969.5,1.878,-0.807
beltzvilleCombined,1797,0.403586503,0.603904261,-0.485641203,-0.538324167,1.555708265,0.181066709,0.762098107,1.116351095,1.512859599,-0.202619778,0.392343267,0.901438375,-0.597524079,-0.58195881,1.466420205,48317.0588,116.5417199,48317.0588,116.5417199,969.5,1.878,-0.807
beltzvilleCombined,1798,0.433245315,0.596755746,-1.336377245,1.235645439,1.556229434,0.439769396,0.50919385,1.240463656,-1.526428342,1.209911737,0.257266413,0.915857848,-0.573656198,-0.659266424,0.316189352,48317.0588,116.5417199,48317.0588,116.5417199,969.5,1.878,-0.807
beltzvilleCombined,1799,0.433167077,0.603637314,-0.439038262,-1.000039335,1.556284567,0.171617321,0.534248764,0.925857992,1.530015729,-0.054695568,0.440753102,0.638314986,-0.617809912,-1.553655685,-0.969938068,48317.0588,116.5417199,48317.0588,116.5417199,969.5,1.878,-0.807
beltzvilleCombined,1800,0.466410032,0.608792509,-0.455928094,-1.197077432,1.561159415,0.462914042,0.587821782,1.211905481,-1.508436153,1.558634193,0.434071736,0.909022031,-0.566297408,-0.688278716,-0.915995467,48317.0588,116.5417199,48317.0588,116.5417199,969.5,1.878,-0.807
beltzvilleCombined,1801,0.408765886,0.603904261,-0.485641203,-0.446991278,1.551540609,0.254584353,0.766088468,1.264190781,0.268223354,-1.34845441,0.193281173,0.902574813,-0.537927928,-0.714542801,1.492223632,48317.0588,116.5417199,48317.0588,116.5417199,969.5,1.878,-0.807
beltzvilleCombined,1802,0.484088827,0.596582914,-1.121302137,0.45676476,1.509940768,0.041478708,0.519847092,-0.7789856,1.506451393,0.329961036,0.430473204,0.798225204,0.956300874,-1.433162222,1.192369217,48317.0588,116.5417199,48317.0588,116.5417199,969.5,1.878,-0.807
beltzvilleCombined,1803,0.285754362,0.774894866,-1.305435013,-1.348753465,1.506596315,0.041102411,0.66678331,-1.207103114,1.514827492,0.851937555,0.426940426,0.904812283,0.976723068,-1.416146352,-1.039963632,48317.0588,116.5417199,48317.0588,116.5417199,969.5,1.878,-0.807
beltzvilleCombined,1804,0.31564793,0.579440051,-1.330958066,-0.174810847,1.524089937,0.034017581,0.503799726,-0.791444472,1.514751591,1.490977469,0.425068258,0.790788778,0.820377651,-1.439531959,-0.7304913,48317.0588,116.5417199,48317.0588,116.5417199,969.5,1.878,-0.807
beltzvilleCombined,1805,0.055925614,0.61767336,-1.318262784,0.412002897,1.553741959,0.401597227,0.742775715,1.246151735,-1.316602718,-1.539571033,0.172414274,0.888647824,-0.589383268,-1.480900929,0.006890179,48317.0588,116.5417199,48317.0588,116.5417199,969.5,1.878,-0.807
beltzvilleCombined,1806,0.039828801,0.593947698,-1.355904741,-1.134367177,1.556130914,0.464594543,0.518243484,1.230178072,-1.546283694,1.539538607,0.284749524,0.503520855,0.336752782,-1.386867916,-1.433214032,48317.0588,116.5417199,48317.0588,116.5417199,969.5,1.878,-0.807
beltzvilleCombined,1807,0.458337103,0.618645821,0.011782376,0.304745378,1.556107313,0.442065975,0.536062155,1.27445954,-1.524461755,0.632754221,0.480691097,0.919710389,-0.57664116,-1.537284805,-0.073271038,48317.0588,116.5417199,48317.0588,116.5417199,969.5,1.878,-0.807
beltzvilleCombined,1808,0.4390172,0.601855496,-0.440153531,-0.302207334,1.55613525,0.171617321,0.500973141,0.892597106,1.530015729,-0.197676775,0.440753102,0.888705828,-0.587391431,-1.553655685,-0.969938068,48317.0588,116.5417199,48317.0588,116.5417199,969.5,1.878,-0.807
beltzvilleCombined,1809,0.320107673,0.604086513,-0.573818439,-0.708386451,1.555961884,0.173102135,0.981959066,1.092579634,1.513048725,1.519280154,0.497689297,0.579812883,0.170332275,-0.403772889,0.096955671,48317.0588,116.5417199,48317.0588,116.5417199,969.5,1.878,-0.807
beltzvilleCombined,1810,0.28726044,0.593590943,-1.348418162,-1.417323139,1.524153983,0.027045189,0.512822208,1.198267628,1.495850654,-1.187232749,0.066101428,0.650414843,0.124920108,-1.391277489,-0.337533737,48317.0588,116.5417199,48317.0588,116.5417199,969.5,1.878,-0.807
beltzvilleCombined,1811,0.266367017,0.59328137,-1.268474438,-0.20429568,1.551924017,0.168748634,0.504198064,-0.449982039,1.555947831,1.415328858,0.493303235,0.979940782,0.237959801,-0.72193373,-0.249210094,48317.0588,116.5417199,48317.0588,116.5417199,969.5,1.878,-0.807
beltzvilleCombined,1812,0.465431319,0.573861412,-1.354046844,-0.769137296,1.556240542,0.177555615,0.517471415,0.417087005,1.569193908,1.397574082,0.408999624,0.894437529,-0.454742868,-1.434226297,0.958924399,48317.0588,116.5417199,48317.0588,116.5417199,969.5,1.878,-0.807
beltzvilleCombined,1813,0.381032236,0.616124773,-1.050205855,-1.216415233,1.56719783,0.254161315,0.77937732,1.087132033,-0.326641201,-0.522801052,0.28298301,0.803794329,0.820310883,-1.525456853,-1.005268927,48317.0588,116.5417199,48317.0588,116.5417199,969.5,1.878,-0.807
beltzvilleCombined,1814,0.132334012,0.623116201,-1.292393766,0.551408479,-1.509314555,0.051293641,0.852994522,0.300049302,1.523513014,1.501928351,0.426142135,0.845329936,0.955225924,-1.433919179,1.473352103,48317.0588,116.5417199,48317.0588,116.5417199,969.5,1.878,-0.807
beltzvilleCombined,1815,0.289862321,0.580323302,-0.464668054,-1.348753465,1.506596315,0.041102411,0.933852493,-1.188118392,1.514827492,0.822256394,0.414162019,0.739567196,0.997395749,-1.435136732,-1.013079808,48317.0588,116.5417199,48317.0588,116.5417199,969.5,1.878,-0.807
beltzvilleCombined,1816,0.269303125,0.604980627,-1.029957403,-0.405966641,1.557070042,0.179784777,0.633141872,0.294348081,1.564016241,1.516387784,0.481576364,0.699183631,-0.463277009,-0.260705199,-0.212407116,48317.0588,116.5417199,48317.0588,116.5417199,969.5,1.878,-0.807
beltzvilleCombined,1817,0.475800007,0.988827601,-0.585146605,-0.230866285,1.550658532,0.05721449,0.776222227,0.107983906,1.563069576,-0.837772751,0.430213864,0.572911116,0.845642051,-1.550106599,-1.0034587,48317.0588,116.5417199,48317.0588,116.5417199,969.5,1.878,-0.807
beltzvilleCombined,1818,0.444973372,0.618645821,0.011782376,-0.190150753,1.556107313,0.442065975,0.735711138,1.301813646,-1.524461755,0.663477605,0.480691097,0.91872114,-1.07602244,-0.206452286,-0.073271038,48317.0588,116.5417199,48317.0588,116.5417199,969.5,1.878,-0.807
beltzvilleCombined,1819,0.369213545,0.601614141,-1.077459733,-0.150355752,1.55192053,0.472597942,0.730066863,1.297485639,-1.532847098,-1.173542018,0.493769332,0.522119565,-0.931410018,-0.695825612,-0.197230965,48317.0588,116.5417199,48317.0588,116.5417199,969.5,1.878,-0.807
beltzvilleCombined,1820,0.395467092,0.609266155,-0.58470668,0.48422613,1.552303018,0.444039405,0.926346462,1.241513101,-1.4635362,-1.103094169,0.389232798,0.576239304,-0.549508787,-0.403772889,0.113867546,48317.0588,116.5417199,48317.0588,116.5417199,969.5,1.878,-0.807
beltzvilleCombined,1821,0.179973167,0.563074223,-1.107222481,-0.107722829,1.550891053,0.037820012,0.747269627,0.266766024,1.506459736,1.497519378,0.427251188,0.987925552,0.867841748,-1.486111505,0.006470914,48317.0588,116.5417199,48317.0588,116.5417199,969.5,1.878,-0.807
beltzvilleCombined,1822,0.462464396,0.604901989,-0.590648961,-0.248557462,1.556239977,0.178145654,0.58854913,1.201495148,1.51192556,-1.391582448,0.393686081,0.882997365,-0.455881345,0.615318562,-0.70192746,48317.0588,116.5417199,48317.0588,116.5417199,969.5,1.878,-0.807
beltzvilleCombined,1823,0.406272508,0.579466447,-1.328135862,-0.177733104,1.524089937,0.032310487,0.833918264,-1.171193181,1.514753556,0.071217519,0.425068258,0.797457675,0.854665459,-1.478753065,-0.734479996,48317.0588,116.5417199,48317.0588,116.5417199,969.5,1.878,-0.807
beltzvilleCombined,1824,0.327526538,0.594089829,-1.286794921,-0.644227037,1.55168379,0.495271602,0.604055675,1.27861907,-0.380227481,1.486658143,0.385122147,0.735924156,-0.595600289,-0.622072529,1.22399333,48317.0588,116.5417199,48317.0588,116.5417199,969.5,1.878,-0.807
beltzvilleCombined,1825,0.299224975,0.61568861,-1.309378218,-0.892252067,1.568438575,0.25224474,0.597053368,1.122172574,-1.112919351,1.451750435,0.465130984,0.89679269,-1.366745322,-1.56030892,0.136746494,48317.0588,116.5417199,48317.0588,116.5417199,969.5,1.878,-0.807
beltzvilleCombined,1826,0.394365022,0.614173571,-0.369197384,0.158862647,1.556013854,0.041102411,0.910739881,0.216393787,1.511182194,0.345467975,0.425068258,0.791988498,0.916924882,-1.435646811,-0.879137014,48317.0588,116.5417199,48317.0588,116.5417199,969.5,1.878,-0.807
beltzvilleCombined,1827,0.458337103,0.618645821,0.011782376,0.304745378,1.556107313,0.252904121,0.507673135,1.337736466,-0.454742268,-0.391775767,0.480691097,0.91872114,-0.57664116,-0.197165723,1.288111305,48317.0588,116.5417199,48317.0588,116.5417199,969.5,1.878,-0.807
beltzvilleCombined,1828,0.484088827,0.579609121,-1.109191326,-1.021107875,1.510632187,0.057073498,0.512395715,0.961606362,1.507422151,-0.688065591,0.430473204,0.701399591,0.956624422,-1.432256101,-0.775102926,48317.0588,116.5417199,48317.0588,116.5417199,969.5,1.878,-0.807
beltzvilleCombined,1829,0.379250727,0.610941345,-1.110877984,-1.143483486,1.568580131,0.47562241,0.710482368,1.231882273,-1.495638858,0.315280356,0.411285569,0.906574555,-1.02319345,-1.382915836,-0.023911599,48317.0588,116.5417199,48317.0588,116.5417199,969.5,1.878,-0.807
beltzvilleCombined,1830,0.073581752,0.594225291,-0.476566468,-1.175525827,1.555271347,0.480219505,0.583878141,1.218784325,-1.55157598,1.379137883,0.281633249,0.519050376,0.342038211,-0.637506096,-1.440744717,48317.0588,116.5417199,48317.0588,116.5417199,969.5,1.878,-0.807
beltzvilleCombined,1831,0.45415033,0.584607088,-1.327696628,-0.213193843,1.556206952,0.491811518,0.589649641,1.261088678,-1.560644595,1.525565164,0.405720641,0.898212761,-0.600902039,-1.447226138,1.146458842,48317.0588,116.5417199,48317.0588,116.5417199,969.5,1.878,-0.807
beltzvilleCombined,1832,0.456534022,0.586557515,-1.249482173,-0.473171708,1.556011159,0.447439773,0.647298177,1.215141645,-1.475887859,0.636144564,0.471794751,0.902731312,-0.293129255,-0.626403004,1.48430683,48317.0588,116.5417199,48317.0588,116.5417199,969.5,1.878,-0.807
beltzvilleCombined,1833,0.2654979,0.597007063,-1.294781261,0.490398929,1.556094111,0.458215081,0.516910336,1.239634566,-1.526364135,1.09827329,0.497843619,0.723545401,-1.13517984,-1.544207757,-0.194373299,48317.0588,116.5417199,48317.0588,116.5417199,969.5,1.878,-0.807
beltzvilleCombined,1834,0.243640725,0.593503518,-0.55875443,-1.030629297,1.556187433,0.428169856,0.50431134,1.228916161,-1.490751724,0.765197224,0.489497661,0.597872848,-0.884382011,0.307525977,-0.294525503,48317.0588,116.5417199,48317.0588,116.5417199,969.5,1.878,-0.807
beltzvilleCombined,1835,0.458337103,0.618530248,0.011782376,-1.230724408,1.561643087,0.442439474,0.598480894,1.263388259,-1.476052785,0.667237023,0.014100742,0.852687268,-1.452969439,-0.204469901,-0.025427826,48317.0588,116.5417199,48317.0588,116.5417199,969.5,1.878,-0.807
beltzvilleCombined,1836,0.154598708,0.619666454,-1.033968643,-0.641615732,-1.514304707,0.051293641,0.504308455,-0.234539498,1.531008758,1.517955568,0.428162689,0.798646101,0.955225924,-1.457671453,0.074553009,48317.0588,116.5417199,48317.0588,116.5417199,969.5,1.878,-0.807
beltzvilleCombined,1837,0.495231701,0.601855496,-0.439038262,-1.237419692,1.555074187,0.171617321,0.500973141,-0.108739017,1.570640602,-0.184705589,0.445286575,0.883596509,-0.300341748,-1.553655685,-0.695657263,48317.0588,116.5417199,48317.0588,116.5417199,969.5,1.878,-0.807
beltzvilleCombined,1838,0.290829345,0.601503151,-1.33140151,0.863326409,1.551848391,0.423434429,0.781363816,1.349396048,0.732055786,0.071310897,0.492227197,0.640787644,-0.36087225,-0.697214109,-1.303431962,48317.0588,116.5417199,48317.0588,116.5417199,969.5,1.878,-0.807
beltzvilleCombined,1839,0.400823376,0.587427588,-1.323170409,-0.223553664,1.556239759,0.170537093,0.887279905,0.275445421,1.568233144,1.564262442,0.453964124,0.88733565,-0.451127049,-1.451370159,-0.920329927,48317.0588,116.5417199,48317.0588,116.5417199,969.5,1.878,-0.807
beltzvilleCombined,1840,0.138859313,0.603779955,-1.064361835,-0.509627958,1.559517318,0.176905786,0.723608187,-0.340533366,1.562286051,-1.129390632,0.265304983,0.529990484,-0.756272405,-0.407974036,-0.108671863,48317.0588,116.5417199,48317.0588,116.5417199,969.5,1.878,-0.807
beltzvilleCombined,1841,0.402831525,0.598025457,-0.592851305,-0.703015412,1.569337971,0.430196586,0.82820753,1.187928382,-1.413685667,-1.117630516,0.029033491,0.703270299,0.889944894,-1.45687728,0.12597621,48317.0588,116.5417199,48317.0588,116.5417199,969.5,1.878,-0.807
beltzvilleCombined,1842,0.073581752,0.594233972,-0.486547772,-1.168573356,1.555239997,0.480219505,0.58519666,1.218784325,-1.542991132,-0.439241187,0.281633249,0.519050376,0.314769144,-0.637506096,-1.448048196,48317.0588,116.5417199,48317.0588,116.5417199,969.5,1.878,-0.807
beltzvilleCombined,1843,0.444973372,0.596672454,-1.276539237,-0.190150753,1.561144032,0.442065975,0.735711138,1.301626561,-1.523727192,-1.387708042,0.208016534,0.933668862,-1.07602244,-0.206452286,-0.073271038,48317.0588,116.5417199,48317.0588,116.5417199,969.5,1.878,-0.807
beltzvilleCombined,1844,0.412981313,0.600700418,-1.048757767,0.433361979,1.554385031,0.478741991,0.615812297,1.312924842,0.517276734,0.108900407,0.424670776,0.775721259,-1.051251098,-0.927578822,1.428023782,48317.0588,116.5417199,48317.0588,116.5417199,969.5,1.878,-0.807
beltzvilleCombined,1845,0.433162371,0.596498661,-0.443851546,-1.386531565,1.553689216,0.166847476,0.534248764,0.925857992,1.495235625,1.458194121,0.440753102,0.638314986,-0.587391431,-1.552236982,-1.003277628,48317.0588,116.5417199,48317.0588,116.5417199,969.5,1.878,-0.807
beltzvilleCombined,1846,0.37512527,0.625033618,0.362729444,-0.937736739,1.565872468,0.413002711,0.620852167,1.339609029,-1.519737808,1.539227198,0.243292876,0.519588451,-1.039981024,-0.571132267,0.23221862,48317.0588,116.5417199,48317.0588,116.5417199,969.5,1.878,-0.807
beltzvilleCombined,1847,0.005021254,0.601110623,-1.297943056,-1.037326346,1.556185383,0.468288207,0.504822917,1.218900135,-1.459198458,-1.131881821,0.426272632,0.672565186,-0.434894849,-0.663089807,-0.738600397,48317.0588,116.5417199,48317.0588,116.5417199,969.5,1.878,-0.807
beltzvilleCombined,1848,0.400823376,0.587427588,-1.323170409,-0.223553664,1.556239759,0.170537093,0.892737761,0.303329212,1.568233144,1.397553962,0.454232309,0.889357498,-0.95659634,-1.441196069,-0.920329927,48317.0588,116.5417199,48317.0588,116.5417199,969.5,1.878,-0.807
beltzvilleCombined,1849,0.367955046,0.61009762,-0.44159104,-1.202385549,1.561409412,0.462075236,0.544098708,1.196127494,-1.527780767,1.546933059,0.478770373,0.909022031,-1.02134915,-0.476508941,-0.915995467,48317.0588,116.5417199,48317.0588,116.5417199,969.5,1.878,-0.807
beltzvilleCombined,1850,0.480704378,0.724559894,-1.327971112,0.527440906,1.552336538,0.040630692,0.768498563,0.309466198,1.524205194,0.375078936,0.427320196,0.803093783,0.83239462,-1.482775826,1.462376969,48317.0588,116.5417199,48317.0588,116.5417199,969.5,1.878,-0.807
beltzvilleCombined,1851,0.456164711,0.586513294,-1.249482173,-0.473171708,1.556011159,0.447439773,0.648722574,1.216308278,-1.566494876,-1.166085149,0.471794751,0.902731312,-0.294708155,-0.626403004,1.48430683,48317.0588,116.5417199,48317.0588,116.5417199,969.5,1.878,-0.807
beltzvilleCombined,1852,0.322598651,0.622271541,-0.696633793,-0.173718042,1.566618857,0.444945578,0.706354453,1.239144819,-1.569765318,-1.120458535,0.411870545,0.737146342,0.240487181,-1.41298266,0.051291578,48317.0588,116.5417199,48317.0588,116.5417199,969.5,1.878,-0.807
beltzvilleCombined,1853,0.040326343,0.594070972,-0.47391547,-1.168791595,1.556177694,0.480219505,0.877226966,1.224262412,-1.56152136,1.460049506,0.281355376,0.503520855,-0.352131398,-0.644004643,-1.440744717,48317.0588,116.5417199,48317.0588,116.5417199,969.5,1.878,-0.807
beltzvilleCombined,1854,0.403265417,0.609255935,-0.640923753,0.51121254,1.552142052,0.444114841,0.911686128,1.346252066,-1.537729325,0.293557981,0.318405779,0.978516621,-0.591605313,-0.832770104,1.279147459,48317.0588,116.5417199,48317.0588,116.5417199,969.5,1.878,-0.807
beltzvilleCombined,1855,0.466708683,0.603811519,-0.453878609,-1.241796876,1.555253393,0.1770209,0.524345985,0.925857992,1.530015729,-0.02524179,0.392259633,0.801458214,-0.564791554,-1.44078292,-0.989588386,48317.0588,116.5417199,48317.0588,116.5417199,969.5,1.878,-0.807
beltzvilleCombined,1856,0.308592374,0.59394381,-1.112894227,-1.236767596,1.556177129,0.49167993,0.562096156,1.189567256,-1.552420518,1.446977048,0.485861235,0.536464069,0.33950663,-1.354446848,-1.440744717,48317.0588,116.5417199,48317.0588,116.5417199,969.5,1.878,-0.807
beltzvilleCombined,1857,0.243640725,0.593533962,-0.604668619,-1.031800023,1.556220479,0.428176089,0.50431134,1.2242514,-1.490751724,0.765197224,0.489497661,0.614665671,-0.835206682,-1.509391852,-0.305134923,48317.0588,116.5417199,48317.0588,116.5417199,969.5,1.878,-0.807
beltzvilleCombined,1858,0.367955046,0.61561634,-0.430970494,-0.14320432,1.56100975,0.478709436,0.714814335,1.271764643,-1.5607241,1.522757016,0.42635216,0.922745011,-1.008238757,-1.429305864,-1.029840307,48317.0588,116.5417199,48317.0588,116.5417199,969.5,1.878,-0.807
beltzvilleCombined,1859,0.408765886,0.603904261,-0.485706754,-0.446991278,1.551540609,0.254584353,0.766088468,1.260935397,0.268223354,-1.420744235,0.193281173,0.902574813,-0.595440922,-0.714542801,1.492223632,48317.0588,116.5417199,48317.0588,116.5417199,969.5,1.878,-0.807
beltzvilleCombined,1860,0.31578436,0.618319212,-0.636613469,-0.145669101,1.568099476,0.17145022,0.720888054,1.29602908,1.402869944,0.462030347,0.4068957,0.800743353,-0.033557356,-1.503390382,0.039732715,48317.0588,116.5417199,48317.0588,116.5417199,969.5,1.878,-0.807
beltzvilleCombined,1861,0.456534022,0.586557515,-1.249382069,-0.471373798,1.556010228,0.447439773,0.650760937,1.215141645,-1.429567569,0.636144564,0.498652952,0.90543993,-0.293129255,-0.631530222,1.284033706,48317.0588,116.5417199,48317.0588,116.5417199,969.5,1.878,-0.807
beltzvilleCombined,1862,0.049609329,0.616211862,-1.297886201,0.38111342,1.555318425,0.456495045,0.739149159,1.316224032,-1.55164292,1.517515056,0.450110347,0.798983153,-0.36332762,-1.432326768,-0.692969689,48317.0588,116.5417199,48317.0588,116.5417199,969.5,1.878,-0.807
beltzvilleCombined,1863,0.304598133,0.60916855,-0.399953062,0.527153359,1.557567063,0.445188355,0.513911349,1.201042096,-1.551564514,1.440571668,0.174932827,0.708223637,-0.572322715,-1.436756821,0.160211557,48317.0588,116.5417199,48317.0588,116.5417199,969.5,1.878,-0.807
beltzvilleCombined,1864,0.330117929,0.59371249,-1.276080223,-0.648842526,1.55168379,0.495271602,0.728698773,1.278807378,-0.298901393,-1.271111168,0.479653227,0.741873366,-0.477888286,-0.62200227,1.22399333,48317.0588,116.5417199,48317.0588,116.5417199,969.5,1.878,-0.807
beltzvilleCombined,1865,0.40757474,0.771764737,-1.328079212,-0.942531227,1.519727675,0.058971342,0.883761612,0.674613207,1.528254967,-1.047353496,0.432232077,0.792020964,1.001648744,-1.481177074,-0.057848324,48317.0588,116.5417199,48317.0588,116.5417199,969.5,1.878,-0.807
beltzvilleCombined,1866,0.304853426,0.602854741,-0.232909039,-1.251196514,1.55232425,0.039874126,0.50919083,0.241774676,1.508308925,1.496390177,0.430041512,0.552842554,0.878806801,-1.437752785,0.112269402,48317.0588,116.5417199,48317.0588,116.5417199,969.5,1.878,-0.807
beltzvilleCombined,1867,0.16196636,0.571766528,-1.323998687,-0.30718543,1.552336538,0.040630692,0.862782643,0.24027791,1.506200132,0.375078936,0.427320196,0.802672619,0.878696677,-1.434727772,0.00132518,48317.0588,116.5417199,48317.0588,116.5417199,969.5,1.878,-0.807
beltzvilleCombined,1868,0.443414485,0.602900156,-0.456162653,-0.318374938,1.555652999,0.171585414,0.569212619,0.920748597,1.530015729,0.63669101,0.441236615,0.795470514,-0.43956458,-1.560147199,-0.66074793,48317.0588,116.5417199,48317.0588,116.5417199,969.5,1.878,-0.807
beltzvilleCombined,1869,0.436995868,0.589052459,-1.33874635,0.415449306,1.556267773,0.451231198,0.777772721,1.28322459,-1.533336684,1.499991924,0.482889231,0.91139745,-0.588023523,-1.263687842,-0.683555709,48317.0588,116.5417199,48317.0588,116.5417199,969.5,1.878,-0.807
beltzvilleCombined,1870,0.367861604,0.608850307,-0.463083346,-1.202385549,1.561190212,0.462075236,0.587821782,1.205378411,-1.519086477,1.55246,0.107982602,0.909022031,-1.02134915,-0.548358454,1.22693357,48317.0588,116.5417199,48317.0588,116.5417199,969.5,1.878,-0.807
beltzvilleCombined,1871,0.498693992,0.786638037,-1.329301908,-1.238973481,1.555267448,0.039874126,0.769832682,0.231809641,1.508308925,0.375078936,0.427320196,0.710694098,0.879418644,-1.434838081,-0.701679085,48317.0588,116.5417199,48317.0588,116.5417199,969.5,1.878,-0.807
beltzvilleCombined,1872,0.432190807,0.586164395,-1.373467143,0.744461043,1.559029039,0.461441983,0.501555465,1.22817573,-1.533275224,0.58513491,0.473239154,0.806176607,-0.559243736,-0.639384675,1.326394209,48317.0588,116.5417199,48317.0588,116.5417199,969.5,1.878,-0.807
beltzvilleCombined,1873,0.333721617,0.595529672,-0.438319962,-1.326842517,1.555498001,0.433303125,0.912673504,1.269167613,-1.501775909,-1.367698047,0.409587184,0.898213044,-0.270530124,-0.616344748,-0.236254024,48317.0588,116.5417199,48317.0588,116.5417199,969.5,1.878,-0.807
beltzvilleCombined,1874,0.386259712,0.74042855,-1.315392219,0.551408479,-1.51058486,0.049700553,0.852076044,-0.118524703,1.523513014,1.518454562,0.426142135,0.847887031,0.965318769,-1.435035658,-0.251141588,48317.0588,116.5417199,48317.0588,116.5417199,969.5,1.878,-0.807
beltzvilleCombined,1875,0.312651128,0.609433842,-0.5261413,0.528824908,1.556271243,0.445953961,0.5009796,1.199022372,-1.538157934,1.307008491,0.174932827,0.931935749,-0.719218637,-1.378141032,-1.482787006,48317.0588,116.5417199,48317.0588,116.5417199,969.5,1.878,-0.807
beltzvilleCombined,1876,0.405417522,0.593437279,-1.250288602,0.535556546,1.556205031,0.445984577,0.6466022,1.231280585,-1.450350515,1.545264596,0.427032554,0.929131713,-0.206335858,-1.473681661,-1.290186373,48317.0588,116.5417199,48317.0588,116.5417199,969.5,1.878,-0.807
beltzvilleCombined,1877,0.409520009,0.607000742,0.213066615,-1.175283263,1.551540609,0.453917831,0.766088468,1.264190781,0.268223354,-1.344258254,0.203328261,0.902574813,-0.537927928,-0.714542801,1.492223632,48317.0588,116.5417199,48317.0588,116.5417199,969.5,1.878,-0.807
beltzvilleCombined,1878,0.289058925,0.596288989,-0.569305642,-1.230772709,1.551464179,0.472697538,0.729493652,1.300734061,-1.549834815,-0.884959494,0.496063368,0.78867225,-1.014827546,-0.811270609,-0.224678972,48317.0588,116.5417199,48317.0588,116.5417199,969.5,1.878,-0.807
beltzvilleCombined,1879,0.405417522,0.593490725,-1.326684863,0.535556546,1.556205031,0.164139377,0.853510901,1.231280585,1.536094857,1.545264596,0.438454357,0.929131713,-0.152297366,-1.483203811,-0.937751326,48317.0588,116.5417199,48317.0588,116.5417199,969.5,1.878,-0.807
beltzvilleCombined,1880,0.410502988,0.610757036,-0.463195526,-0.346414735,1.555637252,0.168352379,0.577876236,1.187270016,1.53236108,-1.100328771,0.428340644,0.570849097,-0.530115536,-0.66298136,-0.688789113,48317.0588,116.5417199,48317.0588,116.5417199,969.5,1.878,-0.807
beltzvilleCombined,1881,0.411555246,0.603904261,-1.083252851,-0.536837932,1.555745722,0.249378535,0.730547566,1.309212286,0.277342901,-0.147083482,0.392343267,0.897243618,-0.922588781,-0.565935551,1.492223632,48317.0588,116.5417199,48317.0588,116.5417199,969.5,1.878,-0.807
beltzvilleCombined,1882,0.40131535,0.620931574,-0.64305404,0.528349936,1.5673096,0.444546052,0.909413687,1.273254631,-1.515091449,-0.868598862,0.292981115,0.726760994,-0.559843312,-0.637746643,1.235596907,48317.0588,116.5417199,48317.0588,116.5417199,969.5,1.878,-0.807
beltzvilleCombined,1883,0.312730827,0.609297659,-0.511691959,0.540188634,1.555971006,0.445321097,0.5009796,1.267315527,-1.538157934,1.42213624,0.174932827,0.905136513,-0.719218637,-1.378141032,0.514331331,48317.0588,116.5417199,48317.0588,116.5417199,969.5,1.878,-0.807
beltzvilleCombined,1884,0.4390172,0.60328072,-0.459113248,-1.266373907,1.555063547,0.171617321,0.96695263,0.285959536,1.570640602,-0.184705589,0.445499734,0.874546009,-0.300341748,-1.550801225,-0.984679073,48317.0588,116.5417199,48317.0588,116.5417199,969.5,1.878,-0.807
beltzvilleCombined,1885,0.458337103,0.621583192,0.004182293,0.304745378,1.556107487,0.442065975,0.533532519,1.279287315,-1.524461755,0.632754221,0.480691097,0.922350684,-0.57664116,-1.537284805,-0.073271038,48317.0588,116.5417199,48317.0588,116.5417199,969.5,1.878,-0.807
beltzvilleCombined,1886,0.404446691,0.59342445,-1.250288602,0.458342376,1.555939219,0.444035201,0.543735841,1.249303278,-1.493307318,1.54563376,0.419190699,0.874852415,-0.193272516,-0.684019998,-1.369275077,48317.0588,116.5417199,48317.0588,116.5417199,969.5,1.878,-0.807
beltzvilleCombined,1887,0.47074575,0.774894866,-1.305435013,-1.366209774,1.506596315,0.041102411,0.66678331,-1.207103114,1.516183054,0.851937555,0.426945571,0.904812283,0.977488041,-1.416146352,-1.022479843,48317.0588,116.5417199,48317.0588,116.5417199,969.5,1.878,-0.807
beltzvilleCombined,1888,0.420562471,0.586470584,-1.068021745,-0.16890736,1.488581756,0.046809384,0.982199904,0.897935215,1.514725732,1.462538051,0.425761422,0.908546219,0.879913316,-1.413306309,-0.876800136,48317.0588,116.5417199,48317.0588,116.5417199,969.5,1.878,-0.807
beltzvilleCombined,1889,0.471597617,0.595556364,-0.413903905,0.746714131,1.555865093,0.040508091,0.786409222,-0.22105797,1.507171257,-0.280355619,0.423288196,0.801906542,0.927034808,-1.479188548,-0.042259937,48317.0588,116.5417199,48317.0588,116.5417199,969.5,1.878,-0.807
beltzvilleCombined,1890,0.468842499,0.598418566,-1.386705869,-0.604357606,1.530162392,0.027009005,0.823704436,1.184991611,1.496248542,-1.123271743,0.056451986,0.839426152,-1.034739661,-1.439653949,0.037336037,48317.0588,116.5417199,48317.0588,116.5417199,969.5,1.878,-0.807
beltzvilleCombined,1891,0.375207594,0.61009762,-0.449720622,-0.535725641,1.561415934,0.461538705,0.544098708,1.196127494,-1.527780767,1.495990535,0.426468414,0.909022031,-1.02134915,-0.476508941,-0.91505539,48317.0588,116.5417199,48317.0588,116.5417199,969.5,1.878,-0.807
beltzvilleCombined,1892,0.45415033,0.584607088,-1.350483695,-0.220842931,1.555852331,0.497185423,0.589649641,1.256503876,-1.560644595,1.45223138,0.405620077,0.898212761,-0.600902039,-1.444569998,1.146458842,48317.0588,116.5417199,48317.0588,116.5417199,969.5,1.878,-0.807
beltzvilleCombined,1893,0.414615533,0.576432705,-1.281119865,-1.244396706,1.552152928,0.057025468,0.937084395,0.291722207,1.418344723,-0.892632657,0.427055607,0.698749705,-0.586352691,-0.804781012,0.110166377,48317.0588,116.5417199,48317.0588,116.5417199,969.5,1.878,-0.807
beltzvilleCombined,1894,0.410386956,0.596215893,-1.266433841,0.342417085,1.556016557,0.480219505,0.583717718,1.21888829,-1.508707721,-0.101409648,0.283089001,0.91548552,-0.517192892,-1.527377637,-1.440530734,48317.0588,116.5417199,48317.0588,116.5417199,969.5,1.878,-0.807
beltzvilleCombined,1895,0.073581752,0.594332631,-0.476566468,-1.171145148,1.555271347,0.480219505,0.599144617,1.185446763,-1.524961134,1.382121056,0.281355376,0.533902735,0.342038211,-0.637506096,-1.460752804,48317.0588,116.5417199,48317.0588,116.5417199,969.5,1.878,-0.807
beltzvilleCombined,1896,0.476214122,0.766376745,-0.81288175,0.42867951,1.461377546,0.041312289,0.772404644,-0.30262978,1.498021321,0.374802049,0.410015726,0.802065946,1.001149346,-1.434124026,-1.053865521,48317.0588,116.5417199,48317.0588,116.5417199,969.5,1.878,-0.807
beltzvilleCombined,1897,0.318367669,0.601919928,-1.298767082,-0.20229897,1.555966882,0.165650001,0.772243321,-0.823852363,1.568701284,-1.524236423,0.450484081,0.943196832,-0.538027415,-1.454166677,-0.691368646,48317.0588,116.5417199,48317.0588,116.5417199,969.5,1.878,-0.807
beltzvilleCombined,1898,0.41721077,0.596011142,-0.645556657,0.410555713,1.55613385,0.232146375,0.512699327,1.08660556,1.545151626,1.300845735,0.434631314,0.883675842,-0.564958643,-0.657157768,1.461194827,48317.0588,116.5417199,48317.0588,116.5417199,969.5,1.878,-0.807
beltzvilleCombined,1899,0.437491702,0.596606619,-1.348871442,0.389979411,1.561372541,0.430912599,0.876111926,1.271680242,-1.396972039,0.939135826,0.213262977,0.612371594,-1.169501609,-1.43662123,-0.708866875,48317.0588,116.5417199,48317.0588,116.5417199,969.5,1.878,-0.807
beltzvilleCombined,1900,0.410788692,0.610757036,-0.402945285,-0.348795066,1.556135768,0.165426472,0.577876236,1.187270016,1.53236108,-1.100328771,0.428340644,0.570849097,-0.530946993,-0.66298136,-0.688789113,48317.0588,116.5417199,48317.0588,116.5417199,969.5,1.878,-0.807
beltzvilleCombined,1901,0.413963933,0.604086656,-1.142543618,0.416696539,1.56124535,0.440791718,0.540306489,1.229793417,-1.537087625,-0.537651968,0.219427797,0.931920502,-0.570002508,-1.487650255,-0.652344597,48317.0588,116.5417199,48317.0588,116.5417199,969.5,1.878,-0.807
beltzvilleCombined,1902,0.46693177,0.61719102,-1.130274462,-0.667982991,1.568413082,0.17693014,0.545728634,1.11157353,1.552442017,0.525812617,0.476586414,0.834617632,-0.029152027,-0.875885082,0.0651947,48317.0588,116.5417199,48317.0588,116.5417199,969.5,1.878,-0.807
beltzvilleCombined,1903,0.460326614,0.601855716,-0.497692137,0.494710938,1.551595676,0.455407702,0.5445455,1.308149058,-1.464841452,-0.766298339,0.26151314,0.64006948,-0.564519093,-1.522048911,0.032253299,48317.0588,116.5417199,48317.0588,116.5417199,969.5,1.878,-0.807
beltzvilleCombined,1904,0.31564793,0.579546109,-1.330958066,-1.058334603,1.48801165,0.034017581,0.517145755,-1.145539863,1.514751162,1.524779077,0.427010772,0.797466853,0.845623924,-1.440005007,-0.732473782,48317.0588,116.5417199,48317.0588,116.5417199,969.5,1.878,-0.807
beltzvilleCombined,1905,0.466410032,0.609307062,-0.455928094,-1.197077432,1.561559077,0.462914042,0.591950615,1.211905481,-1.508436153,1.562558162,0.434071736,0.98050186,-0.566297408,-0.615641594,-0.915995467,48317.0588,116.5417199,48317.0588,116.5417199,969.5,1.878,-0.807
beltzvilleCombined,1906,0.417410428,0.646389803,-1.259368964,-1.165859264,1.52700752,0.033912835,0.509759365,-1.145539863,1.514827492,1.562347503,0.425208411,0.797457675,0.845623924,-1.480026278,-0.687048942,48317.0588,116.5417199,48317.0588,116.5417199,969.5,1.878,-0.807
beltzvilleCombined,1907,0.413537983,0.60868432,-1.048757767,0.530199935,1.55385366,0.478741991,0.620722356,1.312924842,-1.551520986,1.50297059,0.425935008,0.771922126,-1.056433364,-0.885093425,1.428023782,48317.0588,116.5417199,48317.0588,116.5417199,969.5,1.878,-0.807
beltzvilleCombined,1908,0.303029588,0.593947698,-1.114013783,-1.134367177,1.556177694,0.475709694,0.518407706,1.231552503,-1.568630057,1.539538607,0.118827194,0.805998449,0.328599839,-1.386867916,-1.440744717,48317.0588,116.5417199,48317.0588,116.5417199,969.5,1.878,-0.807
beltzvilleCombined,1909,0.316705597,0.617588153,-0.507420794,0.422584208,1.556290894,0.482019827,0.513915582,1.265283566,-1.539570671,-1.211584056,0.220172952,0.771395708,-1.088972468,-0.656723117,0.274258015,48317.0588,116.5417199,48317.0588,116.5417199,969.5,1.878,-0.807
beltzvilleCombined,1910,0.412981313,0.600700418,-1.047156638,0.504906716,1.551956402,0.478741991,0.615812297,1.312924842,-1.551520986,1.51532452,0.411151002,0.816408355,-1.051251098,-0.885093425,1.428023782,48317.0588,116.5417199,48317.0588,116.5417199,969.5,1.878,-0.807
beltzvilleCombined,1911,0.473346746,0.625033618,0.377874269,-0.945584081,1.5665541,0.275310865,0.908113678,1.348852696,-1.361442113,0.279004212,0.24385106,0.503942507,-1.038416781,0.832045472,-1.22739458,48317.0588,116.5417199,48317.0588,116.5417199,969.5,1.878,-0.807
beltzvilleCombined,1912,0.433245315,0.596755746,-1.336377245,1.235645439,1.556229434,0.439769396,0.50919385,1.240463656,-1.526428342,1.546076312,0.257266413,0.915857848,-0.573656198,-0.659266424,0.316189352,48317.0588,116.5417199,48317.0588,116.5417199,969.5,1.878,-0.807
beltzvilleCombined,1913,0.341250789,0.578108662,-1.275969593,-1.26461531,1.551666183,0.05721449,0.937084395,0.287084228,1.433069048,-0.713048576,0.426940423,0.7039908,-0.699602581,-1.419554754,0.110166377,48317.0588,116.5417199,48317.0588,116.5417199,969.5,1.878,-0.807
beltzvilleCombined,1914,0.364723802,0.608876619,-0.794356907,-0.468762382,1.555612854,0.428990298,0.50417673,1.276168165,-1.16573096,-0.802159569,0.356827489,0.744154824,-0.456944756,-0.863549263,1.307570049,48317.0588,116.5417199,48317.0588,116.5417199,969.5,1.878,-0.807
beltzvilleCombined,1915,0.286955712,0.594958702,-1.396562036,-0.472263163,1.557504951,0.484951721,0.50417673,1.276168165,-1.373970035,-1.095243114,0.376183391,0.739644073,-0.431135501,-1.438575628,1.496965552,48317.0588,116.5417199,48317.0588,116.5417199,969.5,1.878,-0.807
beltzvilleCombined,1916,0.414748199,0.757471522,-1.068021745,-0.16890736,1.488581756,0.047074876,0.981094262,0.897935215,1.514827492,1.462538051,0.425657825,0.908687432,0.879913316,-1.413306309,-0.135406148,48317.0588,116.5417199,48317.0588,116.5417199,969.5,1.878,-0.807
beltzvilleCombined,1917,0.409520009,0.607000742,0.213066615,-1.175283263,1.551540609,0.453917831,0.766088468,1.264190781,0.268223354,-1.344258254,0.203328261,0.902574813,0.02555826,-0.714542801,1.492223632,48317.0588,116.5417199,48317.0588,116.5417199,969.5,1.878,-0.807
beltzvilleCombined,1918,0.314074137,0.597230448,-0.564560051,-1.095258507,1.551394424,0.215958595,0.508605647,1.359158944,-0.656185015,0.928795096,0.492512868,0.503942507,-0.588476107,-0.930665583,0.132702428,48317.0588,116.5417199,48317.0588,116.5417199,969.5,1.878,-0.807
beltzvilleCombined,1919,0.462278695,0.600700418,-1.048757767,0.48901315,1.55385366,0.478741991,0.615812297,1.312924842,-1.551520986,1.51532452,0.425614192,0.771922126,-1.051251098,-0.885093425,1.428023782,48317.0588,116.5417199,48317.0588,116.5417199,969.5,1.878,-0.807
beltzvilleCombined,1920,0.275064243,0.626032614,-0.24971983,-0.436903688,1.568376441,0.071013999,0.504213155,1.021531556,1.391018219,-1.165962032,0.474719138,0.594213888,-0.541246989,-0.620106754,1.059169456,48317.0588,116.5417199,48317.0588,116.5417199,969.5,1.878,-0.807
beltzvilleCombined,1921,0.498693992,0.594079431,-1.329301908,-1.238973481,1.555267448,0.039874126,0.769832682,0.231809641,1.508308925,0.375078936,0.427320196,0.710694098,0.879418644,-1.434838081,-0.701679085,48317.0588,116.5417199,48317.0588,116.5417199,969.5,1.878,-0.807
beltzvilleCombined,1922,0.480185026,0.598418566,-1.386705869,-0.604357606,1.530162392,0.027009005,0.823704436,1.184991611,1.496248542,-1.123271743,0.056451986,0.839426152,-1.034739661,-1.439653949,0.037336037,48317.0588,116.5417199,48317.0588,116.5417199,969.5,1.878,-0.807
beltzvilleCombined,1923,0.138696147,0.61009762,-0.44159104,-1.047234005,1.561409412,0.462075236,0.544098708,1.196127494,-1.527780767,1.546933059,0.478770373,0.909022031,-1.02134915,-0.476508941,-0.915995467,48317.0588,116.5417199,48317.0588,116.5417199,969.5,1.878,-0.807
beltzvilleCombined,1924,0.091514437,0.617193741,-0.407500093,-0.394223277,1.556202696,0.179748474,0.60269564,1.273200919,1.316355439,-0.852826802,0.109303219,0.728857458,0.339765774,-0.680248771,1.235596907,48317.0588,116.5417199,48317.0588,116.5417199,969.5,1.878,-0.807
beltzvilleCombined,1925,0.396648378,0.58780762,-1.351800776,-0.688133041,1.556239689,0.171817581,0.774298861,-0.255931701,1.565441908,1.485364073,0.453126854,0.980430606,-0.451127049,-1.436318596,-0.92032955,48317.0588,116.5417199,48317.0588,116.5417199,969.5,1.878,-0.807
beltzvilleCombined,1926,0.408765886,0.603904261,-0.485706754,-0.446991278,1.551540609,0.254584353,0.766088468,1.260935397,0.268223354,0.195724675,0.193281173,0.902574813,-0.595440922,-0.714542801,1.492223632,48317.0588,116.5417199,48317.0588,116.5417199,969.5,1.878,-0.807
beltzvilleCombined,1927,0.408781947,0.603904261,-0.484525935,-0.538324167,1.555744905,0.248314679,0.611090951,1.188049898,-0.557751609,1.559054644,0.147554872,0.910058943,-0.302120303,-0.564590393,1.482958903,48317.0588,116.5417199,48317.0588,116.5417199,969.5,1.878,-0.807
beltzvilleCombined,1928,0.403721473,0.579440051,-1.259368964,-0.177733104,-1.02554755,0.034017581,0.888133184,-1.145539863,1.514827492,1.562347503,0.425068258,0.797457675,0.845623924,-1.480052844,-0.687048942,48317.0588,116.5417199,48317.0588,116.5417199,969.5,1.878,-0.807
beltzvilleCombined,1929,0.484088827,0.596582914,-0.608543439,1.090882239,1.509940768,0.057073498,0.512317004,0.968518343,1.506451393,1.431129429,0.430473204,0.701399591,0.956624422,-1.432256101,-0.009345698,48317.0588,116.5417199,48317.0588,116.5417199,969.5,1.878,-0.807
beltzvilleCombined,1930,0.047453656,0.603904261,-0.484525935,-0.538324167,1.555744905,0.248314679,0.611090951,1.188049898,-0.557751609,1.559054644,0.392343267,0.910058943,-0.302120303,-0.564590393,1.482958903,48317.0588,116.5417199,48317.0588,116.5417199,969.5,1.878,-0.807
beltzvilleCombined,1931,0.291205878,0.580782136,-0.901394373,-1.292653099,1.551789106,0.386859604,0.777175457,1.232957445,-1.204403229,0.354464614,0.176722323,0.750055072,-0.280697093,-0.710152708,-1.486346186,48317.0588,116.5417199,48317.0588,116.5417199,969.5,1.878,-0.807
beltzvilleCombined,1932,0.41671527,0.587698746,-1.293683455,0.484045949,1.551795651,0.293765633,0.897291402,1.302632005,-0.583353744,-0.833559579,0.417593083,0.611448548,-1.053875387,-0.848504141,-1.444871617,48317.0588,116.5417199,48317.0588,116.5417199,969.5,1.878,-0.807
beltzvilleCombined,1933,0.163943334,0.593951537,-1.076120414,-1.134367177,1.552124136,0.481811927,0.518407706,1.23159565,-1.568630057,1.539538607,0.281355376,0.514123032,0.328599839,-1.386867916,-1.457103779,48317.0588,116.5417199,48317.0588,116.5417199,969.5,1.878,-0.807
beltzvilleCombined,1934,0.119046667,0.609307062,0.763860986,-1.197077432,1.561559077,0.462914042,0.591950615,1.211905481,-1.508436153,1.562558162,0.434071736,0.98050186,-0.566297408,-0.615641594,-0.915995467,48317.0588,116.5417199,48317.0588,116.5417199,969.5,1.878,-0.807
beltzvilleCombined,1935,0.039828801,0.593947698,-1.355904741,-1.134367177,1.556130914,0.464594543,0.518243484,1.230178072,-1.546283694,1.539538607,0.284749524,0.503520855,-0.7572074,-1.386867916,-1.433214032,48317.0588,116.5417199,48317.0588,116.5417199,969.5,1.878,-0.807
beltzvilleCombined,1936,0.327757029,0.619333078,-0.742821582,0.537433724,1.566847525,0.041452459,0.765332077,1.260591525,1.43803097,1.520003757,0.008478499,0.99196848,-0.647370862,-0.874342355,-0.85941484,48317.0588,116.5417199,48317.0588,116.5417199,969.5,1.878,-0.807
beltzvilleCombined,1937,0.30667185,0.622271541,-0.696633793,-0.233587308,1.566575677,0.270892947,0.720104539,1.265471934,-0.296448508,-1.124362268,0.389083118,0.740986654,0.240487181,-0.791728915,0.122693236,48317.0588,116.5417199,48317.0588,116.5417199,969.5,1.878,-0.807
beltzvilleCombined,1938,0.409520009,0.607000742,0.570417796,-1.175283263,1.551540609,0.453917831,0.766088468,1.264190781,0.268223354,-1.344258254,0.000690773,0.902574813,-0.537927928,-0.714542801,1.492223632,48317.0588,116.5417199,48317.0588,116.5417199,969.5,1.878,-0.807
beltzvilleCombined,1939,0.436995868,0.589052459,-1.33874635,0.415449306,1.556267773,0.451231198,0.62925161,1.28322459,-1.533336684,1.499991924,0.482889231,0.91139745,-0.588023523,-1.263687842,-0.683555709,48317.0588,116.5417199,48317.0588,116.5417199,969.5,1.878,-0.807
beltzvilleCombined,1940,0.396648378,0.58780762,-1.351800776,-0.578986833,1.556239689,0.171817581,0.774298861,1.18691868,1.565441908,1.485364073,0.453126854,0.980430606,-0.451127049,-1.436318596,-0.92032955,48317.0588,116.5417199,48317.0588,116.5417199,969.5,1.878,-0.807
beltzvilleCombined,1941,0.285754362,0.934245502,-1.305435013,-1.348753465,1.506596315,0.041102411,0.66678331,-1.207103114,1.514827492,0.851937555,0.426940426,0.904812283,0.976723068,-1.416146352,-1.039963632,48317.0588,116.5417199,48317.0588,116.5417199,969.5,1.878,-0.807
beltzvilleCombined,1942,0.400823376,0.587427588,-1.323170409,-0.223553664,1.556239759,0.170537093,0.887279905,-0.621139687,1.568233144,1.564262442,0.453964124,0.88733565,-0.451127049,-1.451370159,-0.920329927,48317.0588,116.5417199,48317.0588,116.5417199,969.5,1.878,-0.807
beltzvilleCombined,1943,0.275064243,0.626032614,0.22958778,-0.436903688,1.568376441,0.071013999,0.504213155,0.003506592,1.391018219,-1.165962032,0.474719138,0.594213888,-0.541246989,-0.620106754,1.059169456,48317.0588,116.5417199,48317.0588,116.5417199,969.5,1.878,-0.807
beltzvilleCombined,1944,0.291160364,0.590345793,0.19699358,-1.296037074,1.551789106,0.37925588,0.952331866,1.3462603,-1.201063117,1.459776857,0.175411601,0.578279361,-0.281203682,-0.712218208,-1.486346186,48317.0588,116.5417199,48317.0588,116.5417199,969.5,1.878,-0.807
beltzvilleCombined,1945,0.439249104,0.776773522,-0.305776978,0.744283435,1.559426232,0.019388505,0.53347156,-0.005083105,1.489291122,-0.380255767,0.191247917,0.739673211,-0.416735844,-0.997481309,-1.532803608,48317.0588,116.5417199,48317.0588,116.5417199,969.5,1.878,-0.807
beltzvilleCombined,1946,0.464578351,0.604718147,-0.359433954,0.213260815,1.556165965,0.129325214,0.816184611,-1.280024279,1.504892714,-0.526528838,0.389785872,0.546224055,-0.728499382,-0.996030406,1.06247769,48317.0588,116.5417199,48317.0588,116.5417199,969.5,1.878,-0.807
beltzvilleCombined,1947,0.492028323,0.777005972,-0.856898244,0.828024613,1.370261401,0.052181549,0.522814032,0.224993816,1.557728232,-0.929478238,0.423326575,0.866463832,0.691979776,-1.404187882,-0.513371633,48317.0588,116.5417199,48317.0588,116.5417199,969.5,1.878,-0.807
beltzvilleCombined,1948,0.104056543,0.606037854,-0.253198202,-0.616388567,1.55336453,0.138386631,0.983898503,0.680347517,1.489172636,-0.126228134,0.208989619,0.565687507,-0.251993796,-0.007174244,-1.518219092,48317.0588,116.5417199,48317.0588,116.5417199,969.5,1.878,-0.807
beltzvilleCombined,1949,0.469010805,0.612248855,-0.26502672,-0.80743029,1.441567914,0.019278219,0.833441192,0.937828495,1.481290455,-0.507066455,0.415135007,0.589461359,-0.327190087,-0.981888951,0.121462331,48317.0588,116.5417199,48317.0588,116.5417199,969.5,1.878,-0.807
beltzvilleCombined,1950,0.224970896,0.592343866,-1.381088871,0.168472367,1.5522901,0.082575205,0.579238077,-0.16268338,1.447488136,-0.112438967,0.420916601,0.939252043,0.268390893,0.063598371,-1.280628609,48317.0588,116.5417199,48317.0588,116.5417199,969.5,1.878,-0.807
beltzvilleCombined,1951,0.490753035,0.61374669,-0.360479649,-0.66681011,1.534165272,0.008225359,0.861384679,-0.428499758,1.453184725,0.011556845,0.483988611,0.980344488,-0.263225403,0.362979568,0.63313348,48317.0588,116.5417199,48317.0588,116.5417199,969.5,1.878,-0.807
beltzvilleCombined,1952,0.089606997,0.608514928,-0.371912981,-0.53763537,1.55836164,0.168990927,0.815237676,0.185194828,1.50507117,1.037007579,0.37497585,0.62581359,0.213967756,-0.023460565,-1.564520797,48317.0588,116.5417199,48317.0588,116.5417199,969.5,1.878,-0.807
beltzvilleCombined,1953,0.154627807,0.607572247,-0.436890412,-0.577990683,1.558219169,0.169975952,0.995857209,-0.152937156,1.554692951,-0.145902977,0.356538603,0.971125815,-0.610107424,-1.450234084,-1.546655444,48317.0588,116.5417199,48317.0588,116.5417199,969.5,1.878,-0.807
beltzvilleCombined,1954,0.46490654,0.764451327,-0.232782351,0.823842192,1.555303228,0.020749906,0.755570886,-0.854464624,1.488907361,-0.486907617,0.418623482,0.556364948,-0.500504365,-1.402481104,0.179979582,48317.0588,116.5417199,48317.0588,116.5417199,969.5,1.878,-0.807
beltzvilleCombined,1955,0.446002843,0.76822687,-0.363767294,0.693096404,1.495272883,0.017940461,0.929289487,-0.008383746,1.48997714,1.145277435,0.054959554,0.727995442,-0.479746921,-1.022154261,-1.532856775,48317.0588,116.5417199,48317.0588,116.5417199,969.5,1.878,-0.807
beltzvilleCombined,1956,0.309846781,0.768414987,-0.445649006,0.549246371,1.409202824,0.02233549,0.786018834,0.665754745,1.492463083,-0.359049937,0.394354361,0.692468383,-0.498136307,-1.152497819,0.108621387,48317.0588,116.5417199,48317.0588,116.5417199,969.5,1.878,-0.807
beltzvilleCombined,1957,0.089606997,0.604880507,-0.37091685,-0.51282183,1.566596645,0.171206413,0.88133437,0.072137883,1.569800624,-0.490391654,0.424375451,0.633579864,-0.628466299,-0.950087115,-1.56100037,48317.0588,116.5417199,48317.0588,116.5417199,969.5,1.878,-0.807
beltzvilleCombined,1958,0.46424698,0.776773522,-0.305931933,0.74991905,1.559365309,0.019388505,0.962860099,-0.005083105,1.489291122,-0.376393523,0.191247917,0.738185826,-0.416735844,-0.997481309,-1.557057728,48317.0588,116.5417199,48317.0588,116.5417199,969.5,1.878,-0.807
beltzvilleCombined,1959,0.10905662,0.608373838,-0.378029503,-0.511833388,1.558219169,0.1709388,0.846762279,-0.055305747,1.568181511,0.023892817,0.424375451,0.627232497,-0.637014735,-0.306328587,-1.564520797,48317.0588,116.5417199,48317.0588,116.5417199,969.5,1.878,-0.807
beltzvilleCombined,1960,0.104056543,0.608026987,-1.200008625,-0.61654738,1.556165965,0.117029939,0.830876293,-0.136722651,1.47654837,-0.113836593,0.213462248,0.930648575,0.270345932,-0.023145352,0.129805002,48317.0588,116.5417199,48317.0588,116.5417199,969.5,1.878,-0.807
beltzvilleCombined,1961,0.354223098,0.615488788,-0.203255848,0.384824098,1.550289642,0.063944963,0.847016681,1.315790447,1.382019315,-0.551424807,0.427540755,0.677532036,-0.95237435,-1.360176169,-0.504280942,48317.0588,116.5417199,48317.0588,116.5417199,969.5,1.878,-0.807
beltzvilleCombined,1962,0.492296274,0.714388614,-0.367535427,0.864464088,1.520246996,0.017355592,0.641249157,0.128320672,1.48250437,0.000125685,0.393521305,0.934906563,-1.416407512,-1.104390322,-1.544493772,48317.0588,116.5417199,48317.0588,116.5417199,969.5,1.878,-0.807
beltzvilleCombined,1963,0.378618128,0.766301153,-0.42916065,0.720062219,1.410029951,0.022605193,0.877684487,-0.068695172,1.491210326,-0.419382215,0.428295627,0.625326785,-0.486909649,-1.178822337,0.083466403,48317.0588,116.5417199,48317.0588,116.5417199,969.5,1.878,-0.807
beltzvilleCombined,1964,0.176661532,0.771047337,-0.265458945,0.244858821,1.530096907,0.02253471,0.859466531,-1.18685068,1.499737767,0.054968124,0.46835244,0.993146737,-0.911798122,-1.410424096,-0.146792495,48317.0588,116.5417199,48317.0588,116.5417199,969.5,1.878,-0.807
beltzvilleCombined,1965,0.462937844,0.764451327,-0.232782351,0.872775166,1.558407758,0.020749906,0.782668812,-0.597664247,1.488907361,-0.486907617,0.418623482,0.556364948,-0.500504365,-1.402481104,0.116845037,48317.0588,116.5417199,48317.0588,116.5417199,969.5,1.878,-0.807
beltzvilleCombined,1966,0.190094645,0.769057268,-0.365014942,0.27736284,1.544299471,0.01406179,0.859466531,-1.18685068,1.480064461,0.054968124,0.461607465,0.9988184,-0.716496187,-1.005398393,-1.545616802,48317.0588,116.5417199,48317.0588,116.5417199,969.5,1.878,-0.807
beltzvilleCombined,1967,0.461145275,0.618882833,-0.230606334,0.855778922,1.557976942,0.014580013,0.59216349,0.025749802,1.462638689,0.171724314,0.48487591,0.693121206,-0.708187883,-1.007150991,-1.568321074,48317.0588,116.5417199,48317.0588,116.5417199,969.5,1.878,-0.807
beltzvilleCombined,1968,0.499993284,0.752654084,-0.423606869,0.847894366,1.539033964,0.013351749,0.503589667,-0.504301696,1.47065942,0.057724517,0.202286496,0.531800786,-0.890531285,-1.433995721,0.093699086,48317.0588,116.5417199,48317.0588,116.5417199,969.5,1.878,-0.807
beltzvilleCombined,1969,0.439249104,0.776773522,-0.305776978,0.744283435,1.511658749,0.019388505,0.534996678,-0.011824118,1.489031074,-0.380255767,0.191247917,0.74086413,-0.707196243,-0.997481309,-1.532803608,48317.0588,116.5417199,48317.0588,116.5417199,969.5,1.878,-0.807
beltzvilleCombined,1970,0.433498965,0.602169805,-0.362004924,-0.616388567,1.553473087,0.128089478,0.983898503,0.680938356,1.446557118,-0.128724724,0.454759731,0.976083829,-0.266194461,-0.007174244,0.140588872,48317.0588,116.5417199,48317.0588,116.5417199,969.5,1.878,-0.807
beltzvilleCombined,1971,0.351499975,0.71501776,-0.366982943,0.591857553,-1.482373444,0.051759593,0.973965887,0.043120596,1.565241206,0.971392207,0.429725364,0.631189456,0.491460749,-1.569642803,0.134627265,48317.0588,116.5417199,48317.0588,116.5417199,969.5,1.878,-0.807
beltzvilleCombined,1972,0.260559487,0.590354455,-1.382833572,0.326160965,1.5522901,0.082945077,0.863345393,0.029683032,1.448237915,0.169229869,0.471480382,0.572431783,0.278032217,-1.210617372,-0.110871374,48317.0588,116.5417199,48317.0588,116.5417199,969.5,1.878,-0.807
beltzvilleCombined,1973,0.176661532,0.714537519,-0.34176835,0.278449411,1.552289847,0.022554678,0.856649535,-1.171692961,1.499737767,-0.341628885,0.461698487,0.999386636,-0.911798122,-1.006809496,1.341763506,48317.0588,116.5417199,48317.0588,116.5417199,969.5,1.878,-0.807
beltzvilleCombined,1974,0.337460021,0.815894332,-0.371182196,0.455973494,1.45478754,0.021100739,0.984259654,-0.521875541,1.499793578,0.057263407,0.404839691,0.961540689,-0.904247667,-1.43140687,-0.149408514,48317.0588,116.5417199,48317.0588,116.5417199,969.5,1.878,-0.807
beltzvilleCombined,1975,0.470556011,0.619474306,-0.36467348,0.69632056,1.567328709,0.057165585,0.586894213,1.278693615,1.441451057,-0.961336847,0.042796244,0.767152098,-0.583645358,-0.998382167,0.150401053,48317.0588,116.5417199,48317.0588,116.5417199,969.5,1.878,-0.807
beltzvilleCombined,1976,0.339820958,0.621838363,-0.310151435,0.447064983,1.567591189,0.272231955,0.775487621,1.318549108,-1.340060933,-0.495240227,0.400890487,0.576626202,-1.357102402,-0.681609775,-0.463968367,48317.0588,116.5417199,48317.0588,116.5417199,969.5,1.878,-0.807
beltzvilleCombined,1977,0.462937844,0.764451327,-0.219360859,0.872775166,1.558218933,0.020749906,0.912077105,-0.597664247,1.488907361,-0.486907617,0.418623482,0.556364948,-0.5068016,-0.916564419,0.116845037,48317.0588,116.5417199,48317.0588,116.5417199,969.5,1.878,-0.807
beltzvilleCombined,1978,0.462934226,0.764451327,-0.232782351,0.872775166,1.558959122,0.020749906,0.780630155,-0.597664247,1.488844342,-0.588695337,0.418623482,0.556364948,-0.500504365,-1.402481104,0.116845037,48317.0588,116.5417199,48317.0588,116.5417199,969.5,1.878,-0.807
beltzvilleCombined,1979,0.451974869,0.723142936,-0.400401806,0.705027565,1.552420688,0.014464561,0.983683931,0.685237068,1.47443016,-0.397391285,0.308622564,0.963857384,-0.887252378,-1.514646973,-0.230544942,48317.0588,116.5417199,48317.0588,116.5417199,969.5,1.878,-0.807
beltzvilleCombined,1980,0.247336697,0.590243801,-1.382439371,0.174867746,1.552839376,0.082308077,0.857577662,-0.269929869,1.447488136,0.156197099,0.455973723,0.569410013,0.268757662,-1.095448121,-1.478259025,48317.0588,116.5417199,48317.0588,116.5417199,969.5,1.878,-0.807
beltzvilleCombined,1981,0.337623632,0.610928464,-0.923052104,-0.659343512,1.537748131,0.022461952,0.828310626,1.280038701,1.485736303,-0.642405289,0.480734587,0.68291398,-0.877075622,-1.095415214,0.054988918,48317.0588,116.5417199,48317.0588,116.5417199,969.5,1.878,-0.807
beltzvilleCombined,1982,0.491488353,0.61108885,-0.794363818,0.536753657,1.551098046,0.055555882,0.65720166,-0.02886679,1.326174047,-0.604008164,0.426128961,0.573147895,-0.676743379,-0.986031282,1.098674077,48317.0588,116.5417199,48317.0588,116.5417199,969.5,1.878,-0.807
beltzvilleCombined,1983,0.491487967,0.727523559,-0.881043616,-0.716133209,1.500911041,0.06168517,0.917485794,0.736557782,1.511046928,-0.333100826,0.423321991,0.663518465,1.04938767,-1.431546245,-0.719929508,48317.0588,116.5417199,48317.0588,116.5417199,969.5,1.878,-0.807
beltzvilleCombined,1984,0.496937236,0.604733683,-0.359433954,-1.22480242,1.55596113,0.129325214,0.843012851,-0.433040565,1.473266912,1.384091518,0.434960964,0.55673444,-0.723575537,-0.998424278,1.06247769,48317.0588,116.5417199,48317.0588,116.5417199,969.5,1.878,-0.807
beltzvilleCombined,1985,0.316937361,0.622171235,-0.572972116,-0.533271424,1.567200458,0.268877292,0.775487621,1.318631126,-1.283493185,-0.495240227,0.485644053,0.521011322,0.086676688,-1.231423467,0.124503104,48317.0588,116.5417199,48317.0588,116.5417199,969.5,1.878,-0.807
beltzvilleCombined,1986,0.104056543,0.607929503,-0.996498601,-0.631400478,1.556165965,0.117172002,0.97936303,-0.242928792,1.456460233,-0.085814547,0.19417948,0.702972463,-0.886525974,0.277884636,0.318356815,48317.0588,116.5417199,48317.0588,116.5417199,969.5,1.878,-0.807
beltzvilleCombined,1987,0.463705574,0.69431812,-0.268380159,0.271631005,1.539367204,0.013284713,0.75183904,-1.178525611,1.481648043,-0.05445717,0.495797022,0.988726612,-1.363666142,-0.984657429,1.152237579,48317.0588,116.5417199,48317.0588,116.5417199,969.5,1.878,-0.807
beltzvilleCombined,1988,0.104056543,0.614747343,-0.996498601,-0.628425042,1.556165965,0.112445289,0.540201112,-0.243980324,1.561996495,-0.135304556,0.204474898,0.976190934,-0.263240345,0.368011928,0.148490867,48317.0588,116.5417199,48317.0588,116.5417199,969.5,1.878,-0.807
beltzvilleCombined,1989,0.492296274,0.714388614,-0.367535427,0.862386616,1.567766063,0.017355592,0.643765967,0.128320672,1.48250437,-0.115894328,0.393521305,0.934906563,-1.416407512,-0.725678258,-1.111044908,48317.0588,116.5417199,48317.0588,116.5417199,969.5,1.878,-0.807
beltzvilleCombined,1990,0.33839841,0.79591363,-0.317667263,0.450170274,1.551875683,0.02117231,0.981532117,-1.135401384,1.499793578,-0.297202236,0.461502684,0.961540689,-0.69300939,-0.708713318,1.339486549,48317.0588,116.5417199,48317.0588,116.5417199,969.5,1.878,-0.807
beltzvilleCombined,1991,0.463230698,0.792539903,-0.371307202,-0.981257857,-0.039102957,0.031055592,0.863610985,-0.415742483,1.515012288,0.036293882,0.422420657,0.558988905,0.638212521,-1.468703913,-0.837124554,48317.0588,116.5417199,48317.0588,116.5417199,969.5,1.878,-0.807
beltzvilleCombined,1992,0.454062825,0.62336014,-0.286086991,0.897582934,1.551725486,0.013541167,0.597522485,-0.132144942,1.468329644,-0.483263709,0.478939077,0.756268619,-0.680899792,-1.106464442,-0.862286545,48317.0588,116.5417199,48317.0588,116.5417199,969.5,1.878,-0.807
beltzvilleCombined,1993,0.492959236,0.611013986,-0.23646391,-0.607671212,1.537748131,0.227277011,0.506834403,1.379327597,1.461150106,0.031757551,0.262377323,0.977001478,-0.673307144,0.42903594,0.341427014,48317.0588,116.5417199,48317.0588,116.5417199,969.5,1.878,-0.807
beltzvilleCombined,1994,0.460782027,0.656468855,-0.712025858,0.615252927,1.495089371,0.013557146,0.600787412,-0.287967766,1.477094571,0.779791561,0.485036525,0.925905006,-0.261689057,-1.559302024,-0.978551385,48317.0588,116.5417199,48317.0588,116.5417199,969.5,1.878,-0.807
beltzvilleCombined,1995,0.089606997,0.608373838,-0.371912981,-0.511833388,1.559394472,0.169845742,0.786875779,-0.055305747,1.570348769,0.023892817,0.424375451,0.631076658,-0.637014735,-0.239048324,-0.900874775,48317.0588,116.5417199,48317.0588,116.5417199,969.5,1.878,-0.807
beltzvilleCombined,1996,0.449594108,0.61472039,-0.38432272,0.63217984,1.556155155,0.125563604,0.863737369,0.641695576,1.448324858,-0.163420116,0.475130488,0.981451775,-0.880761442,0.371228611,0.142997624,48317.0588,116.5417199,48317.0588,116.5417199,969.5,1.878,-0.807
beltzvilleCombined,1997,0.461134701,0.618882833,-0.235521778,0.875584123,1.557976942,0.014527342,0.59216349,-0.115776929,1.462638689,0.171724314,0.48487591,0.692796705,-0.714089512,-1.007150991,-1.568321074,48317.0588,116.5417199,48317.0588,116.5417199,969.5,1.878,-0.807
beltzvilleCombined,1998,0.450760784,0.634396068,-0.53409234,-0.29683548,-1.544347412,0.057954208,0.662921154,-1.103209727,1.570500831,-0.53449141,0.3662614,0.55545603,0.796045502,-1.372365426,-1.533858975,48317.0588,116.5417199,48317.0588,116.5417199,969.5,1.878,-0.807
beltzvilleCombined,1999,0.342548805,0.760107167,-0.341532537,0.455973494,1.452091273,0.021120706,0.981532117,-0.506717879,1.499793578,-0.339333602,0.461312041,0.961540689,-0.497002965,-1.000148697,1.339486549,48317.0588,116.5417199,48317.0588,116.5417199,969.5,1.878,-0.807
beltzvilleCombined,2000,0.478372565,0.62067613,-0.306061073,-0.754740067,1.556182356,0.135088191,0.777997125,1.214564042,1.414067231,0.04496185,0.427616076,0.68073062,-0.26791611,-1.094156463,1.213844584,48317.0588,116.5417199,48317.0588,116.5417199,969.5,1.878,-0.807
beltzvilleCombined,2001,0.462937844,0.761456894,-0.216892876,0.872775166,1.558699904,0.022401108,0.913636438,-0.64802365,1.488818672,-0.486907617,0.418623482,0.556364948,-0.5068016,-0.916564419,0.116845037,48317.0588,116.5417199,48317.0588,116.5417199,969.5,1.878,-0.807
beltzvilleCombined,2002,0.258991346,0.601897476,-0.269391335,-0.668180397,1.553451204,0.131206872,0.980380867,0.689293244,1.462134852,0.612741259,0.467010426,0.980446746,-0.868331256,-1.281444195,0.316115662,48317.0588,116.5417199,48317.0588,116.5417199,969.5,1.878,-0.807
beltzvilleCombined,2003,0.494777615,0.603237182,-0.364220449,-0.704911706,1.503600404,0.008225359,0.517866156,0.672238888,1.454594896,0.015407069,0.424932809,0.970565926,-0.635476179,0.00151643,-1.528323453,48317.0588,116.5417199,48317.0588,116.5417199,969.5,1.878,-0.807
beltzvilleCombined,2004,0.240884567,0.59025537,-1.382833572,0.168472367,1.552389279,0.084323553,0.860224113,0.029683032,1.448237915,0.17132482,0.283373607,0.661388574,0.277578516,-0.00450497,-0.764568334,48317.0588,116.5417199,48317.0588,116.5417199,969.5,1.878,-0.807
beltzvilleCombined,2005,0.434639641,0.60844618,-0.740512565,-0.297974705,1.556160932,0.069727715,0.853450627,0.12933769,1.40095317,-0.610827031,0.038425871,0.707031386,0.750267989,-1.566934726,-0.598033051,48317.0588,116.5417199,48317.0588,116.5417199,969.5,1.878,-0.807
beltzvilleCombined,2006,0.335701906,0.82371001,-0.371149468,0.455973494,1.45478754,0.021122758,0.984259654,-0.521875541,1.499793578,0.057263407,0.407405512,0.961535112,-0.904247667,-1.439322104,0.70190032,48317.0588,116.5417199,48317.0588,116.5417199,969.5,1.878,-0.807
beltzvilleCombined,2007,0.05382601,0.603623859,-0.26475786,-0.806005363,1.539456149,0.00838863,0.649764361,0.385959857,1.455313425,0.037405627,0.121753411,0.585897754,-0.673365162,-1.430573039,0.2585547,48317.0588,116.5417199,48317.0588,116.5417199,969.5,1.878,-0.807
beltzvilleCombined,2008,0.49866764,0.61748456,-0.471737541,0.871983833,1.567554527,0.023549492,0.878401404,1.017322962,1.316180872,-0.006412,0.468410219,0.903417234,0.157330729,-1.382819917,-1.464134819,48317.0588,116.5417199,48317.0588,116.5417199,969.5,1.878,-0.807
beltzvilleCombined,2009,0.257108473,0.605031245,-0.406982658,-0.599769885,1.552420688,0.019944122,0.7700748,0.685237068,1.474486412,0.617534312,0.479511476,0.738772523,0.38755222,-1.283333633,0.340793975,48317.0588,116.5417199,48317.0588,116.5417199,969.5,1.878,-0.807
beltzvilleCombined,2010,0.467736298,0.608089763,-0.271206749,-0.66896977,1.553473087,0.120513768,0.863163982,0.680347517,1.454103916,-0.130185728,0.206530642,0.631785678,0.265246103,-0.01829996,0.151782271,48317.0588,116.5417199,48317.0588,116.5417199,969.5,1.878,-0.807
beltzvilleCombined,2011,0.291145358,0.769034967,-0.363975135,0.461446758,1.491764112,0.021637651,0.870320744,-0.00483227,1.495909286,1.145277435,0.430750753,0.906268577,-1.449702846,-1.156660424,0.03898391,48317.0588,116.5417199,48317.0588,116.5417199,969.5,1.878,-0.807
beltzvilleCombined,Best q80 Bias,0.460269743,0.605472514,-0.470886137,0.8891108,1.415094824,0.052039542,0.534407918,0.025978964,1.562397383,-0.044197853,0.394849136,0.985922911,-0.426401646,-1.40440216,-1.557649343,48317.0588,116.5417199,48317.0588,116.5417199,969.5,1.878,-0.807
beltzvilleCombined,2013,0.494693692,0.699625292,-0.188311288,0.856878993,1.551679828,0.022532365,0.859326301,-1.18685068,1.500422749,0.03083053,0.429704725,0.981162816,-0.909026992,-1.106068196,-1.438649602,48317.0588,116.5417199,48317.0588,116.5417199,969.5,1.878,-0.807
beltzvilleCombined,2014,0.381131046,0.608373838,-0.374070903,-0.589709549,1.559098926,0.166626491,0.782156966,-0.056797395,1.568734755,0.053684077,0.462611143,0.960137511,-0.637561008,-1.461734942,-0.163667985,48317.0588,116.5417199,48317.0588,116.5417199,969.5,1.878,-0.807
beltzvilleCombined,2015,0.090776835,0.6084049,-1.344900116,-0.53763537,1.558759289,0.1709388,0.560181464,-0.055305747,1.56500963,-0.790570407,0.37497585,0.628763898,-0.634827519,-0.267035372,-1.564520797,48317.0588,116.5417199,48317.0588,116.5417199,969.5,1.878,-0.807
beltzvilleCombined,2016,0.307332311,0.617756504,-0.372146072,0.229323075,1.551758675,0.04620868,0.848916561,0.095221287,1.296546077,-1.312124376,0.447198927,0.562151972,0.257460957,-1.044619749,0.611383428,48317.0588,116.5417199,48317.0588,116.5417199,969.5,1.878,-0.807
beltzvilleCombined,2017,0.315468417,0.704797939,-0.268380159,0.273935101,1.536878458,0.013839557,0.824132634,-0.851469505,1.47661714,-0.698613001,0.438806433,0.65784855,-1.363666142,-1.016113577,-1.372219163,48317.0588,116.5417199,48317.0588,116.5417199,969.5,1.878,-0.807
beltzvilleCombined,2018,0.498393369,0.587181261,-0.373554934,0.70714194,1.028284725,0.057134268,0.637458717,0.660954921,1.570787735,-0.532995948,0.374239063,0.584494899,-1.297085856,-0.666342339,-0.010791255,48317.0588,116.5417199,48317.0588,116.5417199,969.5,1.878,-0.807
beltzvilleCombined,2019,0.446002843,0.76822687,-0.363767294,0.692209165,1.496314154,0.017940461,0.929289487,-0.008383746,1.48997714,1.145277435,0.054959554,0.902674437,-0.478783579,-1.403830224,0.047756651,48317.0588,116.5417199,48317.0588,116.5417199,969.5,1.878,-0.807
beltzvilleCombined,2020,0.471210974,0.768405216,-0.232782351,0.872775166,1.558407758,0.020749906,0.538655123,-0.597664247,1.488907361,-0.486907617,0.416497818,0.556364948,-0.500899127,-1.402481104,-0.169274344,48317.0588,116.5417199,48317.0588,116.5417199,969.5,1.878,-0.807
beltzvilleCombined,2021,0.467844402,0.592985709,-0.810571243,0.469516378,1.54674457,0.021959378,0.526091742,-0.007938956,1.495968754,-1.15423626,0.277840683,0.873878002,-1.451424807,-0.741683003,0.042255906,48317.0588,116.5417199,48317.0588,116.5417199,969.5,1.878,-0.807
beltzvilleCombined,2022,0.351708594,0.815113285,-0.370694869,0.591857553,1.492795951,0.05160168,0.946847561,-1.232119159,1.565241206,-1.199653094,0.430497668,0.686852032,0.653587944,-1.569642803,-0.677203549,48317.0588,116.5417199,48317.0588,116.5417199,969.5,1.878,-0.807
beltzvilleCombined,2023,0.460782027,0.656468855,-0.300830021,0.697351441,1.495473335,0.013557146,0.603898471,-0.570789188,1.476720192,0.047143948,0.25505843,0.962621182,-0.261689057,-0.63040713,0.254227875,48317.0588,116.5417199,48317.0588,116.5417199,969.5,1.878,-0.807
beltzvilleCombined,2024,0.151467831,0.604710962,-0.329128459,-0.800576624,1.533613559,0.009124593,0.869829202,0.62546327,1.454618386,0.010722272,0.468801604,0.956368245,-0.263240051,-1.167848129,0.106159267,48317.0588,116.5417199,48317.0588,116.5417199,969.5,1.878,-0.807
beltzvilleCombined,2025,0.461987634,0.764451327,-0.232782351,0.774501566,1.558407758,0.020739164,0.782668812,-0.98602699,1.488907361,-0.486907617,0.02070313,0.556364948,-0.481555239,-1.437472555,-1.539808109,48317.0588,116.5417199,48317.0588,116.5417199,969.5,1.878,-0.807
beltzvilleCombined,2026,0.444530579,0.582356969,-0.566913179,-0.951830358,1.568501788,0.325093212,0.880923859,1.230951583,1.338923627,-1.418682312,0.404573433,0.94595083,-0.257607312,-0.506937555,-0.820604658,48317.0588,116.5417199,48317.0588,116.5417199,969.5,1.878,-0.807
beltzvilleCombined,2027,0.497931637,0.621042427,-0.46992727,-0.487022149,1.56753965,0.055598664,0.983602911,0.174369326,1.315402825,-1.328648877,0.169206192,0.903405447,0.157330729,-1.328758304,0.125475997,48317.0588,116.5417199,48317.0588,116.5417199,969.5,1.878,-0.807
beltzvilleCombined,2028,0.306227801,0.768414987,-0.4454753,0.437905326,1.564846873,0.02233551,0.524806215,0.665310848,1.497582747,-0.359049937,0.400181541,0.693962512,-0.498469545,-1.379161415,-1.534387912,48317.0588,116.5417199,48317.0588,116.5417199,969.5,1.878,-0.807
beltzvilleCombined,2029,0.435371781,0.612661809,-0.200102783,-0.297974705,1.556160932,0.069528407,0.791813596,0.987073059,1.40095317,-0.610827031,0.036514198,0.699228776,1.011169247,-1.563243599,0.594479988,48317.0588,116.5417199,48317.0588,116.5417199,969.5,1.878,-0.807
beltzvilleCombined,2030,0.108671922,0.603376857,-1.000645443,-0.611898032,1.5522728,0.114757548,0.586917703,-0.138930838,1.561996495,0.783774748,0.222273354,0.940916446,-0.28742565,0.32548223,0.124689648,48317.0588,116.5417199,48317.0588,116.5417199,969.5,1.878,-0.807
beltzvilleCombined,2031,0.463705574,0.693768341,-0.458022696,-0.626919743,1.567280152,0.013284713,0.970096442,-1.178525611,1.481648043,-0.710585183,0.495797022,0.975497694,-0.231789966,-0.996062447,1.152237579,48317.0588,116.5417199,48317.0588,116.5417199,969.5,1.878,-0.807
beltzvilleCombined,2032,0.463254217,0.614471519,-0.272886213,-0.807014842,1.539456149,0.008463922,0.975214235,0.998723229,1.453597902,-0.38742046,0.35917334,0.677907015,-0.691692947,-1.420901788,-0.4133713,48317.0588,116.5417199,48317.0588,116.5417199,969.5,1.878,-0.807
beltzvilleCombined,2033,0.396137955,0.762445765,-0.43234927,0.746363536,1.411215125,0.019991537,0.668449907,-0.174847859,1.488530286,-0.290096268,0.424605418,0.622134557,-0.472245695,-1.199682498,-1.544320516,48317.0588,116.5417199,48317.0588,116.5417199,969.5,1.878,-0.807
beltzvilleCombined,2034,0.305686631,0.721659186,-0.265458945,0.440920223,1.567808718,0.02253471,0.505602979,-1.18685068,1.503732252,-0.364361878,0.467987755,0.993813915,-0.253913027,-0.912252197,-0.146792495,48317.0588,116.5417199,48317.0588,116.5417199,969.5,1.878,-0.807
beltzvilleCombined,2035,0.458519661,0.609490618,-0.577285328,0.237479381,1.409202824,0.02233549,0.89087963,0.665310848,1.491600602,0.060280065,0.400172239,0.695947247,-0.513637221,-1.42781458,-1.534387912,48317.0588,116.5417199,48317.0588,116.5417199,969.5,1.878,-0.807
beltzvilleCombined,2036,0.473424949,0.618445951,-0.470512214,0.707412623,1.56730244,0.053723986,0.87449939,0.006924104,1.446158634,0.137003731,0.425728012,0.966063312,0.246169674,-1.009024188,0.03898391,48317.0588,116.5417199,48317.0588,116.5417199,969.5,1.878,-0.807
beltzvilleCombined,2037,0.46490566,0.604893265,-0.592175421,-0.654786218,1.556273498,0.1305337,0.539992812,0.740271472,1.489289178,-0.496035775,0.396900502,0.990253697,0.088729096,-1.26734551,-1.333340529,48317.0588,116.5417199,48317.0588,116.5417199,969.5,1.878,-0.807
beltzvilleCombined,2038,0.240884567,0.593104724,-1.381088871,0.168472367,1.5522901,0.082575205,0.562111088,-1.29830953,1.447488136,-0.790595111,0.420916601,0.827664839,0.268390893,-0.219760946,-0.107758525,48317.0588,116.5417199,48317.0588,116.5417199,969.5,1.878,-0.807
beltzvilleCombined,2039,0.10905662,0.608373838,0.198893362,-0.511833388,1.558219169,0.1709388,0.846762279,-0.055305747,1.568181511,0.328991347,0.424375451,0.627232497,-0.637014735,-0.306328587,0.921811826,48317.0588,116.5417199,48317.0588,116.5417199,969.5,1.878,-0.807
beltzvilleCombined,2040,0.413568332,0.619691394,-0.462897094,0.478911454,1.552371106,0.218099751,0.562095941,1.325351534,-0.144191545,-1.281389862,0.350117009,0.767865799,-0.260157677,-1.011173579,-0.727294426,48317.0588,116.5417199,48317.0588,116.5417199,969.5,1.878,-0.807
beltzvilleCombined,2041,0.196089527,0.604857685,-0.26475786,-0.785313325,1.530270897,0.008113569,0.527455457,0.991642489,1.453597902,0.010759256,0.482164943,0.837561109,-0.69728809,0.463938427,0.211418123,48317.0588,116.5417199,48317.0588,116.5417199,969.5,1.878,-0.807
beltzvilleCombined,2042,0.413187602,0.619726454,-0.208433078,0.478911454,1.55242086,0.219291245,0.890730003,1.330364648,-0.782698583,0.054475236,0.350117009,0.536319038,-0.269063221,-1.011173579,-1.405811073,48317.0588,116.5417199,48317.0588,116.5417199,969.5,1.878,-0.807
beltzvilleCombined,2043,0.393122951,0.617753722,-1.137270675,-0.968359651,1.539245533,0.013543512,0.519856955,0.82574257,1.471941569,1.173515706,0.470681028,0.747760747,-0.680464855,0.047698259,-1.190657315,48317.0588,116.5417199,48317.0588,116.5417199,969.5,1.878,-0.807
beltzvilleCombined,2044,0.457576911,0.619569645,-0.208433078,0.481121245,1.556188839,0.266038144,0.848932963,1.331051888,-0.779614258,0.032817608,0.342425562,0.679608,-0.922777335,-1.011173579,0.942389923,48317.0588,116.5417199,48317.0588,116.5417199,969.5,1.878,-0.807
beltzvilleCombined,2045,0.46898841,0.619528889,-0.202539356,0.5903081,1.531531603,0.263858644,0.575986873,1.414054808,-1.290247316,-0.650181557,0.064037755,0.675313076,0.181497748,-1.11204469,1.340570882,48317.0588,116.5417199,48317.0588,116.5417199,969.5,1.878,-0.807
beltzvilleCombined,2046,0.104056543,0.608026987,-1.358520066,-0.61654738,1.556165965,0.117029939,0.553142399,0.291150168,1.44926458,0.883712019,0.206530642,0.930648575,0.277217087,-0.010882752,0.140588872,48317.0588,116.5417199,48317.0588,116.5417199,969.5,1.878,-0.807
beltzvilleCombined,Best q20 Bias,0.460109228,0.634098869,-0.363850012,0.591857553,-1.291397821,0.05160168,0.869343486,-0.367762648,1.565241206,0.983059993,0.430497668,0.686852032,0.541267429,-1.563212833,-0.677203549,48317.0588,116.5417199,48317.0588,116.5417199,969.5,1.878,-0.807
beltzvilleCombined,2048,0.260559487,0.590354455,-1.382833572,0.326160965,1.5522901,0.014927786,0.863345393,0.029683032,1.448237915,0.169229869,0.471480382,0.572431783,0.278032217,-1.210617372,-0.110871374,48317.0588,116.5417199,48317.0588,116.5417199,969.5,1.878,-0.807
beltzvilleCombined,2049,0.301678194,0.615257874,-1.164111975,-0.812372617,1.526083894,0.01911896,0.832866778,0.993829077,1.481290455,0.034359177,0.117465661,0.590172763,-0.33250557,-3.80E-06,-0.677060597,48317.0588,116.5417199,48317.0588,116.5417199,969.5,1.878,-0.807
beltzvilleCombined,2050,0.446003752,0.608026987,-0.271206749,-0.668203009,1.553473087,0.118033036,0.863163982,0.680347517,1.44926458,-0.130185728,0.206530642,0.976083829,0.265246103,-0.007174244,0.171649352,48317.0588,116.5417199,48317.0588,116.5417199,969.5,1.878,-0.807
beltzvilleCombined,2051,0.315468417,0.704797939,-0.268380159,0.273935101,1.536878458,0.013839557,0.824132634,-0.851469505,1.482223014,-0.698613001,0.438806433,0.697983821,-1.363666142,-1.016113577,-1.372219163,48317.0588,116.5417199,48317.0588,116.5417199,969.5,1.878,-0.807
beltzvilleCombined,2052,0.063225468,0.604718147,-0.993962452,-0.703018184,1.555646964,0.144665621,0.628801441,-0.375929523,1.56199076,0.010722272,0.206530642,0.702972463,-0.263240345,0.364395122,0.129941978,48317.0588,116.5417199,48317.0588,116.5417199,969.5,1.878,-0.807
beltzvilleCombined,2053,0.43497084,0.618733283,-0.197864228,0.639197221,1.567854584,0.3216775,0.504096929,1.288791407,0.597666301,0.136245406,0.015548685,0.953623754,-1.439497588,-1.570059666,0.535847771,48317.0588,116.5417199,48317.0588,116.5417199,969.5,1.878,-0.807
beltzvilleCombined,2054,0.13118993,0.603376857,-0.996498601,-0.611898032,1.556165965,0.117314194,0.859445807,-0.958394059,1.499223204,0.809698288,0.206014996,0.937651471,-0.519789465,0.364395122,0.127645802,48317.0588,116.5417199,48317.0588,116.5417199,969.5,1.878,-0.807
beltzvilleCombined,2055,0.162893383,0.635008807,-0.389251946,-0.311366661,0.530896358,0.06100521,0.584654913,-0.221939438,1.569719164,-0.854299467,0.42312805,0.554713752,0.796045502,-1.394273121,-1.46673546,48317.0588,116.5417199,48317.0588,116.5417199,969.5,1.878,-0.807
beltzvilleCombined,2056,0.413568332,0.619691394,-0.462897094,0.478911454,1.552371106,0.218099751,0.892165784,1.325351534,-0.144191545,-1.559591828,0.350117009,0.767865799,-0.984779306,-1.011173579,-0.727294426,48317.0588,116.5417199,48317.0588,116.5417199,969.5,1.878,-0.807
beltzvilleCombined,2057,0.326846412,0.604444358,-0.360903923,-0.701533436,1.501963018,0.008225359,0.510271952,0.672238888,1.454594896,0.015407069,0.42490538,0.964609225,-1.566862751,-0.063376523,-1.528323453,48317.0588,116.5417199,48317.0588,116.5417199,969.5,1.878,-0.807
beltzvilleCombined,2058,0.498026915,0.614876755,0.175652462,-0.921224064,1.551920101,0.04606362,0.5035032,1.247004127,1.296546077,-1.312124376,0.445956349,0.562151972,0.257460957,-1.00442829,0.508774714,48317.0588,116.5417199,48317.0588,116.5417199,969.5,1.878,-0.807
beltzvilleCombined,2059,0.458519661,0.609490618,-0.577285328,0.801099674,1.409202824,0.02233549,0.89087963,0.665310848,1.491600602,0.060280065,0.400172239,0.695947247,-0.155288994,-1.42781458,-1.534387912,48317.0588,116.5417199,48317.0588,116.5417199,969.5,1.878,-0.807
beltzvilleCombined,2060,0.104056543,0.608026987,-1.358520066,-0.61654738,1.556165965,0.117029939,0.553142399,-0.136722651,1.44926458,-0.137101044,0.206530642,0.930648575,-0.440190865,-0.010882752,0.140588872,48317.0588,116.5417199,48317.0588,116.5417199,969.5,1.878,-0.807
beltzvilleCombined,2061,0.351499975,0.815113285,-0.535194417,-0.647959099,-1.387322377,0.052037291,0.639401987,-1.047116316,1.564874486,1.396218706,0.376310443,0.686367714,0.541267429,-1.314567685,0.018677883,48317.0588,116.5417199,48317.0588,116.5417199,969.5,1.878,-0.807
beltzvilleCombined,2062,0.007004548,0.727523559,-0.881043616,-0.716133209,1.500911041,0.06168517,0.917485794,0.736557782,1.511046928,-0.333100826,0.423321991,0.663518465,1.04938767,-1.431546245,-0.719929508,48317.0588,116.5417199,48317.0588,116.5417199,969.5,1.878,-0.807
beltzvilleCombined,2063,0.450100323,0.615771279,-0.253672504,-1.054686326,1.558219169,0.087541057,0.921860388,-1.25683654,1.506919545,-1.419383301,0.330642491,0.742805958,0.279018822,-1.007111719,1.298550883,48317.0588,116.5417199,48317.0588,116.5417199,969.5,1.878,-0.807
beltzvilleCombined,2064,0.5,0.729363505,-0.423606869,0.848095412,1.554942125,0.013351749,0.503589667,-0.504301696,1.478065231,0.057724517,0.202286496,0.531800786,-0.890531285,-1.445437941,0.093153599,48317.0588,116.5417199,48317.0588,116.5417199,969.5,1.878,-0.807
beltzvilleCombined,2065,0.458492864,0.608373838,-0.371912981,-0.641179023,1.558314437,0.1709388,0.865288632,-1.149118691,1.565822728,0.015563683,0.424228347,0.63540752,-0.242743025,-0.229199007,-1.56100037,48317.0588,116.5417199,48317.0588,116.5417199,969.5,1.878,-0.807
beltzvilleCombined,2066,0.271596176,0.608037664,-0.357780774,-0.693293099,1.529468056,0.008225359,0.757519029,0.850078136,1.453184725,0.011556845,0.279716607,0.977192476,-0.499869592,-0.954974018,-0.298359573,48317.0588,116.5417199,48317.0588,116.5417199,969.5,1.878,-0.807
beltzvilleCombined,2067,0.471851167,0.608271309,-0.663706667,0.548025664,1.529217748,0.253684863,0.627780766,1.419933047,-1.300760943,-0.146891936,0.420822128,0.675313076,-0.514707836,-0.25319648,0.570078449,48317.0588,116.5417199,48317.0588,116.5417199,969.5,1.878,-0.807
beltzvilleCombined,2068,0.224841043,0.604879604,-0.359433954,-0.615886305,1.55596113,0.129325214,0.548875764,-0.433040565,1.486268973,-0.714044305,0.436128956,0.55673444,-0.723575537,-0.998424278,1.06247769,48317.0588,116.5417199,48317.0588,116.5417199,969.5,1.878,-0.807
beltzvilleCombined,2069,0.104056543,0.608026987,-1.358520066,-0.61654738,1.556165965,0.117029939,0.680852043,-0.136722651,1.44926458,-0.137101044,0.312112635,0.930648575,0.277217087,-0.010882752,0.140588872,48317.0588,116.5417199,48317.0588,116.5417199,969.5,1.878,-0.807
beltzvilleCombined,2070,0.49866764,0.61748456,-0.471737541,0.871983833,1.567554527,0.023549492,0.878401404,1.017322962,1.316180872,-0.006412,0.468410219,0.903417234,-0.064519772,-1.382819917,-1.464134819,48317.0588,116.5417199,48317.0588,116.5417199,969.5,1.878,-0.807
beltzvilleCombined,2071,0.283737113,0.768374074,-0.351876613,0.44660084,1.401415088,0.02253471,0.859466531,-1.131515659,1.499737767,0.00811912,0.345264677,0.686920941,0.094285969,-1.004308541,-0.165920587,48317.0588,116.5417199,48317.0588,116.5417199,969.5,1.878,-0.807
beltzvilleCombined,2072,0.413568332,0.62066859,-0.465383062,0.478671409,1.551867053,0.218099751,0.541998902,1.320893256,-0.144191545,-0.501621929,0.249736575,0.854403299,-1.494107464,-1.011173579,1.148336712,48317.0588,116.5417199,48317.0588,116.5417199,969.5,1.878,-0.807
beltzvilleCombined,2073,0.21710081,0.601897476,-0.265567464,-0.630971745,1.553451204,0.132827907,0.975806898,0.648969196,1.461835198,0.686229067,0.224678179,0.980446746,-0.868331256,-1.281444195,0.316115662,48317.0588,116.5417199,48317.0588,116.5417199,969.5,1.878,-0.807
beltzvilleCombined,2074,0.458492864,0.608373838,-0.364344686,-0.607043102,1.557755411,0.170620473,0.869847414,-0.002600496,1.565822728,-0.057924125,0.424228347,0.63540752,-0.242743025,0.001906285,-1.560711145,48317.0588,116.5417199,48317.0588,116.5417199,969.5,1.878,-0.807
beltzvilleCombined,2075,0.463759609,0.635008807,-0.389251946,0.548884586,-1.534302552,0.06100521,0.584654913,-0.221939438,1.569719164,-0.854299467,0.42312805,0.554025832,0.796077074,-1.394273121,-1.46673546,48317.0588,116.5417199,48317.0588,116.5417199,969.5,1.878,-0.807
beltzvilleCombined,2076,0.493039139,0.812707386,-0.52342695,-0.555309868,1.550920213,0.052018055,0.83847431,0.658945384,1.564761358,1.36268018,0.426598979,0.686539322,0.541267429,-1.567081787,-1.376044947,48317.0588,116.5417199,48317.0588,116.5417199,969.5,1.878,-0.807
beltzvilleCombined,2077,0.434496437,0.62184027,-0.197864228,0.602965811,1.567854584,0.266603454,0.606458188,1.029181131,1.5003116,1.488482968,0.487862443,0.956417102,-1.443357131,-1.552603386,-0.423567804,48317.0588,116.5417199,48317.0588,116.5417199,969.5,1.878,-0.807
beltzvilleCombined,2078,0.347787971,0.770475543,-0.367245132,-1.227924174,-1.387322377,0.052806103,0.639401987,-1.188013723,1.567284126,0.527851223,0.394438869,0.686367714,0.486020016,-1.207948252,0.018677883,48317.0588,116.5417199,48317.0588,116.5417199,969.5,1.878,-0.807
beltzvilleCombined,2079,0.451209456,0.63646222,-1.099071365,-1.257272109,1.559149646,0.019388505,0.775237105,-0.006901443,1.489648785,-0.417885718,0.199055947,0.817689077,-1.455729547,-1.006303296,-0.932138576,48317.0588,116.5417199,48317.0588,116.5417199,969.5,1.878,-0.807
beltzvilleCombined,2080,0.378618128,0.766573933,-0.425426673,0.720062219,1.52717517,0.022605193,0.877684487,-0.068695172,1.492924027,-0.432518085,0.428370709,0.623378589,-0.503618535,-1.178822337,0.083466403,48317.0588,116.5417199,48317.0588,116.5417199,969.5,1.878,-0.807
beltzvilleCombined,2081,0.461072882,0.634324779,-0.533944987,0.45017639,1.474805928,0.021600136,0.982920865,-0.513181864,1.495994125,-0.525179414,0.445929761,0.684657686,-0.675108246,-1.540856725,1.448415514,48317.0588,116.5417199,48317.0588,116.5417199,969.5,1.878,-0.807
beltzvilleCombined,2082,0.242953795,0.593104724,-1.381088871,0.168472367,1.5522901,0.057324325,0.558149628,-1.171664996,1.434361464,0.144740523,0.489346513,0.989508835,0.241200232,-0.00450497,0.108027205,48317.0588,116.5417199,48317.0588,116.5417199,969.5,1.878,-0.807
beltzvilleCombined,2083,0.465010904,0.681131211,-0.458022696,-0.626919743,1.566848584,0.013284713,0.985171618,-1.178525611,1.481648043,1.156981822,0.247081934,0.971155352,-0.231789966,-1.069168969,1.194369755,48317.0588,116.5417199,48317.0588,116.5417199,969.5,1.878,-0.807
beltzvilleCombined,2084,0.461072882,0.634324779,-0.533944987,0.45017639,1.474805928,0.021600136,0.651200655,-0.504057402,1.495994125,-0.525179414,0.445929761,0.684646313,-0.675108246,-1.538717025,1.448415514,48317.0588,116.5417199,48317.0588,116.5417199,969.5,1.878,-0.807
beltzvilleCombined,2085,0.258112854,0.765279731,-1.030768313,-0.768158851,1.537711777,0.013570959,0.835090198,0.822608084,1.470765369,0.004241164,0.092894414,0.677674864,-0.112747575,-1.455423992,0.276661686,48317.0588,116.5417199,48317.0588,116.5417199,969.5,1.878,-0.807
beltzvilleCombined,2086,0.473921192,0.656106017,-0.283909399,0.989432301,1.547346806,0.015410583,0.620355878,-0.125746377,1.461625962,-0.552932483,0.442584472,0.689360105,-0.725200685,-1.116348106,-0.853487483,48317.0588,116.5417199,48317.0588,116.5417199,969.5,1.878,-0.807
beltzvilleCombined,2087,0.361872859,0.726133981,-0.879329124,0.763696032,1.559426232,0.019388505,0.822497928,-0.006901443,1.489648785,-0.487592646,0.191247917,0.74302621,-1.339431265,-1.094315261,-0.932138576,48317.0588,116.5417199,48317.0588,116.5417199,969.5,1.878,-0.807
beltzvilleCombined,2088,0.499411804,0.776583136,-0.654689219,0.728598741,-0.324533543,0.056083469,0.764699896,0.230750673,1.570231614,0.061997905,0.474483321,0.672817712,0.459761124,-1.378983693,0.08300893,48317.0588,116.5417199,48317.0588,116.5417199,969.5,1.878,-0.807
beltzvilleCombined,2089,0.103981294,0.60372096,-0.366619453,-0.667495728,1.556165965,0.114995418,0.859445807,-0.138930838,1.561996495,0.807754963,0.268595876,0.940916446,-0.287095034,0.362960225,0.140588872,48317.0588,116.5417199,48317.0588,116.5417199,969.5,1.878,-0.807
beltzvilleCombined,2090,0.258112854,0.62429646,-0.216429749,0.262215743,1.535769149,0.01365023,0.830813682,-0.514518256,1.471941569,1.158379005,0.478939077,0.741020326,-0.649818392,-1.562697044,0.347122023,48317.0588,116.5417199,48317.0588,116.5417199,969.5,1.878,-0.807
beltzvilleCombined,2091,0.254878614,0.5964708,-1.353350103,0.286028869,1.555274009,0.054089617,0.560928686,-0.24928545,1.45051866,-0.999800319,0.455973723,0.573787593,-0.583802491,-1.431946563,1.285710779,48317.0588,116.5417199,48317.0588,116.5417199,969.5,1.878,-0.807
beltzvilleCombined,2092,0.297432818,0.607891784,-1.089949474,-0.631400478,1.569566455,0.117172002,0.97936303,-0.275166728,1.474043179,-0.085814547,0.205248851,0.830185872,-0.886525974,-0.061527625,0.318356815,48317.0588,116.5417199,48317.0588,116.5417199,969.5,1.878,-0.807
beltzvilleCombined,2093,0.470973438,0.652367442,-0.533411172,-1.279371964,1.539953094,0.023398122,0.640975105,-0.017764139,1.486132511,-0.36732566,0.376310443,0.695868432,0.653626985,-1.088065154,-1.434194131,48317.0588,116.5417199,48317.0588,116.5417199,969.5,1.878,-0.807
beltzvilleCombined,2094,0.446002843,0.76822687,-0.345292491,0.744995964,1.495272883,0.017940461,0.950596146,-0.008383746,1.48997714,1.145277435,0.414864162,0.954462619,-0.479746921,-1.022154261,-1.532856775,48317.0588,116.5417199,48317.0588,116.5417199,969.5,1.878,-0.807
beltzvilleCombined,2095,0.454062825,0.625472091,-0.28907205,0.894042814,1.551725486,0.013541167,0.597522485,-1.053658341,1.468329644,-0.496684547,0.478939077,0.569316705,-0.680899792,-1.09330284,0.117142454,48317.0588,116.5417199,48317.0588,116.5417199,969.5,1.878,-0.807
beltzvilleCombined,2096,0.499472554,0.776168409,-0.213068985,0.711807952,1.470751442,0.019239895,0.977958478,-0.004480195,1.489296378,-0.380255767,0.191247917,0.977245597,-1.451690211,-1.469281341,-0.860948957,48317.0588,116.5417199,48317.0588,116.5417199,969.5,1.878,-0.807
beltzvilleCombined,2097,0.424642606,0.580716053,-0.197864228,0.392227575,1.567854436,0.264300714,0.652036158,1.029181131,-1.424711289,0.093877383,0.431985656,0.964122542,0.655844618,-1.562697027,0.594460702,48317.0588,116.5417199,48317.0588,116.5417199,969.5,1.878,-0.807
beltzvilleCombined,2098,0.434263083,0.62184027,-0.197864228,0.639197221,1.567854584,0.272070948,0.608398584,1.029181131,0.635475423,1.436988669,0.213279443,0.956417102,-1.428073501,-1.552603386,-0.41038276,48317.0588,116.5417199,48317.0588,116.5417199,969.5,1.878,-0.807
beltzvilleCombined,2099,0.45311429,0.608296176,-0.371912981,-0.640404032,1.558314437,0.1709388,0.537707207,-1.241988563,1.565822728,0.015563683,0.406321226,0.985043746,-0.263346247,0.414830879,-1.467759281,48317.0588,116.5417199,48317.0588,116.5417199,969.5,1.878,-0.807