datetime,delMontague_lag1_regression_disagg,delMontague_lag1_perfect_foresight,delMontague_lag2_regression_disagg,delMontague_lag2_perfect_foresight,delTrenton_lag1_regression_disagg,delTrenton_lag1_perfect_foresight,delTrenton_lag2_regression_disagg,delTrenton_lag2_perfect_foresight,delTrenton_lag3_regression_disagg,delTrenton_lag3_perfect_foresight,delTrenton_lag4_regression_disagg,delTrenton_lag4_perfect_foresight
1959-10-01,484.4760885196129,4745.901246238805,450.85464068265367,4194.1957790146835,1893.7301088771821,5114.967519877007,1800.3296201459548,5605.27545091124,1719.7006158166728,8723.86025833528,1686.0447795614768,7878.6498737157
1959-10-02,626.6765175481448,4194.1957790146835,536.0833021607283,4049.9828759919174,2295.4138490223595,5605.27545091124,2376.5428253235505,8723.86025833528,2202.832690182859,7878.6498737157,2111.4722068617966,7803.8071674147905
1959-10-03,602.5902763570833,4049.9828759919174,501.084067183699,3993.4082605134017,2375.2680029563753,8723.86025833528,2277.527796749996,7878.6498737157,2052.7965106086845,7803.8071674147905,1950.15581183557,7757.926142868666
1959-10-04,511.691042219097,3993.4082605134017,412.56685142410765,3883.289076133494,2599.944247905849,7878.6498737157,2303.314491478337,7803.8071674147905,2134.4073708579326,7757.926142868666,2034.1479949263555,7616.115713429535
1959-10-05,449.99313367328875,3883.289076133494,382.67497917366694,3627.247102673996,2217.77612339023,7803.8071674147905,2044.6739939460442,7757.926142868666,1870.5713526843256,7616.115713429535,1802.2079564136752,6870.300709233641
1959-10-06,454.99915362643026,3627.247102673996,419.32953919339224,3490.3976690238974,2217.630979586844,7757.926142868666,2073.8817638752435,7616.115713429535,1911.7631230533325,6870.300709233641,1875.4132372728295,5782.6893814425675
1959-10-07,504.76538696240243,3490.3976690238974,436.70426859043897,2834.5605239837246,2213.178690355329,7616.115713429535,2111.5686262233594,6870.300709233641,1996.0769795458175,5782.6893814425675,1928.232405438368,6318.810502504972
1959-10-08,554.9080513313509,2834.5605239837246,523.672559338002,2710.3345953733883,2217.770756199225,6870.300709233641,2269.266452266157,5782.6893814425675,2082.192876797745,6318.810502504972,2048.8947191076495,6003.824325687259
1959-10-09,304.8383864184615,2710.3345953733883,188.81195232074722,2444.2343216633044,2031.226965249728,5782.6893814425675,1498.2447968131396,6318.810502504972,1520.7226274143306,6003.824325687259,1402.2510458058446,6155.616506115479
1959-10-10,178.54930467905658,2444.2343216633044,178.06075523120487,2336.6154538773944,797.5137614884486,6318.810502504972,840.7265243183816,6003.824325687259,683.9124715138644,6155.616506115479,678.8809085169684,6817.458011807494
1959-10-11,242.65154528699793,2336.6154538773944,484.1108654643301,2542.14180522478,1776.2708065683069,6003.824325687259,1729.5362398617222,6155.616506115479,1769.9162440574644,6817.458011807494,2009.198834229549,6936.517834229804
1959-10-12,542.1625393243803,2542.14180522478,630.4467861770471,2540.372208164495,1680.580870350682,6155.616506115479,1969.58398223614,6817.458011807494,2142.63564358756,6936.517834229804,2218.9580702191934,7518.691082281327
1959-10-13,660.6052294095916,2540.372208164495,938.6283312517984,2779.1310439609606,2394.7728480837595,6817.458011807494,2507.490107942637,6936.517834229804,2503.542346009687,7518.691082281327,2772.938249798942,8193.079918379957
1959-10-14,1010.7052323548526,2779.1310439609606,855.9259111950689,2847.618785121084,3110.0160681259554,6936.517834229804,3135.781511863246,7518.691082281327,3386.009369384362,8193.079918379957,3223.767947777532,8030.351124755166
1959-10-15,843.7399880769722,2847.618785121084,1095.5554511595187,3378.2480108131113,3282.590585889463,7518.691082281327,3403.6202503418363,8193.079918379957,3122.537495741519,8030.351124755166,3366.024559180387,7932.578636614366
1959-10-16,1272.4541316873306,3378.2480108131113,1259.1989024969478,3485.971261583567,4034.7765334601777,8193.079918379957,3777.1702523420468,8030.351124755166,3832.124934749225,7932.578636614366,3814.8667952475944,7911.319813529547
1959-10-17,1504.4829787537356,3485.971261583567,1398.5919872063955,3393.559717928075,4318.986322552499,8030.351124755166,4539.462977133154,7932.578636614366,4276.986334207508,7911.319813529547,4168.7944430461175,8219.667277544868
1959-10-18,1605.154124360925,3393.559717928075,1323.0341749421887,3178.284381144719,4669.044717208133,7932.578636614366,4587.437800404205,7911.319813529547,4275.525476639685,8219.667277544868,3990.535398950536,8060.224321025271
1959-10-19,1383.8027610222027,3178.284381144719,1303.9721508944872,3153.0624544204675,4394.453070006861,7911.319813529547,4103.830216804337,8219.667277544868,3614.499601914133,8060.224321025271,3531.2131201738857,7697.907471749713
1959-10-20,1399.6955921140695,3153.0624544204675,1263.2081158526012,3105.7138020840857,4260.835893620999,8219.667277544868,3829.656933571675,8060.224321025271,3559.069535622052,7697.907471749713,3419.853778882931,5472.7108389081495
1959-10-21,1351.1858922625017,3105.7138020840857,1251.7128185754696,3014.710516751996,4386.570370087247,8060.224321025271,4115.400283238713,7697.907471749713,3796.7252164943434,5472.7108389081495,3695.8252134190097,4736.827606627155
1959-10-22,1362.297655407181,3014.710516751996,1259.7766015846337,2485.235774634232,4446.497463476178,7697.907471749713,4147.985472609873,5472.7108389081495,3866.6714107569214,4736.827606627155,3763.2724838471786,4907.855985022567
1959-10-23,1380.4192221287815,2485.235774634232,1219.5573800174434,2822.001354719877,4182.5074495545405,5472.7108389081495,3925.4966719071554,4736.827606627155,3759.0365460619255,4907.855985022567,3598.707668663218,8180.041547981481
1959-10-24,1365.2581797552405,2822.001354719877,722.0309894582797,2826.878380712502,2502.080933933435,4736.827606627155,2439.9512589088704,4907.855985022567,2704.514028935335,8180.041547981481,2054.922948784407,7280.719022426695
1959-10-25,1449.982134241787,2826.878380712502,1177.477027804605,3494.468373639368,1992.6585720797466,4907.855985022567,3805.5027511822386,8180.041547981481,3250.7276589973176,7280.719022426695,2943.4338959042752,8286.631734491473
1959-10-26,1409.549790629664,3494.468373639368,3861.722471566478,6930.750195648292,4350.026213184719,8180.041547981481,4046.685424237839,7280.719022426695,3458.8018707637766,8286.631734491473,5887.888538923536,11538.437793723682
1959-10-27,4518.357313469796,6930.750195648292,4299.015855453943,7188.85249753573,5986.840715142579,7280.719022426695,6141.522444077042,8286.631734491473,7920.828013032948,11538.437793723682,7689.772809671824,13174.610688885245
1959-10-28,5018.986768646732,7188.85249753573,4668.716487444552,6781.927653062102,5897.708014463378,8286.631734491473,8855.913244962025,11538.437793723682,7717.238002378165,13174.610688885245,7357.667830663429,13179.363569996804
1959-10-29,5185.205411683033,6781.927653062102,4180.051475570668,5866.502207440665,9459.126139831636,11538.437793723682,9250.222132576737,13174.610688885245,8057.495549770886,13179.363569996804,7046.65083553739,11850.542468677471
1959-10-30,4376.625957329368,5866.502207440665,3568.9334238156443,4974.0158599654405,9413.297161994673,13174.610688885245,8639.336238407772,13179.363569996804,7062.006171982445,11850.542468677471,6249.884952534217,10997.962314757558
1959-10-31,3845.1706149094935,4974.0158599654405,2921.35631652313,4462.18803350535,9968.255114516125,13179.363569996804,8687.692045874994,11850.542468677471,7507.294239479677,10997.962314757558,6583.474181573183,9475.233633740343
1959-11-01,3174.7252999276234,4462.18803350535,2751.7965642984673,4398.563400689691,9385.659162016489,11850.542468677471,8277.995664423957,10997.962314757558,7197.501138006528,9475.233633740343,6769.712485072143,8795.924527103874
1959-11-02,2956.053711031272,4398.563400689691,2965.2036537617605,4860.077788404963,8466.679922056659,10997.962314757558,7553.042687545514,9475.233633740343,6721.609006152886,8795.924527103874,6727.659518424674,8062.941137211861
1959-11-03,3252.7445353164,4860.077788404963,3164.382716537223,4977.064563811347,7924.585630207557,9475.233633740343,7407.462005563143,8795.924527103874,6952.668375915152,8062.941137211861,6862.902975445573,8229.564846331408
1959-11-04,3585.206803429717,4977.064563811347,3254.943359727613,4216.62228215594,7154.457572817037,8795.924527103874,7332.567578675444,8062.941137211861,6756.462437644399,8229.564846331408,6423.962900947045,9697.854967065005
1959-11-05,3558.5258320967578,4216.62228215594,3214.7541557914865,4418.333304578969,7280.342157772036,8062.941137211861,7165.137954865772,8229.564846331408,6419.813598331144,9697.854967065005,6071.887658182136,10156.434692884246
1959-11-06,3245.6949393833975,4418.333304578969,2430.6265506627387,4949.537789334716,6558.150969750771,8229.564846331408,5768.163638286563,9697.854967065005,5476.076810523823,10156.434692884246,4655.112025403269,10024.240934320904
1959-11-07,2825.929777147373,4949.537789334716,3567.9768643442235,6214.727338923304,5997.527790304523,9697.854967065005,6231.118738015306,10156.434692884246,5159.86180404472,10024.240934320904,5891.963266926666,11445.672140750401
1959-11-08,4375.722583484249,6214.727338923304,4754.199220948578,7212.484767205777,8044.840820053985,10156.434692884246,8122.87585689952,10024.240934320904,8047.871121596725,11445.672140750401,8422.447129778835,12894.72619132953
1959-11-09,5326.465195030763,7212.484767205777,4840.791428176959,6848.237006976951,8647.866952202889,10024.240934320904,9428.99282571549,11445.672140750401,9066.364841843464,12894.72619132953,8578.33016190722,13265.15107840002
1959-11-10,5389.46229910614,6848.237006976951,4480.525342932744,6256.638835499685,9417.058866125242,11445.672140750401,10009.226258187071,12894.72619132953,8739.999351968087,13265.15107840002,7828.571930319953,12235.091314201478
1959-11-11,4763.976583014802,6256.638835499685,3949.564358836092,5653.146635056501,10547.62352242594,12894.72619132953,9756.488547320881,13265.15107840002,8248.403255527515,12235.091314201478,7432.5269848299795,11089.093834476396
1959-11-12,4279.48780691101,5653.146635056501,3583.2020993228734,5110.248741120012,10514.798765287693,13265.15107840002,9461.354874469462,12235.091314201478,8079.6248644318,11089.093834476396,7383.441203918566,10188.136820301526
1959-11-13,3851.418849091663,5110.248741120012,3234.002690286736,4775.715397636618,10472.489771556593,12235.091314201478,9364.189227183419,11089.093834476396,8149.313537302264,10188.136820301526,7533.653617451648,9661.611407706825
1959-11-14,3507.341166868182,4775.715397636618,2902.1051483209903,4453.039158894835,9558.57900817902,11089.093834476396,8605.331711675928,10188.136820301526,7580.519204969212,9661.611407706825,6977.2186635562375,8912.565953927955
1959-11-15,3288.092536450893,4453.039158894835,2808.3164131761305,4022.057434230366,8675.012722367972,10188.136820301526,8033.285205659215,9661.611407706825,7076.330381942946,8912.565953927955,6596.001551899968,8652.071775867142
1959-11-16,3015.5384911895117,4022.057434230366,2766.604610904359,4093.3904918290273,8163.429200872637,9661.611407706825,7476.791389965732,8912.565953927955,6528.61325107207,8652.071775867142,6279.372963251526,8309.099286994144
1959-11-17,2976.753485220372,4093.3904918290273,2516.7096819126,3971.3717723517475,7666.1697347642585,8912.565953927955,6895.884903034479,8652.071775867142,6348.6524386078845,8309.099286994144,5888.919007983453,7906.196272316576
1959-11-18,2774.6241201615344,3971.3717723517475,2707.0435286364645,3862.5961656311283,6954.44646429282,8652.071775867142,6737.036947079709,8309.099286994144,5884.329382040001,7906.196272316576,5815.526927176028,7992.4102658689435
1959-11-19,3028.3665702362514,3862.5961656311283,2695.866801864938,3946.984014112044,7186.871373944848,8309.099286994144,6748.385999199742,7906.196272316576,6244.123082063561,7992.4102658689435,5911.125519569528,7741.095300688099
1959-11-20,2821.63482540379,3946.984014112044,2539.618676315865,3845.384367117742,6764.314958847221,7906.196272316576,6371.063741064384,7992.4102658689435,5742.623981648654,7741.095300688099,5459.744757557593,7601.709250659661
1959-11-21,2864.4638459661887,3845.384367117742,2593.568302887197,3765.831317717936,6466.75206232315,7992.4102658689435,6285.9530564503975,7741.095300688099,5592.789118518082,7601.709250659661,5320.995130777283,8447.141383052087
1959-11-22,2843.3709927550135,3765.831317717936,2494.9826140617033,3570.7266972909583,6724.876033580285,7741.095300688099,6340.568879089506,7601.709250659661,5701.087353631178,8447.141383052087,5352.397488434042,7740.5577243832295
1959-11-23,2721.900062094952,3570.7266972909583,2383.4480847599802,3511.6702927745,6394.939142945145,7601.709250659661,6054.860725784285,8447.141383052087,5356.809863335065,7740.5577243832295,5018.083877923385,7683.364021470043
1959-11-24,2632.2829107713796,3511.6702927745,2252.7694847153766,3347.8581479334316,6315.5595592777845,8447.141383052087,5909.4654394859845,7740.5577243832295,5301.437892757331,7683.364021470043,4921.945613071014,3918.9102017129803
1959-11-25,2523.3708051363665,3347.8581479334316,2300.32441781977,3194.148510761074,6887.351775547336,7740.5577243832295,6528.361350895168,7683.364021470043,5817.566208424557,3918.9102017129803,5594.517927624698,3773.0295688573924
1959-11-26,2497.0816790886834,3194.148510761074,2310.632907561234,2222.6852502757347,6471.157844930187,7683.364021470043,5988.73391000914,3918.9102017129803,5412.636476576934,3773.0295688573924,5226.375740077176,10876.819758413745
1959-11-27,2485.473503842467,2222.6852502757347,2107.92228173649,3091.86525170154,6277.156866205583,3918.9102017129803,5835.557163681315,3773.0295688573924,5390.025064901265,10876.819758413745,5012.974684926656,10259.64988333263
1959-11-28,3053.4949895217555,3091.86525170154,1987.248768178489,11532.110175733214,3380.5723245269087,3773.0295688573924,3747.7981958237883,10876.819758413745,4853.273280715561,10259.64988333263,3772.1583258345886,14865.75197850633
1959-11-29,2526.6925399126753,11532.110175733214,7540.187074619152,13346.483719433003,3741.079747927742,10876.819758413745,6225.3444326598365,10259.64988333263,4922.023365348517,14865.75197850633,9886.380152935602,26284.219464740738
1959-11-30,12252.592984355411,13346.483719433003,11285.307856087033,13138.82139675883,11581.215585514346,10259.64988333263,18697.463894541645,14865.75197850633,18732.029242267916,26284.219464740738,17745.17886973556,24744.98305154855
1959-12-01,11107.294782717783,13138.82139675883,8937.206279330258,10543.411392952179,17609.563798379975,14865.75197850633,18198.50058500429,26284.219464740738,15652.299220159533,24744.98305154855,13470.026609089975,21355.452650773404
1959-12-02,9429.815948647025,10543.411392952179,7027.715035581594,8474.92126013201,16028.781572973141,26284.219464740738,15126.430386366717,24744.98305154855,11453.261981241127,21355.452650773404,9039.62312892455,17563.81976976744
1959-12-03,7086.822029632895,8474.92126013201,5562.090128551119,7165.397919910073,22685.9694104016,24744.98305154855,18774.850984952085,21355.452650773404,15386.246960830518,17563.81976976744,13867.685921368371,14772.65681103514
1959-12-04,5907.940865537166,7165.397919910073,4778.544532401979,6230.014680606495,19070.76393906052,21355.452650773404,15970.838769978298,17563.81976976744,13503.697438786934,14772.65681103514,12380.830627302734,14115.167158200908
1959-12-05,5130.029715283362,6230.014680606495,4197.833168891648,5614.628838520728,16457.160759056416,17563.81976976744,14234.007985262884,14772.65681103514,12296.754558366243,14115.167158200908,11370.49679996919,16269.950143637438
1959-12-06,4512.117256288844,5614.628838520728,3660.1096443024967,6335.407179899668,13904.949202230906,14772.65681103514,12204.05678188607,14115.167158200908,10605.831854748481,16269.950143637438,9758.450315595644,15901.30567061168
1959-12-07,4577.3486133594615,6335.407179899668,3617.3105996671384,6080.24275291061,11889.938722253051,14115.167158200908,11394.137328389439,16269.950143637438,10458.9160439082,15901.30567061168,9493.510213191785,15342.026096325344
1959-12-08,4344.221145522912,6080.24275291061,4587.588589974673,6647.443277850585,12192.40481747343,16269.950143637438,12704.436044584225,15901.30567061168,10546.824823591825,15342.026096325344,10772.994866361201,14387.44693337785
1959-12-09,5242.844510473269,6647.443277850585,4656.5515863958535,6638.90292121566,14931.684144897694,15901.30567061168,13459.817548329065,15342.026096325344,12550.239274180374,14387.44693337785,11957.959103383619,10435.035729759169
1959-12-10,5083.958283162661,6638.90292121566,4487.184700859475,5887.326562948421,13198.910858409832,15342.026096325344,12832.071256720785,14387.44693337785,11257.12645894827,10435.035729759169,10656.82924420862,24447.588251413734
1959-12-11,5024.985230595501,5887.326562948421,4223.89527423161,3699.3236139897544,13553.84702334211,14387.44693337785,12678.087574740395,10435.035729759169,11088.38777714854,24447.588251413734,10287.163667667704,26585.767438882136
1959-12-12,4833.841167860702,3699.3236139897544,3677.9623958881284,7105.707853715411,12469.23612910444,10435.035729759169,11738.401774080781,24447.588251413734,10778.263996628884,26585.767438882136,9618.33840461426,20717.218207275404
1959-12-13,3814.4388901800844,7105.707853715411,2641.6613473428383,11367.375829961966,9440.583303635141,24447.588251413734,10697.63203904311,26585.767438882136,9962.551729117164,20717.218207275404,8697.916082774207,21702.415523335003
1959-12-14,4927.546468163386,11367.375829961966,9115.978136583964,12969.807688947463,21429.043136534914,26585.767438882136,22102.921013066705,20717.218207275404,18773.75368029393,21702.415523335003,22937.358201354942,27363.797858207974
1959-12-15,12211.861553776645,12969.807688947463,10811.757337941894,12268.24274640153,25395.97718519245,20717.218207275404,26517.960553717945,21702.415523335003,26497.87660979553,27363.797858207974,25101.25689932635,25526.028911726116
1959-12-16,10548.055982737169,12268.24274640153,8234.215551068337,9976.277969584437,22348.766226680644,21702.415523335003,22058.23490459722,27363.797858207974,19238.96540721637,25526.028911726116,16923.469670230337,21775.05362374461
1959-12-17,8631.072459259276,9976.277969584437,6661.68774596309,8300.37416171388,21028.759252677053,27363.797858207974,19024.632411482704,25526.028911726116,15299.30011309313,21775.05362374461,13327.904316241042,18190.860505723547
1959-12-18,6916.672421382029,8300.37416171388,5545.229022958352,7147.295445269441,22893.38341660142,25526.028911726116,19169.84748700485,21775.05362374461,16094.34946031079,18190.860505723547,14730.334399303942,15734.398343642632
1959-12-19,5905.546814551841,7147.295445269441,4795.009027012207,6230.262464040201,19603.81756915422,21775.05362374461,16735.472332010286,18190.860505723547,14362.844694477848,15734.398343642632,13258.966007295554,13941.946148737392
1959-12-20,5149.456177342561,6230.262464040201,4231.272250923633,5551.419218366527,16887.192371844732,18190.860505723547,14700.366379074741,15734.398343642632,12763.223965593666,13941.946148737392,11851.660324060453,12494.768897057183
1959-12-21,4531.12281189474,5551.419218366527,3771.8748165791885,5038.50954645191,14339.261923955673,15734.398343642632,12603.484754554309,13941.946148737392,10979.670654969534,12494.768897057183,10225.089284521975,11316.044076264747
1959-12-22,4062.7820327201744,5038.50954645191,3419.4268106941045,4622.402215550068,12499.217555545336,13941.946148737392,11126.292387040054,12494.768897057183,9716.51469525924,11316.044076264747,9076.410869692216,10409.786081349572
1959-12-23,3719.0200040974123,4622.402215550068,3153.8787339660557,4277.987313667074,11199.264453892752,12494.768897057183,10062.82898673864,11316.044076264747,8826.877565485729,10409.786081349572,8264.463688483123,9662.013616707813
1959-12-24,3427.68856445458,4277.987313667074,2927.8234006778807,4002.080583676547,10126.111796904843,11316.044076264747,9171.827427457978,10409.786081349572,8060.987918268213,9662.013616707813,7563.13971138914,9209.557874117429
1959-12-25,3191.6527050630416,4002.080583676547,2743.2041733205806,3794.8035753474833,9245.240485475977,10409.786081349572,8419.583639369317,9662.013616707813,7417.9952407167475,9209.557874117429,6970.957368158214,9530.991721352379
1959-12-26,3008.7002129139432,3794.8035753474833,2590.199724254551,3603.58948982368,8552.23116498062,9662.013616707813,7827.619134369723,9209.557874117429,6918.260144065698,9530.991721352379,6500.860569254133,9835.86717654639
1959-12-27,2873.224466236168,3603.58948982368,2487.588074211425,3404.847326123826,7979.069386621382,9209.557874117429,7380.367942177344,9530.991721352379,6543.132462931908,9835.86717654639,6158.523835056791,9773.785108131073
1959-12-28,2773.771226574032,3404.847326123826,2367.7516052207866,3216.116037962725,7680.33278259764,9530.991721352379,7126.987596687539,9835.86717654639,6382.745235230178,9773.785108131073,5978.492984276418,9129.394781445444
1959-12-29,2570.716969608767,3216.116037962725,2285.91344289593,3092.168028053373,7911.201110954431,9835.86717654639,7334.742192439942,9773.785108131073,6538.343008984171,9129.394781445444,6253.903659343385,8605.934085179384
1959-12-30,2484.7518296652074,3092.168028053373,2204.6465168316568,3047.155206597213,8140.024394350644,9773.785108131073,7443.433773188686,9129.394781445444,6750.69562442702,8605.934085179384,6472.879475746015,8378.430637210924
1959-12-31,2399.6374031469595,3047.155206597213,2122.6486775347967,2971.4813183976053,8003.94569028108,9129.394781445444,7373.238975383289,8605.934085179384,6717.054153330658,8378.430637210924,6442.8281691295615,10146.533164599043
1960-01-01,2351.1226713103097,2971.4813183976053,2101.081008662673,2749.1676037631587,7550.891151296828,8605.934085179384,7037.32286410843,8378.430637210924,6380.453091831707,10146.533164599043,6132.868150656399,17832.840733529203
1960-01-02,2320.712612097904,2749.1676037631587,2059.561833397744,3959.710284798315,7207.438861559185,8378.430637210924,6705.407145331017,10146.533164599043,6092.68064504506,17832.840733529203,5833.482951202068,19649.27150608042
1960-01-03,2879.148938296382,3959.710284798315,2053.0163571104636,4518.118407512013,7088.23926001703,10146.533164599043,7203.395826790953,17832.840733529203,7372.047708319744,19649.27150608042,6541.874226436605,17813.107593762015
1960-01-04,2993.818987899147,4518.118407512013,2628.0024664434336,4891.311750023893,8925.535404960103,17832.840733529203,11684.087946498239,19649.27150608042,10100.893275653387,17813.107593762015,9683.91867658406,16086.366979121172
1960-01-05,3407.2506312105243,4891.311750023893,3232.5148381815034,5094.755330570295,17636.31899414095,19649.27150608042,15896.690349340617,17813.107593762015,14265.920295046199,16086.366979121172,14079.385712600724,14454.10263960441
1960-01-06,3730.1401551356525,5094.755330570295,3584.534392804624,4993.728994672183,16312.837997792998,17813.107593762015,14882.621752295418,16086.366979121172,13389.03173709233,14454.10263960441,13242.896420922334,14014.394788379861
1960-01-07,4026.6733051595834,4993.728994672183,3903.8664287019856,5187.860712134925,14929.245650293411,16086.366979121172,13664.206406338853,14454.10263960441,12421.76943054387,14014.394788379861,12301.87538029876,13171.410639048747
1960-01-08,4151.52191641711,5187.860712134925,3682.0584508378306,5012.953783655413,13486.787287896863,14454.10263960441,12318.148505316029,14014.394788379861,11370.877282121226,13171.410639048747,10904.656567152619,12186.986372911852
1960-01-09,4008.0728571561467,5012.953783655413,3430.9518597718397,4629.877367737807,12085.993479019719,14014.394788379861,11444.72582979311,13171.410639048747,10183.86103234225,12186.986372911852,9608.239331402157,11425.182518743346
1960-01-10,3784.4907234866546,4629.877367737807,3188.8813289803047,4262.823976040265,12048.387027500936,13171.410639048747,11066.945209434092,12186.986372911852,9783.746146199293,11425.182518743346,9191.466038615265,10571.414216282836
1960-01-11,3466.7024906822526,4262.823976040265,2921.953221897068,3950.5622270157082,11080.923877361729,12186.986372911852,10036.200801099414,11425.182518743346,8826.855675487071,10571.414216282836,8284.332534617166,9833.860197334501
1960-01-12,3190.857790777039,3950.5622270157082,2722.5040983342597,3693.039369519469,10122.597547100824,11425.182518743346,9157.753065778757,10571.414216282836,8053.601221229963,9833.860197334501,7587.274145994399,9217.702128135454
1960-01-13,2983.9722102759088,3693.039369519469,2556.1455297758157,3472.1428865158714,9462.103455108165,10571.414216282836,8589.516456101861,9833.860197334501,7603.478797882804,9217.702128135454,7177.472363034313,8651.939078148134
1960-01-14,2800.673397775538,3472.1428865158714,2417.1225448476134,3304.1682450712233,8783.093885265416,9833.860197334501,8013.14036770126,9217.702128135454,7111.346341287277,8651.939078148134,6729.594690815682,8145.500681795913
1960-01-15,2656.1334096594137,3304.1682450712233,2299.958689360167,3133.6078574471953,8181.989632903995,9217.702128135454,7499.8624632006895,8651.939078148134,6681.4419173445585,8145.500681795913,6326.759025182397,7733.483341259991
1960-01-16,2534.1094533631613,3133.6078574471953,2196.042132935033,2987.671014532363,7697.50854291592,8651.939078148134,7098.189201097372,8145.500681795913,6328.849168009855,7733.483341259991,5991.975315330167,7372.122174324068
1960-01-17,2409.443949614244,2987.671014532363,2097.0184626180926,2867.1241363730023,7265.595091754234,8145.500681795913,6693.6493207295425,7733.483341259991,5976.371131492856,7372.122174324068,5665.037525643286,7098.4077900392995
1960-01-18,2305.713347040212,2867.1241363730023,2013.4921086518084,2755.32106003483,6835.759605470606,7733.483341259991,6320.215369405505,7372.122174324068,5646.351003475173,7098.4077900392995,5354.827698983418,6771.438987959433
1960-01-19,2217.9196293774144,2755.32106003483,1944.3567972277679,2663.430694147888,6505.587330766411,7372.122174324068,6030.905674168697,7098.4077900392995,5393.6653753431265,6771.438987959433,5120.832387468326,6513.733079710396
1960-01-20,2142.6191341830354,2663.430694147888,1884.4059801114236,2579.9079880685563,6213.270847891471,7098.4077900392995,5773.287004457916,6771.438987959433,5175.459907491697,6513.733079710396,4917.931412398298,6263.057198744606
1960-01-21,2075.2689802488912,2579.9079880685563,1828.3331752286708,2498.5605934380565,5988.839715230042,6771.438987959433,5586.494320129228,6513.733079710396,5013.664364926097,6263.057198744606,4767.325466956403,6054.72272057377
1960-01-22,2014.0551933408349,2498.5605934380565,1777.3709965774156,2426.1926124723414,5736.774402361851,6513.733079710396,5355.511559292141,6263.057198744606,4805.957597640145,6054.72272057377,4569.661450125086,5850.306784389021
1960-01-23,1952.4874609955157,2426.1926124723414,1724.5109378637735,2204.276746258548,5520.961668950847,6263.057198744606,5154.063772030961,6054.72272057377,4626.169141935825,5850.306784389021,4398.563283669624,5524.901962890911
1960-01-24,1900.4380898606187,2204.276746258548,1678.3733699054724,2300.109839167332,5327.806048465971,6054.72272057377,4984.881157003682,5850.306784389021,4479.508446924019,5524.901962890911,4257.875197768857,5729.918330135792
1960-01-25,1849.7724036629234,2300.109839167332,1634.5597118633432,2249.0887378869284,5159.186840781187,5850.306784389021,4834.1996729698885,5524.901962890911,4345.902452966821,5729.918330135792,4131.066705588026,5813.46158413046
1960-01-26,1800.5814194900408,2249.0887378869284,1594.5997409387678,2197.544183036218,4992.438150767963,5524.901962890911,4680.428586202113,5729.918330135792,4209.338482960391,5813.46158413046,4003.6737282651698,6029.506461861919
1960-01-27,1755.5405586565162,2197.544183036218,1557.6365642312812,2166.5825872732175,4847.916000331999,5729.918330135792,4546.354427197079,5813.46158413046,4092.567103344483,6029.506461861919,3894.92331926282,6129.384723141935
1960-01-28,1715.4160679300849,2166.5825872732175,1520.5197517332413,2014.571508401764,4874.460875157898,5813.46158413046,4574.466689589604,6029.506461861919,4134.481877273265,6129.384723141935,3940.343306204641,6135.74525976412
1960-01-29,1698.7622142919786,2014.571508401764,1504.8726896616238,2119.657193578504,4925.2973173317705,6029.506461861919,4647.581910769935,6129.384723141935,4222.05203700544,6135.74525976412,4029.136950802428,6109.5485259266015
1960-01-30,1696.5441335852229,2119.657193578504,1502.943392652407,2076.9034064747843,5086.241889101867,6129.384723141935,4815.256673140697,6135.74525976412,4382.625831524161,6109.5485259266015,4189.846017304695,5917.893710837204
1960-01-31,1636.3555361464978,2076.9034064747843,1450.4738354446797,2024.419626056985,5208.729339210153,6135.74525976412,4863.62606775426,6109.5485259266015,4409.364067676909,5917.893710837204,4224.612726162273,5755.153389690933
1960-02-01,1610.7238764448193,2024.419626056985,1427.4890612738786,1837.7709621777344,5266.780701250029,6109.5485259266015,4905.517159889108,5917.893710837204,4474.213083781354,5755.153389690933,4292.642041935196,5452.782591751033
1960-02-02,1570.9961776424148,1837.7709621777344,1393.8485829032213,1906.0393400886721,5119.173376045361,5917.893710837204,4766.466256896322,5755.153389690933,4349.9978785158655,5452.782591751033,4174.3779949989885,6169.924276295588
1960-02-03,1533.7378868169271,1906.0393400886721,1362.7231396224045,1909.8083215656382,4953.619615136735,5755.153389690933,4620.865378964616,5452.782591751033,4216.37751332503,6169.924276295588,4046.806120187407,6454.0006540800305
1960-02-04,1505.0631887923105,1909.8083215656382,1337.0356723197842,1799.7206017133408,4800.3197565304645,5452.782591751033,4483.838672866283,6169.924276295588,4094.912424762104,6454.0006540800305,3928.2131175825407,8209.069802095035
1960-02-05,1482.038550939897,1799.7206017133408,1316.364038527494,1928.818108435672,4690.0585203330465,6169.924276295588,4396.7973666158905,6454.0006540800305,4016.936209328167,8209.069802095035,3852.6648266059847,8699.273147735392
1960-02-06,1520.5258198121574,1928.818108435672,1332.5823401520233,1936.2848959019025,5188.531728470476,6454.0006540800305,4932.857841203273,8209.069802095035,4562.369232558085,8699.273147735392,4377.030302487527,8391.450366696616
1960-02-07,1537.4755376570956,1936.2848959019025,1350.6193376575811,1767.0423211773225,5446.53838507609,8209.069802095035,5272.039159528425,8699.273147735392,4859.074282254144,8391.450366696616,4671.981116315065,2397.991803028746
1960-02-08,1478.5507312216473,1767.0423211773225,1304.5539049810325,1881.8267025029822,6977.904217107897,8699.273147735392,6471.532946208337,8391.450366696616,5980.917123871822,2397.991803028746,5807.575022562582,2645.103360600517
1960-02-09,1471.0027858641456,1881.8267025029822,1310.936512480613,1039.6236363460525,7195.428423203018,8391.450366696616,6600.993129576953,2397.991803028746,6162.276380239755,2645.103360600517,6005.276168874537,16422.85807865831
1960-02-10,1549.5092403178583,1039.6236363460525,1334.4125315821775,1959.0353854110058,6876.532807899932,2397.991803028746,6577.2905065946625,2645.103360600517,6202.757326497922,16422.85807865831,5988.307948485955,18845.75469187955
1960-02-11,2277.5945456535464,1959.0353854110058,1823.1433678529315,2453.41146587363,2672.00218764552,2645.103360600517,4970.4672217562065,16422.85807865831,6002.615678935763,18845.75469187955,5494.41824943938,12516.257137125875
1960-02-12,3451.106067150071,2453.41146587363,3322.9189078247173,14483.754849934541,4921.339449411264,16422.85807865831,8017.746637699069,18845.75469187955,8152.664513139864,12516.257137125875,7931.339177336437,21505.399125345386
1960-02-13,2795.9818174235847,14483.754849934541,10572.024950318688,16400.360309442945,17590.781477259567,18845.75469187955,15522.723252542222,12516.257137125875,13769.363078876908,21505.399125345386,21526.33700243997,31845.722499226158
1960-02-14,16462.8597020242,16400.360309442945,12435.167062303473,12150.931893136405,17205.762239192045,12516.257137125875,25972.358701032666,21505.399125345386,26977.233232236213,31845.722499226158,22946.434599947275,26390.600862803753
1960-02-15,11473.14746244773,12150.931893136405,8238.313558726184,9377.161686212032,23131.487067450344,21505.399125345386,23260.46111219378,31845.722499226158,18008.76464739065,26390.600862803753,14768.71762544781,23208.473255653997
1960-02-16,8038.800844722789,9377.161686212032,6100.767251960377,7700.235674658475,21858.317845471538,31845.722499226158,16724.891497735356,26390.600862803753,12538.502238295234,23208.473255653997,10594.620932041102,20931.28005088542
1960-02-17,6399.411340077558,7700.235674658475,5025.752830925309,6719.539298224562,23518.889527866555,26390.600862803753,19278.2654666272,23208.473255653997,16198.858996680921,20931.28005088542,14835.012484773368,18989.89861435745
1960-02-18,5512.123123984233,6719.539298224562,4387.207949483638,6043.1188659205,19713.285699347827,23208.473255653997,16814.913261004447,20931.28005088542,14605.459053782555,18989.89861435745,13490.670786207305,16598.47130604991
1960-02-19,4851.989010453472,6043.1188659205,3919.001044352137,5302.209938133549,17808.112301166402,20931.28005088542,15855.728179661026,18989.89861435745,13870.557698678826,16598.47130604991,12941.98496595845,14681.3242001288
1960-02-20,4237.469692563638,5302.209938133549,3573.8041148025604,4942.820018869925,16560.909284954687,18989.89861435745,14674.785992635167,16598.47130604991,12792.026803506813,14681.3242001288,12135.283210158406,13151.045134070131
1960-02-21,3887.592625899488,4942.820018869925,3344.5064920382238,4613.697130383238,15028.06469524161,16598.47130604991,13194.418299249055,14681.3242001288,11753.32273948539,13151.045134070131,11217.351709228758,11968.468421784408
1960-02-22,3677.4959667489593,4613.697130383238,3213.936783467996,4137.207644412536,13019.32900888119,14681.3242001288,11766.588934406413,13151.045134070131,10497.408597035357,11968.468421784408,10039.407039624886,11574.006394535307
1960-02-23,3493.926145341283,4137.207644412536,2975.628202577895,4092.480586368556,11851.384697776077,13151.045134070131,10737.757489334856,11968.468421784408,9628.601070663795,11574.006394535307,9114.972431024475,10650.861398848527
1960-02-24,3228.907813019541,4092.480586368556,2767.5885327213896,3862.9509780999324,10685.953284505638,11968.468421784408,9725.295318450873,11574.006394535307,8647.754315925291,10650.861398848527,8190.241500534301,10538.393480043338
1960-02-25,3049.996273786146,3862.9509780999324,2620.0246709901608,3698.9825093121867,9778.58801584262,11574.006394535307,8951.134461321384,10650.861398848527,7947.201929272664,10538.393480043338,7520.256965436973,9966.192142105663
1960-02-26,2887.9864646183064,3698.9825093121867,2482.358451040842,3490.695278935701,9682.847424664738,10650.861398848527,8853.200746517876,10538.393480043338,7915.362307987762,9966.192142105663,7513.468571641899,9301.803864464957
1960-02-27,2761.8919139583836,3490.695278935701,2385.2035440389873,3110.688838504654,8817.600369647278,10538.393480043338,8137.541816623468,9966.192142105663,7240.909830168524,9301.803864464957,6866.550785530946,8558.867993139245
1960-02-28,2618.319660676883,3110.688838504654,2270.117070546572,3136.9991804990286,8747.086563260002,9966.192142105663,7988.763632012965,9301.803864464957,7157.748056278369,8558.867993139245,6812.74077773052,8207.299971964721
1960-02-29,2487.2077701658836,3136.9991804990286,2171.707149689145,3019.447123043884,8261.168959714516,9301.803864464957,7562.009812529332,8558.867993139245,6799.957725689641,8207.299971964721,6487.454791563031,7771.099406872472
1960-03-01,2380.824871255207,3019.447123043884,2084.8416966208133,2906.08113149737,7760.030138271665,8558.867993139245,7134.56718834023,8207.299971964721,6426.750768722922,7771.099406872472,6133.381580818921,7338.454028216353
1960-03-02,2297.8776620401422,2906.08113149737,2012.2662164246026,2629.2171830659836,7335.142472047447,8207.299971964721,6780.558370707957,7771.099406872472,6110.081133229587,7338.454028216353,5826.804300522881,6825.138766634713
1960-03-03,2215.070463804849,2629.2171830659836,1942.7705298963915,2707.7837672774176,6937.462727609929,7771.099406872472,6423.659271696375,7338.454028216353,5785.802379589847,6825.138766634713,5515.461777418431,6698.425662383854
1960-03-04,2138.4523324337842,2707.7837672774176,1879.3518123179526,2619.0501331473006,6563.198410327925,7338.454028216353,6088.8761742035485,6825.138766634713,5478.195627023715,6698.425662383854,5220.748061338649,6461.447492638616
1960-03-05,2071.063689930528,2619.0501331473006,1824.7266532191084,2539.4710758787987,6247.455808660268,6825.138766634713,5802.1107840170735,6698.425662383854,5225.128971728325,6461.447492638616,4980.290736055684,6185.957713509886
1960-03-06,2009.268024965094,2539.4710758787987,1771.036314310898,2295.9405116272574,5973.807663003102,6698.425662383854,5560.614296900245,6461.447492638616,5010.7308933499,6185.957713509886,4773.786090851879,5802.9618627796235
1960-03-07,1948.9727508879787,2295.9405116272574,1721.311620017856,2405.047309181171,5733.979044140062,6461.447492638616,5347.85769683274,6185.957713509886,4817.958213050061,5802.9618627796235,4591.442277049626,5780.508176923735
1960-03-08,1892.438519267403,2405.047309181171,1673.9143231124779,2339.7688197700368,5518.743147222825,6185.957713509886,5150.8927133662655,5802.9618627796235,4641.684377136655,5780.508176923735,4424.219914052754,5593.629623456314
1960-03-09,1844.5069483955351,2339.7688197700368,1634.0567560192094,2292.1182400277394,5321.9397110766,5802.9618627796235,4980.013663637928,5780.508176923735,4487.68113177269,5593.629623456314,4278.098102166874,5469.884547792339
1960-03-10,1798.7235662872517,2292.1182400277394,1592.466753265081,2074.4306649487735,5154.050955767329,5780.508176923735,4821.627102656517,5593.629623456314,4349.283759701428,5469.884547792339,4143.835671368202,5246.998271494489
1960-03-11,1753.007385635602,2074.4306649487735,1555.0873900028744,2185.121850797254,4988.9477670620345,5593.629623456314,4671.302773971691,5469.884547792339,4215.752535586961,5246.998271494489,4018.5686336107588,5265.916559367848
1960-03-12,1708.8428695548894,2185.121850797254,1515.7512553210781,2140.699427165371,4836.162304411702,5469.884547792339,4533.243755503593,5246.998271494489,4092.8223318618925,5265.916559367848,3900.4331975549494,5179.711528631089
1960-03-13,1669.2914811727887,2140.699427165371,1482.2380440900567,1950.529989436137,4713.639086164123,5246.998271494489,4426.460412013309,5265.916559367848,3995.9787605107267,5179.711528631089,3809.552685998028,5001.88921003689
1960-03-14,1636.1112764897312,1950.529989436137,1452.8810080889962,2075.706613612584,4633.768020920662,5265.916559367848,4353.730931096701,5179.711528631089,3934.1846217828966,5001.88921003689,3751.630160941009,5197.235508490001
1960-03-15,1605.6800463315644,2075.706613612584,1425.0422346642315,1887.9119744528311,4546.270931119594,5179.711528631089,4279.200443197588,5001.88921003689,3865.6056589458713,5197.235508490001,3685.6739823554517,5210.3932698594
1960-03-16,1578.4918512318427,1887.9119744528311,1400.0973539707795,1984.8988804758847,4480.624476317448,5001.88921003689,4223.624106031597,5197.235508490001,3812.5353829940923,5210.3932698594,3634.891830767558,5286.916190201395
1960-03-17,1550.4332398782199,1984.8988804758847,1374.3671815544785,1967.567062915933,4459.635309192012,5197.235508490001,4194.210101696248,5210.3932698594,3791.2829003788893,5286.916190201395,3616.051424013214,5387.579251984667
1960-03-18,1511.71290750524,1967.567062915933,1341.5988920746026,1828.475068655016,4480.322102762524,5210.3932698594,4190.147284183022,5286.916190201395,3801.9435717824017,5387.579251984667,3632.866968341732,5290.7208779027715
1960-03-19,1495.6495622215093,1828.475068655016,1326.885022421537,1975.707720617204,4549.992022765713,5286.916190201395,4282.853807096426,5387.579251984667,3893.192767221098,5290.7208779027715,3725.80344938933,5550.213870459291
1960-03-20,1496.743474660914,1975.707720617204,1323.4621591636624,1913.7132462030222,4545.147798635365,5387.579251984667,4301.4417767223,5290.7208779027715,3905.1328450047854,5550.213870459291,3733.332500477515,5363.839224296929
1960-03-21,1492.4331602760594,1913.7132462030222,1316.9189661669134,1751.7596558118769,4644.311740186917,5290.7208779027715,4384.699031837099,5550.213870459291,3979.68548943721,5363.839224296929,3805.804382572004,5186.7048858566595
1960-03-22,1468.1019430144145,1751.7596558118769,1294.8132076750228,1818.7346732051506,4680.841212400814,5550.213870459291,4386.715847373831,5363.839224296929,3981.6139557777396,5186.7048858566595,3810.1426299433897,5169.205886405194
1960-03-23,1431.2176920098161,1818.7346732051506,1265.3019194327633,1700.3292021862321,4710.014921414139,5363.839224296929,4380.269818588045,5186.7048858566595,3992.924179832329,5169.205886405194,3829.0307991870213,5038.055277234955
1960-03-24,1399.8927700022127,1700.3292021862321,1238.747290927447,1765.638558807443,4590.226535180509,5186.7048858566595,4283.581971896585,5169.205886405194,3907.6779339715918,5038.055277234955,3748.496432736547,4946.312356784889
1960-03-25,1388.8862007168475,1765.638558807443,1226.7903830539317,1667.999640669957,4537.549946956002,5169.205886405194,4263.825046870851,5038.055277234955,3886.923797832301,4946.312356784889,3726.726913301278,4335.146609046609
1960-03-26,1359.670525766886,1667.999640669957,1202.701081212383,1904.9960688897004,4463.5704070069605,5038.055277234955,4160.986558473251,4946.312356784889,3797.7072251520417,4335.146609046609,3642.6153937459703,3482.5607201216853
1960-03-27,1370.5587995522706,1904.9960688897004,1210.206659088247,1961.4437448968124,4410.023234472525,4946.312356784889,4169.757162732942,4335.146609046609,3810.1657992338073,3482.5607201216853,3651.776463785727,2629.2007080009844
1960-03-28,1515.871471888304,1961.4437448968124,1311.9175358650964,1911.4150820395607,4307.518189207454,4335.146609046609,4277.403659474689,3482.5607201216853,3921.4367033540093,2629.2007080009844,3718.5909817264883,3380.7920202217124
1960-03-29,1700.093364251361,1911.4150820395607,1450.9190336551615,1680.875929346201,4123.619956557548,3482.5607201216853,4557.219204307526,2629.2007080009844,4125.01669045392,3380.7920202217124,3867.8243827458637,14602.043074455083
1960-03-30,2145.8556769808033,1680.875929346201,1626.8360466428055,3193.1424752032412,3869.4814677898717,2629.2007080009844,4577.149282243481,3380.7920202217124,4549.346992292744,14602.043074455083,4011.8829029864223,16446.206986675177
1960-03-31,4388.15400679916,3193.1424752032412,4257.658843100502,18392.338102942736,3750.5089202757567,3380.7920202217124,8620.017355216289,14602.043074455083,10419.9886818378,16446.206986675177,10182.024142429107,28245.708108526636
1960-04-01,5870.92119094153,18392.338102942736,9542.611251099792,25524.227089101838,8558.967136496405,14602.043074455083,11552.862966479941,16446.206986675177,11246.059072517523,28245.708108526636,14830.924342843648,39932.75234820758
1960-04-02,16372.189259352697,25524.227089101838,21643.53450435602,23619.749073486382,18758.42517130192,16446.206986675177,30929.33225272934,28245.708108526636,25968.83158922519,39932.75234820758,31210.59246245001,50660.84143346944
1960-04-03,25425.769014044574,23619.749073486382,19563.908969634394,22974.554356284265,32284.968026716782,28245.708108526636,36234.72959392749,39932.75234820758,34442.20732209245,50660.84143346944,28566.743641589746,48832.15090662275
1960-04-04,18567.469881980487,22974.554356284265,13723.949718207952,23965.77082636102,35337.61619959382,39932.75234820758,32535.804018378865,50660.84143346944,26276.799174491985,48832.15090662275,21410.717779601517,44353.51128845551
1960-04-05,16828.600324236548,23965.77082636102,16949.327103605385,21363.652011615144,36834.05700908476,50660.84143346944,36157.47318405657,48832.15090662275,28095.53939532748,44353.51128845551,28184.248266126087,42305.59744211857
1960-04-06,20327.67482615752,21363.652011615144,17660.49796731287,17884.94837684273,46223.98316141146,48832.15090662275,44324.630989782774,44353.51128845551,38439.851698226266,42305.59744211857,35774.156600876384,37157.00009056031
1960-04-07,17514.402034167528,17884.94837684273,12627.951721553954,14288.870804536413,45571.27192428477,44353.51128845551,39266.04601604378,42305.59744211857,33976.64091374035,37157.00009056031,29105.95214383365,29548.66197708401
1960-04-08,12371.555448399777,14288.870804536413,9403.714833540715,11830.291313499856,37803.116823828335,42305.59744211857,31834.08005447834,37157.00009056031,25469.283450189534,29548.66197708401,22512.952528341055,24171.06316626008
1960-04-09,10126.974879685973,11830.291313499856,8009.033853908701,10181.193078241693,34191.25339693307,37157.00009056031,28411.46018606698,29548.66197708401,23628.79151005114,24171.06316626008,21522.689887562123,20372.869226095907
1960-04-10,8528.473491082965,10181.193078241693,6964.526177010655,8984.251526290627,29061.00800393449,29548.66197708401,24493.353701047185,24171.06316626008,20844.283901515468,20372.869226095907,19295.173729526683,17608.829721289378
1960-04-11,7450.030197272023,8984.251526290627,6046.5231326969,8331.731070896853,23169.164775854908,24171.06316626008,19976.685069875763,20372.869226095907,17154.73864451879,17608.829721289378,15761.51948252779,15024.38660187446
1960-04-12,6589.956584637082,8331.731070896853,5369.4098813133805,7119.710338947969,19156.35778636145,20372.869226095907,16974.219919588053,17608.829721289378,14575.888044365982,15024.38660187446,13360.36723995981,12636.88730867446
1960-04-13,5945.727305615341,7119.710338947969,5300.974373531019,6199.609526189156,16399.1446512799,17608.829721289378,14911.217156344406,15024.38660187446,12539.650420163298,12636.88730867446,11895.687310512716,11575.368965533604
1960-04-14,5475.678157371141,6199.609526189156,5187.036781194892,5969.822548127798,14509.172380598648,15024.38660187446,12489.93863836514,12636.88730867446,11008.136677619113,11575.368965533604,10719.262415591793,11078.92363434418
1960-04-15,5157.056164810147,5969.822548127798,4348.9163635936,6578.650566532249,11658.414316044484,12636.88730867446,10182.610197584767,11575.368965533604,9410.31872159907,11078.92363434418,8600.125553456079,10125.933303261168
1960-04-16,4671.127658208182,6578.650566532249,4389.569665573058,6654.287686996003,9868.960806613628,11575.368965533604,9308.692925422703,11078.92363434418,8299.30863551432,10125.933303261168,8013.6560498221,11319.615418865198
1960-04-17,5183.0090545342555,6654.287686996003,5581.418607794898,7563.132910469465,9635.911081099848,11078.92363434418,9831.853652558862,10125.933303261168,8730.651448204519,11319.615418865198,9123.608837324302,12820.985486245376
1960-04-18,6107.811116817423,7563.132910469465,4853.336611855761,6888.076380265654,10002.739543102169,10125.933303261168,9623.293085385187,11319.615418865198,9446.547487443635,12820.985486245376,8189.420802216531,12990.223699762837
1960-04-19,5358.407494364772,6888.076380265654,5099.459397753108,7343.792590073503,8818.275389033119,11319.615418865198,9453.75143161968,12820.985486245376,7656.771297999193,12990.223699762837,7393.5960079158685,12814.929925030247
1960-04-20,5560.949190201894,7343.792590073503,4987.123782861939,7147.0409390161985,10613.847232019416,12820.985486245376,9533.010241601114,12990.223699762837,8642.098153982328,12814.929925030247,8066.942959803769,12435.150775551021
1960-04-21,5556.489772170491,7147.0409390161985,4870.091829637308,6637.05962323269,10363.41212805398,12990.223699762837,10377.104938609835,12814.929925030247,9058.604670634139,12435.150775551021,8372.46956249049,11799.486858641034
1960-04-22,5330.07486048324,6637.05962323269,4259.52360736121,5759.191326539906,11458.701838648904,12814.929925030247,10766.170766848496,12435.150775551021,9420.424959255732,11799.486858641034,8352.185286575426,10768.456996037803
1960-04-23,4559.723424780517,5759.191326539906,3927.8455435098576,5306.56587583427,10796.266999080419,12435.150775551021,9894.372855223319,11799.486858641034,8257.116159245445,10768.456996037803,7626.939725084646,10123.15175935621
1960-04-24,4207.564882629203,5306.56587583427,3536.1120326185346,5010.263092803178,10204.151379923378,11799.486858641034,8946.452315633507,10768.456996037803,7806.531567822327,10123.15175935621,7136.915494510122,9374.568303913027
1960-04-25,3820.3366737919096,5010.263092803178,3239.464991491411,4613.742834504001,9280.212877127906,10768.456996037803,8456.13543203614,10123.15175935621,7355.12430584885,9374.568303913027,6776.509047085776,9697.351145193825
1960-04-26,3643.2986094231856,4613.742834504001,3014.643242424287,4216.117812035667,8754.69577158934,10123.15175935621,8134.987682110061,9374.568303913027,7101.576237160814,9697.351145193825,6474.857861801299,8480.299835882417
1960-04-27,3288.0564775765033,4216.117812035667,2739.015679170847,3797.3689859372284,8391.988901164466,9374.568303913027,7745.27450106176,9697.351145193825,6708.829638936844,8480.299835882417,6160.916974156188,7793.034356142819
1960-04-28,2983.5154059982524,3797.3689859372284,2594.466359804455,3566.310064844422,7768.51058242384,9697.351145193825,7032.460544198935,8480.299835882417,6059.563373191464,7793.034356142819,5671.395598060016,7309.686464414895
1960-04-29,2809.062382004099,3566.310064844422,2451.5885433209646,3338.3697373139403,7860.914542254886,8480.299835882417,7069.441597446919,7793.034356142819,6305.360331622407,7309.686464414895,5950.018999214904,6857.8047488419215
1960-04-30,2659.5990633424467,3338.3697373139403,2330.1634909975664,3203.608010632025,6872.412429370666,7793.034356142819,6332.7537405813455,7309.686464414895,5632.840726426014,6857.8047488419215,5304.673892879211,6486.9707827234115
1960-05-01,2522.0495056985174,3203.608010632025,2179.323577997199,3051.461568321106,6463.489507267494,7309.686464414895,5961.79786675986,6857.8047488419215,5333.470457862724,6486.9707827234115,4991.9464779165655,6149.117806047439
1960-05-02,2396.03555699585,3051.461568321106,2073.27892478991,2844.036576905258,6082.221595704037,6857.8047488419215,5690.543076339557,6486.9707827234115,5048.82412480046,6149.117806047439,4726.806246885024,5888.1783397115505
1960-05-03,2278.3272839557753,2844.036576905258,1996.306843484471,2693.945818634127,5800.350840026829,6486.9707827234115,5404.2772574251,6149.117806047439,4781.998281101115,5888.1783397115505,4500.687618028203,5690.831165333731
1960-05-04,2161.6584862471454,2693.945818634127,1892.6061352367124,2574.5643850401007,5485.700733707845,6149.117806047439,5053.042754373737,5888.1783397115505,4505.959353330709,5690.831165333731,4237.324614231747,5448.849010694039
1960-05-05,2050.9007663788866,2574.5643850401007,1803.9384679339296,2449.755458889305,5155.180138344978,5888.1783397115505,4792.494899533908,5690.831165333731,4272.431537732105,5448.849010694039,4025.820116587778,5368.869577938065
1960-05-06,1967.4120556877729,2449.755458889305,1726.886577065112,2335.2657564762376,4979.553649475404,5690.831165333731,4653.116714827943,5448.849010694039,4155.9247677629455,5368.869577938065,3915.7933412131288,5304.812058974428
1960-05-07,1875.7867784112173,2335.2657564762376,1645.362937251844,2131.922723540905,4841.317842212546,5448.849010694039,4508.256595087012,5368.869577938065,4032.928080159605,5304.812058974428,3802.9882899497015,5520.286401905154
1960-05-08,1786.9821070468413,2131.922723540905,1567.0485876007672,2625.5381555142503,4632.491117515544,5368.869577938065,4314.749195307425,5304.812058974428,3862.711916223514,5520.286401905154,3643.2556891576073,5579.405061745054
1960-05-09,1842.3691427944505,2625.5381555142503,1575.9367412046804,2518.4291021191857,4576.737274901825,5304.812058974428,4261.85966045002,5520.286401905154,4064.361775961501,5579.405061745054,3798.737324240784,4933.321790346514
1960-05-10,1909.610137147975,2518.4291021191857,1704.3806724736771,2417.0431460253917,4497.656649413525,5520.286401905154,4959.892720861492,5579.405061745054,4268.450910921672,4933.321790346514,4060.8269259975123,5770.910605403036
1960-05-11,2019.0194057065441,2417.0431460253917,1808.48819286548,2390.1958582729812,5430.16953120811,5579.405061745054,5222.01874963265,4933.321790346514,4699.273386183651,5770.910605403036,4482.848207756341,7250.688593788764
1960-05-12,2018.262962949902,2390.1958582729812,1791.3259205318543,2592.5358352157195,5021.059240150925,4933.321790346514,4664.818319841896,5770.910605403036,4308.181193292475,7250.688593788764,4080.565033904978,7322.935050201822
1960-05-13,2229.6835083468395,2592.5358352157195,2102.3692485824786,2740.2042239817133,4329.871709087686,5770.910605403036,4733.687771504665,7250.688593788764,4532.685925615571,7322.935050201822,4394.390717327264,6963.507104225743
1960-05-14,2175.8064423699507,2740.2042239817133,2228.816620904185,2823.1153350528366,5658.436300571342,7250.688593788764,5706.200649229828,7322.935050201822,5150.68491566768,6963.507104225743,5190.526506594916,6299.307991209991
1960-05-15,2422.442527582825,2823.1153350528366,2144.4672694573587,2834.11993277062,6679.802287582836,7322.935050201822,6200.764259013975,6963.507104225743,5812.995910246383,6299.307991209991,5529.467559997047,5936.015936530461
1960-05-16,2245.520551832679,2834.11993277062,1966.2353942978507,2622.108930000806,6388.003503552329,6963.507104225743,5958.807406087353,6299.307991209991,5349.030282149697,5936.015936530461,5066.869920329678,7082.4039886111805
1960-05-17,2191.018495648001,2622.108930000806,1934.0207056168879,3030.8172450524053,6083.1259089394425,6299.307991209991,5688.123676115186,5936.015936530461,5057.260583883179,7082.4039886111805,4800.330723485609,6936.4172590203
1960-05-18,2338.03780132566,3030.8172450524053,2089.3800593260266,2923.1491612189852,5548.211415321373,5936.015936530461,5415.415868238593,7082.4039886111805,5104.079678345595,6936.4172590203,4849.170782794297,6183.134795977893
1960-05-19,2328.1172539000777,2923.1491612189852,2100.8526417005887,2837.881278350347,5442.06546574591,7082.4039886111805,5569.04584509136,6936.4172590203,4785.349554163181,6183.134795977893,4551.122851029403,5153.285718829693
1960-05-20,2332.3153302870123,2837.881278350347,2024.9414839718625,2979.6673472215257,6593.284789868278,6936.4172590203,6030.736330468447,6183.134795977893,5401.369607438415,5153.285718829693,5092.178789043076,4886.25682000914
1960-05-21,2324.410674659931,2979.6673472215257,2100.816182450673,3115.785853543566,5979.442808201092,6183.134795977893,5608.053077154145,5153.285718829693,5072.646003262086,4886.25682000914,4847.300913014067,6924.9783108990905
1960-05-22,2496.682084790086,3115.785853543566,2316.570058415034,4641.828483148813,5475.729010194861,5153.285718829693,5518.247901634787,4886.25682000914,4984.470430897674,6924.9783108990905,4799.196701175168,7135.742535816008
1960-05-23,3320.040387636095,4641.828483148813,3617.9101312770144,8988.946621077292,5022.8644373125035,4886.25682000914,5819.063452978162,6924.9783108990905,5906.480173859784,7135.742535816008,6188.732141301241,10375.10947096324
1960-05-24,4572.843657990337,8988.946621077292,5493.550293478411,9614.182479679745,5561.979233901842,6924.9783108990905,7342.034444084284,7135.742535816008,6902.459860579693,10375.10947096324,7796.010595882884,14564.515569457877
1960-05-25,7747.00831278282,9614.182479679745,6540.923376780991,8007.651362473291,8311.731746379395,7135.742535816008,12113.635239378358,10375.10947096324,10626.759066772343,14564.515569457877,9404.901089723746,15981.405099058164
1960-05-26,7021.699676758428,8007.651362473291,5328.3005152387195,6120.103070067053,11083.621557372131,10375.10947096324,11366.70500303525,14564.515569457877,8560.934640525746,15981.405099058164,6855.889596451686,13635.199238161627
1960-05-27,5353.600536286104,6120.103070067053,4210.276797521417,4956.353415474039,10784.077179862086,14564.515569457877,8850.79425720623,15981.405099058164,6109.03110518872,13635.199238161627,4956.50785516337,12382.458670950291
1960-05-28,4285.955658841612,4956.353415474039,3409.261822719928,4379.990742401558,11884.12113288113,15981.405099058164,9505.987870139283,13635.199238161627,7588.476591441863,12382.458670950291,6710.280989077186,10310.281900946964
1960-05-29,3769.841217038679,4379.990742401558,3161.015565978457,4175.535123628449,12308.467896891281,13635.199238161627,10562.485827419667,12382.458670950291,9302.296586284916,10310.281900946964,8697.529278705204,9985.154226115352
1960-05-30,3324.1236792678137,4175.535123628449,2851.419829481198,4089.7931716276325,10948.389490960702,12382.458670950291,9845.520223059537,10310.281900946964,8637.99368593566,9985.154226115352,8165.166403428794,8794.26490551839
1960-05-31,3386.883131162129,4089.7931716276325,2925.8708800010418,3953.1255299745744,10315.001886283771,10310.281900946964,9661.855803230905,9985.154226115352,8715.577019271566,8794.26490551839,8254.306483291482,6719.565190709046
1960-06-01,3125.312983082423,3953.1255299745744,2836.873850109477,2883.727539545242,9088.865583576526,9985.154226115352,8584.704625280356,8794.26490551839,7473.694088592298,6719.565190709046,7181.204740510619,9851.449205841862
1960-06-02,3112.7354733994366,2883.727539545242,2793.237813417046,1798.1340097495886,8860.540120173031,8794.26490551839,8168.070141109265,6719.565190709046,7194.2176872150485,9851.449205841862,6871.983523844983,10877.869405248868
1960-06-03,2456.79509854187,1798.1340097495886,1545.3880316276748,1132.0480625898801,7712.262296438079,6719.565190709046,6188.959233946478,9851.449205841862,5708.495263833847,10877.869405248868,4796.12782414986,7893.876844990747
1960-06-04,1100.728130524568,1132.0480625898801,619.3327537123272,1417.4931583031466,5136.415183331866,9851.449205841862,4131.045269225843,10877.869405248868,3305.057467207326,7893.876844990747,2812.5832348267695,5387.531331586374
1960-06-05,632.3992346913673,1417.4931583031466,2660.1131612702825,4075.434405856353,7571.38455085213,10877.869405248868,6233.199477735156,7893.876844990747,5597.625667420346,5387.531331586374,7622.201402533559,6802.222269570646
1960-06-06,3173.483165895462,4075.434405856353,4152.426577378955,5774.212448541094,8168.226597350446,7893.876844990747,7581.039592345485,5387.531331586374,9227.911924112715,6802.222269570646,10210.964790781974,8203.028850531606
1960-06-07,4619.745981105358,5774.212448541094,4124.336517586847,5419.436559310498,6668.2662698459,5387.531331586374,8733.019461485892,6802.222269570646,9193.70570528379,8203.028850531606,8700.342870848212,9236.623622738065
1960-06-08,4717.947994384995,5419.436559310498,3587.6267349129957,4507.236869436232,7225.702774928991,6802.222269570646,8624.658616156337,8203.028850531606,7500.469044546979,9236.623622738065,6368.925587877306,9300.559341281925
1960-06-09,3859.661962764488,4507.236869436232,3054.7382273160765,3743.778044793712,8007.333463190098,8203.028850531606,7422.508111083527,9236.623622738065,5835.9724376610875,9300.559341281925,5028.640615425979,8552.893321167327
1960-06-10,3302.575765595983,3743.778044793712,2660.340293122851,3220.2656372465317,7398.793690355469,9236.623622738065,6315.361024016149,9300.559341281925,5082.999320419238,8552.893321167327,4438.301894155717,8742.752863266149
1960-06-11,2800.035199415579,3220.2656372465317,2285.9507820811873,2885.9909198362566,7558.491668221159,9300.559341281925,6495.577959576085,8552.893321167327,5514.5632375015975,8742.752863266149,5000.5219752256735,9377.604300391988
1960-06-12,2613.498603833036,2885.9909198362566,2175.835555256888,2698.475562233315,7533.933020405723,8552.893321167327,6750.306238095161,8742.752863266149,6110.906167421352,9377.604300391988,5675.791355764344,13144.826064390529
1960-06-13,2156.649035439144,2698.475562233315,1928.1639001563635,2385.766852152199,7144.763392789149,8742.752863266149,6521.094253096208,9377.604300391988,5637.102715723135,13144.826064390529,5404.991237144277,8869.937636395796
1960-06-14,2183.8806955545233,2385.766852152199,1873.0579766499236,2636.4643436167144,7388.64568044803,9377.604300391988,6666.545787523986,13144.826064390529,6096.780374432127,8869.937636395796,5789.635343303367,7590.121144213339
1960-06-15,1966.9715819136795,2636.4643436167144,1610.173454268871,2488.5689042303,7755.918406627347,13144.826064390529,7050.928531964993,8869.937636395796,6548.053989751368,7590.121144213339,6193.407571453638,6944.162965659078
1960-06-16,1972.904403446406,2488.5689042303,1898.772810602994,1955.5585326821822,10571.153250299662,8869.937636395796,9996.593655733377,7590.121144213339,9149.260603364557,6944.162965659078,9080.094130473086,7257.230536173398
1960-06-17,2056.7603144489544,1955.5585326821822,2028.5204156325544,2125.940868082673,7841.050438162044,7590.121144213339,7049.901747053071,6944.162965659078,6525.439108803154,7257.230536173398,6499.55809367872,6453.902474829503
1960-06-18,2041.4309187200192,2125.940868082673,1729.05763575106,2486.6566800501914,6353.618740330652,6944.162965659078,5509.113929057488,7257.230536173398,5502.627024270312,6453.902474829503,5190.3383386838905,5564.228912620803
1960-06-19,1665.083196337378,2486.6566800501914,1847.8891651378199,2253.7676061598595,5595.780316621676,7257.230536173398,5367.3214673388065,6453.902474829503,4825.985411066714,5564.228912620803,5008.357189681235,5898.24745807093
1960-06-20,2298.6545846761446,2253.7676061598595,2001.7511546173325,2332.470449974193,6322.164140797264,6453.902474829503,6216.09004163731,5564.228912620803,5955.234256541809,5898.24745807093,5660.475661108325,6546.3844641899905
1960-06-21,1897.3046549394494,2332.470449974193,1664.5488819115026,2262.4755166625005,5917.931070272702,5564.228912620803,5331.705530918358,5898.24745807093,4923.056730525179,6546.3844641899905,4691.224979515628,7421.660274891712
1960-06-22,1885.3022999438174,2262.4755166625005,1662.8997904853854,2109.8142426598442,4741.655956520571,5898.24745807093,4592.144803413728,6546.3844641899905,4104.1408250944905,7421.660274891712,3881.1159683488336,6557.679081666314
1960-06-23,1842.2802577166917,2109.8142426598442,1595.190344831008,2001.841237505652,5259.228580703373,6546.3844641899905,4919.732336944787,7421.660274891712,4455.428044314574,6557.679081666314,4209.012756146629,5554.163111063517
1960-06-24,1700.9754294708973,2001.841237505652,1495.3929460891768,1877.9052904624634,5636.028374211961,7421.660274891712,5176.366931367036,6557.679081666314,4709.058390636827,5554.163111063517,4504.458885011153,5108.456684198842
1960-06-25,1644.175327420581,1877.9052904624634,1441.6537919681064,1776.5227130345036,6210.726549009849,6557.679081666314,5696.943631212946,5554.163111063517,5243.582076464643,5108.456684198842,5043.9708162703055,4764.659016940361
1960-06-26,1531.4522469456676,1776.5227130345036,1343.436277669976,1683.350867838906,5558.572829477549,5554.163111063517,5041.121219593712,5108.456684198842,4643.388591993928,4764.659016940361,4457.740733391342,4612.070713012907
1960-06-27,1447.4200213841473,1683.350867838906,1275.7120976925178,1568.874985822315,4717.728940765084,5108.456684198842,4347.668757233087,4764.659016940361,3975.3710833667965,4612.070713012907,3804.8705801776505,4290.307722624656
1960-06-28,1380.8401637547945,1568.874985822315,1216.41927451843,1467.1070265224216,4379.448725109059,4764.659016940361,4050.506934848695,4612.070713012907,3700.656869710103,4290.307722624656,3537.128079971473,4297.859013791178
1960-06-29,1284.3964816948453,1467.1070265224216,1104.5936437229202,1499.7293490973698,4110.663122946366,4612.070713012907,3768.453275007848,4290.307722624656,3446.6972589215884,4297.859013791178,3267.663775484098,4240.778202885413
1960-06-30,1228.890901133423,1499.7293490973698,1000.3131324187971,1406.0784307860988,3939.4195012511304,4290.307722624656,3622.1029691217173,4297.859013791178,3345.3637948794026,4240.778202885413,3117.479185712175,4378.745757178542
1960-07-01,1127.68764072208,1406.0784307860988,1024.6330144115313,1243.0488644242637,3677.048481738255,4297.859013791178,3510.061011602683,4240.778202885413,3101.671129044744,4378.745757178542,2999.193522331754,4100.4774194555175
1960-07-02,1167.5637651058526,1243.0488644242637,1084.2896360528457,1230.1744567987985,3801.947799579438,4240.778202885413,3543.917527171543,4378.745757178542,3261.75590189949,4100.4774194555175,3178.5630096849663,3887.4221573339346
1960-07-03,1088.0440383541354,1230.1744567987985,1005.3081762000006,1290.4474405418355,3671.028396599883,4378.745757178542,3274.491729977556,4100.4774194555175,3079.279082087715,3887.4221573339346,2997.0540839294335,3699.7277228092553
1960-07-04,1067.2136067384072,1290.4474405418355,976.0468685013632,1253.0638957920705,3615.452498296422,4100.4774194555175,3378.570479737255,3887.4221573339346,3175.075060536729,3699.7277228092553,3084.994395035287,3499.68041769477
1960-07-05,1092.223235222165,1253.0638957920705,1007.9251680625723,1206.2169326891903,3532.729370329556,3887.4221573339346,3381.125343835096,3699.7277228092553,3143.5093947444834,3499.68041769477,3060.3328566383684,3393.205334387825
1960-07-06,1081.5070952803371,1206.2169326891903,975.2759257213199,1169.3622971638433,3441.2966659207277,3699.7277228092553,3208.8900855143593,3499.68041769477,3000.820049265647,3393.205334387825,2895.5207690456527,3308.3180629806884
1960-07-07,1027.9401773061365,1169.3622971638433,912.4868946470606,1140.0301685374047,3210.9153709324423,3499.68041769477,2989.740476020724,3393.205334387825,2778.772825796291,3308.3180629806884,2663.9769403582814,3148.050064728476
1960-07-08,978.5559610654396,1140.0301685374047,868.08964871234,1100.7512329959718,3035.1235075324385,3393.205334387825,2837.6943544381543,3308.3180629806884,2617.1153426897354,3148.050064728476,2507.1502034321584,3230.439029175388
1960-07-09,947.3632527252003,1100.7512329959718,844.2122340107676,1057.6935433418,2948.8853573216716,3308.3180629806884,2763.7921874576077,3148.050064728476,2543.0590932969526,3230.439029175388,2440.4015122079236,3279.539435810029
1960-07-10,917.5625894480472,1057.6935433418,821.1058850376257,1039.9629714383682,2879.186139044178,3148.050064728476,2687.820515059736,3230.439029175388,2478.1257537717365,3279.539435810029,2382.1738472465663,3696.3561884127066
1960-07-11,886.3440431756924,1039.9629714383682,796.0200132798761,968.1321597839085,2739.8375593681026,3230.439029175388,2636.5191219849944,3279.539435810029,2437.6385247996877,3696.3561884127066,2346.589235783759,3068.778718828
1960-07-12,869.6058269807359,968.1321597839085,783.6959232527529,950.9101761354532,2863.6210656277394,3279.539435810029,2628.914774428269,3696.3561884127066,2428.724735659824,3068.778718828,2342.870262944156,6491.850860323407
1960-07-13,814.4670222464058,950.9101761354532,740.4428447230586,1081.5924749070891,2803.0464239208427,3696.3561884127066,2576.407649890421,3068.778718828,2400.9911397152955,6491.850860323407,2327.726194932915,6128.34537457978
1960-07-14,856.1779342576,1081.5924749070891,751.7538317487755,1113.42575345503,3103.908914528105,3068.778718828,3246.014394960538,6491.850860323407,3124.8530176353574,6128.34537457978,3018.7000067716267,5346.09097930022
1960-07-15,868.3556710357334,1113.42575345503,783.796415853086,964.1577886466023,3002.8073910736175,6491.850860323407,3645.6298805000793,6128.34537457978,3249.868740943916,5346.09097930022,3146.1315696900674,4500.854922060251
1960-07-16,901.5630215497358,964.1577886466023,805.7807024193421,894.9643116317366,6147.688361662065,6128.34537457978,5189.381234345815,5346.09097930022,4821.062216302996,4500.854922060251,4719.658359981008,3864.7985253966704
1960-07-17,812.1123636844396,894.9643116317366,727.4887192709748,871.9839006595009,4737.017251721611,5346.09097930022,3995.2642739033117,4500.854922060251,3775.1706000383483,3864.7985253966704,3690.488833292512,3659.452853953326
1960-07-18,754.9657640818311,871.9839006595009,682.6194464533907,898.4636760013461,4123.299268671886,4500.854922060251,3691.869138425567,3864.7985253966704,3506.706154804271,3659.452853953326,3436.025902835999,3422.884172598538
1960-07-19,747.3648658144016,898.4636760013461,664.0947267983347,920.784885116185,3664.6415126614293,3864.7985253966704,3349.6684390547007,3659.452853953326,3188.5070610525727,3422.884172598538,3106.8382587086,3099.365470873635
1960-07-20,739.5053259380393,920.784885116185,667.340424215722,823.6558449522847,3227.1779781224122,3659.452853953326,3035.647845656077,3422.884172598538,2841.1325544721803,3099.365470873635,2769.4983884391013,2920.821391852697
1960-07-21,757.471114008917,823.6558449522847,681.2137651882668,794.5190998172118,3127.782012207548,3422.884172598538,2920.5316536891396,3099.365470873635,2729.9304566165847,2920.821391852697,2654.685750485027,2827.156378445069
1960-07-22,696.5147776878962,794.5190998172118,630.6630338729486,776.2060713546371,2919.2359276520638,3099.365470873635,2636.4572286636667,2920.821391852697,2489.326126054817,2827.156378445069,2424.5293932966715,2786.9435671696965
1960-07-23,671.6499738252354,776.2060713546371,610.6999131305536,758.3487937204318,2569.726175593758,2920.821391852697,2387.765586298284,2827.156378445069,2249.455130588059,2786.9435671696965,2189.207424958873,2637.2635537255646
1960-07-24,657.0990204964999,758.3487937204318,600.7365123303193,741.7683538284257,2477.0329689410214,2827.156378445069,2314.4980072378753,2786.9435671696965,2180.376616712861,2637.2635537255646,2124.5165848046095,2627.5807053260733
1960-07-25,645.0956747371787,741.7683538284257,589.5843756983144,685.8445319569414,2410.837515018325,2786.9435671696965,2246.705525567839,2637.2635537255646,2120.961866185681,2627.5807053260733,2066.0499092778114,2790.591132117119
1960-07-26,631.2757111846158,685.8445319569414,576.2029443533817,723.5460365144329,2364.038145721722,2637.2635537255646,2206.5784211121486,2627.5807053260733,2085.2219204511475,2790.591132117119,2030.8132620559895,3094.039982166748
1960-07-27,585.8957913867931,723.5460365144329,527.7230567698086,730.9989164374454,2246.9316466390865,2627.5807053260733,2126.065475809614,2790.591132117119,2006.6821801347774,3094.039982166748,1947.8495721135318,1983.9241257860187
1960-07-28,640.1368412494265,730.9989164374454,557.8871154997028,416.34144201574804,2259.259078306472,2790.591132117119,2133.4242451389437,3094.039982166748,2034.2146121597452,1983.9241257860187,1951.8115411540762,7622.980618351878
1960-07-29,590.3134831896093,416.34144201574804,542.1575284731433,433.7133741742283,2379.117529105821,3094.039982166748,2219.9012052978487,1983.9241257860187,2070.4558711804275,7622.980618351878,2023.100833546139,9246.130586821288
1960-07-30,429.4529684886128,433.7133741742283,212.24826091600704,770.5326510181985,2627.1014615402996,1983.9241257860187,2749.085626717917,7622.980618351878,2707.5402613096708,9246.130586821288,2483.2253720635526,7550.266217079477
1960-07-31,269.1848038588228,770.5326510181985,192.6399707256597,964.9925754471501,2031.658668436194,7622.980618351878,3036.4612420006824,9246.130586821288,2510.3835541078593,7550.266217079477,2399.089117860844,5819.894325298417
1960-08-01,584.0861009365071,964.9925754471501,425.73885140213065,562.1377480875375,7237.868724660033,9246.130586821288,6358.89116098201,7550.266217079477,5931.828903147227,5819.894325298417,5761.106024172293,4965.801662736887
1960-08-02,659.972735018444,562.1377480875375,695.5926479567463,534.9002107667479,7266.832985903594,7550.266217079477,6296.450746425891,5819.894325298417,5897.6383431366685,4965.801662736887,5935.6441846785065,5237.715982077398
1960-08-03,618.6345237547836,534.9002107667479,687.7841677609349,921.3342358399946,5867.295134425517,5819.894325298417,4834.890382917682,4965.801662736887,4848.555861429497,5237.715982077398,4921.96039693067,6320.375565290681
1960-08-04,608.979507686799,921.3342358399946,782.7882155070263,1451.4257703533885,4276.8201866896525,4965.801662736887,3922.2282637221224,5237.715982077398,3926.701574298309,6320.375565290681,4099.264280574748,6562.593869970332
1960-08-05,1058.9915211340924,1451.4257703533885,1051.0392198104553,1588.522452983592,4050.7540748354754,5237.715982077398,4270.881069049561,6320.375565290681,4380.303297898116,6562.593869970332,4372.173464733369,5794.122036917649
1960-08-06,1305.7248513155123,1588.522452983592,1150.072153492062,1546.8950866304242,4799.41593434798,6320.375565290681,5023.918539171226,6562.593869970332,4776.810565839373,5794.122036917649,4616.887261614152,5302.383744316328
1960-08-07,1266.6663857960036,1546.8950866304242,1108.8158539002088,1480.6191400508762,5778.926615160721,6562.593869970332,5379.096485672281,5794.122036917649,4988.7104269283545,5302.383744316328,4830.758677805303,5021.208796952097
1960-08-08,1244.5439138768018,1480.6191400508762,1045.3022589018537,1110.4496278672755,5530.698422302876,5794.122036917649,5136.326814425909,5302.383744316328,4785.680301254564,5021.208796952097,4586.742090142101,5325.13785657899
1960-08-09,1127.1113188924605,1110.4496278672755,975.0194855766151,1472.9871766930648,4919.22359272878,5302.383744316328,4445.848839022694,5021.208796952097,4045.3424467270834,5325.13785657899,3892.981285980268,6074.687009800223
1960-08-10,1023.9263425655381,1472.9871766930648,736.0376234984849,1703.9308709439365,4386.446032202988,5021.208796952097,3771.888168614706,5325.13785657899,3668.4793432652655,6074.687009800223,3381.2273100427337,4757.780234152691
1960-08-11,1031.9584080002294,1703.9308709439365,839.2440673059136,1359.929362986024,3949.7985005177434,5325.13785657899,4063.8874775887393,6074.687009800223,3564.6912021050384,4757.780234152691,3369.7365267709265,4117.541805242302
1960-08-12,1156.9018553662518,1359.929362986024,1083.129753872862,1157.6491447203475,4814.11474473966,6074.687009800223,4646.81745842985,4757.780234152691,4061.826544898062,4117.541805242302,3989.2050088954866,4175.757016871472
1960-08-13,1122.202940356826,1157.6491447203475,1002.7307636331655,1016.4239754741652,5251.74183790395,4757.780234152691,4541.176025599801,4117.541805242302,4270.515833214178,4175.757016871472,4153.4007510134925,4242.2982824119545
1960-08-14,955.3957280017369,1016.4239754741652,904.5252742389273,1116.125044492425,3775.672866728175,4117.541805242302,3346.8719755883717,4175.757016871472,3133.544094774101,4242.2982824119545,3083.356972647489,4061.6048416870863
1960-08-15,929.2864261892985,1116.125044492425,752.7231824150163,1276.5001041436685,3338.267721985101,4175.757016871472,3002.455545913871,4242.2982824119545,2898.9020720043436,4061.6048416870863,2721.895843643696,3614.1915979486475
1960-08-16,873.606046496533,1276.5001041436685,698.2386758000857,1130.2601212199693,3398.8921928673453,4242.2982824119545,3268.920414033578,4061.6048416870863,3010.6576401664865,3614.1915979486475,2835.9326637908225,3298.3408994473193
1960-08-17,881.6593600014077,1130.2601212199693,923.2753539111777,1230.2064377993556,3643.947648874313,4061.6048416870863,3565.872019480633,3614.1915979486475,3154.0215997680607,3298.3408994473193,3196.6977102505207,3258.7511519103155
1960-08-18,1009.7107113842811,1230.2064377993556,938.0494814812553,1255.0943897873565,3596.5616184318415,3614.1915979486475,3230.236848418809,3298.3408994473193,3099.0927861340033,3258.7511519103155,3028.2739394713585,3332.517017181435
1960-08-19,1018.71133599209,1255.0943897873565,985.5872079214826,1180.489014768651,2978.8316676943955,3298.3408994473193,2915.9228516478447,3258.7511519103155,2702.5416165235874,3332.517017181435,2669.5037417892254,3443.5217189688656
1960-08-20,1116.8406240373938,1180.489014768651,1029.2570040666537,1145.4174786361373,2941.8667130783406,3258.7511519103155,2821.291288660308,3332.517017181435,2687.465757507868,3443.5217189688656,2600.1288159981923,3521.8525473846903
1960-08-21,1015.7982912242468,1145.4174786361373,892.997034438728,1162.7100689231047,2857.796826121132,3332.517017181435,2670.693924224713,3443.5217189688656,2504.89037751219,3521.8525473846903,2381.95800019441,3609.2116300837615
1960-08-22,965.622228056844,1162.7100689231047,812.7396410979975,1196.8041490369199,2844.773314846044,3443.5217189688656,2679.4713597877485,3521.8525473846903,2501.0444770827835,3609.2116300837615,2348.032164283217,3430.086063697805
1960-08-23,896.5537573649293,1196.8041490369199,822.5049892138302,1170.5043607922264,2942.920457896911,3521.8525473846903,2817.0452847039414,3609.2116300837615,2543.9420803368384,3430.086063697805,2469.4639959454034,3218.9109337820846
1960-08-24,945.2152773630883,1170.5043607922264,846.6308476131096,1087.0417282547717,3053.829015148235,3609.2116300837615,2907.956527773673,3430.086063697805,2651.914426937845,3218.9109337820846,2553.348887268229,3143.3635312174647
1960-08-25,928.7986423939622,1087.0417282547717,842.0320126439631,1028.1380731841275,3111.0012303171334,3430.086063697805,2903.461286701003,3218.9109337820846,2661.9300272570463,3143.3635312174647,2575.5547710602314,3127.607016963274
1960-08-26,888.4206518987464,1028.1380731841275,808.4016947815948,993.1337746142432,2916.60962720102,3218.9109337820846,2677.0734558638524,3143.3635312174647,2483.1703929756854,3127.607016963274,2403.4216488737848,3093.406494731388
1960-08-27,846.6502822241797,993.1337746142432,771.5686114968912,980.7405913510624,2694.903449201941,3143.3635312174647,2496.6479054341326,3127.607016963274,2323.3942344320444,3093.406494731388,2248.4450435371214,2882.930800657826
1960-08-28,819.244150127688,980.7405913510624,741.9571298088894,971.4254999137247,2637.5824186347827,3127.607016963274,2463.787913061946,3093.406494731388,2299.5984849072347,2882.930800657826,2222.514263921381,3231.310077511119
1960-08-29,804.6048241362414,971.4254999137247,725.6070472424236,973.9002379017504,2637.824780673325,3093.406494731388,2482.370036735336,2882.930800657826,2316.7839306669293,3231.310077511119,2238.121376428125,3326.8513971169577
1960-08-30,871.9766330566486,973.9002379017504,792.7070969140473,974.1286182708347,2620.2645559177295,2882.930800657826,2468.0449433727613,3231.310077511119,2381.1343115636746,3326.8513971169577,2302.338263972638,3239.148015932784
1960-08-31,859.8895472519014,974.1286182708347,791.8731574781358,1021.6642254158953,2458.6828060609178,3231.310077511119,2388.3939630313544,3326.8513971169577,2285.3227063148724,3239.148015932784,2217.711526588185,3285.170428069214
1960-09-01,799.8923936567878,1021.6642254158953,730.8670638366683,1001.1482052512101,2787.2229882813053,3326.8513971169577,2655.3475731295566,3239.148015932784,2474.680533157263,3285.170428069214,2405.246396869821,3110.864209860879
1960-09-02,794.122271240929,1001.1482052512101,727.8756767123925,955.0288884222134,2854.4600959517234,3239.148015932784,2719.8389994227723,3285.170428069214,2496.0528316748178,3110.864209860879,2430.2289129677483,3039.5344711578928
1960-09-03,800.1551525191944,955.0288884222134,722.0534490095876,909.9636682308608,2786.085290609441,3285.170428069214,2596.6867076786775,3110.864209860879,2402.677359722811,3039.5344711578928,2324.689943084438,2951.95205701371
1960-09-04,770.9036609294458,909.9636682308608,698.3843347318802,879.330627505524,2758.8971074503515,3110.864209860879,2540.692964771705,3039.5344711578928,2369.293718338724,2951.95205701371,2297.407799488653,2868.1452281637794
1960-09-05,737.0114482678873,879.330627505524,671.7618100150496,859.7238896052672,2583.185987714867,3039.5344711578928,2393.0511647565545,2951.95205701371,2235.22695652465,2868.1452281637794,2170.489884953309,2770.3078491682563
1960-09-06,710.3118926905709,859.7238896052672,648.1754422720534,841.2019541570505,2529.015169590605,2951.95205701371,2354.4673622363953,2868.1452281637794,2202.934379561362,2770.3078491682563,2141.4719438217694,2681.597531536031
1960-09-07,699.128903177604,841.2019541570505,636.4584544189146,821.974538323662,2463.6726396897257,2868.1452281637794,2305.21002776801,2770.3078491682563,2162.679997242152,2681.597531536031,2100.5181885466054,2588.87182764724
1960-09-08,682.3596977041822,821.974538323662,621.8037402282272,808.5980678451865,2400.212079552581,2770.3078491682563,2245.3005461364937,2681.597531536031,2107.1028541468986,2588.87182764724,2047.3653874938734,1764.7102714131556
1960-09-09,668.7011238026128,808.5980678451865,609.8747387730002,784.6322692347735,2317.903055820789,2681.597531536031,2170.8868413110763,2588.87182764724,2040.441001256669,1764.7102714131556,1982.3383439142672,1103.7588692705765
1960-09-10,658.1765373598115,784.6322692347735,585.3756557315926,502.73527887216267,2243.965040371668,2588.87182764724,2107.8740551048554,1764.7102714131556,1982.3098849387936,1103.7588692705765,1910.1772085024213,7188.8566665757835
1960-09-11,621.0105992649031,502.73527887216267,574.6234252680938,926.6029808747205,2170.8872604503877,1764.7102714131556,2032.6332104707972,1103.7588692705765,1895.990542315838,7188.8566665757835,1850.2648110533714,7444.3285343267125
1960-09-12,961.8356492931671,926.6029808747205,746.9417379439725,1213.686797972406,1548.8638914560545,1103.7588692705765,1785.9129618470215,7188.8566665757835,2275.1122739651655,7444.3285343267125,2053.9183370027363,9833.764706584334
1960-09-13,1376.6309332623248,1213.686797972406,1273.0220255576319,1361.8820821050126,1265.7682309669128,7188.8566665757835,2664.821966608404,7444.3285343267125,2890.939414538662,9833.764706584334,2767.6779280876135,10525.986824544976
1960-09-14,1495.8069139032611,1361.8820821050126,1400.5408959246868,1330.0979586181174,7224.489054033731,7444.3285343267125,7462.623376941365,9833.764706584334,7204.022349990395,10525.986824544976,7086.967600542392,9026.145444076808
1960-09-15,1144.2736271567605,1330.0979586181174,1268.9660802643346,1729.4384851716572,7156.776181922846,9833.764706584334,6223.821237848109,10525.986824544976,5629.423770860077,9026.145444076808,5744.768681397352,6579.153751234018
1960-09-16,1251.792580502089,1729.4384851716572,1811.3847327050714,2642.2602231526744,7998.921167705536,10525.986824544976,6854.293509881983,9026.145444076808,6571.725827527325,6579.153751234018,7130.239607109097,3329.1676689442347
1960-09-17,1964.118305978602,2642.2602231526744,2469.1053794058457,2975.6397425134865,8289.28798706612,9026.145444076808,7708.229932182912,6579.153751234018,7835.477365605084,3329.1676689442347,8344.363689609861,7599.476861261257
1960-09-18,2744.1794944183052,2975.6397425134865,2380.9797587837375,2417.3330272534895,7584.423851026796,6579.153751234018,7768.185605899367,3329.1676689442347,7828.572777868996,7599.476861261257,7468.969102066399,13722.721243390883
1960-09-19,2607.0434444179555,2417.3330272534895,1637.9681587800749,4726.897032334953,6371.063547849893,3329.1676689442347,6459.141987199114,7599.476861261257,6128.62398444777,13722.721243390883,5160.205799153152,13279.89375019031
1960-09-20,2259.5996118868347,4726.897032334953,1738.9581477243125,7124.532652783277,3654.2409504736142,7599.476861261257,3766.0641911996604,13722.721243390883,3555.721647258992,13279.89375019031,3017.125889522683,13329.990199733133
1960-09-21,2988.1612667258087,7124.532652783277,4687.635729200042,7610.804019099893,6724.608998852739,13722.721243390883,8775.176458950726,13279.89375019031,6760.749262551624,13329.990199733133,8446.898938400696,15971.896396519263
1960-09-22,6574.38948985429,7610.804019099893,6281.6578364201305,7396.635252980037,13609.625476317306,13279.89375019031,14803.774914004845,13329.990199733133,14032.74109534601,15971.896396519263,13741.110337741688,15606.516689895452
1960-09-23,6363.105040189484,7396.635252980037,5305.370327250763,6420.419398065593,13715.066993724635,13329.990199733133,13311.257851437513,15971.896396519263,11956.636806663924,15606.516689895452,10899.193779009876,13859.366398034104
1960-09-24,5488.166729146844,6420.419398065593,4389.526262300372,5409.934778975442,12367.47560574442,15971.896396519263,11538.454651116768,15606.516689895452,9602.768281922648,13859.366398034104,8503.19129824841,12053.71251087614
1960-09-25,4588.840571775906,5409.934778975442,3725.3914748528914,4621.931492346445,13738.59297694913,15606.516689895452,11985.705343755708,13859.366398034104,10146.04947069321,12053.71251087614,9287.188780736476,10501.376202479272
1960-09-26,3935.6706357694175,4621.931492346445,3219.900992558435,4027.510325866965,12629.367049570881,13859.366398034104,10916.68375039029,12053.71251087614,9442.01870695913,10501.376202479272,8731.493682069628,9080.993030531696
1960-09-27,3389.2541521502326,4027.510325866965,2809.053338091128,3546.8802283977175,11064.984744188438,12053.71251087614,9660.039844648625,10501.376202479272,8429.226523077128,9080.993030531696,7853.620376125606,7826.555530360854
1960-09-28,2986.827996812627,3546.8802283977175,2499.6343375632296,3060.733868802748,9688.408281453427,10501.376202479272,8544.624872565208,9080.993030531696,7509.992432600808,7826.555530360854,7026.59185771591,7529.930589390622
1960-09-29,2662.0849197070575,3060.733868802748,2261.1584265619827,2667.7748022096457,8518.349610799412,9080.993030531696,7564.938326284719,7826.555530360854,6692.2813315113,7529.930589390622,6294.474226056736,7077.347475310371
1960-09-30,2384.110931038793,2667.7748022096457,1893.428164925776,2459.780666708081,7415.449408072924,7826.555530360854,6587.324642080637,7529.930589390622,5938.634126931925,7077.347475310371,5450.601081008739,6293.851005210659
1960-10-01,1971.5042670182593,2459.780666708081,1802.1606612376984,2347.581543879258,6397.540040234442,7529.930589390622,5729.539978046887,7077.347475310371,5037.4756642067,6293.851005210659,4867.72338496697,5973.668645545038
1960-10-02,1966.0878709059425,2347.581543879258,1837.4361499027248,2455.7043154883604,6165.1788352830845,7077.347475310371,5590.4492338492555,6293.851005210659,5102.641825021379,5973.668645545038,4974.752480156607,5481.112656777712
1960-10-03,1957.0937721967496,2455.7043154883604,1809.5668233409353,2442.8126930565027,5841.924638632863,6293.851005210659,5396.355676605496,5973.668645545038,5014.583444453019,5481.112656777712,4867.994008845934,5289.366701098901
1960-10-04,2005.4696671725992,2442.8126930565027,1980.3913540440778,2383.3933753173474,5309.250761683075,5973.668645545038,5121.878202353546,5481.112656777712,4686.024047360401,5289.366701098901,4661.383365124447,5356.051296413585
1960-10-05,2136.730627492898,2383.3933753173474,1951.7048619649433,2498.616684122249,5244.697770618708,5481.112656777712,4959.760276621479,5289.366701098901,4669.687096968379,5356.051296413585,4485.014374099068,5225.442356763801
1960-10-06,2011.3639812530728,2498.616684122249,1681.7099410459136,2324.347947888891,4773.351123508449,5289.366701098901,4525.57773912608,5356.051296413585,4181.581194545449,5225.442356763801,3851.954386369403,5031.015588725485
1960-10-07,1910.1263395861831,2324.347947888891,1817.4671586011636,2237.137761340091,4604.35634394697,5356.051296413585,4535.777220259644,5225.442356763801,3963.6271400643373,5031.015588725485,3869.948547709975,5110.084565686293
1960-10-08,1966.602841371906,2237.137761340091,1810.3918582335516,2342.96799975807,4810.86117211594,5225.442356763801,4426.296200755964,5031.015588725485,4085.641034105538,5110.084565686293,3928.903224000005,5031.621643483902
1960-10-09,1877.9322518873437,2342.96799975807,1750.4448960929196,2350.6582367829983,4431.791387753525,5031.015588725485,4152.4764327265175,5110.084565686293,3813.8581547043495,5031.621643483902,3685.6288074424842,4952.30469622437
1960-10-10,1946.290773934932,2350.6582367829983,1840.0415143341897,2324.7508527596697,4325.230288311172,5110.084565686293,4240.168338077135,5031.621643483902,3866.2342802922426,4952.30469622437,3759.4776200581773,4941.946113017301
1960-10-11,1996.25265754272,2324.7508527596697,1819.4785105332128,2331.780364926776,4556.097999758423,5031.621643483902,4361.587024702033,4952.30469622437,4028.5479273012097,4941.946113017301,3851.6383973207867,4878.622500897349
1960-10-12,1927.0810628100244,2331.780364926776,1739.007798815377,2285.0326458533877,4422.64242050692,4952.30469622437,4209.399127410485,4941.946113017301,3835.236447583338,4878.622500897349,3646.9532291152113,4768.788542840417
1960-10-13,1899.4771631535182,2285.0326458533877,1708.0411582224835,2210.1361898090527,4327.107739889692,4941.946113017301,4155.060775895989,4878.622500897349,3747.360865092273,4768.788542840417,3555.692045532779,4665.644427183414
1960-10-14,1855.5134775655401,2210.1361898090527,1664.8156847559928,2143.202875361415,4346.038856798162,4878.622500897349,4120.6437190105935,4768.788542840417,3715.830574604997,4665.644427183414,3525.0501566246467,4572.0155161134735
1960-10-15,1793.4569995494521,2143.202875361415,1593.1654824120135,2039.7668955995712,4245.6061649560625,4768.788542840417,3995.361418518678,4665.644427183414,3604.349855162847,4572.0155161134735,3404.0027898380386,4407.336812581848
1960-10-16,1720.2114681092237,2039.7668955995712,1496.5496924511353,1902.9908841363704,4118.663181012504,4665.644427183414,3883.2721702883455,4572.0155161134735,3487.45524406207,4407.336812581848,3263.8022812715403,3757.5557718114565
1960-10-17,1609.3581418906128,1902.9908841363704,1433.5499932540274,1803.1466797934572,4030.069273485576,4572.0155161134735,3762.3436701393844,4407.336812581848,3359.091333597039,3757.5557718114565,3183.2910323678507,3506.1505186990516
1960-10-18,1532.6458512089282,1803.1466797934572,1398.249568750192,1253.8125775729882,3906.833868892473,4407.336812581848,3605.646932474614,3757.5557718114565,3262.8091355027436,3506.1505186990516,3128.4661797498475,4340.477479542598
1960-10-19,1486.2675471527114,1253.8125775729882,1360.0138738792443,1172.464135155269,3720.038402334198,3757.5557718114565,3461.58612861542,3506.1505186990516,3173.9442371249706,4340.477479542598,3047.812824981579,4279.66293771727
1960-10-20,1241.7764387826949,1172.464135155269,653.8724858972225,1087.6633420647515,3237.0635375194797,3506.1505186990516,2684.3047431161685,4340.477479542598,2708.005565817105,4279.66293771727,2119.1288860437567,2788.5778977756486
1960-10-21,535.9171772403929,1087.6633420647515,594.1636294948242,995.1512100677097,2652.9192168014924,4340.477479542598,2466.6008101473512,4279.66293771727,1846.7466649180387,2788.5778977756486,1903.2765665607276,2414.041406884686
1960-10-22,923.1621541023587,995.1512100677097,1354.2812494969444,1263.4673043981882,3623.1728399400013,4279.66293771727,3337.8447902169673,2788.5778977756486,3181.050663518863,2414.041406884686,3612.265188701613,2700.334953620392
1960-10-23,1352.0542908435539,1263.4673043981882,1697.5121545695179,1797.4796639309254,3568.428828713384,2788.5778977756486,3274.981573300261,2414.041406884686,3640.745221887203,2700.334953620392,3986.3217775957137,2855.2601927215123
1960-10-24,1620.821299788554,1797.4796639309254,1616.5352400129323,1954.6576012605792,2373.2268986860918,2414.041406884686,2591.090415105743,2700.334953620392,2972.7934240362956,2855.2601927215123,2966.5679840196635,2986.7024624239166
1960-10-25,1738.7600062307833,1954.6576012605792,1892.4687462624165,2250.486108456308,2439.3535945178705,2700.334953620392,2949.5894761361847,2855.2601927215123,2896.9470160841397,2986.7024624239166,3046.7284791786533,3624.3579774959585
1960-10-26,2030.93260490323,2250.486108456308,2031.7922797688009,2495.0619299955524,2988.8805801801336,2855.2601927215123,3084.821996861088,2986.7024624239166,3175.4285618214067,3624.3579774959585,3173.1627121266233,4246.742930131236
1960-10-27,2175.1977547378033,2495.0619299955524,2191.673069160012,2758.184497579618,2826.3365969463425,2986.7024624239166,3114.34239200451,3624.3579774959585,3039.427244931152,4246.742930131236,3051.034995744833,5059.189366797694
1960-10-28,2367.9423187546013,2758.184497579618,2512.5359013826915,3313.5282481857294,3128.658325459546,3624.3579774959585,3322.149805630104,4246.742930131236,3192.4008411791506,5059.189366797694,3332.376708613267,5126.165018390313
1960-10-29,2682.1788294920984,3313.5282481857294,2775.9704567134486,3930.207322874093,3610.1203727416228,4246.742930131236,3775.1029445081276,5059.189366797694,3701.7433581049218,5126.165018390313,3791.988726331029,5287.001221041181
1960-10-30,3088.378414724102,3930.207322874093,3157.13094683994,3652.808719382221,4150.890389260284,5059.189366797694,4592.048004255582,5126.165018390313,4373.4176614683165,5287.001221041181,4439.588839912574,7426.530561549836
1960-10-31,3572.2651341915885,3652.808719382221,3246.3019992316795,4210.294949645422,5147.727307304742,5126.165018390313,5604.534848803029,5287.001221041181,5252.793450010075,7426.530561549836,4925.3187787188845,8105.874472176233
1960-11-01,3416.852521274652,4210.294949645422,2770.279938462753,4529.457931857377,5392.398641511266,5287.001221041181,5178.477083264624,7426.530561549836,4966.646737527237,8105.874472176233,4317.768279363216,8367.449023312558
1960-11-02,3289.919708870585,4529.457931857377,3326.6915414686455,4573.339149196949,4931.309824896336,7426.530561549836,5675.08140734942,8105.874472176233,4688.86430972794,8367.449023312558,4716.441971799861,9328.208906010093
1960-11-03,4028.2095393373065,4573.339149196949,3684.046085374654,4770.238730730862,7491.876801935801,8105.874472176233,7580.417756628563,8367.449023312558,6976.316917386435,9328.208906010093,6625.033377721486,9409.324590562655
1960-11-04,3877.0878422681917,4770.238730730862,3561.703165154004,4598.748903527807,7785.956740710724,8367.449023312558,7457.059523145495,9328.208906010093,6688.351979095856,9409.324590562655,6368.802257449505,9374.552277720628
1960-11-05,3951.9712916892868,4598.748903527807,3538.4401931066086,4472.328830047654,7643.790139919456,9328.208906010093,7501.254459971944,9409.324590562655,6644.168152177524,9374.552277720628,6228.550317338412,8935.881907427767
1960-11-06,3781.8824724186834,4472.328830047654,3267.8630683161336,4157.699081043059,8518.176049744863,9409.324590562655,7975.795347689933,9374.552277720628,7109.202846468041,8935.881907427767,6594.097727545444,8079.069353318627
1960-11-07,3537.4316705186275,4157.699081043059,3065.0580728715363,3837.0662748994073,8287.834304096077,9374.552277720628,7763.025248986705,8935.881907427767,6791.614994382711,8079.069353318627,6319.082859572753,7486.322822829
1960-11-08,3303.6518814441624,3837.0662748994073,2838.0213773686164,3458.7549201525044,8220.313122875483,8935.881907427767,7516.951418544651,8079.069353318627,6631.927018800157,7486.322822829,6166.832348189343,7881.015049269753
1960-11-09,3030.2131075860093,3458.7549201525044,2592.8077867014545,3317.7028624924815,7678.68886304089,8079.069353318627,6999.201777017183,7486.322822829,6168.757908459333,7881.015049269753,5731.977839239749,7626.999179083155
1960-11-10,2863.125728972767,3317.7028624924815,2274.4510587657783,3032.2721405682278,6939.375868231239,7486.322822829,6427.368643662263,7881.015049269753,5821.097322480353,7626.999179083155,5231.537900848842,7144.780043285595
1960-11-11,2476.1287229161203,3032.2721405682278,2408.2007721853597,3022.994017599643,6519.303889965791,7881.015049269753,6161.586090523395,7626.999179083155,5261.8841841610165,7144.780043285595,5190.296379246869,7032.715403345937
1960-11-12,2641.2696891740084,3022.994017599643,2415.8298412788886,3193.326646554402,6908.299818793685,7626.999179083155,6276.205425884341,7144.780043285595,5833.298687260433,7032.715403345937,5606.3291005208785,6764.881123406936
1960-11-13,2553.2703917218937,3193.326646554402,2400.1615394317805,3149.9256054297266,6474.6853324829135,7144.780043285595,6132.282476772684,7032.715403345937,5618.289968740424,6764.881123406936,5463.807249524301,6656.685187360636
1960-11-14,2689.7110505783226,3149.9256054297266,2502.3836743506135,3192.5402985536425,6309.365203771001,7032.715403345937,6153.105655694937,6764.881123406936,5614.085657389025,6656.685187360636,5425.579956909616,6589.564141386298
1960-11-15,2672.202963611066,3192.5402985536425,2386.4282762687767,3150.363110383546,6383.958326940475,6764.881123406936,6019.7854268922165,6656.685187360636,5513.8792232564665,6589.564141386298,5227.207887944225,6417.760468565237
1960-11-16,2607.3798591351983,3150.363110383546,2361.0809309546094,3056.1694652104898,5993.136764574265,6656.685187360636,5767.217398963794,6589.564141386298,5165.990059458209,6417.760468565237,4918.700835505504,6281.7398069625615
1960-11-17,2595.668473495231,3056.1694652104898,2300.0288734660467,2943.576404098687,5990.771854796698,6589.564141386298,5686.425469113768,6417.760468565237,5111.262527807725,6281.7398069625615,4814.353849623698,6087.806954515931
1960-11-18,2476.9325255645344,2943.576404098687,2185.965023034621,2817.8305637706962,5862.388686266626,6417.760468565237,5505.68990346192,6281.7398069625615,4913.055078297608,6087.806954515931,4621.335764651662,5851.670953202551
1960-11-19,2373.6593913855395,2817.8305637706962,2099.6298555573953,2706.857844025177,5654.364209840633,6281.7398069625615,5299.83336079007,6087.806954515931,4721.676782003695,5851.670953202551,4447.085158969525,5629.461549026745
1960-11-20,2275.6903460838375,2706.857844025177,2016.4962176227552,2599.838590825122,5514.2963963116035,6087.806954515931,5148.086948435037,5851.670953202551,4599.127894083005,5629.461549026745,4339.559243962858,5420.646553515109
1960-11-21,2188.8455600757197,2599.838590825122,1940.6913884851638,2504.208066491644,5321.735400149411,5851.670953202551,4982.927540018674,5629.461549026745,4459.053372235194,5420.646553515109,4210.504339413126,5239.3522027828885
1960-11-22,2106.9978421823084,2504.208066491644,1876.4551550121746,2450.105605333224,5128.6075842795735,5629.461549026745,4799.553555235494,5420.646553515109,4304.032277335919,5239.3522027828885,4073.2234900833855,5085.773235595497
1960-11-23,2061.089172716374,2450.105605333224,1813.0433198518328,2358.6224275830186,4931.549988926016,5420.646553515109,4631.633976838686,5239.3522027828885,4187.312390796284,5085.773235595497,3938.9763022815805,4931.365030601924
1960-11-24,1968.1373117613316,2358.6224275830186,1783.7855717442894,2278.499429526907,4762.0761365201615,5239.3522027828885,4514.803799895258,5085.773235595497,4026.280167727108,4931.365030601924,3841.3084912685545,4833.470150106041
1960-11-25,1939.4886996453965,2278.499429526907,1734.9979046228311,2242.186228305053,4645.153738879662,5085.773235595497,4355.833402137269,4931.365030601924,3933.7392774879972,4833.470150106041,3728.770969618764,4519.671415724588
1960-11-26,1866.2333938511597,2242.186228305053,1682.9559948581882,2193.4870370897634,4467.688300135556,4931.365030601924,4196.554995321398,4833.470150106041,3784.720636734773,4519.671415724588,3601.054704143692,4586.618127879856
1960-11-27,1841.786916445401,2193.4870370897634,1669.8289958043315,2060.3916213906623,4334.541420185864,4833.470150106041,4114.663930350256,4519.671415724588,3715.3450952542316,4586.618127879856,3543.0156314216956,4657.786730463411
1960-11-28,1815.3974108278273,2060.3916213906623,1635.883292847387,2253.490324382684,4283.854609070059,4519.671415724588,4055.3839127476413,4586.618127879856,3678.6209353908916,4657.786730463411,3498.8451243538398,5262.771169733091
1960-11-29,1801.413727041329,2253.490324382684,1563.9011514885894,2467.795088216805,4028.849217869416,4586.618127879856,3816.179926317815,4657.786730463411,3569.158969913727,5262.771169733091,3331.431991993274,5053.679726508778
1960-11-30,1915.8707614761986,2467.795088216805,1695.9203939903741,2243.2667152505514,4051.495606635529,4657.786730463411,4170.05881465174,5262.771169733091,3804.0059235778035,5053.679726508778,3581.4824374473196,5155.722974608534
1960-12-01,1961.091621332584,2243.2667152505514,1860.4699599713856,2229.7839788085594,4410.072208127784,5262.771169733091,4472.261150622602,5053.679726508778,3931.8491796449116,5155.722974608534,3829.0048006324905,5472.018386584614
1960-12-02,1963.122079595582,2229.7839788085594,1771.9060833929766,2345.3857562639805,4906.878252636123,5053.679726508778,4493.793253460541,5155.722974608534,4175.728773942823,5472.018386584614,3982.7592400395797,5411.915190153812
1960-12-03,1878.804303566631,2345.3857562639805,1827.672479291647,2469.21977505941,4361.686447150152,5155.722974608534,4183.581255334122,5472.018386584614,3797.0619718039593,5411.915190153812,3743.288131360976,5403.261679604585
1960-12-04,2054.967617370026,2469.21977505941,1964.9851958084096,2633.549166299431,4593.654342414519,5472.018386584614,4494.358722316654,5411.915190153812,4172.820276275918,5403.261679604585,4081.1497572344397,5475.228639158917
1960-12-05,2160.236240936094,2633.549166299431,2004.255852646614,2713.4483911860298,4941.776474960832,5411.915190153812,4829.60872101416,5403.261679604585,4487.316181418999,5475.228639158917,4330.107374764841,5480.454881842582
1960-12-06,2221.4635563842044,2713.4483911860298,2014.0554064891942,2683.2183605941127,4932.639351424646,5403.261679604585,4869.263118843639,5475.228639158917,4426.183602040861,5480.454881842582,4217.432369233649,5465.582354730745
1960-12-07,2242.785070805478,2683.2183605941127,2004.6362023779875,2595.9237957495943,4986.473557531216,5475.228639158917,4842.07321242277,5480.454881842582,4349.239749272634,5465.582354730745,4110.189071199909,5417.440785146058
1960-12-08,2187.2375120460656,2595.9237957495943,1966.0114235200144,2511.0007373350663,4984.532323763911,5480.454881842582,4749.4348613481,5465.582354730745,4233.412167430937,5417.440785146058,4011.3437355394517,5072.619473414454
1960-12-09,2129.0040871703195,2511.0007373350663,1877.5797770901167,2420.6186316434723,4903.111996359041,5465.582354730745,4614.9139261437895,5417.440785146058,4132.569358712901,5072.619473414454,3880.6047425166907,5178.761672285307
1960-12-10,2038.6462058110335,2420.6186316434723,1810.0364120007364,2323.7898196363067,4825.536184205558,5417.440785146058,4541.909007220704,5072.619473414454,4053.4344268992036,5178.761672285307,3824.379422284951,5000.942663008915
1960-12-11,1972.7952854580385,2323.7898196363067,1753.3505936893146,2249.1469781624724,4772.357283862935,5072.619473414454,4478.344033379901,5178.761672285307,4013.6408525540896,5000.942663008915,3793.9764487180832,4853.763763509327
1960-12-12,1899.052497282953,2249.1469781624724,1683.1917705457504,2153.884538045725,4665.0938472191665,5178.761672285307,4366.591999786572,5000.942663008915,3925.3251396368196,4853.763763509327,3709.381708523778,4688.662788070987
1960-12-13,1833.4098519237455,2153.884538045725,1635.5386401148203,2133.0092937636578,4516.8342244272435,5000.942663008915,4253.347835204668,4853.763763509327,3821.0715369585528,4688.662788070987,3623.0553346285387,4589.062413637939
1960-12-14,1787.7981167149353,2133.0092937636578,1606.7687031434823,2091.1352109987406,4389.211345117798,4853.763763509327,4139.82079552235,4688.662788070987,3723.593448028899,4589.062413637939,3542.3594557682322,4488.559644482676
1960-12-15,1757.055184682537,2091.1352109987406,1582.1185297292604,2053.666398317043,4269.6278931008865,4688.662788070987,4030.6945608838478,4589.062413637939,3640.137721201055,4488.559644482676,3465.0305110428026,4401.104329779926
1960-12-16,1726.2270280092894,2053.666398317043,1554.8209346270519,2014.6036340635967,4160.1364286215385,4589.062413637939,3939.1689119343628,4488.559644482676,3559.992525870154,4401.104329779926,3388.4252473872502,4312.035632180193
1960-12-17,1695.7236917912355,2014.6036340635967,1525.2506116364561,1976.3592943274186,4057.5315903734127,4488.559644482676,3850.688037549666,4401.104329779926,3479.6967683732364,4312.035632180193,3309.115771462017,4412.07765017374
1960-12-18,1660.7882778115045,1976.3592943274186,1491.8291475858566,1936.8124821212657,3979.04441210123,4401.104329779926,3773.372950298516,4312.035632180193,3405.8992553419303,4412.07765017374,3236.7706698260126,4400.177308435682
1960-12-19,1630.537259423989,1936.8124821212657,1464.391212355939,1915.8454300209867,3901.2176006067457,4312.035632180193,3698.111730770181,4412.07765017374,3340.218650309507,4400.177308435682,3174.030211203421,4809.219407831046
1960-12-20,1598.8241319703984,1915.8454300209867,1434.32866320003,1846.650978818877,3822.9656442774312,4412.07765017374,3627.203752021942,4400.177308435682,3276.886475280578,4809.219407831046,3112.3371966145633,4416.098044322867
1960-12-21,1576.8164993662417,1846.650978818877,1413.251777764391,1830.553814253845,3896.772078580175,4400.177308435682,3706.1820307916614,4809.219407831046,3352.5120739445483,4416.098044322867,3189.1329513933133,4197.472328506154
1960-12-22,1544.651281388443,1830.553814253845,1385.41464162697,1791.695533483638,3896.388387040265,4809.219407831046,3682.83442933224,4416.098044322867,3337.388958499475,4197.472328506154,3178.427054575874,4139.420557525341
1960-12-23,1509.068938626178,1791.695533483638,1353.4125665192846,1752.7628515134563,4188.452885453325,4416.098044322867,3933.043335798224,4197.472328506154,3591.2822470527426,4139.420557525341,3436.6085344020175,4063.7716430656096
1960-12-24,1477.4092650179814,1752.7628515134563,1328.507625128557,1720.6149013977972,3895.228932812421,4197.472328506154,3673.184811907999,4139.420557525341,3341.350157761177,4063.7716430656096,3193.0028920113737,3978.105112151471
1960-12-25,1449.516160149027,1720.6149013977972,1303.1516477916555,1689.67392016769,3700.6174057993467,4139.420557525341,3495.7894700364177,4063.7716430656096,3176.351575811354,3978.105112151471,3030.2981350681266,3906.997642692289
1960-12-26,1423.8155101545372,1689.67392016769,1280.7143699946164,1655.2319930092185,3647.1172360513547,4063.7716430656096,3450.5220126859285,3978.105112151471,3137.3649505557805,3906.997642692289,2994.6253113482826,3854.267541794199
1960-12-27,1406.5774878350312,1655.2319930092185,1264.221542169992,1605.4141114534195,3587.2188301112537,3978.105112151471,3395.3123469533443,3906.997642692289,3095.6532644909134,3854.267541794199,2953.672890795494,3749.750896365611
1960-12-28,1370.7911785452848,1605.4141114534195,1236.0096361504338,1604.8195368689248,3516.5052447703447,3906.997642692289,3325.52020885995,3854.267541794199,3023.1819868889615,3749.750896365611,2888.7456192246545,4266.706279164978
1960-12-29,1353.1088737535915,1604.8195368689248,1217.632710844198,1575.0274616253841,3452.017862616858,3854.267541794199,3271.305817158325,3749.750896365611,2977.502362362207,4266.706279164978,2842.360340635843,4245.605275660792
1960-12-30,1333.0033724310022,1575.0274616253841,1199.254406865248,1547.2099978337912,3412.141333429949,3749.750896365611,3234.070481882735,4266.706279164978,2944.8904847332997,4245.605275660792,2811.530724276465,4301.576470037254
1960-12-31,1308.7035837226779,1547.2099978337912,1179.0905004997176,1521.8920837971937,3345.1602619003625,4266.706279164978,3166.982809547163,4245.605275660792,2883.169481597411,4301.576470037254,2753.91507505603,4107.462847994174
1961-01-01,1287.7349392982378,1521.8920837971937,1159.9010298047008,1474.5641325355323,3717.1843360176576,4245.605275660792,3495.9676747514823,4301.576470037254,3213.183588223589,4107.462847994174,3086.5115250850376,3815.232923449688
1961-01-02,1266.2356787683339,1474.5641325355323,1141.645251845151,1474.8846564228297,3695.9472486498516,4301.576470037254,3475.0501061806044,4107.462847994174,3196.3716579633283,3815.232923449688,3073.002593875298,3766.0680784631686
1961-01-03,1247.1749576863667,1474.8846564228297,1124.6996606970365,1452.5300092673629,3733.913469550863,4107.462847994174,3505.9871375959056,3815.232923449688,3232.7396346917967,3766.0680784631686,3111.6688234221238,3721.2770034947525
1961-01-04,1231.7381204310216,1452.5300092673629,1110.0050063524232,1377.687847760585,3578.495463978327,3815.232923449688,3369.446462679862,3766.0680784631686,3103.1829554717974,3721.2770034947525,2982.6396146983266,3650.2323414214916
1961-01-05,1211.6422106152495,1377.687847760585,1092.8102989108002,1356.5413237734997,3368.6378843866305,3766.0680784631686,3179.585223276672,3721.2770034947525,2917.1967447376196,3650.2323414214916,2799.245388756655,3584.6093004020963
1961-01-06,1194.1385667975753,1356.5413237734997,1077.8778451189562,1390.7877279208387,3308.0037325702974,3721.2770034947525,3121.798045301991,3650.2323414214916,2865.1476894087336,3584.6093004020963,2749.7568938428767,3581.362974447644
1961-01-07,1176.5630092791403,1390.7877279208387,1061.7885186027515,1319.8234664564902,3252.748741643838,3650.2323414214916,3070.478695687383,3584.6093004020963,2818.9909787921742,3581.362974447644,2705.0737908378974,3458.206771273539
1961-01-08,1160.7346224727657,1319.8234664564902,1047.6907388087766,1280.6771432302053,3233.381752483874,3584.6093004020963,3053.0949874962416,3581.362974447644,2805.6324365016553,3458.206771273539,2693.4990385188175,3371.321193105461
1961-01-09,1144.7531677026873,1280.6771432302053,1033.7581635350036,1333.8069740743128,3178.895918443404,3581.362974447644,3003.413853048164,3458.206771273539,2759.355875470893,3371.321193105461,2649.245942653339,3346.727685379946
1961-01-10,1128.7623398171866,1333.8069740743128,1019.8230455183724,1265.954900841913,3130.9127127332067,3458.206771273539,2957.186532069637,3371.321193105461,2717.651783180293,3346.727685379946,2609.5363396632893,3292.5279716745363
1961-01-11,1113.0849697464776,1265.954900841913,1005.5498049267044,1288.2442163368958,3069.9600399899264,3371.321193105461,2899.827091461904,3346.727685379946,2665.162740099373,3292.5279716745363,2558.451772962378,3304.983569461131
1961-01-12,1099.3466093376933,1288.2442163368958,993.090043492343,1283.3586232301132,3011.0380241402563,3346.727685379946,2847.922723742331,3292.5279716745363,2617.432226994649,3304.983569461131,2511.98652274675,3243.772567246091
1961-01-13,1083.2275894973207,1283.3586232301132,979.7509169773145,1252.6179150183914,2961.474738923351,3292.5279716745363,2799.2970400314,3304.983569461131,2572.909759286468,3243.772567246091,2470.2264507593036,3139.9044414111218
1961-01-14,1068.3636520937132,1252.6179150183914,966.4746364122939,1306.399816709673,2918.195092606806,3304.983569461131,2759.874054318107,3243.772567246091,2537.3277214382383,3139.9044414111218,2436.233899505851,3204.886663174952
1961-01-15,1057.5738438800495,1306.399816709673,956.9656182464228,1240.3794656817358,2907.403374735999,3243.772567246091,2752.534550077031,3139.9044414111218,2533.1043387985937,3204.886663174952,2433.333829916789,3156.0557113004506
1961-01-16,1043.8449288688523,1240.3794656817358,944.4618157379294,1225.6541663613136,2849.388864125691,3139.9044414111218,2696.755861894957,3204.886663174952,2480.57331752504,3156.0557113004506,2381.977521573109,3129.426429567754
1961-01-17,1030.736830706278,1225.6541663613136,933.0632372046139,1094.885414807688,2808.9411383042943,3204.886663174952,2657.8070011458267,3156.0557113004506,2445.9538022896877,3129.426429567754,2349.0875907115433,2877.991688792439
1961-01-18,1017.1872963923497,1094.885414807688,920.4928886566806,1178.5975098965862,2766.485030301933,3156.0557113004506,2618.5352004698316,3129.426429567754,2410.018453140992,2877.991688792439,2314.299332462635,2973.674292890048
1961-01-19,1004.8853653621277,1178.5975098965862,909.8061173361436,1086.0156383013,2763.090303374634,3129.426429567754,2615.584203008614,2877.991688792439,2408.6445352752107,2973.674292890048,2314.505495994971,2855.9988376206707
1961-01-20,993.936152618338,1086.0156383013,900.3392011242604,1152.699514291169,2739.052860103825,2877.991688792439,2591.1884320152394,2973.674292890048,2388.8993922553273,2855.9988376206707,2296.349967120669,2856.6448297098887
1961-01-21,981.4871307578084,1152.699514291169,889.4109275354399,1024.0060436411966,2661.7185307131795,2973.674292890048,2520.527008056738,2855.9988376206707,2322.733798380217,2856.6448297098887,2231.6178397165863,2744.3296948897428
1961-01-22,969.3081247045202,1024.0060436411966,879.3762687696785,1153.100806325515,2622.7374678382184,2855.9988376206707,2485.087790152474,2856.6448297098887,2290.1690028810435,2744.3296948897428,2201.177819982055,2850.307201346166
1961-01-23,959.7570524779617,1153.100806325515,870.6456702649974,1019.5339258389179,2588.165705631837,2856.6448297098887,2453.4693732524893,2744.3296948897428,2262.907568829715,2850.307201346166,2174.7323248468156,2695.6313568136165
1961-01-24,949.9411813179835,1019.5339258389179,862.0205511489745,1180.643651633657,2554.9477510019087,2744.3296948897428,2423.4522463466337,2850.307201346166,2235.845636630722,2695.6313568136165,2148.8446635005394,2787.3058366402583
1961-01-25,939.2793107187501,1180.643651633657,852.5917145103296,1031.8651250772293,2523.071573833778,2850.307201346166,2392.6846480411314,2695.6313568136165,2207.8396576526156,2787.3058366402583,2122.054106754269,2657.505809829442
1961-01-26,929.6321360376799,1031.8651250772293,843.7954063504731,1089.984188534282,2491.432109541148,2695.6313568136165,2364.173881674774,2787.3058366402583,2181.7160925488192,2657.505809829442,2096.7703261174092,2696.8122567213886
1961-01-27,920.0996519944372,1089.984188534282,835.8258971018333,1050.4885033988485,2462.49484232858,2787.3058366402583,2337.5710707102253,2657.505809829442,2157.211456432443,2696.8122567213886,2073.8253772124576,2609.922843950716
1961-01-28,910.7694604226969,1050.4885033988485,827.7475899795947,1103.3663072699796,2433.3466431704423,2657.505809829442,2309.468780810492,2696.8122567213886,2132.3586089422333,2609.922843950716,2050.217150141699,2685.90566999143
1961-01-29,902.0758728829177,1103.3663072699796,819.5401956443595,962.1709758755246,2403.9757100374864,2696.8122567213886,2282.8430459042697,2609.922843950716,2108.743404790979,2685.90566999143,2027.079653617623,2527.129411679425
1961-01-30,892.9198511660468,962.1709758755246,811.5367412566318,1122.6310374669333,2377.400163288081,2609.922843950716,2258.8195713028454,2685.90566999143,2086.3313684052655,2527.129411679425,2005.8133565952041,2630.9222362809805
1961-01-31,883.9029416222832,1122.6310374669333,803.7282791505984,976.8882661200362,2353.0715945110987,2685.90566999143,2235.209920447787,2527.129411679425,2065.1825768637023,2630.9222362809805,1985.8708445696514,2505.535524843396
1961-02-01,875.4302699693799,976.8882661200362,795.7845371504889,1035.4768921172574,2328.365670983385,2527.129411679425,2212.705934661698,2630.9222362809805,2044.9007281501918,2505.535524843396,1966.1173835767215,2547.961588575733
1961-02-02,866.8428113377347,1035.4768921172574,788.2575102233806,996.4092009303836,2303.508518230518,2630.9222362809805,2189.792799493513,2505.535524843396,2023.6666455072595,2547.961588575733,1945.9408058609815,2454.76338682447
1961-02-03,858.7215917685595,996.4092009303836,781.0351597627646,1050.0747370868107,2279.286359592963,2505.535524843396,2166.5237525743764,2547.961588575733,2003.1203582476348,2454.76338682447,1926.2884153469688,2515.3134368872406
1961-02-04,849.8341748359087,1050.0747370868107,773.1301982772336,911.4420643984643,2253.5415692305305,2547.961588575733,2142.989366687622,2454.76338682447,1980.9818168735806,2515.3134368872406,1905.126076378313,2380.070250254593
1961-02-05,842.040890832586,911.4420643984643,765.954519065447,957.0602150587486,2230.4191457080997,2454.76338682447,2121.4517838211796,2515.3134368872406,1961.714804827665,2380.070250254593,1886.4729756714528,2387.6958565253026
1961-02-06,833.9672684012063,957.0602150587486,758.555457823543,993.5915759853531,2207.860037697917,2515.3134368872406,2100.5954944944406,2380.070250254593,1942.4863069101204,2387.6958565253026,1867.9161781258485,2453.0318474000223
1961-02-07,825.6832531795994,993.5915759853531,751.7358548372731,932.326174996846,2185.245021289463,2380.070250254593,2078.930690869649,2387.6958565253026,1922.6295574565202,2453.0318474000223,1849.520584409694,2349.2043512086334
1961-02-08,817.6963425200402,932.326174996846,744.4225391583165,964.7713638158425,2163.497794285629,2387.6958565253026,2057.8910399551273,2453.0318474000223,1904.2445020624646,2349.2043512086334,1831.806470954261,2453.2478755487327
1961-02-09,810.126513617402,964.7713638158425,737.5367035622139,938.7738161284865,2152.8053157307922,2453.0318474000223,2048.4413498508443,2349.2043512086334,1896.3422734757878,2453.2478755487327,1824.6074347633235,2425.6215786708403
1961-02-10,802.6003008221974,938.7738161284865,731.0396378088567,895.1380827047303,2136.399068936149,2349.2043512086334,2032.628062193977,2453.2478755487327,1882.2810422154962,2425.6215786708403,1811.580029381915,2334.7470469192003
1961-02-11,795.031824760166,895.1380827047303,724.2468405090058,956.5026144904864,2123.0624554214246,2453.2478755487327,2019.3721603551285,2425.6215786708403,1870.964350218372,2334.7470469192003,1801.0514193084023,2562.778623962584
1961-02-12,788.0803917442508,956.5026144904864,717.9181445414416,883.2266408544532,2139.889976710523,2425.6215786708403,2033.8040728057838,2334.7470469192003,1886.7292580661438,2562.778623962584,1817.5107354095749,3105.2211380500466
1961-02-13,781.1276029275471,883.2266408544532,711.6241954443219,970.9193297257727,2129.6626536471204,2334.7470469192003,2023.8470582843586,2562.778623962584,1878.0974887056873,3105.2211380500466,1809.5538148987216,3323.105187625411
1961-02-14,775.814562276152,970.9193297257727,706.6371951375708,868.2508022463578,2113.066217322441,2562.778623962584,2009.9821316935327,3105.2211380500466,1865.418809747327,3323.105187625411,1797.2021053981132,2634.5394201697663
1961-02-15,773.0160867718115,868.2508022463578,703.7621920811833,834.6953013566917,2208.045348699705,3105.2211380500466,2095.027102887396,3323.105187625411,1950.594395996134,2634.5394201697663,1882.5175346655974,2890.0804431899055
1961-02-16,761.3381915269701,834.6953013566917,693.8845812425691,931.1144690464707,2711.2167001817893,3323.105187625411,2533.9624704253774,2634.5394201697663,2381.6938847148595,2890.0804431899055,2316.1918734301166,2861.577683494596
1961-02-17,757.0087176166057,931.1144690464707,689.3693441821871,726.9251066091811,2771.47421612409,2634.5394201697663,2591.529177710866,2890.0804431899055,2440.23415853679,2861.577683494596,2374.6978011024867,7692.9653886679835
1961-02-18,772.6333228403987,726.9251066091811,691.8584993681503,542.8455794733595,2310.5433236286235,2890.0804431899055,2184.1897365739355,2861.577683494596,2058.739902561395,7692.9653886679835,1979.409398084861,9408.377627742619
1961-02-19,885.1181289774048,542.8455794733595,683.7353021774553,1317.9915428520465,2574.4437135885073,2861.577683494596,2459.4190207842357,7692.9653886679835,2588.041548403934,9408.377627742619,2387.149496704935,10554.65836429773
1961-02-20,1345.1973203958419,1317.9915428520465,1206.798267763257,1432.598875535802,2478.12778944777,7692.9653886679835,3209.9209824413947,9408.377627742619,3698.0952091140625,10554.65836429773,3545.1997573569924,9269.67072030295
1961-02-21,944.4177745582189,1432.598875535802,922.2354481973064,1658.9502684581462,7077.665534764992,9408.377627742619,6840.870434794884,10554.65836429773,6238.178472208087,9269.67072030295,6209.725657108539,9123.545014521325
1961-02-22,1203.448831615362,1658.9502684581462,1080.7553670770849,1063.4825140704936,8183.275804428103,10554.65836429773,7453.968707793279,9269.67072030295,6972.767649909948,9123.545014521325,6854.878355929217,17371.963005552854
1961-02-23,1705.8672185236246,1063.4825140704936,1545.527740717434,1190.979662196759,8630.241109327428,9269.67072030295,8350.73908433455,9123.545014521325,8191.177575350913,17371.963005552854,8032.935350980873,34588.55965588499
1961-02-24,1634.4645910048741,1190.979662196759,1623.7054875684198,1858.228012030566,8292.477987615388,9123.545014521325,8076.515396030049,17371.963005552854,8313.963745929042,34588.55965588499,8281.715919255757,30096.98553008905
1961-02-25,2630.8256341845554,1858.228012030566,2611.9447219812205,13974.588327102516,8320.431029341944,17371.963005552854,9902.647045732592,34588.55965588499,10424.160731688964,30096.98553008905,10357.297714431981,35048.60671581819
1961-02-26,3937.8347443849525,13974.588327102516,7317.320286208202,20612.503951772745,16348.790719128476,34588.55965588499,18663.085516256484,30096.98553008905,18503.957217619114,35048.60671581819,21798.566004697328,41773.433468662915
1961-02-27,13148.351572369214,20612.503951772745,15981.493652946196,18257.9683357023,31671.11910646816,30096.98553008905,39665.374385787494,35048.60671581819,35923.35051867555,41773.433468662915,38748.33326505101,39827.431595746646
1961-02-28,19219.206313954997,18257.9683357023,14251.906288412267,13972.99849221022,38167.86575915365,35048.60671581819,40559.76719725237,41773.433468662915,37335.0247210744,39827.431595746646,32363.259785347484,31895.790454873964
1961-03-01,12840.14102894137,13972.99849221022,9299.727169879443,11199.661458220922,38392.09253399166,41773.433468662915,32817.83540322973,39827.431595746646,26324.945260080807,31895.790454873964,22785.8837355742,26503.3111849505
1961-03-02,9395.032553384102,11199.661458220922,7231.711447139691,10192.485810578046,34851.13256772584,39827.431595746646,27839.85832102876,31895.790454873964,22724.12218604739,26503.3111849505,20573.917978969403,22974.962562711436
1961-03-03,7990.644829752337,10192.485810578046,6385.7289794509015,9644.739223413431,30181.28802958048,31895.790454873964,25378.62018797752,26503.3111849505,21852.603767467524,22974.962562711436,20262.802116445993,22426.91981218866
1961-03-04,7411.574999115717,9644.739223413431,6401.232010635882,9763.41269211059,24709.633890699915,26503.3111849505,22454.73171504606,22974.962562711436,19267.425863993773,22426.91981218866,18260.546243951612,21860.076683310937
1961-03-05,7663.861741998187,9763.41269211059,6439.136826109147,10439.820736439528,22060.777230826578,22974.962562711436,20527.305282339308,22426.91981218866,18200.0784358832,21860.076683310937,16973.726875712,22121.481677668293
1961-03-06,7551.7722591547135,10439.820736439528,7406.558625248896,11245.149514193265,19830.770858309756,22426.91981218866,19492.91396867459,21860.076683310937,16648.89608166791,22121.481677668293,16491.319205176238,24120.241138795005
1961-03-07,8709.809608385785,11245.149514193265,7810.618643295958,9985.169746117752,20419.477929923403,21860.076683310937,19877.336173368523,22121.481677668293,17591.033081175745,24120.241138795005,16682.22894954753,23942.665772581728
1961-03-08,8719.038584351923,9985.169746117752,6971.652682810722,8613.51842478399,20311.470830780047,22121.481677668293,19691.56619229469,24120.241138795005,16792.372708191524,23942.665772581728,15039.75969456917,20130.100497293854
1961-03-09,7141.975870707811,8613.51842478399,5788.1843832253535,7604.875644293848,20369.268914101445,24120.241138795005,17629.144343125856,23942.665772581728,14745.71414117024,20130.100497293854,13393.60889466172,17923.93674495718
1961-03-10,6186.892227941129,7604.875644293848,5160.5683312422025,6881.024631830143,19445.16828803692,23942.665772581728,16903.29986665644,20130.100497293854,14477.066758469588,17923.93674495718,13454.427033062282,18169.568125779228
1961-03-11,5529.761192785003,6881.024631830143,4596.475484424219,6438.516829463165,18988.6667980512,20130.100497293854,16652.052088869117,17923.93674495718,14571.428200223789,18169.568125779228,13647.239862430855,17005.26469482124
1961-03-12,5044.225556397461,6438.516829463165,4234.4375851295135,6138.643359041038,16131.141399478149,17923.93674495718,14386.359833683307,18169.568125779228,12639.320586884898,17005.26469482124,11836.991825436213,16889.911812854294
1961-03-13,4780.447925832588,6138.643359041038,4027.981281069978,5938.511079129823,14588.369741898921,18169.568125779228,13434.914458968817,17005.26469482124,11803.056226614652,16889.911812854294,11052.344132853694,18047.828734092403
1961-03-14,4486.610349257129,5938.511079129823,3814.9956052827756,5967.571672910539,15036.859371315308,17005.26469482124,13737.78409344826,16889.911812854294,12099.095942599432,18047.828734092403,11432.453047548945,16976.63299581346
1961-03-15,4475.533867095807,5967.571672910539,3728.5490839932327,5977.943535164358,14123.81121216663,16889.911812854294,13072.187650830292,18047.828734092403,11697.890660846273,16976.63299581346,10957.509192296377,15777.539751118587
1961-03-16,4446.7166375931265,5977.943535164358,3788.5765107856523,5595.539369684644,14095.176394316262,18047.828734092403,13591.873957338585,16976.63299581346,12004.587708678913,15777.539751118587,11343.799752774634,14733.97345391544
1961-03-17,4304.200559205619,5595.539369684644,3679.639785840165,5256.315229006452,15520.907496680149,16976.63299581346,14390.841431428566,15777.539751118587,12632.784511925991,14733.97345391544,12010.92773759507,13932.661410282533
1961-03-18,4070.331987766498,5256.315229006452,3465.9178794406866,4979.51634537582,14351.89663640565,15777.539751118587,12906.186887130338,14733.97345391544,11376.952486656668,13932.661410282533,10776.288892199227,13223.66224479732
1961-03-19,3816.2354557069075,4979.51634537582,3281.6986110548064,4665.299638849274,13032.551853608316,14733.97345391544,11798.533792049853,13932.661410282533,10407.599092639379,13223.66224479732,9876.870184480638,12413.275252918676
1961-03-20,3632.267817152864,4665.299638849274,3083.919658662235,4404.585865498557,12213.496422694294,13932.661410282533,11146.01008729142,13223.66224479732,9874.314284563137,12413.275252918676,9329.46274754266,11802.029970605128
1961-03-21,3367.936652927133,4404.585865498557,2855.8033693064285,4260.232862799965,11591.85078342571,13223.66224479732,10526.772502068154,12413.275252918676,9325.325555246778,11802.029970605128,8816.566890493486,11766.385565041473
1961-03-22,3203.0966603179577,4260.232862799965,2725.5863599397035,4154.132180193322,10905.330048183667,12413.275252918676,9952.652423434465,11802.029970605128,8871.664928877122,11766.385565041473,8397.771149832412,12515.236861127492
1961-03-23,3103.6940246012527,4154.132180193322,2600.892285052445,3971.1116442520242,10310.722509113344,11802.029970605128,9578.444004085079,11766.385565041473,8520.434207099244,12515.236861127492,8018.818211994845,13708.987941801952
1961-03-24,2955.460926065238,3971.1116442520242,2473.3013731375813,4266.046934497674,9971.935663239723,11766.385565041473,9268.936281850716,12515.236861127492,8193.654211797646,13708.987941801952,7714.2332767831185,11436.682685958946
1961-03-25,3042.7988862300376,4266.046934497674,2502.2817512377565,4601.3843686565,9894.08746953791,12515.236861127492,9413.429619764698,13708.987941801952,8573.514685423448,11436.682685958946,8030.017807351306,10666.19495319104
1961-03-26,3173.8548786045008,4601.3843686565,2797.3282772493785,3866.7485481938265,10673.301278766496,13708.987941801952,10608.77731758121,11436.682685958946,9443.10839922828,10666.19495319104,9058.615428931364,14903.033638041115
1961-03-27,3630.132710229347,3866.7485481938265,3092.4144596515093,4720.334343904462,12048.909311933225,11436.682685958946,11653.119221549357,10666.19495319104,10584.02479171279,14903.033638041115,10042.779765476349,14714.805916142785
1961-03-28,3479.6822526224564,4720.334343904462,2790.214570982206,7477.872070676802,10392.223719826725,10666.19495319104,9360.064486257583,14903.033638041115,8883.20603481764,14714.805916142785,8186.995558227591,14592.938538630078
1961-03-29,3931.4911301882025,7477.872070676802,5978.820718491787,10440.015183407457,9075.418387367445,14903.033638041115,10270.136731870762,14714.805916142785,9091.447256655641,14592.938538630078,11115.910710504666,19609.919496784336
1961-03-30,7737.52186814183,10440.015183407457,8770.600457681052,11182.984750444655,14248.55085567056,14714.805916142785,15967.600086560476,14592.938538630078,15661.460832202994,19609.919496784336,16689.88255553085,22895.624692512367
1961-03-31,9724.688242147917,11182.984750444655,7809.886758595575,9425.27705169511,15597.498906959267,14592.938538630078,17265.6872027684,19609.919496784336,16251.274392463274,22895.624692512367,14335.212359937264,20509.260583466363
1961-04-01,8121.470568548384,9425.27705169511,6416.128347565879,8034.85334199204,16127.793537160836,19609.919496784336,16011.148605492293,22895.624692512367,12885.528156354567,20509.260583466363,11177.305238135898,17550.850081218334
1961-04-02,6707.848216447086,8034.85334199204,5391.610116541335,7001.2477196536,18328.595566603144,22895.624692512367,15673.650107713665,20509.260583466363,12912.758457831715,17550.850081218334,11598.395489490595,15183.398358118004
1961-04-03,5772.0449545549,7001.2477196536,4748.945133183051,6332.148345808628,18404.431213144486,20509.260583466363,15898.922573484726,17550.850081218334,13609.04778867041,15183.398358118004,12593.710112814504,13465.440921958456
1961-04-04,5120.122217034054,6332.148345808628,4240.229718360029,5862.906777580631,16489.83708156695,17550.850081218334,14447.282629109459,15183.398358118004,12572.603314615746,13465.440921958456,11700.749357630699,12354.098389020404
1961-04-05,4670.629576222959,5862.906777580631,3895.1537016035827,5452.665917497965,14304.290225757622,15183.398358118004,12814.303338858157,13465.440921958456,11178.053396186999,12354.098389020404,10408.618556218178,11459.381848452063
1961-04-06,4346.116771622397,5452.665917497965,3651.1161391915703,5135.322915016125,12655.64936702748,13465.440921958456,11523.20242503242,12354.098389020404,10030.63028182778,11459.381848452063,9339.595225355624,11333.373993646052
1961-04-07,4050.5885424184103,5135.322915016125,3432.0434145839627,4773.27987030664,11426.699645613513,12354.098389020404,10429.369804600548,11459.381848452063,9046.784626731913,11333.373993646052,8430.581418463162,11513.632341609567
1961-04-08,3815.6483171727255,4773.27987030664,3248.2397333859853,4651.422810447401,10508.495513304906,11459.381848452063,9641.029519343023,11333.373993646052,8347.340953878325,11513.632341609567,7782.019509705504,12062.67887139566
1961-04-09,3570.3386240859136,4651.422810447401,3058.366656115855,4752.7018661652055,9821.124017157626,11333.373993646052,8973.040339810877,11513.632341609567,7801.943132933338,12062.67887139566,7291.79952334883,12224.28688642288
1961-04-10,3526.6704418382114,4752.7018661652055,2978.1214709277847,4820.148345512238,9664.727076228603,11513.632341609567,9107.202577242986,12062.67887139566,8011.533646671975,12224.28688642288,7465.233447873132,12987.740351406766
1961-04-11,3644.4679363893124,4820.148345512238,3165.7640348788855,5127.777401400717,9984.697195305343,12062.67887139566,9701.588046475843,12224.28688642288,8595.857619259641,12987.740351406766,8118.286832600243,14132.168304319963
1961-04-12,3853.900908727656,5127.777401400717,3388.458764953124,5390.289158047911,10686.064170951968,12224.28688642288,10399.348225415986,12987.740351406766,9356.566826635688,14132.168304319963,8887.977291051166,14660.833247570092
1961-04-13,4020.4143903584127,5390.289158047911,3564.2976580686195,5492.200262619018,10981.897924592056,12987.740351406766,10808.649680677672,14132.168304319963,9559.051816303374,14660.833247570092,9097.338292702038,17535.275380018364
1961-04-14,4210.485322185184,5492.200262619018,3771.078092119619,5916.033477461537,11739.762564385408,14132.168304319963,11495.05727479138,14660.833247570092,10189.207177000244,17535.275380018364,9745.242023482984,23321.76739790922
1961-04-15,4680.077489867006,5916.033477461537,4121.946029190123,7702.290969887697,12699.22974636378,14660.833247570092,12625.051598436752,17535.275380018364,11585.835743634714,23321.76739790922,11014.76942000608,20987.029305137126
1961-04-16,5444.770564170286,7702.290969887697,4847.220257946652,9264.099915089648,13480.997420981666,17535.275380018364,14435.701687339106,23321.76739790922,13494.62603799146,20987.029305137126,12865.029198677174,21483.93558264512
1961-04-17,6283.7373980521115,9264.099915089648,6532.634920268172,9346.888854831195,16821.848988621496,23321.76739790922,18205.78099734783,20987.029305137126,15716.604083070382,21483.93558264512,15931.839843912974,21503.842491370953
1961-04-18,8123.701767834922,9346.888854831195,6820.668015246022,9390.035403480337,22381.272696335145,20987.029305137126,21740.795132660955,21483.93558264512,19786.56240153309,21503.842491370953,18479.921435585646,19595.152850012928
1961-04-19,7363.068444843391,9390.035403480337,7035.456174959301,9340.877099013083,20236.23904164134,21483.93558264512,19122.13502085677,21503.842491370953,16370.95373123384,19595.152850012928,16033.714647329694,15658.129814772
1961-04-20,7727.056348061204,9340.877099013083,6784.86251685986,8568.273039639711,19611.484772399217,21503.842491370953,18151.196867540108,19595.152850012928,15907.088184537686,15658.129814772,14961.651199237636,14750.835556907921
1961-04-21,7251.441718469567,8568.273039639711,6316.33266590401,7966.864657700579,19124.739783677676,19595.152850012928,17598.68676700729,15658.129814772,15232.281559106832,14750.835556907921,14298.679373439463,10153.904061310366
1961-04-22,6804.877084271907,7966.864657700579,5846.7005794714005,11163.676354407278,17295.588645044212,15658.129814772,15635.360354760394,14750.835556907921,13716.450641741663,10153.904061310366,12758.976202012844,12831.015777363675
1961-04-23,7134.587717830737,11163.676354407278,6463.508672330587,14798.287688661214,13734.62962048108,14750.835556907921,13152.58674809311,10153.904061310366,12026.13521753029,12831.015777363675,11339.885451815928,31085.625433646666
1961-04-24,8920.40755530129,14798.287688661214,9455.536780489074,24621.782780584508,13501.831288201369,10153.904061310366,16734.011951874592,12831.015777363675,13860.058113721245,31085.625433646666,14383.62584941508,44730.38367814815
1961-04-25,14728.216146236464,24621.782780584508,12733.729688323128,23609.94598873556,13799.026440662812,12831.015777363675,18346.285326517293,31085.625433646666,17424.839544971506,44730.38367814815,15414.066703914317,41396.88208120284
1961-04-26,18698.82287948741,23609.94598873556,19051.236668359656,19049.227326051412,17932.331815499154,31085.625433646666,31649.43888852778,44730.38367814815,23241.225382222525,41396.88208120284,23512.637342404658,39580.54850385514
1961-04-27,20366.662570245047,19049.227326051412,16297.439653954232,16708.188992341675,42612.62583918481,44730.38367814815,39322.24878807609,41396.88208120284,33218.4011964058,39580.54850385514,29118.001066359422,32820.062161891605
1961-04-28,14807.009026118743,16708.188992341675,11215.020967284925,14198.033763747562,42490.16633350504,41396.88208120284,34048.360715817056,39580.54850385514,28221.45639251,32820.062161891605,24628.39123312987,27593.270914376324
1961-04-29,12316.690064622777,14198.033763747562,10110.944363306715,11923.971310904057,34455.95102056106,39580.54850385514,30129.85823865688,32820.062161891605,24517.46474980075,27593.270914376324,22300.488570164314,25147.841165713937
1961-04-30,10641.636686793236,11923.971310904057,8977.909264576927,10867.924779319861,33892.28619997192,32820.062161891605,28932.374778336372,27593.270914376324,24295.866680345993,25147.841165713937,22636.927955391056,23062.35228072178
1961-05-01,9203.922904569245,10867.924779319861,7384.283217394264,10435.833139472166,27331.864510094005,27593.270914376324,23012.374779537946,25147.841165713937,19724.583757768698,23062.35228072178,17909.652113775017,20565.348273911964
1961-05-02,8232.696059021046,10435.833139472166,6717.345403413392,9010.544773962367,22504.203743790764,25147.841165713937,20353.938201543162,23062.35228072178,17371.873784745825,20565.348273911964,15853.76037463356,18952.411019132538
1961-05-03,7462.610514439735,9010.544773962367,6461.068898106366,8329.402902248888,21350.596339708816,23062.35228072178,19663.402761053138,20565.348273911964,16321.526957981489,18952.411019132538,15318.91313353403,17475.663547071792
1961-05-04,6809.589664751645,8329.402902248888,5672.976714412378,7657.364316691965,19865.694585331617,20565.348273911964,16990.2583463911,18952.411019132538,14730.42745473505,17475.663547071792,13595.359325973206,16286.97010470819
1961-05-05,6003.902307507955,7657.364316691965,5147.487391274384,7012.1027902981605,16482.636206422325,18952.411019132538,14703.190839209776,17475.663547071792,12540.769980109395,16286.97010470819,11685.779501486237,12750.629772568896
1961-05-06,5526.942369526781,7012.1027902981605,4640.254328369927,6688.089815492201,15341.986503853514,17475.663547071792,13695.062474438546,16286.97010470819,11886.276533768769,12750.629772568896,11002.628400556912,10389.80283012713
1961-05-07,5139.47694754722,6688.089815492201,4165.664325136124,3393.9193281526314,13911.262827493503,16286.97010470819,12753.268696592051,12750.629772568896,11249.588469791592,10389.80283012713,10275.45973246268,11629.150112183383
1961-05-08,4525.629481673019,3393.9193281526314,4001.272987795727,3621.9723206276076,13131.431403536048,12750.629772568896,12072.827548431444,10389.80283012713,10251.73644202892,11629.150112183383,9725.685706443977,13221.124936729046
1961-05-09,2936.7753241716036,3621.9723206276076,1140.62442302417,4173.87087399219,10447.971298353415,10389.80283012713,6632.284396254094,11629.150112183383,6673.796218008634,13221.124936729046,4877.632559891745,9977.785546425399
1961-05-10,1647.411522869404,4173.87087399219,1686.9648149422264,5144.368195187655,5564.954148281081,11629.150112183383,6010.422595360216,13221.124936729046,4379.947615896086,9977.785546425399,4405.136580505264,10037.657908122244
1961-05-11,2692.3217194130184,5144.368195187655,5161.614212558285,8371.027060838413,9753.600476305215,13221.124936729046,9672.69015812791,9977.785546425399,8377.480060420434,10037.657908122244,10843.012217446629,13644.430074207205
1961-05-12,6111.907608805965,8371.027060838413,5827.818316393989,8058.590248064412,11080.755247056775,9977.785546425399,11115.757911540742,10037.657908122244,12398.43401224463,13644.430074207205,12115.049696373602,14624.434145437055
1961-05-13,6625.180429253369,8058.590248064412,5240.836075194122,6807.262128614971,9135.90602136197,10037.657908122244,11923.318743258049,13644.430074207205,10495.081738593444,14624.434145437055,9106.038076931414,13923.819720074549
1961-05-14,5525.4591971819855,6807.262128614971,4524.474140616155,5951.533670540914,11718.80729470192,13644.430074207205,10994.86736835968,14624.434145437055,8785.182713464277,13923.819720074549,7780.717803099063,12402.419175307872
1961-05-15,4771.5402809341595,5951.533670540914,3936.415641786241,5290.88465315316,11679.98991123346,14624.434145437055,10005.623218151773,13923.819720074549,8295.125069104655,12402.419175307872,7458.891781844979,10916.768893690083
1961-05-16,4203.943398360334,5290.88465315316,3421.120619579673,4642.238030638621,11457.855776603497,13923.819720074549,10090.29544359864,12402.419175307872,8645.645807945639,10916.768893690083,7864.201159009884,9776.267365441116
1961-05-17,3668.3154726423236,4642.238030638621,3025.222085207414,4112.846702887445,11059.377509631773,12402.419175307872,9818.910997274768,10916.768893690083,8477.927868869432,9776.267365441116,7837.7457409883755,8876.491625125813
1961-05-18,3237.526780796089,4112.846702887445,2704.715129327965,3742.3723865572565,9891.278460271777,10916.768893690083,8734.947718711222,9776.267365441116,7610.243257878519,8876.491625125813,7080.0359162988325,8097.953446311073
1961-05-19,2906.810666479127,3742.3723865572565,2444.9053331891223,3422.5076336058596,8666.858660451457,9776.267365441116,7717.5456269350725,8876.491625125813,6781.507443912714,8097.953446311073,6321.53779593193,7451.963060936607
1961-05-20,2652.869144506988,3422.5076336058596,2278.2782074838105,3132.654343308325,7797.5834982113865,8876.491625125813,7065.642644545221,8097.953446311073,6212.998962116222,7451.963060936607,5839.429061723521,6926.9817108286625
1961-05-21,2463.142897141095,3132.654343308325,2138.8344121251966,3042.2081678463246,7195.4730467638055,8097.953446311073,6525.39062763698,7451.963060936607,5781.021814450919,6926.9817108286625,5457.706225643773,6542.364414056469
1961-05-22,2303.1276641288823,3042.2081678463246,1990.0010992360794,2881.9501621996246,6568.613179299637,7451.963060936607,5974.126700410012,6926.9817108286625,5342.377999234582,6542.364414056469,5030.071917928754,6199.886458474932
1961-05-23,2221.72463431776,2881.9501621996246,1931.5721826459107,2649.4149028332904,6078.971213754297,6926.9817108286625,5708.288976567726,6542.364414056469,5063.551017614489,6199.886458474932,4773.801048394626,6378.290324829497
1961-05-24,2117.8009362982925,2649.4149028332904,1864.4624359888326,2523.3895068502284,5840.940577950458,6542.364414056469,5410.029409849588,6199.886458474932,4805.403030177793,6378.290324829497,4552.388917838828,6415.908500529022
1961-05-25,1988.5045758920992,2523.3895068502284,1765.5481500369215,2627.0188452943057,5457.059428371031,6199.886458474932,4981.715306182225,6378.290324829497,4468.035283823967,6415.908500529022,4245.29939127268,5999.946917363461
1961-05-26,1946.5049607233045,2627.0188452943057,1643.5551559068713,2488.398165769401,5130.656902846145,6378.290324829497,4788.950305484294,6415.908500529022,4350.616643621236,5999.946917363461,4048.207998288834,5570.719778883438
1961-05-27,1901.6832686552941,2488.398165769401,1642.1894265198034,2201.607835461575,5342.771399323184,6415.908500529022,5194.01766751908,5999.946917363461,4573.135448055983,5570.719778883438,4313.89842320758,5377.592801581153
1961-05-28,1825.9535120569049,2201.607835461575,1609.6168539056139,2150.7012982262663,5573.308428485498,5999.946917363461,5142.1871371275565,5570.719778883438,4576.475811811628,5377.592801581153,4361.146889894154,5232.766885588657
1961-05-29,1686.0451605924927,2150.7012982262663,1511.8684494380382,2152.052760459159,5036.931923423566,5570.719778883438,4503.343021417906,5377.592801581153,4082.0657053828454,5232.766885588657,3908.493955804537,4972.232775491062
1961-05-30,1676.0853175675575,2152.052760459159,1539.1202501024159,2071.597380354888,4548.657640628639,5377.592801581153,4284.315832691591,5232.766885588657,3894.982376030826,4972.232775491062,3758.262402583079,4791.610563600267
1961-05-31,1693.5509360784602,2071.597380354888,1548.3091307153345,2009.8411679578558,4584.244313865176,5232.766885588657,4359.954751188339,4972.232775491062,3976.145460663538,4791.610563600267,3831.4846368251956,4709.532463109959
1961-06-01,1657.0125659242344,2009.8411679578558,1494.876329240141,1998.2133132111223,4513.509587720591,4972.232775491062,4212.878030077412,4791.610563600267,3866.9493217483955,4709.532463109959,3705.4011225624163,4626.8436087447535
1961-06-02,1601.4971196627243,1998.2133132111223,1428.960618159977,1933.6220709921906,4250.21870974965,4791.610563600267,3990.0857191956316,4709.532463109959,3645.6091779216204,4626.8436087447535,3473.46067000778,4743.501240880938
1961-06-03,1567.9653021182924,1933.6220709921906,1409.4524835744126,1870.2999760739647,4119.776021350476,4709.532463109959,3918.6602569219585,4626.8436087447535,3546.3888340329377,4743.501240880938,3388.249642535019,4601.472230425514
1961-06-04,1538.3060966908988,1870.2999760739647,1378.490857925682,1827.4395072399182,4089.992178260475,4626.8436087447535,3847.072115060104,4743.501240880938,3493.3534585561742,4601.472230425514,3333.9100459418923,4369.896182087226
1961-06-05,1492.2515934909482,1827.4395072399182,1334.4581014905611,1763.8515888415368,3993.2913645812832,4743.501240880938,3744.842512143394,4601.472230425514,3403.8748430989176,4369.896182087226,3246.512570999842,4166.221041372613
1961-06-06,1448.154603976934,1763.8515888415368,1293.78659170147,1720.3505375582654,4078.7211233298895,4601.472230425514,3823.046259426051,4369.896182087226,3485.1424985850044,4166.221041372613,3331.6022428214264,3938.477745727121
1961-06-07,1406.7436797039472,1720.3505375582654,1252.2698521631978,2037.6041210456765,3966.345165178323,4369.896182087226,3718.1668516388104,4166.221041372613,3387.1274356279073,3938.477745727121,3233.4553212534056,4202.518171603023
1961-06-08,1373.421832642571,2037.6041210456765,1201.646327246738,2060.988941412007,3763.5253845372995,4166.221041372613,3529.0785169848277,3938.477745727121,3220.8176711876295,4202.518171603023,3049.9959921225623,4659.218147819826
1961-06-09,1593.8962191572864,2060.988941412007,1376.7204963850927,2092.2895534194404,3602.508928501982,3938.477745727121,3802.9605882752935,4202.518171603023,3371.814376851275,4659.218147819826,3154.324406325054,4745.031332642464
1961-06-10,1612.0342181155074,2092.2895534194404,1353.6785187850564,1757.886400234742,3842.3841207601677,4202.518171603023,3785.8002722816536,4659.218147819826,3353.714935828052,4745.031332642464,3094.3342291393546,4575.333788048347
1961-06-11,1469.3537624266123,1757.886400234742,1253.5533218541873,1610.777843931277,3877.4841728855577,4659.218147819826,3701.5504184682063,4745.031332642464,3083.059170887632,4575.333788048347,2866.1613914845093,5182.736840519125
1961-06-12,1366.6143738777682,1610.777843931277,1182.6990474925326,1623.3001246363697,4111.588050144008,4745.031332642464,3577.534631516827,4575.333788048347,3188.6573708410415,5182.736840519125,3005.1369522985833,4729.686226884044
1961-06-13,1277.9760955561935,1623.3001246363697,1151.8946482240842,1688.8949720828132,3859.3522478015802,4575.333788048347,3501.4004226217676,5182.736840519125,3183.065550405112,4729.686226884044,3057.8005468694028,4445.311250731327
1961-06-14,1333.418138427494,1688.8949720828132,1228.0061869009337,1629.3639922868783,3826.7243750282473,5182.736840519125,3638.028245448716,4729.686226884044,3361.5330447365423,4445.311250731327,3257.7548099258156,4136.761038936424
1961-06-15,1381.5145387153182,1629.3639922868783,1263.7084861064843,1485.3038168964245,4431.729840391163,4729.686226884044,4250.878252233726,4445.311250731327,3918.397165034882,4136.761038936424,3802.635248327707,4026.881284102039
1961-06-16,1308.3366109762737,1485.3038168964245,1171.8776179692145,1428.9420899163465,4173.35566608606,4445.311250731327,3858.796592371268,4136.761038936424,3536.084053885653,4026.881284102039,3401.50524493271,3929.7988421686546
1961-06-17,1220.7778974801286,1428.9420899163465,1114.3319425736895,1436.3357265513282,3814.2620707121855,4136.761038936424,3483.4447010991,4026.881284102039,3203.662925587073,3929.7988421686546,3098.647119103062,3732.9528331235415
1961-06-18,1191.8879446339918,1436.3357265513282,1071.664622488819,1395.1133824615704,3503.994439870965,4026.881284102039,3265.92664429858,3929.7988421686546,3015.716411386803,3732.9528331235415,2896.6612001274034,3863.0352917652763
1961-06-19,1162.0008788381247,1395.1133824615704,1041.0022046045742,1312.3372869046048,3470.727838333907,3929.7988421686546,3277.057458674206,3732.9528331235415,3005.7403773615647,3863.0352917652763,2885.9921540325654,3719.861940040569
1961-06-20,1130.3499666385546,1312.3372869046048,1013.4104461735311,1400.4236911333005,3434.5965234906243,3732.9528331235415,3214.7401333141534,3863.0352917652763,2949.96490180136,3719.861940040569,2834.2734738832605,3876.7961813954107
1961-06-21,1078.0681163699455,1400.4236911333005,963.7131417013006,1449.5497731568048,3235.8836514635623,3863.0352917652763,2998.4500024456065,3719.861940040569,2763.153379328872,3876.7961813954107,2649.7828400651683,3743.7937065959227
1961-06-22,1177.8018445650157,1449.5497731568048,1018.4175580177116,1278.4866906652578,3300.589935397389,3719.861940040569,3222.683167447314,3876.7961813954107,2991.2010419868375,3743.7937065959227,2832.836111398407,3685.459596434728
1961-06-23,1125.2272466193676,1278.4866906652578,999.0586838959023,1163.9266472793436,3339.203777795888,3876.7961813954107,3234.6528321648,3743.7937065959227,2881.452332576072,3685.459596434728,2756.4372128007562,3780.057793951492
1961-06-24,1038.6075925315663,1163.9266472793436,924.7403097761021,1191.9850021347218,3457.9240854530735,3743.7937065959227,3089.6606042126577,3685.459596434728,2840.4430014833024,3780.057793951492,2727.714067228495,3793.5558761327934
1961-06-25,953.9693418772318,1191.9850021347218,856.674066469482,1387.876074967674,3132.0466624079545,3685.459596434728,2853.8563582386405,3780.057793951492,2633.6565441538287,3793.5558761327934,2537.3105912253195,3467.2306722135177
1961-06-26,996.7104381922097,1387.876074967674,874.196139844965,1142.2682801751089,3098.944159870322,3780.057793951492,2959.184783552113,3793.5558761327934,2749.224303600128,3467.2306722135177,2627.7333981157035,3273.916479478474
1961-06-27,1082.4018096641894,1142.2682801751089,971.5240389052615,1069.173031151599,3297.129140377967,3793.5558761327934,3310.5469979028503,3467.2306722135177,2977.839456602523,3273.916479478474,2868.3954562984377,3278.2811849970917
1961-06-28,968.6764994861207,1069.173031151599,880.688987442132,1010.127285451096,3488.2827088239956,3467.2306722135177,3043.929804591712,3273.916479478474,2850.460228408885,3278.2811849970917,2763.8074851689757,3329.611816953409
1961-06-29,914.0527116716929,1010.127285451096,840.1865919865281,1058.6349566229683,2830.7409949326266,3273.916479478474,2610.9491697241083,3278.2811849970917,2440.5753406217354,3329.611816953409,2367.5059143332514,3373.2259991859537
1961-06-30,894.0544955841606,1058.6349566229683,823.5895585940672,1045.191365825516,2797.038687105894,3278.2811849970917,2613.1558467094883,3329.611816953409,2454.1100828634926,3373.2259991859537,2384.6247266875416,3119.2274080014377
1961-07-01,902.3762324101766,1045.191365825516,823.451480348082,1039.9702774500386,2824.1688308082175,3329.611816953409,2688.7693654110744,3373.2259991859537,2516.495295213235,3119.2274080014377,2438.6614061626196,2996.5194928676924
1961-07-02,879.1780706065645,1039.9702774500386,801.5808449777201,1016.8884963186057,2931.62038034118,3373.2259991859537,2754.1431616879163,3119.2274080014377,2569.0037721747094,2996.5194928676924,2492.685011911648,2955.668019841388
1961-07-03,897.3594860673973,1016.8884963186057,793.2993954119322,990.4458243340064,2915.1509593643923,3119.2274080014377,2745.318834150122,2996.5194928676924,2581.1721354179926,2955.668019841388,2478.333447609882,2871.8805766335254
1961-07-04,842.8885351883771,990.4458243340064,770.0979140197086,958.358467697856,2723.1185144632427,2996.5194928676924,2550.5946269284364,2955.668019841388,2356.2462806832136,2871.8805766335254,2284.4273640065444,2648.3058333387844
1961-07-05,842.2362129251867,958.358467697856,761.3963812124848,938.3509635866194,2603.824060210998,2955.668019841388,2440.9779478755186,2871.8805766335254,2272.526473191343,2648.3058333387844,2192.5685239537115,2948.8109255128
1961-07-06,814.1547449578014,938.3509635866194,733.9654184351349,893.7632938543884,2565.8796824382434,2871.8805766335254,2399.0529701069786,2648.3058333387844,2233.529148882794,2948.8109255128,2154.240743550757,3455.0074725669806
1961-07-07,793.5751042543201,893.7632938543884,717.0272154108035,887.0089326503348,2489.364737053293,2648.3058333387844,2337.727587591721,2948.8109255128,2172.8361835088135,3455.0074725669806,2097.3975656785424,3465.105914001053
1961-07-08,755.5108469269087,887.0089326503348,685.5836221361582,914.3994791842008,2326.713626832668,2948.8109255128,2410.252918939251,3455.0074725669806,2254.114727274292,3465.105914001053,2182.130654341344,3216.5255498868805
1961-07-09,773.2096731991678,914.3994791842008,775.4789029959425,859.079251439647,2767.199977491243,3455.0074725669806,2667.171185888097,3465.105914001053,2449.0341327037595,3216.5255498868805,2444.331984321735,3026.265872694155
1961-07-10,841.9404948223516,859.079251439647,701.8901606797511,841.2619714325233,3092.5174516912675,3465.105914001053,2811.0274936087653,3216.5255498868805,2690.837317896165,3026.265872694155,2549.355807648715,2811.8322388896186
1961-07-11,693.2573599956289,841.2619714325233,618.4546931788653,861.0703413580694,2920.554875454362,3216.5255498868805,2634.7441315694227,3026.265872694155,2431.435739721408,2811.8322388896186,2356.240748593502,2623.4528134625143
1961-07-12,700.1777099886056,861.0703413580694,634.8071730522213,818.5977204820672,2688.5688304476316,3026.265872694155,2476.276037759057,2811.8322388896186,2307.8273610038805,2623.4528134625143,2242.8424138337004,2247.29454379106
1961-07-13,719.2252047419757,818.5977204820672,650.8272288595379,878.8335763780394,2569.5965481733588,2811.8322388896186,2423.4368489130184,2623.4528134625143,2258.0849933118166,2247.29454379106,2190.3237380576,2954.5649870086568
1961-07-14,695.6090957630943,878.8335763780394,614.5855190882963,1065.790731395805,2447.052873005575,2623.4528134625143,2264.799629363187,2247.29454379106,2121.7801069729867,2954.5649870086568,2041.3616629496692,3446.9702604798777
1961-07-15,955.2154690928041,1065.790731395805,870.7503707518465,1125.2442044434356,2268.016776951704,2247.29454379106,2223.0519693428323,2954.5649870086568,2285.5296892177194,3446.9702604798777,2201.838002763023,2607.202256585183
1961-07-16,753.6025831471889,1125.2442044434356,637.2071944454274,1133.9764430725884,2058.5436244122275,2954.5649870086568,2231.1158817716,3446.9702604798777,1861.349151381807,2607.202256585183,1744.130695026443,2534.9786179221624
1961-07-17,832.9430732092883,1133.9764430725884,746.5702329369554,855.7332151077072,2816.460999972739,3446.9702604798777,2694.923932544245,2607.202256585183,2379.608286372527,2534.9786179221624,2293.512232955969,2616.4323763073144
1961-07-18,879.0540316086825,855.7332151077072,827.633011855775,807.9598717006146,3048.2177432693156,2607.202256585183,2885.79597607456,2534.9786179221624,2609.505846391627,2616.4323763073144,2558.6481986285735,2973.8993464627797
1961-07-19,775.5788222806522,807.9598717006146,682.8624811454675,774.0347114935705,2351.9852713389882,2534.9786179221624,2043.3878099307094,2616.4323763073144,1946.6174511557274,2973.8993464627797,1852.3263554838984,2848.3216168261206
1961-07-20,671.4928282605754,774.0347114935705,615.192565058569,744.8303728392937,2066.8577954022694,2616.4323763073144,1894.7503048225176,2973.8993464627797,1745.8532935526018,2848.3216168261206,1688.590081484591,2659.053095967378
1961-07-21,660.6971159258813,744.8303728392937,611.8016972089907,706.5388606144347,2339.4780033787533,2973.8993464627797,2156.14344152998,2848.3216168261206,2026.9928983435325,2659.053095967378,1978.1152568643492,3135.0639773491052
1961-07-22,645.0527267607528,706.5388606144347,597.3118617311691,705.5193423210638,2501.4660260271303,2848.3216168261206,2299.1033281548926,2659.053095967378,2185.6112821095603,3135.0639773491052,2138.815706924751,2978.859156992892
1961-07-23,612.1825550062225,705.5193423210638,571.0629531048261,753.7715513159799,2391.115072468513,2659.053095967378,2203.2445916252436,3135.0639773491052,2097.196166193392,2978.859156992892,2057.077306642881,3806.830435974636
1961-07-24,629.3759608918114,753.7715513159799,573.951588314838,720.5394467431693,2238.264534742065,3135.0639773491052,2180.0890100940046,2978.859156992892,2093.902063940804,3806.830435974636,2038.979848115423,2848.2440355974
1961-07-25,633.4548294104748,720.5394467431693,585.3654843729171,695.2888737685649,2715.3975405083766,2978.859156992892,2584.445759751781,3806.830435974636,2435.6890726255715,2848.2440355974,2387.5466297941143,2716.8510463121365
1961-07-26,620.6828143090843,695.2888737685649,574.978394172905,679.4410605783039,2576.06107416115,3806.830435974636,2352.7165348616372,2848.2440355974,2236.5028227744288,2716.8510463121365,2191.434528363131,3908.274943022284
1961-07-27,603.2987173806675,679.4410605783039,560.5167350218878,592.0544491527785,3113.550105650324,2848.2440355974,2836.688865938666,2716.8510463121365,2725.1304311130407,3908.274943022284,2684.690183368739,5037.811335544849
1961-07-28,591.1526144896633,592.0544491527785,550.1952520558061,673.1411969753082,2368.6187201186326,2716.8510463121365,2197.865676802212,3908.274943022284,2100.671926093309,5037.811335544849,2060.941445988661,4581.061334836062
1961-07-29,526.9316410531571,673.1411969753082,500.10548506520763,619.2880435167145,2302.900766739099,3908.274943022284,2113.3517672011453,5037.811335544849,2040.5659906757487,4581.061334836062,2014.2700070539063,3339.1836421210924
1961-07-30,633.9588871147732,619.2880435167145,546.4540373646815,716.5273871783115,3167.0299241021557,5037.811335544849,2982.859776561476,4581.061334836062,2922.9034394305704,3339.1836421210924,2837.6345413119675,2901.262036923535
1961-07-31,507.7606777219943,716.5273871783115,421.0046401005663,615.3908560644543,4128.355944374624,4581.061334836062,3703.401682405682,3339.1836421210924,3564.9862586700183,2901.262036923535,3482.8899410723393,3051.238813440733
1961-08-01,563.6413174459187,615.3908560644543,537.5463026389295,626.2332811361327,3653.387634135509,3339.1836421210924,3449.6521015711673,2901.262036923535,3273.4697753106625,3051.238813440733,3251.0270803131643,2617.270707472969
1961-08-02,535.3164056852208,626.2332811361327,553.0062381587484,659.1778008072947,2858.102768332914,2901.262036923535,2552.0778008994685,3051.238813440733,2461.415162625536,2617.270707472969,2481.0571847323217,2566.6776632808746
1961-08-03,593.6095587446542,659.1778008072947,552.2901614535771,653.6831941019011,2340.1613099559936,3051.238813440733,2195.4225539565678,2617.270707472969,2158.334423093582,2566.6776632808746,2118.2438671582913,2448.1393111011357
1961-08-04,574.9645979930802,653.6831941019011,534.4621473590499,663.5652487637028,2540.992665910207,2617.270707472969,2391.514292474162,2566.6776632808746,2301.590015731704,2448.1393111011357,2262.7668948778974,2338.052896125547
1961-08-05,563.1460446703301,663.5652487637028,529.9720613375814,662.8610453718826,2223.6557707068905,2566.6776632808746,2077.221047182433,2448.1393111011357,1986.3015039996221,2338.052896125547,1954.237045206666,2267.3037293976604
1961-08-06,576.332164424492,662.8610453718826,529.8026453163907,641.9068066256682,2153.415091435388,2448.1393111011357,2030.1939535163433,2338.052896125547,1944.3482182878467,2267.3037293976604,1899.0713223481112,2202.034101044626
1961-08-07,562.528412104814,641.9068066256682,513.566037994142,619.963186884515,2074.008444226502,2338.052896125547,1947.5538554086393,2267.3037293976604,1852.171911489103,2202.034101044626,1804.3867861024191,2161.3420587829364
1961-08-08,541.834233593413,619.963186884515,499.6772873689672,604.5647021687176,1975.5655722883935,2267.3037293976604,1841.0923843369324,2202.034101044626,1748.5046500546414,2161.3420587829364,1707.3902008759396,2093.348881255316
1961-08-09,527.1285983074325,604.5647021687176,486.11193612088175,592.793112942122,1898.8297108366996,2202.034101044626,1769.7342244166575,2161.3420587829364,1685.586824728617,2093.348881255316,1645.511689223666,2146.0912751823744
1961-08-10,514.732020413431,592.793112942122,475.0209852886394,597.5886932109074,1840.1698036109174,2161.3420587829364,1721.995243151055,2093.348881255316,1641.9074291539341,2146.0912751823744,1603.0911699341136,2078.0310058886334
1961-08-11,511.3481394121634,597.5886932109074,459.49538324272766,620.3779529899402,1808.4300777758954,2093.348881255316,1698.3469498925879,2146.0912751823744,1627.6071961764465,2078.0310058886334,1576.6308616429014,2004.5231653506503
1961-08-12,491.6732139775853,620.3779529899402,464.63751568169704,571.8642080485656,1756.3215937512334,2146.0912751823744,1666.0980156538278,2078.0310058886334,1571.8056295771764,2004.5231653506503,1545.5640765334601,1966.3316818814903
1961-08-13,523.6829572008115,571.8642080485656,482.246881019751,551.5110748164147,1808.9950573680417,2078.0310058886334,1726.8857022470906,2004.5231653506503,1642.1962542791885,1966.3316818814903,1601.6990026380145,1930.5118861985206
1961-08-14,485.8369990900396,551.5110748164147,454.03384159724146,544.1583206327964,1768.8652173999226,2004.5231653506503,1625.157376140934,1966.3316818814903,1552.6246304249871,1930.5118861985206,1521.6669184621255,1905.1575536443047
1961-08-15,471.87697906237463,544.1583206327964,442.09498910569584,536.856773198232,1645.5550123332891,1966.3316818814903,1537.5342037492019,1930.5118861985206,1473.0130480058733,1905.1575536443047,1443.9560719671658,1895.607139133206
1961-08-16,464.85663668588757,536.856773198232,435.6046861535564,529.5055427677341,1630.1496117539145,1930.5118861985206,1534.685680454049,1905.1575536443047,1471.2572338069217,1895.607139133206,1442.7650860581111,1854.9760059424493
1961-08-17,458.02881368803577,529.5055427677341,429.0951639654197,522.6853786485424,1609.3015986529795,1905.1575536443047,1515.032755044261,1895.607139133206,1453.1759117007384,1854.9760059424493,1424.9975424637796,1814.473440391091
1961-08-18,450.8354406642847,522.6853786485424,422.075559690568,516.5387512387438,1586.1412435064044,1895.607139133206,1493.2405216525692,1854.9760059424493,1432.5857702321432,1814.473440391091,1404.571975284193,1799.105708662892
1961-08-19,443.76733200570936,516.5387512387438,415.32547418674073,510.79929862962916,1575.0133276689035,1854.9760059424493,1482.653490587943,1814.473440391091,1422.7487375505011,1799.105708662892,1395.067089732576,3218.2955746409907
1961-08-20,437.2234311725934,510.79929862962916,409.2066711862909,503.7458631961334,1540.485324240412,1814.473440391091,1451.4494192146317,1799.105708662892,1392.2789571355381,3218.2955746409907,1364.9904350635854,2310.559223852064
1961-08-21,431.28911649137643,503.7458631961334,401.2565417711972,495.15021979828333,1505.8921504328787,1799.105708662892,1419.7890747102879,3218.2955746409907,1361.676423131866,2310.559223852064,1332.337443075995,1854.9600693774678
1961-08-22,421.9566810380871,495.15021979828333,397.0247492735182,491.73454640524795,1490.746878567053,3218.2955746409907,1404.0742612889135,2310.559223852064,1344.5864475598808,1854.9600693774678,1320.35193350069,1545.4363766452018
1961-08-23,417.9722500667848,491.73454640524795,390.7853280432784,412.0884715410326,2597.6751298305594,2310.559223852064,2388.8997918245127,1854.9600693774678,2319.952915712559,1545.4363766452018,2295.4014119207304,848.8797967221141
1961-08-24,411.628966603133,412.0884715410326,384.6552550411594,408.1723234444995,1885.6675684567404,1854.9600693774678,1752.4513757972386,1545.4363766452018,1691.0180674929165,848.8797967221141,1665.5997660151224,5630.685094934959
1961-08-25,361.90326522520047,408.1723234444995,257.4329947464024,289.4141388360968,1524.797891178929,1545.4363766452018,1581.6938252931918,848.8797967221141,1553.285618791972,5630.685094934959,1447.01820314194,10324.105787564833
1961-08-26,261.6244452498728,289.4141388360968,344.23695335275994,408.79497964376424,1436.0056030795984,848.8797967221141,1966.3006016377367,5630.685094934959,1610.9702695171904,10324.105787564833,1670.5335678030888,7992.178015220269
1961-08-27,339.68557925904565,408.79497964376424,345.35201836565955,415.4048581218246,1395.52079441902,5630.685094934959,2181.524572149795,10324.105787564833,1924.0220137865067,7992.178015220269,1887.3334449131287,5585.018684550617
1961-08-28,366.27382235373705,415.4048581218246,317.55887731390305,394.1606015162877,5378.0262276485555,10324.105787564833,4275.235003593107,7992.178015220269,4017.939236742596,5585.018684550617,3952.0314305036018,4391.4454921835095
1961-08-29,325.59137809253764,394.1606015162877,283.1369968183056,443.2097361618753,7700.2530451222065,7992.178015220269,6500.088240112135,5585.018684550617,6298.144977163945,4391.4454921835095,6258.92574821765,3475.9259359541074
1961-08-30,310.1927773195042,443.2097361618753,315.9935925205505,499.1163051039831,5899.433981635641,5585.018684550617,5170.33905056768,4391.4454921835095,5009.003334932793,3475.9259359541074,5017.828174274515,2992.388043188512
1961-08-31,375.97868920462554,499.1163051039831,415.5239137002293,497.1905387154093,4278.353162107542,4391.4454921835095,3827.6948262520464,3475.9259359541074,3737.5879240089357,2992.388043188512,3780.629480875472,2939.027930075116
1961-09-01,464.8198995321309,497.1905387154093,450.65148867585634,467.1077177255865,3435.597624196651,3475.9259359541074,3160.182217013547,2992.388043188512,3123.812324018043,2939.027930075116,3112.5665743171244,2692.4457407306313
1961-09-02,437.05247272759647,467.1077177255865,413.49640739785536,458.75820962107514,2807.509412141162,2992.388043188512,2637.1276467926427,2939.027930075116,2588.1357390941903,2692.4457407306313,2566.0217419855,3286.474165969593
1961-09-03,401.1028416740689,458.75820962107514,372.5584736075543,458.73399099637714,2465.523053770846,2939.027930075116,2298.5315493321086,2692.4457407306313,2211.1824364487566,3286.474165969593,2180.3077278656474,3074.333104109629
1961-09-04,382.86484803676933,458.73399099637714,371.87462503526683,462.2874380068349,2395.6877774795025,2692.4457407306313,2111.983930382228,3286.474165969593,2051.0593015297895,3074.333104109629,2041.177665447236,2613.388036064379
1961-09-05,393.84977468217915,462.2874380068349,377.52001428912297,456.65326824586265,2081.764736065032,3286.474165969593,1924.2409955962594,3074.333104109629,1879.9190256185616,2613.388036064379,1864.6861138944319,2356.6588432344683
1961-09-06,393.080654180458,456.65326824586265,357.6918457412224,446.9549749079555,2619.11499444245,3074.333104109629,2411.5850931244313,2613.388036064379,2357.044047502777,2356.6588432344683,2323.8936950902034,2175.4608367183264
1961-09-07,369.19077255241314,446.9549749079555,348.4735305051215,441.2982329304686,2464.698704590972,2613.388036064379,2266.7137412032625,2356.6588432344683,2196.527170343645,2175.4608367183264,2177.8014495004863,2064.615326260663
1961-09-08,369.6018433443831,441.2982329304686,353.9410499621815,435.1471022332771,2100.281716242299,2356.6588432344683,1936.1818799813182,2175.4608367183264,1881.444877174929,2064.615326260663,1867.1766284314087,1996.082176946417
1961-09-09,369.823705079521,435.1471022332771,359.10284710531505,426.9797970831167,1892.8939240964428,2175.4608367183264,1755.3695506838808,2064.615326260663,1709.8416087775013,1996.082176946417,1700.3953374499406,1945.808119686707
1961-09-10,370.1584688229581,426.9797970831167,355.4860975394978,413.69805479635596,1753.569179732764,2064.615326260663,1631.2581185073045,1996.082176946417,1595.6891751979142,1945.808119686707,1582.0622130711379,1899.4904656876486
1961-09-11,360.73089915585984,413.69805479635596,356.57862241171983,415.3974750137035,1665.2674076776962,1996.082176946417,1551.6342272069642,1945.808119686707,1516.151136368494,1899.4904656876486,1512.8951708504228,1846.4636617431838
1961-09-12,359.56941812588985,415.3974750137035,352.4012627050887,420.0970607243187,1608.6888696209471,1945.808119686707,1494.206986781145,1899.4904656876486,1471.8619855459592,1846.4636617431838,1465.5121041278726,1833.1862095109595
1961-09-13,357.77749047898374,420.0970607243187,345.8435142701874,438.2424359179394,1560.4737817078199,1899.4904656876486,1465.3239778024113,1846.4636617431838,1440.4200594336648,1833.1862095109595,1429.26151751292,1893.1146740714325
1961-09-14,357.37049179219264,438.2424359179394,349.7763966875251,462.64310768345564,1535.895074754516,1846.4636617431838,1446.8571198879429,1833.1862095109595,1417.8274431998202,1893.1146740714325,1410.985157173097,2024.5192031742295
1961-09-15,372.1781694288196,462.64310768345564,358.7075421744907,459.1982982773336,1497.3205172223975,1833.1862095109595,1473.9181594410588,1893.1146740714325,1437.9571158926067,2024.5192031742295,1424.3806422111065,1924.6503402035796
1961-09-16,385.5119475586812,459.1982982773336,367.3883852170753,437.7492039709035,1547.938458051778,1893.1146740714325,1447.4415529790567,2024.5192031742295,1404.3906872291527,1924.6503402035796,1386.745721892834,1831.6502379876927
1961-09-17,381.3575067776351,437.7492039709035,364.828119413943,429.45151698995096,1535.9849485046889,2024.5192031742295,1439.2836239616322,1924.6503402035796,1397.3625745195204,1831.6502379876927,1381.508496444927,1930.2371147737085
1961-09-18,366.77252025297327,429.45151698995096,350.9283261576869,425.3201343232725,1631.302567775966,1924.6503402035796,1508.151726945758,1831.6502379876927,1472.429124698096,1930.2371147737085,1457.4759061347718,1846.4626313737203
1961-09-19,358.0242348739879,425.3201343232725,343.26752397549427,419.63681011597623,1536.0142780222855,1831.6502379876927,1437.018904531734,1930.2371147737085,1402.0713338808505,1846.4626313737203,1388.0779576763039,1836.7382116872568
1961-09-20,353.69445188229486,419.63681011597623,339.6934701695376,414.72296685530546,1474.311422026719,1930.2371147737085,1384.0706262528643,1846.4626313737203,1349.912094730287,1836.7382116872568,1336.5820419017089,1903.656105097888
1961-09-21,349.5058361588211,414.72296685530546,333.89624550189427,408.8137527778179,1552.8700905572255,1846.4626313737203,1464.6502019047189,1836.7382116872568,1431.5261708625649,1903.656105097888,1416.703513661897,1873.5664892616428
1961-09-22,342.36632550152393,408.8137527778179,331.49498296571386,406.47921415477276,1490.5477662138564,1836.7382116872568,1398.9523139889463,1903.656105097888,1363.9525423738498,1873.5664892616428,1353.6580271668677,1839.4144348181173
1961-09-23,340.514403111484,406.47921415477276,327.8227128493484,401.6465555462073,1474.8075957070766,1903.656105097888,1379.0218794316854,1873.5664892616428,1348.8906959218257,1839.4144348181173,1336.7805204718584,1802.5014363602431
1961-09-24,336.70822475320097,401.6465555462073,324.6318425858609,397.6035158722948,1518.6615954905387,1873.5664892616428,1420.134516697215,1839.4144348181173,1389.1522472840757,1802.5014363602431,1377.9050207748733,1764.40768110209
1961-09-25,332.52296848730623,397.6035158722948,321.2281069358948,393.30949551826353,1494.8148924889615,1839.4144348181173,1399.9265942729908,1802.5014363602431,1369.964467582154,1764.40768110209,1359.4539651732357,1734.8647903475776
1961-09-26,329.22101331365604,393.30949551826353,318.6816565593211,389.14128023007237,1466.9312069121881,1802.5014363602431,1374.7821767902926,1764.40768110209,1346.1801148564568,1734.8647903475776,1336.3966537012159,1711.3245319984371
1961-09-27,326.00627905660224,389.14128023007237,316.0788298903378,385.47792019110557,1435.850099395452,1764.40768110209,1346.4904045385156,1734.8647903475776,1319.5759616627197,1711.3245319984371,1310.36652529824,1687.9480305518464
1961-09-28,322.5302217272092,385.47792019110557,313.1455871118843,382.7656348190138,1403.8418529354437,1734.8647903475776,1318.5127519877806,1711.3245319984371,1292.787834228926,1687.9480305518464,1284.0618433518828,1658.640539605552
1961-09-29,319.3739054195302,382.7656348190138,310.45182972985606,380.6561322394947,1379.4674615096305,1711.3245319984371,1295.4810249767436,1687.9480305518464,1270.5677083841445,1658.640539605552,1262.2440845214437,1652.3363202711994
1961-09-30,317.0067336120276,380.6561322394947,308.40357748777456,377.57758368817565,1358.0819808156534,1687.9480305518464,1275.6481894301464,1658.640539605552,1251.992401538553,1652.3363202711994,1244.0113262179334,1660.154237202205
1961-10-01,315.1354096788329,377.57758368817565,306.8056222007721,376.01608226968426,1337.2634815308052,1658.640539605552,1258.1844389519124,1652.3363202711994,1235.3083760239656,1660.154237202205,1227.5925710160468,1576.0420480751204
1961-10-02,312.0326602980983,376.01608226968426,299.5516386808972,325.5979395500772,1313.5655410778204,1652.3363202711994,1242.6694895293847,1660.154237202205,1220.097295973499,1576.0420480751204,1208.119111495062,1677.8977177963202
1961-10-03,308.48431371253645,325.5979395500772,309.6495670678445,328.1977201937163,1312.644196895039,1660.154237202205,1239.088820626971,1576.0420480751204,1212.9528379717258,1677.8977177963202,1214.4328044206936,1718.6886426998058
1961-10-04,282.1971700269364,328.1977201937163,223.42023528056086,339.21533278017864,1317.0289286769284,1576.0420480751204,1202.325542986585,1677.8977177963202,1202.1941110757646,1718.6886426998058,1143.8845059509263,1601.9893154048423
1961-10-05,217.5509330815844,339.21533278017864,206.2535840941339,313.6807139914157,1206.7400894992313,1677.8977177963202,1150.3309735604644,1718.6886426998058,1082.1891247501803,1601.9893154048423,1071.007858519611,1593.2143923199787
1961-10-06,258.77089870250364,313.6807139914157,273.6644472259718,311.75440036442905,1326.2846216064956,1718.6886426998058,1253.7247335408708,1601.9893154048423,1215.502956103899,1593.2143923199787,1230.8024005288257,1579.8834888107062
1961-10-07,272.6353330601891,311.75440036442905,271.35308965233787,335.76586268399836,1355.3401161650131,1601.9893154048423,1247.9177188308663,1593.2143923199787,1249.0373181269238,1579.8834888107062,1248.216248154513,1536.7318532921474
1961-10-08,259.54955917717484,335.76586268399836,262.0598842056551,313.1963781331232,1232.3585813408486,1593.2143923199787,1158.3362025833549,1579.8834888107062,1149.2908066250423,1536.7318532921474,1152.0740086849214,1515.9134878528166
1961-10-09,278.6624466563178,313.1963781331232,285.4506642143865,308.39335575089854,1240.7525872907522,1579.8834888107062,1191.772638247825,1536.7318532921474,1177.5216023744654,1515.9134878528166,1184.5910679044357,1515.780654228259
1961-10-10,270.31276244146557,308.39335575089854,272.2680341598958,312.67832781424806,1255.9560081218983,1536.7318532921474,1161.6167269499608,1515.9134878528166,1161.3689630549188,1515.780654228259,1163.533405094104,1498.2103298883708
1961-10-11,260.04407390394294,312.67832781424806,255.15408032419012,308.18759877451834,1181.2498337195893,1515.9134878528166,1106.0667188060117,1515.780654228259,1101.5418502662103,1498.2103298883708,1096.8549713800019,1468.734409112701
1961-10-12,255.4326588248157,308.18759877451834,253.36879472249836,306.63633247503634,1172.997049149367,1515.780654228259,1111.674957081267,1498.2103298883708,1098.4953951274733,1468.734409112701,1096.667974430062,1447.723160778116
1961-10-13,254.0825056670459,306.63633247503634,259.28256290347355,312.2820044030359,1184.9495073752173,1498.2103298883708,1110.5931907899808,1468.734409112701,1100.586880753237,1447.723160778116,1106.066452972898,1440.4439193698472
1961-10-14,259.58794546767,312.2820044030359,268.8104469742041,322.149601039859,1160.116440588056,1468.734409112701,1095.8107497715232,1447.723160778116,1094.0270628482676,1440.4439193698472,1103.620263643047,1434.0175511424654
1961-10-15,269.50511541986145,322.149601039859,279.0667052579856,332.2302773827073,1143.5653946220468,1447.723160778116,1091.0322092754075,1440.4439193698472,1092.798093629253,1434.0175511424654,1102.5574692757796,1428.936004863352
1961-10-16,279.5935953405304,332.2302773827073,289.56512670320024,342.52407586278986,1137.1622382560388,1440.4439193698472,1082.587983902075,1434.0175511424654,1084.3661144149582,1428.936004863352,1094.467261923755,1435.7283794902676
1961-10-17,290.2144177577517,342.52407586278986,297.10678375600486,349.842485979344,1129.7016633361334,1434.0175511424654,1076.6686768755455,1428.936004863352,1078.1021380589796,1435.7283794902676,1085.012202795651,1436.7623174926948
1961-10-18,297.7261012739914,349.842485979344,302.05028699625643,354.5821305343281,1126.2314652995833,1428.936004863352,1076.0973288537248,1435.7283794902676,1075.1980484296073,1436.7623174926948,1079.5919288449659,1444.3193283387309
1961-10-19,302.67995231823625,354.5821305343281,305.8153350579755,359.8925840290979,1125.6048966045562,1435.7283794902676,1074.4575000678121,1436.7623174926948,1071.7128235147104,1444.3193283387309,1074.9786741227447,1382.2489591616886
1961-10-20,306.32174364271305,359.8925840290979,308.66778939292294,366.07969261316816,1130.9520248472234,1436.7623174926948,1074.7582553057184,1444.3193283387309,1071.1450053766205,1382.2489591616886,1073.680446185447,1428.987627624665
1961-10-21,311.2154996399256,366.07969261316816,313.3343830232472,372.78491331635126,1128.3801205620298,1444.3193283387309,1076.6195886417624,1382.2489591616886,1073.1803213393064,1428.987627624665,1075.5725908926074,1446.1528036688082
1961-10-22,316.8703005407391,372.78491331635126,319.2873284004663,379.5680233853524,1139.034818115697,1382.2489591616886,1094.6673394361528,1428.987627624665,1089.0539571771274,1446.1528036688082,1091.5629594288732,1454.9268824656588
1961-10-23,323.3547796237059,379.5680233853524,326.2222758500186,386.0086443131908,1156.619465195923,1428.987627624665,1103.453412231329,1446.1528036688082,1096.9094602820862,1454.9268824656588,1099.836831507583,1475.0809018923749
1961-10-24,330.4451708828939,386.0086443131908,333.5608789550187,391.7813812577099,1173.9836435107436,1446.1528036688082,1118.9746415258612,1454.9268824656588,1112.5173682167824,1475.0809018923749,1115.7305641609632,1478.0325790382062
1961-10-25,337.506096011215,391.7813812577099,339.8999964833189,397.1563344411629,1176.0230931242288,1454.9268824656588,1121.6957594122841,1475.0809018923749,1116.0967945437455,1478.0325790382062,1118.6472643089094,1477.6406526251144
1961-10-26,343.33108941427514,397.1563344411629,343.8518281167878,402.4263140271023,1174.0325569451115,1475.0809018923749,1122.5296700005792,1478.0325790382062,1117.3771546432386,1477.6406526251144,1118.1391780208046,1474.2145523620256
1961-10-27,346.66098366985153,402.4263140271023,347.3221769072842,408.6584084793519,1186.8175784280918,1478.0325790382062,1132.3120445557818,1477.6406526251144,1124.2580827854024,1474.2145523620256,1125.1292484239198,1469.9717256811055
1961-10-28,351.77570925580596,408.6584084793519,350.93355564590496,412.36524042014213,1195.3273785965143,1477.6406526251144,1139.7754562558623,1474.2145523620256,1131.7220522910065,1469.9717256811055,1131.1571089352265,1468.9630125005506
1961-10-29,356.47533638311864,412.36524042014213,354.7131916394572,414.08232469137585,1201.468729132611,1474.2145523620256,1148.0359595703308,1469.9717256811055,1137.7292777571863,1468.9630125005506,1136.2064444403377,1466.9102818920578
1961-10-30,359.6838709299398,414.08232469137585,355.8957545863405,412.9813528692849,1207.2344445702201,1469.9717256811055,1151.6534034503734,1468.9630125005506,1141.0862540795006,1466.9102818920578,1137.6191935894212,1460.454455084875
1961-10-31,359.8461222163213,412.9813528692849,356.889109508197,412.7132194512788,1207.5718155652162,1468.9630125005506,1156.4195100976244,1466.9102818920578,1142.454754473205,1460.454455084875,1139.621914452464,1455.5046807911053
1961-11-01,360.36629763502253,412.7132194512788,356.9937972643276,412.5405394386238,1215.720953937573,1466.9102818920578,1153.869327466025,1460.454455084875,1140.831424378805,1455.5046807911053,1137.5595059343489,1439.5668259089398
1961-11-02,360.38023438868834,412.5405394386238,357.9541533811651,412.549139111859,1208.832848205155,1460.454455084875,1149.6257076303737,1455.5046807911053,1136.3025515427657,1439.5668259089398,1133.9718879353272,1284.597428900578
1961-11-03,361.5657591893073,412.549139111859,359.65031735485786,411.04121510349535,1208.3166148016858,1455.5046807911053,1148.5230846790137,1439.5668259089398,1136.7103162253866,1284.597428900578,1134.9878347708095,623.5171420239774
1961-11-04,362.65701949726065,411.04121510349535,358.1969062964765,407.4731043630873,1206.47963661226,1439.5668259089398,1147.5846323248825,1284.597428900578,1136.898091372062,623.5171420239774,1132.7033606561613,758.2002365002211
1961-11-05,361.39127828743244,407.4731043630873,350.5633642107164,380.54630272023064,1197.040017930819,1284.597428900578,1147.1107681434362,623.5171420239774,1136.4507513639137,758.2002365002211,1125.85942971142,1414.7705195386643
1961-11-06,354.2883789604606,380.54630272023064,347.22662671164807,378.24328284873104,1085.630078508262,623.5171420239774,1182.3399825491044,758.2002365002211,1167.8866357283334,1414.7705195386643,1160.0136450208752,2077.598561183604
1961-11-07,337.49098874672376,378.24328284873104,109.98501961136904,153.32771055392638,688.4279397166813,758.2002365002211,1092.469952795964,1414.7705195386643,1044.4654730222862,2077.598561183604,809.0246632566934,2694.7780102487436
1961-11-08,112.66733164686956,153.32771055392638,112.51045513463185,182.145187064955,1078.9353645219878,1414.7705195386643,1196.2991807524004,2077.598561183604,858.0484581266157,2694.7780102487436,845.2560051616548,2485.6079446250515
1961-11-09,148.81788419050974,182.145187064955,163.60781060415314,198.789218709233,1409.8345042356748,2077.598561183604,1030.1463966641259,2694.7780102487436,988.6082622107385,2485.6079446250515,993.9844019836046,2075.187407687875
1961-11-10,165.20910906054118,198.789218709233,381.39082943903065,408.67004857005657,1488.6079239492306,2694.7780102487436,1313.1685002267595,2485.6079446250515,1273.4307134694,2075.187407687875,1483.5721727993118,1782.100649539957
1961-11-11,375.0380629487697,408.67004857005657,528.2715124465615,564.271318364107,2139.79278621951,2485.6079446250515,1918.4849993994935,2075.187407687875,2077.8061742283753,1782.100649539957,2227.9821865585086,1607.908829532785
1961-11-12,531.5170694804126,564.271318364107,598.9936625100938,636.3929779219227,1998.7849514245863,2075.187407687875,2014.6384684766738,1782.100649539957,2132.503843373311,1607.908829532785,2197.982456767312,1656.399491843674
1961-11-13,605.7772717683175,636.3929779219227,667.4412136713822,700.0864675321681,1891.1531339867624,1782.100649539957,1902.6722812948733,1607.908829532785,1947.5663153098567,1656.399491843674,2007.5392366893868,1495.8147158734546
1961-11-14,678.6110682315352,700.0864675321681,496.84693503450086,522.9300073977986,1662.6485208670588,1607.908829532785,1669.494379438788,1656.399491843674,1724.1972854615187,1495.8147158734546,1540.6777209842617,1173.6795758763853
1961-11-15,500.54833433912387,522.9300073977986,592.0974258697202,610.1638198262516,1507.5443464035961,1656.399491843674,1544.3195178471433,1495.8147158734546,1331.6461191292658,1173.6795758763853,1419.5348784544208,1540.3129686665463
1961-11-16,585.553002141401,610.1638198262516,811.117677579724,852.5147719971101,1568.9550919337266,1495.8147158734546,1314.1116262186697,1173.6795758763853,1388.0122137574913,1540.3129686665463,1611.9264417353825,1974.6365297693417
1961-11-17,838.294171330867,852.5147719971101,786.5327742508434,795.124574260781,1170.3608510478023,1173.6795758763853,1293.1647488357044,1540.3129686665463,1517.2400252698446,1974.6365297693417,1461.5190434889646,2111.7668247278702
1961-11-18,775.1015655533463,795.124574260781,961.2804091204061,981.0651883471245,1227.6020761780842,1540.3129686665463,1434.379242863606,1974.6365297693417,1347.68331963073,2111.7668247278702,1530.3091280312728,2389.387267778862
1961-11-19,960.2383387664547,981.0651883471245,964.122846872495,1173.750897457166,1623.9673244452101,1974.6365297693417,1512.9337196081956,2111.7668247278702,1679.0592506158023,2389.387267778862,1680.2408053720262,2465.0432175647747
1961-11-20,965.553729188269,1173.750897457166,980.7365396307919,1231.8144109968275,1721.1823668732256,2111.7668247278702,1843.1291156180314,2389.387267778862,1829.97444885811,2465.0432175647747,1843.034436358551,2191.29456254483
1961-11-21,1113.9840404345607,1231.8144109968275,1087.7805137617806,1229.0047902819515,2090.0132864978514,2389.387267778862,2208.7611020970694,2465.0432175647747,2145.925082576846,2191.29456254483,2117.6849913851443,1585.688376432559
1961-11-22,1143.4612916558046,1229.0047902819515,1083.108143702357,981.8649994154277,2332.2232887218515,2465.0432175647747,2303.4375500625238,2191.29456254483,2214.442027041089,1585.688376432559,2152.4655549140016,2351.287146130099
1961-11-23,1116.7681307018622,981.8649994154277,1058.6720829106953,1035.670522977232,2291.406268973414,2191.29456254483,2216.426241655899,1585.688376432559,2105.207171340412,2351.287146130099,2045.4498161443048,4756.810355165387
1961-11-24,1085.738633491662,1035.670522977232,731.8562995535917,791.0310344490767,2038.2698793229097,1585.688376432559,2017.2014590520434,2351.287146130099,2128.189456499359,4756.810355165387,1770.8492578627565,4904.726749032254
1961-11-25,888.4765772935665,791.0310344490767,712.9273863878119,678.0793684674181,1550.3247940962722,2351.287146130099,2311.3150202304723,4756.810355165387,1981.348555085789,4904.726749032254,1787.5720681184964,4749.282178338297
1961-11-26,765.8443127510461,678.0793684674181,1480.778138932157,1352.5750074816235,2997.7112375786705,4756.810355165387,2765.6455896392035,4904.726749032254,2466.98551224836,4749.282178338297,3163.1083778720163,4795.486543892496
1961-11-27,1411.4483015906226,1352.5750074816235,1577.1731068526217,2144.550472463429,4143.065951532495,4904.726749032254,3510.707991688516,4749.282178338297,4061.427058048176,4795.486543892496,4219.10140007572,4693.772178093751
1961-11-28,1526.359345455019,2144.550472463429,1822.694765131341,2429.701819069004,3979.1233102764572,4749.282178338297,4225.385184675068,4795.486543892496,4252.410274633054,4693.772178093751,4543.295690525946,4980.418758126944
1961-11-29,2214.186485061178,2429.701819069004,2059.385340893738,2520.0234348403937,4646.77622970661,4795.486543892496,5027.005926577423,4693.772178093751,4992.307620561838,4980.418758126944,4835.011171959048,5497.568504415505
1961-11-30,2159.978825326111,2520.0234348403937,1983.8057316623106,2377.5799729063156,4922.1240142421975,4693.772178093751,4912.457305439548,4980.418758126944,4558.236899409198,5497.568504415505,4379.523174183241,5651.385103076929
1961-12-01,2165.794711571511,2377.5799729063156,1939.8209480414694,2226.82346408134,4540.253074438257,4980.418758126944,4423.358633475405,5497.568504415505,3999.755146199068,5651.385103076929,3770.7208595694156,5338.7425409520965
1961-12-02,2024.8987067329692,2226.82346408134,1790.869393999505,2080.0658501936005,4625.639803821229,5497.568504415505,4287.876822169499,5651.385103076929,3871.3625905287217,5338.7425409520965,3634.7131195707266,4989.284597147453
1961-12-03,1866.1725691253214,2080.0658501936005,1676.5003329866115,1921.5180716147324,4783.841209008619,5651.385103076929,4400.896694827576,5338.7425409520965,3979.897724216323,4989.284597147453,3788.5696820959665,5148.792400766495
1961-12-04,1752.4884035436853,1921.5180716147324,1570.1190115371855,1749.3074119732707,4851.984134247891,5338.7425409520965,4423.646257062401,4989.284597147453,4068.353359304323,5148.792400766495,3885.4277586361904,5019.302876266643
1961-12-05,1688.3727855788045,1749.3074119732707,1394.4489629760064,1534.2911493952229,4550.215464535902,4989.284597147453,4285.522646495247,5148.792400766495,4029.422483685198,5019.302876266643,3734.263439600022,4618.027420369246
1961-12-06,1375.1277732073768,1534.2911493952229,1329.6215132547125,1504.9592639652517,4363.731233462307,5148.792400766495,3979.6626235097,5019.302876266643,3560.3535993525775,4618.027420369246,3512.493260626146,4431.133158794151
1961-12-07,1382.3647170100126,1504.9592639652517,1318.8570694758464,1523.55824510916,4346.0898068617935,5019.302876266643,3883.8305739002235,4618.027420369246,3694.8084632388227,4431.133158794151,3630.0001564854297,4127.43368281177
1961-12-08,1352.738175680218,1523.55824510916,1280.81329438953,1556.4075712497045,4149.041396511266,4618.027420369246,3874.3619529466173,4431.133158794151,3688.195738763528,4127.43368281177,3615.4117694171946,4152.819449338749
1961-12-09,1371.7700102620965,1556.4075712497045,1345.4086740748212,1544.0330220721007,3976.9666286106394,4431.133158794151,3797.152088774976,4127.43368281177,3588.815309169935,4152.819449338749,3561.4303989757746,4188.371956303904
1961-12-10,1427.677239089026,1544.0330220721007,1347.7523295356586,1576.714868603218,3903.0570825677205,4127.43368281177,3693.1007178454265,4152.819449338749,3537.0383494786784,4188.371956303904,3456.2298194386494,4218.817034216252
1961-12-11,1392.8207893640172,1576.714868603218,1309.7497369068612,1571.7696237000664,3653.742795663813,4152.819449338749,3471.5028891448433,4188.371956303904,3294.168375378911,4218.817034216252,3209.671131557133,3947.8456776382973
1961-12-12,1390.2612994578355,1571.7696237000664,1314.2304646447417,1528.6651489182611,3653.3604515163433,4188.371956303904,3495.6877528701007,4218.817034216252,3284.090364762375,3947.8456776382973,3206.956150032108,4107.566398592129
1961-12-13,1394.8483910013179,1528.6651489182611,1301.1322050945616,1534.2761916981176,3705.297120843735,4218.817034216252,3525.830169558708,3947.8456776382973,3324.359767199976,4107.566398592129,3229.703381542689,4037.229141397969
1961-12-14,1363.3558098995718,1534.2761916981176,1273.4533569974385,1506.9393253873911,3716.9008629702143,3947.8456776382973,3506.2136903188075,4107.566398592129,3291.7947680637444,4037.229141397969,3201.1421697694177,3893.039406390698
1961-12-15,1347.346240163859,1506.9393253873911,1254.5253709750393,1479.906820765153,3682.4994036173343,4107.566398592129,3473.2542690823275,4037.229141397969,3262.43504303323,3893.039406390698,3169.0466991457442,3938.490781165683
1961-12-16,1321.0785933117977,1479.906820765153,1228.7140029191912,1351.5147847895487,3616.857829423273,4037.229141397969,3411.2515422003626,3893.039406390698,3200.0699678612455,3938.490781165683,3107.0204221543127,4332.957656824684
1961-12-17,1296.4335020153615,1351.5147847895487,1205.4403869831237,1299.719218321008,3536.4462555331415,3893.039406390698,3336.2096105094033,3938.490781165683,3129.278400506863,4332.957656824684,3037.6932554333,4970.148571057225
1961-12-18,1214.8110824186042,1299.719218321008,988.3941330660602,1189.8426873210867,3420.418254435742,3938.490781165683,3163.760684469811,4332.957656824684,3014.372684436323,4970.148571057225,2787.921376764846,5291.463039130375
1961-12-19,1096.9266871802035,1189.8426873210867,1008.6288899300373,1180.7435589967479,3384.0546187078694,4332.957656824684,3269.672234462048,4970.148571057225,3011.63901798769,5291.463039130375,2921.744714291701,5602.138884280408
1961-12-20,1043.5436920885018,1180.7435589967479,1023.0278556677762,1188.4975238905545,3818.8007620586714,4970.148571057225,3588.983996922435,5291.463039130375,3395.4720093894057,5602.138884280408,3372.167203034801,5252.569004735546
1961-12-21,1096.4632825382357,1188.4975238905545,1042.540070623724,1278.3895427569746,4274.977256943794,5291.463039130375,4020.990336857817,5602.138884280408,3858.4571057467606,5252.569004735546,3800.8315244942905,4905.180893406978
1961-12-22,1068.60842589181,1278.3895427569746,1152.05628659593,1381.3907760375178,4545.138439068375,5602.138884280408,4186.32859290268,5252.569004735546,3997.819814393468,4905.180893406978,4079.782855761025,4799.70748062729
1961-12-23,1265.8355093993212,1381.3907760375178,1323.5992572631067,1564.4223484232969,4705.684522998286,5252.569004735546,4439.470254506756,4905.180893406978,4362.934747947219,4799.70748062729,4420.417223893111,4752.903029426482
1961-12-24,1371.9331771897787,1564.4223484232969,1368.8683114983558,1701.352557951553,4536.005753195022,4905.180893406978,4313.468479045562,4799.70748062729,4246.352684921906,4752.903029426482,4243.090786402208,4709.265581510403
1961-12-25,1466.5633796552138,1701.352557951553,1401.6508462236966,1714.3811873378481,4299.053531740109,4799.70748062729,4198.955787058496,4752.903029426482,4050.9963742321224,4709.265581510403,3985.7601991286874,4618.428901707619
1961-12-26,1523.3704094823038,1714.3811873378481,1419.5430825852834,1739.429219361876,4319.684657279469,4752.903029426482,4190.835043886362,4709.265581510403,3966.4226968905614,4618.428901707619,3862.3319744794526,4604.133333559881
1961-12-27,1524.6978943718993,1739.429219361876,1401.6207000822353,1667.7162242063662,4274.31783949114,4709.265581510403,4075.2513858732855,4618.428901707619,3816.633367907249,4604.133333559881,3693.387098572915,4513.228744259614
1961-12-28,1503.4984989696063,1667.7162242063662,1376.0954360190565,1666.980025479821,4178.002383553319,4618.428901707619,3954.561961543659,4604.133333559881,3680.316673012163,4513.228744259614,3552.764258942756,4473.606896095394
1961-12-29,1471.27569403807,1666.980025479821,1341.7003583049493,1576.8028982615767,4097.039136349362,4604.133333559881,3854.0460370661117,4513.228744259614,3579.4803937051565,4473.606896095394,3449.6125777296256,4334.668358456366
1961-12-30,1431.3495952084545,1576.8028982615767,1309.7232623569912,1532.465271376771,4033.7782083279126,4513.228744259614,3783.015327794808,4473.606896095394,3510.881152398266,4334.668358456366,3389.0958153620722,4209.834478723778
1961-12-31,1392.2639033929336,1532.465271376771,1275.7457653879264,1472.3916726303728,3973.221988909626,4473.606896095394,3715.369251656426,4334.668358456366,3455.0287686834063,4209.834478723778,3338.5040280765807,4065.415339417488
1962-01-01,1355.3320526976465,1472.3916726303728,1241.4082147519525,1497.0292981733294,3891.102723322424,4334.668358456366,3639.8092006639954,4209.834478723778,3388.5796850096826,4065.415339417488,3274.7770375638183,4010.8845189704016
1962-01-02,1323.8053877345433,1497.0292981733294,1217.3641854393397,1423.5880070312094,3792.3598562041634,4209.834478723778,3558.345738978659,4065.415339417488,3313.7799582778907,4010.8845189704016,3207.3948279597334,4335.21036223343
1962-01-03,1294.0575510664441,1423.5880070312094,1192.721968770772,1399.8489826611478,3696.79220480426,4065.415339417488,3463.97158029365,4010.8845189704016,3231.436684422618,4335.21036223343,3130.1728311282095,8629.980053530602
1962-01-04,1269.6847634442527,1399.8489826611478,1169.6661497842892,1360.8741174216816,3589.06047537381,4010.8845189704016,3375.076151372465,4335.21036223343,3151.418060180539,8629.980053530602,3051.41994184327,12774.940227913257
1962-01-05,1246.9906421919325,1360.8741174216816,1148.7280115467952,871.3347391257541,3499.135735028307,4335.21036223343,3299.36395654892,8629.980053530602,3078.0325285713575,12774.940227913257,2979.7780285051704,16129.269857751135
1962-01-06,1221.77108149147,871.3347391257541,1075.6378887676608,857.8685553866791,3817.1614579798124,8629.980053530602,3642.493257907815,12774.940227913257,3440.871704580073,16129.269857751135,3295.7819755010905,14953.034448227603
1962-01-07,936.4762193581156,857.8685553866791,335.7528284615725,748.6008014747929,7186.181226154263,12774.940227913257,7119.276057548157,16129.269857751135,7006.246207141071,14953.034448227603,6395.961642259851,11638.307487202588
1962-01-08,405.81111176019215,748.6008014747929,398.2874343202508,1121.5839649632157,10722.905947004345,16129.269857751135,10499.80490043731,14953.034448227603,9476.68734394935,11638.307487202588,9442.922780386392,9463.635709303275
1962-01-09,668.833155954742,1121.5839649632157,1416.158759694302,1739.6912159137612,13683.073122039123,14953.034448227603,11545.068301363177,11638.307487202588,11104.78142492626,9463.635709303275,11848.874987915613,8832.42821509391
1962-01-10,1707.007501586328,1739.6912159137612,2187.735039005691,2736.844726308702,11378.233954255851,11638.307487202588,10306.697958994433,9463.635709303275,10608.463105476714,8832.42821509391,11092.115992588717,8755.63208851049
1962-01-11,2157.105234556047,2736.844726308702,2271.4455147358135,3124.285881615445,9426.032412755976,9463.635709303275,8948.697757942246,8832.42821509391,9189.551042340154,8755.63208851049,9306.91815355687,8383.596193052621
1962-01-12,2586.2811751764903,3124.285881615445,2346.2838012510488,3172.9152210662382,8170.92992627133,8832.42821509391,8382.204005188709,8755.63208851049,8098.69776445124,8383.596193052621,7860.413441088049,8783.43959270272
1962-01-13,2643.018592834791,3172.9152210662382,2303.751655416495,2671.3329743402737,8242.865906441937,8755.63208851049,8046.405561390782,8383.596193052621,7412.009447462954,8783.43959270272,7074.351694763287,10878.900932607648
1962-01-14,2511.0706185828135,2671.3329743402737,2158.762809893733,1626.666082792338,7886.811001145035,8383.596193052621,7316.548677056065,8783.43959270272,6629.393656755925,10878.900932607648,6278.208038326326,11205.386835804595
1962-01-15,2242.5228423601075,1626.666082792338,1591.0255876389517,1589.2266923543948,7302.374732039006,8783.43959270272,6638.487369360639,10878.900932607648,6209.552750908743,11205.386835804595,5557.819355669743,10115.475328814387
1962-01-16,1452.952882555089,1589.2266923543948,912.8260080403056,1944.8467164277192,7294.011990298083,10878.900932607648,6471.299603679569,11205.386835804595,5995.875337750327,10115.475328814387,5442.980816551354,8637.045303057788
1962-01-17,1036.1199505700777,1944.8467164277192,1869.5479215092666,2832.403166863498,8676.859754427021,11205.386835804595,7884.508192685442,10115.475328814387,7108.221029893126,8637.045303057788,7933.001095361058,8562.256464898695
1962-01-18,2432.878708626629,2832.403166863498,2690.2584593656925,3637.0866929733384,9189.608003877782,10115.475328814387,8656.481477572974,8637.045303057788,8898.679166991033,8562.256464898695,9154.701379919195,8810.611560114277
1962-01-19,2857.691169584413,3637.0866929733384,3031.024649002546,3936.5739745097926,8606.192882633648,8637.045303057788,8672.18961498201,8562.256464898695,8505.473885918293,8810.611560114277,8678.954037930067,8748.616130772185
1962-01-20,3365.212566532601,3936.5739745097926,2980.0774461265028,3777.8047199216726,8109.64880629664,8562.256464898695,8228.94337372069,8810.611560114277,7881.72908360998,8748.616130772185,7495.754165295924,9166.793819479703
1962-01-21,3227.170136598181,3777.8047199216726,2811.4282330876617,3424.8938482938142,8138.695648827075,8810.611560114277,8011.107310482705,8748.616130772185,7174.563363137933,9166.793819479703,6757.833277007568,10017.504594710761
1962-01-22,3340.0046294944477,3424.8938482938142,2670.3328448600137,3131.9993194573726,8099.218629249579,8748.616130772185,7654.508009398931,9166.793819479703,7132.821512375203,10017.504594710761,6463.468333094193,9698.785403899954
1962-01-23,3058.0794884088464,3131.9993194573726,2862.5868762801374,3525.5954905394174,7787.819857231427,9166.793819479703,7346.5427730060455,10017.504594710761,6828.012550236817,9698.785403899954,6623.356463542907,9403.543761595918
1962-01-24,2806.3551233842,3525.5954905394174,2784.9459408863995,3886.637299029405,8070.267883854383,10017.504594710761,7448.671517365025,9698.785403899954,6842.328441121222,9403.543761595918,6814.405628720022,9433.395626119027
1962-01-25,3081.4373644203642,3886.637299029405,2763.589580033372,3646.414779773144,8532.42064089591,9698.785403899954,8337.705921146866,9403.543761595918,7659.787618305938,9433.395626119027,7339.803386422565,9527.054707883606
1962-01-26,3062.360329381037,3646.414779773144,2860.455599154965,3404.250070160344,8867.33609987755,9403.543761595918,8533.818387255258,9433.395626119027,7600.193287566423,9527.054707883606,7397.660807535143,9281.53719849674
1962-01-27,3200.815826330674,3404.250070160344,2678.0439632641364,3276.5823885898076,8559.465532939237,9433.395626119027,7937.17379728187,9527.054707883606,7327.663408199793,9281.53719849674,6803.3482456687,8567.118634970131
1962-01-28,2628.2311728515115,3276.5823885898076,2438.27799267253,3164.404123721281,8152.060053609202,9527.054707883606,7428.091416275944,9281.53719849674,6485.882407712694,8567.118634970131,6294.661559742972,8035.4106771889365
1962-01-29,2687.4361533249894,3164.404123721281,2461.7338162610204,3171.947751731346,8119.451798361908,9281.53719849674,7377.261674400927,8567.118634970131,6737.785590747107,8035.4106771889365,6512.477313785557,7757.968213624986
1962-01-30,2668.669548676496,3171.947751731346,2447.8457089632107,3112.6165582174976,7880.81726005639,8567.118634970131,7366.234173977342,8035.4106771889365,6748.767002642031,7757.968213624986,6529.094230354975,7575.754105548164
1962-01-31,2663.043456064095,3112.6165582174976,2368.2532262172954,2944.2404931490064,7404.751383095965,8035.4106771889365,6993.199418559961,7757.968213624986,6372.377530750342,7575.754105548164,6077.926807727577,7170.031085962084
1962-02-01,2503.711795746607,2944.2404931490064,2203.7476937136225,2815.443055443127,7107.80889638298,7757.968213624986,6558.718685874459,7575.754105548164,5936.9783753070515,7170.031085962084,5637.226289332655,6729.587284529944
1962-02-02,2389.793016307269,2815.443055443127,2114.6094812138854,2775.501329066028,6706.388517313691,7575.754105548164,6264.637322944403,7170.031085962084,5621.427697351501,6729.587284529944,5346.446637126337,6596.436169286608
1962-02-03,2298.1270585857055,2775.501329066028,2035.186072808306,2599.3601586051973,6543.651710933604,7170.031085962084,6063.184321784018,6729.587284529944,5464.444904652259,6596.436169286608,5201.769845824721,6513.892337438647
1962-02-04,2212.716799023222,2599.3601586051973,1958.123801853839,2544.9421966628297,6217.1676161500445,6729.587284529944,5765.788051539211,6596.436169286608,5218.766737545395,6513.892337438647,4964.46171497278,6702.612763288073
1962-02-05,2285.3881618282667,2544.9421966628297,1895.5209592363906,2637.3963306270334,5867.484915470814,6596.436169286608,5536.730092824755,6513.892337438647,5163.710841793165,6702.612763288073,4774.416228419531,6428.417236285751
1962-02-06,2092.6778165464266,2637.3963306270334,1890.6419385047548,2562.1272677100687,5742.433712546259,6513.892337438647,5478.243277042409,6702.612763288073,4905.51712171568,6428.417236285751,4701.292657000447,6238.646410260686
1962-02-07,2084.532112529617,2562.1272677100687,1965.5521617054978,2623.585210175129,5791.067606111363,6702.612763288073,5481.385804531399,6428.417236285751,4902.035849714204,6238.646410260686,4782.215629508622,6213.709434840992
1962-02-08,2187.243494944729,2623.585210175129,1916.0768808853895,2707.34452675374,5919.869553602046,6428.417236285751,5611.701847163782,6238.646410260686,5129.58559106979,6213.709434840992,4858.091538100327,6235.743988331322
1962-02-09,2103.3944605829183,2707.34452675374,1978.77699407532,2501.3944571885536,5670.739984498414,6238.646410260686,5435.650467393065,6213.709434840992,4822.299345690424,6235.743988331322,4697.183804730532,6112.025184577764
1962-02-10,2203.4051057096863,2501.3944571885536,2005.1122073260622,2547.9079884151724,5628.52668608566,6213.709434840992,5336.500059916536,6235.743988331322,4841.732271508283,6112.025184577764,4642.925843358626,6007.022423341308
1962-02-11,2100.9061391184036,2547.9079884151724,1909.5191791493014,2582.620484237524,5535.650651680691,6235.743988331322,5146.049315107055,6112.025184577764,4669.9185041679975,6007.022423341308,4478.085169177567,5877.285280900274
1962-02-12,2113.218130447048,2582.620484237524,1918.7341901234213,2480.8613412108716,5372.1426280674095,6112.025184577764,5146.80925751172,6007.022423341308,4643.2504728500635,5877.285280900274,4448.483563849153,5794.878798886678
1962-02-13,2101.5606288603467,2480.8613412108716,1886.5295259015552,2422.114474388697,5472.8659404985465,6007.022423341308,5179.115722982011,5877.285280900274,4680.941062559819,5794.878798886678,4466.102847096405,5628.143048158016
1962-02-14,2045.580942281623,2422.114474388697,1824.0758070081456,2448.248522523767,5326.08694128065,5877.285280900274,5011.381182451454,5794.878798886678,4517.563049527398,5628.143048158016,4296.142415379365,5616.081266081388
1962-02-15,1988.3916933494238,2448.248522523767,1765.458930707919,2275.078392865841,5155.071763612974,5794.878798886678,4851.343907905989,5628.143048158016,4364.817815808474,5616.081266081388,4141.948933152643,5453.0903508861375
1962-02-16,1921.0293328572723,2275.078392865841,1708.385588804696,2207.435728632658,5085.915109877096,5628.143048158016,4774.161772467899,5616.081266081388,4292.730146019569,5453.0903508861375,4080.2365465551015,5254.782800988507
1962-02-17,1861.5965008437515,2207.435728632658,1659.9293014356713,2199.5169271317154,4954.166009511461,5616.081266081388,4638.261486652428,5453.0903508861375,4176.488839221779,5254.782800988507,3974.9448758250574,5107.5569320927325
1962-02-18,1807.0095815475775,2199.5169271317154,1610.3477505743263,2074.599272690311,4832.223010622745,5453.0903508861375,4530.71316310175,5254.782800988507,4084.59833585644,5107.5569320927325,3888.1223974949426,4931.69947195677
1962-02-19,1757.9946577459452,2074.599272690311,1568.3941054982492,2013.8825386939486,4778.738181971055,5254.782800988507,4477.642496110018,5107.5569320927325,4049.3598367376685,4931.69947195677,3860.065459431513,4810.638135981234
1962-02-20,1705.817208558765,2013.8825386939486,1525.525668001286,2066.5187559439682,4610.419485079723,5107.5569320927325,4318.00730971355,4931.69947195677,3907.9233856391784,4810.638135981234,3727.8268884991417,5074.9845292220025
1962-02-21,1657.0479518811899,2066.5187559439682,1485.178320171793,1899.9046683128704,4432.698884813607,4931.69947195677,4159.666910381426,4810.638135981234,3764.389769965366,5074.9845292220025,3592.650168382429,4932.937945425741
1962-02-22,1624.0952937496381,1899.9046683128704,1456.8297402807682,1873.875866090486,4330.991790836001,4810.638135981234,4076.7721598507915,5074.9845292220025,3699.8261016848155,4932.937945425741,3532.9746040379723,5239.54025980524
1962-02-23,1620.6914107921777,1873.875866090486,1445.0026962383572,1926.1655781774111,4253.399710246287,5074.9845292220025,4042.3578431850183,4932.937945425741,3687.7134968815503,5239.54025980524,3511.9722775975565,6140.095456831768
1962-02-24,1536.5638948695423,1926.1655781774111,1376.0046455430286,1758.5340365662628,4415.959490826509,4932.937945425741,4117.367253158188,5239.54025980524,3735.6924804038545,6140.095456831768,3575.5780274007593,8011.514693774438
1962-02-25,1507.1645218535714,1758.5340365662628,1366.0263476965135,1848.419237232837,4342.3050435085315,5239.54025980524,4061.9876041462408,6140.095456831768,3704.8793990808035,8011.514693774438,3564.3651064688743,9710.929350492588
1962-02-26,1500.7118408678205,1848.419237232837,1343.0942946195592,1855.3364241550587,4567.939599728064,6140.095456831768,4289.67665062549,8011.514693774438,3958.44617845978,9710.929350492588,3802.8207611493935,10230.177328855538
1962-02-27,1627.991832021826,1855.3364241550587,1369.1838095090548,1693.1376796795503,5207.743513077997,8011.514693774438,5048.915656931884,9710.929350492588,4779.78698732441,10230.177328855538,4523.354715681261,10273.317975781903
1962-02-28,1502.3523010111303,1693.1376796795503,1325.4883732345834,1661.415488748094,6855.253888657418,9710.929350492588,6489.0976640598365,10230.177328855538,6099.629532392996,10273.317975781903,5927.293665529241,9536.352990354015
1962-03-01,1441.0658206987202,1661.415488748094,1317.1852188255639,1814.9648448072644,8162.40823957057,10230.177328855538,7770.187580751011,10273.317975781903,7319.691155226461,9536.352990354015,7193.543775627095,8695.393746209887
1962-03-02,1434.5891656332437,1814.9648448072644,1278.9981961062654,1683.5695719850455,8695.880470172477,10273.317975781903,7873.365780361113,9536.352990354015,7430.54850220227,8695.393746209887,7273.764800206656,7787.834096954473
1962-03-03,1409.3723398692719,1683.5695719850455,1332.6436315922376,1797.3220336084212,8441.553076570035,9536.352990354015,7669.779893965979,8695.393746209887,7190.789274660952,7787.834096954473,7115.6444679046745,7339.834990895156
1962-03-04,1453.0934394568487,1797.3220336084212,1385.2745997284744,1707.3766078520011,7919.056146646645,8695.393746209887,7191.522928515264,7787.834096954473,6802.128276568248,7339.834990895156,6736.617085260194,6805.737524156779
1962-03-05,1481.1122062702495,1707.3766078520011,1401.647166444288,1811.7913997820565,7154.2282514378185,7787.834096954473,6541.432992108306,7339.834990895156,6207.742697710236,6805.737524156779,6130.6240450693,7444.964637887996
1962-03-06,1529.8799698209386,1811.7913997820565,1422.5773934632257,1961.8016880590415,6567.821729197272,7339.834990895156,6116.479827956651,6805.737524156779,5784.055653636576,7444.964637887996,5678.829342213427,6897.825862092228
1962-03-07,1558.8244533105417,1961.8016880590415,1426.2615865789012,1856.2265953140563,6207.468829357436,6805.737524156779,5810.693296980307,7444.964637887996,5456.500721408046,6897.825862092228,5325.630543335738,6894.136410277101
1962-03-08,1559.964643984162,1856.2265953140563,1404.8355305230957,1942.6319540467175,5944.146162178038,7444.964637887996,5558.32801661667,6897.825862092228,5177.548117642371,6894.136410277101,5023.858265408424,8511.264033845126
1962-03-09,1541.108950002957,1942.6319540467175,1370.6757920284936,1811.9615180058927,6337.970853738911,6897.825862092228,5882.488355234071,6894.136410277101,5472.474817129816,8511.264033845126,5304.642121409983,10215.507938155948
1962-03-10,1542.2803064974003,1811.9615180058927,1338.1841618135027,1815.0859088254865,5860.530245798454,6894.136410277101,5494.4884130706305,8511.264033845126,5088.645645927523,10215.507938155948,4886.572936132566,13600.490713233694
1962-03-11,1517.2930748737986,1815.0859088254865,1286.0805901070319,1909.0736421990416,5961.660065244694,8511.264033845126,5589.495282433269,10215.507938155948,5170.848047480803,13600.490713233694,4940.88025676117,16049.783426740732
1962-03-12,1467.549129152378,1909.0736421990416,1206.7199627576097,1898.7664263600032,7169.490608305891,10215.507938155948,6772.036414859788,13600.490713233694,6318.624339176835,16049.783426740732,6060.515817640188,15472.519351256418
1962-03-13,1540.9980340094708,1898.7664263600032,1304.5963644541014,2292.5623927550996,8621.239262723604,13600.490713233694,8458.158546331148,16049.783426740732,7919.295289619533,15472.519351256418,7675.241304666462,14990.164690861298
1962-03-14,1571.586231823671,2292.5623927550996,1355.6507219122273,2534.2517064457834,11797.482422333334,16049.783426740732,11187.879089852067,15472.519351256418,10401.034445689258,14990.164690861298,10170.977584194992,13994.612632653
1962-03-15,1757.4753456787207,2534.2517064457834,1619.481080847096,3184.0725165533568,13367.776830702318,15472.519351256418,12305.208256072154,14990.164690861298,11479.919533885572,13994.612632653,11336.39336718441,13504.544451025546
1962-03-16,2194.8883127830695,3184.0725165533568,1968.7441153994162,3646.703127949427,12894.399069069224,14990.164690861298,12126.850725060443,13994.612632653,11385.796160578462,13504.544451025546,11154.520880103471,12707.685536205187
1962-03-17,2513.8465193453458,3646.703127949427,2267.8978776759736,4191.202179942119,12571.823298010237,13994.612632653,11980.17595277769,13504.544451025546,11050.266727037948,12707.685536205187,10801.223381874779,12692.455074762898
1962-03-18,2915.5106808510727,4191.202179942119,2556.780531819618,4480.373938360584,12173.518248170303,13504.544451025546,11716.453166936288,12707.685536205187,10612.543291445187,12692.455074762898,10252.945546760679,13382.096207895842
1962-03-19,3202.893176437343,4480.373938360584,2774.2766592225234,4566.849628451604,11816.834372316524,12707.685536205187,11299.872823259326,12692.455074762898,10137.242865315344,13382.096207895842,9709.989279729263,14368.834691625256
1962-03-20,3458.512523777562,4566.849628451604,2918.3602951815365,4964.018516181836,11336.458086308203,12692.455074762898,10979.644224137715,13382.096207895842,9708.833059499668,14368.834691625256,9168.188752027745,14206.754202426302
1962-03-21,3644.8813384976156,4964.018516181836,3057.2861775372166,5365.833663435222,11371.91212570251,13382.096207895842,10972.463682453317,14368.834691625256,9677.065724790564,14206.754202426302,9089.507408005464,13517.881886985831
1962-03-22,3749.305247742176,5365.833663435222,3441.603189111199,5836.688600477892,11894.739472135156,14368.834691625256,11544.123794868727,14206.754202426302,10074.702563873292,13517.881886985831,9762.505100709881,13303.067191446811
1962-03-23,4256.809401928452,5836.688600477892,3958.8538017212995,6073.4787507227065,12930.342588127463,14206.754202426302,12455.991673832337,13517.881886985831,11082.170049616387,13303.067191446811,10782.987433762522,13220.585412989993
1962-03-24,4683.6137672721015,6073.4787507227065,4154.692430603272,6162.866880129281,12727.28192082098,13517.881886985831,12340.527262512416,13303.067191446811,10966.728980078045,13220.585412989993,10439.294396146648,12883.742695994068
1962-03-25,4767.040505311993,6162.866880129281,4330.520272776818,6289.637828772028,12293.81072193677,13303.067191446811,11825.574667468778,13220.585412989993,10318.024893089369,12883.742695994068,9882.630158362486,12177.849193557246
1962-03-26,4943.01803066059,6289.637828772028,4604.050617964098,6488.63357971229,12072.334958487725,13220.585412989993,11536.223014726365,12883.742695994068,10132.780967630779,12177.849193557246,9794.302633925343,11682.78705438398
1962-03-27,5179.8249215607775,6488.63357971229,4794.700835675312,6532.687176747178,11933.703456758987,12883.742695994068,11448.633446216301,12177.849193557246,10178.139753344098,11682.78705438398,9793.678597482798,8682.810287827644
1962-03-28,5332.840348300567,6532.687176747178,4850.496884411074,6205.864368067084,11729.281972035591,12177.849193557246,11363.072439868378,11682.78705438398,10063.96257453361,8682.810287827644,9582.354478997466,6809.313422712263
1962-03-29,5341.542869922983,6205.864368067084,4819.783790725357,5114.058910787154,11559.881604969985,11682.78705438398,11077.278940511467,8682.810287827644,9753.665486427653,6809.313422712263,9232.588446103373,10813.6441065588
1962-03-30,5197.3160031197995,5114.058910787154,4657.362505207733,7734.850294785484,10793.118440908349,8682.810287827644,10107.65133565258,6809.313422712263,9000.507334516578,10813.6441065588,8461.813138703888,21227.19341605196
1962-03-31,5291.486487977559,7734.850294785484,5392.50195024863,18798.432672597668,8187.082937889764,6809.313422712263,7636.216663250107,10813.6441065588,7681.368064459427,21227.19341605196,7775.37166917661,32877.60931849091
1962-04-01,9224.804825258663,18798.432672597668,11244.002466354235,21308.751078634014,6544.667926567871,10813.6441065588,12671.407837955641,21227.19341605196,12825.977095095379,32877.60931849091,14781.582677668219,37077.72237608456
1962-04-02,16986.8308784684,21308.751078634014,17288.020644432378,17695.708414372573,16120.778306126227,21227.19341605196,27646.919627764604,32877.60931849091,23326.84626845635,37077.72237608456,23577.880019619814,33735.931356587345
1962-04-03,18735.709235965296,17695.708414372573,14695.57284809416,15146.876851196339,32674.240461371133,32877.60931849091,32150.69896188334,37077.72237608456,27786.813301157883,33735.931356587345,23735.36876330874,25860.95415962256
1962-04-04,13358.672621933132,15146.876851196339,10092.510646964794,11679.786941217299,33838.604294674675,37077.72237608456,27740.476688686227,33735.931356587345,22429.428517335175,25860.95415962256,19162.58471448553,20728.899951007115
1962-04-05,10538.779998455713,11679.786941217299,7947.258608490003,8346.994545891046,30418.949914845318,33735.931356587345,25755.786530583217,25860.95415962256,20664.019607127193,20728.899951007115,18080.139535923707,32754.327933627013
1962-04-06,8100.842224052489,8346.994545891046,6372.414815960281,8602.419541812416,27516.00390524944,25860.95415962256,22334.332277708076,20728.899951007115,18493.645803655992,32754.327933627013,16776.919781587145,28476.063885129806
1962-04-07,6820.318619975158,8602.419541812416,5236.2403189242805,10712.63884828275,20067.434852332815,20728.899951007115,16680.69655513359,32754.327933627013,14960.533912123743,28476.063885129806,13374.175594827191,27051.643094222345
1962-04-08,7091.989651194059,10712.63884828275,8343.017468564114,12813.252815770713,16481.948516773908,32754.327933627013,19032.207298470836,28476.063885129806,16269.16699304836,27051.643094222345,17444.684989659007,28443.63065525877
1962-04-09,10429.642570848742,12813.252815770713,10085.615143031198,12168.070019488074,30349.062193968322,28476.063885129806,29028.301123484944,27051.643094222345,27454.266512227958,28443.63065525877,27100.95086690052,28953.34718362566
1962-04-10,11033.766221240605,12168.070019488074,9130.969351547677,10599.606113852398,26619.530339953802,27051.643094222345,26012.64964629065,28443.63065525877,23365.277581549177,28953.34718362566,21460.862068001632,27828.097596748936
1962-04-11,9214.982493215106,10599.606113852398,7409.224190030542,10025.23626692636,25758.030663426885,28443.63065525877,22937.742852765372,28953.34718362566,19587.153505360624,27828.097596748936,17785.78705808382,24321.75316306432
1962-04-12,7844.388111871603,10025.23626692636,6433.661141501662,9520.16887796674,24041.27018655224,28953.34718362566,20834.497791661946,27828.097596748936,17932.795117713176,24321.75316306432,16529.973065192687,21721.771618506995
1962-04-13,7494.885841613173,9520.16887796674,6241.9448233224475,8693.62974999273,23193.68271062916,27828.097596748936,21317.882324500617,24321.75316306432,18580.433300343015,21721.771618506995,17331.878363418546,19939.654368835418
1962-04-14,7031.203841679098,8693.62974999273,6116.798456364449,8258.076108760426,23129.506835849905,24321.75316306432,21048.689989872673,21721.771618506995,18376.189427826972,19939.654368835418,17468.13768102731,18394.53967406108
1962-04-15,6680.172152339226,8258.076108760426,5536.297664684458,7501.203472245484,20329.00441254682,21721.771618506995,18126.16608219337,19939.654368835418,16049.188721349627,18394.53967406108,14910.579875562526,16428.563932667857
1962-04-16,6041.509144235926,7501.203472245484,4962.302381336749,6706.287725127586,17851.331601538288,19939.654368835418,16283.159529972416,18394.53967406108,14079.369148782349,16428.563932667857,13003.225845809244,14604.087163382968
1962-04-17,5360.091386334499,6706.287725127586,4472.394907744083,6155.112390318243,16667.65254249444,18394.53967406108,14840.114393878719,16428.563932667857,12801.573009451798,14604.087163382968,11918.11940422506,13280.935641269392
1962-04-18,4840.8846987013585,6155.112390318243,4046.6122873752183,5461.916862878625,15024.151979786835,16428.563932667857,13292.86207431428,14604.087163382968,11617.115422707164,13280.935641269392,10827.377165351274,12125.595465094375
1962-04-19,4473.661631322662,5461.916862878625,3562.4924828156313,4710.8124996915585,13297.009105549834,14604.087163382968,12073.720270014208,13280.935641269392,10580.930338194234,12125.595465094375,9671.161520973787,10902.013764866511
1962-04-20,3721.6155885864046,4710.8124996915585,2976.847600837661,4146.165792884487,12054.067345647542,13280.935641269392,10714.186264729153,12125.595465094375,9139.925091269279,10902.013764866511,8396.04299501866,9757.918769577613
1962-04-21,3197.416571112226,4146.165792884487,2782.3814957201357,3927.2425511503016,10743.520738165404,12125.595465094375,9369.70597029178,10902.013764866511,8053.124811382867,9757.918769577613,7639.505234589764,8770.01189530324
1962-04-22,3008.801427436638,3927.2425511503016,2823.0363429868803,3977.015706575552,9622.211248282674,10902.013764866511,8512.138987411161,9757.918769577613,7568.111838723511,8770.01189530324,7383.408791730722,8343.131049223897
1962-04-23,3051.563232833094,3977.015706575552,2892.1585981053504,4022.021931605628,8724.050767256118,9757.918769577613,7998.609923064051,8770.01189530324,7320.590458236993,8343.131049223897,7162.708703905453,8184.369389633023
1962-04-24,3172.293169115319,4022.021931605628,2823.650471414517,3927.0233803078645,8069.879713217748,8770.01189530324,7693.282273819152,8343.131049223897,7077.666650375529,8184.369389633023,6729.661793383026,8001.529878947244
1962-04-25,3060.146729822948,3927.0233803078645,2754.0343036235367,3855.278111236268,7570.810933433677,8343.131049223897,7242.560701707565,8184.369389633023,6468.9693521623485,8001.529878947244,6162.832109544695,7837.932580351233
1962-04-26,3010.622907821723,3855.278111236268,2666.3871112492025,3726.259760182157,7250.823952507042,8184.369389633023,6814.827100206521,8001.529878947244,6089.172807178176,7837.932580351233,5744.828854046664,7492.725414194049
1962-04-27,2909.034839325767,3726.259760182157,2592.6261493359525,3569.7950340784228,6997.958738290235,8001.529878947244,6611.461793379207,7837.932580351233,5851.3805785088625,7492.725414194049,5534.9127323896655,7125.125674530029
1962-04-28,2838.121653786935,3569.7950340784228,2476.8543665721973,3310.9045103932112,6870.345193160585,7837.932580351233,6434.523904376257,7492.725414194049,5728.04925905597,7125.125674530029,5366.8851131983265,6911.57294963331
1962-04-29,2680.667844143256,3310.9045103932112,2305.671116842962,2984.742955278993,6678.460201265101,7492.725414194049,6228.225116987452,7125.125674530029,5514.746315250288,6911.57294963331,5139.973617580628,7106.473036812853
1962-04-30,2492.3312913604614,2984.742955278993,1994.0088236528227,2732.761909903509,6367.938326026145,7125.125674530029,5864.228125374558,6911.57294963331,5198.168759283414,7106.473036812853,4699.942129355884,6624.399001733811
1962-05-01,2098.5291212021184,2732.761909903509,1641.701788034451,2516.064513802013,5985.4397031951885,6911.57294963331,5414.371555448559,7106.473036812853,4661.5459665989465,6624.399001733811,4204.510195385701,6407.9230608711605
1962-05-02,1865.5074398792408,2516.064513802013,1721.8307870775184,2498.378286428983,5706.710607696468,7106.473036812853,5205.540930631567,6624.399001733811,4461.050985705074,6407.9230608711605,4318.042846578086,5832.180572205962
1962-05-03,2002.3388037551185,2498.378286428983,1775.0460294023294,2393.7631066744507,5872.9790280044035,6624.399001733811,5395.931900234447,6407.9230608711605,4966.0854254072965,5832.180572205962,4738.978350832824,5504.724151206459
1962-05-04,1892.9925590044243,2393.7631066744507,1814.836055185258,2352.216643175934,5531.409604016051,6407.9230608711605,5209.414262554355,5832.180572205962,4673.032049462741,5504.724151206459,4595.423791474152,5382.807076480951
1962-05-05,1982.6969446448254,2352.216643175934,1776.7477130902505,2390.9655074560033,5476.520540003757,5832.180572205962,5075.640938657387,5504.724151206459,4730.0109836319325,5382.807076480951,4524.937959316825,5194.198054358444
1962-05-06,1878.5191756124923,2390.9655074560033,1678.8986034192287,2341.6601351199593,4963.902959896849,5504.724151206459,4684.26290082254,5382.807076480951,4271.055665179191,5194.198054358444,4071.7407987512556,5056.376425403668
1962-05-07,1881.5857869212628,2341.6601351199593,1663.0917890783617,2268.6900886922585,4765.7740154419,5382.807076480951,4586.345912921464,5194.198054358444,4129.933073787759,5056.376425403668,3911.601907977026,5082.798753985374
1962-05-08,1851.1197746472526,2268.6900886922585,1628.0552825799116,2211.049873797954,4754.602832371188,5194.198054358444,4501.658168047918,5056.376425403668,4062.2148019170477,5082.798753985374,3839.8812344672833,5010.797905175288
1962-05-09,1788.907291057239,2211.049873797954,1567.1286018222768,2102.187320295783,4547.290581894468,5056.376425403668,4300.945055641096,5082.798753985374,3850.562336144523,5010.797905175288,3628.116109915666,4860.1434162987125
1962-05-10,1702.2877423285327,2102.187320295783,1510.301688876837,2022.0123486069526,4427.3205226650025,5082.798753985374,4153.135024574327,5010.797905175288,3693.112090919467,4860.1434162987125,3500.851422888417,4708.679893935564
1962-05-11,1647.158055354318,2022.0123486069526,1466.2848173769394,1957.364834018854,4409.833851789629,5010.797905175288,4098.084504949952,4860.1434162987125,3688.7505895864756,4708.679893935564,3507.92740875293,4561.814682360172
1962-05-12,1593.3259375024265,1957.364834018854,1416.1055696670803,1887.2711696958552,4294.345550217007,4860.1434162987125,4017.171958280188,4708.679893935564,3629.5401336317263,4561.814682360172,3452.4218389531775,4409.80982093133
1962-05-13,1543.9901122364495,1887.2711696958552,1370.6044813447954,1818.9345536081437,4189.074004819664,4708.679893935564,3928.6729003254304,4561.814682360172,3552.286958519806,4409.80982093133,3379.057953743382,4268.904207363202
1962-05-14,1491.230860562107,1818.9345536081437,1317.4368599990128,1750.5673712166938,4071.1547275989124,4561.814682360172,3810.8564147342045,4409.80982093133,3449.3278170087187,4268.904207363202,3275.7902062244266,4155.358574800381
1962-05-15,1436.1891511413824,1750.5673712166938,1274.0560929439387,1697.7766898620096,3940.7539021712137,4409.80982093133,3690.126803663091,4268.904207363202,3337.979025968824,4155.358574800381,3176.024427439736,4060.7151408006316
1962-05-16,1392.8870311987612,1697.7766898620096,1236.6084158833346,1651.227064178422,3813.424076747534,4268.904207363202,3570.4255121298493,4155.358574800381,3242.668327163683,4060.7151408006316,3086.808587215338,3948.7125962277596
1962-05-17,1355.4903347546642,1651.227064178422,1213.1068646466294,1483.8946726401907,3693.2288515118553,4155.358574800381,3481.8069297423117,4060.7151408006316,3160.6357575907186,3948.7125962277596,3018.1580409097355,3705.1744715248897
1962-05-18,1311.4753555047205,1483.8946726401907,1169.3301917068127,1542.9094672387798,3619.0889363807655,4060.7151408006316,3402.079773351527,3948.7125962277596,3079.786212586958,3705.1744715248897,2937.6465982050286,3733.2397069397266
1962-05-19,1273.80306070066,1542.9094672387798,1135.6651545012887,1507.435874729591,3530.7671018622846,3948.7125962277596,3303.892984792468,3705.1744715248897,2999.7938283121493,3733.2397069397266,2861.8276397696536,3707.6393167026117
1962-05-20,1246.208434108702,1507.435874729591,1099.7604604889843,1486.8374987796944,3422.0899493779248,3705.1744715248897,3206.289179103862,3733.2397069397266,2927.806821902737,3707.6393167026117,2781.569875737754,3626.071816869278
1962-05-21,1210.0150883700844,1486.8374987796944,1064.6485043262414,1424.2965620274094,3312.9244515718774,3733.2397069397266,3139.48247084418,3707.6393167026117,2854.8736106778906,3626.071816869278,2709.3132259038166,3543.15466904068
1962-05-22,1172.1703300273932,1424.2965620274094,1054.4836779097689,1372.7863806093994,3271.860038719789,3707.6393167026117,3086.4163910018215,3626.071816869278,2785.2404864367218,3543.15466904068,2667.765541881802,3520.913368780655
1962-05-23,1150.9728130828225,1372.7863806093994,1025.7192040505875,1347.6114544110053,3235.1004452524157,3626.071816869278,3019.918890925127,3543.15466904068,2757.875879090737,3520.913368780655,2632.9247944499057,3575.7381420166203
1962-05-24,1140.100020216794,1347.6114544110053,1006.4820583085336,1218.4865458643403,3136.709319534214,3543.15466904068,2951.659248625884,3520.913368780655,2727.4631649323856,3575.7381420166203,2594.014051762987,3250.1223552037995
1962-05-25,1067.8270371376134,1218.4865458643403,964.0443445761098,1265.4623061351174,3085.4201950935003,3520.913368780655,2910.6066735482113,3575.7381420166203,2630.402675508337,3250.1223552037995,2526.7392916546596,3245.6338240938194
1962-05-26,1064.1385679570299,1265.4623061351174,949.246950667716,1226.8628559654821,3071.4290764450625,3575.7381420166203,2885.0697397366293,3250.1223552037995,2633.3087501883656,3245.6338240938194,2518.8478485039595,3132.495402068568
1962-05-27,1020.2902826089999,1226.8628559654821,914.6962857785724,1191.69508156629,3101.985770120172,3250.1223552037995,2881.2785996047187,3245.6338240938194,2646.1778679706113,3132.495402068568,2541.2806368157253,3051.910329870405
1962-05-28,994.1570956227558,1191.69508156629,890.0555020956181,1148.9738776793538,2919.7136513980777,3245.6338240938194,2737.4597189129317,3132.495402068568,2514.2360220051587,3051.910329870405,2410.6855800371955,2969.5567491648585
1962-05-29,966.8564492773393,1148.9738776793538,866.9895086338372,1089.818296499178,2809.810146000119,3132.495402068568,2638.797294923974,3051.910329870405,2422.0667530510405,2969.5567491648585,2322.6898805345672,2861.46895669718
1962-05-30,937.2940490984499,1089.818296499178,841.0556537573733,1114.541085327802,2718.7589989647804,3051.910329870405,2546.1705071594256,2969.5567491648585,2341.3132493347916,2861.46895669718,2245.73303581621,2816.6658139385613
1962-05-31,906.6465973189527,1114.541085327802,819.7940936292092,1116.4112923939954,2642.456492798503,2969.5567491648585,2471.644857848931,2861.46895669718,2279.046696511742,2816.6658139385613,2192.851387143274,2763.800047767261
1962-06-01,918.1954678709457,1116.4112923939954,816.2388436184111,1071.4899513850125,2569.100622714804,2861.46895669718,2455.944380788339,2816.6658139385613,2263.169688942449,2763.800047767261,2161.87469909553,2707.202429853881
1962-06-02,899.5885748302043,1071.4899513850125,803.7993470297195,941.1441444812847,2542.8911523114944,2816.6658139385613,2425.2750720645013,2763.800047767261,2210.479955013474,2707.202429853881,2115.3387823961134,2639.24073893976
1962-06-03,873.8996763709874,941.1441444812847,781.4071171254687,976.2873203535235,2492.1553745778656,2763.800047767261,2333.172441526315,2707.202429853881,2136.5148163829076,2639.24073893976,2044.623725277288,3063.7286306165342
1962-06-04,836.6002297361682,976.2873203535235,751.8176623664536,936.7468809068764,2405.6029676245944,2707.202429853881,2241.5859390217297,2639.24073893976,2060.9418843706158,3063.7286306165342,1976.7364421415289,3820.0967282433094
1962-06-05,808.542831627404,936.7468809068764,729.1510611363061,901.9671778116206,2343.838199859406,2639.24073893976,2194.6249402809394,3063.7286306165342,2025.1226713465546,3820.0967282433094,1946.3806871659683,2991.826698862634
1962-06-06,814.0237962500973,901.9671778116206,688.3579835091066,874.585480142297,2356.2921589469343,3063.7286306165342,2202.8402803002164,3820.0967282433094,2074.906643258608,2991.826698862634,1949.9908400916274,2588.5081514710046
1962-06-07,707.6650540735371,874.585480142297,676.7068550634149,873.8609726049176,2618.18841689912,3820.0967282433094,2453.794256702269,2991.826698862634,2228.601939692643,2588.5081514710046,2198.857735972669,2515.43772905027
1962-06-08,760.3454896340872,873.8609726049176,682.8192574963377,855.9120821548086,3217.524248763809,2991.826698862634,2953.7698768916835,2588.5081514710046,2817.566179845008,2515.43772905027,2742.453882198062,2528.564105503672
1962-06-09,732.4415190804074,855.9120821548086,664.5799451106702,826.5739511031848,2560.169432976736,2588.5081514710046,2410.258803871299,2515.43772905027,2252.6265098098506,2528.564105503672,2186.076824386094,3140.751503367913
1962-06-10,723.7025866558483,826.5739511031848,658.4874872096148,781.4661833526042,2267.8659269038417,2515.43772905027,2132.70625711733,2528.564105503672,1987.4283227587484,3140.751503367913,1923.2326513492867,3424.9409146669454
1962-06-11,712.8370155239824,781.4661833526042,647.185517299191,813.593154227535,2195.021001462428,2528.564105503672,2065.4090268778727,3140.751503367913,1926.8019259103598,3424.9409146669454,1862.1056523491152,2898.849673716874
1962-06-12,695.9106949255372,813.593154227535,618.829268457338,859.919631138985,2215.5125942331015,3140.751503367913,2045.689197588822,3424.9409146669454,1942.9715906900938,2898.849673716874,1866.9795403479034,2701.593498760395
1962-06-13,686.9861241510822,859.919631138985,615.8648674701614,781.2660616819437,2680.905218355292,3424.9409146669454,2543.2006425487884,2898.849673716874,2388.1972918690385,2701.593498760395,2319.018075420056,2716.6979455405444
1962-06-14,710.3813177618151,781.2660616819437,632.2865870470721,755.136877933701,2935.4852829203564,2898.849673716874,2784.6976577968967,2701.593498760395,2602.2757256772256,2716.6979455405444,2526.5638297859477,2654.745799991778
1962-06-15,668.7634276972362,755.136877933701,599.8065314742039,732.9405597655525,2553.1977436463276,2701.593498760395,2342.5784542826445,2716.6979455405444,2191.3697586678977,2654.745799991778,2123.86133744701,2500.1592134926536
1962-06-16,643.4704692494561,732.9405597655525,579.8295982892244,699.2531971300539,2303.406425714027,2716.6979455405444,2131.0720040250444,2654.745799991778,1992.6034635735823,2500.1592134926536,1930.2839990126427,2415.571531441498
1962-06-17,627.7771403211193,699.2531971300539,567.3735802352631,687.4118948552587,2327.511215592328,2654.745799991778,2164.5844851828406,2500.1592134926536,2031.968978257952,2415.571531441498,1972.9021225051697,2428.1757034439706
1962-06-18,610.4431488552134,687.4118948552587,553.2110160806866,670.371411028279,2278.4967919607716,2500.1592134926536,2118.101080304226,2415.571531441498,1993.161325017596,2428.1757034439706,1937.260409380673,2274.9871704111792
1962-06-19,596.0242973559733,670.371411028279,540.984603785884,649.0162521368698,2160.783425746649,2415.571531441498,2015.5484884686348,2428.1757034439706,1897.8394743328622,2274.9871704111792,1844.191867905548,2193.824275756596
1962-06-20,583.1543317709251,649.0162521368698,529.7461641191944,650.1842051233726,2091.8396122039053,2428.1757034439706,1955.1841790328256,2274.9871704111792,1842.195193980152,2193.824275756596,1790.1001922398796,2195.9434557038103
1962-06-21,572.1004184460421,650.1842051233726,520.378584856041,607.0242009031701,2094.191025059701,2274.9871704111792,1957.997422446727,2193.824275756596,1846.779819872177,2195.9434557038103,1796.4533253091913,2245.2139657809366
1962-06-22,566.8663376918278,607.0242009031701,515.2818259608475,575.6648243756578,1973.7308642239561,2193.824275756596,1856.2729402721598,2195.9434557038103,1747.8555974020992,2245.2139657809366,1697.5072354556164,2118.5625366079976
1962-06-23,529.86825208903,575.6648243756578,486.6366440947834,655.7678645433274,1944.768691492411,2195.9434557038103,1793.8957956892787,2245.2139657809366,1691.334513420345,2118.5625366079976,1649.2961707456166,2333.8234702492123
1962-06-24,559.8237049858783,655.7678645433274,452.2129919982709,809.044565226011,1882.9718540862903,2245.2139657809366,1755.8969405608727,2118.5625366079976,1705.2011154253905,2333.8234702492123,1598.7571875016447,2152.202659508131
1962-06-25,538.1621528384419,809.044565226011,491.3111301962794,733.1330244832923,1928.8289604853887,2118.5625366079976,1887.6737509498691,2333.8234702492123,1741.6110046006615,2152.202659508131,1696.0719281396832,2018.0927980691556
1962-06-26,661.1835227720753,733.1330244832923,529.7325157105901,606.0574521141326,1927.1912155764544,2333.8234702492123,1982.7992016684348,2152.202659508131,1799.637857249912,2018.0927980691556,1669.366313835973,1974.497573005447
1962-06-27,555.9097694610272,606.0574521141326,547.936429192334,570.3088049104538,2193.284046793623,2152.202659508131,1990.460606414354,2018.0927980691556,1785.4378976196806,1974.497573005447,1778.8681645819115,2055.179267858909
1962-06-28,568.2377239165515,570.3088049104538,514.6057105836829,644.1566898406317,1868.8325868511201,2018.0927980691556,1651.5397128924235,1974.497573005447,1589.0636273555342,2055.179267858909,1536.3759864601525,2104.9337935918616
1962-06-29,512.2392594712966,644.1566898406317,478.0162006310962,639.2304356105155,1672.861194004252,1974.497573005447,1559.6866072755593,2055.179267858909,1472.23704177317,2104.9337935918616,1438.8372000999252,2019.7019522304354
1962-06-30,560.3781510648548,639.2304356105155,532.6326381968987,602.3178001364995,1705.76177169117,2055.179267858909,1684.312953764745,2104.9337935918616,1576.3178832289605,2019.7019522304354,1549.5340242714844,1974.5966833762081
1962-07-01,580.865401199168,602.3178001364995,539.451085469688,566.5672253144794,1865.6313798431838,2104.9337935918616,1765.0414704583861,2019.7019522304354,1676.464073080277,1974.5966833762081,1636.2070281779893,1907.3334681289837
1962-07-02,547.1491693671923,566.5672253144794,492.608863797887,557.4733057096782,1846.4069244454718,2019.7019522304354,1705.6251042961949,1974.5966833762081,1625.7780878253336,1907.3334681289837,1572.3713392422546,1855.6381651890965
1962-07-03,506.0513169179154,557.4733057096782,451.70961064354674,556.644288006023,1757.3558218866988,1974.5966833762081,1632.8374906702584,1907.3334681289837,1543.6841836245494,1855.6381651890965,1490.3984300930033,1776.9285906119896
1962-07-04,485.41214398528336,556.644288006023,434.34736723184477,559.0508605595774,1696.6717241402719,1907.3334681289837,1592.8164693642439,1855.6381651890965,1497.325139869814,1776.9285906119896,1447.2725295520445,1759.799984708396
1962-07-05,483.32918204512634,559.0508605595774,433.25683768624816,542.1808426066507,1657.1825148666028,1855.6381651890965,1572.7907404393661,1776.9285906119896,1472.4144377576126,1759.799984708396,1423.317678756393,1708.37407949708
1962-07-06,480.4660750395752,542.1808426066507,431.28389618867965,523.2212125941384,1625.458455088085,1776.9285906119896,1539.4779979354012,1759.799984708396,1438.6001937013484,1708.37407949708,1390.339951160761,1663.5578431002186
1962-07-07,469.89123189314455,523.2212125941384,423.14881799964763,496.9133213432825,1581.7278206331384,1759.799984708396,1487.33761889498,1708.37407949708,1390.7100579422815,1663.5578431002186,1344.8212397993707,1654.8954554685215
1962-07-08,455.36335711482513,496.9133213432825,411.90512465917936,488.27807351790545,1530.1573160832897,1708.37407949708,1433.3225521104687,1663.5578431002186,1343.0735935510284,1654.8954554685215,1300.4091001562601,1629.4310973692814
1962-07-09,449.5051513755037,488.27807351790545,397.8412748512604,499.62155267439965,1481.278091282693,1663.5578431002186,1376.6238089375402,1654.8954554685215,1311.7996280598963,1629.4310973692814,1260.8874368547295,1621.4709548986198
1962-07-10,421.2175168642839,499.62155267439965,382.7883470976435,506.730210841568,1428.5238931421286,1654.8954554685215,1349.925436647126,1629.4310973692814,1264.0365942662866,1621.4709548986198,1226.3294669555476,1617.1835303161981
1962-07-11,430.96994429347717,506.730210841568,390.78640388876175,480.87262249569284,1433.666474229432,1629.4310973692814,1370.5143887115644,1621.4709548986198,1284.3995949607342,1617.1835303161981,1244.9760296051345,1580.649508309758
1962-07-12,417.0894110886648,480.87262249569284,379.55328915940146,477.1120980377249,1448.5136404805035,1621.4709548986198,1353.9038659981566,1617.1835303161981,1274.8021612429038,1580.649508309758,1238.0486834774574,1511.1519691387587
1962-07-13,401.7789067014555,477.1120980377249,368.19023206703747,482.7299288838399,1392.6266541775144,1617.1835303161981,1297.7975688065665,1580.649508309758,1228.3357322791558,1511.1519691387587,1195.473913873951,1516.9781251961367
1962-07-14,396.832650864852,482.7299288838399,377.9268565852343,458.1859087167581,1357.5511271498758,1580.649508309758,1283.2404565324641,1511.1519691387587,1213.8567294097488,1516.9781251961367,1195.6696568210618,1469.5129509236501
1962-07-15,412.8835174133851,458.1859087167581,368.94896133586616,444.485528941013,1343.1889996045065,1511.1519691387587,1279.145854564623,1516.9781251961367,1221.4312394105764,1469.5129509236501,1178.2088013053485,1469.994785686541
1962-07-16,375.9420198974754,444.485528941013,337.6648548194481,386.38199002092097,1313.4829551351067,1516.9781251961367,1222.5053011369182,1469.5129509236501,1153.9595591484574,1469.994785686541,1116.340191572005,1405.193238280667
1962-07-17,361.5797169398033,386.38199002092097,330.47276739570657,433.8188011734322,1268.2125564321718,1469.5129509236501,1189.9308208989328,1469.994785686541,1122.0466868437663,1405.193238280667,1091.5730337881935,1414.2715897670396
1962-07-18,319.4077483017054,433.8188011734322,298.11845387978144,425.54172742212916,1234.1972582178355,1469.994785686541,1113.333697770276,1405.193238280667,1062.692177735561,1414.2715897670396,1042.0101953344013,1438.7801688922368
1962-07-19,393.31493901286456,425.54172742212916,332.9659549043818,448.8635592844754,1202.2979235935618,1405.193238280667,1184.2217799290938,1414.2715897670396,1160.8261477706933,1438.7801688922368,1101.1472606909929,1330.953132290327
1962-07-20,325.1265990503096,448.8635592844754,292.18413242214905,413.56745960065757,1225.4742279599077,1414.2715897670396,1153.7836325100243,1438.7801688922368,1071.8191071935603,1330.953132290327,1039.5112980896379,1350.5641361197372
1962-07-21,351.7483520596352,413.56745960065757,325.6608592286294,370.0364905589159,1184.90396539879,1438.7801688922368,1147.6961494747334,1330.953132290327,1070.5080972618646,1350.5641361197372,1045.005435433585,1286.384240533059
1962-07-22,339.6441822151017,370.0364905589159,313.0275633674128,388.61191881983257,1230.9837180775285,1330.953132290327,1132.8784820917322,1350.5641361197372,1079.6548649585627,1286.384240533059,1053.6785346673519,1228.0871524728009
1962-07-23,301.99551884540585,388.61191881983257,281.62403851808097,377.67026395996623,1107.8105325102144,1350.5641361197372,1009.8380879598994,1286.384240533059,964.4246784067309,1228.0871524728009,944.5394809316,1324.0190074828897
1962-07-24,333.0162962801984,377.67026395996623,296.95915068502467,372.2867592886072,1087.2005396792522,1286.384240533059,1048.8904960428044,1228.0871524728009,1016.7047648719147,1324.0190074828897,981.1895161172198,1328.5388407583348
1962-07-25,297.93752489116355,372.2867592886072,265.9260022139043,365.42435689422473,1087.739320985075,1228.0871524728009,1046.8360895329895,1324.0190074828897,991.4563268295401,1328.5388407583348,959.6990965795345,1317.9402431530607
1962-07-26,297.05622721706936,365.42435689422473,267.37955415332243,372.16251809395123,1055.3411780472225,1324.0190074828897,1086.3919536468552,1328.5388407583348,1003.9843938639956,1317.9402431530607,971.2668273783091,1313.250486143595
1962-07-27,284.69938562766276,372.16251809395123,278.81751067677936,360.92340827554887,1187.874805284321,1328.5388407583348,1022.7725703885496,1317.9402431530607,962.4477840456482,1313.250486143595,957.1027547642136,1250.2366433641862
1962-07-28,309.317907742958,360.92340827554887,283.36015747099316,358.9954082614188,1019.7739268464018,1317.9402431530607,967.4183799125698,1313.250486143595,932.2391741482386,1250.2366433641862,906.7221439981929,1186.9985126685867
1962-07-29,288.41830627337714,358.9954082614188,268.7944809371807,351.26918296348265,1088.6736377420684,1313.250486143595,1018.6843369746819,1250.2366433641862,974.4523862806479,1186.9985126685867,955.4167677725093,1186.1637652836412
1962-07-30,287.9865509392729,351.26918296348265,265.17892661160346,337.6968351882496,1068.3414632777283,1250.2366433641862,1009.4453677168838,1186.9985126685867,967.534417855856,1186.1637652836412,945.3113594464411,1172.6697654733298
1962-07-31,278.32414184495576,337.6968351882496,262.46127342292004,335.9730216846959,1024.3815101984956,1186.9985126685867,963.9903464943379,1186.1637652836412,921.1812860246924,1172.6697654733298,905.8349246628145,1147.7821644133392
1962-08-01,272.82554679356423,335.9730216846959,253.99050574594406,333.5178241346648,981.2905384868978,1186.1637652836412,917.7656935867001,1172.6697654733298,884.4243383239415,1147.7821644133392,866.0497554174481,1148.4515831404888
1962-08-02,267.1379217382599,333.5178241346648,244.18565038921435,323.89383675101215,955.646862203524,1172.6697654733298,905.2723542631513,1147.7821644133392,868.9224262612088,1148.4515831404888,846.4179429388657,1124.7426001680547
1962-08-03,259.20676957560715,323.89383675101215,242.77444467959364,320.68823945678895,952.0238178939603,1147.7821644133392,900.9926388111969,1148.4515831404888,859.986855468781,1124.7426001680547,844.007729499348,1050.670341300693
1962-08-04,256.0977151460248,320.68823945678895,240.18219067783875,320.468232375664,943.8239090140457,1148.4515831404888,886.0754865445438,1124.7426001680547,852.3966656676412,1050.670341300693,836.9322713174395,2065.873045484458
1962-08-05,253.06311840592042,320.468232375664,236.42911692052738,357.2165049566463,920.604957254729,1124.7426001680547,870.4637395491436,1050.670341300693,837.808984627826,2065.873045484458,821.6093621900329,1842.9304411075777
1962-08-06,250.95316699545862,357.2165049566463,234.57863312052277,415.36757796194354,904.5164664105451,1050.670341300693,858.4071031925744,2065.873045484458,824.7466048036902,1842.9304411075777,808.7908835961557,2019.8720455451792
1962-08-07,284.01941297533375,415.36757796194354,260.2060962187413,398.6686032174857,865.161535241593,2065.873045484458,961.6367849642302,1842.9304411075777,915.4916460452573,2019.8720455451792,890.2875016258555,1623.014307981766
1962-08-08,312.8893126375327,398.6686032174857,280.239490357426,345.13367652189925,1775.661449333663,1842.9304411075777,1631.8135429017877,2019.8720455451792,1545.700919984853,1623.014307981766,1514.3599980450156,1345.838248204179
1962-08-09,307.83158623786517,345.13367652189925,266.6367148534039,332.959190798077,1493.4821001483538,2019.8720455451792,1379.4448392937616,1623.014307981766,1317.9742328167863,1345.838248204179,1277.742266768277,1207.173329870875
1962-08-10,252.1433026821028,332.959190798077,232.3166166860114,317.465437516137,1616.2309946738333,1623.014307981766,1478.4683034382833,1345.838248204179,1400.6876007515716,1207.173329870875,1381.517842032327,1189.4161359391285
1962-08-11,251.0452026801927,317.465437516137,239.2250621100711,316.5564270566863,1289.667704480366,1345.838248204179,1188.055104679287,1207.173329870875,1135.740635493018,1189.4161359391285,1124.2492356654984,1203.6210686403615
1962-08-12,248.30008721294251,316.5564270566863,230.70630876410246,319.8870317045594,1073.286187743815,1207.173329870875,995.5240483985667,1189.4161359391285,959.3376013075188,1203.6210686403615,941.7357809734356,1241.78642890043
1962-08-13,241.7955323487,319.8870317045594,224.57825179793184,315.6573334954928,966.7353184847022,1189.4161359391285,909.7486833988987,1203.6210686403615,872.397928475894,1241.78642890043,855.3337421738014,1232.2135917291134
1962-08-14,242.9045976133806,315.6573334954928,227.0151549962008,307.12862005490626,944.7745936560575,1203.6210686403615,899.9643029608569,1241.78642890043,862.49039889909,1232.2135917291134,846.9190292740093,1249.0302371686935
1962-08-15,240.85995938979906,307.12862005490626,223.28405463875868,328.1504366833757,976.4392216733982,1241.78642890043,919.5488871776189,1232.2135917291134,882.8276795977754,1249.0302371686935,865.490993942454,1260.6686654329333
1962-08-16,232.98288792482168,328.1504366833757,217.15917235243876,354.1912655142282,985.1599769537386,1232.2135917291134,914.75169190168,1249.0302371686935,880.7553512656716,1260.6686654329333,865.449334029603,1185.6406085647984
1962-08-17,250.21221407986167,354.1912655142282,228.82044917236908,311.64694491283956,977.485797683263,1249.0302371686935,954.8574256712916,1260.6686654329333,917.1770233238333,1185.6406085647984,896.2673526868988,1166.3202640997395
1962-08-18,263.24179600079367,311.64694491283956,238.6353142715521,300.9255219149803,1020.0990684997871,1260.6686654329333,990.6298720098274,1185.6406085647984,936.643819434361,1166.3202640997395,912.5789970577907,1122.4673152216053
1962-08-19,232.68990547733324,300.9255219149803,215.62230611748063,297.7806001570861,1031.2979862453954,1185.6406085647984,929.2972593102143,1166.3202640997395,888.9720880810291,1122.4673152216053,872.3929572883244,1129.4561333267425
1962-08-20,226.14584551177006,297.7806001570861,210.72375579395754,286.6850918458782,916.6344762612367,1166.3202640997395,853.3271207225632,1122.4673152216053,820.2864950997302,1129.4561333267425,805.3436832154724,1107.389628522788
1962-08-21,226.7052041771168,286.6850918458782,211.54208249337137,284.73489385150936,907.406225104771,1122.4673152216053,859.5885754802346,1129.4561333267425,830.0929581157652,1107.389628522788,815.4015251332723,1122.5243691879816
1962-08-22,215.86959523984615,284.73489385150936,203.59373491002395,279.41696207461246,895.8484150982977,1129.4561333267425,840.4585395813604,1107.389628522788,809.4215269395738,1122.5243691879816,797.6001767826758,1104.672580496709
1962-08-23,215.54721258807788,279.41696207461246,202.35952375490984,274.791304254066,879.8292943746104,1107.389628522788,826.305524981668,1122.5243691879816,799.1372097123983,1104.672580496709,786.4097299975424,1103.5147255659845
1962-08-24,210.97992022368993,274.791304254066,198.73777889961937,272.39918421542995,874.5191249108457,1122.5243691879816,823.0884566709844,1104.672580496709,796.6260985539348,1103.5147255659845,784.8522171691741,516.922795705575
1962-08-25,207.3869010667679,272.39918421542995,196.16277612889337,269.66721998760147,872.9694401577374,1104.672580496709,821.9346685084246,1103.5147255659845,796.4788261365543,516.922795705575,785.7332028070305,883.0450782206672
1962-08-26,206.3271760144976,269.66721998760147,195.21085347017117,204.9351564127121,869.4761871418092,1103.5147255659845,820.5590982002166,516.922795705575,796.4903592955663,883.0450782206672,785.8583030325492,1922.4669883120453
1962-08-27,204.31047448998402,204.9351564127121,193.5545593865782,199.37003578554987,857.5645135548742,516.922795705575,809.432091609803,883.0450782206672,786.049399772502,1922.4669883120453,775.7620789523194,3300.811965940965
1962-08-28,265.06134726827776,199.37003578554987,249.2943617734531,708.4980083131364,401.3329103277082,883.0450782206672,376.76060210898515,1922.4669883120453,482.55528293244515,3300.811965940965,466.1482264391576,1912.772135681662
1962-08-29,399.50045788149407,708.4980083131364,228.51730057631488,549.7854021159238,658.4253257563516,1922.4669883120453,786.801109937609,3300.811965940965,904.4337533264054,1912.772135681662,731.6142250256449,1179.80537935092
1962-08-30,445.03691108280753,549.7854021159238,349.3609419340693,284.3116859782866,1674.250155759134,3300.811965940965,1951.8466730307484,1912.772135681662,1664.157710051239,1179.80537935092,1569.7714285861625,1001.7737188178728
1962-08-31,370.104212543996,284.3116859782866,405.66528368666883,297.2264389460953,3082.801644343622,1912.772135681662,2659.2980145003203,1179.80537935092,2466.0366591616125,1001.7737188178728,2504.9437155427604,1244.5107435928985
1962-09-01,301.26083888182677,297.2264389460953,271.1422362186536,379.93904048193457,1463.4142113981807,1179.80537935092,1118.140165937125,1001.7737188178728,1147.0916026453974,1244.5107435928985,1117.82734469551,1361.0374071543833
1962-09-02,344.3182400417383,379.93904048193457,252.63159557207535,519.4733030904458,744.9041550446682,1001.7737188178728,782.6304829160786,1244.5107435928985,849.7895554665433,1361.0374071543833,757.8291258570118,1380.1178139398075
1962-09-03,240.93054747050812,519.4733030904458,243.5983566368539,494.6391686058295,875.3782966974062,1244.5107435928985,920.6155560240862,1361.0374071543833,790.8741426029013,1380.1178139398075,792.7101567609475,1478.148803758365
1962-09-04,410.0072675431502,494.6391686058295,387.6010091639813,451.7708317706159,1102.9774979729223,1361.0374071543833,1154.79053125455,1380.1178139398075,1061.1049307804176,1478.148803758365,1038.5805229201103,1476.3038685238944
1962-09-05,397.42021453949087,451.7708317706159,364.643764630323,415.5069867825642,1225.1927898793142,1380.1178139398075,1115.6159789300393,1478.148803758365,1057.48851253675,1476.3038685238944,1025.1524424547208,1397.7351798984637
1962-09-06,366.33531510736793,415.5069867825642,325.86644569812097,396.0899775084165,1109.7794539280808,1478.148803758365,1034.614405221143,1476.3038685238944,988.5851093224484,1397.7351798984637,948.3645656937617,1365.7311198847956
1962-09-07,315.5720121251137,396.0899775084165,273.35996297576,382.7019383852277,1186.408170202023,1476.3038685238944,1085.135030386866,1397.7351798984637,1021.218299372678,1365.7311198847956,979.2604267628528,1345.6299722209928
1962-09-08,290.4497483411567,382.7019383852277,253.49747601772398,374.66986790727793,1152.7641785744768,1397.7351798984637,1067.8684975189126,1365.7311198847956,999.8306925327103,1345.6299722209928,963.372226541809,1320.9043783605498
1962-09-09,279.4592801001258,374.66986790727793,254.76826596656258,372.30938712023817,1109.9814266265294,1365.7311198847956,1039.6834866956283,1345.6299722209928,974.8649768843161,1320.9043783605498,950.7405111911039,1300.487580846533
1962-09-10,281.9717069350372,372.30938712023817,258.2590132830084,364.0028374845367,1080.1975855986414,1345.6299722209928,1016.5218060624273,1320.9043783605498,961.7973713859872,1300.487580846533,938.5525292904623,1245.720075269146
1962-09-11,281.9172635559248,364.0028374845367,259.7291463581319,346.90870418364494,1076.8594276130127,1320.9043783605498,1015.5833429380152,1300.487580846533,963.5746142048017,1245.720075269146,941.969031658645,1331.1564660298636
1962-09-12,276.47394696883515,346.90870418364494,255.53165972762017,324.19428303769973,1058.2244815794356,1300.487580846533,997.3980923599514,1245.720075269146,948.2075452666915,1331.1564660298636,927.8227389612623,1256.74087359833
1962-09-13,267.0498458298239,324.19428303769973,248.2676250160202,312.06281246551646,1028.8205591335561,1245.720075269146,955.9063383221608,1331.1564660298636,914.521568251324,1256.74087359833,896.2785121013028,1155.362533611204
1962-09-14,251.11479386203905,312.06281246551646,235.32629168518991,305.71338810900147,980.4785054667927,1331.1564660298636,909.6070712141102,1256.74087359833,875.13407555187,1155.362533611204,859.8339324049659,1165.403942011396
1962-09-15,241.91061968761113,305.71338810900147,227.9980172307766,292.80489872907845,1041.5362955551918,1256.74087359833,972.0849890175823,1155.362533611204,939.5720912970457,1165.403942011396,926.308705724847,1162.1528118071378
1962-09-16,237.41423559648894,292.80489872907845,224.5460539504713,285.21229438014274,978.0712574915942,1155.362533611204,917.5148445124032,1165.403942011396,887.2880071531449,1162.1528118071378,874.9855173791655,1120.143134864818
1962-09-17,228.35686628439,285.21229438014274,218.01855458148157,295.7653344434966,909.378588822417,1165.403942011396,857.3698421881962,1162.1528118071378,831.6615009055506,1120.143134864818,821.7441788341753,1120.6221143204034
1962-09-18,239.55861111316906,295.7653344434966,208.70789489721403,307.97092529134517,916.6295189605935,1162.1528118071378,869.0359756049565,1120.143134864818,861.3494079811101,1120.6221143204034,830.9058370210628,1087.4856269223592
1962-09-19,209.05051652044915,307.97092529134517,204.9822093067663,311.598438268982,907.2167948668782,1120.143134864818,867.3638719894421,1120.6221143204034,817.7910785306651,1087.4856269223592,814.1550316053854,1092.726900472895
1962-09-20,242.07243778936612,311.598438268982,224.64435949055564,303.7643751328857,891.4034479234388,1120.6221143204034,853.9222299579033,1087.4856269223592,826.7684358817273,1092.726900472895,809.7404480403143,1066.3397653699685
1962-09-21,237.44095122070266,303.7643751328857,231.19906705789106,303.83594743518495,893.3239210796887,1087.4856269223592,851.9355558893053,1092.726900472895,816.5637422080122,1066.3397653699685,810.7400363216757,1052.5529454385512
1962-09-22,242.73220672088678,303.83594743518495,230.65346309283473,303.76933847177156,862.475154462178,1092.726900472895,815.3820128582472,1066.3397653699685,793.2975707276946,1052.5529454385512,781.5715876482795,1036.588666045248
1962-09-23,239.16313688298925,303.76933847177156,227.90884824804363,294.1229604951205,846.5812076787804,1066.3397653699685,805.6024456307787,1052.5529454385512,779.70123270776,1036.588666045248,768.7687702463496,1055.3784143361945
1962-09-24,239.4393845900625,294.1229604951205,228.74185500420046,281.3930127192691,839.6014927021112,1052.5529454385512,801.3314553375883,1036.588666045248,775.5949886321132,1055.3784143361945,765.205674896599,1020.5297875298705
1962-09-25,231.45105097780083,281.3930127192691,221.3247539313909,280.0747747868105,829.9663795667019,1036.588666045248,783.1590647587285,1055.3784143361945,758.958882245125,1020.5297875298705,749.1178862279246,837.2124089133829
1962-09-26,226.67033788703765,280.0747747868105,210.70887036317527,221.7847272628819,807.3200240640938,1055.3784143361945,758.8940760725841,1020.5297875298705,742.5781556573284,837.2124089133829,726.8723472875819,871.5652054255436
1962-09-27,218.13021252448934,221.7847272628819,210.5016883026703,244.95455255036117,808.4422633722454,1020.5297875298705,779.6009288708436,837.2124089133829,755.7154775823052,871.5652054255436,748.3164867642972,1151.1596240025237
1962-09-28,212.8021182053513,244.95455255036117,192.7990599760946,275.71526051206786,809.9781934831352,837.2124089133829,812.9089339373843,871.5652054255436,840.9775329033191,1151.1596240025237,820.6608730685236,1302.061248909863
1962-09-29,185.07343268689186,275.71526051206786,150.50677055113718,442.14164364609286,692.9972487890828,871.5652054255436,814.6844297966659,1151.1596240025237,755.2868765333308,1302.061248909863,716.6433830812962,1410.360321827467
1962-09-30,207.65057159073646,442.14164364609286,194.3098216421214,486.33676037751684,832.2876470283927,1151.1596240025237,868.5774430894335,1302.061248909863,784.0634232398778,1410.360321827467,765.2318455891243,1521.6067729549075
1962-10-01,332.0881624976197,486.33676037751684,309.31688999214026,465.8351127247132,997.929008187004,1302.061248909863,1053.3648583579893,1410.360321827467,958.8196389465842,1521.6067729549075,933.4418345948956,1301.0118237522645
1962-10-02,382.68614822954277,465.8351127247132,349.8865221408251,430.3814816595496,1146.668769117823,1410.360321827467,1100.0550119179284,1521.6067729549075,1021.4623006359457,1301.0118237522645,987.3437073553719,712.4475047099012
1962-10-03,372.05570724747815,430.3814816595496,342.2572921957877,254.9030116228657,1165.4426358765309,1521.6067729549075,1080.5582643183297,1301.0118237522645,1013.6711971365295,712.4475047099012,983.1095366659081,616.0980857242253
1962-10-04,348.6229339820999,254.9030116228657,330.94944039129604,400.1257707264667,1215.6951884645,1301.0118237522645,1121.4383758869753,712.4475047099012,1064.4950600409168,616.0980857242253,1046.326535658613,1200.4026563844575
1962-10-05,460.8120479575338,400.1257707264667,388.97964688879057,5145.297338341002,1039.0188627755422,712.4475047099012,910.2594645122756,616.0980857242253,1143.9704865892381,1200.4026563844575,1071.4328500590582,6135.1592768664905
1962-10-06,1265.234828330767,5145.297338341002,1256.5003442025022,1827.8564542195616,511.5355032726645,616.0980857242253,1194.1189470651298,1200.4026563844575,1895.112037494371,6135.1592768664905,1876.3799804185683,11327.337069887513
1962-10-07,4388.796361797007,1827.8564542195616,3296.397428538731,1556.8760376824937,1176.7652003317296,1200.4026563844575,6651.365940204141,6135.1592768664905,5173.483285744664,11327.337069887513,4068.8166066983736,9988.678927836067
1962-10-08,1518.4603871461447,1556.8760376824937,2355.219106186263,3986.8778503546046,6656.371518466273,6135.1592768664905,2975.8771611184184,11327.337069887513,2076.0082413398195,9988.678927836067,2907.7233539474782,8190.910588633903
1962-10-09,2407.3797101599453,3986.8778503546046,2989.1246599054098,5627.699964641268,2982.984444944127,11327.337069887513,2295.2964106192944,9988.678927836067,2830.1921525064363,8190.910588633903,3409.5320765482616,8996.250458673854
1962-10-10,3974.754716312693,5627.699964641268,3852.4984311400435,4973.726562313152,9015.333035218999,9988.678927836067,10502.851876083714,8190.910588633903,10185.218415034684,8996.250458673854,10073.197432110825,10395.890662469335
1962-10-11,4648.316828095306,4973.726562313152,3564.64016961411,4340.464883304823,10644.550561028576,8190.910588633903,11518.459475440144,8996.250458673854,10289.6741868032,10395.890662469335,9215.798858599675,9438.90011311963
1962-10-12,3580.564344807992,4340.464883304823,2875.5328501648446,3696.2931652548914,9065.948978159848,8996.250458673854,8052.095317155599,10395.890662469335,6518.578323713586,9438.90011311963,5814.305845822768,8559.690092738389
1962-10-13,3166.512455028143,3696.2931652548914,2780.235260878225,3330.675726528742,7746.586953996761,10395.890662469335,6788.930533544337,9438.90011311963,5534.048196133467,8559.690092738389,5148.837182195572,7857.035949042707
1962-10-14,2933.512533500562,3330.675726528742,2416.580129264825,3100.86786908747,8568.164016636365,9438.90011311963,7429.450317106068,8559.690092738389,6610.544307836111,7857.035949042707,6098.02714235731,6934.123016149181
1962-10-15,2513.0866139726845,3100.86786908747,2082.9263716035166,2769.3895284802657,7629.08037088264,8559.690092738389,6822.841409633959,7857.035949042707,5975.1519650632645,6934.123016149181,5549.220038228847,6263.554791117089
1962-10-16,2305.7731178133417,2769.3895284802657,1943.0972774506151,2495.6117391244397,7074.662353041946,7857.035949042707,6434.736859753013,6934.123016149181,5634.700479316506,6263.554791117089,5276.07136781495,5786.729459000291
1962-10-17,2092.6992031329673,2495.6117391244397,1774.6231298504376,2286.863217951872,6561.090801936039,6934.123016149181,5850.345458898458,6263.554791117089,5192.617142029669,5786.729459000291,4878.247953269126,5295.19523543904
1962-10-18,1886.7646758065825,2286.863217951872,1639.723629819699,2134.054259722953,5691.489603880867,6263.554791117089,5102.177191369297,5786.729459000291,4534.086846455007,5295.19523543904,4289.837037656088,4883.4408236218915
1962-10-19,1759.2684569569435,2134.054259722953,1535.6715927672549,2012.4132867245485,5139.426999478229,5786.729459000291,4653.392571113731,5295.19523543904,4184.487092803206,4883.4408236218915,3963.349592736312,4451.388382287711
1962-10-20,1654.2603064078087,2012.4132867245485,1458.0910449629673,1953.477480148698,4752.06735086544,5295.19523543904,4364.498958985122,4883.4408236218915,3936.599602624502,4451.388382287711,3742.487749768012,4207.811416897147
1962-10-21,1595.5107829839912,1953.477480148698,1395.158016402935,1898.9638548339237,4404.882914871603,4883.4408236218915,4069.01924494554,4451.388382287711,3700.202279913367,4207.811416897147,3501.7332273263655,3989.333741721445
1962-10-22,1539.605924106559,1898.9638548339237,1375.5531963630915,1793.741209644531,4087.6086670903856,4451.388382287711,3844.9847578649533,4207.811416897147,3464.478159483787,3989.333741721445,3301.8379558239703,3887.6431395589043
1962-10-23,1504.8575540562842,1793.741209644531,1328.423282118819,1720.552252477578,3862.755668247271,4207.811416897147,3612.7787603489214,3989.333741721445,3268.604196316002,3887.6431395589043,3093.453285011601,3772.550059216833
1962-10-24,1437.993888694955,1720.552252477578,1269.6760327352608,1708.3331607795592,3620.311005108266,3989.333741721445,3362.0936479460142,3887.6431395589043,3054.2667267013767,3772.550059216833,2887.1267095712547,3667.643738828332
1962-10-25,1378.2291312032191,1708.3331607795592,1241.1339343075651,1660.4051925737494,3397.5196464860946,3887.6431395589043,3205.2871557026338,3772.550059216833,2885.341310746938,3667.643738828332,2748.986756944646,3632.06259656815
1962-10-26,1375.0621012161241,1660.4051925737494,1230.5974532285406,1603.346773692843,3343.248608706206,3772.550059216833,3172.750644879757,3667.643738828332,2877.8829937184246,3632.06259656815,2734.3273491067766,3451.9813276970817
1962-10-27,1339.6096426741594,1603.346773692843,1218.618027471558,1581.273853977645,3275.7202094294285,3667.643738828332,3098.4183538015964,3632.06259656815,2811.4475935370933,3451.9813276970817,2691.1515353398945,2673.072956387214
1962-10-28,1313.1520469800842,1581.273853977645,1183.1418538264238,1497.5760831453529,3173.4907731635503,3632.06259656815,2990.6820072205855,3451.9813276970817,2732.8734327304087,2673.072956387214,2603.5867308662796,1863.7257696602687
1962-10-29,1293.876198617533,1497.5760831453529,1165.9373568026672,1104.448225661207,3117.8120184313034,3451.9813276970817,2968.432509952384,2673.072956387214,2710.5088032132426,1863.7257696602687,2583.239242441703,2719.1196389346733
1962-10-30,1244.9856225169647,1104.448225661207,1124.858816673683,1237.8573727968487,3020.519165953038,2673.072956387214,2840.680536253217,1863.7257696602687,2606.2815212470296,2719.1196389346733,2487.231122134382,3696.314843822923
1962-10-31,1211.509194315728,1237.8573727968487,840.7510306549304,1363.7108858996685,2377.7290793328502,1863.7257696602687,2098.421757299518,2719.1196389346733,2241.669489026481,3696.314843822923,1869.6774857156965,3878.0196437412237
1962-11-01,862.7699027457547,1363.7108858996685,816.1401242830418,1642.9724115046242,1573.4102100542152,2719.1196389346733,1865.5660492004947,3696.314843822923,1465.4767588984348,3878.0196437412237,1412.604193309995,4524.583637186608
1962-11-02,1168.7916592173347,1642.9724115046242,1323.0585076130308,2159.10895741493,2694.191492297242,3696.314843822923,2769.1340161982635,3878.0196437412237,2525.111532936414,4524.583637186608,2673.7476231648398,5702.956204472517
1962-11-03,1615.189628335086,2159.10895741493,1585.637314215951,2755.9392700297703,3474.507072237093,3878.0196437412237,3564.948255717092,4524.583637186608,3500.3069942056663,5702.956204472517,3467.7349733927504,6052.7447394714945
1962-11-04,1879.2926380644187,2755.9392700297703,2146.4470284146873,3232.5400927295195,3690.0135410995986,4524.583637186608,4073.101920982607,5702.956204472517,3755.278760133324,6052.7447394714945,4018.483385200605,6813.394225321008
1962-11-05,2614.1325200661295,3232.5400927295195,2554.944035076874,3613.4342345957343,4544.01811258703,5702.956204472517,4951.70952856202,6052.7447394714945,4768.839452361581,6813.394225321008,4705.818034737169,6898.560265698132
1962-11-06,2840.9627653843454,3613.4342345957343,2579.5611092271984,3614.286835167557,5640.939363995236,6052.7447394714945,5830.445231746451,6813.394225321008,5388.691741095536,6898.560265698132,5124.378344971572,4527.026747598972
1962-11-07,2940.517939010191,3614.286835167557,2542.58135273086,3547.148941113682,5884.638875374292,6813.394225321008,5975.622976164745,6898.560265698132,5278.840593318121,4527.026747598972,4879.810174731274,4209.856956464647
1962-11-08,2948.9583044943674,3547.148941113682,2467.9901188800004,2174.3413456501276,6439.360639802478,6898.560265698132,6263.966355513599,4527.026747598972,5548.265335924655,4209.856956464647,5067.499388851207,12158.196522971906
1962-11-09,2918.7697199467525,2174.3413456501276,2431.448586693966,2940.6887148590913,6334.565651478244,4527.026747598972,6134.003089995254,4209.856956464647,5479.588427538103,12158.196522971906,4990.9144142486775,16556.837460405255
1962-11-10,3050.822442377145,2940.6887148590913,2043.348996141321,5790.543429184761,4567.830140389278,4209.856956464647,5149.094693725368,12158.196522971906,5945.93647183184,16556.837460405255,4912.446961877258,15282.617813532923
1962-11-11,3021.5382194315775,5790.543429184761,3070.9607152678286,9145.424752644205,4836.4668715952885,12158.196522971906,7691.226040707964,16556.837460405255,6656.716885230545,15282.617813532923,6636.9948360902845,16436.554706364863
1962-11-12,4652.936502252513,9145.424752644205,7021.183265246696,10588.184675256565,13838.808671661616,16556.837460405255,14481.099566705376,15282.617813532923,12162.588749813465,16436.554706364863,14514.015509354263,20122.998342064995
1962-11-13,9049.914010429577,10588.184675256565,8735.027973059543,10106.521619247907,17336.982488972768,15282.617813532923,18453.01302022852,16436.554706364863,17705.517884334902,20122.998342064995,17388.71625837103,19775.015752979853
1962-11-14,8993.85473557591,10106.521619247907,7153.479231066862,8410.817592210671,16962.262225702958,16436.554706364863,16971.30533258722,20122.998342064995,15161.950063808512,19775.015752979853,13319.84159124292,17430.625883393168
1962-11-15,7319.180368865402,8410.817592210671,5769.685797510907,7153.575215120673,16137.446299539522,20122.998342064995,14882.540680310049,19775.015752979853,11991.203580831643,17430.625883393168,10439.37974656812,15261.402197697522
1962-11-16,6013.929569844655,7153.575215120673,4857.555501609397,6260.998961927064,17166.211032556228,19775.015752979853,14573.639489094248,17430.625883393168,12107.963487662335,15261.402197697522,10955.05591429174,13664.847398819114
1962-11-17,5205.712521260002,6260.998961927064,4284.128896713757,5615.092847655451,15578.27216456387,17430.625883393168,13448.835742971867,15261.402197697522,11470.267165342513,13664.847398819114,10554.102548913374,12226.44356292985
1962-11-18,4631.997435463432,5615.092847655451,3819.908555152496,4994.617087855639,13854.827354416513,15261.402197697522,12204.817639463497,13664.847398819114,10579.865614337385,12226.44356292985,9773.029479275752,11232.6024898869
1962-11-19,4135.020726936035,4994.617087855639,3453.2576089243644,4522.8755005962375,12318.962086765798,13664.847398819114,10993.552493771444,12226.44356292985,9518.70290054935,11232.6024898869,8841.045278250333,11172.202899529399
1962-11-20,3719.4636390100713,4522.8755005962375,3129.233370592253,4131.255856140396,11142.562659896012,12226.44356292985,9908.147484942965,11232.6024898869,8649.764713622211,11172.202899529399,8063.654283292248,13097.9792568884
1962-11-21,3427.6616853039022,4131.255856140396,2882.5312829106315,4369.686900065818,9951.613184894895,11232.6024898869,8963.121449020282,11172.202899529399,7896.429313437404,13097.9792568884,7355.050686300084,12509.63023068164
1962-11-22,3499.616466891328,4369.686900065818,2721.827946680348,4460.335021626244,9265.583847581893,11172.202899529399,8694.566435081028,13097.9792568884,8075.39185469796,12509.63023068164,7297.526476118925,11545.082338499564
1962-11-23,3051.588583318481,4460.335021626244,2845.71807185084,4538.9828174188915,9470.094617012568,13097.9792568884,9321.763770497759,12509.63023068164,7901.081444719355,11545.082338499564,7691.732379641345,11114.163023704936
1962-11-24,3490.851933715383,4538.9828174188915,3285.7586984583604,4698.705352071918,11375.873344354812,12509.63023068164,10642.687044744316,11545.082338499564,9585.429054462289,11114.163023704936,9382.37469005607,10669.286458624356
1962-11-25,3658.1084793447835,4698.705352071918,3538.362010161041,4749.232318849495,10690.346830016133,11545.082338499564,10072.15570033987,11114.163023704936,9128.146530926591,10669.286458624356,9010.548643934793,10553.95724691343
1962-11-26,3922.3882548162746,4749.232318849495,3574.226254860575,4830.901309171917,9998.527404768025,11114.163023704936,9542.198778385256,10669.286458624356,8727.873501397833,10553.95724691343,8381.436544404936,10164.339602305456
1962-11-27,3856.3248958005943,4830.901309171917,3369.1855753944833,4600.137812302386,9750.834775426576,10669.286458624356,9255.213070175854,10553.95724691343,8335.265111955305,10164.339602305456,7849.709823616006,9694.045532954267
1962-11-28,3753.998025882276,4600.137812302386,3222.412627356701,4285.70784711105,9358.394266972722,10553.95724691343,8951.44384489974,10164.339602305456,7856.030478066827,9694.045532954267,7325.657594399414,9183.393734370773
1962-11-29,3529.100456239564,4285.70784711105,3009.8312301485676,3996.223973717089,9312.04812871663,10164.339602305456,8604.500341924253,9694.045532954267,7518.450976082414,9183.393734370773,7000.717374727738,8615.336064357329
1962-11-30,3282.7695941384086,3996.223973717089,2810.6704464962268,3737.2766435501494,8720.60697158593,9694.045532954267,7976.563071346294,9183.393734370773,6968.700648246461,8615.336064357329,6498.178743750945,8069.670794246356
1962-12-01,3068.5369022326063,3737.2766435501494,2648.7064290139606,3519.667779883601,8226.802017556427,9183.393734370773,7539.849367904411,8615.336064357329,6609.0777521355,8069.670794246356,6190.730869041815,7590.589723366822
1962-12-02,2889.695690741677,3519.667779883601,2508.5470039472407,3326.66896162532,7798.000042396412,8615.336064357329,7148.241821939051,8069.670794246356,6301.452095849212,7590.589723366822,5921.9497585668705,7238.191667616509
1962-12-03,2736.585599718766,3326.66896162532,2382.0286653557037,3161.2457529261205,7319.809627593097,8069.670794246356,6743.368125965323,7590.589723366822,5963.656954923523,7238.191667616509,5610.556095311751,7443.3332552548945
1962-12-04,2598.461088365769,3161.2457529261205,2262.812661335006,3047.1987912060777,6889.219951097119,7590.589723366822,6362.069325103088,7238.191667616509,5639.936414118111,7443.3332552548945,5305.579121579907,8167.544728307926
1962-12-05,2473.0194178906804,3047.1987912060777,2167.3363388211546,3568.3279816730865,6496.832716719191,7238.191667616509,6021.7881173283795,7443.3332552548945,5340.866927613253,8167.544728307926,5036.253820238908,8314.144520040696
1962-12-06,2569.27131476641,3568.3279816730865,2178.7314251118582,3607.6744311372486,6234.202710161574,7443.3332552548945,5958.490681182284,8167.544728307926,5500.919234484919,8314.144520040696,5111.566044224024,8232.2381826604
1962-12-07,2753.558999672853,3607.6744311372486,2385.044166647555,3243.3296864077156,6508.211809313687,8167.544728307926,6853.610555952171,8314.144520040696,5978.650264586823,8232.2381826604,5607.285697592412,8395.318885515253
1962-12-08,2734.447469860259,3243.3296864077156,2344.4688392828257,3182.9618706058804,7733.526828268648,8314.144520040696,7408.14217919878,8232.2381826604,6462.402482745447,8395.318885515253,6070.777299922247,8059.603726722575
1962-12-09,2503.203569696883,3182.9618706058804,2183.786749282331,3127.5505245913146,7417.568540911574,8232.2381826604,6668.219591263086,8395.318885515253,5867.579439784057,8059.603726722575,5546.265138394332,7538.166321018305
1962-12-10,2456.777071251823,3127.5505245913146,2240.281982903136,3026.0819345755167,6910.430069607535,8395.318885515253,6481.838023404,8059.603726722575,5709.358631985639,7538.166321018305,5491.667640999509,7262.722676234906
1962-12-11,2509.256557945079,3026.0819345755167,2264.1347472534885,3035.3640226043863,7241.696235236423,8059.603726722575,6771.692813097311,7538.166321018305,6107.320405975406,7262.722676234906,5862.270255673614,6982.8132660494175
1962-12-12,2448.4225088561325,3035.3640226043863,2181.4528227155242,3001.4371326982764,6971.838074496088,7538.166321018305,6471.306118271404,7262.722676234906,5855.935887732898,6982.8132660494175,5589.180442475463,6697.965239648549
1962-12-13,2416.7448822841807,3001.4371326982764,2146.374932434491,2921.270157078836,6499.98270236636,7262.722676234906,6161.977299184663,6982.8132660494175,5514.218514420737,6697.965239648549,5243.798157533649,6498.1411378259345
1962-12-14,2385.130184901357,2921.270157078836,2102.0464146468735,2838.5255225211595,6389.829337636735,6982.8132660494175,6020.221555622066,6697.965239648549,5378.354033114527,6498.1411378259345,5095.3558727703785,6292.294303931576
1962-12-15,2313.606309987337,2838.5255225211595,2033.5254610861416,2754.0908136340377,6128.339826124592,6697.965239648549,5738.975506376275,6498.1411378259345,5113.148932311295,6292.294303931576,4833.3035316277455,6070.676230910134
1962-12-16,2244.5139110937644,2754.0908136340377,1972.0146426099964,2658.9971536400235,5852.004133848231,6498.1411378259345,5489.132222329431,6292.294303931576,4880.610443964361,6070.676230910134,4608.25310783602,5873.102636129572
1962-12-17,2182.7416903954836,2658.9971536400235,1917.3967443106637,2573.4862277717093,5680.670146288076,6292.294303931576,5327.807407370741,6070.676230910134,4743.481440291813,5873.102636129572,4478.367455559051,5673.392362106688
1962-12-18,2109.4236953217455,2573.4862277717093,1858.2054610730438,2510.4379972028023,5501.761649280808,6070.676230910134,5147.353399439366,5873.102636129572,4585.060155795367,5673.392362106688,4334.07155388198,5690.303581381619
1962-12-19,2045.3060114423888,2510.4379972028023,1802.1677698087537,2446.4442685876293,5305.53517299244,5873.102636129572,4973.385980794801,5673.392362106688,4433.909071803098,5690.303581381619,4191.0299152130065,5615.356012341112
1962-12-20,2007.8807544277834,2446.4442685876293,1769.456451978514,2369.9476348468497,5135.3513404513,5673.392362106688,4844.069162964211,5690.303581381619,4330.582757640752,5615.356012341112,4092.3148961369516,5514.462929839014
1962-12-21,1939.4395869194927,2369.9476348468497,1721.0884682657543,2308.2963177999204,4998.899726424999,5690.303581381619,4708.042638775381,5615.356012341112,4188.127885891192,5514.462929839014,3969.8893959662,5332.648334477801
1962-12-22,1900.0036019527572,2308.2963177999204,1682.8074973061296,2252.569336697922,4984.94391432974,5615.356012341112,4670.285237111283,5514.462929839014,4187.768563551633,5332.648334477801,3970.8969152091217,5151.179342891816
1962-12-23,1849.5069445682284,2252.569336697922,1638.791830668461,2195.367783929349,4901.509729237514,5514.462929839014,4604.919352314422,5332.648334477801,4133.006817856316,5151.179342891816,3922.742504283694,5061.820342344306
1962-12-24,1807.3178950092563,2195.367783929349,1605.2150794966324,2143.4724274648293,4814.795468601231,5332.648334477801,4528.716197356547,5151.179342891816,4069.853831081211,5061.820342344306,3868.233395492399,4914.900212375027
1962-12-25,1765.8780397347637,2143.4724274648293,1565.9172171224293,2089.7208164378867,4674.167752194837,5151.179342891816,4392.777171781494,5061.820342344306,3951.2220315700943,4914.900212375027,3751.8107582278667,4781.7049608132265
1962-12-26,1722.5697904223462,2089.7208164378867,1531.9762267622116,2044.9472068048808,4516.671784433687,5061.820342344306,4253.676671809165,4914.900212375027,3821.2082809057256,4781.7049608132265,3631.078051958884,4665.120294991757
1962-12-27,1685.2440167851405,2044.9472068048808,1496.9826858624892,1996.1693314000786,4436.096420680547,4914.900212375027,4173.590034560287,4781.7049608132265,3757.170862508292,4665.120294991757,3569.4092972359604,4563.989726834441
1962-12-28,1649.9560158837226,1996.1693314000786,1467.3478421346438,1951.7897993427223,4314.014887471379,4781.7049608132265,4068.2869348193653,4665.120294991757,3662.0091582612367,4563.989726834441,3479.9070699010354,4456.061685787892
1962-12-29,1613.707138595244,1951.7897993427223,1435.4000113869681,1910.9998308493853,4208.154778560666,4665.120294991757,3967.1605960973884,4563.989726834441,3573.1288223277697,4456.061685787892,3395.277289203312,4363.496354999912
1962-12-30,1579.2307490841085,1910.9998308493853,1406.0017455130683,1869.406532764744,4106.006003233163,4563.989726834441,3874.946439076257,4456.061685787892,3490.1520643369313,4363.496354999912,3317.30906268718,4286.961708038771
1962-12-31,1548.0802534551055,1869.406532764744,1379.288471119361,1829.4751283412143,4015.799705587001,4456.061685787892,3792.7089050227496,4363.496354999912,3416.97667664607,4286.961708038771,3248.5300452002043,4203.96033567308
1963-01-01,1516.4640483243754,1829.4751283412143,1351.5587456995277,1792.2709119995188,3931.3465437463265,4363.496354999912,3711.1585583026913,4286.961708038771,3345.183687215023,4203.96033567308,3180.6251186897684,4113.91078135951
1963-01-02,1486.7193444980899,1792.2709119995188,1325.5720589845591,1756.5093634164368,3849.1161647183644,4286.961708038771,3634.456428618123,4203.96033567308,3278.324582947572,4113.91078135951,3117.5187572784353,4031.65130626291
1963-01-03,1458.1107915553612,1756.5093634164368,1301.1300399053782,1723.5940544054088,3769.8987247438627,4203.96033567308,3562.6944606863835,4113.91078135951,3214.8457535923126,4031.65130626291,3058.209333266913,3949.567007090328
1963-01-04,1430.3180182136587,1723.5940544054088,1276.6709510387627,1689.2361270117217,3696.148293448564,4113.91078135951,3494.2191077892535,4031.65130626291,3153.871899209681,3949.567007090328,3000.5675053702425,3872.208582421586
1963-01-05,1404.861052402071,1689.2361270117217,1255.179781979753,1656.971745771721,3627.010495667786,4031.65130626291,3431.8395508105823,3949.567007090328,3098.518758014591,3872.208582421586,2949.1776878839037,3804.166912725367
1963-01-06,1379.5812179332665,1656.971745771721,1231.9427246475072,1627.2870021250978,3560.3048173334582,3949.567007090328,3366.8920210607416,3872.208582421586,3042.114791167578,3804.166912725367,2894.8015854592677,3741.91578833697
1963-01-07,1355.5196676219998,1627.2870021250978,1211.225542654819,1597.5988375443549,3489.006401693841,3872.208582421586,3301.5569814086152,3804.166912725367,2984.663808885204,3741.91578833697,2840.689164979167,3639.6048685295755
1963-01-08,1333.259984754734,1597.5988375443549,1191.5098258384903,1547.3430465936294,3424.742753578369,3804.166912725367,3243.4363077291237,3741.91578833697,2933.3818713373876,3639.6048685295755,2791.9473824908637,3594.484599235424
1963-01-09,1308.5744567166091,1547.3430465936294,1171.6467161823548,1561.4017765938897,3368.7679833243265,3741.91578833697,3190.4263332103433,3639.6048685295755,2884.539311829144,3594.484599235424,2747.9184938169265,3634.4838186716274
1963-01-10,1291.4950170948528,1561.4017765938897,1155.2752629044437,1549.15721698172,3315.62731697882,3639.6048685295755,3142.269772297679,3594.484599235424,2845.837054677351,3634.4838186716274,2709.956908512276,3595.8248364347364
1963-01-11,1293.260571088916,1549.15721698172,1147.0109307128562,1486.7571003972128,3263.3352905015045,3594.484599235424,3114.9561957728883,3634.4838186716274,2830.6632100046913,3595.8248364347364,2684.8781704381954,3549.9491238617493
1963-01-12,1266.1231678638017,1486.7571003972128,1128.676170130027,1531.3012044731513,3234.415672563615,3634.4838186716274,3090.459413234491,3595.8248364347364,2788.0537389925003,3549.9491238617493,2650.94769372115,3564.2894917032663
1963-01-13,1237.0313428171116,1531.3012044731513,1101.1915697076936,1435.3429163539531,3249.065621104858,3595.8248364347364,3080.195159259337,3549.9491238617493,2775.1507054763733,3564.2894917032663,2639.4767847452595,3426.7759276531397
1963-01-14,1219.1321011201624,1435.3429163539531,1089.0668191917896,1469.8035242102783,3227.195087119745,3549.9491238617493,3052.85999165243,3564.2894917032663,2762.6894888253,3426.7759276531397,2633.076361732704,3490.86697491803
1963-01-15,1195.7815835061926,1469.8035242102783,1074.5581854433162,1357.1602349298241,3177.0156677765253,3564.2894917032663,3002.5480201029627,3426.7759276531397,2729.75249645754,3490.86697491803,2608.9516949427616,3355.1274616821743
1963-01-16,1173.5511731504744,1357.1602349298241,1061.646747990129,1437.40181513468,3121.179191495423,3426.7759276531397,2949.9274187634815,3490.86697491803,2687.269450781655,3355.1274616821743,2575.5269950980655,3417.9722504807387
1963-01-17,1159.834857340911,1437.40181513468,1049.883106906109,1257.2880159550841,3080.5304064106963,3490.86697491803,2909.995766765802,3355.1274616821743,2658.734525620548,3417.9722504807387,2548.9771852303493,3412.299996158061
1963-01-18,1153.591193124287,1257.2880159550841,1047.150116187628,1366.7418052541939,3040.4816371823163,3355.1274616821743,2887.9160623821763,3417.9722504807387,2640.9797053199886,3412.299996158061,2534.8342284657174,3462.4982326358563
1963-01-19,1151.04387771039,1366.7418052541939,1042.9771259461468,1413.0277028096475,3013.071106298298,3417.9722504807387,2866.746271840641,3412.299996158061,2626.0114875768377,3462.4982326358563,2518.2931166494654,3523.8873034665935
1963-01-20,1152.0917910033377,1413.0277028096475,1037.177112674045,1210.305242319352,3023.986069118345,3412.299996158061,2886.5785769000613,3462.4982326358563,2651.197886725907,3523.8873034665935,2537.0211160178706,3344.85254919655
1963-01-21,1160.7286493406873,1210.305242319352,1046.2149483537378,1410.2563856742718,3132.0033245222953,3462.4982326358563,2999.2172542195613,3523.8873034665935,2761.8297219315878,3344.85254919655,2647.8726069961335,3467.5370439642475
1963-01-22,1125.6259412217523,1410.2563856742718,1010.4145446101796,1188.4336078649494,3101.3792756159482,3523.8873034665935,2944.587688167371,3344.85254919655,2688.796698543787,3467.5370439642475,2573.9969218236774,3267.8393481781613
1963-01-23,1116.538324764512,1188.4336078649494,1004.909923488387,1311.002101804197,3121.4059175757666,3344.85254919655,2955.011038632759,3467.5370439642475,2704.1684017779994,3267.8393481781613,2593.044132244122,3371.8671592978267
1963-01-24,1104.904667523254,1311.002101804197,1000.1174156714469,1244.4134038327004,3089.599282717614,3467.5370439642475,2918.5424679566972,3267.8393481781613,2676.760705050102,3371.8671592978267,2572.4660888190465,3223.7123864953155
1963-01-25,1098.3507015922723,1244.4134038327004,996.8538252351411,1370.9357358622308,3036.9422054738047,3267.8393481781613,2877.3427094061412,3371.8671592978267,2640.456629179433,3223.7123864953155,2539.393566415195,3352.2874302448095
1963-01-26,1093.1554065391892,1370.9357358622308,993.598537703364,1339.699840073607,3012.4907066187434,3371.8671592978267,2857.385883668516,3223.7123864953155,2624.3013239585803,3352.2874302448095,2525.3040244742706,3295.684708951337
1963-01-27,1089.362090315514,1339.699840073607,989.7972189321297,1235.3071845531406,2989.2490774219373,3223.7123864953155,2836.521164887896,3352.2874302448095,2607.8398331940725,3295.684708951337,2508.8334287237158,3124.0573320890135
1963-01-28,1086.497646798173,1235.3071845531406,985.3631414508152,1332.5434647946417,2946.691397323544,3352.2874302448095,2798.6562646931225,3295.684708951337,2573.9859778655436,3124.0573320890135,2473.3878831973852,3226.666595775649
1963-01-29,1081.4610049016737,1332.5434647946417,979.9760620113002,1244.4659258808301,2912.2819058361883,3295.684708951337,2770.3356003575186,3124.0573320890135,2545.3843276385232,3226.666595775649,2444.4654686061576,3124.321940755243
1963-01-30,1074.4028858813956,1244.4659258808301,973.9433744339789,1252.4688356406036,2882.226946945715,3124.0573320890135,2741.5482833376664,3226.666595775649,2514.9625636754945,3124.321940755243,2415.0055949668554,3456.8837680767147
1963-01-31,1067.1870463191963,1252.4688356406036,965.9251459694617,1213.1042654348757,2852.603482788623,3226.666595775649,2711.8232610369337,3124.321940755243,2487.3174238322517,3456.8837680767147,2386.780218365061,3355.9912376308175
1963-02-01,1060.376061255312,1213.1042654348757,958.6971688135354,1306.460603935735,2819.820245764521,3124.321940755243,2683.2512427362954,3456.8837680767147,2459.479656998689,3355.9912376308175,2358.456282157358,3444.6746102584184
1963-02-02,1050.6000763633197,1306.460603935735,949.5378116375873,1211.2145343346601,2830.76685333338,3456.8837680767147,2688.6717375767207,3355.9912376308175,2465.7872354998117,3444.6746102584184,2365.539292546726,3291.409020358584
1963-02-03,1046.5349162422006,1211.2145343346601,941.5905642967182,1274.372630970877,3043.419420821653,3355.9912376308175,2882.4474618893455,3444.6746102584184,2659.6478673044867,3291.409020358584,2555.647728260632,3328.421684500232
1963-02-04,1027.016817562318,1274.372630970877,929.2240307760568,1075.2750141306985,2990.086306508109,3444.6746102584184,2823.3594304656044,3291.409020358584,2597.643316799921,3328.421684500232,2500.780028587726,3205.3242667075447
1963-02-05,1016.9718266757245,1075.2750141306985,917.7664424209327,1283.0666172878725,2996.343558930037,3291.409020358584,2824.227505363539,3328.421684500232,2606.2735975852374,3205.3242667075447,2508.0382905429387,3382.915498177621
1963-02-06,1005.1859800506058,1283.0666172878725,910.7690117294533,1144.4979506598147,2904.520216419798,3328.421684500232,2747.2175926489135,3205.3242667075447,2529.7922091776854,3382.915498177621,2436.2422982852313,3222.6011577666886
1963-02-07,1000.6316159702552,1144.4979506598147,906.268536126699,1262.919097752036,2900.8109720811117,3205.3242667075447,2743.7028196684983,3382.915498177621,2532.2983464875524,3222.6011577666886,2438.8361826307037,3417.308201429632
1963-02-08,992.7936728844812,1262.919097752036,899.7158707163157,1104.537586862531,2933.6757279314625,3382.915498177621,2772.6550349710687,3222.6011577666886,2561.5270527649577,3417.308201429632,2469.413391798029,3347.5421516710157
1963-02-09,984.0022768339466,1104.537586862531,891.7631242102301,1183.1235241822606,2885.5956059025566,3222.6011577666886,2723.7204589975845,3417.308201429632,2516.7908945758018,3347.5421516710157,2425.4865520351477,3392.6251140998465
1963-02-10,974.3965344548147,1183.1235241822606,882.4036204155025,1112.068922340366,2882.376050972347,3417.308201429632,2721.2546415847473,3347.5421516710157,2515.7696976393363,3392.6251140998465,2424.7724354473226,3310.190658209227
1963-02-11,966.669945873434,1112.068922340366,874.9668574328102,1081.2004124778666,2904.0637676846636,3347.5421516710157,2742.3726438183794,3392.6251140998465,2537.1132528641465,3310.190658209227,2446.506029785405,3199.948619841928
1963-02-12,961.7225097289138,1081.2004124778666,870.4049243159004,1155.5738388732225,2991.494396753087,3392.6251140998465,2820.2709568917144,3310.190658209227,2616.487253676489,3199.948619841928,2526.4744326955088,3256.546152837011
1963-02-13,949.4051717222383,1155.5738388732225,859.406166381704,1081.7701197169874,2929.957026459798,3310.190658209227,2758.299620141995,3199.948619841928,2556.5422968095672,3256.546152837011,2467.7652753210214,3098.3397349150837
1963-02-14,940.184511551804,1081.7701197169874,851.7208261580898,1159.2554270534993,2907.0441353518227,3199.948619841928,2738.4529929071696,3256.546152837011,2538.777299059293,3098.3397349150837,2451.533994933683,3167.7072129765943
1963-02-15,931.4929900763955,1159.2554270534993,843.3663367454956,1087.4770449798957,2861.3364323876235,3256.546152837011,2697.377238419639,3098.3397349150837,2499.890702524823,3167.7072129765943,2412.952525133155,3062.9445233889555
1963-02-16,923.7499094077402,1087.4770449798957,836.6012474495424,992.7452886624678,2809.4681768031414,3098.3397349150837,2650.7140812458174,3167.7072129765943,2455.507050225544,3062.9445233889555,2369.4858831515185,3248.602531780538
1963-02-17,914.7789684343705,992.7452886624678,828.4530986240813,1156.964148646863,2761.5736634181085,3167.7072129765943,2605.17263282929,3062.9445233889555,2412.79215462142,3248.602531780538,2327.546935542057,3627.4236895438853
1963-02-18,905.2497863652441,1156.964148646863,820.0109143048821,1040.1031734737849,2716.261436122096,3062.9445233889555,2564.0074399903788,3248.602531780538,2373.728487275749,3627.4236895438853,2289.539363772993,3587.1080464450697
1963-02-19,898.5659667592693,1040.1031734737849,814.0092598273275,1080.8967036982922,2707.533867590516,3248.602531780538,2555.554710853836,3627.4236895438853,2368.3839613790233,3587.1080464450697,2284.882845681213,3769.5183180227086
1963-02-20,892.6831297380252,1080.8967036982922,808.6200635792387,1036.1743335706278,2887.4617857759986,3627.4236895438853,2718.9500005867594,3587.1080464450697,2529.2783527776455,3769.5183180227086,2446.667503907118,3473.282365976669
1963-02-21,888.4599751888561,1036.1743335706278,803.8828189268702,1017.2817468716989,3073.842131513155,3587.1080464450697,2885.453606871395,3769.5183180227086,2692.703973611952,3473.282365976669,2609.943600291321,3393.269423902848
1963-02-22,878.9577286330829,1017.2817468716989,795.6249240283414,1053.9834115434478,3101.5995072472965,3769.5183180227086,2901.300338259464,3473.282365976669,2710.487789719032,3393.269423902848,2629.061619714902,3299.1180108763897
1963-02-23,869.8234399651203,1053.9834115434478,787.3212168590317,984.7644425075548,3222.3905984090143,3473.282365976669,3007.563555236342,3393.269423902848,2817.0494520089114,3299.1180108763897,2736.720712455483,3183.1320879363507
1963-02-24,861.8221834931339,984.7644425075548,779.7598230401632,1016.6419990449353,3045.114533952747,3393.269423902848,2850.8510075053127,3299.1180108763897,2663.7792567294055,3183.1320879363507,2583.603006763091,3101.395216158964
1963-02-25,852.747329423056,1016.6419990449353,772.184851886238,1013.9050826890773,2962.424303351228,3299.1180108763897,2775.3582702208687,3183.1320879363507,2590.460181616448,3101.395216158964,2511.6597047578944,3069.4639289447787
1963-02-26,845.3921670071582,1013.9050826890773,765.4999755191001,974.6699604264277,2878.5483428507796,3183.1320879363507,2700.1233466676376,3101.395216158964,2518.5468428852955,3069.4639289447787,2440.3008159295823,2967.70707732585
1963-02-27,837.647997090977,974.6699604264277,759.1644453802729,936.3610823982181,2805.8925588452453,3101.395216158964,2634.332283125451,3069.4639289447787,2455.4279299111545,2967.70707732585,2378.486144745476,2932.3010490635984
1963-02-28,830.3559459725618,936.3610823982181,752.6628089329153,1045.6503686498245,2735.628302069488,3069.4639289447787,2570.0291341790157,2967.70707732585,2394.924601737919,2932.3010490635984,2318.677940852817,3240.0144038536146
1963-03-01,822.9948698742825,1045.6503686498245,745.8065432538045,895.4953469258235,2678.53623983792,2967.70707732585,2519.2656765911884,2932.3010490635984,2346.246593531261,3240.0144038536146,2270.4335809229183,3912.4880268929255
1963-03-02,816.0812012329538,895.4953469258235,739.5863526879139,927.9530046014721,2650.2788816931006,2932.3010490635984,2492.8955711929325,3240.0144038536146,2322.180867822771,3912.4880268929255,2247.0473680861314,4795.500693703744
1963-03-03,807.1745751300698,927.9530046014721,732.2166757406885,974.561448854661,2618.881296672249,3240.0144038536146,2462.9095004882456,3912.4880268929255,2293.5044927402373,4795.500693703744,2219.883175784417,7228.293027929909
1963-03-04,801.1536927390546,974.561448854661,726.6013486433699,1010.6247644479042,2796.9726146412586,3912.4880268929255,2621.611262855413,4795.500693703744,2452.639698440937,7228.293027929909,2379.8034819012137,9852.313275534538
1963-03-05,810.47478782187,1010.6247644479042,731.1997329009638,1027.707224093574,3397.0658814157196,4795.500693703744,3169.2006390982315,7228.293027929909,2995.3730805575133,9852.313275534538,2919.040417217415,10732.451490645542
1963-03-06,832.3992505263121,1027.707224093574,747.2187163332923,992.1259435075658,4089.856449154683,7228.293027929909,3841.147868385203,9852.313275534538,3648.4292472577754,10732.451490645542,3567.2800998338626,10515.90763559966
1963-03-07,857.897271733289,992.1259435075658,767.1569878054107,1127.9338476564808,5901.248939782154,9852.313275534538,5521.162737317541,10732.451490645542,5265.163244895055,10515.90763559966,5179.478978668766,11288.721977174964
1963-03-08,853.412095043185,1127.9338476564808,763.1907161223055,1115.7415802932592,7984.664347047599,10732.451490645542,7294.91984927679,10515.90763559966,6981.432821700867,11288.721977174964,6898.220187666156,15298.79188008331
1963-03-09,876.4777554133592,1115.7415802932592,779.3490682367192,1190.4143706517054,8722.662024295541,10515.90763559966,7905.319048975883,11288.721977174964,7590.284367437858,15298.79188008331,7501.1900645131045,13666.2712116177
1963-03-10,933.9934484354703,1190.4143706517054,823.323272856531,1299.4260616120093,8527.104548155645,11288.721977174964,7996.88922968485,15298.79188008331,7639.168134261436,13666.2712116177,7531.6121240775665,12052.896272489073
1963-03-11,1059.814941280443,1299.4260616120093,926.8519377753059,1487.9760640545778,9215.693904377042,15298.79188008331,8763.64579097315,13666.2712116177,8245.623641332106,12052.896272489073,8107.084029770536,12245.521256810476
1963-03-12,1035.8879236142257,1487.9760640545778,909.2848021848747,1618.4391036378888,12511.466246620244,13666.2712116177,10940.688556354236,12052.896272489073,10434.153820018963,12245.521256810476,10318.686002836139,12920.592180277621
1963-03-13,1150.0750075360993,1618.4391036378888,986.5317233753798,1768.6583430475396,10776.12570886619,12052.896272489073,9860.882253991647,12245.521256810476,9430.726274781095,12920.592180277621,9276.900673700413,12142.746455510733
1963-03-14,1328.5442757803025,1768.6583430475396,1143.1313614828973,2046.6933370499796,9924.029462863191,12245.521256810476,9460.821646484463,12920.592180277621,8952.875515196045,12142.746455510733,8768.338649647541,12248.370531287144
1963-03-15,1386.4601241290175,2046.6933370499796,1180.8776370016403,2110.6492722314006,10313.394890681871,12920.592180277621,9559.348221226846,12142.746455510733,8883.616358389325,12248.370531287144,8678.974183690007,16143.431392213672
1963-03-16,1477.2974102281855,2110.6492722314006,1242.7343206241894,2467.9842063200326,10636.950353329768,12142.746455510733,9728.98157541712,12248.370531287144,9075.125115536091,16143.431392213672,8846.399583336555,19831.300072265927
1963-03-17,1803.404508133322,2467.9842063200326,1491.7915381997377,2919.2840449314745,10091.200364936733,12248.370531287144,9811.731882584105,16143.431392213672,9267.291835292206,19831.300072265927,8954.982947961651,18656.237712826885
1963-03-18,2412.838672576094,2919.2840449314745,1953.589263126358,3721.7966071153246,10640.480976481536,16143.431392213672,11259.344492977394,19831.300072265927,10733.67625822678,18656.237712826885,10247.871976308052,17650.037421370827
1963-03-19,2214.1195310902435,3721.7966071153246,1916.7097898452419,3410.7621909500294,14865.305806242337,19831.300072265927,14189.43553296581,18656.237712826885,12753.250644878197,17650.037421370827,12432.195746979418,16442.71795438425
1963-03-20,2553.681934454971,3410.7621909500294,2098.780110496323,3152.4688700092,16718.061332121186,18656.237712826885,15333.002702635182,17650.037421370827,13721.047973456827,16442.71795438425,13263.023923477305,14957.209827621871
1963-03-21,2366.415898775447,3152.4688700092,1950.8644605421925,2958.957721730024,15679.693784267092,17650.037421370827,13885.844456137158,16442.71795438425,12427.25417086394,14957.209827621871,12013.838435183006,11739.479014562106
1963-03-22,2196.0911271658188,2958.957721730024,2148.04284790029,3312.7930365759635,14205.53806633549,16442.71795438425,12588.916366057558,14957.209827621871,11375.823245387659,11739.479014562106,11327.691177573552,5102.1463424761405
1963-03-23,2433.984938038383,3312.7930365759635,2274.3158471600073,3566.537428511171,13256.928774703043,14957.209827621871,11897.352014447904,11739.479014562106,11061.871338950621,5102.1463424761405,10905.669436166605,5227.070979425215
1963-03-24,2886.354872695577,3566.537428511171,2486.1119692680927,2035.8150212808714,12150.443732674266,11739.479014562106,11632.783988520827,5102.1463424761405,10946.144090826678,5227.070979425215,10548.405757085751,7167.037812899335
1963-03-25,3582.054110038943,2035.8150212808714,2609.6484753712193,2579.602721617858,10530.090001320375,5102.1463424761405,10590.797820015148,5227.070979425215,10395.37600512211,7167.037812899335,9411.404715337292,22004.37689819442
1963-03-26,3492.6602862431605,2579.602721617858,3441.1827547554376,13223.283127901399,5896.909111525072,5227.070979425215,5930.10102662929,7167.037812899335,6649.998900449503,22004.37689819442,6561.222780416796,29929.075876472994
1963-03-27,5840.945277952871,13223.283127901399,5701.253236763625,31689.07131965094,5399.571895000768,7167.037812899335,9654.148402248306,22004.37689819442,10806.486819334008,29929.075876472994,10586.089111265355,38163.29485976239
1963-03-28,10153.904576139992,31689.07131965094,22873.24502231827,29743.533099252287,11867.166262512774,22004.37689819442,22879.280509471282,29929.075876472994,16563.554865332506,38163.29485976239,29224.398878583903,46963.81778566602
1963-03-29,32897.13513866219,29743.533099252287,25304.01400937157,22288.773568596265,33181.55158520717,29929.075876472994,48143.42987261337,38163.29485976239,46908.8802916118,46963.81778566602,39296.75013009143,37667.7543653513
1963-03-30,22265.037554473543,22288.773568596265,16141.525897852323,19509.626290290278,48105.40415398845,38163.29485976239,43303.15005953626,46963.81778566602,34255.782405960264,37667.7543653513,28121.819723589357,30160.625608367915
1963-03-31,15657.93946312238,19509.626290290278,14089.474912541184,17320.429952865336,37313.9831469999,46963.81778566602,28732.989354540347,37667.7543653513,20965.114674880395,30160.625608367915,19372.887322317572,26864.390213261155
1963-04-01,15723.884209867334,17320.429952865336,13260.019880535776,15950.292392665302,37208.052821214456,37667.7543653513,32125.27850951792,30160.625608367915,27465.307670181937,26864.390213261155,25003.57384683977,23909.641542573223
1963-04-02,13755.627629633294,15950.292392665302,11955.719530307866,16718.037379343034,32229.166535608114,30160.625608367915,28333.176178326707,26864.390213261155,24166.72885511908,23909.641542573223,22369.009276348013,24975.397722862395
1963-04-03,12835.233202252854,16718.037379343034,13107.462070159221,17261.411116528856,26145.939880869846,26864.390213261155,23772.147807349178,23909.641542573223,20139.699544641084,24975.397722862395,20407.45191021378,28048.461225731804
1963-04-04,15053.155624073084,17261.411116528856,13191.49139964012,15133.472071993381,23788.993912826812,23909.641542573223,23750.56076583682,24975.397722862395,21675.5539285711,28048.461225731804,19805.72416506066,27534.74820120617
1963-04-05,13978.03655867275,15133.472071993381,11424.364330657569,12497.276337490643,23289.911225266755,24975.397722862395,22893.61897730886,28048.461225731804,19414.16766358474,27534.74820120617,16854.12763727981,24003.65373179636
1963-04-06,11530.48214261609,12497.276337490643,8208.044615064882,10165.455788147778,23651.836953824877,28048.461225731804,20440.38127950877,27534.74820120617,16881.334817860425,24003.65373179636,13559.26610574664,19107.82918776566
1963-04-07,8291.792732755292,10165.455788147778,6438.866577768151,8625.627957330653,22944.98456997797,27534.74820120617,19262.018907900507,24003.65373179636,15178.342801375176,19107.82918776566,13330.95349563162,16166.844041794728
1963-04-08,7100.9934530516175,8625.627957330653,5668.0626017955565,7522.789191965858,21346.32835704754,24003.65373179636,17876.384269824994,19107.82918776566,14984.864213040812,16166.844041794728,13561.048165715518,14177.153544582943
1963-04-09,6106.804159567562,7522.789191965858,4993.4359691399395,6703.4786025764115,18249.61272935241,19107.82918776566,15695.928029449937,16166.844041794728,13428.219714271416,14177.153544582943,12323.407754191576,12661.203930109095
1963-04-10,5370.838738252164,6703.4786025764115,4410.750638996659,5958.387291047942,14827.316339171848,16166.844041794728,12989.670019785262,14177.153544582943,11154.053505964881,12661.203930109095,10198.138461387003,11373.748544433625
1963-04-11,4723.139228282687,5958.387291047942,3946.3064352716924,5368.117243959079,12709.46984269797,14177.153544582943,11244.139848608069,12661.203930109095,9637.988879285698,11373.748544433625,8863.818855222387,10341.160589536994
1963-04-12,4223.453307402211,5368.117243959079,3531.799564352402,4888.585642861966,11189.368861815998,12661.203930109095,9944.942350546791,11373.748544433625,8571.778950937098,10341.160589536994,7881.823761508023,9461.857303522745
1963-04-13,3802.008941128348,4888.585642861966,3227.0211882550466,4505.907249139344,9977.428044059669,11373.748544433625,8950.215751878059,10341.160589536994,7733.852531084833,9461.857303522745,7159.88645743279,8635.870403514662
1963-04-14,3492.5376671350523,4505.907249139344,2991.8544097298272,4179.973293262423,9031.73682135938,10341.160589536994,8158.195476272416,9461.857303522745,7103.313969938199,8635.870403514662,6603.5660237384855,8084.3924615593505
1963-04-15,3243.83586036041,4179.973293262423,2804.061472548347,3920.5543181860803,8260.441549434781,9461.857303522745,7519.2412269179895,8635.870403514662,6584.206684354664,8084.3924615593505,6144.979318282189,8234.319715628753
1963-04-16,3035.834605491894,3920.5543181860803,2630.95013103595,3890.1478228878786,7614.23339814955,8635.870403514662,6957.480738718658,8084.3924615593505,6130.748221286227,8234.319715628753,5726.331296264119,8945.920274099746
1963-04-17,2862.27345977112,3890.1478228878786,2480.1956115327575,4000.9589584196056,6982.550655525414,8084.3924615593505,6483.046113420653,8234.319715628753,5747.748007242164,8945.920274099746,5366.604848934698,8355.416669463655
1963-04-18,3022.5588677029914,4000.9589584196056,2630.4795172665927,3701.030553001072,6648.49105923877,8234.319715628753,6821.539071188712,8945.920274099746,6178.302766549081,8355.416669463655,5777.573195976754,8137.106894277292
1963-04-19,2885.5939075141114,3701.030553001072,2509.3727438453298,3455.1212237887676,7394.390852267124,8945.920274099746,7171.703900022276,8355.416669463655,6194.089379631219,8137.106894277292,5810.592598727456,7722.672423500218
1963-04-20,2732.897995269581,3455.1212237887676,2368.707203830979,3245.7019303360184,7712.1785106888,8355.416669463655,6978.680342959542,8137.106894277292,6167.508077532433,7722.672423500218,5798.451817532188,7134.086428422725
1963-04-21,2529.8753369019037,3245.7019303360184,2245.4620813068086,3117.7177571346283,6851.829243971613,8137.106894277292,6228.628499558701,7722.672423500218,5470.7449447394265,7134.086428422725,5182.924565211912,6746.159039636039
1963-04-22,2457.6116060637837,3117.7177571346283,2173.243668951767,3039.295829910927,6657.257848546954,7722.672423500218,6089.7326717341275,7134.086428422725,5469.03331571202,6746.159039636039,5183.239970336382,6496.292940145353
1963-04-23,2376.024162985641,3039.295829910927,2150.017777606203,3000.371481715749,6360.488304363981,7134.086428422725,5937.352788533121,6746.159039636039,5355.4198331393445,6496.292940145353,5128.7756529918715,6292.050557031107
1963-04-24,2400.1431589761205,3000.371481715749,2079.9518738892048,2839.1382632669856,6007.747268619452,6746.159039636039,5688.92983932939,6496.292940145353,5176.144744968584,6292.050557031107,4853.722305580774,6031.915546231405
1963-04-25,2257.783239721973,2839.1382632669856,2059.326744047595,2795.0613798401146,5780.180271525758,6496.292940145353,5465.5164109972175,6292.050557031107,4840.684199566091,6031.915546231405,4640.492353347437,5875.143628474573
1963-04-26,2242.1859848734757,2795.0613798401146,1989.3061128350955,2751.259483218684,5580.700893183562,6292.050557031107,5162.399780948595,6031.915546231405,4679.496078786882,5875.143628474573,4425.374856578519,5194.457599245559
1963-04-27,2169.926946812906,2751.259483218684,1951.6770808012407,2659.324940440021,5307.949919291061,6031.915546231405,5026.77622386337,5875.143628474573,4509.0216553631,5194.457599245559,4289.84570312924,4428.373969076378
1963-04-28,2157.292882203063,2659.324940440021,1937.609956913979,2300.8923158449525,5206.044230236243,5875.143628474573,4934.466320853761,5194.457599245559,4438.870347837612,4428.373969076378,4218.4401256627525,4822.572540252819
1963-04-29,2099.1171046240465,2300.8923158449525,1872.7575308758014,2284.1710514349115,5089.307792554811,5194.457599245559,4785.067416298703,4428.373969076378,4315.754306007014,4822.572540252819,4088.7955101014195,6116.2933715939525
1963-04-30,1910.2732042711948,2284.1710514349115,1675.4184134163254,3328.018163389529,4528.770157463219,4428.373969076378,4099.363233060734,4822.572540252819,3832.9410773190793,6116.2933715939525,3597.5229500007945,6506.698051309178
1963-05-01,2008.68767474874,3328.018163389529,1822.4059360969038,3064.306645451481,3740.826544664037,4822.572540252819,3975.833441622928,6116.2933715939525,3758.5288314619547,6506.698051309178,3564.6708809029165,6950.593057022505
1963-05-02,2641.9723065444014,3064.306645451481,2762.4891321708674,3009.0843413629127,4596.967155036138,6116.2933715939525,5707.718051277462,6506.698051309178,4969.223944364738,6950.593057022505,5076.782882917104,7942.180003401622
1963-05-03,2914.3664120730477,3009.0843413629127,2684.934196745665,3360.7700344171635,6650.544079586339,6506.698051309178,5986.686919266898,6950.593057022505,5784.413249115476,7942.180003401622,5546.767973872504,7795.433524077783
1963-05-04,2601.5958264370574,3360.7700344171635,2325.9259852664263,3359.0302329173874,5591.220984968142,6950.593057022505,5197.989776692273,7942.180003401622,4784.1098215070915,7795.433524077783,4502.398081208447,7459.950534590328
1963-05-05,2653.8225070357335,3359.0302329173874,2359.4671949444996,3183.0854453978136,6027.431667140263,7942.180003401622,6023.418605557491,7795.433524077783,5336.7219131856,7459.950534590328,5039.885549187329,6959.202051621647
1963-05-06,2662.2265065420534,3183.0854453978136,2313.7024099067257,2977.2115653998435,7181.706916110652,7795.433524077783,6784.576864296397,7459.950534590328,6094.667084411542,6959.202051621647,5745.213999488551,6524.740355979439
1963-05-07,2490.700650832435,2977.2115653998435,2166.30054658645,2777.1005838276014,6835.295359989614,7459.950534590328,6278.428598212058,6959.202051621647,5608.2696657896995,6524.740355979439,5283.681287899773,6332.387659505128
1963-05-08,2335.595410033775,2777.1005838276014,2001.2323145151022,2795.3329714060274,6368.123450372142,6959.202051621647,5836.98283463966,6524.740355979439,5220.657729037008,6332.387659505128,4886.0392025201245,6841.794750728459
1963-05-09,2172.4707453300443,2795.3329714060274,1889.694175957918,2898.671539841296,5930.322371500618,6524.740355979439,5466.368079117976,6332.387659505128,4908.356625595708,6841.794750728459,4626.884455112899,7454.310334461772
1963-05-10,2273.2549283729145,2898.671539841296,1978.8668751393025,2806.9967705673084,5591.039223840558,6332.387659505128,5458.683180925462,6841.794750728459,4967.568527554737,7454.310334461772,4672.802833022709,6760.909021099795
1963-05-11,2329.3813619839375,2806.9967705673084,2007.1634064942684,2749.448063556173,5715.82183623078,6841.794750728459,5786.684217202068,7454.310334461772,5159.1008376150985,6760.909021099795,4830.83590973271,6682.845090998033
1963-05-12,2224.12013546389,2749.448063556173,1938.9119918305564,2577.9494558188862,6342.550037282853,7454.310334461772,6052.360029180789,6760.909021099795,5255.601621104606,6682.845090998033,4967.449030937902,6443.183390220131
1963-05-13,2112.825571540827,2577.9494558188862,1834.9977943525578,2447.3599025996527,6580.657730237064,6760.909021099795,5978.859230191618,6682.845090998033,5312.596369593251,6443.183390220131,5033.056893373714,5988.679404339439
1963-05-14,2005.0139027696782,2447.3599025996527,1715.134780658855,2291.026391583375,5901.329124946433,6682.845090998033,5392.121511369833,6443.183390220131,4798.944248236545,5988.679404339439,4507.159321446832,4054.396126307881
1963-05-15,1866.3889125497706,2291.026391583375,1639.6324698035303,2128.6441667001995,5683.238628655941,6443.183390220131,5237.648990391489,5988.679404339439,4623.104700117092,4054.396126307881,4395.814544639965,4157.123962372532
1963-05-16,1780.3452571064822,2128.6441667001995,1571.15638243611,2117.7808908456964,5508.406893632686,5988.679404339439,5010.481840367449,4054.396126307881,4500.148704484909,4157.123962372532,4290.511413702486,13989.385041177346
1963-05-17,1677.2169746539198,2117.7808908456964,1484.6317751170204,4155.577045666906,5087.06044026499,4054.396126307881,4648.862049333402,4157.123962372532,4207.15267525084,13989.385041177346,4014.4662735711463,14825.504415673775
1963-05-18,2123.8803243783204,4155.577045666906,1838.859192407253,4056.491832312231,3578.2651313606502,4157.123962372532,4899.772172998153,13989.385041177346,4830.371073965955,14825.504415673775,4523.814606156073,12398.974403941265
1963-05-19,3194.5338307035836,4056.491832312231,2873.602141691117,3717.7982922445253,5198.39006205399,13989.385041177346,8487.442235124481,14825.504415673775,6810.897658683389,12398.974403941265,6429.0921508965375,11671.446657134209
1963-05-20,3195.1495334155898,3717.7982922445253,2873.8373510741185,3601.8798435658346,15069.612600672232,14825.504415673775,12470.78937430514,12398.974403941265,11280.809845003121,11671.446657134209,10953.2755095442,10151.623884469529
1963-05-21,2962.938389120435,3601.8798435658346,2556.3785644741183,3383.8047461078304,11601.650506955262,12398.974403941265,10052.420188056161,11671.446657134209,9114.29262977881,10151.623884469529,8706.953173301632,8734.272880098913
1963-05-22,2719.9513514579744,3383.8047461078304,2352.378857388352,3029.299154694184,10002.45486253645,11671.446657134209,9038.172352129273,10151.623884469529,8016.33817680967,8734.272880098913,7649.893141720309,7922.352257224807
1963-05-23,2577.4259564038357,3029.299154694184,2201.479585247289,2790.5151444797034,9707.742918768246,10151.623884469529,8723.659415752427,8734.272880098913,7821.0309571222915,7922.352257224807,7448.233109783479,7236.616621162903
1963-05-24,2341.676044137164,2790.5151444797034,2022.5463040530722,2578.383818174024,8463.236684564845,8734.272880098913,7541.2966496663375,7922.352257224807,6777.631707294491,7236.616621162903,6460.381662968803,6649.425361719668
1963-05-25,2168.2276703259768,2578.383818174024,1896.558642242947,2405.3657198613596,7235.1932311965575,7922.352257224807,6552.360071129327,7236.616621162903,5867.657971377439,6649.425361719668,5596.633961136469,6217.668846503933
1963-05-26,2036.5484378034935,2405.3657198613596,1782.80868231361,2276.4834903253704,6655.74796345315,7236.616621162903,6048.348287708408,6649.425361719668,5458.02280279546,6217.668846503933,5205.143083226279,7676.436503105317
1963-05-27,1914.4145941450222,2276.4834903253704,1680.7888890624622,2217.523201444863,6108.089176994809,6649.425361719668,5598.282184053198,6217.668846503933,5053.28236924496,7676.436503105317,4819.442205743753,7386.221218066523
1963-05-28,1814.3408349883732,2217.523201444863,1601.0765881108628,2678.009031337474,5664.5616111763275,6217.668846503933,5203.568307110161,7676.436503105317,4701.464320354452,7386.221218066523,4488.571006510879,7415.771495687695
1963-05-29,1818.9850225935584,2678.009031337474,1605.2528621298525,2573.603096202245,5337.152142632258,7676.436503105317,5058.729313150321,7386.221218066523,4630.628228906087,7415.771495687695,4417.7221571031705,6636.275790093201
1963-05-30,2140.921548372287,2573.603096202245,1827.508059407425,2268.9615411899103,6544.464597445307,7386.221218066523,6670.205357537445,7415.771495687695,6035.794684086377,6636.275790093201,5722.22390185105,6262.18611593855
1963-05-31,1946.1284435285415,2268.9615411899103,1728.0695018211259,2070.000028516277,6878.655401305967,7415.771495687695,6290.245468881618,6636.275790093201,5580.940455694629,6262.18611593855,5363.9766888192535,5944.462891012012
1963-06-01,1824.644088546087,2070.000028516277,1576.6978885417493,1974.3033290692472,6304.323559420936,6636.275790093201,5600.2227639421335,6262.18611593855,5094.643413435228,5944.462891012012,4847.753250912084,5459.473790292255
1963-06-02,1646.8049668757153,1974.3033290692472,1449.9052182689904,1877.09221835896,5507.701339949708,6262.18611593855,4979.003061927144,5944.462891012012,4506.486139936792,5459.473790292255,4310.31191923936,5155.285712493406
1963-06-03,1585.2901461522738,1877.09221835896,1393.3905073895228,1794.0308307657815,5254.41092751701,5944.462891012012,4849.468491268808,5459.473790292255,4412.309197185608,5155.285712493406,4221.317029307751,4733.354191053069
1963-06-04,1512.7300340946067,1794.0308307657815,1330.8189126503803,1731.7544231829397,5078.74670577793,5459.473790292255,4685.528386797811,5155.285712493406,4275.419816478027,4733.354191053069,4094.604287000337,5835.306162872645
1963-06-05,1449.9950205640857,1731.7544231829397,1278.919833379369,1519.66078293513,4685.964769443067,5155.285712493406,4347.5918289408755,4733.354191053069,3959.269198613498,5835.306162872645,3788.741715239664,6595.373845934829
1963-06-06,1402.3729712183435,1519.66078293513,1239.1799537088968,2060.9518485216886,4452.156004935185,4733.354191053069,4145.9115315194485,5835.306162872645,3771.933320545152,6595.373845934829,3609.0228030122344,6184.639234464042
1963-06-07,1330.9405485489906,2060.9518485216886,1028.428264359625,2059.8725452527187,4140.707972770848,5835.306162872645,3764.5319306994516,6595.373845934829,3535.839076657583,6184.639234464042,3234.087482204908,4842.261989456887
1963-06-08,1517.1427301111166,2059.8725452527187,1400.7507936956672,1963.1307403761857,4856.2696301494025,6595.373845934829,5134.813924311651,6184.639234464042,4497.080239096038,4842.261989456887,4379.909101580707,4974.002310557231
1963-06-09,1614.8544183875401,1963.1307403761857,1479.8472794958793,1957.2252130296556,6155.265849544747,6184.639234464042,5692.8708068573305,4842.261989456887,5165.1410442197175,4974.002310557231,5033.166345193494,7207.888464727215
1963-06-10,1722.227447218334,1957.2252130296556,1515.2986706571942,2191.7211820491984,5334.058386422396,4842.261989456887,4960.772402581573,4974.002310557231,4656.5143944064075,7207.888464727215,4451.1057644628545,7509.627098867215
1963-06-11,1777.8004516120463,2191.7211820491984,1596.213972729256,2335.675026704311,4296.539811990418,4974.002310557231,4262.661547379072,7207.888464727215,3997.671630485872,7509.627098867215,3813.938542035088,7369.256120176912
1963-06-12,1863.724391977279,2335.675026704311,1644.4728217768522,2345.855206834449,4604.591069048657,7207.888464727215,4614.784740309207,7509.627098867215,4155.686226559823,7369.256120176912,3934.719459976289,7314.505441559817
1963-06-13,1855.2475272801164,2345.855206834449,1691.378491040325,2177.674324199472,6431.103668710051,7509.627098867215,6186.129796661797,7369.256120176912,5571.447236822653,7314.505441559817,5407.981672435678,7178.275056855412
1963-06-14,1894.2893491374925,2177.674324199472,1672.626991715203,2232.81307168979,6672.595842674118,7369.256120176912,6228.584573142718,7314.505441559817,5658.492562956737,7178.275056855412,5438.505095065739,6916.552530391299
1963-06-15,1762.9526200807852,2232.81307168979,1551.9598521217122,2094.2849339592417,6399.373322990279,7314.505441559817,5850.892184930257,7178.275056855412,5336.644124563358,6916.552530391299,5127.923209904016,6266.89173709114
1963-06-16,1800.7065943509424,2094.2849339592417,1568.9864485367398,1888.7316135748526,6211.035476629975,7178.275056855412,5883.581466555588,6916.552530391299,5326.327674373757,6266.89173709114,5094.692081814073,5072.818261152775
1963-06-17,1650.0330500415007,1888.7316135748526,1515.6588530998686,1772.7646878389778,6280.023064891298,6916.552530391299,5682.7902566721095,6266.89173709114,5136.854690130892,5072.818261152775,5004.349987473684,3368.2471777808023
1963-06-18,1601.6859352922393,1772.7646878389778,1399.605680273131,1655.5147735846317,5823.353873986978,6266.89173709114,5219.036002382418,5072.818261152775,4844.816185564752,3368.2471777808023,4644.818155875478,4675.0592583719945
1963-06-19,1455.2874679732838,1655.5147735846317,1292.6912398558575,1860.0338150045459,5235.974312195647,5072.818261152775,4781.941658501077,3368.2471777808023,4385.960064514329,4675.0592583719945,4225.233654391979,11196.01280637637
1963-06-20,1456.2668744370408,1860.0338150045459,1223.0714854582475,2432.3517264300817,4370.1417293755385,3368.2471777808023,4605.022375830363,4675.0592583719945,4351.619734088258,11196.01280637637,4111.670373244047,10986.104453875927
1963-06-21,1783.10351893079,2432.3517264300817,1345.7807514625508,2357.5728471967755,3624.6133938034736,4675.0592583719945,4772.648410702139,11196.01280637637,4470.591562166458,10986.104453875927,4008.127381994991,8688.048869640897
1963-06-22,1558.379167609222,2357.5728471967755,1633.0224803806625,1880.6616958406023,5593.446433995039,11196.01280637637,5738.5013069434735,10986.104453875927,4566.970787013688,8688.048869640897,4617.496718796299,7747.485722647195
1963-06-23,2012.5634493146608,1880.6616958406023,1957.3898264523918,2207.710257337718,9884.558623405472,10986.104453875927,8397.452704455762,8688.048869640897,7860.161400354873,7747.485722647195,7804.793226569984,6743.140825659973
1963-06-24,1754.9028628779272,2207.710257337718,1644.700997219347,2247.58226533129,8599.133829840852,8688.048869640897,7217.816237810666,7747.485722647195,6951.856175593168,6743.140825659973,6845.621689075449,5834.908044363521
1963-06-25,1839.648830030928,2247.58226533129,1745.909016643227,2050.5539657106156,6726.442569533175,7747.485722647195,6432.787894630731,6743.140825659973,5983.007394756313,5834.908044363521,5892.2785412223475,5386.985025182024
1963-06-26,1921.6004275552623,2050.5539657106156,1626.5095254546945,1975.721970462894,6774.3054297355475,6743.140825659973,6304.630891278754,5834.908044363521,5900.438871618309,5386.985025182024,5608.545871729999,5586.648015659603
1963-06-27,1639.005781130169,1975.721970462894,1363.1848006227651,1842.9999600541269,5839.064264322029,5834.908044363521,5266.958451747437,5386.985025182024,4788.7370102222085,5586.648015659603,4514.497896945621,5175.309786808104
1963-06-28,1522.6634398022097,1842.9999600541269,1280.3434026048255,1704.9710340609086,4929.351675085078,5386.985025182024,4577.660291949931,5586.648015659603,4067.095030323264,5175.309786808104,3825.2444799386394,4721.070587621412
1963-06-29,1441.7947555318901,1704.9710340609086,1163.6728701713198,1514.9596774586735,4676.407919062073,5586.648015659603,4302.442141415917,5175.309786808104,3842.998692918819,4721.070587621412,3564.884611831916,4375.507124496382
1963-06-30,1306.777353836225,1514.9596774586735,1146.8183236275572,1409.6514205136673,4764.988103674303,5175.309786808104,4346.949553013956,4721.070587621412,3888.4970103129117,4375.507124496382,3729.466882137339,4102.113837691088
1963-07-01,1207.828366063455,1409.6514205136673,1081.8683130173774,1342.6432278031443,4402.2058204401055,4721.070587621412,3965.2157406136757,4375.507124496382,3591.076520120413,4102.113837691088,3465.5094208272267,3941.7635287439207
1963-07-02,1152.5538088437113,1342.6432278031443,1040.505049428436,1328.3472250165128,3977.7800911685554,4375.507124496382,3630.0032391484638,4102.113837691088,3321.4113080269226,3941.7635287439207,3209.9506917835242,3862.7204287557215
1963-07-03,1204.357317049478,1328.3472250165128,1047.580796372778,1293.0118663140465,3735.3924864832493,4102.113837691088,3492.985237756019,3941.7635287439207,3274.2653685045916,3862.7204287557215,3118.019994460171,3601.134631399719
1963-07-04,1056.5054746525916,1293.0118663140465,988.2900869072116,1276.5844882993922,3582.573801804134,3941.7635287439207,3337.4556040511047,3862.7204287557215,3015.6539003096455,3601.134631399719,2947.8044640713733,3404.3150281774706
1963-07-05,1105.5826258173747,1276.5844882993922,978.3757584992977,1223.1728762790458,3459.0035265546467,3862.7204287557215,3223.4049586321526,3601.134631399719,2994.790600366185,3404.3150281774706,2868.056869297593,3240.835898543101
1963-07-06,1055.226980476673,1223.1728762790458,937.8808900053473,1134.844791293602,3365.8984315380344,3601.134631399719,3164.3779993341977,3404.3150281774706,2902.4552649315247,3240.835898543101,2785.6190524825142,3276.7488437709717
1963-07-07,1014.2062640120166,1134.844791293602,907.2749154417372,1476.4570193193292,3176.162768951085,3404.3150281774706,2955.9791001425015,3240.835898543101,2709.49230939848,3276.7488437709717,2602.861934113992,3249.7591697627167
1963-07-08,1073.9592230694425,1476.4570193193292,904.7438919140202,1368.7409801324272,2981.2389727498817,3240.835898543101,2740.4913189006675,3276.7488437709717,2645.570689599128,3249.7591697627167,2476.513216688082,3025.883796461568
1963-07-09,1049.6170887409899,1368.7409801324272,972.0697605673442,1193.9856666590424,2804.9320202756553,3276.7488437709717,3012.705777120164,3249.7591697627167,2545.1495751633015,3025.883796461568,2467.6974883341063,3020.2785818299217
1963-07-10,1121.0154067057488,1193.9856666590424,970.0337506219928,1070.0901364151025,3250.11402146779,3249.7591697627167,2979.8132594136696,3025.883796461568,2699.8314264994897,3020.2785818299217,2549.2271444739554,3062.8923217775923
1963-07-11,972.0473896073753,1070.0901364151025,859.6256483499351,1033.433001285695,2844.215490242082,3025.883796461568,2545.7571720662645,3020.2785818299217,2298.72925724604,3062.8923217775923,2186.437718584297,3163.6505617454304
1963-07-12,890.217356508249,1033.433001285695,806.8143153310804,980.5782214331364,2576.077462623776,3020.2785818299217,2339.4873602454704,3062.8923217775923,2136.9159148106355,3163.6505617454304,2053.5554858519304,3044.387639328487
1963-07-13,872.2125212916987,980.5782214331364,793.7292965328704,972.7884231438256,2581.9433605119966,3062.8923217775923,2417.0362246901614,3163.6505617454304,2233.9379418577373,3044.387639328487,2155.9766208307014,2931.96737840564
1963-07-14,832.4465959724976,972.7884231438256,750.6241069351165,969.0769588878086,2676.4064862224604,3163.6505617454304,2495.632753932321,3044.387639328487,2319.6305271176825,2931.96737840564,2237.954036240142,2795.5758117425694
1963-07-15,845.981027654203,969.0769588878086,739.7392320929735,957.8385274481353,2739.497140790554,3044.387639328487,2570.5570819895574,2931.96737840564,2417.1900857603455,2795.5758117425694,2311.51072134359,2610.745208275654
1963-07-16,788.8117253035532,957.8385274481353,717.9280030113135,925.3920440542709,2659.486630441291,2931.96737840564,2502.630998264428,2795.5758117425694,2298.80035177066,2610.745208275654,2228.578822328358,2542.02717953536
1963-07-17,802.9598297983171,925.3920440542709,722.9671373674365,899.8267249214712,2572.027986128349,2795.5758117425694,2418.24897367066,2610.745208275654,2243.0907273033017,2542.02717953536,2163.76585196793,2574.410463696092
1963-07-18,791.2852037812231,899.8267249214712,712.9330258164586,886.3187731287393,2456.721351277172,2610.745208275654,2294.584783979961,2542.02717953536,2143.7021019165268,2574.410463696092,2066.130477140976,2620.6403927129923
1963-07-19,759.2153263071364,886.3187731287393,693.597402095724,913.7843765837024,2288.132325481384,2542.02717953536,2149.652418919973,2574.410463696092,1994.5248585536015,2620.6403927129923,1929.4588518311539,2778.50627451693
1963-07-20,752.9781758673032,913.7843765837024,683.6046496092574,889.9325430482547,2233.794846308665,2574.410463696092,2117.2748747014343,2620.6403927129923,1968.6653647746748,2778.50627451693,1899.5802593507042,2621.6524881361283
1963-07-21,759.3566062311279,889.9325430482547,685.2139736996007,874.2760318209835,2251.899712729053,2620.6403927129923,2162.3830923500145,2778.50627451693,1994.2031227311516,2621.6524881361283,1920.4917104461351,2482.890903172991
1963-07-22,744.8851050119088,874.2760318209835,663.4838338193997,847.5097859501398,2314.6894489752594,2778.50627451693,2164.910583204783,2621.6524881361283,2009.4887880683636,2482.890903172991,1928.9018417747732,2447.4580701409686
1963-07-23,722.8965785660832,847.5097859501398,653.7320852977325,818.1342146479218,2384.6213299279434,2621.6524881361283,2239.1895243633835,2482.890903172991,2076.1608083320207,2447.4580701409686,2008.0587874163934,2400.2630084538196
1963-07-24,707.5789673786481,818.1342146479218,642.1205289331043,794.2558328568207,2268.4654577580604,2482.890903172991,2121.7688780669205,2447.4580701409686,1973.3857039306642,2400.2630084538196,1908.8185270492963,2319.51726431947
1963-07-25,686.3586740700175,794.2558328568207,626.305858323723,776.984707671523,2142.0279654451806,2447.4580701409686,2002.7494106709341,2400.2630084538196,1865.0223879873352,2319.51726431947,1805.749302674127,2268.2902323921585
1963-07-26,671.7237316526644,776.984707671523,610.8926417471365,765.0735881105184,2101.6896051975805,2400.2630084538196,1969.4544871471103,2319.51726431947,1842.1974761683455,2268.2902323921585,1782.1841078567559,2168.1491360949235
1963-07-27,655.1659947091646,765.0735881105184,594.9162957335874,752.2805235359187,2061.7208540846286,2319.51726431947,1937.8018738620935,2268.2902323921585,1812.5130438361484,2168.1491360949235,1753.1094733033829,2181.531773637652
1963-07-28,642.6862216302911,752.2805235359187,583.3615445384788,678.2843420456393,1997.408661252813,2268.2902323921585,1884.3539772316271,2168.1491360949235,1760.0444417193753,2181.531773637652,1701.5253609030765,2015.0885554656777
1963-07-29,631.7868983247714,678.2843420456393,568.2703889083621,743.3878340113165,1956.6334719950432,2168.1491360949235,1845.7928300010813,2181.531773637652,1724.5538807787775,2015.0885554656777,1661.8222492838759,2123.133753393052
1963-07-30,603.8949780221436,743.3878340113165,538.5441766459398,737.3494726872361,1872.3980514370296,2181.531773637652,1707.8508592043906,2015.0885554656777,1634.4631473309892,2123.133753393052,1569.808137342488,2548.0817899733643
1963-07-31,599.1490680474018,737.3494726872361,551.330405977804,717.2249598183344,1815.5873926696704,2015.0885554656777,1789.4294270996606,2123.133753393052,1645.5854366010885,2548.0817899733643,1598.5435808671245,3066.851952087865
1963-08-01,610.2126643317233,717.2249598183344,550.4642273349574,767.9045714971492,1809.9601594101214,2123.133753393052,1907.758419587653,2548.0817899733643,1782.197365809799,3066.851952087865,1720.7721419137295,3003.635029495946
1963-08-02,657.9694136381349,767.9045714971492,581.5008696576267,801.3564256732603,2022.06768736486,2548.0817899733643,2296.861429997449,3066.851952087865,2028.228221935496,3003.635029495946,1933.119360153968,2813.7330375694655
1963-08-03,620.242335417973,801.3564256732603,636.1629877283458,823.8340007785062,2610.8693221345493,3066.851952087865,1989.4466163781512,3003.635029495946,1839.3769970985254,2813.7330375694655,1855.9490641275966,2677.8444770305337
1963-08-04,732.7874016404064,823.8340007785062,646.248668681625,852.8967560842464,2185.8655943141516,3003.635029495946,2087.0559028504495,2813.7330375694655,2019.8723286226739,2677.8444770305337,1934.6643970731477,2340.533633699073
1963-08-05,672.3987580723965,852.8967560842464,570.4751516357287,790.2134872099462,2553.800480263475,2813.7330375694655,2415.9258344425944,2677.8444770305337,2260.749690444345,2340.533633699073,2160.5392814896704,2183.3202530403873
1963-08-06,657.6678513075024,790.2134872099462,585.6045869579759,759.6030907221884,2409.1861316017057,2677.8444770305337,2296.0752421341535,2340.533633699073,2099.9353872280994,2183.3202530403873,2029.2699481843645,2165.968128801528
1963-08-07,632.448930441032,759.6030907221884,569.6938458956022,735.60514791484,2313.131401878541,2340.533633699073,2117.521643007615,2183.3202530403873,1961.4612505491955,2165.968128801528,1900.1097363544318,2176.707063239283
1963-08-08,657.2343839379618,735.60514791484,557.1440708138988,720.1855354845109,1958.008623434067,2183.3202530403873,1829.7245668270275,2165.968128801528,1734.7413916762837,2176.707063239283,1635.5457724360695,2118.1632095687232
1963-08-09,574.5878918345961,720.1855354845109,540.7641754866723,673.034694323348,1852.6004622061141,2165.968128801528,1738.5491964172904,2176.707063239283,1586.8683235800386,2118.1632095687232,1553.8627987557652,2105.380438881829
1963-08-10,605.5402604281901,673.034694323348,549.9413562044836,647.3306219232138,1835.8300339366842,2176.707063239283,1729.3818159195625,2118.1632095687232,1624.9117566634825,2105.380438881829,1570.1780278816684,3169.0463864621724
1963-08-11,563.1165956509265,647.3306219232138,509.2446647462572,624.0429106837365,1845.5992188886817,2118.1632095687232,1705.4448253385194,2105.380438881829,1606.3247703817178,3169.0463864621724,1553.4165080810126,2675.7935659034856
1963-08-12,536.789973232936,624.0429106837365,493.6027937507115,653.2504551328502,1763.9618435806296,2105.380438881829,1648.076174523579,3169.0463864621724,1549.345359023795,2675.7935659034856,1507.05449429906,2883.839090297317
1963-08-13,520.0174170662048,653.2504551328502,481.29090683426807,667.7790142811941,1774.6185716001414,3169.0463864621724,1677.7922670570354,2675.7935659034856,1584.986188019654,2883.839090297317,1547.0064656039397,2545.4541693949177
1963-08-14,560.6025471565863,667.7790142811941,499.36444632543345,658.3446678915452,2606.1259570325165,2675.7935659034856,2448.356219403121,2883.839090297317,2352.5007863327833,2545.4541693949177,2293.158240136007,2198.865373310863
1963-08-15,537.126694825776,658.3446678915452,491.95601717803135,629.6555752848333,2257.219909615611,2883.839090297317,2110.8752100956417,2545.4541693949177,1986.6633472365693,2198.865373310863,1943.1397981613522,2090.681934632832
1963-08-16,541.1466540680835,629.6555752848333,493.2101153397753,615.4008007215743,2391.026658289595,2545.4541693949177,2218.006015238756,2198.865373310863,2106.487420802706,2090.681934632832,2060.4919349870565,2154.6230763061535
1963-08-17,520.4257332871944,615.4008007215743,477.8105557701904,601.0399717211412,2114.8049693016183,2198.865373310863,1954.8676814272558,2090.681934632832,1855.3340157967887,2154.6230763061535,1814.3688117376394,2085.730305430707
1963-08-18,510.51196302391594,601.0399717211412,465.66175546885614,561.1386917797037,1824.334313191098,2090.681934632832,1711.7971770775398,2154.6230763061535,1621.43151569013,2085.730305430707,1577.6561253969958,1992.4342441176332
1963-08-19,495.78672374618696,561.1386917797037,451.5259546176528,579.0346486862172,1749.2800854811721,2154.6230763061535,1637.9008747260355,2085.730305430707,1548.9165190266312,1992.4342441176332,1505.666049538374,2330.4794487759073
1963-08-20,462.29203636915764,579.0346486862172,393.9928306110632,562.3071539501277,1789.3512045666862,2085.730305430707,1653.2777210404329,1992.4342441176332,1570.5834102056465,2330.4794487759073,1503.3677677816045,2905.1070935802572
1963-08-21,458.26449121979795,562.3071539501277,453.9507208601436,577.8278130449751,1723.5969771576852,1992.4342441176332,1760.8447033061425,2330.4794487759073,1650.5766645568594,2905.1070935802572,1645.9614790100013,3071.5794613048865
1963-08-22,497.6569168140762,577.8278130449751,463.68365404871565,582.1943398782423,1801.3274609987816,2330.4794487759073,1915.1968154710987,2905.1070935802572,1765.8034324991484,3071.5794613048865,1722.3232044914287,2428.2819195982397
1963-08-23,478.20596601150504,582.1943398782423,439.6043986127571,570.1226484119695,2190.67920559426,2905.1070935802572,1757.9327953259483,3071.5794613048865,1675.2039521246631,2428.2819195982397,1637.8269326030565,2127.866573537961
1963-08-24,480.1620660774459,570.1226484119695,446.18796660012435,558.4395432952222,2163.7475019025583,3071.5794613048865,2027.498425117527,2428.2819195982397,1933.3276946534274,2127.866573537961,1900.9338461839052,2013.8178696567047
1963-08-25,474.295182152046,558.4395432952222,441.83358512027894,545.33473878881,2513.0816643284716,2428.2819195982397,2309.3851087471944,2127.866573537961,2222.627304751677,2013.8178696567047,2192.438301458938,1923.6508378421981
1963-08-26,466.8290092203006,545.33473878881,431.8233353188611,542.1617284731547,1989.8962300240114,2127.866573537961,1848.9948746143878,2013.8178696567047,1773.7366537778307,1923.6508378421981,1740.2844263670777,1853.8936880584706
1963-08-27,456.40076744473174,542.1617284731547,421.04145051075074,523.4093412087182,1753.8127875955302,2013.8178696567047,1641.2430746608165,1923.6508378421981,1569.3553776400327,1853.8936880584706,1535.1207828794684,1848.365265400115
1963-08-28,448.083741956562,523.4093412087182,413.4992559497292,496.8072775926863,1663.632587299322,1923.6508378421981,1561.758649790326,1853.8936880584706,1489.893843938171,1848.365265400115,1456.2866827434677,1913.454366768708
1963-08-29,436.2253791706545,496.8072775926863,390.4565236199328,521.2491168020758,1594.7787438766857,1853.8936880584706,1498.3729944108954,1848.365265400115,1430.6378383518881,1913.454366768708,1385.6465209065184,1828.7543920822327
1963-08-30,409.6328522202195,521.2491168020758,363.79935729516603,515.2693709720154,1533.3578988778074,1848.365265400115,1423.8928597811946,1913.454366768708,1357.8378919706574,1828.7543920822327,1312.7443748896749,1719.8549023181367
1963-08-31,409.68847836299517,515.2693709720154,414.8423410933208,503.17484486948615,1509.7840906755405,1913.454366768708,1446.5481327794316,1828.7543920822327,1360.2564759553165,1719.8549023181367,1366.1947428471524,1753.950059497749
1963-09-01,454.5302804375983,503.17484486948615,400.8598932566899,452.04664436643543,1598.5172455819597,1828.7543920822327,1504.759063451837,1719.8549023181367,1466.1908225210018,1753.950059497749,1413.4580119775246,1704.10630184936
1963-09-02,401.77298402593266,452.04664436643543,369.1510786741476,454.63416102854944,1511.0149697331176,1719.8549023181367,1416.9385250685975,1753.950059497749,1339.274036013066,1704.10630184936,1307.432339692373,1726.6702851805626
1963-09-03,369.3921143771208,454.63416102854944,361.72848790896876,468.7704084386706,1417.2791038070366,1753.950059497749,1296.7222008783451,1704.10630184936,1239.8155514025977,1726.6702851805626,1232.7705188556843,1769.2654610050872
1963-09-04,411.50587005797354,468.7704084386706,372.049128240512,472.45913197123525,1405.1218448631453,1704.10630184936,1338.0565722162255,1726.6702851805626,1317.551104730141,1769.2654610050872,1278.4724762561214,1656.7261078030433
1963-09-05,377.6613650831396,472.45913197123525,386.7897126149919,467.67594931869866,1411.5359132591595,1726.6702851805626,1341.0429470751046,1769.2654610050872,1275.806251095476,1656.7261078030433,1285.62988596818,1626.0280695846263
1963-09-06,419.4185798094512,467.67594931869866,397.93664518635137,460.83614768387326,1425.528574789741,1769.2654610050872,1348.3897741015855,1656.7261078030433,1324.718411228971,1626.0280695846263,1303.9580147305387,1588.0258503716393
1963-09-07,400.42109887942934,460.83614768387326,389.7373746651743,470.1320982548246,1453.4026458871695,1656.7261078030433,1369.12172763522,1626.0280695846263,1329.4359150349255,1588.0258503716393,1319.5442827709544,1571.0598932244693
1963-09-08,401.3857768301063,470.1320982548246,403.61121669037834,486.7135870132655,1358.9447410143694,1626.0280695846263,1280.9664115598048,1588.0258503716393,1250.6605543361015,1571.0598932244693,1253.5071739330022,1577.805948866631
1963-09-09,420.86144585639653,486.7135870132655,416.52862401418963,499.0719516758848,1330.8451576432128,1588.0258503716393,1270.7363585962962,1571.0598932244693,1251.517362490947,1577.805948866631,1247.7717850772856,1576.867419388021
1963-09-10,431.14545563610847,499.0719516758848,418.88215912220187,508.11393415383236,1314.205097323258,1571.0598932244693,1263.7993949572415,1577.805948866631,1239.2431349580013,1576.867419388021,1227.5249354112364,1564.788479563774
1963-09-11,434.63808926254677,508.11393415383236,420.6429809842407,517.3971779811926,1308.741809295725,1577.805948866631,1256.2456762105783,1576.867419388021,1223.6197445576063,1564.788479563774,1210.1350394914962,1570.6795828906313
1963-09-12,439.9996981527926,517.3971779811926,423.16709865187244,523.9767192778852,1312.1271662230793,1576.867419388021,1257.1304010190174,1564.788479563774,1221.64516217248,1570.6795828906313,1205.3136371528858,1592.9741243924445
1963-09-13,444.2424887344979,523.9767192778852,425.15633769067676,526.811754693191,1309.7511724457281,1564.788479563774,1256.303333216831,1570.6795828906313,1216.4349307679004,1592.9741243924445,1197.8350752129288,1569.5148527094043
1963-09-14,446.9318081006794,526.811754693191,427.73628855377603,528.1351149136049,1301.6395737499397,1570.6795828906313,1246.8124585263781,1592.9741243924445,1203.8897542116006,1569.5148527094043,1185.1550095699436,1560.8103649246875
1963-09-15,448.92455217320946,528.1351149136049,428.2962272759101,526.8011180301592,1304.1688500068685,1592.9741243924445,1245.8148153767422,1569.5148527094043,1202.7192397509834,1560.8103649246875,1182.5537406975877,1561.9385003932466
1963-09-16,448.33132810488485,526.8011180301592,426.5061309336905,524.064558472304,1317.9472188543882,1569.5148527094043,1256.1670863280583,1560.8103649246875,1211.6259317922618,1561.9385003932466,1190.2969482651674,1503.0334970117865
1963-09-17,445.49112215981836,524.064558472304,423.3699671642524,521.470229726527,1296.9199565437032,1560.8103649246875,1234.96220799787,1561.9385003932466,1189.7364177227396,1503.0334970117865,1168.0799940986155,1549.3049250312074
1963-09-18,442.50050312945854,521.470229726527,420.85835725653243,501.59258847738755,1286.48783441175,1561.9385003932466,1224.245861032046,1503.0334970117865,1179.37744512252,1549.3049250312074,1158.1928247714513,1604.4671806845554
1963-09-19,439.28435393694474,501.59258847738755,417.40160163387924,509.97014539223414,1284.2800997461177,1503.0334970117865,1221.7504467066192,1549.3049250312074,1176.8292155462123,1604.4671806845554,1155.4161649188823,1751.498410233717
1963-09-20,421.13444006683426,509.97014539223414,393.36328610845976,514.3412949779383,1236.1735697826534,1549.3049250312074,1201.303917826358,1604.4671806845554,1158.8605511748733,1751.498410233717,1131.0635103969666,1836.006112960033
1963-09-21,438.97327953133805,514.3412949779383,395.75686980271615,514.9407731772385,1293.5969787214474,1604.4671806845554,1239.402267845504,1751.498410233717,1197.0992942942105,1836.006112960033,1153.2717097550074,1683.7962292744237
1963-09-22,407.73035090765217,514.9407731772385,412.8947855750145,504.99875918253105,1332.472003387111,1751.498410233717,1239.9894329669028,1836.006112960033,1171.7216625997853,1683.7962292744237,1177.411265897942,1604.0086211055855
1963-09-23,449.34308058893123,504.99875918253105,429.6506112211354,495.5907932758094,1406.2374787127487,1836.006112960033,1333.0396662866838,1683.7962292744237,1305.3993674807996,1604.0086211055855,1286.4510267689966,1555.2732134304888
1963-09-24,429.6010114618047,495.5907932758094,414.3090013536978,493.5234798792004,1492.9415798754203,1683.7962292744237,1400.9552598337725,1604.0086211055855,1363.0437076445573,1555.2732134304888,1348.675998845858,1531.642782079808
1963-09-25,422.9782393890149,493.5234798792004,417.6793364863922,494.4274832332295,1364.8598681665085,1604.0086211055855,1286.3441332926084,1555.2732134304888,1252.7628940433829,1531.642782079808,1248.1587603664439,1017.7642922669988
1963-09-26,430.0361871468956,494.4274832332295,422.34358970506935,495.03463677712443,1299.290021102754,1555.2732134304888,1233.198405482311,1531.642782079808,1209.8558148075253,1017.7642922669988,1202.7551937015257,1314.473941212841
1963-09-27,430.7321247756617,495.03463677712443,418.112370745264,435.64377438677326,1264.2213347625132,1531.642782079808,1204.425961334537,1017.7642922669988,1181.4805067172115,1314.473941212841,1169.3913461127813,2445.4021034476264
1963-09-28,426.6989872494766,435.64377438677326,411.78899527540796,624.7969264280466,1246.6956293853086,1017.7642922669988,1187.5066730541128,1314.473941212841,1160.3908477394234,2445.4021034476264,1145.9856397137796,4703.476509976239
1963-09-29,417.30325725207206,624.7969264280466,351.1032446683683,685.5022407176311,853.0423225243933,1314.473941212841,1311.5309486577303,2445.4021034476264,1279.5198480411339,4703.476509976239,1203.312783516894,4141.47764831744
1963-09-30,476.34387819181507,685.5022407176311,465.7221213547454,557.6124257707695,1544.1493098109527,2445.4021034476264,1844.5439294073835,4703.476509976239,1639.7309232410255,4141.47764831744,1617.7081650534042,4138.4648971641445
1963-10-01,567.7720740038617,557.6124257707695,521.0985689506429,533.0594455247076,2469.1848278227535,4703.476509976239,2391.8355981912077,4141.47764831744,2169.2251464527835,4138.4648971641445,2110.4789051194593,3610.347138037827
1963-10-02,464.19076712195545,533.0594455247076,434.22608809482074,561.4435915657283,3920.26973146845,4141.47764831744,3257.4479225549626,4138.4648971641445,3138.9010551539,3610.347138037827,3106.8556051370933,3334.627950154967
1963-10-03,445.35102029793245,561.4435915657283,466.673508498368,583.7863883057234,3072.533026367787,4138.4648971641445,2724.067551989707,3610.347138037827,2650.706176240131,3334.627950154967,2672.481770404849,3018.0984045561304
1963-10-04,517.9904214469622,583.7863883057234,525.1048740035103,607.5112460954549,3233.5174260103004,3610.347138037827,3025.270976797156,3334.627950154967,2961.9185066011833,3018.0984045561304,2967.7777141737533,2792.16065075824
1963-10-05,527.5285455922519,607.5112460954549,552.7600912998346,648.4921021037111,2968.4549842658557,3334.627950154967,2676.8984453743406,3018.0984045561304,2630.3909007279244,2792.16065075824,2656.3268488092767,2593.9905318697197
1963-10-06,571.6969716331147,648.4921021037111,568.0811761449917,686.5235809412557,2644.7672369034717,3018.0984045561304,2447.011628106652,2792.16065075824,2429.837085930837,2593.9905318697197,2427.126284889029,2419.2574741963494
1963-10-07,584.127129938573,686.5235809412557,588.6045967857148,725.3882569451785,2445.8300940496024,2792.16065075824,2307.276198014767,2593.9905318697197,2263.7485453584964,2419.2574741963494,2268.8865914364255,2346.7239020148927
1963-10-08,624.1379882094669,725.3882569451785,613.3413396222518,753.9724106941628,2303.957023430833,2593.9905318697197,2182.5144667389677,2419.2574741963494,2142.85584613603,2346.7239020148927,2132.480874419366,2297.2953000348643
1963-10-09,643.517565419214,753.9724106941628,615.6617853017151,768.8281467780153,2152.0689106698874,2419.2574741963494,2058.042525054489,2346.7239020148927,2002.7237015025394,2297.2953000348643,1975.3195910562827,2258.234338084778
1963-10-10,650.3485620233653,768.8281467780153,615.8564400673624,775.8074012173784,2028.883676125548,2346.7239020148927,1947.1257542888875,2297.2953000348643,1873.1138636307057,2258.234338084778,1838.8147137844953,2235.5921192378337
1963-10-11,655.5816188297421,775.8074012173784,618.9211166398986,774.8132461873231,1973.4758852030468,2297.2953000348643,1885.7744030732315,2258.234338084778,1802.7616216913389,2235.5921192378337,1766.1363082247715,2227.583646286267
1963-10-12,657.7939828319411,774.8132461873231,618.3517616996643,766.4474124897672,1924.5445539832017,2258.234338084778,1835.6306782469612,2235.5921192378337,1749.3635282315627,2227.583646286267,1709.9537555238828,2228.4132178526525
1963-10-13,655.3858603884827,766.4474124897672,616.6100949457016,759.4868994451303,1888.2297019715088,2235.5921192378337,1795.4122389160839,2227.583646286267,1707.6006325416893,2228.4132178526525,1668.7709861313651,2224.0868682261134
1963-10-14,648.0998139235378,759.4868994451303,610.8955385841833,751.1586544212396,1862.6471506436326,2227.583646286267,1768.1012033220125,2228.4132178526525,1683.2773888266775,2224.0868682261134,1646.1792710521336,2212.5144126801565
1963-10-15,643.8315689399468,751.1586544212396,607.4200593453253,742.7849387208021,1850.995350597523,2228.4132178526525,1757.3167440986588,2224.0868682261134,1675.6958179168632,2212.5144126801565,1639.4514859408357,2195.180285839585
1963-10-16,637.7812804650054,742.7849387208021,601.8012271003718,736.6451013709716,1850.1352464390498,2224.0868682261134,1755.6973536975313,2212.5144126801565,1674.8659688990151,2195.180285839585,1638.974195880728,2174.415232865964
1963-10-17,630.967670731808,736.6451013709716,595.6294853275206,730.4340999975814,1844.8106762193825,2212.5144126801565,1746.8350170518916,2195.180285839585,1668.1597679265828,2174.415232865964,1633.0195752954078,2154.6508510383933
1963-10-18,625.5897097247931,730.4340999975814,590.6544815786428,726.4910521366342,1830.8555656306726,2195.180285839585,1737.0966147974937,2174.415232865964,1659.436027353849,2154.6508510383933,1624.7459829161849,2054.4530909302234
1963-10-19,619.7133491769744,726.4910521366342,584.9042949463187,721.2286974359679,1818.8560689410779,2174.415232865964,1726.6881554102506,2154.6508510383933,1649.5393877452925,2054.4530909302234,1615.0156841640735,2053.6593907070264
1963-10-20,615.5369119076533,721.2286974359679,580.886772366931,716.0032750980442,1802.2667565729425,2154.6508510383933,1712.0455575904223,2054.4530909302234,1635.0225229857824,2053.6593907070264,1600.692844344566,2050.8399524518404
1963-10-21,611.1696216556276,716.0032750980442,576.5923183757635,712.1908125757577,1786.3679808600987,2054.4530909302234,1696.255612243057,2053.6593907070264,1620.4669795111645,2050.8399524518404,1586.2331927708913,2047.2781121086173
1963-10-22,606.6116665149266,712.1908125757577,571.8953799761784,705.179200061729,1767.4424962285052,2053.6593907070264,1679.301168142431,2050.8399524518404,1604.1777402319128,2047.2781121086173,1569.7939716334145,2042.9926796373225
1963-10-23,602.6663607675551,705.179200061729,568.1180813603625,700.4151255705917,1751.1041655972049,2050.8399524518404,1665.8109367965135,2047.2781121086173,1590.698549448819,2042.9926796373225,1556.494080336882,2030.6421982284833
1963-10-24,596.9551271776488,700.4151255705917,563.1619499152843,696.5445993847246,1736.7427359660699,2047.2781121086173,1649.8974592594363,2042.9926796373225,1575.859676394795,2030.6421982284833,1542.3820914254693,2000.6458390961536
1963-10-25,592.9526335356742,696.5445993847246,559.3244544693049,687.2565345295577,1719.5550802248604,2042.9926796373225,1635.139078555701,2030.6421982284833,1561.7137891218354,2000.6458390961536,1528.385611364687,1977.5275034141107
1963-10-26,589.3965578398373,687.2565345295577,555.3467410653616,687.2456308767975,1706.8544861566838,2030.6421982284833,1623.9727379000647,2000.6458390961536,1550.7081994966666,1977.5275034141107,1516.955537349313,1967.9475661109814
1963-10-27,581.7966790615742,687.2456308767975,530.8487602769048,679.7525189356074,1691.5075351896223,2000.6458390961536,1604.881675184632,1977.5275034141107,1533.1407829153914,1967.9475661109814,1482.4754113153845,1949.9074336937497
1963-10-28,563.3114219815172,679.7525189356074,515.9397580876241,650.8667190750318,1669.7761773011766,1977.5275034141107,1595.1482631654276,1967.9475661109814,1505.0476371704476,1949.9074336937497,1457.966288203307,1926.0715473510886
1963-10-29,555.9826376571334,650.8667190750318,560.8882982965837,674.6144366481782,1667.0016317966852,1967.9475661109814,1586.8767280358547,1949.9074336937497,1495.3952423875576,1926.0715473510886,1500.442352032488,1941.92727436349
1963-10-30,585.3498649432437,674.6144366481782,554.79803852739,680.6957524858547,1659.4180537197399,1949.9074336937497,1552.677422632627,1926.0715473510886,1519.7176247921934,1941.92727436349,1489.3682728738563,1931.4858560350854
1963-10-31,576.5436318588232,680.6957524858547,538.9789869670054,678.7706381238289,1622.193892089482,1926.0715473510886,1569.0300463819278,1941.92727436349,1504.1773719995006,1931.4858560350854,1466.9276628500293,1962.1685678558829
1963-11-01,574.5836474180094,678.7706381238289,528.9408358208591,639.6383829057311,1653.4675799297947,1941.92727436349,1589.888217433948,1931.4858560350854,1516.517824477611,1962.1685678558829,1471.1856783298135,1996.1218184406512
1963-11-02,567.1359497498731,639.6383829057311,527.8033226171857,629.7816042598961,1664.817824359703,1931.4858560350854,1595.2739641762753,1962.1685678558829,1513.4428663783046,1996.1218184406512,1474.1702834035295,1983.5972125871886
1963-11-03,537.1742537498799,629.7816042598961,505.41342635813373,631.0220536572419,1656.4076639907146,1962.1685678558829,1539.9495645088869,1996.1218184406512,1466.2755816330805,1983.5972125871886,1434.5016795676906,1743.3743822460383
1963-11-04,532.4999617464549,631.0220536572419,513.7363389168892,630.5678739907587,1635.993478482941,1996.1218184406512,1544.2538409256185,1983.5972125871886,1476.9821133124617,1743.3743822460383,1458.491937463833,1482.117837153986
1963-11-05,544.4062768681781,630.5678739907587,551.3591061582817,494.7596051325726,1682.2207765587282,1983.5972125871886,1599.3391179300697,1743.3743822460383,1541.9649153019482,1482.117837153986,1549.345121367065,1589.217064674876
1963-11-06,576.5930221498572,494.7596051325726,579.5262146534475,553.4323872915768,1687.2208926957755,1743.3743822460383,1606.0695299406505,1482.117837153986,1581.1572429472021,1589.217064674876,1584.5680296951448,2887.2669581766486
1963-11-07,520.9338499958527,553.4323872915768,335.3825374332118,393.88935247453946,1517.5649608643325,1482.117837153986,1397.547631199584,1589.217064674876,1455.0297468960393,2887.2669581766486,1269.3506531428095,3694.6703720182327
1963-11-08,371.7285884154186,393.88935247453946,210.87356111164962,568.362093799374,1238.0350479298013,1589.217064674876,1573.6914288138512,2887.2669581766486,1383.3973035093597,3694.6703720182327,1217.3089442352907,4307.201018842358
1963-11-09,333.1246708208813,568.362093799374,301.8251676936686,524.9005983785537,1751.6523478819822,2887.2669581766486,1660.4529954787663,3694.6703720182327,1506.6608819519324,4307.201018842358,1465.4468636725232,4348.31708324859
1963-11-10,492.1636233394539,524.9005983785537,658.4404353993882,666.9922742397056,2442.5610436197476,3694.6703720182327,2363.6256988242994,4307.201018842358,2212.8278292648083,4348.31708324859,2374.390503139399,4126.382489160017
1963-11-11,694.95028208472,666.9922742397056,968.8996171674576,1054.3511510120709,3167.1662881084912,4307.201018842358,2846.1558955278856,4348.31708324859,2962.9179186017277,4126.382489160017,3235.5578922853992,4217.658491776165
1963-11-12,928.1187441754563,1054.3511510120709,1366.1995485770283,1595.663707907067,3501.92959724011,4348.31708324859,3326.5135732349554,4126.382489160017,3516.776697746529,4217.658491776165,3954.7538798703017,4388.1292435468085
1963-11-13,1442.998277517389,1595.663707907067,1491.8435069293755,2005.1587071466743,3703.9055340506447,4126.382489160017,3759.503114029976,4217.658491776165,4097.552138217601,4388.1292435468085,4147.522729867998,4423.580939582134
1963-11-14,1582.7430646969028,2005.1587071466743,1508.1462069681768,2087.126697996507,3807.8835219435687,4217.658491776165,4081.3598733835324,4388.1292435468085,4025.3774983165567,4423.580939582134,3951.372967668837,4500.424834656667
1963-11-15,1756.082183302468,2087.126697996507,1586.627762549533,2052.082115508062,4137.794235923509,4388.1292435468085,4297.525284693531,4423.580939582134,4010.92502272225,4500.424834656667,3841.9433908953474,4683.445459165183
1963-11-16,1743.8834608834104,2052.082115508062,1545.683908592267,1934.3847353004994,4279.488401578321,4423.580939582134,4156.753378164736,4500.424834656667,3782.7834143328364,4683.445459165183,3584.8208703637883,4707.133805158799
1963-11-17,1673.7199156523848,1934.3847353004994,1496.1151854787595,1786.6145584935073,4053.3376065429725,4500.424834656667,3822.7652089703874,4683.445459165183,3442.7080454817906,4707.133805158799,3264.7886394173674,4530.514071053867
1963-11-18,1588.9906621443279,1786.6145584935073,1363.6277307384305,1606.4987759548783,3987.4049610485436,4683.445459165183,3699.0422999484535,4707.133805158799,3352.3412937093362,4530.514071053867,3126.6943636129336,4334.103688098787
1963-11-19,1466.3462139907592,1606.4987759548783,1268.794364495996,1492.4163153037164,4035.5861743735304,4707.133805158799,3717.3432081544433,4530.514071053867,3371.450495025936,4334.103688098787,3173.9670614066213,3961.19395604122
1963-11-20,1288.1251479530056,1492.4163153037164,1272.9722747887313,1510.9774215019486,4013.8094572015148,4530.514071053867,3608.499766421416,4334.103688098787,3283.552555877317,3961.19395604122,3268.8422214140815,4262.222898329435
1963-11-21,1353.8271627036997,1510.9774215019486,1206.783695430354,1421.5983722862616,3817.2631574568795,4334.103688098787,3500.952772645399,3961.19395604122,3362.4052079211187,4262.222898329435,3216.3326900989887,4115.275307728398
1963-11-22,1263.2013337609396,1421.5983722862616,1249.6708618569628,1539.2701099844796,3663.9508662165886,3961.19395604122,3496.9079898969476,4262.222898329435,3243.072180312539,4115.275307728398,3229.9112449937584,4833.523813484739
1963-11-23,1360.9690494704037,1539.2701099844796,1159.6541516009845,1575.4021007118788,3502.7900113964592,4262.222898329435,3283.977452036349,4115.275307728398,3232.2594724543997,4833.523813484739,3031.9040783791957,4568.531217202445
1963-11-24,1342.403752289824,1575.4021007118788,1316.69841581617,1551.9024824640494,3657.8778476499697,4115.275307728398,3705.7361582047524,4833.523813484739,3428.388080116237,4568.531217202445,3400.8389327982904,4687.725894420571
1963-11-25,1400.1179328885435,1551.9024824640494,1505.1148332826422,1655.3442383872652,3862.970580317266,4833.523813484739,3673.224643165291,4568.531217202445,3470.2163919313875,4687.725894420571,3573.9284539140954,2984.7929883131183
1963-11-26,1552.2967426690293,1655.3442383872652,1470.8820998041613,1827.3879018680482,4234.740276979999,4568.531217202445,3980.0415002919885,4687.725894420571,3948.377931261306,2984.7929883131183,3866.312952092509,2227.742145858049
1963-11-27,1498.8338220825235,1827.3879018680482,1531.453754623794,1396.489651086257,3975.686913560854,4687.725894420571,3865.9896794147667,2984.7929883131183,3682.704551377579,2227.742145858049,3714.3607848134234,9073.496979917072
1963-11-28,1704.4228204156661,1396.489651086257,1638.471630132019,2129.95775253276,4180.7648768147155,2984.7929883131183,4106.78849406317,2227.742145858049,3960.8400276091916,9073.496979917072,3894.6151768608443,16140.176545129227
1963-11-29,1935.185804921683,2129.95775253276,1306.2803749565605,2777.5052615498166,2968.4000152862836,2227.742145858049,3401.147546695127,9073.496979917072,3946.639834737901,16140.176545129227,3307.7005132658205,12225.14688176954
1963-11-30,2340.492103083124,2777.5052615498166,2661.9754537952304,7261.495402973894,2725.259038026902,9073.496979917072,6998.6207156564815,16140.176545129227,6317.006623158535,12225.14688176954,6551.798783332322,13988.7706906661
1963-12-01,3224.6994981388066,7261.495402973894,6555.221367960547,9505.76750856647,11944.54376423607,16140.176545129227,10349.288181553453,12225.14688176954,10173.137798574797,13988.7706906661,13469.07520294673,20316.00800086643
1963-12-02,8558.453397243087,9505.76750856647,6990.672109835719,8129.672900323144,14166.941641866106,12225.14688176954,16543.005546426488,13988.7706906661,17327.920648793304,20316.00800086643,15753.433053710112,18974.334095738282
1963-12-03,7092.164211997075,8129.672900323144,5856.771067042962,6968.823105679391,14875.631472486313,13988.7706906661,15759.20764320047,20316.00800086643,13096.072117405965,18974.334095738282,11856.123243264032,16186.629881723253
1963-12-04,6126.731466065187,6968.823105679391,4980.282013676352,5924.932915295423,14689.441435027577,20316.00800086643,12544.642461145819,18974.334095738282,10414.170509680838,16186.629881723253,9263.448558780268,13806.001370766578
1963-12-05,5205.05030261241,5924.932915295423,4216.391121392709,5080.521317834416,16178.205060629056,18974.334095738282,14026.236551736156,16186.629881723253,12117.02157696067,13806.001370766578,11132.516398751326,10264.706453022078
1963-12-06,4411.917571063445,5080.521317834416,3631.24788182132,4426.246056071246,15114.83652448139,16186.629881723253,13103.762399249335,13806.001370766578,11460.654997127389,10264.706453022078,10686.04450561621,9675.654523933512
1963-12-07,3857.496708419889,4426.246056071246,3219.8397671219045,2974.4530219806475,12893.974616944204,13806.001370766578,11244.525870990976,10264.706453022078,9921.176179055245,9675.654523933512,9288.36859885769,12561.114764464102
1963-12-08,3466.69011251321,2974.4530219806475,2896.4874802950317,4440.494639767185,11077.206247310249,10264.706453022078,9789.974579102749,9675.654523933512,8782.043186393366,12561.114764464102,8217.960942344835,11705.640248090933
1963-12-09,3332.5962628448874,4440.494639767185,1955.2961656762145,5351.068005948752,8479.454393263211,9675.654523933512,7330.845455163169,12561.114764464102,7555.36413885123,11705.640248090933,6167.338902502846,11364.558932912423
1963-12-10,2605.418712449397,5351.068005948752,4180.411362457521,6746.523451770864,7744.450085079076,12561.114764464102,9110.676640821557,11705.640248090933,6887.404522891982,11364.558932912423,8448.821561068718,13464.258742834318
1963-12-11,5614.624168762145,6746.523451770864,5489.857126583225,7025.502258303586,12295.884042545236,11705.640248090933,12167.652629386135,11364.558932912423,12162.679990006141,13464.258742834318,12034.813987305115,14394.566604603679
1963-12-12,5809.946081432176,7025.502258303586,5399.287066818067,6713.7000925890425,11070.795503925578,11364.558932912423,11723.242669830259,13464.258742834318,10631.437312376469,14394.566604603679,10217.335798023589,13935.781732247622
1963-12-13,5812.588345142498,6713.7000925890425,4877.319314153994,6020.359289622421,11444.375332182175,13464.258742834318,11153.871331617847,14394.566604603679,9839.328658688382,13935.781732247622,8900.96668049302,12778.628741343575
1963-12-14,5139.023459143551,6020.359289622421,4301.3880264701265,5348.675718902861,12240.451533056483,14394.566604603679,11318.053818569033,13935.781732247622,9656.188115622845,12778.628741343575,8818.437892035028,11608.70905123309
1963-12-15,4602.823086650733,5348.675718902861,3836.8905110796677,4787.24567873169,12404.629043580338,13935.781732247622,11075.384728948884,12778.628741343575,9573.98293713022,11608.70905123309,8809.966521107675,10488.192396273254
1963-12-16,4097.211391155072,4787.24567873169,3436.583258590251,4323.510497689794,11615.373484205562,12778.628741343575,10334.752173632774,11608.70905123309,9006.550709430392,10488.192396273254,8348.39374143128,9542.36264118724
1963-12-17,3676.0754273088687,4323.510497689794,3108.0961146937407,3933.0874270028326,10602.894870754393,11608.70905123309,9476.731624531249,10488.192396273254,8297.198728808955,9542.36264118724,7731.755482914764,8759.644701118526
1963-12-18,3346.3249560317854,3933.0874270028326,2849.3357254909924,3616.117877390224,9665.157482537325,10488.192396273254,8690.243414115012,9542.36264118724,7653.505537183561,8759.644701118526,7158.782927880773,8107.461634254273
1963-12-19,3065.5807609602844,3616.117877390224,2639.0708703951345,3371.431668459867,8786.58333338397,9542.36264118724,7936.069004056251,8759.644701118526,7017.595341133592,8107.461634254273,6592.965160876936,7551.8723167112
1963-12-20,2850.1637177744183,3371.431668459867,2472.4460577217224,3169.7363199815036,8031.799259820857,8759.644701118526,7301.171231800103,8107.461634254273,6489.931569769563,7551.8723167112,6113.633797691195,7098.263576527948
1963-12-21,2676.409033871755,3169.7363199815036,2330.228492960224,2991.032247399761,7419.139068258171,8107.461634254273,6795.326479029947,7551.8723167112,6059.764304809798,7098.263576527948,5714.711659679804,6714.663743364633
1963-12-22,2524.672897873162,2991.032247399761,2207.909585685702,2837.62629036252,6918.602399151459,7551.8723167112,6365.11959144108,7098.263576527948,5682.083340329439,6714.663743364633,5366.145686597005,6368.417444658141
1963-12-23,2390.819451478684,2837.62629036252,2101.158341453998,2708.3031163026835,6476.451698346695,7098.263576527948,5980.184960195701,6714.663743364633,5347.258999522679,6368.417444658141,5058.309962163736,6088.150509976001
1963-12-24,2282.6134801739845,2708.3031163026835,2016.9945681515833,2598.4201962504385,6111.79697226272,6714.663743364633,5658.123735684561,6368.417444658141,5072.33634525863,6088.150509976001,4807.219371034977,5826.637148043705
1963-12-25,2190.257975706158,2598.4201962504385,1939.9101108197615,2511.294343028567,5797.162619649789,6368.417444658141,5390.409924113239,6088.150509976001,4844.130380723342,5826.637148043705,4594.226648555797,5598.483164995236
1963-12-26,2110.0153304359574,2511.294343028567,1874.2700586914023,2431.338547071388,5531.560348691051,6088.150509976001,5158.12089323888,5826.637148043705,4641.536087656085,5598.483164995236,4406.016728703879,5411.268941424976
1963-12-27,2044.5454972973894,2431.338547071388,1820.4426788236783,2355.4429453425714,5298.76830414012,5826.637148043705,4956.956728511939,5598.483164995236,4464.079295191896,5411.268941424976,4240.220305050978,5232.084673643007
1963-12-28,1983.753988975476,2355.4429453425714,1762.6996585587392,2277.734412511065,5096.970896533953,5598.483164995236,4778.017639412368,5411.268941424976,4306.297929576553,5232.084673643007,4085.5079946713704,5083.66211510151
1963-12-29,1919.2679360386196,2277.734412511065,1708.4770775176364,2207.414096594184,4910.705560339844,5411.268941424976,4609.714619923707,5232.084673643007,4150.45665412992,5083.66211510151,3939.8580318339464,4990.266479446001
1963-12-30,1860.3782658326527,2207.414096594184,1659.8392060591664,2147.3523107057563,4748.002225778967,5232.084673643007,4452.577762772766,5083.66211510151,4013.07187839806,4990.266479446001,3812.6990066597673,4840.414788377719
1963-12-31,1809.3643906743177,2147.3523107057563,1617.0702112043768,2090.8862146882557,4595.004362426253,5083.66211510151,4318.096049067296,4990.266479446001,3898.4020460918873,4840.414788377719,3706.251051052826,4953.928403300606
1964-01-01,1764.2091346143563,2090.8862146882557,1574.5714950932775,2035.8141128515322,4472.870342982485,4990.266479446001,4210.901539174595,4840.414788377719,3805.871714053573,4953.928403300606,3616.351374263674,4924.693005184963
1964-01-02,1716.086037372419,2035.8141128515322,1533.964275943309,1990.1928094150423,4388.512944033202,4840.414788377719,4132.208819573503,4953.928403300606,3734.9680165731625,4924.693005184963,3552.997341875821,4781.492046812109
1964-01-03,1674.3668606333076,1990.1928094150423,1497.9259338935562,1951.1481292615294,4268.727149019431,4953.928403300606,4020.228631390394,4924.693005184963,3637.4175647908255,4781.492046812109,3461.168091647868,4770.303057516874
1964-01-04,1646.7076688929135,1951.1481292615294,1474.7982352749973,1909.6155874315853,4344.723161468668,4924.693005184963,4096.962531950386,4781.492046812109,3730.4033506377573,4770.303057516874,3559.0483262158814,4755.6272009974855
1964-01-05,1609.8841493247346,1909.6155874315853,1442.750100935455,1882.3194757387266,4324.555749353218,4781.492046812109,4076.9532860752083,4770.303057516874,3708.703793542918,4755.6272009974855,3542.1217795797484,4973.766816045716
1964-01-06,1576.4179967705404,1882.3194757387266,1411.5764612801454,1855.4700515032855,4202.086714667411,4770.303057516874,3956.199065295722,4755.6272009974855,3596.625901525173,4973.766816045716,3432.2481636221146,5757.002627618856
1964-01-07,1571.5876824557033,1855.4700515032855,1406.9792594769833,1842.794958887619,4185.6982963696655,4755.6272009974855,3958.177030326641,4973.766816045716,3622.080820454239,5757.002627618856,3458.206902589911,6067.4385233567555
1964-01-08,1526.5609991479887,1842.794958887619,1366.5882929652826,1926.3871980607842,4184.153910890876,4973.766816045716,3954.1478624767924,5757.002627618856,3594.046206681496,6067.4385233567555,3434.7613246617375,6656.015917183226
1964-01-09,1552.4867613345482,1926.3871980607842,1375.9974339518878,1894.3661591287857,4362.1467542321625,5757.002627618856,4132.9287764249275,6067.4385233567555,3815.6112715362215,6656.015917183226,3640.7795244646386,6385.2022617231305
1964-01-10,1670.1932055084176,1894.3661591287857,1457.050738008361,1749.4398540746588,4972.519982273265,6067.4385233567555,4823.425881458443,6656.015917183226,4527.139030231728,6385.2022617231305,4316.192787191403,6138.530150066171
1964-01-11,1505.3651099640547,1749.4398540746588,1341.7867400883779,1599.2794539028184,5347.931177152286,6656.015917183226,5053.036184515695,6385.2022617231305,4594.1449255679745,6138.530150066171,4431.980871442473,5805.5724224458745
1964-01-12,1458.6481255254898,1599.2794539028184,1312.732590965456,1724.253971809666,5722.29059300246,6385.2022617231305,5211.763515203076,6138.530150066171,4843.559694785429,5805.5724224458745,4699.388272223532,5656.7849991313615
1964-01-13,1418.693864120276,1724.253971809666,1290.036984117658,1720.7233873690598,5363.285485064405,6138.530150066171,4953.770995596882,5805.5724224458745,4599.925193759612,5656.7849991313615,4472.720274081696,5358.591371583001
1964-01-14,1416.77675698404,1720.7233873690598,1311.1895855038993,1722.932395711397,5207.995727241972,5805.5724224458745,4846.840661604453,5656.7849991313615,4508.585953725579,5358.591371583001,4404.352974415378,5161.449697889279
1964-01-15,1432.8381886847565,1722.932395711397,1323.3722431047297,1739.8446222771986,5060.554038164702,5656.7849991313615,4718.1857292634995,5358.591371583001,4407.827227529516,5161.449697889279,4299.999116936708,5014.002945624081
1964-01-16,1438.4556431258657,1739.8446222771986,1314.1133877735563,1640.5715288919787,4829.205723466592,5358.591371583001,4530.8775531637375,5161.449697889279,4228.741711586765,5014.002945624081,4105.657278679411,4909.898128393796
1964-01-17,1434.4977032208349,1640.5715288919787,1305.5010144702546,1742.3689978077794,4622.695085833126,5161.449697889279,4349.338266581411,5014.002945624081,4039.7582044453798,4909.898128393796,3911.7592790731906,6085.033737068134
1964-01-18,1425.6313557316362,1742.3689978077794,1290.4769149368979,1624.637221689496,4461.649945330548,5014.002945624081,4205.672860321395,4909.898128393796,3891.407495589946,6085.033737068134,3757.2696038682852,6826.410754192457
1964-01-19,1414.4982891363268,1624.637221689496,1277.8791521558792,1869.8127412834328,4346.899276019566,4909.898128393796,4097.118880232087,6085.033737068134,3776.3196749119234,6826.410754192457,3640.3446277047815,8156.474376312079
1964-01-20,1409.1874501396915,1869.8127412834328,1258.7588861370587,1807.8906921662983,4338.342900285073,6085.033737068134,4091.530177457803,6826.410754192457,3774.191158071324,8156.474376312079,3624.9843912534243,7497.935095694869
1964-01-21,1509.067401218715,1807.8906921662983,1311.5822233372426,1714.4009346113535,5154.979632913377,6826.410754192457,4963.499666597807,8156.474376312079,4606.750051758099,7497.935095694869,4411.985445530451,7060.38186406941
1964-01-22,1497.7494170081586,1714.4009346113535,1310.5505154222017,1800.4139694458095,5951.765719673632,8156.474376312079,5615.93825251879,7497.935095694869,5189.817682699965,7060.38186406941,5006.129514153137,6324.355535815905
1964-01-23,1414.4302599133594,1800.4139694458095,1247.750546829781,1113.415390745697,6806.168167964797,7497.935095694869,6212.0984174320165,7060.38186406941,5769.025624028351,6324.355535815905,5607.046220233397,11158.00651779275
1964-01-24,1418.4213899240985,1113.415390745697,1228.7264414731653,1041.1703548131316,6281.8847741659,7060.38186406941,5788.334881782208,6324.355535815905,5399.402907547479,11158.00651779275,5214.458790749761,12762.54780025211
1964-01-25,1384.7139194108972,1041.1703548131316,869.5448195538463,952.7375710780769,6023.931538704634,6324.355535815905,5466.819592684606,11158.00651779275,5511.261716262157,12762.54780025211,4997.852190857873,12430.444437275557
1964-01-26,903.590917910957,952.7375710780769,884.2305236950464,1029.8118443742267,5296.060765202414,11158.00651779275,5739.044962858298,12762.54780025211,5317.020055639003,12430.444437275557,5278.2132209947595,10827.639036243108
1964-01-27,998.536938739466,1029.8118443742267,957.0462740653984,1848.140124037809,9906.798744219863,12762.54780025211,8852.879879515573,12430.444437275557,8540.032711230466,10827.639036243108,8485.534508643563,9021.10724412353
1964-01-28,981.2359493189285,1848.140124037809,1956.673364018013,3263.871308439422,10299.043661937358,12430.444437275557,9171.212327244399,10827.639036243108,8736.353713154653,9021.10724412353,9710.407175145665,9356.074822869296
1964-01-29,2399.061472373917,3263.871308439422,2914.795984818243,4231.421570709277,9922.812823149365,10827.639036243108,9437.122788991637,9021.10724412353,9814.092334349229,9356.074822869296,10333.590341172487,9524.094614692309
1964-01-30,3299.702636649899,4231.421570709277,2895.954630056465,4246.630444940637,9353.327170013701,9021.10724412353,9832.980690947259,9356.074822869296,9749.627772787298,9524.094614692309,9349.880177888324,9678.251480827166
1964-01-31,3367.2326825890414,4246.630444940637,2869.138737393143,3858.032845825207,8849.047354249939,9356.074822869296,9291.489060961063,9524.094614692309,8229.168355345057,9678.251480827166,7732.632258556056,9779.472455948136
1964-02-01,3220.646860509624,3858.032845825207,2698.9574876730762,3374.3990608381278,9131.398050809596,9524.094614692309,8486.76883829931,9678.251480827166,7413.635064729406,9779.472455948136,6892.793273932163,8996.246166976782
1964-02-02,2914.6605446754693,3374.3990608381278,2443.446719281141,3206.348125188934,8406.290313079353,9678.251480827166,7572.174186335152,9779.472455948136,6603.703619294575,8996.246166976782,6133.082139905999,8556.23861901039
1964-02-03,2636.4197019726016,3206.348125188934,2249.24796158212,3009.545355995867,8127.645579000043,9779.472455948136,7317.546577243999,8996.246166976782,6436.599317116739,8556.23861901039,6050.906063734563,8640.912887499002
1964-02-04,2445.4544722564688,3009.545355995867,2096.0842148993224,2755.4462162671634,8099.1930157214965,8996.246166976782,7319.425397450794,8556.23861901039,6542.511593789154,8640.912887499002,6195.658886377828,8208.405790711193
1964-02-05,2310.012011845179,2755.4462162671634,1996.7159253716131,2706.6726683860165,7601.609921682286,8556.23861901039,6952.488773752671,8640.912887499002,6247.443716902433,8208.405790711193,5936.7972669034425,8160.735184605033
1964-02-06,2233.3003913485,2706.6726683860165,1947.0386270667532,2547.2146243076295,7199.5416576771895,8640.912887499002,6655.560595236779,8208.405790711193,6000.872468963798,8160.735184605033,5716.440182041035,7754.170613750777
1964-02-07,2116.323867060649,2547.2146243076295,1842.8375297302928,2544.3922155770642,7292.641692858411,8208.405790711193,6699.857049611006,8160.735184605033,6059.558653254915,7754.170613750777,5789.094579556225,7423.460334974511
1964-02-08,2053.755629419674,2544.3922155770642,1792.3054250220957,2446.1368364146565,6984.040542128429,8160.735184605033,6460.888206476076,7754.170613750777,5843.344066336775,7423.460334974511,5584.447049343643,6996.997226698478
1964-02-09,1964.8514998638443,2446.1368364146565,1722.535588731835,2237.376846144254,6915.390331378859,7754.170613750777,6339.471033073034,7423.460334974511,5766.50646546606,6996.997226698478,5527.109637535142,6558.604817442592
1964-02-10,1894.6096121763685,2237.376846144254,1668.5376197085611,2291.5238746697014,6601.916507199173,7423.460334974511,6087.513383439933,6996.997226698478,5546.229347560682,6558.604817442592,5322.80067161355,6390.064925203189
1964-02-11,1835.9803177203412,2291.5238746697014,1617.552736562092,2096.055715861233,6245.82253328237,6996.997226698478,5773.1884993115455,6558.604817442592,5264.1084174913085,6390.064925203189,5048.055281261047,6065.716317431838
1964-02-12,1780.3764930802306,2096.055715861233,1574.2653651429378,2131.600052255527,5916.962991820943,6558.604817442592,5484.813605524847,6390.064925203189,4996.687504200518,6065.716317431838,4792.585511113937,5911.2750205606335
1964-02-13,1729.2158690145156,2131.600052255527,1533.334855861784,2118.815344382362,5634.468122253898,6390.064925203189,5224.166718293885,6065.716317431838,4760.016552604589,5911.2750205606335,4565.948639454698,5707.476639421129
1964-02-14,1692.625266730197,2118.815344382362,1500.2062363960758,1951.1499167162315,5418.8917325927705,6065.716317431838,5048.538677366621,5911.2750205606335,4606.250214774316,5707.476639421129,4415.595437545429,5402.183502379075
1964-02-15,1650.228211858685,1951.1499167162315,1464.8151495743525,1991.8303298196824,5258.7387579125825,5911.2750205606335,4902.657893367988,5707.476639421129,4469.526369315182,5402.183502379075,4285.687935345128,5297.338217770431
1964-02-16,1614.067058935756,1991.8303298196824,1433.3847158182407,1858.340279095427,5070.2096993018495,5707.476639421129,4737.389962494307,5402.183502379075,4315.637768621392,5297.338217770431,4136.421258308787,5056.016306772095
1964-02-17,1577.5211390794957,1858.340279095427,1400.9989266787636,1937.385528510097,4879.55084530193,5402.183502379075,4555.771373877284,5297.338217770431,4148.584472257318,5056.016306772095,3973.2544297431564,5031.940703335284
1964-02-18,1542.6710744971228,1937.385528510097,1372.7489900510022,1710.8937344953697,4707.621706413378,5297.338217770431,4401.140656687478,5056.016306772095,4008.291447491307,5031.940703335284,3839.4862303862747,4722.545104182398
1964-02-19,1507.9585776742367,1710.8937344953697,1343.501828499803,1864.4068393161956,4558.299884374023,5056.016306772095,4265.928004226244,5031.940703335284,3886.2182848617613,4722.545104182398,3722.7674737697757,4741.593051003219
1964-02-20,1477.283370492851,1864.4068393161956,1317.6454595192113,1675.2472412627833,4429.527211167462,5031.940703335284,4150.503176601003,4722.545104182398,3782.417853349736,4741.593051003219,3623.6948075940927,4472.695695151579
1964-02-21,1450.9709168827558,1675.2472412627833,1295.7253189497892,1802.082599870651,4308.326418661518,4722.545104182398,4044.4735378176124,4741.593051003219,3685.9163799099833,4472.695695151579,3531.5070854057817,4525.72987979744
1964-02-22,1425.1829085489026,1802.082599870651,1272.7335373278,1648.2169130734592,4200.209428464097,4741.593051003219,3945.097239428111,4472.695695151579,3595.440301711786,4525.72987979744,3443.7756608525497,4317.143223312136
1964-02-23,1400.5883287683666,1648.2169130734592,1250.616694181413,1682.172584601863,4095.128721292102,4472.695695151579,3850.9282681202367,4525.72987979744,3508.846467411393,4317.143223312136,3359.5852749124024,4400.820665844067
1964-02-24,1374.2857880242095,1682.172584601863,1227.0167657255195,1590.9178734730917,4003.713782073024,4525.72987979744,3763.7560933070135,4317.143223312136,3428.662743370022,4400.820665844067,3282.0583940538563,5100.071541612024
1964-02-25,1349.9554252123312,1590.9178734730917,1206.2275532653032,1653.1006789540806,3913.384834314797,4317.143223312136,3680.953011880915,4400.820665844067,3353.864650918802,5100.071541612024,3210.7724175566664,4705.527931218915
1964-02-26,1329.0031837215718,1653.1006789540806,1187.3066877396554,1538.3759211260724,3839.8279747754013,4400.820665844067,3614.3866835436224,5100.071541612024,3295.905439863791,4705.527931218915,3154.8327387285117,4130.181691751511
1964-02-27,1305.5076295148963,1538.3759211260724,1166.9904567408673,1602.1083056590323,3816.723048783304,5100.071541612024,3590.867919679811,4705.527931218915,3276.7415324295016,4130.181691751511,3138.9350789466225,4330.264981917658
1964-02-28,1284.0479188164013,1602.1083056590323,1148.4848265717906,1384.1726953408042,4426.615093614226,4705.527931218915,4127.787096535231,4130.181691751511,3811.378042172792,4330.264981917658,3677.8436393709753,4348.825550279911
1964-02-29,1262.6162780910995,1384.1726953408042,1129.6049780700546,1589.3365224220954,4052.2928471946416,4130.181691751511,3794.966813904548,4330.264981917658,3487.726647255403,4348.825550279911,3356.1305257335152,4728.712137522809
1964-03-01,1244.3537810594357,1589.3365224220954,1113.9759537247803,1521.351080599365,3674.8647228837362,4330.264981917658,3458.3047964371135,4348.825550279911,3161.9204255359246,4728.712137522809,3032.35273979465,3928.4056863733513
1964-03-02,1255.5050584973164,1521.351080599365,1116.3248771223557,1678.7796788100502,3761.767079896502,4348.825550279911,3564.756230977708,4728.712137522809,3274.2992916364283,3928.4056863733513,3136.369667143562,2072.279788125381
1964-03-03,1309.4843604003502,1678.7796788100502,1148.4314936260844,857.2533470247694,3955.8823830066744,4728.712137522809,3772.079593341115,3928.4056863733513,3514.780033896551,2072.279788125381,3355.520967653123,9705.962391986232
1964-03-04,1409.4538991433246,857.2533470247694,1181.2410279579003,1450.663615126978,4172.280235941281,3928.4056863733513,4098.368308336516,2072.279788125381,3856.8002275024783,9705.962391986232,3630.291275050634,13959.782554595999
1964-03-05,1465.1846683083793,1450.663615126978,1093.5000302549377,1599.8353256318517,3765.3839229764053,2072.279788125381,3964.995224339058,9705.962391986232,4417.640181984143,13959.782554595999,4030.4979777927215,13490.157746956538
1964-03-06,2095.181541857809,1599.8353256318517,2075.689767200877,4428.880523439506,2415.9977800146394,9705.962391986232,5189.317370891822,13959.782554595999,5148.563559160438,13490.157746956538,5062.128239083653,10149.759040173642
1964-03-07,2100.3381934741083,4428.880523439506,3977.1130630372822,10006.726795228666,10965.497806936117,13959.782554595999,10119.013052714352,13490.157746956538,9631.838460744388,10149.759040173642,11479.445759030372,24846.24648076421
1964-03-08,5482.006619566741,10006.726795228666,7616.548193959115,9039.081459096318,12398.682891447657,13490.157746956538,13889.34425258919,10149.759040173642,14021.372739686884,24846.24648076421,16133.116415342214,30175.927077532706
1964-03-09,10364.98503361163,9039.081459096318,7390.712903357737,12498.667812859912,14824.39495884838,10149.759040173642,18833.86292943763,24846.24648076421,18687.867810220676,30175.927077532706,15706.959105179612,29524.511113672474
1964-03-10,7297.50546446778,12498.667812859912,7429.79581927573,13224.138347943905,15114.857500385508,24846.24648076421,15187.00944053946,30175.927077532706,12385.903846692168,29524.511113672474,12471.713641950986,29163.065888436526
1964-03-11,9641.569085686879,13224.138347943905,10380.195701793096,13381.164583577702,22366.928280384782,30175.927077532706,23759.00470183072,29524.511113672474,19938.823133884995,29163.065888436526,20662.41281142427,26572.15493847971
1964-03-12,11557.88526377451,13381.164583577702,9529.95817507841,11073.019648881584,29032.978455281813,29524.511113672474,27155.86183487333,29163.065888436526,24927.937411734347,26572.15493847971,22908.00348518406,24184.30322473836
1964-03-13,9862.774340612441,11073.019648881584,7439.008953913277,8484.511889118443,26228.783035569166,29163.065888436526,24519.23066529155,26572.15493847971,20729.20339134224,24184.30322473836,18310.44059464179,23775.222119874492
1964-03-14,7775.6911689164035,8484.511889118443,5984.7044851987075,8180.792947056576,25544.387552891054,26572.15493847971,21794.98379237955,24184.30322473836,18336.703086512072,23775.222119874492,16553.651178366785,22358.740363813486
1964-03-15,7118.622707171226,8180.792947056576,5299.429410201173,10284.400973572225,21319.5727886506,24184.30322473836,18593.862667448626,23775.222119874492,16951.973967585192,22358.740363813486,15120.003917044067,23514.899421846938
1964-03-16,6065.217125739533,10284.400973572225,6220.683110194723,11104.076950000792,19612.880707553133,23775.222119874492,19082.05043542545,22358.740363813486,15983.891106694331,23514.899421846938,16114.771650158636,23725.897925476726
1964-03-17,8479.293669992392,11104.076950000792,8273.33578239321,11800.217064022108,21112.960213116014,22358.740363813486,21632.440020287286,23514.899421846938,18986.58683564725,23725.897925476726,18772.8348100035,23561.921948027866
1964-03-18,9396.590645123995,11800.217064022108,8411.321082616601,10214.108212600433,21877.80814768191,23514.899421846938,21516.10306669667,23725.897925476726,18935.977290263836,23561.921948027866,17937.96108876348,21968.65056108559
1964-03-19,9168.873885654235,10214.108212600433,7266.090261595261,9031.801971790701,22116.88852233373,23725.897925476726,21056.44147758819,23561.921948027866,17872.50186108962,21968.65056108559,15967.454616765666,19096.886496236988
1964-03-20,7308.474667990186,9031.801971790701,6105.176869128712,8113.951721959487,21665.414839474797,23561.921948027866,18591.890977504892,21968.65056108559,15437.639846701019,19096.886496236988,14235.774663110482,16948.8175852806
1964-03-21,6639.930094856327,8113.951721959487,5394.130951882409,7322.706580865224,19350.201741264536,21968.65056108559,16976.27586145646,19096.886496236988,14477.464463031996,16948.8175852806,13234.346306997493,13505.538796927645
1964-03-22,5917.970154246012,7322.706580865224,4690.519019766552,6947.9849727806195,18104.30396038361,19096.886496236988,16147.574205703895,16948.8175852806,13892.500939392456,13505.538796927645,12669.500928898748,7986.135675430382
1964-03-23,5290.88883690538,6947.9849727806195,4429.727311220613,5537.646939488321,15898.013099477255,16948.8175852806,14386.990576365886,13505.538796927645,12273.505915945192,7986.135675430382,11411.624141158522,9349.301920721697
1964-03-24,5257.904032517414,5537.646939488321,4441.989019841604,3713.943594586393,14347.40718572019,13505.538796927645,13284.993238664163,7986.135675430382,11530.355613558257,9349.301920721697,10713.252904654131,13165.409336909506
1964-03-25,4694.883233198779,3713.943594586393,3847.12003534422,9234.875909153681,11904.666583427412,7986.135675430382,10336.689531575077,9349.301920721697,9426.673518439373,13165.409336909506,8572.567097367893,12480.310078841256
1964-03-26,3592.587352513087,9234.875909153681,5679.48790355987,17220.467963740914,6864.772766837647,9349.301920721697,5887.122454701259,13165.409336909506,5499.079597827596,12480.310078841256,7560.426372308932,25299.499919542995
1964-03-27,9064.617677674525,17220.467963740914,13805.034201544368,16693.570745323916,7861.029724945818,13165.409336909506,13437.9188804795,12480.310078841256,12717.57464986323,25299.499919542995,17432.97443647709,32155.79981372954
1964-03-28,17570.79050516,16693.570745323916,13108.938883321396,14118.84609310346,17412.44029669806,12480.310078841256,24105.677556853007,25299.499919542995,24092.874269182445,32155.79981372954,19623.37847597405,26706.979262659304
1964-03-29,12033.276488954834,14118.84609310346,9302.890208881294,11515.11212203062,20127.041370862607,25299.499919542995,19174.745359850294,32155.79981372954,14402.84971833347,26706.979262659304,11657.813999053122,22339.40698315388
1964-03-30,9991.227668493812,11515.11212203062,7752.65829588992,9542.874047569609,23186.47058578177,32155.79981372954,19779.975468574754,26706.979262659304,15498.987437342766,22339.40698315388,13255.512305141627,18835.945046752673
1964-03-31,8182.261662952264,9542.874047569609,6354.410541332857,8086.033940380426,25900.36289615035,26706.979262659304,21721.79690595044,22339.40698315388,18253.328229545168,18835.945046752673,16436.335533218582,15989.384878751975
1964-04-01,6730.3933835388825,8086.033940380426,5436.556368598057,7217.663541595986,21104.38360036316,22339.40698315388,17916.318724901066,18835.945046752673,15075.966322739794,15989.384878751975,13789.500641680675,14592.650117020443
1964-04-02,5883.472310447495,7217.663541595986,4755.516020559922,6468.591662925315,17819.036239881283,18835.945046752673,15411.38880440495,15989.384878751975,13184.255072204944,14592.650117020443,12062.54669447576,13095.960689926327
1964-04-03,5291.320535098497,6468.591662925315,4295.563036499509,5724.811309942811,15245.870744311682,15989.384878751975,13610.437043119993,14592.650117020443,11730.746391369194,13095.960689926327,10739.485574619897,12003.421190889647
1964-04-04,4670.5615956615875,5724.811309942811,4286.290181350549,5649.982760653887,13389.092905609235,14592.650117020443,12054.329434817939,13095.960689926327,10267.211876750818,12003.421190889647,9882.538169389303,11353.550465914945
1964-04-05,4616.4011283782675,5649.982760653887,3932.034115021304,5097.723125023191,12268.069342752538,13095.960689926327,10860.090343426069,12003.421190889647,9779.21354473396,11353.550465914945,9096.268687884374,15376.480435138825
1964-04-06,4294.721371041112,5097.723125023191,3720.1735008224223,3432.9611948013235,10859.569830070734,12003.421190889647,10242.017319988801,11353.550465914945,8926.041690547472,15376.480435138825,8352.61123519574,16896.142990526827
1964-04-07,4332.4708979624365,3432.9611948013235,3149.8924933347516,6580.237224969827,10592.929409823639,11353.550465914945,10080.053565563156,15376.480435138825,9347.366697127287,16896.142990526827,8161.907786846497,13269.345211101412
1964-04-08,2808.8854027677207,6580.237224969827,3728.6013512486043,12104.997292369579,10157.728476198163,15376.480435138825,9152.117771988049,16896.142990526827,8274.965908350128,13269.345211101412,9164.896683073723,18046.14068691126
1964-04-09,5958.465178239743,12104.997292369579,9961.313926167571,13385.211253933167,12665.005469120231,16896.142990526827,14774.11974676518,13269.345211101412,13821.686158988163,18046.14068691126,17805.92921530967,25761.42231925761
1964-04-10,12885.525908972475,13385.211253933167,10175.452696619714,11541.838043925622,17104.456528089988,13269.345211101412,21125.102565683057,18046.14068691126,21635.886549739418,25761.42231925761,18922.981021852895,21524.180520627833
1964-04-11,9866.206463102846,11541.838043925622,7651.794485005923,9733.489408145615,17291.03623697832,18046.14068691126,17820.0153511966,25761.42231925761,14220.373539662132,21524.180520627833,11997.47455538069,19700.803096942163
1964-04-12,8136.031362344202,9733.489408145615,6668.631638428071,8025.079178273538,18068.601912562477,25761.42231925761,15652.136813673711,21524.180520627833,12204.961069459536,19700.803096942163,10731.915858961129,19039.15287277063
1964-04-13,7264.876188283084,8025.079178273538,6010.650473826254,7867.4573882716995,21025.503026994476,21524.180520627833,18157.601740938906,19700.803096942163,15583.763469409154,19039.15287277063,14334.888467411978,16593.88595932803
1964-04-14,6210.12324471703,7867.4573882716995,5338.077525247611,7968.7468088176365,17565.570343146544,19700.803096942163,15298.39207891286,19039.15287277063,13378.405821715454,16593.88595932803,12504.930769844377,15859.384045723673
1964-04-15,6220.123013735737,7968.7468088176365,6184.893879428626,7783.691215300211,16112.85684161265,19039.15287277063,15296.221072082119,16593.88595932803,13403.152712076513,15859.384045723673,13362.574908860628,16035.196008454754
1964-04-16,6969.5375645098375,7783.691215300211,5872.5859842771615,6991.159640216076,16682.000832462232,16593.88595932803,15544.789147117594,15859.384045723673,14439.171500761842,16035.196008454754,13344.4589061154,15107.902556169403
1964-04-17,6072.39533520001,6991.159640216076,4934.2709650029965,6217.591726544986,14665.92697291248,15859.384045723673,13628.974749112524,16035.196008454754,11859.891007371756,15107.902556169403,10723.003948364969,14301.647262453827
1964-04-18,5208.635822492379,6217.591726544986,4239.108355897623,5883.285448214529,13882.76612104729,16035.196008454754,12425.708712345153,15107.902556169403,10603.577951008989,14301.647262453827,9635.790001080026,15084.526845780018
1964-04-19,4734.92808694371,5883.285448214529,3922.0238868674533,5405.537164068746,13451.752264576875,15107.902556169403,12072.151130811133,14301.647262453827,10514.596541681114,15084.526845780018,9702.326826315051,14399.87864204081
1964-04-20,4510.5001944262,5405.537164068746,3887.3790808344443,5161.904300014277,12685.164651757357,14301.647262453827,11768.56937476859,15084.526845780018,10316.117428436186,14399.87864204081,9695.061650600514,13671.25973662244
1964-04-21,4345.140513864891,5161.904300014277,3735.1524437416747,5010.3622435255,12350.495110452477,15084.526845780018,11381.818915841248,14399.87864204081,10173.736718584558,13671.25973662244,9558.25099154763,12539.15036797132
1964-04-22,4077.1000632303185,5010.3622435255,3490.6721196537887,4868.125821006723,12844.869820222375,14399.87864204081,11754.706714014632,13671.25973662244,10548.380388201735,12539.15036797132,9962.000255011211,11595.295291128932
1964-04-23,3978.485387451223,4868.125821006723,3552.2786323845085,4584.432056978444,12199.912934492744,13671.25973662244,11346.103716500089,12539.15036797132,10148.585657547996,11595.295291128932,9721.213522015216,10980.187035945226
1964-04-24,3888.7532688222063,4584.432056978444,3385.4125141126738,4546.832800229793,11773.195968430406,12539.15036797132,10785.672852298208,11595.295291128932,9709.648936562102,10980.187035945226,9208.037240373225,10298.10120103366
1964-04-25,3653.828537390704,4546.832800229793,3232.6089028339306,4365.177890849735,10744.900428906687,11595.295291128932,9807.412008302095,10980.187035945226,8801.183635734138,10298.10120103366,8381.12607237795,9881.523281250698
1964-04-26,3627.619946932412,4365.177890849735,3286.5805714330595,4229.542943308848,9896.948304892412,10980.187035945226,9288.08892907677,10298.10120103366,8294.23520389188,9881.523281250698,7954.167655802398,9956.207832212156
1964-04-27,3572.4452227222773,4229.542943308848,3133.7699017785744,4106.871830978348,9608.448436269126,10298.10120103366,8867.340730570546,9881.523281250698,8018.005458338623,9956.207832212156,7580.954388782489,9563.47978491199
1964-04-28,3387.4539677714724,4106.871830978348,2921.063227346197,4023.4208780345334,8929.399300950894,9881.523281250698,8347.666882350368,9956.207832212156,7475.862120936352,9563.47978491199,7010.673379058973,9903.159452083002
1964-04-29,3229.8399792412847,4023.4208780345334,2774.567181902527,3944.8654791228864,8660.069650828038,9956.207832212156,8117.987339843179,9563.47978491199,7199.426906269874,9903.159452083002,6744.753326483453,10535.393806690648
1964-04-30,3179.730601988179,3944.8654791228864,2635.5085622950483,3497.665884729302,8692.339368505125,9563.47978491199,8196.112582985137,9903.159452083002,7298.929473199038,10535.393806690648,6754.628386769793,9809.229297905818
1964-05-01,2967.189100468544,3497.665884729302,2533.4308663046168,3193.616222139755,8445.535324121907,9903.159452083002,8012.2370791999765,10535.393806690648,6980.866537746828,9809.229297905818,6546.282912187731,9038.59004576458
1964-05-02,2717.8997400225726,3193.616222139755,2377.5562052871746,3147.1905766783866,8716.248482139657,10535.393806690648,7775.1707620985435,9809.229297905818,6926.18790908156,9038.59004576458,6584.974869503754,8184.273063062769
1964-05-03,2531.9395514021394,3147.1905766783866,2246.211501718565,3044.616868381947,8717.743354106635,9809.229297905818,7834.595956987396,9038.59004576458,7116.718587057841,8184.273063062769,6832.662484092687,7516.174435705319
1964-05-04,2501.180791840481,3044.616868381947,2237.955672169117,2886.5956035848476,8172.679405314318,9038.59004576458,7590.804814042694,8184.273063062769,6899.88563810985,7516.174435705319,6638.515301018568,7089.710736162528
1964-05-05,2448.725091240103,2886.5956035848476,2142.605647391562,2810.7254438778837,7770.666040170055,8184.273063062769,7173.506132022867,7516.174435705319,6542.816457213214,7089.710736162528,6238.503778287546,6713.007414923787
1964-05-06,2317.443498846571,2810.7254438778837,2010.2860003374194,2664.888894991583,7046.426861450988,7516.174435705319,6511.371521786645,7089.710736162528,5884.247277511407,6713.007414923787,5578.202440613526,6342.9920386631675
1964-05-07,2198.5276075253987,2664.888894991583,1909.731420541089,2479.6639452369354,6498.203998729069,7089.710736162528,6028.241572468651,6713.007414923787,5400.040751349514,6342.9920386631675,5111.803865580095,6017.736828916675
1964-05-08,2082.461164105081,2479.6639452369354,1806.8835182797698,2372.0615573130526,6136.875996453935,6713.007414923787,5659.978652744446,6342.9920386631675,5067.864766394985,6017.736828916675,4792.78597361461,5763.829738676815
1964-05-09,1962.1041897448295,2372.0615573130526,1702.1772867031318,2251.1011957706514,5757.685649941603,6342.9920386631675,5302.313835434811,6017.736828916675,4748.367653613326,5763.829738676815,4488.752875461383,5511.766856591039
1964-05-10,1852.2668528774711,2251.1011957706514,1608.4656121058206,2108.2728279981216,5432.197644829386,6017.736828916675,5013.278831710575,5763.829738676815,4490.87500280827,5511.766856591039,4247.318783795647,5218.608303227453
1964-05-11,1761.5520596526935,2108.2728279981216,1540.0840047147872,2035.2790504386198,5185.374536381739,5763.829738676815,4799.024607304034,5511.766856591039,4307.945098835589,5218.608303227453,4086.6886793284593,5638.775522862394
1964-05-12,1677.6787190451846,2035.2790504386198,1475.2042125446555,1894.8790757449874,4953.888726949226,5511.766856591039,4581.153232796116,5218.608303227453,4122.80932187153,5638.775522862394,3920.444456288211,6023.010091469968
1964-05-13,1613.3593354097632,1894.8790757449874,1411.6161516902164,1737.9354445170432,4734.4644520311795,5218.608303227453,4393.8084384861,5638.775522862394,3975.0453796226966,6023.010091469968,3773.672316146848,5531.037640495224
1964-05-14,1562.7696451049433,1737.9354445170432,1301.4946870330364,1808.1307447589093,4527.317924258734,5638.775522862394,4227.309969019291,6023.010091469968,3868.483865337198,5531.037640495224,3606.963804051754,5016.575594371396
1964-05-15,1410.0018245493345,1808.1307447589093,1293.981285255473,1661.1817497091665,4836.219608473031,6023.010091469968,4514.279085014952,5531.037640495224,4024.924270842131,5016.575594371396,3909.275161679985,4771.489319951546
1964-05-16,1458.9224487797935,1661.1817497091665,1312.7421131331898,1696.7280003241663,5145.696268142658,5531.037640495224,4732.023632435801,5016.575594371396,4368.891891528218,4771.489319951546,4224.295759595662,4716.89994967646
1964-05-17,1375.4337452529398,1696.7280003241663,1243.584203181362,1665.0478263119849,4805.126368734123,5016.575594371396,4385.339147920563,4771.489319951546,4067.1270340299347,4716.89994967646,3936.6470148308663,4625.6614074668705
1964-05-18,1374.613355925522,1665.0478263119849,1258.0538971194796,1586.0280370009332,4239.873269806689,4771.489319951546,4010.790852938604,4716.89994967646,3685.029901393642,4625.6614074668705,3569.175744687996,4769.63937048057
1964-05-19,1371.554674488631,1586.0280370009332,1237.6769032724446,1603.898229447499,4182.328880942272,4716.89994967646,3918.7399285952138,4625.6614074668705,3621.8937634479016,4769.63937048057,3488.7669605611372,4445.5599236329335
1964-05-20,1358.7403114460228,1603.898229447499,1203.6409668378785,1564.1645858824754,4087.7062502165572,4625.6614074668705,3806.2453485391998,4769.63937048057,3553.895569166427,4445.5599236329335,3399.563598063082,4205.750802556628
1964-05-21,1272.9003003790954,1564.1645858824754,1128.3345818677014,1487.8104662623716,3976.171211476527,4769.63937048057,3761.0589635648284,4445.5599236329335,3419.2850631117894,4205.750802556628,3275.4932623620825,4029.6695924274973
1964-05-22,1251.4333985991677,1487.8104662623716,1122.4203599730963,1476.1190682436988,4151.084297615558,4445.5599236329335,3867.1530152653568,4205.750802556628,3546.0786229672676,4029.6695924274973,3418.263444142719,3913.123357945805
1964-05-23,1223.6954075437723,1476.1190682436988,1093.5987988002412,1426.7673575979393,3843.0982271642997,4205.750802556628,3576.8690714929144,4029.6695924274973,3287.6557528657363,3913.123357945805,3158.3517940696074,3857.348594081604
1964-05-24,1195.2954259050375,1426.7673575979393,1068.9157542844894,1362.3595304147866,3631.399608626914,4029.6695924274973,3408.4444584466983,3913.123357945805,3122.3551523981487,3857.348594081604,2996.572775988153,3732.3510439131214
1964-05-25,1160.456507315682,1362.3595304147866,1038.1585677768933,1321.4658664467104,3523.4753075829412,3913.123357945805,3290.147955545452,3857.348594081604,3018.0927939405333,3732.3510439131214,2896.3499545689806,3627.1833084839473
1964-05-26,1125.1737243565622,1321.4658664467104,1005.9237851294076,1211.3921047004774,3423.0633040919747,3857.348594081604,3196.705752849572,3732.3510439131214,2936.315946887773,3627.1833084839473,2817.6252426190176,3447.282228739728
1964-05-27,1093.071941921743,1211.3921047004774,977.180949327273,1251.0384501730964,3336.4979778808247,3732.3510439131214,3121.9500259431425,3627.1833084839473,2868.4024977849895,3447.282228739728,2753.0964327677193,3421.917399158765
1964-05-28,1063.6023780815058,1251.0384501730964,952.7037611480921,1229.8969897932454,3250.6806215447814,3627.1833084839473,3043.607176795988,3447.282228739728,2796.847051391079,3421.917399158765,2686.54277282296,3344.6615667388014
1964-05-29,1036.9549685647385,1229.8969897932454,929.0502139112559,1178.6424176454666,3164.7005076129753,3447.282228739728,2963.0356103099657,3421.917399158765,2725.5732609884917,3344.6615667388014,2618.2642734161236,3242.4065663524034
1964-05-30,1009.9544021272006,1178.6424176454666,904.7645100225897,1158.2599355100156,3074.52961487615,3421.917399158765,2879.8039226937663,3344.6615667388014,2649.972205599471,3242.4065663524034,2545.3694415047153,3184.962040063576
1964-05-31,982.5582923883985,1158.2599355100156,879.7151045204871,1110.6548634762146,2989.5674442480195,3344.6615667388014,2799.670010909825,3242.4065663524034,2577.3861284804716,3184.962040063576,2475.128662631835,3104.890149444651
1964-06-01,954.6565494604461,1110.6548634762146,854.8541536623188,1087.3051313633134,2910.967790570814,3242.4065663524034,2725.786738006507,3184.962040063576,2510.1649255459706,3104.890149444651,2410.9530568253167,3043.281752793412
1964-06-02,927.4427763810606,1087.3051313633134,830.7380320589946,1058.2016854870194,2836.6799025467917,3184.962040063576,2655.537548180222,3104.890149444651,2447.1659887993314,3043.281752793412,2351.0635375611273,3000.466612847775
1964-06-03,900.9800790282561,1058.2016854870194,806.8045093625201,1015.6804050028397,2765.3501828833314,3104.890149444651,2588.671395027683,3043.281752793412,2388.072924286411,3000.466612847775,2294.528603964734,2821.2973361936824
1964-06-04,878.9117760110923,1015.6804050028397,787.1805874216631,997.867243180176,2713.777860812943,3043.281752793412,2544.723332759771,3000.466612847775,2349.216062726194,2821.2973361936824,2258.1265183293385,2841.8435666884297
1964-06-05,860.7659216597847,997.867243180176,770.9533529162946,896.3977362055916,2655.7628061766095,3000.466612847775,2498.848605252676,2821.2973361936824,2303.404860793923,2841.8435666884297,2214.2694974697333,2806.5054382775415
1964-06-06,832.3252799577091,896.3977362055916,746.6593333414687,907.9951749839688,2617.4989154122068,2821.2973361936824,2440.967689997764,2841.8435666884297,2256.755647517006,2806.5054382775415,2171.8048479628205,2676.700094195725
1964-06-07,758.179688004844,907.9951749839688,686.9196228824944,963.7979924340407,2479.871576750427,2841.8435666884297,2253.402286381401,2806.5054382775415,2096.881729045439,2676.700094195725,2026.426229888807,2719.15843928288
1964-06-08,855.0965294054826,963.7979924340407,711.1330944263532,971.5083874594033,2411.2818626195776,2806.5054382775415,2316.2746839111333,2676.700094195725,2220.503486672121,2719.15843928288,2077.4770007349525,2537.3709308453954
1964-06-09,753.8266641104424,971.5083874594033,641.6510277806539,856.706930471687,2486.946570061802,2676.700094195725,2387.9375082390534,2719.15843928288,2153.748799648944,2537.3709308453954,2042.5568373189985,2444.330848206084
1964-06-10,761.7551657436156,856.706930471687,701.8476277675823,788.5780255500306,2420.7561975089966,2719.15843928288,2305.0851018905505,2537.3709308453954,2072.477842465955,2444.330848206084,2013.5097233066213,2443.9583892271617
1964-06-11,741.5611734542458,788.5780255500306,672.686386759858,815.0238345924149,2418.3488366673164,2537.3709308453954,2181.7695653369874,2444.330848206084,2042.218859461625,2443.9583892271617,1974.320449241221,2471.792796495406
1964-06-12,697.7018902478571,815.0238345924149,632.5167920186424,809.8039480812827,2150.2648975671345,2444.330848206084,1994.1549413325972,2443.9583892271617,1863.431580339189,2471.792796495406,1798.9744668644475,2481.930151952812
1964-06-13,696.7552977442421,809.8039480812827,636.0810537188635,771.3196170088029,2125.300593009509,2443.9583892271617,2027.6864142715385,2471.792796495406,1884.5959929726073,2481.930151952812,1824.7563582841212,2336.9772732646984
1964-06-14,696.4828572996171,771.3196170088029,634.2398966795673,756.2427445048095,2186.0624802487205,2471.792796495406,2064.8590992619074,2481.930151952812,1926.809934040971,2336.9772732646984,1865.5531713935115,2373.6017267702055
1964-06-15,676.0178888688259,756.2427445048095,609.853922913937,738.3109964552008,2177.133481703156,2481.930151952812,2031.5819977268661,2336.9772732646984,1903.402294838504,2373.6017267702055,1838.274010492879,2219.196621787382
1964-06-16,653.392406602952,738.3109964552008,586.6741194567688,719.0120635085486,2161.901606922793,2336.9772732646984,2020.4249120338627,2373.6017267702055,1893.7778972470253,2219.196621787382,1828.168032807755,2171.4208250580496
1964-06-17,631.5279912076306,719.0120635085486,567.497882518808,706.0366600018592,2058.3039222733214,2373.6017267702055,1934.107846282416,2219.196621787382,1802.1318899305136,2171.4208250580496,1739.1011124709696,2175.220365587569
1964-06-18,619.4757634308529,706.0366600018592,557.5299816988987,696.7863415732052,2071.6761215981637,2219.196621787382,1945.620083381381,2171.4208250580496,1815.2147458957886,2175.220365587569,1754.3764235832848,2414.684441530364
1964-06-19,601.8575761174042,696.7863415732052,544.9082927687385,700.9816822843727,1954.3390147711402,2171.4208250580496,1874.4198572107027,2175.220365587569,1748.9902371162796,2414.684441530364,1692.5367122255423,2457.117136488072
1964-06-20,605.4377579262685,700.9816822843727,539.7074893732045,698.1900956927784,1957.7361305145425,2175.220365587569,1847.632503033848,2414.684441530364,1720.312004554712,2457.117136488072,1654.0094792803864,2492.933639537457
1964-06-21,623.3730937296963,698.1900956927784,560.3275272156178,714.9054244798742,1925.0502146941944,2414.684441530364,1804.5277773901798,2457.117136488072,1698.5402531581774,2492.933639537457,1636.4072593667902,2600.086212500547
1964-06-22,592.5783107328873,714.9054244798742,536.369245987182,665.0693082114499,2095.2197625400413,2457.117136488072,1993.4586120144368,2492.933639537457,1837.6242002289227,2600.086212500547,1782.7414830214566,2172.7248796914955
1964-06-23,608.0715722429368,665.0693082114499,542.6764545137767,636.3320086554945,2160.811319199191,2492.933639537457,2034.0990449261496,2600.086212500547,1892.9425702396506,2172.7248796914955,1829.0116579385572,2092.5930725217827
1964-06-24,567.2144627156283,636.3320086554945,510.4151038963904,646.4303647470435,2194.277850552504,2600.086212500547,2005.704982299872,2172.7248796914955,1881.734946483336,2092.5930725217827,1826.4892383811166,2054.7550798375337
1964-06-25,545.74917395763,646.4303647470435,492.9296661036656,610.7166587905069,2203.405981762905,2172.7248796914955,2036.8359931961293,2092.5930725217827,1920.19657879246,2054.7550798375337,1868.871563330982,2032.276109549337
1964-06-26,553.1392983961088,610.7166587905069,493.29283730628407,578.7635244455544,1880.0966902629546,2092.5930725217827,1792.013279473448,2054.7550798375337,1672.7939385338236,2032.276109549337,1614.0939951044993,1969.6108393215877
1964-06-27,521.0713305322537,578.7635244455544,466.0240804672155,559.321648097032,1855.0530603682905,2054.7550798375337,1715.359446267313,2032.276109549337,1605.7409812759024,1969.6108393215877,1551.7792350932586,1910.8017025852998
1964-06-28,499.1294305497634,559.321648097032,459.377191358842,559.7197420419908,1775.7057281751424,2032.276109549337,1654.2701695226065,1969.6108393215877,1550.4390087707288,1910.8017025852998,1511.7147598797942,1896.1008785539611
1964-06-29,494.90485793672434,559.7197420419908,448.46931503151313,546.6460872561381,1758.3263118862005,1969.6108393215877,1642.9706536651415,1910.8017025852998,1554.6644580480995,1896.1008785539611,1509.290563133496,1862.90540824562
1964-06-30,484.54353901370905,546.6460872561381,439.0533769665724,541.4839790964413,1714.0505116170325,1910.8017025852998,1616.9715641561406,1896.1008785539611,1522.812461443888,1862.90540824562,1478.3478517878434,1827.2945654122948
1964-07-01,476.19891457633787,541.4839790964413,432.02431393138454,526.5604897048725,1678.3533177892623,1896.1008785539611,1579.802622746277,1862.90540824562,1486.8228641656342,1827.2945654122948,1443.6190272311762,1766.2848794513452
1964-07-02,468.8114651712391,526.5604897048725,425.3221508100735,518.6396195188447,1652.0267834066417,1862.90540824562,1555.1027756823041,1827.2945654122948,1464.1951359578159,1766.2848794513452,1421.6570777775978,1732.2650244057509
1964-07-03,459.4506258322229,518.6396195188447,416.34498475239604,502.11193736199084,1625.8968924621774,1827.2945654122948,1528.1333956867334,1766.2848794513452,1439.6339067934484,1732.2650244057509,1397.4596079709777,1701.6610904175143
1964-07-04,451.64096267706674,502.11193736199084,408.05051484682474,493.8077993595612,1589.333510123794,1766.2848794513452,1497.4165002506147,1732.2650244057509,1409.6982001897504,1701.6610904175143,1367.002369459685,1712.5960914809443
1964-07-05,437.48011514825606,493.8077993595612,395.2880497877218,481.4700977488625,1543.6711015654685,1732.2650244057509,1446.605936156562,1701.6610904175143,1361.9421270615555,1712.5960914809443,1320.5851402533422,5693.3844177465935
1964-07-06,426.7641255892522,481.4700977488625,386.129245854611,469.86045667372827,1504.511814418795,1701.6610904175143,1414.3732068562015,1712.5960914809443,1331.3855837123785,5693.3844177465935,1291.5569207165254,6095.049991011924
1964-07-07,417.6807512246071,469.86045667372827,378.24261108976054,524.07699319564,1480.0215302866054,1712.5960914809443,1392.094306155654,5693.3844177465935,1311.2101282041722,6095.049991011924,1272.5665266505089,4162.378746598406
1964-07-08,407.52102599623606,524.07699319564,370.59827233297216,698.9376707090693,1677.4584791650432,5693.3844177465935,1606.724154134487,6095.049991011924,1524.6375585065684,4162.378746598406,1488.9318220022415,3053.2874779795034
1964-07-09,474.1420230464941,698.9376707090693,399.95465170470277,627.4713453632833,4471.987294115095,6095.049991011924,4150.9848867711935,4162.378746598406,4028.4311810319723,3053.2874779795034,3958.8024319619853,2257.583808836081
1964-07-10,511.3812381789767,627.4713453632833,449.50627348887406,513.7799375896905,4954.931606516572,4162.378746598406,4607.668346542324,3053.2874779795034,4366.35213281721,2257.583808836081,4310.44459293708,1955.493690699404
1964-07-11,489.10743223134,513.7799375896905,426.6698066543402,490.8167803124822,3534.0567381546643,3053.2874779795034,3146.5454378145223,2257.583808836081,2994.3323781642503,1955.493690699404,2935.611772628304,2747.7496082264142
1964-07-12,410.04190875750555,490.8167803124822,367.03483289902067,464.9629302935882,2468.206331897485,2257.583808836081,2175.2290624187726,1955.493690699404,2072.4565824143547,2747.7496082264142,2031.5073507205602,4021.4471782549354
1964-07-13,398.6062178147597,464.9629302935882,358.6477058912848,517.4683216054736,1826.212229242047,1955.493690699404,1773.27982712758,2747.7496082264142,1688.323772495306,4021.4471782549354,1648.927676966497,3095.7843811129223
1964-07-14,373.9424111231144,517.4683216054736,340.38714413168015,529.6431142281652,1739.5844504005072,2747.7496082264142,1705.1527004224208,4021.4471782549354,1593.8887351629296,3095.7843811129223,1557.8483254757284,2701.7342961454488
1964-07-15,407.44798955778947,529.6431142281652,364.42619476941934,555.4599144071669,2375.8504324234727,4021.4471782549354,2243.720180072261,3095.7843811129223,2097.2229771471734,2701.7342961454488,2052.22759591517,2481.893064370757
1964-07-16,422.973936743857,555.4599144071669,371.8928371039496,531.4170650801711,3326.739139756224,3095.7843811129223,3014.8309236200157,2701.7342961454488,2883.000670859323,2481.893064370757,2833.585669827445,2214.5034173054723
1964-07-17,432.5025908593021,531.4170650801711,378.09286719878907,498.5194472468597,2545.0972631684103,2701.7342961454488,2354.8800518937387,2481.893064370757,2225.1230403227314,2214.5034173054723,2171.9165359069557,2027.6310764318307
1964-07-18,414.73770913827957,498.5194472468597,365.32717273569654,486.6289405382553,2261.562179301927,2481.893064370757,2062.7867357847563,2214.5034173054723,1946.6580751549684,2027.6310764318307,1898.4189938045645,2037.020948021891
1964-07-19,392.9330224682087,486.6289405382553,349.4686805787373,392.63406363223737,2048.145289383917,2214.5034173054723,1868.434319322549,2027.6310764318307,1768.6868991637007,2037.020948021891,1726.528002080828,1722.4364582718486
1964-07-20,475.5326695233542,392.63406363223737,433.1328089664611,474.6259845091132,1846.4316350144084,2027.6310764318307,1736.4261710450728,2037.020948021891,1735.0056540745431,1722.4364582718486,1693.7967499044403,1899.1157452722923
1964-07-21,345.6790795322213,474.6259845091132,319.46632062510355,238.3953731819462,1722.1200499228166,2037.020948021891,1606.761798364183,1722.4364582718486,1476.35145414489,1899.1157452722923,1450.7650950344737,2048.0664982371095
1964-07-22,383.06956161981907,238.3953731819462,358.17119589916996,287.9511713403445,1708.720173497089,1722.4364582718486,1605.122471569993,1899.1157452722923,1504.5584254068765,2048.0664982371095,1480.5898934903005,5576.803561729528
1964-07-23,230.39185500101905,287.9511713403445,137.45376269347275,610.2092353248768,1543.0718076606408,1899.1157452722923,1201.1784739200136,2048.0664982371095,1200.3783633299486,5576.803561729528,1108.1471339381264,5241.000232589113
1964-07-24,320.56960985099926,610.2092353248768,228.63239549044752,807.1046177021865,1400.302652978045,2048.0664982371095,1643.6932664335864,5576.803561729528,1638.6131115709507,5241.000232589113,1542.3643080880763,3826.9593507751742
1964-07-25,405.92040063932006,807.1046177021865,542.6740472831061,670.7600775184667,2016.2026594344727,5576.803561729528,2257.6125890645844,5241.000232589113,1967.9661993224565,3826.9593507751742,2100.213767903534,3592.9098812255525
1964-07-26,782.9886651800234,670.7600775184667,625.822693134726,722.4962292506038,4838.023891049021,5241.000232589113,4505.254384435967,3826.9593507751742,4411.993319675708,3592.9098812255525,4257.705375637498,3737.758776476314
1964-07-27,519.5924572339295,722.4962292506038,412.9664206112934,721.2567416290193,4392.7926291771055,3826.9593507751742,3816.073507048339,3592.9098812255525,3614.9645356940346,3737.758776476314,3511.324979753286,3197.587280756089
1964-07-28,522.3064398932663,721.2567416290193,455.78686144340395,705.6163001053858,3011.9385920119703,3592.9098812255525,2787.2795113077777,3737.758776476314,2569.4096558835986,3197.587280756089,2504.9095607533873,3016.105851335933
1964-07-29,551.90442187506,705.6163001053858,497.6521377432497,674.2902560272021,3022.869183922,3737.758776476314,2790.530820346842,3197.587280756089,2610.1146267016147,3016.105851335933,2558.53605070146,2879.523604422615
1964-07-30,575.0493075294542,674.2902560272021,509.18897607165144,590.1768379627649,3083.6903226256127,3197.587280756089,2887.459282002841,3016.105851335933,2729.4869353267545,2879.523604422615,2665.0293742870936,2529.4293708912505
1964-07-31,537.4126287329984,590.1768379627649,468.82422765865863,522.4483387941907,2728.1452598914484,3016.105851335933,2479.8225296314135,2879.523604422615,2319.222250105982,2529.4293708912505,2251.7429027204653,2368.639623728114
1964-08-01,474.105065809081,522.4483387941907,409.36805279054363,497.59452653985306,2482.5772530555423,2879.523604422615,2213.8375465135878,2529.4293708912505,2087.6697716982467,2368.639623728114,2024.2600214186382,2573.7750755906595
1964-08-02,418.16588610611484,497.59452653985306,363.44528147225117,494.7917282603189,2325.4869151387443,2529.4293708912505,2098.9793839110284,2368.639623728114,1986.6553321377728,2573.7750755906595,1933.3314756443738,2751.525204218473
1964-08-03,395.9718246188337,494.7917282603189,347.70567204345997,490.0786897126197,2059.6646339800227,2368.639623728114,1938.7981057780953,2573.7750755906595,1823.6002411806332,2751.525204218473,1775.4666636418378,2351.4261328164944
1964-08-04,392.830351960503,490.0786897126197,349.70559595569864,471.64569038117276,2001.236131176861,2573.7750755906595,1865.1787222544604,2751.525204218473,1748.2723482352176,2351.4261328164944,1705.279390656359,2140.2323137046787
1964-08-05,393.09004913460626,471.64569038117276,352.7945653961115,451.5489476470584,2163.364510679641,2751.525204218473,1996.5328319681876,2351.4261328164944,1888.5432597225117,2140.2323137046787,1849.0613043447365,2057.991230465039
1964-08-06,384.0459268540026,451.5489476470584,346.1129365579312,435.2461002378404,2263.576771140376,2351.4261328164944,2084.315685334705,2140.2323137046787,1984.125526585351,2057.991230465039,1947.2474969611008,1953.6746481774424
1964-08-07,370.0958488040697,435.2461002378404,335.03530324608676,420.84464465863044,1947.7854028550828,2140.2323137046787,1792.0039122624216,2057.991230465039,1702.1179909674593,1953.6746481774424,1667.8839903560656,1916.5804260535879
1964-08-08,358.7882389513244,420.84464465863044,326.03914571152404,411.4062168069654,1768.9582647912955,2057.991230465039,1634.894522009879,1953.6746481774424,1554.546820315797,1916.5804260535879,1522.4269689045086,1871.6748817565042
1964-08-09,348.399076937432,411.4062168069654,317.7498936816839,404.7246605669959,1702.7848233814411,1953.6746481774424,1576.4702011865716,1916.5804260535879,1502.4077172529612,1871.6748817565042,1472.4940528061777,1815.511034331149
1964-08-10,341.2418114635472,404.7246605669959,311.8265359430257,398.2609929059078,1633.37945806063,1916.5804260535879,1522.865966491946,1871.6748817565042,1451.964098820261,1815.511034331149,1423.188752584277,1756.530693835
1964-08-11,336.01506215695827,398.2609929059078,307.5472686152438,396.4366274563281,1592.5012985820626,1871.6748817565042,1485.930255021828,1815.511034331149,1417.8117715740063,1756.530693835,1389.9989498759855,1749.6971544810772
1964-08-12,331.82740735611384,396.4366274563281,293.66457190934506,388.8586944886859,1557.2953612278898,1815.511034331149,1457.013555222583,1756.530693835,1391.8291094362626,1749.6971544810772,1354.2495257462695,1704.7592362267983
1964-08-13,318.67694116520516,388.8586944886859,299.95299504991664,391.51064373427016,1510.2226601601492,1756.530693835,1416.789458407892,1749.6971544810772,1341.1251910195938,1704.7592362267983,1323.0082491249418,1670.557187575637
1964-08-14,327.56566605050904,391.51064373427016,300.9587780982566,386.2790467070588,1479.3551930171066,1749.6971544810772,1382.633373611864,1704.7592362267983,1325.7898621669233,1670.557187575637,1299.8566009435363,1617.329231416657
1964-08-15,323.96183197079034,386.2790467070588,296.9987791221679,383.3566168001186,1450.4962146406301,1704.7592362267983,1365.1730807587267,1670.557187575637,1303.7493915622094,1617.329231416657,1277.512441199133,1627.6231177544505
1964-08-16,318.5429662257711,383.3566168001186,292.35631416637614,391.00614347659314,1420.9626575775442,1670.557187575637,1332.380512957473,1617.329231416657,1271.9154174482073,1627.6231177544505,1246.4348320936044,1700.1033024332464
1964-08-17,318.43987767954417,391.00614347659314,291.22431537429605,413.37306355432236,1386.7066423703868,1617.329231416657,1306.7105442816542,1627.6231177544505,1251.4671013049976,1700.1033024332464,1225.0639413020367,1818.787080286256
1964-08-18,320.41412861500385,413.37306355432236,293.7383588115007,403.71448377526156,1362.5530002311598,1627.6231177544505,1307.9020268695851,1700.1033024332464,1245.7819340698431,1818.787080286256,1219.6444793724133,1934.9975971415013
1964-08-19,334.6945075038261,403.71448377526156,304.7540251530125,395.4615130813776,1377.5704257064235,1700.1033024332464,1333.954488623007,1818.787080286256,1262.912910880968,1934.9975971415013,1233.290317475633,1818.0243204832864
1964-08-20,326.98804590373993,395.4615130813776,297.85232233898284,384.8202997011915,1448.6624611830907,1818.787080286256,1347.1069961781645,1934.9975971415013,1278.363668721459,1818.0243204832864,1249.726540032962,1676.197078005528
1964-08-21,320.1823599340887,384.8202997011915,291.96314519234045,366.3330207398321,1506.7275519584455,1934.9975971415013,1404.4342563460868,1818.0243204832864,1339.5097391204151,1676.197078005528,1312.1383705884468,1674.4637348095407
1964-08-22,312.11027709167536,366.3330207398321,281.80229744562405,305.65547138841544,1585.8600362597435,1818.0243204832864,1475.1391820728923,1676.197078005528,1410.9561842241092,1674.4637348095407,1381.5150539587858,1725.4969163970634
1964-08-23,295.4192115871822,305.65547138841544,255.64863465013718,319.939826636384,1491.4014046129766,1676.197078005528,1378.56926069029,1674.4637348095407,1318.4453988584726,1725.4969163970634,1279.5143270901713,1606.4284896332142
1964-08-24,240.15444124495968,319.939826636384,190.27259448561793,336.7084752794151,1365.94010614236,1674.4637348095407,1223.8289012159307,1725.4969163970634,1171.2278422217826,1606.4284896332142,1122.083325328819,1528.1397656422764
1964-08-25,225.38707411968545,336.7084752794151,260.8624446273623,321.83361238211904,1331.8951259294245,1725.4969163970634,1262.160164491272,1606.4284896332142,1180.9594962679907,1528.1397656422764,1217.2825129848336,1617.5243133967492
1964-08-26,313.6121317148917,321.83361238211904,306.2652222425945,344.39812850344447,1417.4922220500096,1606.4284896332142,1342.7960353672834,1528.1397656422764,1333.697192963301,1617.5243133967492,1327.3840567762195,1611.7354844689478
1964-08-27,286.17229474503347,344.39812850344447,252.88307457564161,367.5931346934294,1330.896848961929,1528.1397656422764,1237.8674788028065,1617.5243133967492,1217.1519101691008,1611.7354844689478,1184.5876298621574,1365.10187751036
1964-08-28,270.40609262244857,367.5931346934294,255.08696953269077,373.4040497522501,1256.2948168086234,1617.5243133967492,1202.607827143322,1611.7354844689478,1145.3619544815747,1365.10187751036,1130.7137506846589,1547.6209873318353
1964-08-29,298.303294535655,373.4040497522501,286.6523314891017,254.83776733668265,1339.227958090559,1611.7354844689478,1280.3945202945813,1365.10187751036,1228.0003479677553,1547.6209873318353,1217.184128514995,4834.416093939841
1964-08-30,311.6123418686075,254.83776733668265,293.87670635288896,335.7042910848251,1340.266995469246,1365.10187751036,1266.8711821546235,1547.6209873318353,1222.9204254389726,4834.416093939841,1206.0084635891255,6479.859728950058
1964-08-31,272.4529443552226,335.7042910848251,186.03490217962664,541.3470281310942,1154.7236573593423,1547.6209873318353,1020.9019876065477,4834.416093939841,1058.9357593065786,6479.859728950058,972.7241664717308,3907.004168903498
1964-09-01,234.31433653053267,541.3470281310942,285.4182757098906,547.9804657149446,1365.3381891608321,4834.416093939841,1476.394614749649,6479.859728950058,1341.4576537809753,3907.004168903498,1392.966491853889,2962.22532242177
1964-09-02,454.00495246840035,547.9804657149446,526.5512098959987,499.1727961338651,3904.5047268847925,6479.859728950058,3759.0881348549283,3907.004168903498,3614.9055412753078,2962.22532242177,3690.0424878710887,2768.7313844452196
1964-09-03,547.0723877290966,499.1727961338651,463.91764890192405,460.1167902849449,5317.301356376455,3907.004168903498,4757.533354638851,2962.22532242177,4714.251068437127,2768.7313844452196,4637.26066876795,2536.54801224696
1964-09-04,395.99176337257495,460.1167902849449,323.557766158591,439.0853786465373,3131.261166733772,2962.22532242177,2803.147789205489,2768.7313844452196,2695.4102994926347,2536.54801224696,2625.6371656278925,2342.670057933386
1964-09-05,340.56210049821345,439.0853786465373,290.20617923787347,445.98756368560055,2365.780508620942,2768.7313844452196,2144.1936993045633,2536.54801224696,2029.0540222648024,2342.670057933386,1980.1022633253083,2247.252860710838
1964-09-06,330.4610003400816,445.98756368560055,287.60853090345034,458.78423713533357,2210.396181588173,2536.54801224696,2017.9435769575598,2342.670057933386,1915.3573819663047,2247.252860710838,1873.7965889671602,2107.453781606464
1964-09-07,336.3539874359352,458.78423713533357,296.53398549010035,439.6996569518195,2035.7154825242837,2342.670057933386,1890.7010946972546,2247.252860710838,1789.9562168075918,2107.453781606464,1751.299156159987,2013.8838269497492
1964-09-08,347.2017307287847,439.6996569518195,306.42349092236486,408.607173156873,1922.3361099686324,2247.252860710838,1794.7317018083063,2107.453781606464,1693.6866435518436,2013.8838269497492,1654.094817122255,2501.0617578280194
1964-09-09,335.20248916262165,408.607173156873,298.4948520659598,387.58587004829576,1838.0744412032232,2107.453781606464,1691.9957156301994,2013.8838269497492,1601.4905501967737,2501.0617578280194,1565.9821385971313,2217.6421775287463
1964-09-10,315.37914772480184,387.58587004829576,284.7060356368754,378.7471635033787,1715.0346005492652,2013.8838269497492,1570.6136771678016,2501.0617578280194,1492.642907967525,2217.6421775287463,1462.9273521776756,1939.3618496823815
1964-09-11,302.1996489634719,378.7471635033787,275.51416241248177,357.3318440176008,1617.2857859419337,2501.0617578280194,1490.5713995301194,2217.6421775287463,1421.9681210687997,1939.3618496823815,1396.199419603003,1918.7460258635133
1964-09-12,297.3669691357079,357.3318440176008,271.85608051951107,347.7957722712632,2004.9205881005028,2217.6421775287463,1843.760713249496,1939.3618496823815,1773.7147801754618,1918.7460258635133,1749.8215179737153,1974.1937967446613
1964-09-13,282.3529931038676,347.7957722712632,260.35083706562585,343.08423786302853,1778.230641016759,1939.3618496823815,1630.6340228077866,1918.7460258635133,1570.7856318469828,1974.1937967446613,1550.2665770243925,2108.035987679713
1964-09-14,275.92333318687946,343.08423786302853,255.30107408701625,350.9182485774553,1557.089759054451,1918.7460258635133,1448.5566876288976,1974.1937967446613,1396.1125018481357,2108.035987679713,1376.5970493640784,2051.7541803428076
1964-09-15,272.6451500436141,350.9182485774553,252.53199600979298,347.48916211932874,1551.5080987782521,1974.1937967446613,1443.8094701021125,2108.035987679713,1391.0760856386953,2051.7541803428076,1371.8751029754726,1969.816775833909
1964-09-16,276.98827563296675,347.48916211932874,255.84114309844807,340.0521713300036,1586.0910764708242,2108.035987679713,1483.8042814478754,2051.7541803428076,1428.786379673557,1969.816775833909,1408.7770877871278,1921.4549019764424
1964-09-17,274.74054210901124,340.0521713300036,253.94597452130176,336.19504076536856,1712.3247750330856,2051.7541803428076,1586.5039841694233,1969.816775833909,1530.3810148573816,1921.4549019764424,1510.9145603472389,1846.431993408025
1964-09-18,269.22791717560733,336.19504076536856,249.46271146913867,334.12091122842975,1645.1248772609183,1969.816775833909,1519.6826170399345,1921.4549019764424,1467.5256126242666,1846.431993408025,1449.0331212719093,1817.8532715446545
1964-09-19,266.280565208043,334.12091122842975,247.09021877083143,332.30854588935546,1585.7232365794023,1921.4549019764424,1470.7060339485872,1846.431993408025,1420.9467904170147,1817.8532715446545,1403.0442500621048,1763.1221548964863
1964-09-20,264.4274687038982,332.30854588935546,245.5207007937035,330.9387575294902,1535.6355085263385,1846.431993408025,1429.355725287543,1817.8532715446545,1381.0497945797106,1763.1221548964863,1363.4211938934695,1749.3405978817532
1964-09-21,262.86308613242636,330.9387575294902,244.2306960744518,329.6502137918513,1491.4288688348925,1817.8532715446545,1390.5919574678082,1763.1221548964863,1342.9729121359105,1749.3405978817532,1325.4852307250603,1706.3637448001055
1964-09-22,261.6370118129993,329.6502137918513,243.12951862464098,327.739483029082,1454.7244494347356,1763.1221548964863,1357.6643261123804,1749.3405978817532,1310.9914137948938,1706.3637448001055,1293.6139955602544,1679.99571097345
1964-09-23,260.5609184175933,327.739483029082,242.18786585659632,326.34760701883494,1423.3342262447072,1749.3405978817532,1330.837644506173,1706.3637448001055,1284.7887167080112,1679.99571097345,1267.4633002384226,1672.527219075882
1964-09-24,258.7785291865263,326.34760701883494,240.6926054393905,324.59036313575075,1398.9621940652326,1706.3637448001055,1307.6816943995664,1679.99571097345,1262.0310364533643,1672.527219075882,1244.949622536953,1637.455654164297
1964-09-25,257.70170961564895,324.59036313575075,239.79024321098842,322.6864699562782,1375.9330494043627,1679.99571097345,1286.8977350335542,1672.527219075882,1242.4094265192657,1637.455654164297,1225.5157610181373,1794.601971340499
1964-09-26,256.1529889936668,322.6864699562782,238.40094770881,320.9117100318357,1353.8659908816371,1672.527219075882,1268.31196894087,1637.455654164297,1224.228459772287,1794.601971340499,1207.4407950514912,2696.1506582828015
1964-09-27,254.447122924381,320.9117100318357,236.91681523615784,322.0521008104946,1334.6979480890054,1637.455654164297,1249.1532769613073,1794.601971340499,1205.708597837861,2696.1506582828015,1189.1105219573608,3786.48719534941
1964-09-28,252.95300174401643,322.0521008104946,235.6746180981735,330.85225469496993,1317.9760953888053,1794.601971340499,1234.719374459778,2696.1506582828015,1192.0399181894252,3786.48719534941,1175.6983863166492,3637.197082855332
1964-09-29,256.87162827852853,330.85225469496993,236.5727489051199,365.53018585857814,1469.438862900277,2696.1506582828015,1380.4680271239306,3786.48719534941,1339.1413190352328,3637.197082855332,1320.1135072994166,3016.8802017240864
1964-09-30,260.8647037708575,365.53018585857814,238.93423197433324,373.03342216223547,2135.777971797253,3786.48719534941,1974.9604821914568,3637.197082855332,1917.1665769850988,3016.8802017240864,1897.3181336269138,2857.3313113808854
1964-10-01,278.6220567177604,373.03342216223547,256.09991183402593,354.8549166224177,2977.286620528403,3637.197082855332,2740.729086073134,3016.8802017240864,2656.4948346938236,2857.3313113808854,2637.7912923608224,2859.4107442803725
1964-10-02,288.06269482443764,354.8549166224177,262.0109683788104,350.30848625038516,2890.949658570779,3016.8802017240864,2645.492696387776,2857.3313113808854,2566.1678618465908,2859.4107442803725,2543.7871624596937,2845.4951145256523
1964-10-03,276.92187967390794,350.30848625038516,250.92331142849588,353.9458677089976,2407.6390399991524,2857.3313113808854,2243.9041131641484,2859.4107442803725,2177.2419224656296,2845.4951145256523,2153.622372634285,2750.656031203179
1964-10-04,270.00241029651846,353.9458677089976,250.3369277233111,355.726217175476,2299.2477485271065,2859.4107442803725,2119.65083090953,2845.4951145256523,2046.1762769115512,2750.656031203179,2028.0891279824077,2627.0893807072785
1964-10-05,276.0092557803314,355.726217175476,253.15524229850828,351.7980725405743,2292.1514790890747,2845.4951145256523,2116.714775164294,2750.656031203179,2046.821584807363,2627.0893807072785,2025.5655450615964,2530.8992420627515
1964-10-06,276.4587438386461,351.7980725405743,253.64756969596039,352.98834291856593,2267.942506067308,2750.656031203179,2088.2946650502245,2627.0893807072785,2017.7367634190834,2530.8992420627515,1996.5236680995176,2417.4459324797986
1964-10-07,274.4353149584315,352.98834291856593,252.35802703042071,353.4756223968815,2198.8751651039365,2627.0893807072785,2025.4347450060263,2530.8992420627515,1956.392282263208,2417.4459324797986,1935.7136740825367,2330.574393525496
1964-10-08,275.0312591814256,353.4756223968815,253.5052763591416,354.8759151205084,2099.9190109697415,2530.8992420627515,1938.162262894546,2417.4459324797986,1870.4294085021775,2330.574393525496,1850.1317350301467,2270.807104686408
1964-10-09,275.77348850209125,354.8759151205084,254.61856870528248,357.2666197292756,2013.4348311370868,2417.4459324797986,1868.2009668579321,2330.574393525496,1801.3952884626083,2270.807104686408,1781.1948198559721,2191.434507974499
1964-10-10,276.9749273256152,357.2666197292756,255.8276317852385,358.653736102625,1942.926844256195,2330.574393525496,1793.7991462567954,2270.807104686408,1728.9894360214844,2191.434507974499,1708.7727299942476,2130.7655234301646
1964-10-11,278.4264289591709,358.653736102625,258.03358101473384,360.95452626700154,1864.3385857279309,2270.807104686408,1727.0334078240724,2191.434507974499,1664.491316770111,2130.7655234301646,1645.09153176615,2095.0104362606025
1964-10-12,280.3187941683783,360.95452626700154,260.0798930862229,364.3174263617952,1806.8501716786482,2191.434507974499,1672.8354846052907,2130.7655234301646,1612.8201550618978,2095.0104362606025,1593.750333849467,2033.4267490403993
1964-10-13,282.17923733140003,364.3174263617952,262.2506316864817,367.6962784668795,1753.7922808654923,2130.7655234301646,1630.0404565334716,2095.0104362606025,1572.8755686250556,2033.4267490403993,1554.2159050716778,2004.4575642783334
1964-10-14,285.06961396467426,367.6962784668795,264.9013285534868,369.9056780589074,1709.8232797767441,2095.0104362606025,1595.0229486620326,2033.4267490403993,1536.5588159016106,2004.4575642783334,1517.3256522202803,1992.2297460498285
1964-10-15,287.7729585414622,369.9056780589074,267.2422065215589,373.9469389159912,1672.4732800603852,2033.4267490403993,1559.8842646609764,2004.4575642783334,1503.7395367858055,1992.2297460498285,1484.247009806503,1938.9431321064994
1964-10-16,289.5004312945359,373.9469389159912,269.4075246583632,377.1511877964371,1633.410457948174,2004.4575642783334,1523.8610092288975,1992.2297460498285,1467.8075032862268,1938.9431321064994,1448.6851163181327,1930.2382256162643
1964-10-17,292.83708962086655,377.1511877964371,272.66084462964693,379.62194950905445,1608.9706207360064,1992.2297460498285,1505.8643867582832,1938.9431321064994,1450.2718516471464,1930.2382256162643,1431.0797755260037,1927.5178651233505
1964-10-18,295.8064039102055,379.62194950905445,275.35934659283964,386.15770338049424,1589.5217516582547,1938.9431321064994,1489.0421889243423,1930.2382256162643,1434.3416939986557,1927.5178651233505,1414.8867107322392,1853.32297468185
1964-10-19,297.78749201385654,386.15770338049424,277.42682823367466,387.34227589286263,1560.9324073859798,1930.2382256162643,1464.7854917655818,1927.5178651233505,1410.2247857919592,1853.32297468185,1390.817885142955,1841.7278774330075
1964-10-20,302.64703542348866,387.34227589286263,281.60878210433486,389.7529408420337,1554.2413278325757,1927.5178651233505,1463.8979216549415,1853.32297468185,1405.8496801850306,1841.7278774330075,1385.5014141908537,1842.1744985442112
1964-10-21,303.8314220069479,389.7529408420337,282.5653322115587,391.558467251245,1556.8616754943976,1853.32297468185,1455.6638695583374,1841.7278774330075,1399.2021042294923,1842.1744985442112,1378.7661605888993,1838.16434327444
1964-10-22,305.98960224554867,391.558467251245,284.71736837488805,393.4069625878665,1535.2517309436441,1841.7278774330075,1439.99224159005,1842.1744985442112,1384.3360330662322,1838.16434327444,1363.9336326446005,1849.8080562084526
1964-10-23,307.514413550865,393.4069625878665,286.0519568546083,395.10905349505407,1527.0898798544072,1842.1744985442112,1431.1842410789206,1838.16434327444,1375.492673291295,1849.8080562084526,1354.9240293158753,1809.628634106576
1964-10-24,308.8740346087642,395.10905349505407,287.40640708525416,396.9272874150203,1512.9059479851896,1838.16434327444,1421.5911908971502,1849.8080562084526,1366.062501010882,1809.628634106576,1345.5050831461751,1788.3821883278242
1964-10-25,310.3981680403607,396.9272874150203,288.84127977486855,398.66211691905295,1501.612493325992,1849.8080562084526,1412.1994484335037,1809.628634106576,1356.542816899128,1788.3821883278242,1335.8433662868151,1767.7975591638854
1964-10-26,312.22314511464447,398.66211691905295,290.5255838124732,400.4505238812258,1491.2473994195823,1809.628634106576,1401.2897048967384,1788.3821883278242,1346.307015478222,1767.7975591638854,1325.5041003512729,1762.8645337497335
1964-10-27,313.56655681561585,400.4505238812258,291.8862813436056,402.53645641115736,1477.8215585232847,1788.3821883278242,1390.9038981214132,1767.7975591638854,1335.6634279319687,1762.8645337497335,1314.8640063764296,1733.0232553401863
1964-10-28,315.1343420506115,402.53645641115736,293.34224065394744,406.03731681318754,1467.8008032098878,1767.7975591638854,1381.876310758885,1762.8645337497335,1326.6093164622857,1733.0232553401863,1305.6860031087176,1721.465305188723
1964-10-29,317.14507992551006,406.03731681318754,294.1351397168458,404.03690107309524,1456.8296135706778,1762.8645337497335,1372.781088352198,1733.0232553401863,1318.6618548709534,1721.465305188723,1296.6377976164308,1719.0225998576389
1964-10-30,319.02815459159365,404.03690107309524,294.72394964353487,402.71308412686636,1444.340841644218,1733.0232553401863,1372.7966792095929,1721.465305188723,1314.7114350160884,1719.0225998576389,1291.0510553953793,1712.054791866957
1964-10-31,316.4884161066017,402.71308412686636,297.7974762681038,407.39976416772805,1449.2126015582949,1721.465305188723,1361.3823433183454,1719.0225998576389,1302.508846319733,1712.054791866957,1284.440549375783,1715.6164028018707
1964-11-01,320.52359128577007,407.39976416772805,298.4905338494145,408.68622734483773,1428.8925483047733,1719.0225998576389,1345.4534468060406,1712.054791866957,1292.725330922825,1715.6164028018707,1271.3531634276146,1686.62475719781
1964-11-02,322.03727878905704,408.68622734483773,299.97768906879264,410.0285757666139,1431.3951044641963,1712.054791866957,1349.970979507199,1715.6164028018707,1294.2131023038075,1686.62475719781,1272.873721323005,1674.335243744153
1964-11-03,323.31382544803006,410.0285757666139,301.29221075050384,410.433626588201,1430.261168503035,1715.6164028018707,1349.5111232018626,1686.62475719781,1293.554684638762,1674.335243744153,1272.243715350176,1660.409207616977
1964-11-04,324.87520708840754,410.433626588201,302.80186818735194,410.79959119624857,1422.1494559031967,1686.62475719781,1342.5350492053374,1674.335243744153,1286.9588592364707,1660.409207616977,1265.6055963034144,1649.5716015063847
1964-11-05,325.7225493441255,410.79959119624857,303.9821288598671,411.5159333780904,1415.0931491796168,1674.335243744153,1335.0035412676518,1660.409207616977,1279.866899639429,1649.5716015063847,1258.8729071046898,1640.0363489843505
1964-11-06,326.74745851347427,411.5159333780904,304.74314727805813,411.679079158919,1406.060099916203,1660.409207616977,1326.0431295727572,1649.5716015063847,1271.7247218512077,1640.0363489843505,1250.4935627973032,1646.8604527330476
1964-11-07,327.4517110938733,411.679079158919,305.2643360039194,411.8413800013233,1395.4587090504547,1649.5716015063847,1318.2468314603825,1640.0363489843505,1263.6888243534563,1646.8604527330476,1242.2470946774392,1620.8546609704736
1964-11-08,327.8490723824883,411.8413800013233,305.6735539981955,412.6123337554461,1389.9736216509161,1640.0363489843505,1311.3522687165596,1646.8604527330476,1256.8194909856275,1620.8546609704736,1235.3842287003524,1612.2396383786295
1964-11-09,328.4329049789773,412.6123337554461,306.22159330056905,412.62350904731426,1381.8095308586078,1646.8604527330476,1304.8983119440454,1620.8546609704736,1250.8851394495823,1612.2396383786295,1229.4438603848198,1603.0688718588194
1964-11-10,329.4938781239247,412.62350904731426,307.13663591432373,412.7030560535482,1375.3427948560834,1620.8546609704736,1300.1054127826692,1612.2396383786295,1245.8275233394208,1603.0688718588194,1224.2008401767391,1593.9572216320262
1964-11-11,329.81137927097353,412.7030560535482,307.52207882473175,412.46192117083467,1370.3687530354678,1612.2396383786295,1294.2737863134873,1603.0688718588194,1239.966507953834,1593.9572216320262,1218.417051518154,1584.6584791202122
1964-11-12,330.3245499918118,412.46192117083467,308.0547294523038,411.75829748915305,1363.1199188827231,1603.0688718588194,1288.0724347376256,1593.9572216320262,1233.8850308333301,1584.6584791202122,1212.3471040080788,1575.3327106475497
1964-11-13,330.68989985635005,411.75829748915305,308.46379575484,411.23011642209724,1357.003839559286,1593.9572216320262,1282.208645397973,1584.6584791202122,1228.1891596754067,1575.3327106475497,1206.677870418786,1565.6559318847153
1964-11-14,330.66942109933757,411.23011642209724,308.6424412722334,410.5829931371293,1349.9734925888172,1584.6584791202122,1274.5838879352614,1575.3327106475497,1221.0088346831037,1565.6559318847153,1199.7126931847447,1554.4188667843323
1964-11-15,330.8448031970405,410.5829931371293,308.92070573821667,410.26263570982195,1342.0271261683183,1575.3327106475497,1267.9735178500068,1565.6559318847153,1214.7753877520386,1554.4188667843323,1193.5851430682758,1588.8056833034275
1964-11-16,330.67156539745156,410.26263570982195,308.8853484614351,409.8397217965893,1335.7984438203125,1565.6559318847153,1262.1787765543668,1554.4188667843323,1209.1399819372439,1588.8056833034275,1188.0873389291235,1589.2471230624956
1964-11-17,331.3948490746221,409.8397217965893,309.6255933041582,410.533303698229,1328.4825945451335,1554.4188667843323,1257.1062543244007,1588.8056833034275,1204.741063214221,1589.2471230624956,1183.6771369483404,1573.3664253914503
1964-11-18,331.48762351637254,410.533303698229,309.8673227655806,422.80665627942585,1321.7487456057197,1588.8056833034275,1249.4032891660459,1589.2471230624956,1197.112668300565,1573.3664253914503,1176.2164395161672,1601.9743627989078
1964-11-19,332.3868965684683,422.80665627942585,310.6547123348621,440.1802271690535,1335.0399201922341,1589.2471230624956,1262.8727489194484,1573.3664253914503,1210.151666934416,1601.9743627989078,1189.1824508128013,1655.319429074914
1964-11-20,349.58498993252937,440.1802271690535,319.6346380853927,450.3512392487173,1352.3491187817774,1573.3664253914503,1300.3344059701597,1601.9743627989078,1251.9663798710628,1655.319429074914,1222.786336791045,1629.705124945955
1964-11-21,347.59482493444096,450.3512392487173,326.2478906479389,434.2069659881163,1357.0458788456458,1601.9743627989078,1307.1022198130454,1655.319429074914,1236.454632864177,1629.705124945955,1215.7636856037577,1617.742095366083
1964-11-22,362.2233919124892,434.2069659881163,333.534098316438,427.166483201931,1387.9237474507256,1655.319429074914,1323.8293304168283,1629.705124945955,1256.8939473176397,1617.742095366083,1228.7772325494789,1603.3935083256333
1964-11-23,350.40974130568895,427.166483201931,324.3274222080132,425.55317700781035,1423.2423626840164,1629.705124945955,1330.2428280103468,1617.742095366083,1268.3469181076132,1603.3935083256333,1242.9381015106019,1437.925536664256
1964-11-24,346.6882703528684,425.55317700781035,321.52629682367865,538.00490451195,1379.7219598324054,1617.742095366083,1304.906082409004,1603.3935083256333,1245.6434566878172,1437.925536664256,1221.068629393656,3270.3086990602014
1964-11-25,346.6608615888038,538.00490451195,322.7150940657424,836.94329449299,1386.2797196795145,1603.3935083256333,1316.2430822940041,1437.925536664256,1258.5031077029312,3270.3086990602014,1235.2697643612348,5438.50821215414
1964-11-26,507.8236847613416,836.94329449299,429.2763077776726,786.7493120474301,1402.044995960052,1437.925536664256,2274.054999161782,3270.3086990602014,2255.4899472989155,5438.50821215414,2171.183760773942,6938.236425741306
1964-11-27,737.4855687019001,786.7493120474301,647.9968106115363,766.982027008451,2180.7461535790994,3270.3086990602014,3100.161021335598,5438.50821215414,2726.718682453892,6938.236425741306,2612.525393407684,7361.345760077345
1964-11-28,766.2170925632627,766.982027008451,647.5276958656951,961.4672781832248,3971.019667325031,5438.50821215414,3155.2684130800253,6938.236425741306,3048.7513845341737,7361.345760077345,2921.896020989584,6848.9639632806775
1964-11-29,651.2191560642648,961.4672781832248,599.5217758322328,1116.493926280465,4145.559409313341,6938.236425741306,3817.4052043968586,7361.345760077345,3579.630230844862,6848.9639632806775,3521.11385786332,6141.471327871165
1964-11-30,740.3559226247314,1116.493926280465,670.44895922481,1115.5536163613629,5710.350056210224,7361.345760077345,5240.532060619413,6848.9639632806775,4888.558363607792,6141.471327871165,4817.786735270528,5833.617065350407
1964-12-01,861.9068126304865,1115.5536163613629,747.1310780421643,1060.8401855673037,6049.706758794743,6848.9639632806775,5560.517623699615,6141.471327871165,5207.0854163389395,5833.617065350407,5094.609022826112,6759.347660228956
1964-12-02,854.0825602756479,1060.8401855673037,757.334770207087,1026.7581865661396,5682.360387427257,6141.471327871165,5174.382494909045,5833.617065350407,4824.735059841768,6759.347660228956,4729.817900999289,6977.6668874388215
1964-12-03,853.4165787862528,1026.7581865661396,792.1210058803852,982.8199836627152,5072.888692230561,5833.617065350407,4592.118688539869,6759.347660228956,4323.573359386823,6977.6668874388215,4264.4136415918065,7372.327909545606
1964-12-04,876.0060289452892,982.8199836627152,808.1285667160416,945.5965619465112,4791.700915134152,6759.347660228956,4536.81382898208,6977.6668874388215,4326.546955860859,7372.327909545606,4259.574389259546,7220.921867890906
1964-12-05,870.3831159799208,945.5965619465112,800.7354971738498,936.9406606565124,5635.632397014808,6977.6668874388215,5450.536088811188,7372.327909545606,5210.496646008912,7220.921867890906,5136.988037066223,6536.217190263826
1964-12-06,818.1956304132423,936.9406606565124,767.0633068048497,982.7804182894969,6008.60393099837,7372.327909545606,5478.294404161653,7220.921867890906,5183.383846075256,6536.217190263826,5126.837044457561,5851.878607548835
1964-12-07,811.4072821731146,982.7804182894969,748.4621563446793,1011.2039834577993,6056.424782905383,7220.921867890906,5388.921831750219,6536.217190263826,5146.633720064411,5851.878607548835,5083.219666320354,5329.250793632867
1964-12-08,829.9077888905715,1011.2039834577993,761.7563633245409,1020.997489255349,5805.037280907318,6536.217190263826,5295.1867652113215,5851.878607548835,5043.147723369262,5329.250793632867,4976.0859874296575,4687.21161611212
1964-12-09,842.2029538383003,1020.997489255349,776.8830855358837,1025.4575781092706,5379.677578326828,5851.878607548835,4936.194434858062,5329.250793632867,4680.503997707069,4687.21161611212,4616.218941793189,4717.121149974955
1964-12-10,857.5356870645198,1025.4575781092706,785.5364489784589,1018.4975281959483,4866.865454168912,5329.250793632867,4467.140048087723,4687.21161611212,4232.026963496693,4717.121149974955,4160.911556806316,7372.046404298471
1964-12-11,860.4045837281719,1018.4975281959483,784.604438107689,1163.7973767343462,4449.689496707296,4687.21161611212,4111.074289464039,4717.121149974955,3893.00223896441,7372.046404298471,3818.461607221376,8918.996597917747
1964-12-12,1161.108202749221,1163.7973767343462,991.8810657902607,1271.5186123487824,4236.759051716943,4717.121149974955,4331.394088975481,7372.046404298471,4422.167565876345,8918.996597917747,4250.700193681958,9198.113652421878
1964-12-13,1143.2154263187415,1271.5186123487824,1094.9898936504535,1543.1231399365165,4375.263074149976,7372.046404298471,4749.585745374697,8918.996597917747,4450.18799609569,9198.113652421878,4387.360356489664,8688.852289225393
1964-12-14,1274.226332932742,1543.1231399365165,1153.8320138730162,1850.177691089572,6763.990475355761,8918.996597917747,6345.3669489459435,9198.113652421878,5996.104608560014,8688.852289225393,5866.77331778163,8058.182389982816
1964-12-15,1271.8962485020002,1850.177691089572,1170.5411100185572,1826.2486079344471,7588.596539664261,9198.113652421878,7041.120618342714,8688.852289225393,6488.892701378316,8058.182389982816,6385.833970342273,7656.597458225926
1964-12-16,1471.9427645663152,1826.2486079344471,1362.0226378917655,1741.3788909723808,7813.570183044077,8688.852289225393,7346.797024814105,8058.182389982816,6756.4960791297535,7656.597458225926,6647.534610287623,7461.04109623374
1964-12-17,1522.5690958260268,1741.3788909723808,1391.3867196301994,1731.234934424375,7527.537475599542,8058.182389982816,6835.831238811861,7656.597458225926,6370.208143007063,7461.04109623374,6241.192837263368,6932.750277014424
1964-12-18,1483.4218560693698,1731.234934424375,1377.7633561888888,1764.658823422882,6757.599253480167,7656.597458225926,6179.443733781534,7461.04109623374,5759.260743391134,6932.750277014424,5653.389608251118,6518.596752813954
1964-12-19,1472.1365424039207,1764.658823422882,1359.9208459814336,1771.3051289595317,6434.7984449730175,7461.04109623374,5890.744917982224,6932.750277014424,5492.149235756423,6518.596752813954,5381.237642884198,6183.540266657681
1964-12-20,1498.234474631905,1771.3051289595317,1345.3013256283418,1757.4207491074542,6266.321653547592,6932.750277014424,5825.318897351783,6518.596752813954,5440.316164424096,6183.540266657681,5289.333389310425,5846.657536708912
1964-12-21,1468.7906936081956,1757.4207491074542,1307.1466817292528,1731.1605559209656,5933.982369429028,6518.596752813954,5521.851924905485,6183.540266657681,5108.143431657303,5846.657536708912,4947.849780540716,5582.6052067621085
1964-12-22,1443.077591584928,1731.1605559209656,1286.018681276381,1698.771325958437,5598.79272464932,6183.540266657681,5191.58534676447,5846.657536708912,4779.583776998394,5582.6052067621085,4623.80351393759,5359.325164303516
1964-12-23,1424.4437092050234,1698.771325958437,1263.4201324812036,1626.488945983018,5302.346523388218,5846.657536708912,4930.260929571441,5582.6052067621085,4534.66840175191,5359.325164303516,4374.648656354782,5782.567661832271
1964-12-24,1430.379183273807,1626.488945983018,1218.224074963754,1592.485176742802,5043.591771925454,5582.6052067621085,4714.924234567894,5359.325164303516,4367.747982995663,5782.567661832271,4156.624951808857,6870.980700310618
1964-12-25,1377.5426465647847,1592.485176742802,1174.5450756140685,1843.8147639691242,4840.425079594488,5359.325164303516,4544.305636904079,5782.567661832271,4197.6035386569265,6870.980700310618,3994.5195160590824,7817.823121044497
1964-12-26,1334.736615932984,1843.8147639691242,1157.4362284928418,2009.641738086099,4681.1748382332435,5782.567661832271,4442.512914768145,6870.980700310618,4051.6939072355835,7817.823121044497,3873.7532809984896,7985.63904665591
1964-12-27,1460.3824968682734,2009.641738086099,1284.0581340382125,2102.908571678964,5053.2391303611785,6870.980700310618,4973.418310713443,7817.823121044497,4511.563982890026,7985.63904665591,4334.36515335341,7453.160857880659
1964-12-28,1549.3134240183763,2102.908571678964,1639.8672824987648,2117.066673966159,6101.06699470451,7817.823121044497,5917.35010300707,7985.63904665591,5341.74013189719,7453.160857880659,5430.769074445077,7404.110655644289
1964-12-29,1900.698788444563,2117.066673966159,1760.3623332654586,2263.0178396185174,6820.906526323984,7985.63904665591,6382.167854874318,7453.160857880659,6080.684965432882,7404.110655644289,5941.777872507953,7631.69312904919
1964-12-30,1849.8143718925126,2263.0178396185174,1683.5960373172884,2419.1300489611995,6815.9849034852905,7453.160857880659,6360.102932651653,7404.110655644289,6012.257279393482,7631.69312904919,5848.615554955795,7526.997975427621
1964-12-31,2044.016240582057,2419.1300489611995,1811.9536617582253,2506.745982187971,6398.266672391474,7404.110655644289,6225.948824538218,7631.69312904919,5906.830613480848,7526.997975427621,5674.385794421623,7276.347862899836
1965-01-01,1936.1358503865886,2506.745982187971,1888.996102003763,2545.57409657675,6587.477651014939,7631.69312904919,6329.868951055849,7526.997975427621,5728.772321177328,7276.347862899836,5681.716222663177,7226.768928783173
1965-01-02,2149.8794906989147,2545.57409657675,1920.2697534322317,2541.9928612171507,6732.216395776746,7526.997975427621,6388.032244024863,7276.347862899836,5927.759708902649,7226.768928783173,5698.706404824448,7025.207530329028
1965-01-03,2070.512154387462,2541.9928612171507,1878.1794728794446,2526.3464373885026,6616.387598395895,7276.347862899836,6230.279225917212,7226.768928783173,5661.237602880598,7025.207530329028,5469.494901061167,6838.479050314403
1965-01-04,2081.0122371630505,2526.3464373885026,1876.2910476688648,2470.2442328633415,6370.79329843525,7226.768928783173,5983.683407671985,7025.207530329028,5439.768018453276,6838.479050314403,5235.509828455621,6606.756261786073
1965-01-05,2061.506922636512,2470.2442328633415,1839.6966587159723,2402.1069376953765,6296.586211554593,7025.207530329028,5904.866574177647,6838.479050314403,5361.809226988695,6606.756261786073,5140.589452387912,6269.434316935052
1965-01-06,2006.1276380769796,2402.1069376953765,1787.8861393170657,2334.451907278088,6120.662682130752,6838.479050314403,5702.954025764691,6606.756261786073,5167.178320220988,6269.434316935052,4949.653439850223,5924.007621735085
1965-01-07,1951.7906579489854,2334.451907278088,1730.216587515235,2139.4613313501372,5923.399943094485,6606.756261786073,5515.732976841322,6269.434316935052,4999.67480373218,5924.007621735085,4778.94862234704,6291.738047173738
1965-01-08,1887.2973191694284,2139.4613313501372,1674.183364092245,2071.361998675994,5712.325441767878,6269.434316935052,5331.452683697895,5924.007621735085,4824.7261187679105,6291.738047173738,4612.549467837163,6710.82055676799
1965-01-09,2068.0387188483146,2071.361998675994,1676.0181073491979,2182.087394367658,5454.169549489994,5924.007621735085,5048.001808969497,6291.738047173738,4931.097296033289,6710.82055676799,4540.203123794678,6281.611663142556
1965-01-10,1649.1720859885818,2182.087394367658,1569.7100679652297,2253.7722799891603,5115.182965672633,6291.738047173738,4893.995832854636,6710.82055676799,4363.650949521343,6281.611663142556,4282.465321063448,6088.517482953534
1965-01-11,1775.4995739800233,2253.7722799891603,1656.664596829731,2218.504811157695,5530.011156464971,6710.82055676799,5320.508214954596,6281.611663142556,4802.542681540618,6088.517482953534,4682.716537222859,6050.134134763344
1965-01-12,1863.1474785537607,2218.504811157695,1712.4013832607488,2232.7158037533245,5948.927805715592,6281.611663142556,5642.189400558342,6088.517482953534,5152.727973725583,6050.134134763344,5001.99256002771,6033.19923334539
1965-01-13,1828.6580349914398,2232.7158037533245,1765.2411851562306,2304.1129634357976,5584.324890150128,6088.517482953534,5188.147092618052,6050.134134763344,4741.277225904813,6033.19923334539,4677.36032226169,5963.927962509996
1965-01-14,1923.7966427422834,2304.1129634357976,1810.1571339942575,2370.36689465926,5278.191447801176,6050.134134763344,4987.7266485669315,6033.19923334539,4634.854908437682,5963.927962509996,4520.604718905555,5852.955345946546
1965-01-15,1949.6678823705922,2370.36689465926,1794.8479145393726,2387.8221008416594,5279.414417112799,6033.19923334539,5047.0439208607895,5963.927962509996,4655.251740661067,5852.955345946546,4500.283651658108,5741.265633200574
1965-01-16,1960.2596868788,2387.8221008416594,1765.7028265990093,2352.3018939905764,5314.360211837151,5963.927962509996,5085.766149504443,5852.955345946546,4645.253982331244,5741.265633200574,4450.907414897193,5637.728895951363
1965-01-17,1934.8835109950276,2352.3018939905764,1725.7822023892968,2173.951402206141,5271.535933730853,5852.955345946546,5011.637997901482,5741.265633200574,4532.951619888053,5637.728895951363,4323.998361200844,5411.860004767521
1965-01-18,1887.5976363879647,2173.951402206141,1679.5931541405398,2100.1217235614963,5152.25556452095,5741.265633200574,4853.286853592634,5637.728895951363,4368.919088817937,5411.860004767521,4161.057395063407,5280.476957829858
1965-01-19,1834.9831128598353,2100.1217235614963,1627.7190936194488,2160.063296445018,5011.202229818204,5637.728895951363,4700.291554520254,5411.860004767521,4228.800249924384,5280.476957829858,4021.71949850622,5208.124361607134
1965-01-20,1776.059175990194,2160.063296445018,1577.6529763384701,2089.792118544021,4894.929027411572,5411.860004767521,4583.022668061359,5280.476957829858,4123.338388456052,5208.124361607134,3925.2826020328594,5356.12170825009
1965-01-21,1722.8430144088647,2089.792118544021,1532.2760293709177,1922.8988260750998,4788.217321080233,5280.476957829858,4475.08166785365,5208.124361607134,4036.773016071771,5356.12170825009,3846.588719517631,5124.209244649891
1965-01-22,1678.768807837615,1922.8988260750998,1499.7533750960354,1863.2421198353586,4669.5499345441585,5208.124361607134,4363.731602288739,5356.12170825009,3955.770924248779,5124.209244649891,3777.3678379268895,4920.010520693348
1965-01-23,1646.676118056082,1863.2421198353586,1476.6185277987456,1938.8450816168258,4544.95875597681,5356.12170825009,4267.631350370528,5124.209244649891,3885.2376816665737,4920.010520693348,3715.4958681871003,4911.433278116832
1965-01-24,1584.380071360285,1938.8450816168258,1418.7919711239342,1917.706757825154,4630.806564698321,5124.209244649891,4343.4799364303435,4920.010520693348,3937.9564316214,4911.433278116832,3773.045737795951,4925.160804425574
1965-01-25,1569.8311277490495,1917.706757825154,1404.199325793286,1744.9041043941318,4528.36007972705,4920.010520693348,4265.795660536297,4911.433278116832,3871.690305842817,4925.160804425574,3706.812841373896,4795.6675710269665
1965-01-26,1527.9029950215445,1744.9041043941318,1370.6877937303602,1804.5605849397657,4393.541198835908,4911.433278116832,4113.3289800831135,4925.160804425574,3735.733742492932,4795.6675710269665,3579.0795066830406,4685.610752328072
1965-01-27,1494.9317774256879,1804.5605849397657,1342.529768130774,1803.1556594267893,4305.101987054863,4925.160804425574,4035.9625833144146,4795.6675710269665,3675.659752862316,4685.610752328072,3523.8526005884764,4642.240010770231
1965-01-28,1464.291932151756,1803.1556594267893,1314.0102801144062,1640.218971107146,4250.691880473632,4795.6675710269665,3989.8621894666894,4685.610752328072,3637.0577323008365,4642.240010770231,3487.494597660282,4393.5363175748025
1965-01-29,1435.7723007391817,1640.218971107146,1289.3423187664948,1731.6234481022757,4235.966335324225,4685.610752328072,3972.972332569091,4642.240010770231,3627.8683086496208,4393.5363175748025,3482.310315747953,4398.911110817795
1965-01-30,1404.8127206997824,1731.6234481022757,1261.6658652540275,1672.3294760576573,4098.1347901938425,4642.240010770231,3843.082653127555,4393.5363175748025,3508.9125844713935,4398.911110817795,3366.5397543050467,4278.89006880758
1965-01-31,1376.5422804130046,1672.3294760576573,1237.7978664325171,1554.8172339804437,3994.625956721648,4393.5363175748025,3751.884560850675,4398.911110817795,3426.7378079258715,4278.89006880758,3288.7411728627776,4094.7180280828993
1965-02-01,1354.9025403385276,1554.8172339804437,1220.7116272443209,1622.3460888483137,3900.107683774124,4398.911110817795,3670.5649903712174,4278.89006880758,3353.5694790190882,4094.7180280828993,3220.022242257037,4059.5501601978867
1965-02-02,1333.1145068432834,1622.3460888483137,1200.2035139143463,1541.635004886077,3813.3708373997215,4278.89006880758,3589.853517325182,4094.7180280828993,3280.1485965533975,4059.5501601978867,3147.8812291838494,3963.032179548267
1965-02-03,1311.136147953846,1541.635004886077,1180.6417615913456,1485.3041691560516,3726.4846038228075,4094.7180280828993,3511.5042378397466,4059.5501601978867,3207.8774841968984,3963.032179548267,3077.982196336864,3884.2802915024445
1965-02-04,1288.8841490899702,1485.3041691560516,1161.167982098839,1554.1627896880348,3648.5390114266056,4059.5501601978867,3437.683167850502,3963.032179548267,3139.7504134687865,3884.2802915024445,3012.5920178544784,4360.038745514821
1965-02-05,1266.5137007847552,1554.1627896880348,1140.3845423845687,1445.9743859554605,3570.026578188553,3963.032179548267,3365.9188984457214,3884.2802915024445,3072.8361535826753,4360.038745514821,2947.2177526220703,3982.6689300872404
1965-02-06,1245.6131257058469,1445.9743859554605,1122.645435952969,1483.5701123255276,3504.8283316590673,3884.2802915024445,3306.511943440156,4360.038745514821,3017.7865838850107,3982.6689300872404,2895.340175052304,5427.017588529242
1965-02-07,1240.0241598174578,1483.5701123255276,1112.5470748882321,1377.2110042513114,3458.745640932988,4360.038745514821,3270.999755770811,3982.6689300872404,3000.3972459127767,5427.017588529242,2873.879845027842,7980.426757270825
1965-02-08,1357.4152502957886,1377.2110042513114,1031.9755960710577,1265.349183684407,3805.2857911806113,3982.6689300872404,3642.7485469822223,5427.017588529242,3541.490368768696,7980.426757270825,3217.350099488617,8897.832623887953
1965-02-09,1157.7768500372763,1265.349183684407,836.7601849581606,1567.7493687277683,3602.9548052686387,5427.017588529242,3925.5303146445895,7980.426757270825,3677.723225557751,8897.832623887953,3347.9274061794476,8964.956297373263
1965-02-10,1012.5439481156867,1567.7493687277683,954.8774090607437,1791.452948358874,5145.020203506605,7980.426757270825,4987.158554884578,8897.832623887953,4458.298941372182,8964.956297373263,4388.297966472475,9926.231055080047
1965-02-11,1339.6821421436932,1791.452948358874,1378.945109028598,2064.662669864365,6859.544250761155,8897.832623887953,6393.646127981541,8964.956297373263,6043.93757966822,9926.231055080047,6079.788189016942,10758.621178771678
1965-02-12,1737.083897862805,2064.662669864365,1718.3859706574378,2197.02417545996,7560.839052234191,8964.956297373263,7392.055142637984,9926.231055080047,7083.0363317935935,10758.621178771678,7062.447106800244,10180.757858032059
1965-02-13,1987.1270157525666,2197.02417545996,1783.3740755659223,2657.4294160481386,7902.072320515071,9926.231055080047,7704.432380206236,10758.621178771678,7412.735969200965,10180.757858032059,7200.400892473719,9513.522080560522
1965-02-14,1765.8261566429835,2657.4294160481386,1752.7428502750304,2848.1963606834042,8779.424372986676,10758.621178771678,8185.273131996138,10180.757858032059,7429.744014384738,9513.522080560522,7413.70133533646,9153.78471935178
1965-02-15,2138.8833730876017,2848.1963606834042,2082.3282400958324,3010.847212846044,9083.966686805821,10180.757858032059,8557.19161754146,9513.522080560522,7918.71167679135,9153.78471935178,7863.677469763326,9225.182043364075
1965-02-16,2376.4144620629027,3010.847212846044,2361.359879064681,3321.2117519259987,8854.714952494694,9513.522080560522,8316.444756642579,9153.78471935178,7766.585392384719,9225.182043364075,7754.329211110206,9604.92778994521
1965-02-17,2699.4259694919856,3321.2117519259987,2440.2028451081896,3290.5753440286844,8174.102945814255,9153.78471935178,7934.261391796088,9225.182043364075,7422.959513410019,9604.92778994521,7164.12635428225,9283.282131912954
1965-02-18,2658.7924591829233,3290.5753440286844,2323.9196269346207,3295.127801122108,8141.0106657901015,9225.182043364075,7827.225900737518,9604.92778994521,7094.828970299016,9283.282131912954,6759.6077242599395,8825.335870427962
1965-02-19,2607.205844578213,3295.127801122108,2256.6833031366286,3038.31089937855,8240.609068667309,9604.92778994521,7836.457613313865,9283.282131912954,6954.70754369637,8825.335870427962,6603.271880215898,8371.088222949917
1965-02-20,2497.561288046878,3038.31089937855,2167.8046013253256,3080.083230982001,8390.374618526184,9283.282131912954,7694.990555585564,8825.335870427962,6855.011473163721,8371.088222949917,6526.35233082197,8399.054322067765
1965-02-21,2440.4636261125615,3080.083230982001,2096.0786463678437,2975.27062950048,7934.452089278413,8825.335870427962,7317.702607288227,8371.088222949917,6575.153122279244,8399.054322067765,6232.674668752206,8718.219092848709
1965-02-22,2342.420416629906,2975.27062950048,1994.43911679739,2698.282316296004,7524.176735278663,8371.088222949917,7048.46577960055,8399.054322067765,6276.121469279581,8718.219092848709,5927.799921255976,9116.849033503975
1965-02-23,2204.4922964273082,2698.282316296004,1876.1314284236278,2735.771891492512,7356.4119114641435,8399.054322067765,6789.5593553145945,8718.219092848709,5997.287833107661,9116.849033503975,5669.58527568522,10106.411092270224
1965-02-24,2097.958144665531,2735.771891492512,1831.1956603678072,2514.385931080085,7148.54152428528,8718.219092848709,6559.63434465775,9116.849033503975,5823.463877990744,10106.411092270224,5557.970978967109,9896.10122576286
1965-02-25,2133.128785929797,2514.385931080085,1809.340613610847,2492.094358818844,7358.820844692809,9116.849033503975,6872.593450225105,10106.411092270224,6284.975853758366,9896.10122576286,5964.278101681589,9380.765668097598
1965-02-26,2054.6418844938635,2492.094358818844,1715.91327842465,2290.356749475946,7799.0445482833375,10106.411092270224,7372.54995658748,9896.10122576286,6720.475168426237,9380.765668097598,6379.978922510539,8615.45340558808
1965-02-27,1828.6200875310108,2290.356749475946,1614.074891423002,2428.7195732269906,8582.685557839983,9896.10122576286,7780.587767455192,9380.765668097598,7043.656618720663,8615.45340558808,6830.105009312112,8187.876909269966
1965-02-28,1833.7145841407419,2428.7195732269906,1663.3526254563592,2382.5529976489424,8276.486818519983,9380.765668097598,7563.756605922394,8615.45340558808,6928.967337414854,8187.876909269966,6760.760691853362,7592.751876327169
1965-03-01,1873.0755018204604,2382.5529976489424,1710.5883675417156,2560.3662151758876,7821.518783788704,8615.45340558808,7236.089681785052,8187.876909269966,6648.023318208544,7592.751876327169,6487.551810741855,7625.020818397929
1965-03-02,1962.966820197376,2560.3662151758876,1766.897836370214,2620.339737395754,7383.03401222582,8187.876909269966,6965.2737576812115,7592.751876327169,6397.005019885988,7625.020818397929,6202.274350193404,8089.81953844593
1965-03-03,2021.5437611927164,2620.339737395754,1733.7533393182293,2588.8304897186927,7076.094590503912,7592.751876327169,6709.580899806458,7625.020818397929,6142.95123704775,8089.81953844593,5854.292276874863,8615.363040536213
1965-03-04,2056.57283977432,2588.8304897186927,1688.6046315571612,3205.888766344025,6744.097676538092,7625.020818397929,6452.344074040873,8089.81953844593,5862.3033155322555,8615.363040536213,5492.563860133327,9317.717528635738
1965-03-05,2098.916485992544,3205.888766344025,1666.641326460326,3313.8414691137204,6726.987064304287,8089.81953844593,6602.2620342931095,8615.363040536213,5874.910965823348,9317.717528635738,5439.986774508723,10005.131302128415
1965-03-06,2241.785869747564,3313.8414691137204,1783.1291570516337,3775.6213461983457,7235.097375972593,8615.363040536213,7341.064175345878,9317.717528635738,6274.103722251319,10005.131302128415,5810.404935514152,11234.94466437176
1965-03-07,2440.114441236347,3775.6213461983457,2058.919050208933,4176.586096333626,8140.29228564063,9317.717528635738,7946.484076232399,10005.131302128415,6826.560416163193,11234.94466437176,6443.441947464797,11192.649700760918
1965-03-08,2793.0376133148575,4176.586096333626,2456.687686949982,4539.480500092381,8406.563259349017,10005.131302128415,8421.167913743911,11234.94466437176,7305.986764482615,11192.649700760918,6963.416082485053,11239.2074685525
1965-03-09,3104.5633815622887,4539.480500092381,2826.9096329501326,4513.377797830812,9344.441708653852,11234.94466437176,9238.549002737025,11192.649700760918,8003.463414225676,11239.2074685525,7720.545831878032,11165.822964029874
1965-03-10,3473.922747989427,4513.377797830812,3052.4517633041687,4669.079656152585,10162.110114467538,11192.649700760918,9857.160114005292,11239.2074685525,8637.458574097445,11165.822964029874,8213.72384063634,10737.30518062547
1965-03-11,3536.655520790794,4669.079656152585,3114.4784840990205,4478.71220457821,10150.003021136243,11239.2074685525,9720.90259167383,11165.822964029874,8386.677403726295,10737.30518062547,7963.189379947689,10567.864233890665
1965-03-12,3499.1526504753506,4478.71220457821,3035.591977669237,4310.9473804600675,10067.032173346768,11165.822964029874,9386.856533425933,10737.30518062547,8120.677155672784,10567.864233890665,7657.270941266432,9931.627045936184
1965-03-13,3370.9127964815116,4310.9473804600675,2901.7835881478,4156.296016678938,9930.710331119055,10737.30518062547,9162.634099290257,10567.864233890665,7983.163693380959,9931.627045936184,7515.161073515432,9341.544813148073
1965-03-14,3242.94692839606,4156.296016678938,2762.035739462618,4021.230070604004,9565.722946733047,10567.864233890665,8846.915158842756,9931.627045936184,7721.721822833009,9341.544813148073,7242.403296266972,8894.448809028243
1965-03-15,3101.0038461569457,4021.230070604004,2622.8694536645785,3811.5859215820774,9104.382599677903,9931.627045936184,8454.060034746242,9341.544813148073,7351.6939421853895,8894.448809028243,6874.996561409827,8595.435817948306
1965-03-16,2986.9322568148546,3811.5859215820774,2529.600883290678,3456.289584575892,8631.27737990068,9341.544813148073,8028.739789947658,8894.448809028243,6957.614194277496,8595.435817948306,6501.433279796463,8286.003313193285
1965-03-17,2860.8312667635782,3456.289584575892,2443.656443225805,3562.377035795629,8164.414724776039,8894.448809028243,7541.747606474357,8595.435817948306,6564.683974197233,8286.003313193285,6148.506324148341,8344.533181659228
1965-03-18,2791.993734937,3562.377035795629,2382.051433746576,3444.0981168819135,7713.828903231613,8595.435817948306,7210.5496410969745,8286.003313193285,6304.024743195021,8344.533181659228,5895.074778817401,8094.59415169569
1965-03-19,2703.710635162456,3444.0981168819135,2313.829713077623,3282.429769760859,7536.704463738888,8286.003313193285,7065.483619014413,8344.533181659228,6178.802257970043,8094.59415169569,5789.0056679968675,7695.6730698243155
1965-03-20,2566.570024337502,3282.429769760859,2225.345247092967,3126.367111213005,7425.33541543783,8344.533181659228,6914.008767382884,8094.59415169569,6011.393160212059,7695.6730698243155,5670.8572825261745,7665.161379602758
1965-03-21,2487.523518269618,3126.367111213005,2163.4604829167056,3031.7066724015917,7273.182902175871,8094.59415169569,6710.432240636026,7695.6730698243155,5900.815094459487,7665.161379602758,5577.6768983013435,7663.8532895234275
1965-03-22,2385.276011296158,3031.7066724015917,2087.5268159761554,3031.153317069714,6985.607961510012,7695.6730698243155,6443.449735633053,7665.161379602758,5696.377466399912,7663.8532895234275,5399.81160934989,7706.0542369056275
1965-03-23,2381.014339997936,3031.153317069714,2071.6344150204036,2803.6468006238224,6653.124114147471,7665.161379602758,6229.551198819185,7663.8532895234275,5591.18750547545,7706.0542369056275,5283.7024020099125,7159.683069469296
1965-03-24,2386.9693333239557,2803.6468006238224,2083.4018626205916,3133.8744208206413,6669.542108123444,7663.8532895234275,6382.376249911089,7706.0542369056275,5718.9726245663505,7159.683069469296,5415.350024120762,7391.710249216012
1965-03-25,2412.3620863930523,3133.8744208206413,2099.4253362082736,3041.4140730210643,6778.864860055279,7706.0542369056275,6539.437756527694,7159.683069469296,5775.994287855493,7391.710249216012,5463.5131207901995,7469.693428825829
1965-03-26,2383.576804161604,3041.4140730210643,2069.953676464124,2961.902161784248,6902.169163564067,7159.683069469296,6515.615448060091,7391.710249216012,5748.926890636366,7469.693428825829,5436.075508953854,7550.805852217316
1965-03-27,2335.226277175252,2961.902161784248,2037.965058107758,2738.9303153476217,6647.336990792395,7391.710249216012,6213.06216550516,7469.693428825829,5500.656089262124,7550.805852217316,5204.013422401231,7283.805453992645
1965-03-28,2298.5638842355756,2738.9303153476217,2008.2586413454683,2997.920376945259,6473.182549724577,7469.693428825829,6078.407697845809,7550.805852217316,5410.400150819374,7283.805453992645,5120.6518716979535,7610.07811050333
1965-03-29,2283.968093154355,2997.920376945259,1991.9674266782529,2883.9062533775327,6545.565991728145,7550.805852217316,6216.943518434417,7283.805453992645,5546.99556129691,7610.07811050333,5255.483336776089,7352.805175538473
1965-03-30,2292.2124077343315,2883.9062533775327,1987.135942408108,2806.496994286367,6665.883270005078,7283.805453992645,6396.284008198016,7610.07811050333,5669.446455219944,7352.805175538473,5364.178166710817,7274.364801106867
1965-03-31,2216.5819166493693,2806.496994286367,1933.0777148796033,2555.612757713453,6884.749330294315,7610.07811050333,6429.524348770541,7352.805175538473,5686.012882913399,7274.364801106867,5402.940498294882,7230.327459205066
1965-04-01,2141.8144456257655,2555.612757713453,1869.519173009308,2720.8179159234855,6635.669812442878,7352.805175538473,6127.575519001855,7274.364801106867,5456.089354111522,7230.327459205066,5184.40467255317,7162.878197732622
1965-04-02,2109.0762005397773,2720.8179159234855,1846.3223189550736,2682.29079351659,6391.691318701973,7274.364801106867,5982.780042251321,7230.327459205066,5347.518468374633,7162.878197732622,5085.488171637744,6728.908711792362
1965-04-03,2101.389069151466,2682.29079351659,1835.2737244531954,2662.6138255743726,6333.968071288507,7230.327459205066,5972.4603471682785,7162.878197732622,5346.066664545033,6728.908711792362,5080.052789515354,6424.1151478640895
1965-04-04,2121.8652231632527,2662.6138255743726,1843.721448756689,3020.041582306805,6476.396193352306,7162.878197732622,6131.234996749532,6728.908711792362,5508.758430449013,6424.1151478640895,5231.551394771559,6607.106858408775
1965-04-05,2245.662225943932,3020.041582306805,1933.9714993417783,3231.171414287028,6312.538795146713,6728.908711792362,6138.7681149096625,6424.1151478640895,5523.736255552539,6607.106858408775,5212.389220281671,7024.772135372396
1965-04-06,2368.445938609569,3231.171414287028,2004.359275816632,3067.7272776720374,6179.760724795618,6424.1151478640895,6100.070378699462,6607.106858408775,5418.492121558929,7024.772135372396,5053.3991647493385,6614.206012646866
1965-04-07,2469.7438278428035,3067.7272776720374,2122.996854462382,3174.9837032390706,6158.098464368291,6607.106858408775,6171.436945084035,7024.772135372396,5368.047090678638,6614.206012646866,5019.405983043509,6822.148056607823
1965-04-08,2540.3916122154155,3174.9837032390706,2222.543595368038,3123.3044705517036,6278.934378335146,7024.772135372396,6129.204386422506,6614.206012646866,5325.253458459606,6822.148056607823,5004.183679542855,5867.56218742186
1965-04-09,2562.242580250291,3123.3044705517036,2289.721219862688,3355.685313764995,6500.277019285544,6614.206012646866,6240.871561036212,6822.148056607823,5486.803491968354,5867.56218742186,5210.299567605695,4784.110035857956
1965-04-10,2550.0720918236416,3355.685313764995,2524.4595267403542,3490.0959090996666,6283.864694001668,6822.148056607823,5950.326710239035,5867.56218742186,5287.233957910731,4784.110035857956,5256.399320912997,5763.44441259894
1965-04-11,2927.547689169998,3490.0959090996666,3338.8674871822286,5173.183688922739,6231.528666364005,5867.56218742186,6150.097820438739,4784.110035857956,5647.69257571235,5763.44441259894,6055.770151037204,6080.972339165628
1965-04-12,3753.9355234263444,5173.183688922739,4175.527706378578,7562.963024964013,5702.79228782654,4784.110035857956,5860.850493002529,5763.44441259894,6047.610330539318,6080.972339165628,6463.4949844471685,8313.999384680968
1965-04-13,4953.795362149711,7562.963024964013,7071.377092090333,9658.59154563389,5047.856606528659,5763.44441259894,6852.616908287283,6080.972339165628,6447.216870211692,8313.999384680968,8551.322595824578,13686.193450299363
1965-04-14,8351.004458483781,9658.59154563389,7289.440642925449,7789.613908519599,7434.602767256494,6080.972339165628,9537.101076745066,8313.999384680968,10192.938126443214,13686.193450299363,9123.086598974623,14395.920007680466
1965-04-15,7793.718019364455,7789.613908519599,6189.650099626227,8204.436960084373,8438.00986666781,8313.999384680968,10461.096985251588,13686.193450299363,8540.857673715796,14395.920007680466,6930.422916673538,11922.926905805136
1965-04-16,6177.115975102396,8204.436960084373,6104.910760702391,8821.396643687953,10460.36506743533,13686.193450299363,8923.560629610987,14395.920007680466,7151.240472371379,11922.926905805136,7064.7109087640865,13714.184770332475
1965-04-17,7218.200598300569,8821.396643687953,7638.13050126049,9361.990569804799,11533.2659176162,14395.920007680466,11553.518926448309,11922.926905805136,10383.668245153274,13714.184770332475,10796.070958387169,15926.192326832112
1965-04-18,8554.730286382735,9361.990569804799,6835.074214140857,8996.726873722118,13555.889508440232,11922.926905805136,13679.482283295114,13714.184770332475,13233.983533566668,15926.192326832112,11511.535476548219,14954.00230861631
1965-04-19,7238.268417761558,8996.726873722118,6809.5780909637,8521.467117409471,12069.404637022242,13714.184770332475,12445.144164709842,15926.192326832112,10072.125118855132,14954.00230861631,9634.977988481174,14550.027012443978
1965-04-20,7659.666951488909,8521.467117409471,6282.51035315091,7301.38303765582,13576.540215287208,15926.192326832112,12668.203571023778,14954.00230861631,11160.13619681537,14550.027012443978,9778.835836417904,13281.14699245465
1965-04-21,6525.806556334805,7301.38303765582,5796.697190935063,6862.1554337470525,14273.132823856571,14954.00230861631,13216.683210984645,14550.027012443978,11060.976475569529,13281.14699245465,10331.651669359018,12005.436251301053
1965-04-22,6002.712653697057,6862.1554337470525,5125.199321546253,6584.480125844019,13355.222055969443,14550.027012443978,11645.29435471975,13281.14699245465,10211.768824618763,12005.436251301053,9333.700398967478,11095.385724844818
1965-04-23,5530.805704281995,6584.480125844019,5258.40741902039,6498.4384881969545,12201.649479717582,13281.14699245465,11246.009796816237,12005.436251301053,9781.826864590703,11095.385724844818,9508.680184163411,10999.062593794626
1965-04-24,5740.307868554303,6498.4384881969545,4894.5834186535885,5845.697730333079,11687.72116722188,12005.436251301053,10872.584274350176,11095.385724844818,9922.390275658012,10999.062593794626,9077.271746479862,10866.959422831038
1965-04-25,5192.759685964873,5845.697730333079,4283.269375122078,5658.504892777508,10730.426306300866,11095.385724844818,10202.847005181118,10999.062593794626,8811.739058774043,10866.959422831038,7902.25705062731,9840.753063898468
1965-04-26,4781.231829505527,5658.504892777508,3803.937302656737,5299.466139389027,10171.690033485678,10999.062593794626,9346.742385612382,10866.959422831038,8164.146424509818,9840.753063898468,7185.95156340749,9295.805330882005
1965-04-27,4244.602353112784,5299.466139389027,4398.030234184174,5679.229309845863,9697.257079051029,10866.959422831038,9208.138597949513,9840.753063898468,7649.170415607921,9295.805330882005,7798.480450149618,9967.02529418141
1965-04-28,4889.651955023719,5679.229309845863,4446.87502744397,5636.190231111059,9857.426891019033,9840.753063898468,9055.393223391686,9295.805330882005,8519.706576574432,9967.02529418141,8074.800797873561,10624.23738534169
1965-04-29,4785.8245386894105,5636.190231111059,4220.145132618434,5269.582417443256,8748.695677219905,9295.805330882005,8763.199211163466,9967.02529418141,7774.95523233076,10624.23738534169,7206.916419628328,10573.674399261161
1965-04-30,4566.587485059595,5269.582417443256,3995.0264125299154,5094.690778900599,8958.891059636278,9967.02529418141,8567.54823085963,10624.23738534169,7418.482630416262,10573.674399261161,6844.9136673986095,10146.752847011288
1965-05-01,4329.72024341643,5094.690778900599,3658.515595731658,4659.999511808909,9117.196054813881,10624.23738534169,8413.36087104421,10573.674399261161,7368.487888473251,10146.752847011288,6696.957995959305,9114.61508259282
1965-05-02,4012.5414116819484,4659.999511808909,3440.170573932898,4127.186078456004,9319.08931888793,10573.674399261161,8730.729846969116,10146.752847011288,7582.441078768408,9114.61508259282,7010.906109397241,8559.594220687739
1965-05-03,3682.764100401988,4127.186078456004,3098.0561529915553,3876.4139976418983,9375.073566678486,10146.752847011288,8489.291852048944,9114.61508259282,7441.992563857988,8559.594220687739,6858.724129756812,8224.690746417957
1965-05-04,3251.4130227295373,3876.4139976418983,2717.8745106733477,3718.9262803422416,8703.626605112277,9114.61508259282,7781.071611204958,8559.594220687739,6813.788172482278,8224.690746417957,6282.1260359649295,7532.336991437824
1965-05-05,3082.5026038302694,3718.9262803422416,2645.272278336305,3318.6032134865354,7748.010404721459,8559.594220687739,7147.814491190344,8224.690746417957,6310.729474139012,7532.336991437824,5874.548544994748,7204.036437933606
1965-05-06,2924.494601698438,3318.6032134865354,2630.7298831329463,3271.271461501366,7489.935442088045,8224.690746417957,6962.688801786018,7532.336991437824,6114.361460540409,7204.036437933606,5821.258088635994,7139.792897029611
1965-05-07,2806.247262788074,3271.271461501366,2377.012076102221,3161.5488539047346,7216.630095741795,7532.336991437824,6508.437398760612,7204.036437933606,5931.97446122707,7139.792897029611,5504.6402696456125,6617.801714716828
1965-05-08,2595.199329070963,3161.5488539047346,2249.0399660628186,2898.432827538327,6454.521955145272,7204.036437933606,6107.822774137337,7139.792897029611,5385.815572464004,6617.801714716828,5039.143370269567,6207.352098162464
1965-05-09,2502.885230851633,2898.432827538327,2178.5124818942354,2723.2313165972946,6451.272481872889,7139.792897029611,6018.7332914067665,6617.801714716828,5320.198811801292,6207.352098162464,4996.18418883485,5979.074373289385
1965-05-10,2353.264355327099,2723.2313165972946,2040.0660441616592,2620.7399067034585,6282.8243847968115,6617.801714716828,5741.200776640049,6207.352098162464,5130.020804711958,5979.074373289385,4817.407842529759,5670.121946844871
1965-05-11,2202.401648738164,2620.7399067034585,1866.0917950181565,2461.2573599504794,5738.578632978981,6207.352098162464,5260.408061725091,5979.074373289385,4710.295943146721,5670.121946844871,4374.322889676729,5344.597776731985
1965-05-12,2054.665294423125,2461.2573599504794,1815.7041144817013,2333.4973198754897,5415.555636775988,5979.074373289385,5088.565942100784,5670.121946844871,4466.195779930048,5344.597776731985,4227.51194337953,5151.2806031572745
1965-05-13,1983.2705600395996,2333.4973198754897,1719.6427501757275,2176.207948339888,5304.235630948215,5670.121946844871,4864.727020551176,5344.597776731985,4363.3328481575,5151.2806031572745,4100.163208047476,4920.985143931548
1965-05-14,1859.8786091954112,2176.207948339888,1622.3448248326729,1936.2441579111771,4953.661782301592,5344.597776731985,4593.693881042163,5151.2806031572745,4099.592027293342,4920.985143931548,3862.3804053655767,4555.977270602307
1965-05-15,1761.5145298444631,1936.2441579111771,1546.0938854309645,1957.4065220909288,4695.119133801765,5151.2806031572745,4346.464487932239,4920.985143931548,3888.168775829334,4555.977270602307,3672.987280145285,4481.62910200831
1965-05-16,1675.3026337011183,1957.4065220909288,1456.2603850987196,1901.09597618634,4511.53891014405,4920.985143931548,4181.194096513531,4555.977270602307,3756.2204230193456,4481.62910200831,3537.4607982334633,4330.375033387665
1965-05-17,1590.4457577351723,1901.09597618634,1356.4811249551906,1783.429483262833,4334.246067243121,4555.977270602307,4026.167345352471,4481.62910200831,3620.701215146218,4330.375033387665,3387.025926547619,4135.399429023933
1965-05-18,1483.1511119702911,1783.429483262833,1324.0844119708909,1705.6888360901553,4133.135410398626,4481.62910200831,3861.195934030119,4330.375033387665,3427.4437364551413,4135.399429023933,3268.5607994830716,3967.122076800325
1965-05-19,1446.7677879846624,1705.6888360901553,1291.5111650040321,1671.3738425491547,3979.455814075054,4330.375033387665,3674.436061196945,4135.399429023933,3323.2239658027283,3967.122076800325,3168.1175526877673,3877.929394095624
1965-05-20,1406.8404079337768,1671.3738425491547,1257.1366761479962,1582.21346715689,3784.636516555951,4135.399429023933,3548.277468434051,3967.122076800325,3215.525183064785,3877.929394095624,3065.9514051253373,3799.5528672815763
1965-05-21,1364.6642340585036,1582.21346715689,1223.9645505158094,1596.579807807126,3665.1224818483606,3967.122076800325,3438.457274680097,3877.929394095624,3118.8150564430034,3799.5528672815763,2978.238990159525,3761.0097410408707
1965-05-22,1331.0171150713786,1596.579807807126,1188.5777500459305,1702.2194634887544,3538.826641717998,3877.929394095624,3312.9632761892226,3799.5528672815763,3028.6547457709667,3761.0097410408707,2886.9021222164256,3677.13729867915
1965-05-23,1329.648238062045,1702.2194634887544,1171.233881329545,1563.0596647301354,3432.7917131041677,3799.5528672815763,3307.485210038719,3761.0097410408707,2998.7412594464404,3677.13729867915,2839.5593244337774,3359.4338387191465
1965-05-24,1333.1018751525887,1563.0596647301354,1166.5217753962254,1415.789307979214,3437.106420232087,3761.0097410408707,3351.6229433762483,3677.13729867915,2963.721187361878,3359.4338387191465,2797.0410138725047,3581.7069979068765
1965-05-25,1250.6289001753266,1415.789307979214,1100.9220875335009,1248.0669179681809,3447.8210484048413,3677.13729867915,3150.0550747411207,3359.4338387191465,2823.4939151909143,3581.7069979068765,2673.829552354826,3489.964092006713
1965-05-26,1195.8064569371043,1248.0669179681809,1019.4337183523812,1532.6148787467,3166.7245996777137,3359.4338387191465,2899.494994550858,3581.7069979068765,2650.450468788483,3489.964092006713,2474.0668410555863,3265.4510985454854
1965-05-27,1007.381693771345,1532.6148787467,891.9334296225358,1602.020795817342,2900.9816855602967,3581.7069979068765,2600.1575848659604,3489.964092006713,2349.0051076994923,3265.4510985454854,2233.7379012760775,3224.7676733859025
1965-05-28,1346.432310405864,1602.020795817342,1282.0956643082923,1459.3201459525885,3009.3760172889797,3489.964092006713,3154.9617745380037,3265.4510985454854,2943.953893740686,3224.7676733859025,2879.592885917483,3261.9342574410794
1965-05-29,1392.574979953276,1459.3201459525885,1167.2469402380784,1358.7932281786566,3365.6867302877104,3265.4510985454854,3314.572815842991,3224.7676733859025,3033.945435961583,3261.9342574410794,2809.116955576642,3184.664590238376
1965-05-30,1161.300923644077,1358.7932281786566,1005.7128661459531,1353.889787068938,3069.2836258013194,3224.7676733859025,2761.466670518953,3261.9342574410794,2446.590184259954,3184.664590238376,2290.9911672461794,3166.8964572062396
1965-05-31,1100.5069534689856,1353.889787068938,992.9204142733506,1270.5351039787708,2797.9149647065897,3261.9342574410794,2590.7861726051733,3184.664590238376,2315.620717208979,3166.8964572062396,2207.980881551731,3124.8559824139875
1965-06-01,1131.332761392112,1270.5351039787708,1006.2352181555618,1507.0816524275347,2838.5231376083475,3184.664590238376,2723.782669465537,3166.8964572062396,2468.4442925096782,3124.8559824139875,2343.6787847859923,3209.4044329197495
1965-06-02,1110.6789017184324,1507.0816524275347,973.9457860927835,1688.040576946322,2868.2494516617126,3166.8964572062396,2660.998236697543,3124.8559824139875,2475.8310578394157,3209.4044329197495,2339.639268388301,3043.097942233329
1965-06-03,1248.0898447923046,1688.040576946322,1074.8112144688846,1473.295351930537,2803.5539671892907,3124.8559824139875,2937.5448147472684,3209.4044329197495,2629.1240922673533,3043.097942233329,2455.8720242024283,2898.734168065963
1965-06-04,1301.506811532391,1473.295351930537,1130.2721428398866,1320.0609794574686,3063.7482235279,3209.4044329197495,3098.7921783245456,3043.097942233329,2675.319994750691,2898.734168065963,2504.538097195934,2934.502081527199
1965-06-05,1197.5447315839156,1320.0609794574686,1049.8302340929376,1229.3250564598059,3099.430224285058,3043.097942233329,2767.0306738890263,2898.734168065963,2457.3031771512938,2934.502081527199,2309.902418778778,3128.1299070298523
1965-06-06,1097.4129354830334,1229.3250564598059,973.5573074484957,1190.1015427274797,2616.5458803400034,2898.734168065963,2379.2308898113997,2934.502081527199,2124.6938447523735,3128.1299070298523,2000.7457041802795,3011.522007467257
1965-06-07,1038.3444737319555,1190.1015427274797,924.8028844410312,1137.531370305815,2518.2186554512255,2934.502081527199,2348.353754829409,3128.1299070298523,2113.990974486517,3011.522007467257,2000.5219501585216,2843.1523358992345
1965-06-08,1000.654542999589,1137.531370305815,895.7206754516278,1130.8717639277318,2614.2611738566748,3128.1299070298523,2455.4619038596256,3011.522007467257,2229.1044195213285,2843.1523358992345,2124.65049297313,2703.1157767380173
1965-06-09,984.3098441336987,1130.8717639277318,879.4473913218472,1113.0562731771663,2762.2834567974405,3011.522007467257,2596.225950830402,2843.1523358992345,2384.332607259942,2703.1157767380173,2280.484655318912,2629.0714685736557
1965-06-10,963.8785318811981,1113.0562731771663,862.0245281227468,1082.269019688987,2668.389215513057,2843.1523358992345,2528.884088751277,2703.1157767380173,2309.9025476804304,2629.0714685736557,2208.737544825607,2573.0841571713563
1965-06-11,942.9910773798551,1082.269019688987,844.6790053326836,1047.2034979878129,2564.327922229919,2703.1157767380173,2419.6632349202737,2629.0714685736557,2207.715086297083,2573.0841571713563,2110.1120571398706,2516.3163070725313
1965-06-12,922.5053417447566,1047.2034979878129,827.3408295339352,1019.0279140621501,2455.3829006102305,2629.0714685736557,2317.598368707445,2573.0841571713563,2115.7770919428617,2516.3163070725313,2021.2140372140339,2442.875101594518
1965-06-13,898.0533867677084,1019.0279140621501,806.9301881297602,975.9081772584256,2372.2579696327375,2573.0841571713563,2236.3713238203054,2516.3163070725313,2044.4971608607784,2442.875101594518,1953.9215395996648,2427.4457898197306
1965-06-14,876.8252794589184,975.9081772584256,788.0643498181674,975.7479258628855,2301.7822574878023,2516.3163070725313,2175.738913595428,2442.875101594518,1991.1053692838616,2427.4457898197306,1902.867373604507,2442.280710719329
1965-06-15,857.8749178851801,975.7479258628855,771.365918015655,953.3087033218205,2256.22763874636,2442.875101594518,2136.019151935573,2427.4457898197306,1956.573969559738,2442.280710719329,1870.604803936777,2364.106821146113
1965-06-16,840.4745077305872,953.3087033218205,755.7163485420724,939.2462007022948,2219.692790236484,2427.4457898197306,2103.6950614477964,2442.280710719329,1927.9211466568672,2364.106821146113,1843.7264147282694,2285.510864323181
1965-06-17,825.31018384919,939.2462007022948,742.0464627172983,941.4297757907264,2198.6713883816183,2442.280710719329,2080.5960851891864,2364.106821146113,1912.7744296134924,2285.510864323181,1830.1244695821779,2270.9985279738767
1965-06-18,814.199216647262,941.4297757907264,727.1187614301114,919.7814121748504,2185.3129575587877,2364.106821146113,2074.1021456287017,2285.510864323181,1909.4300225092002,2270.9985279738767,1823.0215323850348,2224.6949302785206
1965-06-19,802.2276472604033,919.7814121748504,719.9819979983265,882.8058901806847,2126.51054726081,2285.510864323181,2036.46111825301,2270.9985279738767,1858.574414041963,2224.6949302785206,1776.9579401558449,2145.9626726563793
1965-06-20,786.9049528923713,882.8058901806847,706.0631610261178,870.6046253508853,2099.4925769936435,2270.9985279738767,1988.2636105336212,2224.6949302785206,1817.5593547936542,2145.9626726563793,1737.3354960139245,2155.2967426601126
1965-06-21,769.8650104450239,870.6046253508853,689.8564131652313,845.5583613284056,2042.0828599931692,2224.6949302785206,1931.6346208994767,2145.9626726563793,1769.1763702394653,2155.2967426601126,1689.756667686394,2126.6350807879494
1965-06-22,749.271134774914,845.5583613284056,671.7630197885711,830.6880756002518,1997.0494721079185,2145.9626726563793,1887.7633734729789,2155.2967426601126,1730.437829069414,2126.6350807879494,1653.5184294986561,2074.8239469989812
1965-06-23,729.1220959461457,830.6880756002518,654.5424591393792,823.5908409687092,1960.0170134382151,2155.2967426601126,1851.7777072533722,2126.6350807879494,1700.0406634428332,2074.8239469989812,1626.0830478146245,2062.9135432793314
1965-06-24,716.3419523141515,823.5908409687092,642.6223547369976,801.2523455815358,1929.7787760815656,2126.6350807879494,1832.2337406404415,2074.8239469989812,1682.8061697002463,2062.9135432793314,1609.6923619933866,2019.7054012294748
1965-06-25,707.277261243682,801.2523455815358,634.3659528893011,767.8757179964239,1910.794844601819,2074.8239469989812,1820.220998975831,2062.9135432793314,1669.484399590456,2019.7054012294748,1597.2314729323011,1950.2639685623685
1965-06-26,690.186993699622,767.8757179964239,618.7100875039805,757.3794434683057,1892.6948430605426,2062.9135432793314,1787.7343972968363,2019.7054012294748,1643.218360675122,1950.2639685623685,1572.4161319473699,1945.0003211776288
1965-06-27,671.2100869175487,757.3794434683057,603.8825433022494,739.5247110719295,1846.0646446521114,2019.7054012294748,1742.8374331271707,1950.2639685623685,1603.2021343882766,1945.0003211776288,1536.5361898974243,1916.0206128162458
1965-06-28,655.2669598350722,739.5247110719295,589.6421623126283,746.1630197265717,1805.44434564506,1950.2639685623685,1705.098590450505,1945.0003211776288,1571.9202983040173,1916.0206128162458,1506.9521675781161,1883.547927179651
1965-06-29,640.0148773761454,746.1630197265717,575.6700436695966,705.2368391240323,1773.1058719476814,1945.0003211776288,1676.949735702331,1916.0206128162458,1547.3744292958006,1883.547927179651,1483.6910261734552,1841.258675700737
1965-06-30,624.8678908081724,705.2368391240323,562.2075325535396,707.7109838441465,1739.0605438120415,1916.0206128162458,1645.0925506548606,1883.547927179651,1518.412469296549,1841.258675700737,1456.3882922384846,1821.4755328312822
1965-07-01,610.3145955225663,707.7109838441465,549.3627596055383,696.1183704677564,1708.6840484087652,1883.547927179651,1615.9150969835885,1841.258675700737,1492.7025249691062,1821.4755328312822,1432.3890983079705,1786.1430418727523
1965-07-02,596.1236269045718,696.1183704677564,536.7352970262148,688.7706219265858,1676.5948437596696,1841.258675700737,1585.5143546595168,1821.4755328312822,1465.7098989159317,1786.1430418727523,1406.9548319921673,1801.6220063885116
1965-07-03,587.1270105195431,688.7706219265858,523.6326756500808,685.7454904658334,1638.9640739688055,1821.4755328312822,1545.8789436706893,1786.1430418727523,1438.6344151376068,1801.6220063885116,1375.7567929472257,1752.9257664848803
1965-07-04,567.5899947048358,685.7454904658334,510.9609110582627,666.1112463362795,1598.7115617186314,1786.1430418727523,1520.5494889812155,1801.6220063885116,1402.0733888421892,1752.9257664848803,1346.045642832276,1684.5246998637365
1965-07-05,564.7138169855325,666.1112463362795,492.41689242423115,626.9191035238237,1587.6038843969077,1801.6220063885116,1513.8445330272025,1752.9257664848803,1396.399293820669,1684.5246998637365,1324.7192620596925,1660.9229762738396
1965-07-06,536.9830968273075,626.9191035238237,482.41600064267425,606.8420628270699,1582.9075077571813,1752.9257664848803,1492.4044509559162,1684.5246998637365,1367.7286812610512,1660.9229762738396,1313.7985268871762,1621.8037062001795
1965-07-07,521.7548685660171,606.8420628270699,480.38829284449196,611.8437175426934,1525.7120395270608,1684.5246998637365,1426.4091930635936,1660.9229762738396,1319.6923624434971,1621.8037062001795,1278.911323486008,1642.5092184732773
1965-07-08,520.0225443890973,611.8437175426934,458.3373724200995,622.8808182551427,1469.376972386589,1660.9229762738396,1376.7111557285848,1621.8037062001795,1296.8757526916258,1642.5092184732773,1235.7492850226158,1625.4729322285816
1965-07-09,496.87342008105304,622.8808182551427,452.58027618105086,612.6150025121619,1435.6279203682957,1621.8037062001795,1375.7662940426562,1642.5092184732773,1268.7832233343659,1625.4729322285816,1225.0570807533145,1602.3704223125337
1965-07-10,512.2529894311267,612.6150025121619,457.48619180319554,588.6123254131328,1439.2544750215093,1642.5092184732773,1395.7176050538178,1625.4729322285816,1293.9590947837983,1602.3704223125337,1239.722843507181,1584.3333586457388
1965-07-11,501.5124206292504,588.6123254131328,454.53994166162676,570.5086598614937,1455.1707203710473,1625.4729322285816,1393.0679153425353,1602.3704223125337,1282.7319852092758,1584.3333586457388,1235.9455971114523,1538.2819899356628
1965-07-12,485.24948631669724,570.5086598614937,437.4419689165142,547.0651394931319,1425.497386129125,1602.3704223125337,1324.764941708958,1584.3333586457388,1231.341379688987,1538.2819899356628,1183.945122711974,1538.8985757946723
1965-07-13,468.00173037773857,547.0651394931319,421.2245635697112,539.1734921792133,1383.7303967566727,1584.3333586457388,1297.2053534198612,1538.2819899356628,1206.9940728722727,1538.8985757946723,1160.7725989221167,1505.2741164282497
1965-07-14,451.40432346395835,539.1734921792133,406.80187179771724,526.6579358011888,1353.8064846390937,1538.2819899356628,1272.8507575875083,1538.8985757946723,1185.5728485648501,1505.2741164282497,1141.5391478134807,1479.6031375654122
1965-07-15,439.6494087400142,526.6579358011888,396.57939774367685,510.5923398142403,1329.4169041862474,1538.8985757946723,1255.2467517802397,1505.2741164282497,1170.0510576363126,1479.6031375654122,1127.5570576193159,1448.9798949823112
1965-07-16,428.6693515019975,510.5923398142403,386.8807195869085,497.5040408799984,1319.6292072203084,1505.2741164282497,1245.461629327982,1479.6031375654122,1162.7270348865816,1448.9798949823112,1121.5350942847258,1390.5258890091318
1965-07-17,419.2157325150956,497.5040408799984,377.4036161399376,487.84835688599503,1299.2441456280249,1479.6031375654122,1226.111212095985,1448.9798949823112,1147.0064039512772,1390.5258890091318,1105.7919505131736,1404.2699336726419
1965-07-18,405.57694953346163,487.84835688599503,363.66649551458136,579.6640558556485,1261.1678829220687,1448.9798949823112,1190.1524658536482,1390.5258890091318,1115.340639985548,1404.2699336726419,1073.9139547877253,1405.258201583954
1965-07-19,400.96532911852034,579.6640558556485,363.72741642328185,561.9158713610243,1235.173828566391,1390.5258890091318,1168.9424094693557,1404.2699336726419,1095.5114619198553,1405.258201583954,1058.7992589994376,1379.0362447640214
1965-07-20,452.9929535405,561.9158713610243,381.2175686684807,527.3099746926371,1200.8321592828775,1404.2699336726419,1231.9574034714042,1405.258201583954,1125.022379600096,1379.0362447640214,1053.7638954074562,1308.4352341746012
1965-07-21,419.5771371454199,527.3099746926371,369.5566035608154,478.35180630609517,1290.7692097143772,1405.258201583954,1216.9335230409097,1379.0362447640214,1095.211614558982,1308.4352341746012,1045.7308113739427,1321.8367536370765
1965-07-22,409.33329265364193,478.35180630609517,380.94891430442726,463.4303059118267,1212.8389683393434,1379.0362447640214,1130.878346302411,1308.4352341746012,1032.3005345846345,1321.8367536370765,1004.3559711145664,1330.9279110180487
1965-07-23,397.70624897738986,463.4303059118267,355.44529502036096,456.4957295962529,1158.9047606892718,1308.4352341746012,1061.6169509792192,1321.8367536370765,1001.6853349658984,1330.9279110180487,959.836010206559,1354.4180270287993
1965-07-24,368.32190828082616,456.4957295962529,335.76473652567836,448.98611424193194,1091.359273347492,1321.8367536370765,1027.5873410163383,1330.9279110180487,956.5969431729626,1354.4180270287993,924.4285682492706,1340.0049212001989
1965-07-25,366.780823783144,448.98611424193194,336.77068298378566,431.3241495140741,1108.5136823317566,1330.9279110180487,1053.5241316454617,1354.4180270287993,986.4725985792741,1340.0049212001989,956.927811064038,1333.8332768846649
1965-07-26,363.26551835424976,431.3241495140741,332.2002390318521,418.066544046691,1132.8364143133674,1354.4180270287993,1072.2152574590802,1340.0049212001989,1009.8553630403451,1333.8332768846649,979.3211635561438,1286.7470308708234
1965-07-27,349.0086260132955,418.066544046691,316.22942822260535,408.8515646693701,1135.6411159758118,1340.0049212001989,1063.708233363243,1333.8332768846649,1005.5828000468972,1286.7470308708234,973.3659483979693,1263.8573180347944
1965-07-28,334.33543927895676,408.8515646693701,302.07140131786605,402.90869878590956,1122.2622763751729,1333.8332768846649,1054.0006690342893,1286.7470308708234,995.4782870786883,1263.8573180347944,963.7955434816877,1217.2709885225029
1965-07-29,323.948778998782,402.90869878590956,293.79197990352344,398.45955566954825,1104.1683517782928,1286.7470308708234,1040.2959490173905,1263.8573180347944,981.5723375242413,1217.2709885225029,951.9995490146053,1188.0647976140187
1965-07-30,318.18232735057455,398.45955566954825,289.4959811335525,392.81295350277793,1077.417501545353,1263.8573180347944,1018.2917654910825,1217.2709885225029,960.8880920647659,1188.0647976140187,932.7647276752302,1267.3460809045368
1965-07-31,314.15236738312706,392.81295350277793,286.3295970907555,380.7866094275481,1047.3437433833562,1217.2709885225029,991.9021019471234,1188.0647976140187,936.0984639687856,1267.3460809045368,908.8038479168936,1255.0126276586784
1965-08-01,309.0817189874133,380.7866094275481,282.03681502546397,369.6446787216803,1019.5851996391931,1188.0647976140187,965.081420648296,1267.3460809045368,910.9048838002766,1255.0126276586784,884.3552356173874,1194.535618182221
1965-08-02,312.86238307736096,369.6446787216803,283.50895515937225,378.36561475068794,992.1389181963151,1267.3460809045368,933.0831238146114,1255.0126276586784,895.8796109345818,1194.535618182221,866.9904873628514,1184.2675959670287
1965-08-03,296.0322370072702,378.36561475068794,269.18049060488136,395.396593023486,1033.7637999081987,1255.0126276586784,978.3866461645755,1194.535618182221,927.8315150517285,1184.2675959670287,901.5535174315681,1155.22428242685
1965-08-04,292.23196990626275,395.396593023486,265.66149655033803,383.13199203998283,1039.6590771622014,1194.535618182221,990.7988629035585,1184.2675959670287,932.6013332786257,1155.22428242685,906.6312248655263,1156.186283347417
1965-08-05,303.06601807023685,383.13199203998283,276.0543872138366,367.3012488242311,993.3608964847685,1184.2675959670287,958.1293264623007,1155.22428242685,898.8009554312155,1156.186283347417,872.3033560175525,1125.718571947115
1965-08-06,296.1019087004331,367.3012488242311,269.06653172867675,352.8105100980207,999.4443453733809,1155.22428242685,939.1166126260732,1156.186283347417,886.0666453816457,1125.718571947115,859.540080959968,1423.8311203085314
1965-08-07,283.15301804274816,352.8105100980207,258.44003053293005,342.65478203537157,948.9072442183233,1156.186283347417,888.7190298443986,1125.718571947115,839.6221383201067,1423.8311203085314,815.3546416416243,1438.1983957323494
1965-08-08,271.9611923180647,342.65478203537157,249.6498970354807,334.51398037050865,931.4741304866309,1125.718571947115,872.5197980524006,1423.8311203085314,827.5064930501553,1438.1983957323494,805.643254781948,1133.9609074349405
1965-08-09,264.06427923578354,334.51398037050865,242.98420161357242,327.52269684060633,913.2257972831626,1423.8311203085314,858.905358056488,1438.1983957323494,816.8775633960375,1133.9609074349405,796.2422742617633,1087.8267728741585
1965-08-10,257.30911475636833,327.52269684060633,236.36909000598843,321.9185689285266,1145.7830516506976,1438.1983957323494,1069.6226248490052,1133.9609074349405,1027.2877218885023,1087.8267728741585,1007.257664399064,1073.251422769023
1965-08-11,250.38931376683047,321.9185689285266,229.59230220088926,316.7316589435685,1158.4503668422672,1133.9609074349405,1081.3545129128945,1087.8267728741585,1039.5059547576648,1073.251422769023,1019.6670313749796,1059.533999190333
1965-08-12,244.34434216109935,316.7316589435685,225.5079174420567,311.7051767374764,909.5718115489836,1087.8267728741585,857.3418898776806,1073.251422769023,818.2081990467395,1059.533999190333,799.879408084609,1073.3481951020008
1965-08-13,240.59452830465,311.7051767374764,222.34286511315656,306.4207040680487,877.171688503312,1073.251422769023,827.8174054471659,1059.533999190333,791.0721249711896,1073.3481951020008,773.2863385631497,1050.6884327938478
1965-08-14,236.06805129915628,306.4207040680487,218.5092313342937,299.6705562756539,862.9819220515437,1059.533999190333,814.5979022193993,1073.3481951020008,779.0134048176709,1050.6884327938478,761.9112340967968,1193.7442347721592
1965-08-15,231.49640054476208,299.6705562756539,214.52923592345311,292.8619278650386,849.5746306196727,1073.3481951020008,801.3843278922541,1050.6884327938478,767.3570768667728,1193.7442347721592,750.8384838744496,1165.6483838180052
1965-08-16,225.81535644880987,292.8619278650386,209.74316790422222,287.79185962025116,848.4662554051447,1050.6884327938478,798.4529789205089,1193.7442347721592,766.0595929343149,1165.6483838180052,750.4510366344929,1050.2889752165627
1965-08-17,220.11878852261248,287.79185962025116,204.8468497561449,281.2369548276126,835.3457699724216,1193.7442347721592,785.851281796675,1165.6483838180052,755.1818661032842,1050.2889752165627,740.3683096158263,1248.3909882993637
1965-08-18,246.33937829169906,281.2369548276126,231.19995411070522,337.7206769235052,944.720513999878,1165.6483838180052,887.3465085078536,1050.2889752165627,887.4955451328476,1248.3909882993637,873.021901283983,1279.056143723473
1965-08-19,211.47980494706687,337.7206769235052,197.88669752146478,316.45312660607,924.9857718795433,1050.2889752165627,897.9867098933233,1248.3909882993637,840.007242398586,1279.056143723473,827.0291065825636,1085.455112437633
1965-08-20,247.4503795436229,316.45312660607,225.05779994855843,306.5463817743023,862.1184457385116,1248.3909882993637,842.2854743484213,1279.056143723473,794.2892720174127,1085.455112437633,772.3951890692617,1021.4082404440901
1965-08-21,232.3219250353705,306.5463817743023,213.03833153226333,293.06275159853027,1033.4934183656137,1279.056143723473,951.9108439078703,1085.455112437633,910.6891386534935,1021.4082404440901,892.1871919699915,1043.6618710112532
1965-08-22,225.87239573448733,293.06275159853027,206.97774317543292,282.2586903909935,1001.7154704707186,1085.455112437633,934.1217732168495,1021.4082404440901,896.8731867865479,1043.6618710112532,878.7504627301206,1052.6403717058283
1965-08-23,214.1131359798681,282.2586903909935,197.91400103742777,277.41453539722744,855.3202110365514,1021.4082404440901,797.0909559010399,1043.6618710112532,763.6763630115463,1052.6403717058283,747.9993956167339,1074.1030144085055
1965-08-24,205.86280172443008,277.41453539722744,191.4081597835183,271.0376418760286,795.923128201412,1043.6618710112532,744.9848021194657,1052.6403717058283,714.9521836560045,1074.1030144085055,700.9412065724998,1041.2776817261247
1965-08-25,201.87487874954377,271.0376418760286,187.9481694254284,269.82187423210036,811.5756850207929,1052.6403717058283,763.9342736214944,1074.1030144085055,734.9715114032317,1041.2776817261247,721.5418389929346,1126.0394689646166
1965-08-26,197.1785610218625,269.82187423210036,183.5193217407667,223.35395649289453,821.6256119126956,1074.1030144085055,771.345549639623,1041.2776817261247,744.4514336203908,1126.0394689646166,731.3196573132982,1135.2963377688893
1965-08-27,195.5808529838186,223.35395649289453,182.09375366484377,248.48322920541813,835.3737111726084,1041.2776817261247,788.2626043268833,1126.0394689646166,761.1832714840434,1135.2963377688893,748.2637436030243,1056.1362136371579
1965-08-28,175.6713940009971,248.48322920541813,187.0299239781782,275.37031048482703,812.5430488925995,1126.0394689646166,724.2564346524096,1135.2963377688893,724.1633020137441,1056.1362136371579,736.0441783333088,1053.435406981491
1965-08-29,204.08455205578144,275.37031048482703,227.82819047888617,296.69199162467316,834.4253955507482,1135.2963377688893,822.6954479020865,1056.1362136371579,810.3327931876333,1053.435406981491,834.7330339046149,1106.373061983033
1965-08-30,236.9220890162792,296.69199162467316,216.42428892788877,274.02692775540004,915.0028677736652,1056.1362136371579,872.0561159160154,1053.435406981491,880.772488750321,1106.373061983033,861.0236909515138,1097.6816545840718
1965-08-31,218.20589334650344,274.02692775540004,181.45412080243617,279.6605977501227,845.7948638631542,1053.435406981491,819.7205383453104,1106.373061983033,789.8834546740179,1097.6816545840718,753.7359329582205,1069.3540989495339
1965-09-01,182.78752435467482,279.6605977501227,160.25788005035247,307.7006116678665,841.1509927002558,1106.373061983033,776.6017827384137,1097.6816545840718,734.517271219697,1069.3540989495339,712.5382415747705,1043.8276693906623
1965-09-02,191.5643428073485,307.7006116678665,177.35542277189347,333.88274083570036,844.8427581772702,1097.6816545840718,803.5764971567487,1069.3540989495339,763.7551168789706,1043.8276693906623,750.1488463273726,1022.4677800267273
1965-09-03,216.23282286599726,333.88274083570036,200.80887254287472,318.9370308652087,858.8656207919382,1069.3540989495339,837.7046661477438,1043.8276693906623,795.6138800793444,1022.4677800267273,780.8153160537082,1022.2644240605521
1965-09-04,237.8243956629493,318.9370308652087,215.75192502039238,286.47463204605157,858.9243370740139,1043.8276693906623,839.720636119167,1022.4677800267273,793.7565263665631,1022.2644240605521,772.2640768949111,1018.6672400027988
1965-09-05,226.23339808518983,286.47463204605157,204.04873124203294,263.9936905702044,842.0278153880408,1022.4677800267273,786.2582204255089,1022.2644240605521,744.3014935659223,1018.6672400027988,722.6204352600023,1005.0812635163586
1965-09-06,201.08884344631633,263.9936905702044,183.269170708236,256.666690986676,788.5770940210218,1022.2644240605521,718.2021676716134,1018.6672400027988,684.1993601955387,1005.0812635163586,666.8174930522534,988.9535889163999
1965-09-07,184.33574027853922,256.666690986676,170.3249385312263,254.64445201034653,765.8480114046613,1018.6672400027988,705.169211903891,1005.0812635163586,676.9200122963972,988.9535889163999,663.3677905369634,983.8423902737684
1965-09-08,178.66426625643356,254.64445201034653,166.6641596976891,250.67694252552792,766.0317386343463,1005.0812635163586,717.9083487671212,988.9535889163999,691.1837199325249,983.8423902737684,679.6874185298791,981.4800555694768
1965-09-09,177.89372081638908,250.67694252552792,166.6162695260236,248.01027385372728,765.1132346671798,988.9535889163999,722.5018142936123,983.8423902737684,697.1048789135295,981.4800555694768,686.3437162764639,964.5165821627438
1965-09-10,175.26660890296813,248.01027385372728,164.35409620290633,244.07523784868317,756.5716271960266,983.8423902737684,712.2515318474514,981.4800555694768,688.3906990693366,964.5165821627438,677.983231616987,957.1731715259912
1965-09-11,172.99957318150103,244.07523784868317,162.82273866416236,235.8623522809371,749.2334642331301,981.4800555694768,705.6546637961937,964.5165821627438,682.5100209953797,957.1731715259912,672.836521747533,932.2071059146703
1965-09-12,172.5307176322252,235.8623522809371,161.464547532961,253.1587822442287,746.6136250364341,964.5165821627438,704.4493717482418,957.1731715259912,684.9277363358723,932.2071059146703,674.3594559946185,903.355181407341
1965-09-13,167.88628537040665,253.1587822442287,157.39800710063813,318.94986657208267,733.3088758851958,957.1731715259912,685.835837027935,932.2071059146703,669.9909047618878,903.355181407341,659.9826598067519,931.3828082782609
1965-09-14,188.58376948547576,318.94986657208267,169.54718059763712,362.79946754088604,720.0952830198212,932.2071059146703,699.8694666366725,903.355181407341,685.4270270713232,931.3828082782609,666.8674504146484,935.1537648874635
1965-09-15,214.9818941482178,362.79946754088604,193.54396247090116,353.7861712607615,725.0172411103579,903.355181407341,767.5992793793298,931.3828082782609,711.3008950248069,935.1537648874635,690.216791103581,992.2077191026644
1965-09-16,246.76212217801574,353.7861712607615,212.82230916174,329.6044833236323,768.5491094742756,931.3828082782609,817.7034989544295,935.1537648874635,747.7478611921226,992.2077191026644,713.3299813690055,1018.7564147689967
1965-09-17,238.1041588331375,329.6044833236323,207.9312291418043,330.503169212555,817.6800073327952,935.1537648874635,735.3586199636302,992.2077191026644,672.3993764959826,1018.7564147689967,642.4940335059248,968.9759342289428
1965-09-18,222.33645154705013,330.503169212555,187.75279905150268,306.2306650974426,707.6582721196332,992.2077191026644,654.4329174801419,1018.7564147689967,600.2993735614962,968.9759342289428,565.9032259886593,928.6217225263448
1965-09-19,215.16559778464497,306.2306650974426,207.47750123852904,296.31853220768835,749.1572886806407,1018.7564147689967,719.8952637907954,968.9759342289428,657.1022909170515,928.6217225263448,649.7171641013593,946.7821840500549
1965-09-20,222.7907428832283,296.31853220768835,204.34639809128856,308.2904254263892,795.2611667654554,968.9759342289428,731.0093866804982,928.6217225263448,699.5340995511017,946.7821840500549,681.4914540038469,969.5445967021271
1965-09-21,209.29144857152536,308.2904254263892,192.14184460638631,346.3939157762045,725.2991984891585,928.6217225263448,681.5759690346416,946.7821840500549,646.8485301995086,969.5445967021271,630.0354047871085,1465.661786035998
1965-09-22,215.16804486535034,346.3939157762045,202.55162444732045,294.3557815886883,703.0378043756127,946.7821840500549,683.9456503421818,969.5445967021271,643.1070861748492,1465.661786035998,630.8101556349347,970.7017571422862
1965-09-23,247.1625515435573,294.3557815886883,223.05840093883688,233.79539956650603,737.9617445830347,969.5445967021271,743.2664948185507,1465.661786035998,695.9609688952289,970.7017571422862,672.2171956839768,1345.3469393498422
1965-09-24,265.3751685293264,233.79539956650603,252.47044218468298,298.04078819668626,786.9065927951885,1465.661786035998,705.6683611045482,970.7017571422862,728.3089680286537,1345.3469393498422,715.7580280738028,1331.5303670509634
1965-09-25,226.7048466328807,298.04078819668626,209.2560198783547,388.8073644788811,1095.9149614242556,970.7017571422862,1025.2040280490921,1345.3469393498422,1007.7666624801706,1331.5303670509634,991.3454509232946,1212.0813507180214
1965-09-26,230.56816607976546,388.8073644788811,206.14421550239885,382.5978581713637,747.3127555346276,1345.3469393498422,748.068436379689,1331.5303670509634,700.1910671648392,1212.0813507180214,676.1550526417766,1140.2785481702558
1965-09-27,282.99956397511335,382.5978581713637,239.1914365629392,366.2781302047526,1118.412374682145,1331.5303670509634,1134.2241805857836,1212.0813507180214,1048.7250668996892,1140.2785481702558,1005.9495719400348,917.5326236590918
1965-09-28,272.1805608428484,366.2781302047526,239.9127861644402,355.84129141582986,1146.339560113065,1212.0813507180214,1068.7026882929874,1140.2785481702558,987.4387720101236,917.5326236590918,956.1030655997307,787.7949557081148
1965-09-29,266.9647776930392,355.84129141582986,235.3898546144282,205.0205451281244,967.2908768582281,1140.2785481702558,903.2372887519838,917.5326236590918,837.7399370094092,787.7949557081148,806.7832622457164,772.3204507893327
1965-09-30,258.07260017114635,205.0205451281244,227.61559802048535,162.81818393946907,895.4293192445571,917.5326236590918,841.9707179948036,787.7949557081148,779.8732870040079,772.3204507893327,749.9391275051693,988.5412714148358
1965-10-01,184.28730397208165,162.81818393946907,173.79040696534335,272.58148393944145,716.904926360626,787.7949557081148,569.3836728041692,772.3204507893327,587.5399895245921,988.5412714148358,577.1252666856667,1222.0635289366774
1965-10-02,178.56031547495562,272.58148393944145,168.05765291567798,387.0131917396652,496.49358492500784,772.3204507893327,532.1579735111106,988.5412714148358,552.8706464328616,1222.0635289366774,541.9687184080692,1246.4774091570844
1965-10-03,192.64941004739683,387.0131917396652,169.02452230538674,420.24490303555706,630.7728966676227,988.5412714148358,720.2197693273608,1222.0635289366774,666.9217876641238,1246.4774091570844,641.1905600980743,1239.0169411578954
1965-10-04,268.90139676207446,420.24490303555706,235.06786797429598,414.91679768373893,901.8656544850145,1222.0635289366774,945.8587550100042,1246.4774091570844,857.956057315216,1239.0169411578954,822.7111062654585,1006.0919523274015
1965-10-05,295.5207275182387,414.91679768373893,262.78957061934216,374.8617420456862,1048.0348426434975,1246.4774091570844,1026.4460206581637,1239.0169411578954,934.1098726791199,1006.0919523274015,900.2998575089156,796.9293251134509
1965-10-06,305.1098984220097,374.8617420456862,271.6028883908855,299.22257731576497,1023.7666763834965,1239.0169411578954,964.1876119578053,1006.0919523274015,893.2685431491552,796.9293251134509,859.1334776171705,1262.503487369095
1965-10-07,275.37784561841187,299.22257731576497,259.2096476714998,222.6919358519255,978.7470266621212,1006.0919523274015,901.7369371982056,796.9293251134509,847.7601241895309,1262.503487369095,831.631190224286,1658.207784468946
1965-10-08,362.9152802547983,222.6919358519255,339.76119608290946,440.3374365743092,767.3555720707109,796.9293251134509,914.1012394135198,1262.503487369095,1001.3389233065154,1658.207784468946,974.5256904587613,1874.3491694018446
1965-10-09,258.76832984377086,440.3374365743092,262.5795710140868,515.0928137307461,799.616930113589,1262.503487369095,1060.4191515209134,1658.207784468946,867.4835549765926,1874.3491694018446,860.6564300327517,1994.7621790281446
1965-10-10,339.35745491655916,515.0928137307461,312.8670112202958,508.6921719972383,1310.0730891840687,1658.207784468946,1197.9633033704781,1874.3491694018446,1085.9481844405204,1994.7621790281446,1053.411663765557,1879.778968540511
1965-10-11,375.27491523316434,508.6921719972383,342.0071844759533,505.99248244470095,1456.5263354044102,1874.3491694018446,1346.0807126769073,1994.7621790281446,1232.3229498229152,1879.778968540511,1196.8699605832921,1708.1508200980288
1965-10-12,386.6672953697428,505.99248244470095,354.4764717530454,497.34357100859677,1505.2829805148147,1994.7621790281446,1385.5331693878034,1879.778968540511,1302.8551235190723,1708.1508200980288,1270.2711974930098,1607.6529400591012
1965-10-13,385.1115966441741,497.34357100859677,351.6959032784923,439.8077201166365,1588.6047327656356,1879.778968540511,1502.158443057477,1708.1508200980288,1402.0741621118937,1607.6529400591012,1367.2414476792894,1518.306282712163
1965-10-14,378.80619461663855,439.8077201166365,347.18929436377425,569.1850113507539,1537.93032729771,1708.1508200980288,1410.0991538047092,1607.6529400591012,1325.1297265834241,1518.306282712163,1293.3621219276972,1717.1502997020445
1965-10-15,392.91950647586873,569.1850113507539,381.745511585493,797.6883827046142,1355.079486362826,1607.6529400591012,1221.6151447461734,1518.306282712163,1209.3298698689384,1717.1502997020445,1197.9265280661848,1795.249338530538
1965-10-16,523.8210288185844,797.6883827046142,449.12646243126056,764.0732081745251,1245.3995304282885,1518.306282712163,1343.5970827295273,1717.1502997020445,1326.7908102311708,1795.249338530538,1251.2491117447048,1636.212442078015
1965-10-17,533.9563008864706,764.0732081745251,481.8317615992743,734.720545287586,1388.72515334571,1717.1502997020445,1543.638790609982,1795.249338530538,1308.3273670514068,1636.212442078015,1255.5203428609746,1599.7378655113637
1965-10-18,575.375426950789,734.720545287586,521.6621907105989,652.6627215158705,1634.908409626512,1795.249338530538,1522.082902979045,1636.212442078015,1364.2533722361723,1599.7378655113637,1310.3404302830322,1626.1247509565453
1965-10-19,569.3859812253243,652.6627215158705,508.26649033567526,623.3343699559359,1478.3371928885736,1636.212442078015,1392.3225229628388,1599.7378655113637,1260.4293902130564,1626.1247509565453,1199.1986919630185,1620.4653690163398
1965-10-20,512.3486024373083,623.3343699559359,475.1908119898363,627.8869004135527,1358.409810002987,1599.7378655113637,1232.8312488063766,1626.1247509565453,1124.5282563421483,1620.4653690163398,1087.0143289107834,1670.0799126719583
1965-10-21,501.3323997604619,627.8869004135527,472.41486185574934,632.0892524422211,1273.8580616057416,1626.1247509565453,1203.0569369841062,1620.4653690163398,1111.1142897380066,1670.0799126719583,1081.772029420908,1698.3244154287315
1965-10-22,519.3486627222401,632.0892524422211,489.73180157089826,648.5386189798306,1332.4992261311882,1620.4653690163398,1282.1126467858069,1670.0799126719583,1203.4503387562004,1698.3244154287315,1173.8066707894873,1727.1176493238027
1965-10-23,560.5832366320153,648.5386189798306,527.415948918358,667.6296867287299,1412.3769538193785,1670.0799126719583,1369.9799514647866,1698.3244154287315,1327.7002956014678,1727.1176493238027,1294.6218229845585,1671.9001665110354
1965-10-24,529.9536546192408,667.6296867287299,495.7574812322244,718.9210589029054,1454.031362855973,1698.3244154287315,1413.2976372181365,1727.1176493238027,1315.9289283389992,1671.9001665110354,1281.6115322652583,1612.0937934374463
1965-10-25,542.6099960988041,718.9210589029054,511.45789362400774,707.097432652738,1471.794160821205,1727.1176493238027,1421.9508839436758,1671.9001665110354,1323.060359419596,1612.0937934374463,1292.1259203600002,1599.0685272611267
1965-10-26,590.2205397951536,707.097432652738,547.6012857977662,701.040320795334,1482.2168324677825,1671.9001665110354,1467.7040143327745,1612.0937934374463,1364.1397844740632,1599.0685272611267,1321.786937162694,1585.6112453815795
1965-10-27,586.4285143304203,701.040320795334,540.3420240849051,704.8269204392191,1468.6378450861594,1612.0937934374463,1401.5766347363656,1599.0685272611267,1307.4457859598401,1585.6112453815795,1261.6892664455695,1586.921480570325
1965-10-28,578.2316016425868,704.8269204392191,538.4932734870258,706.1432078829887,1380.101867695288,1599.0685272611267,1330.0195645079716,1585.6112453815795,1232.1911165898287,1586.921480570325,1192.4492881641029,1610.6637317386405
1965-10-29,587.7138347026139,706.1432078829887,549.2151274868147,706.4553337305033,1382.2123677207205,1585.6112453815795,1340.0104242487907,1586.921480570325,1247.0069381725857,1610.6637317386405,1208.5165144822222,1616.2630180442948
1965-10-30,589.1575836629858,706.4553337305033,545.146547658274,703.4337037461247,1384.8032608592512,1586.921480570325,1339.9269421311133,1610.6637317386405,1246.0937255844883,1616.2630180442948,1202.1150005516706,1600.9389336792462
1965-10-31,587.2003196467832,703.4337037461247,547.3074069107088,710.9882683261424,1388.9907643747104,1610.6637317386405,1339.7890998599105,1616.2630180442948,1244.8908474286754,1600.9389336792462,1205.155109940269,1595.4410006177318
1965-11-01,590.1938136991159,710.9882683261424,548.5969439243787,712.4814097049875,1408.4849641759265,1616.2630180442948,1355.2559838853035,1600.9389336792462,1265.9786572348546,1595.4410006177318,1224.6379440699288,1589.6265736034452
1965-11-02,597.3815825086942,712.4814097049875,559.6157147209257,717.1441137408726,1413.375176825336,1600.9389336792462,1373.5619465096383,1595.4410006177318,1283.0773778762039,1589.6265736034452,1245.5833258018674,1592.1009638519993
1965-11-03,602.0427997846339,717.1441137408726,561.0413516677388,717.7727547097588,1418.109154648897,1595.4410006177318,1370.1918494775498,1589.6265736034452,1281.4755726801593,1592.1009638519993,1240.6772166675778,1585.8297166354073
1965-11-04,603.3176170108254,717.7727547097588,565.4505146808436,723.2746365639396,1410.1590459311562,1589.6265736034452,1365.8472199350297,1592.1009638519993,1273.3830800490625,1585.8297166354073,1235.705244597526,1578.0690958574235
1965-11-05,606.8623864219921,723.2746365639396,570.1679556048664,723.8928316917261,1411.0426439786074,1592.1009638519993,1362.6259528108437,1585.8297166354073,1273.5913332171385,1578.0690958574235,1237.206043160118,1551.3904806766845
1965-11-06,615.8364179617477,723.8928316917261,576.6150420552898,730.1753455586127,1411.3407571315397,1585.8297166354073,1369.9024670612143,1578.0690958574235,1283.6229676378002,1551.3904806766845,1244.6263808105123,1537.0382125416418
1965-11-07,618.3361870635837,730.1753455586127,573.377025481099,720.2812091037547,1415.155260986397,1578.0690958574235,1367.1215225394858,1551.3904806766845,1282.5561386856273,1537.0382125416418,1237.8753257437265,1584.0879983616783
1965-11-08,624.4171262502744,720.2812091037547,579.0173085247187,732.3656913217692,1404.833147233382,1551.3904806766845,1367.7299551408291,1537.0382125416418,1282.2074051501227,1584.0879983616783,1237.0918220526178,1603.4975014407141
1965-11-09,645.8584099098025,732.3656913217692,584.2713186884796,762.7594115692201,1395.100761433392,1537.0382125416418,1345.3300318355068,1584.0879983616783,1288.5675545935403,1603.4975014407141,1227.0572069686068,1539.728975407263
1965-11-10,593.4819536952475,762.7594115692201,561.2784091723067,767.5415187019344,1372.8740666912695,1584.0879983616783,1342.9563986443513,1603.4975014407141,1217.753832285429,1539.728975407263,1185.5507421388431,1547.2623578711757
1965-11-11,644.733532305467,767.5415187019344,596.8390860778873,733.8736835454424,1429.1607633070323,1603.4975014407141,1410.1487097929394,1539.728975407263,1307.8408284854768,1547.2623578711757,1260.142553731337,1540.5651438635136
1965-11-12,651.13125092322,733.8736835454424,606.0496446520326,748.5950616424193,1466.0658199285474,1539.728975407263,1424.7845145178198,1547.2623578711757,1322.5020437173239,1540.5651438635136,1277.519694082448,1522.7456487149823
1965-11-13,629.9563493983017,748.5950616424193,594.0447670635281,751.9279574553927,1400.325275038896,1547.2623578711757,1325.3947250136594,1540.5651438635136,1235.9833958947097,1522.7456487149823,1200.0851752499188,1396.5126823573341
1965-11-14,646.0652836874827,751.9279574553927,611.2578637350438,741.6911551434423,1366.91836724954,1540.5651438635136,1341.8921658833447,1522.7456487149823,1252.5125964373583,1396.5126823573341,1217.6594580386613,1368.3808172808713
1965-11-15,649.3257070975638,741.6911551434423,610.2208958881441,635.1618272555897,1405.4057312366037,1522.7456487149823,1363.4149914420288,1396.5126823573341,1275.0399875602054,1368.3808172808713,1236.041161928829,1511.0225232975008
1965-11-16,657.4031951646973,635.1618272555897,610.7917339710065,684.1159820032244,1381.4183732301497,1396.5126823573341,1331.6259104328747,1368.3808172808713,1262.929693673784,1511.0225232975008,1216.4419876653633,1571.2626587867164
1965-11-17,634.6138226388398,684.1159820032244,540.585216315179,791.015048305234,1271.24498004915,1368.3808172808713,1146.6421813579832,1511.0225232975008,1159.373741906624,1571.2626587867164,1065.1407383707724,1448.1529613729206
1965-11-18,525.1189108551945,791.015048305234,508.88042047578165,785.5772680068811,1161.2334426260313,1511.0225232975008,1187.7192436067307,1571.2626587867164,1031.858707391783,1448.1529613729206,1015.238956481548,1420.6302346147254
1965-11-19,663.5768907256544,785.5772680068811,626.4358867976197,782.210726658131,1405.803031954342,1571.2626587867164,1456.5797275950092,1448.1529613729206,1335.9463809766635,1420.6302346147254,1298.8874863116685,1381.9440568216655
1965-11-20,680.5433019002613,782.210726658131,647.595345396464,816.2770497298833,1517.07477292418,1448.1529613729206,1462.3057018262537,1420.6302346147254,1365.5641963039122,1381.9440568216655,1332.8164432851822,1455.492870029945
1965-11-21,686.53105977101,816.2770497298833,718.7032541757417,877.4704295067136,1333.2729338550457,1420.6302346147254,1300.4995829573586,1381.9440568216655,1214.024247390729,1455.492870029945,1245.9834280311707,1634.8038965197877
1965-11-22,794.4820330409402,877.4704295067136,793.3085100881038,950.9084847503295,1312.3530446918521,1381.9440568216655,1322.0045915820872,1455.492870029945,1309.5262086707162,1634.8038965197877,1308.1377268372441,1699.6891217109064
1965-11-23,819.2521666829284,950.9084847503295,824.935539605829,1056.9568246988829,1322.0302848649303,1455.492870029945,1363.3381258702518,1634.8038965197877,1310.4521815661901,1699.6891217109064,1315.710414894694,1386.2162075754338
1965-11-24,889.8502944024883,1056.9568246988829,878.8495481884976,1116.6019317690684,1417.7609432766606,1634.8038965197877,1459.5959751645883,1699.6891217109064,1403.8871578715455,1386.2162075754338,1392.5167773661292,1302.8930518573056
1965-11-25,964.4923006199604,1116.6019317690684,915.533401584881,854.7940670116552,1580.2285133849882,1699.6891217109064,1646.64265454263,1386.2162075754338,1559.4598256805152,1302.8930518573056,1510.3728081867557,1463.470521857218
1965-11-26,996.7455985855764,854.7940670116552,923.2816033265874,809.2444611886023,1680.6860939911248,1386.2162075754338,1707.088426249552,1302.8930518573056,1592.3499074397314,1463.470521857218,1518.7419589393685,1887.126986344317
1965-11-27,864.9821776613278,809.2444611886023,565.3082147367603,737.4077012151196,1409.6793580533479,1302.8930518573056,1163.198025828485,1463.470521857218,1180.6459540831656,1887.126986344317,880.2238918555462,1550.1053627824328
1965-11-28,519.5193821223166,737.4077012151196,262.203782988878,760.112885826541,1040.2002375465604,1463.470521857218,1019.4773775368034,1887.126986344317,719.1500176807863,1550.1053627824328,460.2382690913356,1358.775463789157
1965-11-29,399.8462225983321,760.112885826541,555.9955068203561,797.5105870761741,1348.8869734774305,1887.126986344317,1243.3206548387436,1550.1053627824328,898.886514957068,1358.775463789157,1054.3381711533223,1467.0414142075022
1965-11-30,781.9832207774748,797.5105870761741,861.4050920282754,1062.087253753114,1633.2603636332829,1550.1053627824328,1594.6656131636846,1358.775463789157,1608.266318327412,1467.0414142075022,1687.7268647029532,1701.3843088860785
1965-12-01,853.0877138717567,1062.087253753114,1119.79464238976,1371.4540427395643,1456.5347782324807,1358.775463789157,1458.0832490297548,1467.0414142075022,1503.963103500254,1701.3843088860785,1770.0886419996084,2131.0509300008407
1965-12-02,1243.693047336324,1371.4540427395643,1332.2426645928301,1700.5487901974216,1296.566376081749,1467.0414142075022,1540.8554888069493,1701.3843088860785,1712.4089526685502,2131.0509300008407,1800.0675710890926,2374.609603430188
1965-12-03,1402.0317016107788,1700.5487901974216,1351.6419268388656,1860.6949481160457,1617.1641703591924,1701.3843088860785,1900.0958018208275,2131.0509300008407,1916.9742294346404,2374.609603430188,1865.7186470546199,2567.562814357114
1965-12-04,1532.6813033032843,1860.6949481160457,1414.6865307864373,1881.9402246137834,1907.6685538362701,2131.0509300008407,2209.944984392458,2374.609603430188,2029.0148230369166,2567.562814357114,1910.1893093211152,2794.0986336652695
1965-12-05,1590.9685878469725,1881.9402246137834,1435.6334245398461,1809.5117382734427,2335.0036425846306,2374.609603430188,2465.5588188035135,2567.562814357114,2178.867510434854,2794.0986336652695,2022.7602059856126,2980.869417545111
1965-12-06,1573.4281860444687,1809.5117382734427,1413.263818430025,1770.0458726496693,2437.4749363755864,2567.562814357114,2407.113272026872,2794.0986336652695,2101.942541816831,2980.869417545111,1941.0753005248457,3103.0462734581024
1965-12-07,1523.5724636950154,1770.0458726496693,1376.5897881149112,1719.2260717046556,2460.779877457836,2794.0986336652695,2373.3294863185397,2980.869417545111,2071.166223091538,3103.0462734581024,1923.6016910574824,3098.1566987485494
1965-12-08,1485.2933088916157,1719.2260717046556,1336.8918364744086,1665.4266670273225,2572.711043195126,2980.869417545111,2468.035476107896,3103.0462734581024,2184.5695707510513,3098.1566987485494,2035.8519659749913,3027.8747908568166
1965-12-09,1440.6253405617003,1665.4266670273225,1295.3311551503837,1598.9912264472136,2724.5689622876057,3103.0462734581024,2604.7884493706642,3098.1566987485494,2325.595431145951,3027.8747908568166,2180.433242788092,2782.8829266514945
1965-12-10,1396.082313215416,1598.9912264472136,1255.8436227348918,1572.0054358262282,2801.3230666249074,3098.1566987485494,2665.8441763876276,3027.8747908568166,2393.825330571161,2782.8829266514945,2253.952804889541,2893.567083599867
1965-12-11,1356.7584876845876,1572.0054358262282,1225.1933640638522,1536.1314102474232,2786.4657223665263,3027.8747908568166,2653.28855422791,2782.8829266514945,2387.8065748021613,2893.567083599867,2256.6791456738674,2854.437170432552
1965-12-12,1322.731455419737,1536.1314102474232,1197.0570562634618,1525.218197307317,2728.269220600813,2782.8829266514945,2598.5962161835914,2893.567083599867,2346.3268513127587,2854.437170432552,2221.182398673296,2933.104134691257
1965-12-13,1302.7507078477915,1525.218197307317,1143.534067668478,1399.0651020241105,2651.3742959927504,2893.567083599867,2556.4300095982057,2854.437170432552,2321.659245875942,2933.104134691257,2162.9783618091906,2773.1514483816536
1965-12-14,1277.027100028013,1399.0651020241105,1088.4006922736894,1424.907032427013,2629.5699890385763,2854.437170432552,2555.1924125378423,2933.104134691257,2293.2342157105745,2773.1514483816536,2104.4093054098216,2756.046148953995
1965-12-15,1166.3652055393952,1424.907032427013,1067.0498891035268,1402.5382540321593,2618.0260665461797,2933.104134691257,2479.9082902423124,2773.1514483816536,2167.2111644432734,2756.046148953995,2068.0369698889976,2755.1087849049563
1965-12-16,1197.8488938191679,1402.5382540321593,1113.1051123061206,1411.601732007748,2620.7762467652637,2773.1514483816536,2492.162017502912,2756.046148953995,2257.5854226173806,2755.1087849049563,2173.220329607187,2749.1057347294163
1965-12-17,1211.860435916884,1411.601732007748,1132.887728614246,1409.2218912901585,2556.232634883673,2756.046148953995,2453.1313101192773,2755.1087849049563,2252.407895361643,2749.1057347294163,2173.568003091773,2747.9921648040304
1965-12-18,1226.4668764070298,1409.2218912901585,1163.0213271418017,1438.1934620882275,2501.989304758096,2755.1087849049563,2433.582592047961,2749.1057347294163,2236.030456088648,2747.9921648040304,2172.555983200701,2799.558233143356
1965-12-19,1261.3908390598124,1438.1934620882275,1172.7540671612617,1473.2616138387268,2529.4376874678856,2749.1057347294163,2464.1165581803557,2747.9921648040304,2284.855456417025,2799.558233143356,2196.4103652766116,2796.823841031489
1965-12-20,1255.2575205100343,1473.2616138387268,1160.419635492117,1475.92575983987,2534.9818373623325,2747.9921648040304,2464.9916617506497,2799.558233143356,2270.83917395904,2796.823841031489,2176.0427259426187,2768.353389882814
1965-12-21,1270.394286070573,1475.92575983987,1166.1425039809983,1500.0876237050081,2549.196222664589,2799.558233143356,2503.494075870255,2796.823841031489,2288.9893086945344,2768.353389882814,2184.7839698060816,2622.014682043705
1965-12-22,1280.2361741452464,1500.0876237050081,1169.835617911722,1491.2321472725644,2600.952150603386,2796.823841031489,2541.6406329199344,2768.353389882814,2310.6626208593575,2622.014682043705,2200.3891342956467,2846.3455836072317
1965-12-23,1275.4736162050544,1491.2321472725644,1154.4087688627174,1403.601362212181,2596.5026967439308,2768.353389882814,2514.4130344811447,2622.014682043705,2278.851150832018,2846.3455836072317,2157.9599884266395,3183.2564316106364
1965-12-24,1262.31665671376,1403.601362212181,1115.6245134980854,1559.2618182767337,2573.9137425873096,2622.014682043705,2485.623450852701,2846.3455836072317,2245.9664131427635,3183.2564316106364,2099.457350089102,3588.358546806765
1965-12-25,1234.9752070723107,1559.2618182767337,1069.8966269237396,1664.7165645458372,2436.770357588064,2846.3455836072317,2351.2981726658695,3183.2564316106364,2174.3756796504986,3588.358546806765,2009.1219918780234,3268.797511822868
1965-12-26,1301.9407172769793,1664.7165645458372,1201.2930138106958,1575.2590643684325,2593.5174866932975,3183.2564316106364,2735.3853670729422,3588.358546806765,2395.1010360081978,3268.797511822868,2293.4058749587393,3340.175968737656
1965-12-27,1409.9846786341259,1575.2590643684325,1276.6265572899097,1479.9889302384709,3107.3227485348702,3588.358546806765,3102.113595751652,3268.797511822868,2771.040773678924,3340.175968737656,2638.042322676879,3381.243738217538
1965-12-28,1347.6195773527065,1479.9889302384709,1225.2945079173373,1501.7984490418185,3402.9177881891846,3268.797511822868,3153.8407091800304,3340.175968737656,2880.1501743677054,3381.243738217538,2757.6589295950803,3404.5998113317128
1965-12-29,1284.3043980046855,1501.7984490418185,1230.0613427504543,1482.564616973425,2955.248583904294,3340.175968737656,2764.9923687717333,3381.243738217538,2528.2231418745573,3404.5998113317128,2473.3126168557505,3400.8091524687793
1965-12-30,1353.3029388705004,1482.564616973425,1257.3718886921338,1580.650952715588,2978.418101937408,3381.243738217538,2878.4709000434377,3404.5998113317128,2687.8921492940026,3400.8091524687793,2591.4097993137375,3540.657991454944
1965-12-31,1350.9128579959581,1580.650952715588,1240.047286844018,1683.7729153903297,3096.9110289725736,3404.5998113317128,2979.1856887868753,3400.8091524687793,2775.4176504121115,3540.657991454944,2664.354031632605,3460.038494331139
1966-01-01,1389.1730398792274,1683.7729153903297,1264.0937646767852,1689.1037070111877,3111.6888308472926,3400.8091524687793,3050.0539606755024,3540.657991454944,2818.046114182538,3460.038494331139,2692.95852261905,3490.6525342712976
1966-01-02,1430.6127549398389,1689.1037070111877,1330.4412270853036,1674.3350252628043,3190.3375083770625,3540.657991454944,3160.1960786087293,3460.038494331139,2862.7837807567143,3490.6525342712976,2762.46386345193,3626.933274654003
1966-01-03,1471.1125532520348,1674.3350252628043,1307.432160939801,1589.9345833471507,3324.0475599741244,3460.038494331139,3193.1721993832775,3490.6525342712976,2939.412464007179,3626.933274654003,2776.2572470692094,3641.0749885824985
1966-01-04,1424.5397420727743,1589.9345833471507,1289.6670290687596,1618.6291542950187,3186.3755130322756,3490.6525342712976,3073.3134081741637,3626.933274654003,2780.543948628358,3641.0749885824985,2645.363431512006,3701.3380981503087
1966-01-05,1382.1853064358863,1618.6291542950187,1259.0986565758003,1622.7963081465512,3211.805047787297,3626.933274654003,3037.1230670163163,3641.0749885824985,2748.7378260013547,3701.3380981503087,2625.424345518588,3913.873713209832
1966-01-06,1395.2689651369092,1622.7963081465512,1251.8218120623628,1611.1371985896187,3263.58261171761,3641.0749885824985,3145.994432197048,3701.3380981503087,2882.443297907424,3913.873713209832,2739.8039473501217,4008.3115180785658
1966-01-07,1407.070893691585,1611.1371985896187,1281.162034532747,1566.7019325645288,3358.7106852821926,3701.3380981503087,3283.5298079381982,3913.873713209832,3006.39717159882,4008.3115180785658,2879.5245171482943,4002.918769614314
1966-01-08,1389.3881248156988,1566.7019325645288,1281.4851311259886,1582.8092159869811,3438.186660318346,3913.873713209832,3301.425597536654,4008.3115180785658,3004.3442246621016,4002.918769614314,2895.4125168653527,3989.224602896217
1966-01-09,1397.9027486843954,1582.8092159869811,1287.2492619308769,1620.022837080111,3563.795051053151,4008.3115180785658,3403.811072065214,4002.918769614314,3128.34635828549,3989.224602896217,3017.0074194017534,3917.9979938987453
1966-01-10,1391.535206687191,1620.022837080111,1281.9387480282194,1632.8454567100835,3642.2982520540736,4002.918769614314,3449.9288175072625,3989.224602896217,3184.801176627766,3917.9979938987453,3074.672130620608,3839.5662017556633
1966-01-11,1408.8395034957039,1632.8454567100835,1295.9587055964607,1646.3409455496212,3642.12930589558,3989.224602896217,3491.8369967521976,3917.9979938987453,3210.840030811076,3839.5662017556633,3097.6711143183625,3787.205614800114
1966-01-12,1416.6664627057637,1646.3409455496212,1291.0961023022755,1673.1223882764098,3643.501139966926,3917.9979938987453,3472.729691013749,3839.5662017556633,3191.6044479880784,3787.205614800114,3065.906866115007,3764.258660018519
1966-01-13,1401.7856044469772,1673.1223882764098,1269.2606207217686,1630.6145426258722,3565.0414895007925,3839.5662017556633,3387.8571962431442,3787.205614800114,3101.3806267910577,3764.258660018519,2968.564788312078,3674.857014041061
1966-01-14,1390.5358734592994,1630.6145426258722,1256.8830702764399,1638.117232335982,3484.3161525351816,3787.205614800114,3318.4896955453687,3764.258660018519,3028.941562970178,3674.857014041061,2895.174585496816,3646.5712660946438
1966-01-15,1377.3302083763228,1638.117232335982,1245.4342530996737,1587.7705362187364,3424.4326029981667,3764.258660018519,3254.118911668351,3674.857014041061,2965.8875236892336,3646.5712660946438,2834.024241588378,3563.800800442537
1966-01-16,1358.5718065882759,1587.7705362187364,1230.4286751769482,1518.0476286503288,3366.803249867539,3674.857014041061,3195.8506522820708,3646.5712660946438,2912.520534272857,3563.800800442537,2784.4179910184826,3458.429928591696
1966-01-17,1341.9452700955605,1518.0476286503288,1212.7298422167955,1496.1351971072088,3309.897814523716,3646.5712660946438,3140.8746099281416,3563.800800442537,2864.908187112383,3458.429928591696,2735.8088629192325,3406.172710151243
1966-01-18,1325.117401718496,1496.1351971072088,1195.9095677859648,1524.589890423868,3256.2899947933684,3563.800800442537,3099.508681681487,3458.429928591696,2823.9882637348155,3406.172710151243,2694.870730396357,3415.832569569233
1966-01-19,1307.410633661374,1524.589890423868,1180.3840381800114,1446.7528457349956,3216.525347691976,3458.429928591696,3055.6881413756396,3406.172710151243,2783.96476151369,3415.832569569233,2657.0502538108058,3349.6907846407485
1966-01-20,1284.2822238214262,1446.7528457349956,1160.8223756548164,1513.2382542910939,3164.1439440945987,3406.172710151243,3001.997194572132,3415.832569569233,2735.455464109029,3349.6907846407485,2612.2222366719766,3393.0018328354827
1966-01-21,1265.366646300975,1513.2382542910939,1143.5019315275013,1373.4531809813761,3113.582629379278,3415.832569569233,2958.0234949129226,3349.6907846407485,2693.6139578787524,3393.0018328354827,2572.1061966770817,3211.6779556514775
1966-01-22,1249.1380108767012,1373.4531809813761,1129.313279447949,1445.206232804234,3073.920301916753,3349.6907846407485,2918.858962684799,3393.0018328354827,2662.1870184492354,3211.6779556514775,2542.8098495056224,3255.665915913073
1966-01-23,1231.304574487769,1445.206232804234,1113.0891964569876,1333.065298154644,3060.339097268381,3393.0018328354827,2904.405140351668,3211.6779556514775,2653.7789045542113,3255.665915913073,2536.0976975457893,3113.169007260851
1966-01-24,1213.6681296660154,1333.065298154644,1098.706042892697,1339.2090477786742,3019.481720885885,3211.6779556514775,2868.4972214059862,3255.665915913073,2622.1898900048614,3113.169007260851,2507.769817085499,3091.976775497992
1966-01-25,1197.0737903979725,1339.2090477786742,1083.2585941790878,1414.6816136137272,2965.965383818695,3255.665915913073,2819.150052269617,3113.169007260851,2575.7314372420624,3091.976775497992,2462.3552708859697,3135.4780681316483
1966-01-26,1179.5212165729565,1414.6816136137272,1068.6589113687085,1275.7523620274003,2923.5033053780717,3113.169007260851,2776.4532436333284,3091.976775497992,2538.101005309146,3135.4780681316483,2427.6851951882363,2972.055978804212
1966-01-27,1165.9957955252362,1275.7523620274003,1056.5951490168407,1381.2251862349644,2876.867326264358,3091.976775497992,2734.4127612433685,3135.4780681316483,2501.765134211255,2972.055978804212,2392.8245901384644,3066.145096994387
1966-01-28,1151.1281063893202,1381.2251862349644,1044.4397871557753,1244.6348046512967,2835.417676289935,3135.4780681316483,2696.4350676470176,2972.055978804212,2467.946796209628,3066.145096994387,2361.7065540902145,2905.1726419993975
1966-01-29,1137.0796710860207,1244.6348046512967,1029.8227803772709,1326.28582316568,2792.965866761102,2972.055978804212,2657.7481650294685,3066.145096994387,2432.8547536245533,2905.1726419993975,2326.038482262915,2965.7220787964116
1966-01-30,1121.3641358779662,1326.28582316568,1016.3977544175552,1210.8239876580415,2756.257229137096,3066.145096994387,2625.265656063305,2905.1726419993975,2400.607836564899,2965.7220787964116,2296.0785861108125,2833.3599388479706
1966-01-31,1107.509069998458,1210.8239876580415,1004.2987783128333,1221.3607569877945,2724.687710165876,2905.1726419993975,2591.643396469461,2965.7220787964116,2371.7244378375376,2833.3599388479706,2268.9327259055717,2826.6333291112683
1966-02-01,1092.5519806244279,1221.3607569877945,989.9327694595509,1276.7820720369054,2685.8972296639395,2965.7220787964116,2556.2046642680875,2833.3599388479706,2339.5627303315478,2826.6333291112683,2237.359681506977,2849.2092253499413
1966-02-02,1077.374479923772,1276.7820720369054,976.8812632572702,1190.9211872042288,2651.3783864259203,2833.3599388479706,2523.596441891699,2826.6333291112683,2309.3756513593253,2849.2092253499413,2209.30793070433,2760.033703112515
1966-02-03,1064.3064043179686,1190.9211872042288,965.3917385623333,1225.1910698072388,2620.2291589422816,2826.6333291112683,2495.711100899683,2849.2092253499413,2285.1486700138603,2760.033703112515,2186.6365073406378,2777.752634888331
1966-02-04,1051.4575502431965,1225.1910698072388,954.4959914530405,1158.9897943227916,2590.8444456368593,2849.2092253499413,2467.71352598494,2760.033703112515,2260.084976774096,2777.752634888331,2163.5068969885915,2697.440802544261
1966-02-05,1038.6430747541385,1158.9897943227916,942.7563108500137,1219.4511838806552,2559.053341693554,2760.033703112515,2436.7344707934144,2777.752634888331,2232.7009322323474,2697.440802544261,2137.214197096354,2737.697198156892
1966-02-06,1023.9314674060458,1219.4511838806552,929.9802640841358,1134.655964380741,2526.982077643963,2777.752634888331,2404.7474864795404,2697.440802544261,2204.2739483151936,2737.697198156892,2110.7341143271783,2671.8274346513517
1966-02-07,1012.9363993149964,1134.655964380741,920.3033761503659,1094.779118400417,2496.2983786694667,2697.440802544261,2381.0697850549086,2737.697198156892,2182.4686931350543,2671.8274346513517,2090.2375082675608,2716.369068817782
1966-02-08,1003.2146213477407,1094.779118400417,910.4993451068515,1187.1610335272953,2472.6029230172103,2737.697198156892,2357.7142508851757,2671.8274346513517,2163.107705216904,2716.369068817782,2070.811338190524,2445.455646121907
1966-02-09,990.9648096452594,1187.1610335272953,900.2887685204787,1016.0946591307137,2443.0612414789084,2671.8274346513517,2328.7986292727674,2716.369068817782,2136.6707125846497,2445.455646121907,2046.3871830898202,2603.0458076226505
1966-02-10,979.2345656712141,1016.0946591307137,885.7026017247626,708.9911423277352,2443.149133695195,2716.369068817782,2327.4744009317474,2445.455646121907,2138.519276549451,2603.0458076226505,2045.5611992339968,4161.289888133942
1966-02-11,1015.138977459121,708.9911423277352,802.5498120199348,675.0715371058938,2496.6301478153814,2445.455646121907,2374.0678364365153,2603.0458076226505,2289.106563048976,4161.289888133942,2077.0956933835314,6228.4692520108465
1966-02-12,875.6694563216344,675.0715371058938,577.2826997120865,442.38720661808713,2199.174113604143,2603.0458076226505,1976.132160983947,4161.289888133942,2115.6384345046063,6228.4692520108465,1815.9119695022296,8431.05281962358
1966-02-13,799.0066957660607,442.38720661808713,786.2141409598548,634.4007960217278,2269.6738194346453,4161.289888133942,2661.884142880306,6228.4692520108465,2501.268305976522,8431.05281962358,2479.5423325561824,9680.73414422644
1966-02-14,700.0297963057901,634.4007960217278,689.0888551989883,839.2561959190616,4078.7696316030374,6228.4692520108465,3789.833285990768,8431.05281962358,3595.192626055767,9680.73414422644,3577.894929450248,8564.976987064696
1966-02-15,765.0642284790395,839.2561959190616,853.5732584730519,1732.1770706997568,5414.894035902936,8431.05281962358,5101.651013487331,9680.73414422644,4841.675503199438,8564.976987064696,4925.716453571491,7853.460499176188
1966-02-16,1022.9194211860296,1732.1770706997568,1729.1724061315244,2307.2260065126993,7318.0649016714415,9680.73414422644,6858.099831481697,8564.976987064696,6569.123552361396,7853.460499176188,7274.804235780582,7868.443359681485
1966-02-17,2056.9685761027645,2307.2260065126993,2112.2900866442837,2825.6378827542376,8213.863587915523,8564.976987064696,7850.4102025633365,7853.460499176188,8092.562118105007,7868.443359681485,8152.444692032532,7661.186236202491
1966-02-18,2200.8392495127014,2825.6378827542376,1989.4264434274417,2903.480358131672,7651.195111791694,7853.460499176188,7627.624799836423,7868.443359681485,7369.636578545498,7661.186236202491,7162.033356170676,7469.832901685884
1966-02-19,2303.5238126525396,2903.480358131672,1985.4440481262989,2659.962832324381,7146.845592164368,7868.443359681485,7121.14158347501,7661.186236202491,6480.200721766841,7469.832901685884,6164.764882665935,7308.934626810931
1966-02-20,2245.1020216420607,2659.962832324381,1931.0908962293802,2468.506182874052,7230.7283013705,7661.186236202491,6773.930672008303,7469.832901685884,6069.642023847414,7308.934626810931,5758.625731195544,6991.510564732562
1966-02-21,2100.6807224317467,2468.506182874052,1814.7022585106765,2422.8430449075386,6721.962077494611,7469.832901685884,6133.714347597355,7308.934626810931,5490.155218340329,6991.510564732562,5206.573203618124,6751.925573684017
1966-02-22,1963.5489851789525,2422.8430449075386,1709.5236075859775,2190.50561022465,6310.542428490746,7308.934626810931,5755.699019861162,6991.510564732562,5171.201899257543,6751.925573684017,4919.2013896321405,6508.049612007695
1966-02-23,1858.8808121872835,2190.50561022465,1636.0595110031315,2212.192515692006,6206.38967774262,6991.510564732562,5666.866756502492,6751.925573684017,5134.728772182505,6508.049612007695,4914.645598366504,6717.031925941402
1966-02-24,1776.9386189576308,2212.192515692006,1558.4614420352877,1995.7131993193698,5971.473143104548,6751.925573684017,5479.797688972278,6508.049612007695,4996.342926593552,6717.031925941402,4780.633172708913,6548.874823709873
1966-02-25,1703.3921451375,1995.7131993193698,1496.939173345562,1991.6461689713415,5680.000302314089,6508.049612007695,5256.657599885126,6717.031925941402,4788.215619764311,6548.874823709873,4584.307790093597,6640.036775002056
1966-02-26,1651.907878734242,1991.6461689713415,1456.4270570399644,2049.2623134850646,5595.433790936313,6717.031925941402,5182.014917087419,6548.874823709873,4730.6266447958915,6640.036775002056,4537.78050398788,6571.80158359484
1966-02-27,1615.6923502886416,2049.2623134850646,1428.040311360604,1942.704216920078,5683.588743152832,6548.874823709873,5278.064692133565,6640.036775002056,4834.948991793421,6571.80158359484,4650.169929954637,10035.778945922135
1966-02-28,1579.0003900537954,1942.704216920078,1400.6287288443636,2256.6433195122117,5648.85422566998,6640.036775002056,5229.519355611018,6571.80158359484,4801.8071016406775,10035.778945922135,4626.6315355190445,10065.906909982577
1966-03-01,1863.8542390448954,2256.6433195122117,1448.6413751934517,3060.40873497585,5728.5011001769535,6571.80158359484,5583.226037747768,10035.778945922135,5444.19214747826,10065.906909982577,5031.497163469185,8179.179781092916
1966-03-02,1978.0907960728314,3060.40873497585,1628.4063109256235,3042.0966092705994,5831.612571141584,10035.778945922135,6573.878785815215,10065.906909982577,5969.25890118663,8179.179781092916,5607.618698257153,19171.892207455072
1966-03-03,2392.5197359826852,3042.0966092705994,2056.28073130562,1926.107084252183,9461.913770170635,10065.906909982577,9661.350895373085,8179.179781092916,8718.433839713354,19171.892207455072,8368.784218597733,25230.593035059614
1966-03-04,3085.4666755342087,1926.107084252183,2511.2809105360307,5487.458484052178,9772.712426650663,8179.179781092916,10351.558752513185,19171.892207455072,9903.36919678744,25230.593035059614,9304.01412976288,21058.80228294019
1966-03-05,3068.5364796372783,5487.458484052178,3000.460236055723,11569.033960056695,8742.506827270621,19171.892207455072,10389.718455383721,25230.593035059614,10327.970948558705,21058.80228294019,10171.332646061652,22612.28112567462
1966-03-06,4993.478674665913,11569.033960056695,8773.194255648952,15029.256881779032,18193.91566444815,25230.593035059614,20061.90326752985,21058.80228294019,17589.55090345335,22612.28112567462,21323.81153166719,28786.505590446515
1966-03-07,11934.878250335718,15029.256881779032,12137.981922435174,13704.964715490625,25672.936202149685,21058.80228294019,27819.24144115571,22612.28112567462,26880.168774089518,28786.505590446515,27083.81218418371,28119.312355728194
1966-03-08,13042.380063743036,13704.964715490625,9544.988259027648,10723.903964241748,24476.5526073855,22612.28112567462,25622.280385786034,28786.505590446515,22974.733330505762,28119.312355728194,19475.752874995014,22704.004894660993
1966-03-09,9294.159727326994,10723.903964241748,7026.130783495522,9083.945943214661,24068.79096294807,28786.505590446515,21209.62979978823,28119.312355728194,16564.236405157255,22704.004894660993,14294.44290832807,17980.814319568915
1966-03-10,7446.409061300776,9083.945943214661,5793.489756424706,7968.554572917655,24171.143872526227,28119.312355728194,19899.887150009137,22704.004894660993,16429.443186272987,17980.814319568915,14781.379734070568,15498.263045182382
1966-03-11,6413.3859485407875,7968.554572917655,5136.139674651724,6738.81561267142,21607.47628412927,22704.004894660993,18684.12762444734,17980.814319568915,15827.026322702952,15498.263045182382,14556.105477307405,14811.778911552512
1966-03-12,5818.64056538508,6738.81561267142,4776.628401132622,6898.007036104972,18211.089529707802,17980.814319568915,16042.07419881158,15498.263045182382,13764.630782740522,14811.778911552512,12726.385217503914,13587.517857553856
1966-03-13,5337.8933090948485,6898.007036104972,4983.823794530484,8027.121590198178,14815.549702883014,15498.263045182382,13100.619988766308,14811.778911552512,11607.723210786085,13587.517857553856,11251.378484209792,13801.555172874265
1966-03-14,5578.696710985571,8027.121590198178,5982.513336744189,8583.861790333014,12836.443205431759,14811.778911552512,12493.292656442307,13587.517857553856,10986.113049681782,13801.555172874265,11383.072070800028,15317.22684772197
1966-03-15,7049.032551096454,8583.861790333014,6215.087614006343,8067.920971698445,13338.914887551375,13587.517857553856,13617.235900777749,13801.555172874265,12541.632283727211,15317.22684772197,11706.701863150261,14759.15040961541
1966-03-16,6714.714737171689,8067.920971698445,5573.288367798835,7238.786424279685,13197.832492152831,13801.555172874265,13107.846034488186,15317.22684772197,11212.196608241024,14759.15040961541,10069.846286676719,12921.021071802505
1966-03-17,6036.831243293234,7238.786424279685,4924.164681283775,6403.707853251381,13074.901883420087,15317.22684772197,12027.953894140732,14759.15040961541,10013.012194393945,12921.021071802505,8899.432198644561,11082.526120459028
1966-03-18,5304.10734680959,6403.707853251381,4501.1598169500585,6044.734132803825,13286.885550472387,14759.15040961541,11872.056120546134,12921.021071802505,9954.406541958313,11082.526120459028,9153.16924624257,10024.801107278457
1966-03-19,4861.175332591821,6044.734132803825,4686.659940028845,6426.480069791541,12425.457606295127,12921.021071802505,11072.441740381908,11082.526120459028,9536.022382208257,10024.801107278457,9362.690706454307,9793.469359922543
1966-03-20,5213.191931520638,6426.480069791541,5179.610691066822,6786.000484763439,10882.278635623352,11082.526120459028,10119.52869716011,10024.801107278457,9301.927454287441,9793.469359922543,9267.254012916272,10304.901897418049
1966-03-21,5602.5425864912995,6786.000484763439,4892.729901778924,5957.600008024513,9793.572731524815,10024.801107278457,9784.968617962986,9793.469359922543,8975.860230408007,10304.901897418049,8264.10865122383,10788.112301340736
1966-03-22,5345.432552125256,5957.600008024513,4320.358523640088,5172.19245100869,9567.695947246051,9793.469359922543,9615.081780951503,10304.901897418049,8206.686980280909,10788.112301340736,7179.7298837707,10612.397669368944
1966-03-23,4423.383908252721,5172.19245100869,3453.408586910272,5656.667987044535,9470.175932397631,10304.901897418049,8405.193817839152,10788.112301340736,6898.245114590619,10612.397669368944,5925.408181076929,10093.625515404154
1966-03-24,3846.3106770197473,5656.667987044535,3936.8855288973,6685.4227629716415,8794.533714844301,10788.112301340736,7891.374692968882,10612.397669368944,6609.053629678591,10093.625515404154,6699.1030359042525,11025.488727217418
1966-03-25,5084.493457606661,6685.4227629716415,4962.292869668487,6633.107161081998,9137.894033770479,10612.397669368944,9567.423827653514,10093.625515404154,8854.324535472188,11025.488727217418,8722.614490099355,12265.290745674287
1966-03-26,5671.5546311601975,6633.107161081998,5142.359323242202,6744.673692900993,10308.188681434494,10093.625515404154,10784.220082674812,11025.488727217418,9677.806798092779,12265.290745674287,9145.07735865116,12188.03393641127
1966-03-27,5505.6615788794925,6744.673692900993,4705.873889303833,6148.866038898023,10220.688645570239,11025.488727217418,9772.422867669733,12265.290745674287,8593.515380641846,12188.03393641127,7790.079043978087,11782.602480819081
1966-03-28,5168.189183678521,6148.866038898023,4364.433036399526,5737.100529887926,10114.562276889463,12265.290745674287,9861.554858482923,12188.03393641127,8251.304544341576,11782.602480819081,7445.19355003258,10877.215366294733
1966-03-29,4730.553774740782,5737.100529887926,3977.335722288412,5357.449741063216,11212.923616156942,12188.03393641127,10133.50968564201,11782.602480819081,8682.000697565189,10877.215366294733,7929.092371262201,10079.666771455131
1966-03-30,4382.841599562731,5357.449741063216,3677.6367470283258,4923.519127910413,10456.531113044783,11782.602480819081,9599.068385787465,10877.215366294733,8223.207631983272,10079.666771455131,7518.839385032942,9360.673597271083
1966-03-31,4120.07845321595,4923.519127910413,3473.821146363225,4551.811291123149,10191.75358734804,10877.215366294733,9364.896367109468,10079.666771455131,8106.934741966671,9360.673597271083,7462.134421903734,8802.504882269299
1966-04-01,3845.0051984956167,4551.811291123149,3316.232886811362,4337.867051427973,9448.801045649781,10079.666771455131,8643.110931479776,9360.673597271083,7547.637755722462,8802.504882269299,7019.647673070052,8309.29700148998
1966-04-02,3666.4604389681667,4337.867051427973,3288.915009593312,4374.894585366927,8730.346106457006,9360.673597271083,8039.243201233947,8802.504882269299,7117.0668315808925,8309.29700148998,6738.606177520727,8375.420234919991
1966-04-03,3545.3291316913173,4374.894585366927,3435.5609290035004,4566.372511659775,8165.701720872494,8802.504882269299,7621.083619575138,8309.29700148998,6790.471731672758,8375.420234919991,6679.986548323917,8414.604025293856
1966-04-04,3840.827566445373,4566.372511659775,3486.714991822795,4546.547987766234,7789.137532617335,8309.29700148998,7541.024263558213,8375.420234919991,6970.379401505964,8414.604025293856,6614.886108248034,8189.08284265769
1966-04-05,3745.5945347488996,4546.547987766234,3470.58836912671,4450.764466423847,7648.828431864678,8375.420234919991,7536.911506344658,8414.604025293856,6675.303607404236,8189.08284265769,6398.524125156049,8380.72875956665
1966-04-06,3776.595502725203,4450.764466423847,3422.283093541032,4326.402763897984,7826.398101825102,8414.604025293856,7489.653232173095,8189.08284265769,6698.1703716457905,8380.72875956665,6342.905242647879,8538.546125942266
1966-04-07,3691.714301978568,4326.402763897984,3275.9832922132064,3981.7719314042724,7675.386515494465,8189.08284265769,7291.758267651062,8380.72875956665,6525.317482525361,8538.546125942266,6108.95221417431,8094.926785518929
1966-04-08,3576.8446977949166,3981.7719314042724,3273.1952397840487,4223.466427647537,7425.2494665696995,8380.72875956665,7100.313804123208,8538.546125942266,6324.734140559639,8094.926785518929,6018.278537203056,8190.77267477198
1966-04-09,3485.8419488807303,4223.466427647537,3317.631127096639,4425.683931405668,7584.879577688125,8538.546125942266,7148.294815486526,8094.926785518929,6397.310260401002,8190.77267477198,6227.499137134345,8371.051230656089
1966-04-10,3609.4713818817527,4425.683931405668,3244.0460695537627,4296.880258752466,7605.671361893553,8094.926785518929,7270.998622824944,8190.77267477198,6644.642309035242,8371.051230656089,6278.720840238435,8212.745407634791
1966-04-11,3580.772722133259,4296.880258752466,3193.9439145516326,4162.4107890486375,7528.471923140039,8190.77267477198,7395.042964725091,8371.051230656089,6549.060500732002,8212.745407634791,6161.68939123316,8540.116148872545
1966-04-12,3455.1013999218644,4162.4107890486375,2996.0216873037207,3837.749442547133,7609.064318266039,8371.051230656089,7159.1906017697665,8212.745407634791,6324.222742398701,8540.116148872545,5864.896486790213,8509.741935107293
1966-04-13,3308.377456280863,3837.749442547133,2861.1919485824665,3871.4642728854824,7453.52015674356,8212.745407634791,7050.918283866691,8540.116148872545,6209.2936427307395,8509.741935107293,5761.889287880385,8899.967659117916
1966-04-14,3210.5636320355025,3871.4642728854824,2923.2552608135547,3852.8951375170673,7340.554225207197,8540.116148872545,6969.584946775874,8509.741935107293,6154.750320577854,8899.967659117916,5867.4286639518905,8726.103616188098
1966-04-15,3240.633536455885,3852.8951375170673,2876.826259791523,3773.2214032794736,7592.260195400752,8509.741935107293,7190.037040172161,8899.967659117916,6526.856606839332,8726.103616188098,6160.804221397282,8301.796113018609
1966-04-16,3103.111051331744,3773.2214032794736,2750.4692357413437,3419.5280194959055,7719.274088010209,8899.967659117916,7332.7520919319395,8726.103616188098,6543.842284362597,8301.796113018609,6190.027405270082,7480.4930584931435
1966-04-17,2992.1764479814833,3419.5280194959055,2677.4938827900637,3477.6349073420033,7890.8845140501235,8726.103616188098,7416.505781496373,8301.796113018609,6597.250757094369,7480.4930584931435,6281.781297934919,7149.953093589069
1966-04-18,2889.9504620987086,3477.6349073420033,2553.688715281103,3153.3783952755216,7693.231983154494,8301.796113018609,7119.572661602073,7480.4930584931435,6383.331559001312,7149.953093589069,6046.83584814463,6726.678901567479
1966-04-19,2789.101884865474,3153.3783952755216,2455.6876590450847,2844.0735666970563,7231.956785034688,7480.4930584931435,6777.353438728376,7149.953093589069,6074.407831428413,6726.678901567479,5739.980678115924,6356.215672947304
1966-04-20,2579.9706866555293,2844.0735666970563,2007.6931570751742,2213.118716184877,6780.378752016401,7149.953093589069,6165.643136915753,6726.678901567479,5567.549288590571,6356.215672947304,4992.865973251295,4486.6987561022
1966-04-21,2085.5681414365354,2213.118716184877,1820.9432031561748,2640.96944715217,6154.364364070847,6726.678901567479,5531.332327522039,6356.215672947304,4778.9816908855555,4486.6987561022,4513.920328361059,3486.380019760027
1966-04-22,2092.262434183115,2640.96944715217,1854.8356958452193,1504.925320717225,5716.9766575990225,6356.215672947304,5116.236557370812,4486.6987561022,4784.140378352333,3486.380019760027,4543.037461151322,4643.274047713254
1966-04-23,2081.205452485392,1504.925320717225,2160.542984597396,2844.194224260348,5360.334884038883,4486.6987561022,5372.5075258344705,3486.380019760027,4725.425694234345,4643.274047713254,4802.952058290777,4881.526965576163
1966-04-24,2108.3778297380163,2844.194224260348,1604.1531843958287,5151.944030615435,4597.256122504222,3486.380019760027,3346.8682982794153,4643.274047713254,3930.189926340626,4881.526965576163,3421.7819473143563,5683.183394497118
1966-04-25,2072.1272080427443,5151.944030615435,4100.6142454864885,7553.424238292174,2410.8837715128116,4643.274047713254,3827.8681762345004,4881.526965576163,2963.51058489385,5683.183394497118,4984.471799533998,11274.685009688597
1966-04-26,5852.468172398307,7553.424238292174,5797.695651778704,7884.095308266721,5569.834360984222,4881.526965576163,7822.0147755558255,5683.183394497118,8192.215189648774,11274.685009688597,8134.330442541031,14993.514994125177
1966-04-27,6495.465775666156,7884.095308266721,5670.032889988485,7678.787838270994,7157.335066366493,5683.183394497118,9139.797246814614,11274.685009688597,8056.246803155302,14993.514994125177,7227.2738766767925,15706.67626091271
1966-04-28,6333.098944854072,7678.787838270994,5094.174870618347,6929.030565592111,8118.796065403045,11274.685009688597,8549.57009232225,14993.514994125177,6975.992872140743,15706.67626091271,5730.219708883103,18099.93786400344
1966-04-29,5811.875009948546,6929.030565592111,4689.566936297275,7664.614776711839,11053.72206150736,14993.514994125177,10764.10185177116,15706.67626091271,8772.989619663778,18099.93786400344,7647.80103162498,17891.17190275476
1966-04-30,5407.64736451577,7664.614776711839,4774.423595620832,9245.863725049494,13533.761332485385,15706.67626091271,12476.437713851687,18099.93786400344,10793.195965703344,17891.17190275476,10157.955140965905,17606.07328493061
1966-05-01,6244.480951849613,9245.863725049494,5713.5800927438395,8295.605366353668,13674.736393893643,18099.93786400344,14581.211771601706,17891.17190275476,12730.350157495843,17606.07328493061,12178.432238266636,17578.533575020483
1966-05-02,6884.367944315145,8295.605366353668,6353.302688082813,7770.138377731782,17359.279081987173,17891.17190275476,17522.916825813427,17606.07328493061,14788.095145720274,17578.533575020483,14252.846401474399,16130.134874555904
1966-05-03,6715.6222296109645,7770.138377731782,5594.054086952573,6934.115551397517,17209.67945986658,17606.07328493061,15124.158633260351,17578.533575020483,13304.36712839239,16130.134874555904,12183.36543355098,14277.619134203946
1966-05-04,5862.234697075075,6934.115551397517,4918.156641526871,6086.029482653247,14845.062460499037,17578.533575020483,13496.691713568016,16130.134874555904,11413.77868708806,14277.619134203946,10470.75812573779,12609.480868712306
1966-05-05,5252.304519036429,6086.029482653247,4364.040506632126,5482.243541491294,15025.461762127663,16130.134874555904,13311.430337466412,14277.619134203946,11470.203727255492,12609.480868712306,10586.281580262235,11171.430847731383
1966-05-06,4620.2357340070685,5482.243541491294,3803.0490515474717,4822.7969598275795,13489.248123106168,14277.619134203946,11882.195281178248,12609.480868712306,10290.831580573427,11171.430847731383,9478.184499952618,10648.032011642375
1966-05-07,4104.0764304653585,4822.7969598275795,3404.709705474741,4429.952716582991,11878.121069818935,12609.480868712306,10641.158035638855,11171.430847731383,9157.27968116516,10648.032011642375,8461.391988443826,10937.62238044039
1966-05-08,3694.2643962348266,4429.952716582991,3054.536872886312,4333.843459541036,10674.628999333534,11171.430847731383,9481.501571475113,10648.032011642375,8269.078136646407,10937.62238044039,7632.504765233096,9479.880124035231
1966-05-09,3549.508875560542,4333.843459541036,3022.5883603487728,4073.7738114595704,9399.567341165259,10648.032011642375,8721.995128010614,10937.62238044039,7745.36022351499,9479.880124035231,7218.075039824713,8393.15192187826
1966-05-10,3339.6524154016756,4073.7738114595704,3102.8344753770198,3826.9410020679916,9230.258622502384,10937.62238044039,8639.01550360482,9479.880124035231,7510.945617945359,8393.15192187826,7273.739648876213,8247.225756914138
1966-05-11,3375.240323649912,3826.9410020679916,2901.453611800667,3351.5147614017737,9488.76585977052,9479.880124035231,8665.289380136122,8393.15192187826,7854.574280697885,8247.225756914138,7383.045531393566,8047.598754729271
1966-05-12,3084.4461787327427,3351.5147614017737,2597.295547679839,3286.674853518398,8190.808774984122,8393.15192187826,7530.59392260981,8247.225756914138,6704.7059433222585,8047.598754729271,6218.368867032881,7356.858951149508
1966-05-13,2734.897860461033,3286.674853518398,2544.0217391243855,3630.797630124378,7328.958022931014,8247.225756914138,6553.965860127682,8047.598754729271,5853.088999724181,7356.858951149508,5660.99658996212,7237.489357421151
1966-05-14,2729.9600659126354,3630.797630124378,3163.530225458564,4341.867487205244,6958.119207913411,8047.598754729271,6513.771759858864,7356.858951149508,5876.920237445085,7237.489357421151,6309.952599377729,7880.545427144042
1966-05-15,3577.164670830564,4341.867487205244,3424.8232588841,4643.287323348552,7034.293808870847,7356.858951149508,6985.132396564917,7237.489357421151,6862.525707929076,7880.545427144042,6710.731737182785,5765.652672785829
1966-05-16,3752.2136568698543,4643.287323348552,3390.586348835067,4420.488383258415,6894.076290134359,7237.489357421151,7275.060537964391,7880.545427144042,6632.825574738142,5765.652672785829,6271.526461882527,4857.912946893259
1966-05-17,3809.744863940521,4420.488383258415,3192.7128836253614,2369.5571314322265,7245.304822189903,7880.545427144042,7286.963518400858,5765.652672785829,6405.725014424558,4857.912946893259,5788.221989294554,9775.582391231463
1966-05-18,3413.2444279102874,2369.5571314322265,2874.8698102099847,3036.8149189115775,7525.378269665634,5765.652672785829,7035.087929762549,4857.912946893259,5992.404660663704,9775.582391231463,5454.729018244681,9634.282327076235
1966-05-19,2965.7085429757644,3036.8149189115775,1981.4430931191648,10545.083149124228,5414.140368059187,4857.912946893259,4022.1319512043783,9775.582391231463,4594.98584723469,9634.282327076235,3602.3127442124564,12461.96005645842
1966-05-20,2319.5104561979633,10545.083149124228,6512.73886381791,11899.412965979893,3507.608184214438,9775.582391231463,5605.624170180042,9634.282327076235,4378.632249663875,12461.96005645842,8524.9164785267,23349.484837424534
1966-05-21,10803.620588226557,11899.412965979893,9736.39173916784,11254.123933091509,10481.79463437157,9634.282327076235,16558.2962477365,12461.96005645842,16435.01756983932,23349.484837424534,15350.85378910639,22150.134308615106
1966-05-22,9945.525949659861,11254.123933091509,7834.598140230011,9019.903382794873,15454.023817345596,12461.96005645842,16136.352425830408,23349.484837424534,13964.515565536847,22150.134308615106,11842.107055409857,18859.799763289837
1966-05-23,8071.64536541495,9019.903382794873,6258.480268690278,7414.086019901208,13539.507682284566,23349.484837424534,12513.526536431078,22150.134308615106,9181.994102664274,18859.799763289837,7356.979907664918,15951.652453441327
1966-05-24,6436.555349738384,7414.086019901208,4997.2653986874175,6209.848259700367,19962.94260611602,22150.134308615106,16560.567244878297,18859.799763289837,13794.688484361448,15951.652453441327,12362.974216649382,13427.668208722609
1966-05-25,5306.222159675784,6209.848259700367,4224.234060541068,5162.502540096959,17337.187722029525,18859.799763289837,14730.892708212785,15951.652453441327,12490.791937998594,13427.668208722609,11418.238100798357,10553.889363211656
1966-05-26,4557.037700662266,5162.502540096959,3643.3816269913514,4353.456804739455,15025.74289226508,15951.652453441327,13008.351135534762,13427.668208722609,11214.91645378584,10553.889363211656,10307.196767785546,8016.9762262226295
1966-05-27,3789.716259603404,4353.456804739455,3078.7108885970383,4516.1709813394355,12907.751719329852,13427.668208722609,11102.626680018493,10553.889363211656,9597.110453373452,8016.9762262226295,8891.705295283713,11206.905895776159
1966-05-28,3324.017066136686,4516.1709813394355,2745.1029107911245,4893.058670209188,10810.56332744385,10553.889363211656,9436.123206765016,8016.9762262226295,8335.813469882187,11206.905895776159,7762.313341473658,12636.685081200583
1966-05-29,4172.931156137337,4893.058670209188,3460.3042618485174,4360.703730776835,8722.372056839184,8016.9762262226295,9817.890578163875,11206.905895776159,9256.482853849517,12636.685081200583,8527.584461111383,12260.394133011338
1966-05-30,3597.4804488479385,4360.703730776835,3267.3671444849947,3976.5007802978844,8865.303404042526,11206.905895776159,9367.641228339042,12636.685081200583,7583.5813800923825,12260.394133011338,7228.8333388651035,11167.964537375992
1966-05-31,3478.6887102109768,3976.5007802978844,2948.830946486928,3741.211899559986,11115.737216578247,12636.685081200583,9345.204443226368,12260.394133011338,8255.964976755484,11167.964537375992,7718.365461961379,9597.172481545427
1966-06-01,2978.256033014726,3741.211899559986,2622.781757628767,3363.0876134082278,10509.842181957792,12260.394133011338,9262.731368544031,11167.964537375992,8089.146126287109,9597.172481545427,7730.419489368478,8513.971956995414
1966-06-02,2889.8192311232206,3363.0876134082278,2511.5061303346315,3064.5759640318424,10060.945709694239,11167.964537375992,9053.433234254637,9597.172481545427,8033.16124990447,8513.971956995414,7653.777858457925,7607.785058324429
1966-06-03,2603.9138887409736,3064.5759640318424,2240.1032181413357,2812.4067947153817,9315.016164073837,9597.172481545427,8202.263018919362,8513.971956995414,7328.325546591929,7607.785058324429,6965.163412338247,6534.256519865151
1966-06-04,2369.127512149782,2812.4067947153817,2044.3724563137487,2627.97732238336,7881.645380599328,8513.971956995414,7052.802135498612,7607.785058324429,6274.908930479048,6534.256519865151,5950.53612770912,5928.6359971338115
1966-06-05,2200.4893631423083,2627.97732238336,1899.1866775815502,2876.3651320865347,7080.468244239346,7607.785058324429,6403.626551654119,6534.256519865151,5704.870214174023,5928.6359971338115,5403.863993445442,6097.920237837752
1966-06-06,2277.3359045341344,2876.3651320865347,1994.3041247493995,3450.465535043421,6398.158008866043,6534.256519865151,5842.324088682824,5928.6359971338115,5451.282181770841,6097.920237837752,5169.648147115226,4085.3921589844417
1966-06-07,2457.5680543188478,3450.465535043421,2151.8346094107537,3102.8114760991602,5598.7946851904035,5928.6359971338115,5719.793414090178,6097.920237837752,5186.169492713914,4085.3921589844417,4879.672741426314,5012.464831221818
1966-06-08,2651.8982985889234,3102.8114760991602,2250.0647321581823,1217.3168735787312,5680.2096660181705,6097.920237837752,6154.201568139742,4085.3921589844417,5113.178723141223,5012.464831221818,4707.098246848686,6348.972152939934
1966-06-09,2342.1249344065054,1217.3168735787312,1997.791436648773,1196.7756532172962,6279.669083703124,4085.3921589844417,5578.576059674607,5012.464831221818,4669.938393545657,6348.972152939934,4324.709401294103,6621.062895580339
1966-06-10,1256.7858321381184,1196.7756532172962,636.3439824939604,568.7221351760976,3728.118926149426,5012.464831221818,1906.1298153784599,6348.972152939934,1894.1869893583325,6621.062895580339,1267.9649246195454,5898.437675106463
1966-06-11,546.0314668775002,568.7221351760976,534.7685759983375,828.6886472578037,2990.8964052033216,6348.972152939934,2903.708360588162,6621.062895580339,2121.1874389421027,5898.437675106463,2103.118155930989,4215.222958439486
1966-06-12,487.54945027359884,828.6886472578037,1675.817952031471,2510.290193187342,5383.627384489693,6621.062895580339,4225.140682346568,5898.437675106463,4083.9378143836393,4215.222958439486,5271.676154152843,5421.356129643413
1966-06-13,1861.9027356733632,2510.290193187342,2625.214740408783,3807.6092054662095,4817.694658216565,5898.437675106463,4601.684839058706,4215.222958439486,5610.037235927792,5421.356129643413,6374.94995408047,6034.318480933794
1966-06-14,2979.9201578447164,3807.6092054662095,2281.7907431863887,3641.588804564688,4993.643223113495,4215.222958439486,6256.432279605013,5421.356129643413,6696.787773125159,6034.318480933794,6000.581280750112,5448.673007848409
1966-06-15,2699.987488565768,3641.588804564688,2126.487116904993,2960.615074407022,5218.536648615695,5421.356129643413,6283.783816888904,6034.318480933794,5136.022795410019,5448.673007848409,4561.434675778518,6194.052053380913
1966-06-16,2570.8112025147257,2960.615074407022,2012.2519931939373,2470.66967737753,6169.485519555223,6034.318480933794,5758.47195269551,5448.673007848409,4676.658381080893,6194.052053380913,4117.289076003412,6315.2875178463355
1966-06-17,2126.220429496797,2470.66967737753,1704.5447170126347,2092.3545845833432,5442.233315536902,5448.673007848409,4639.641118016652,6194.052053380913,3787.4643207165545,6315.2875178463355,3363.409231005805,5751.772829696554
1966-06-18,1799.060446530621,2092.3545845833432,1561.7266879348927,1967.6643546073224,4477.559091872238,6194.052053380913,3854.7260267008187,6315.2875178463355,3168.925350462309,5751.772829696554,2929.353327847077,5316.5806075033015
1966-06-19,1664.5396114949995,1967.6643546073224,1492.049060757028,1911.291568680313,5059.739433734312,6315.2875178463355,4452.748355930122,5751.772829696554,3976.297824809873,5316.5806075033015,3804.009706291996,4857.654345301752
1966-06-20,1602.2065984561036,1911.291568680313,1437.0996209220502,1820.6518702937794,5169.8677726159685,5751.772829696554,4730.1515567750175,5316.5806075033015,4328.69279165753,4857.654345301752,4164.832471599908,4567.732964189189
1966-06-21,1559.263054344847,1820.6518702937794,1381.2987200021344,1728.280519974797,4892.822534482596,5316.5806075033015,4555.57380645842,4857.654345301752,4166.863603075819,4567.732964189189,3990.117481790884,4334.907376543808
1966-06-22,1480.8847370530955,1728.280519974797,1288.9207410755387,1624.6204750404813,4597.488108990495,4857.654345301752,4254.24111116397,4567.732964189189,3878.5666786491656,4334.907376543808,3687.535462824304,4103.887034844463
1966-06-23,1387.8880694064628,1624.6204750404813,1206.8352470103864,1563.5663743134533,4200.222343630361,4567.732964189189,3890.9840393879845,4334.907376543808,3516.763278264376,4103.887034844463,3336.220156872193,3944.0832878195124
1966-06-24,1317.7481183681484,1563.5663743134533,1153.2809058151158,1479.0559640375152,3956.516021888425,4334.907376543808,3674.6389737468585,4103.887034844463,3311.912564410342,3944.0832878195124,3147.805626232792,3927.8933385424516
1966-06-25,1257.1034932225575,1479.0559640375152,1109.1007991593094,1407.5209389523047,3767.2342287035735,4103.887034844463,3491.794235357229,3944.0832878195124,3154.8529492960542,3927.8933385424516,3007.148443070893,3741.299484459657
1966-06-26,1201.9986398733563,1407.5209389523047,1062.9559265202124,1344.602149421258,3582.6336321888634,3944.0832878195124,3319.4284701059796,3927.8933385424516,3011.404360428693,3741.299484459657,2872.6015219851615,3654.835062608534
1966-06-27,1149.8914052897815,1344.602149421258,1019.9783959825663,1298.3441382808883,3422.106199794266,3927.8933385424516,3181.02074570056,3741.299484459657,2895.4101288127827,3654.835062608534,2766.039984267,3574.6748819233003
1966-06-28,1106.3955233613392,1298.3441382808883,985.2906176166647,1271.021617452192,3411.0947265098666,3741.299484459657,3178.4644425951833,3654.835062608534,2903.5025502795907,3574.6748819233003,2782.505504993738,3396.964557871668
1966-06-29,1069.895419607232,1271.021617452192,949.7854994449133,1204.980900414246,3260.1907230471393,3654.835062608534,3038.638216139151,3574.6748819233003,2776.7862783318337,3396.964557871668,2657.0312612716343,3269.2597383754805
1966-06-30,1042.4659075172415,1204.980900414246,923.2177392053907,1124.599266090936,3181.4670692455784,3574.6748819233003,2986.6210548300555,3396.964557871668,2724.6215374146195,3269.2597383754805,2605.846083750861,3105.938855127184
1966-07-01,994.3184878561487,1124.599266090936,882.6001090303621,1109.633332980935,3131.6357633671005,3396.964557871668,2901.206202996791,3269.2597383754805,2656.821168582084,3105.938855127184,2545.6610482743,3020.703048635529
1966-07-02,953.637905622683,1109.633332980935,847.3226278535915,1066.0005486317982,2949.3836188042787,3269.2597383754805,2743.8829518013954,3105.938855127184,2513.334165659913,3020.703048635529,2407.469046083058,2923.3727802726135
1966-07-03,917.9329251133738,1066.0005486317982,816.3650757524765,1026.8119540897542,2847.6138791658786,3105.938855127184,2654.9649021548444,3020.703048635529,2434.3901400703953,2923.3727802726135,2333.2870336065002,3470.2479914750893
1966-07-04,884.4741073708701,1026.8119540897542,787.4217289790332,987.8165899053107,2737.03021995323,3020.703048635529,2553.627639429946,2923.3727802726135,2343.141208208034,3470.2479914750893,2246.5352667820334,3807.5831343673462
1966-07-05,854.2160124058277,987.8165899053107,761.0749605787439,952.0737507442147,2649.790658999654,2923.3727802726135,2481.430888104046,3470.2479914750893,2280.398669809576,3807.5831343673462,2187.9236549759203,2879.404559281128
1966-07-06,825.7290791048554,952.0737507442147,725.8981029934965,916.6478578921104,2566.171477000698,3470.2479914750893,2398.569529542575,3807.5831343673462,2205.629423976688,2879.404559281128,2106.2054828009555,2640.5147337612143
1966-07-07,786.0335844834775,916.6478578921104,700.0873655197394,874.6915144600387,2977.6062290982472,3807.5831343673462,2752.129151255461,2879.404559281128,2551.8105509058605,2640.5147337612143,2467.239932255268,2557.067798818821
1966-07-08,761.2436655312251,874.6915144600387,673.5991496896382,831.4999024294498,3219.9194544292104,2879.404559281128,2969.431864002202,2640.5147337612143,2777.2479718896016,2557.067798818821,2691.6096188050833,2503.928560571264
1966-07-09,726.0807638307074,831.4999024294498,651.8096799165692,813.4434638444452,2497.9608525005433,2640.5147337612143,2317.0123150689524,2557.067798818821,2141.4185276959565,2503.928560571264,2067.9398532925516,2454.7103256354694
1966-07-10,701.4676136976852,813.4434638444452,637.0104059778333,809.9458441451359,2295.1830809117537,2557.067798818821,2130.298645766321,2503.928560571264,1977.9376097722125,2454.7103256354694,1914.2546395771506,2400.63928963109
1966-07-11,691.0686952969321,809.9458441451359,622.2554843067132,787.7482018968083,2218.0922647221455,2503.928560571264,2082.166468462087,2454.7103256354694,1938.4725991734822,2400.63928963109,1870.4090499886117,2557.9064405425547
1966-07-12,680.6880662645942,787.7482018968083,612.9127298533449,759.0010646817393,2178.0650434927256,2454.7103256354694,2058.152098979705,2400.63928963109,1908.9236113824818,2557.9064405425547,1841.9476174642878,2489.5326407495654
1966-07-13,664.2288527004598,759.0010646817393,595.8036472719508,743.5481066427141,2147.1268110777837,2400.63928963109,2014.5529739681765,2557.9064405425547,1871.5589371310998,2489.5326407495654,1803.8609199869165,2285.742671472229
1966-07-14,638.818525043617,743.5481066427141,571.9125831532123,713.3322201949684,2086.0701283502026,2557.9064405425547,1945.9429952332011,2489.5326407495654,1808.3645041576913,2285.742671472229,1742.250214619964,2233.784969524139
1966-07-15,621.7034038423224,713.3322201949684,553.6453620130615,691.3451727771408,2191.104627277751,2489.5326407495654,2049.5976782029857,2285.742671472229,1910.1460481249087,2233.784969524139,1843.2168391013738,2170.9266941282835
1966-07-16,594.5226073307315,691.3451727771408,530.723880443228,670.9248425842545,2142.7882574491646,2285.742671472229,1989.5305191546431,2233.784969524139,1855.6622801922445,2170.9266941282835,1792.9895126309475,2202.3954511575894
1966-07-17,575.1847105913331,670.9248425842545,514.658867970065,644.155356643973,1962.2568305821692,2233.784969524139,1834.862859534,2170.9266941282835,1707.0938468670874,2202.3954511575894,1647.4537157787781,2256.642254840267
1966-07-18,557.9279477203843,644.155356643973,500.0812515626068,628.4607776290599,1920.3452290305186,2170.9266941282835,1796.4205874939953,2202.3954511575894,1673.6839603615967,2256.642254840267,1616.7403711393008,2882.0265113391474
1966-07-19,532.9404513331167,628.4607776290599,478.00591167831624,605.4482262702968,1869.7987786623412,2202.3954511575894,1748.4127644283785,2256.642254840267,1628.1761442773404,2882.0265113391474,1573.987218765809,2314.3043536055247
1966-07-20,527.1059955573468,605.4482262702968,513.944995200692,589.643009718887,1883.2525885270252,2256.642254840267,1761.0941039270747,2882.0265113391474,1652.0129401670351,2314.3043536055247,1639.7408254072789,2052.4774223997074
1966-07-21,544.4090625978325,589.643009718887,486.2127494526941,575.9079206489923,1920.8439189057342,2882.0265113391474,1781.978864877387,2314.3043536055247,1715.1990427422622,2052.4774223997074,1658.1720220869124,1973.340959559701
1966-07-22,496.34897975691183,575.9079206489923,427.8604730488521,569.0230978557901,2390.8739725567234,2314.3043536055247,2207.355102048766,2052.4774223997074,2102.0512968282865,1973.340959559701,2035.513312977943,1894.1538907402562
1966-07-23,462.74352946926774,569.0230978557901,415.5960183392178,572.238253823554,1951.5888345879807,2052.4774223997074,1816.1861026100871,1973.340959559701,1699.1581731457234,1894.1538907402562,1653.4054237998826,1836.2128865421882
1966-07-24,466.71817475262026,572.238253823554,420.712176355265,556.9885422173624,1742.1300386103012,1973.340959559701,1636.6446311187947,1894.1538907402562,1533.987705135077,1836.2128865421882,1489.0190132615044,1846.4898018316007
1966-07-25,468.6920051772619,556.9885422173624,421.1478056549091,529.6572911099051,1680.977165604571,1894.1538907402562,1591.8658822537948,1836.2128865421882,1489.710371797467,1846.4898018316007,1443.1096833315787,1705.1778362643508
1966-07-26,456.262046276809,529.6572911099051,410.06221088261805,495.67231384552167,1625.7736889476892,1836.2128865421882,1523.9662615316915,1846.4898018316007,1426.4904382089494,1705.1778362643508,1381.1472733947146,1820.7753750392444
1966-07-27,438.3161400776564,495.67231384552167,389.99797924615257,451.220204963803,1559.8974718742083,1846.4898018316007,1451.1241510209588,1705.1778362643508,1364.9586728802678,1820.7753750392444,1317.4263247849449,1828.7374154306895
1966-07-28,411.41701751171763,451.220204963803,347.1436788678815,437.6689476459792,1549.4964384554287,1705.1778362643508,1442.7046504150399,1820.7753750392444,1362.1515409234441,1828.7374154306895,1298.6730663921476,1713.762334053073
1966-07-29,347.9063171057858,437.6689476459792,284.6689044370808,416.86610106016093,1435.2010562726855,1820.7753750392444,1317.6634042984042,1828.7374154306895,1219.1929239654291,1713.762334053073,1156.4926638529219,1643.9761586002708
1966-07-30,321.742788333617,416.86610106016093,316.8015351744632,433.6978466269984,1497.7299946597097,1828.7374154306895,1386.2779500913507,1713.762334053073,1282.1873877237163,1643.9761586002708,1278.1667048727845,1619.0153190804585
1966-07-31,355.38229775288454,433.6978466269984,322.5809426249779,431.42958176259435,1510.498553319062,1713.762334053073,1396.3364956641522,1643.9761586002708,1347.7633816540126,1619.0153190804585,1315.9907057600385,1587.409218306891
1966-08-01,348.32636179537826,431.42958176259435,343.8729899034312,441.40899732650973,1410.8514685836462,1643.9761586002708,1344.4557805882298,1619.0153190804585,1274.021062013991,1587.409218306891,1270.4624365898203,1575.515629626972
1966-08-02,372.4348183361192,441.40899732650973,345.18402252803,444.6096754920664,1387.9928782629702,1619.0153190804585,1306.771033855743,1587.409218306891,1264.2975030716102,1575.515629626972,1237.8875738214783,1531.7326953448342
1966-08-03,363.8370641102755,444.6096754920664,342.11129671974857,436.63858682741994,1350.815066281341,1587.409218306891,1285.2486636333965,1575.515629626972,1225.7283441281752,1531.7326953448342,1204.7964820061343,1496.5161220531668
1966-08-04,368.9364741286268,436.63858682741994,346.9846638979984,420.7416242723551,1335.1343526103578,1575.515629626972,1265.2028098615997,1531.7326953448342,1208.9174167527794,1496.5161220531668,1187.7293738740907,1474.4885613135548
1966-08-05,364.3734893024114,420.7416242723551,337.5900288510366,407.2285441005742,1318.6312408873155,1531.7326953448342,1239.2976395342184,1496.5161220531668,1187.6519062378175,1474.4885613135548,1161.6134881618023,1762.878749131302
1966-08-06,347.7241239041526,407.2285441005742,317.1647392778671,401.99625238060423,1271.7275050091469,1496.5161220531668,1188.0884181844904,1474.4885613135548,1137.1060880236823,1762.878749131302,1107.2335967487406,1852.8873673413214
1966-08-07,330.06294041076364,401.99625238060423,296.4874684185272,399.77791714669877,1231.774587988858,1474.4885613135548,1152.662739649404,1762.878749131302,1098.7427834330435,1852.8873673413214,1065.8218029131992,1495.270503209937
1966-08-08,317.93364076933585,399.77791714669877,285.6573453014409,397.46044656632574,1211.1061595719243,1762.878749131302,1140.8029803109914,1852.8873673413214,1081.0029155038255,1495.270503209937,1049.380754664914,1408.4096201160341
1966-08-09,312.23572911149915,397.46044656632574,283.12782294358726,375.63900776490294,1439.734919120207,1852.8873673413214,1348.7744557321553,1495.270503209937,1283.9304222800038,1408.4096201160341,1255.9448062342763,1381.2209468111614
1966-08-10,311.9514149430655,375.63900776490294,282.89099273338445,371.96549184630106,1511.6652436908548,1495.270503209937,1411.7868970372488,1408.4096201160341,1349.040766233568,1381.2209468111614,1321.2560734414003,1350.9182566412082
1966-08-11,295.2596279256272,371.96549184630106,245.2235320329208,341.95886329985575,1231.4885763746784,1408.4096201160341,1141.179990746596,1381.2209468111614,1087.3501229296571,1350.9182566412082,1038.05911126805,1312.0386135615909
1966-08-12,266.7037935745062,341.95886329985575,267.083085455341,348.62741193182575,1138.756623524021,1381.2209468111614,1073.4233262862458,1350.9182566412082,996.2638220867077,1312.0386135615909,997.2664437026199,658.636001634535
1966-08-13,286.8425961105935,348.62741193182575,261.3333227553325,341.1937848030251,1128.0477398509458,1350.9182566412082,1036.789606989134,1312.0386135615909,1010.7814643039429,658.636001634535,985.8950168962535,895.7845084195496
1966-08-14,271.5575505993786,341.1937848030251,269.47067081206364,335.77462973964055,1075.3391443831974,1312.0386135615909,1022.7464197912451,658.636001634535,976.0272103786801,895.7845084195496,974.5321141598524,1750.3944599902607
1966-08-15,285.2724357383189,335.77462973964055,268.98299085074075,332.0560739103099,1072.9047468222598,658.636001634535,1007.091084513455,895.7845084195496,982.4796663179591,1750.3944599902607,966.7762167430021,1968.5920729937395
1966-08-16,271.2918264995344,332.0560739103099,247.7482226765328,311.25907046211023,538.2522244333213,895.7845084195496,1166.0350661293244,1750.3944599902607,1130.4647361578413,1968.5920729937395,1097.4927126305224,2534.2482422679323
1966-08-17,274.0540992982507,311.25907046211023,247.26230044972093,316.14256940270633,1365.0776895218592,1750.3944599902607,2167.1437353231117,1968.5920729937395,1456.1712088381628,2534.2482422679323,1375.2127531406209,1727.364429595159
1966-08-18,237.03836888636758,316.14256940270633,214.45178755362087,320.24482464824644,2501.7575944671607,1968.5920729937395,969.6119993372083,2534.2482422679323,914.5845350429632,1727.364429595159,892.3259736982329,930.1888804802302
1966-08-19,237.03000597266146,320.24482464824644,210.5173141254921,301.9248106186565,498.5596863720181,2534.2482422679323,474.3907015694989,1727.364429595159,435.2275708906466,930.1888804802302,408.35792301610263,854.815583786401
1966-08-20,234.34192431852279,301.9248106186565,228.98498354964866,202.23835572019456,1993.9463168461,1727.364429595159,1834.6967327235088,930.1888804802302,1771.9409137416478,854.815583786401,1768.8441035325977,873.2231868540039
1966-08-21,237.82304003774948,202.23835572019456,207.44156568704378,186.32052502642858,1381.728637901313,930.1888804802302,1269.565077819248,854.815583786401,1238.3985152896346,873.2231868540039,1209.3115215082964,1021.9075729211105
1966-08-22,142.208180977638,186.32052502642858,95.92561771929186,286.1848146727064,735.2752211287511,854.815583786401,604.0367718594105,873.2231868540039,583.9521024747557,1021.9075729211105,537.7823372132049,863.7127377228435
1966-08-23,241.42872499036025,286.1848146727064,111.40968223145623,256.9517476784506,580.5740782640423,873.2231868540039,539.1551064227483,1021.9075729211105,635.6073254136783,863.7127377228435,505.6025581302232,831.3035413865225
1966-08-24,105.52621684770342,256.9517476784506,412.10816967745825,456.90562641840415,657.0647363258452,1021.9075729211105,720.3543882582393,863.7127377228435,580.7339833144367,831.3035413865225,887.5103940911641,1318.297986341588
1966-08-25,487.99804401418965,456.90562641840415,466.4675464974998,450.44981201965146,884.3732179055646,863.7127377228435,807.4412879323035,831.3035413865225,1079.1108121886093,1318.297986341588,1058.0188085498783,1292.5406901117167
1966-08-26,403.5167206684643,450.44981201965146,288.8235177174037,376.9116562185698,652.3935874999347,831.3035413865225,823.7341903578526,1318.297986341588,813.4746553762595,1292.5406901117167,698.8618173663526,1118.9453927093318
1966-08-27,289.15058874887967,376.9116562185698,278.12423264455066,520.3728921942741,845.7627645685404,1318.297986341588,810.9456706443133,1292.5406901117167,693.5986908356183,1118.9453927093318,682.6490756884823,1091.8567772484869
1966-08-28,309.84387363078747,520.3728921942741,324.1320898400348,560.7783264033275,1064.7148502667892,1292.5406901117167,941.8355312081633,1118.9453927093318,917.0868866609584,1091.8567772484869,931.8686083377993,1141.8777092349042
1966-08-29,433.6280715692063,560.7783264033275,389.3666465099804,476.61332889481133,978.0710692814232,1118.9453927093318,1073.2460477853024,1091.8567772484869,1029.5933766472604,1141.8777092349042,985.8087918298656,1160.429187874096
1966-08-30,431.1497939472928,476.61332889481133,362.21911272142574,412.4707347469357,1041.3685321151613,1091.8567772484869,1040.978010869614,1141.8777092349042,955.8639900874455,1160.429187874096,887.2701703585726,1096.530534740511
1966-08-31,348.048630565966,412.4707347469357,290.780661054098,389.34489974267325,943.9628690052025,1141.8777092349042,831.7265856558705,1160.429187874096,749.4658125644376,1096.530534740511,692.2955950705388,1688.8956567279597
1966-09-01,293.314872016526,389.34489974267325,244.74770418134665,334.00268648779206,864.4576992258314,1160.429187874096,771.4008002959224,1096.530534740511,699.2950820498638,1688.8956567279597,650.8410498422666,1642.3455734987076
1966-09-02,269.78765932334636,334.00268648779206,227.74533322885281,335.3279356833207,880.612071524258,1096.530534740511,821.4888304895012,1688.8956567279597,748.6012377615223,1642.3455734987076,706.8225700936874,1301.3483920134186
1966-09-03,227.79545800572282,335.3279356833207,152.54537324986364,303.72453966588034,863.2546472445856,1688.8956567279597,772.2064433559403,1642.3455734987076,713.2116578978372,1301.3483920134186,638.2408173131852,1191.2507505952167
1966-09-04,199.48344203351007,303.72453966588034,194.51840024501348,286.7132009996505,1284.3005948412736,1642.3455734987076,1230.5122503642347,1301.3483920134186,1137.3620362603874,1191.2507505952167,1133.3029379883246,1182.0538442593975
1966-09-05,224.89127338996337,286.7132009996505,210.26005252957304,283.01983250481896,1324.5497888457503,1301.3483920134186,1205.64133711451,1191.2507505952167,1155.1265296767542,1182.0538442593975,1141.1283126550713,1161.4643134208682
1966-09-06,206.79594278567168,283.01983250481896,191.73327890341966,268.93240860635154,1007.0031980047725,1191.2507505952167,908.4837525899793,1182.0538442593975,873.7739907787031,1161.4643134208682,859.3887809814628,1111.5158029021818
1966-09-07,201.35748865563457,268.93240860635154,187.10468956437165,238.0889425371883,902.6102641998343,1182.0538442593975,847.1443952234367,1161.4643134208682,813.1293097353453,1111.5158029021818,799.443055523598,1076.174517001747
1966-09-08,190.94695824927578,238.0889425371883,186.1796156521997,219.20896938214736,914.8421814170176,1161.4643134208682,848.633628001067,1111.5158029021818,818.6291164980536,1076.174517001747,814.4656971427457,1053.4301580085921
1966-09-09,176.43809429631185,219.20896938214736,170.3764171222338,211.1016312051837,886.8909146722497,1111.5158029021818,804.9462526340673,1076.174517001747,792.0839868968623,1053.4301580085921,786.6057322953701,1028.034713506689
1966-09-10,158.98097192488598,211.1016312051837,154.59850807421495,206.55460114447837,826.60729842675,1076.174517001747,759.5910724579815,1053.4301580085921,748.8913896924205,1028.034713506689,745.0430795891427,1009.0481308397268
1966-09-11,151.14297211703493,206.55460114447837,146.88623107232607,205.63890547577031,802.9546637441769,1053.4301580085921,747.2541354507965,1028.034713506689,737.1547809265189,1009.0481308397268,733.4283157204343,1063.79073500465
1966-09-12,146.03484495684023,205.63890547577031,141.35261348383153,206.6454245655558,791.0933728894506,1028.034713506689,739.1971007990852,1009.0481308397268,728.8855034254395,1063.79073500465,724.7314113018786,1050.31016648286
1966-09-13,143.57751861742938,206.6454245655558,138.14790521216244,206.851429684064,772.2220572750693,1009.0481308397268,725.0576789307928,1063.79073500465,713.8081546824905,1050.31016648286,708.8854466648615,986.4259050083899
1966-09-14,142.82979198728611,206.851429684064,137.1047855521743,206.24671540915017,759.1993137843286,1063.79073500465,715.1010349057403,1050.31016648286,702.6741481776099,986.4259050083899,697.4386918252022,956.3612999099287
1966-09-15,142.10408042179745,206.24671540915017,133.35011627386305,201.31609410147053,803.6979299422559,1050.31016648286,754.7421481999125,986.4259050083899,741.2250856284527,956.3612999099287,733.046551001968,920.9284731443905
1966-09-16,137.81506852225604,201.31609410147053,135.8247445225427,200.98975297346993,791.2997700194651,986.4259050083899,742.508582152655,956.3612999099287,725.8377175833732,920.9284731443905,724.4038989542682,908.0299481656934
1966-09-17,139.52827741907416,200.98975297346993,137.18915872492397,198.708673367779,739.135382829664,956.3612999099287,690.878776040279,920.9284731443905,681.6904146749122,908.0299481656934,679.8175514863389,925.0962336799697
1966-09-18,139.06622917805237,198.708673367779,135.85902579552783,195.98348169278236,708.9957036335009,920.9284731443905,667.889326852419,908.0299481656934,659.0129866396371,925.0962336799697,656.229995686661,932.8699025030286
1966-09-19,136.26210117890605,195.98348169278236,133.9563397197231,184.01112816250367,683.490396860765,908.0299481656934,642.6636581514027,925.0962336799697,633.7676871010624,932.8699025030286,631.8439167497154,907.9958660060186
1966-09-20,134.39999736891065,184.01112816250367,132.53570995004156,183.4092017229331,669.9830748938482,925.0962336799697,629.5369221485764,932.8699025030286,621.9724059930027,907.9958660060186,620.4743934601281,1059.8318287339926
1966-09-21,123.91034370115243,183.4092017229331,111.16051837815711,165.86710619340073,683.7531611426471,932.8699025030286,645.1239265900542,907.9958660060186,639.0406167332544,1059.8318287339926,626.5947748402172,1317.49722374245
1966-09-22,114.52118163011066,165.86710619340073,109.34619366919142,161.5608255662628,689.4637330773836,907.9958660060186,660.6504904328601,1059.8318287339926,644.2006063922664,1317.49722374245,639.1578205113091,1194.3375681946293
1966-09-23,102.64722909344191,161.5608255662628,86.59057458755298,145.85129507293397,681.090142379351,1059.8318287339926,633.3031273083582,1317.49722374245,624.4117254038699,1194.3375681946293,608.5941602831628,1127.695505173779
1966-09-24,86.4831603164435,145.85129507293397,82.74282274580641,142.30109268736814,779.2776161858342,1317.49722374245,734.586220924652,1194.3375681946293,711.3223636444579,1127.695505173779,707.756077397382,1117.9207355661367
1966-09-25,82.88045793647383,142.30109268736814,82.12529191142082,141.95150774815625,992.4557271041015,1194.3375681946293,903.7326056634538,1127.695505173779,892.7513801966631,1117.9207355661367,892.8306349535147,1082.4991294880588
1966-09-26,82.35761055125313,141.95150774815625,82.48682801252885,142.30274954091183,887.3650842623475,1127.695505173779,818.3389130373696,1117.9207355661367,811.1068875731586,1082.4991294880588,811.8848071542081,1031.2341075681775
1966-09-27,82.69042913080932,142.30274954091183,90.2625997933252,150.23883895468566,840.0348988679305,1117.9207355661367,778.7151222879545,1082.4991294880588,772.9033799339288,1031.2341075681775,781.1140548248775,719.6086755296059
1966-09-28,90.54442760621698,150.23883895468566,98.64940024134972,158.56195184854136,820.9962662893863,1082.4991294880588,765.0713813628902,1031.2341075681775,767.0543904444341,719.6086755296059,775.7780596895144,354.4697719650062
1966-09-29,98.86424472851304,158.56195184854136,97.82284862884714,158.0585077721795,807.1191540803784,1031.2341075681775,759.3357016946476,719.6086755296059,761.778852472693,354.4697719650062,761.3426870139934,566.4094382659652
1966-09-30,98.11320784405152,158.0585077721795,98.2853108048925,158.83491224998704,772.4539330518594,719.6086755296059,732.2379736684924,354.4697719650062,726.1573266822506,566.4094382659652,726.852972792644,630.7847170109551
1966-10-01,99.44344471751452,158.83491224998704,79.84911589682059,142.8661447406951,517.5988015981756,354.4697719650062,536.3449458868245,566.4094382659652,534.5337044943728,630.7847170109551,514.7644017599836,683.9458512554495
1966-10-02,83.05213059497758,142.8661447406951,80.41903224794505,139.2068942209351,262.38484401789765,566.4094382659652,283.76779560526694,630.7847170109551,265.51453305996773,683.9458512554495,261.9541880415946,767.9461736749529
1966-10-03,79.72421349597856,139.2068942209351,79.38781796342926,138.95825640096126,419.7117441432472,630.7847170109551,365.7772973750762,683.9458512554495,360.3323678175303,767.9461736749529,359.50721274862974,838.577556447244
1966-10-04,79.41055916250974,138.95825640096126,207.2131640607157,266.80302559364725,411.71703605591307,683.9458512554495,390.5863704511609,767.9461736749529,387.81186678362957,838.577556447244,515.1698583808177,841.6974073149436
1966-10-05,207.70652123502597,266.80302559364725,217.36163056446765,276.5133453196489,468.74580249539764,767.9461736749529,445.1999297309546,838.577556447244,570.2830417765504,841.6974073149436,579.617899876908,804.9739360568032
1966-10-06,217.51919729679832,276.5133453196489,356.94775199535576,416.0855968390024,550.018248398213,838.577556447244,647.7970705128955,841.6974073149436,653.0730123064363,804.9739360568032,792.2702484872177,952.2214005290733
1966-10-07,357.2822139278758,416.0855968390024,374.0186400260716,432.8254459716475,734.3509383250467,841.6974073149436,707.1450381335983,804.9739360568032,843.1917998089789,952.2214005290733,860.0044228284318,990.9301214660259
1966-10-08,374.5294865425656,432.8254459716475,333.991865682,392.5227388442682,629.8702643118747,804.9739360568032,747.6841195169659,952.2214005290733,760.5213957847212,990.9301214660259,719.6595117177401,955.3882101217621
1966-10-09,334.2807818960565,392.5227388442682,291.27027992309877,471.8795634828738,747.1135657622845,952.2214005290733,735.3375543074922,990.9301214660259,692.0663908826817,955.3882101217621,648.8527083926292,946.9339430986984
1966-10-10,291.0178310861441,471.8795634828738,228.56792450187743,414.2012355882486,761.4428373361508,990.9301214660259,709.3001648559809,955.3882101217621,663.3851177823658,946.9339430986984,600.7890476602382,909.2503090631922
1966-10-11,323.9319388515028,414.2012355882486,279.2955832767003,374.0134878495516,741.8676835171799,955.3882101217621,800.4978116365169,946.9339430986984,706.3781881182881,909.2503090631922,661.4935433864484,911.4072173951837
1966-10-12,294.5217984396904,374.0134878495516,269.66182336824687,336.8273992731741,832.4766793769952,946.9339430986984,749.324484157219,909.2503090631922,684.2432627274013,911.4072173951837,659.2940257033852,915.8005942787075
1966-10-13,279.12800088206916,336.8273992731741,273.253021707002,321.2509169552974,701.4706593477129,909.2503090631922,640.0373215605341,911.4072173951837,600.1386232426694,915.8005942787075,594.0901444088103,1032.6289453881
1966-10-14,268.69725278244476,321.2509169552974,265.67535008701407,303.279879531562,674.2381050767317,911.4072173951837,618.7337347382921,915.8005942787075,604.9230775937516,1032.6289453881,601.7409726934318,1208.7536749609844
1966-10-15,259.4910180292085,303.279879531562,261.0474849998481,294.4307905248927,662.0173591026021,915.8005942787075,624.7525853398207,1032.6289453881,616.8044360179497,1208.7536749609844,618.261521683582,2488.993874723736
1966-10-16,249.88552325934188,294.4307905248927,235.77181581310876,278.52695034702236,692.594767594228,1032.6289453881,658.8933596661341,1208.7536749609844,658.3655141046437,2488.993874723736,644.1835552302591,3131.8836910847153
1966-10-17,227.8825999628375,278.52695034702236,230.91285747570177,275.30611576518976,790.6155206534296,1208.7536749609844,751.1177496414152,2488.993874723736,735.8765177735013,3131.8836910847153,739.0169022372861,2275.332495480741
1966-10-18,227.13032135525364,275.30611576518976,229.54278484914562,276.3641741495534,920.2167680992718,2488.993874723736,857.5932179608415,3131.8836910847153,855.0667599206797,2275.332495480741,857.744203280234,2597.4735003703104
1966-10-19,231.0677440877617,276.3641741495534,175.77912741666592,224.9807647593247,1944.434912808625,3131.8836910847153,1836.1636082617242,2275.332495480741,1827.5872476478203,2597.4735003703104,1774.161703586181,2320.061143102613
1966-10-20,173.7900233385063,224.9807647593247,113.02475582187853,185.94596201990026,2487.2336067459173,2275.332495480741,2337.9446604492086,2597.4735003703104,2256.4000613017442,2320.061143102613,2198.1290613461438,2196.4976748659333
1966-10-21,110.13184674399757,185.94596201990026,131.84749797038268,183.7720020501996,1856.4498790326948,2597.4735003703104,1672.1638875818267,2320.061143102613,1585.2960265867296,2196.4976748659333,1607.426249269647,2076.9831583451055
1966-10-22,154.4154621055378,183.7720020501996,141.3928957435699,189.5631211541745,1996.3369254754111,2320.061143102613,1797.9883342514745,2196.4976748659333,1791.2190746744996,2076.9831583451055,1778.8019353301925,1926.826495246793
1966-10-23,129.9473198083604,189.5631211541745,151.20753436929942,200.19789556063958,1847.0703390990998,2196.4976748659333,1687.7678926341932,2076.9831583451055,1656.534619195794,1926.826495246793,1678.2690067991698,1798.0149647222504
1966-10-24,166.2192351286411,200.19789556063958,210.26709879397995,246.1303251468196,1740.5874603109278,2076.9831583451055,1604.0930750700907,1926.826495246793,1605.3581904989237,1798.0149647222504,1650.0635730403733,1757.4830141935952
1966-10-25,202.5052501839043,246.1303251468196,250.60635840038702,295.4515263405378,1666.8585401792134,1926.826495246793,1540.7171134880628,1798.0149647222504,1564.639527500524,1757.4830141935952,1613.268845261952,1685.4184593747368
1966-10-26,251.26418029403325,295.4515263405378,277.24948201991265,322.2257037323924,1523.981053198835,1798.0149647222504,1450.045790222871,1757.4830141935952,1481.8598772915805,1685.4184593747368,1508.3629260813445,1648.8359934702798
1966-10-27,278.81934016282054,322.2257037323924,297.0677414993109,359.21850370654647,1471.511068299973,1757.4830141935952,1407.9011703911399,1685.4184593747368,1420.550893972433,1648.8359934702798,1439.3815380552624,1597.6786845918796
1966-10-28,298.35896563063363,359.21850370654647,309.60495445692516,395.56419515259824,1436.515627843913,1685.4184593747368,1368.0702213547224,1648.8359934702798,1372.3355135437805,1597.6786845918796,1383.9410455286097,1601.6007747585184
1966-10-29,325.1326691103955,395.56419515259824,326.6900726378103,418.24174856398025,1396.2208998139884,1648.8359934702798,1338.7169557183254,1597.6786845918796,1335.8043260266659,1601.6007747585184,1337.9424102216528,1547.1420014127602
1966-10-30,346.9415801683316,418.24174856398025,342.21919017541063,427.09974883338145,1366.053513298412,1597.6786845918796,1326.7774226567728,1601.6007747585184,1308.4560615249877,1547.1420014127602,1304.0911747611708,1185.6457164637113
1966-10-31,361.96341178888696,427.09974883338145,355.1632079434965,427.3161606947145,1363.816999476469,1601.6007747585184,1310.0441764762654,1547.1420014127602,1284.3193621645664,1185.6457164637113,1277.7492284929021,1291.2261139336335
1966-11-01,370.317239896794,427.3161606947145,360.8019677906377,363.22433700643955,1345.0268415305582,1547.1420014127602,1275.0440098261506,1185.6457164637113,1248.8873474609763,1291.2261139336335,1239.6104555419292,1858.2365418939858
1966-11-02,369.5442689504109,363.22433700643955,356.89510361065174,382.9202011568488,1306.4666978922298,1185.6457164637113,1240.1246076470193,1291.2261139336335,1215.542796149145,1858.2365418939858,1203.4418991375987,2259.170151059665
1966-11-03,359.36354616842334,382.9202011568488,155.29045934261572,221.60197795236408,1038.5703433234023,1291.2261139336335,1125.0504003115882,1858.2365418939858,1159.9801717465477,2259.170151059665,954.7320179390163,2087.591255189441
1966-11-04,129.79499945569933,221.60197795236408,195.80927270507374,294.1325363633828,1217.0953078743646,1858.2365418939858,1267.0371822461068,2259.170151059665,998.6097518859311,2087.591255189441,1060.5579183669188,2155.083213824702
1966-11-05,249.52729176328432,294.1325363633828,168.62238410332614,338.39880823537095,1686.722238282458,2259.170151059665,1441.2120711074185,2087.591255189441,1454.7127273429126,2155.083213824702,1369.9293510843509,2050.7617532433287
1966-11-06,188.5347809815901,338.39880823537095,171.06551630432472,269.09464041488155,1755.8495979745778,2087.591255189441,1709.2098580272507,2155.083213824702,1601.2295958181176,2050.7617532433287,1581.223126623241,1861.6034878828013
1966-11-07,256.9626941253879,269.09464041488155,307.022441325631,248.82447052606327,1803.6559406358697,2155.083213824702,1714.156964822856,2050.7617532433287,1625.3459223797392,1861.6034878828013,1672.924790490505,1589.8955468867337
1966-11-08,280.22376540836086,248.82447052606327,333.1330383414505,328.2935836255205,1845.8167637544348,2050.7617532433287,1628.1973588715496,1861.6034878828013,1638.9411855391024,1589.8955468867337,1690.2170786536217,1724.12062068045
1966-11-09,302.8654714589792,328.2935836255205,302.6730217837405,325.6748935395814,1627.4995740430563,1861.6034878828013,1492.0210076529183,1589.8955468867337,1549.7019183587354,1724.12062068045,1547.9808475412328,2062.0963724184294
1966-11-10,304.491369450643,325.6748935395814,340.8748646441353,376.0689270264389,1548.1749642325808,1589.8955468867337,1524.8609872479342,1724.12062068045,1505.2831449837684,2062.0963724184294,1540.7640012734878,2100.488134911224
1966-11-11,362.3109641616548,376.0689270264389,153.0991186388938,269.8292695991536,1417.4079995577472,1724.12062068045,1420.7539000556694,2062.0963724184294,1445.0873948397827,2100.488134911224,1233.0719551797956,1836.5987594529397
1966-11-12,153.40455649838208,269.8292695991536,227.34028849290442,311.3349499655851,1569.568617649678,2062.0963724184294,1532.7755224097614,2100.488134911224,1289.199130631424,1836.5987594529397,1360.5022723278105,1843.000820846277
1966-11-13,309.55348378662814,311.3349499655851,390.92087238748167,389.7438546409253,1799.6299088427456,2100.488134911224,1566.9423659955692,1836.5987594529397,1592.395065873448,1843.000820846277,1672.0645479436048,1857.3142656337589
1966-11-14,378.9299578281059,389.7438546409253,534.5313692265494,547.1042668331585,1669.6614877904633,1836.5987594529397,1586.2043289130615,1843.000820846277,1642.296188825421,1857.3142656337589,1796.4949768950814,2050.8062561615143
1966-11-15,532.1742552794443,547.1042668331585,646.924745032167,738.1346883918595,1603.907478916121,1843.000820846277,1574.537292530898,1857.3142656337589,1713.229979976481,2050.8062561615143,1826.8345607238994,2232.0490919712192
1966-11-16,646.3105661807997,738.1346883918595,687.3942112045432,870.6366378028515,1634.8670731114253,1857.3142656337589,1693.1434211021358,2050.8062561615143,1788.9041158789796,2232.0490919712192,1828.8208266361398,2282.1522183955076
1966-11-17,743.3788455809312,870.6366378028515,735.0401598844344,932.906585539579,1764.6200415267476,2050.8062561615143,1865.0610172836814,2232.0490919712192,1867.2406042548284,2282.1522183955076,1857.7708115473288,2360.724618602942
1966-11-18,808.7698196558749,932.906585539579,708.6621418531515,881.6299764865514,1964.7715930891136,2232.0490919712192,2007.2268549726982,2282.1522183955076,1943.3343135943655,2360.724618602942,1842.2671574535425,2324.6442057748395
1966-11-19,770.83413259589,881.6299764865514,756.5691570246445,900.7142375914102,2090.9425536231392,2282.1522183955076,2064.211248650334,2360.724618602942,1896.0538805060332,2324.6442057748395,1880.7793419771906,2450.0605796846157
1966-11-20,801.4030649655489,900.7142375914102,750.3158504074976,877.2194321852995,2111.8489456516345,2360.724618602942,1964.4551781259222,2324.6442057748395,1881.9665751894959,2450.0605796846157,1829.999337114271,2468.990729465262
1966-11-21,790.4652764458717,877.2194321852995,735.5477449440884,850.2064496007685,2041.2055376795695,2324.6442057748395,1969.2796479883639,2450.0605796846157,1858.603087884147,2468.990729465262,1802.8884442864533,2491.38729987773
1966-11-22,768.0486824137348,850.2064496007685,719.4130929784844,816.1091676234671,2091.9862330134283,2450.0605796846157,1975.4484047609146,2468.990729465262,1866.7020873569074,2491.38729987773,1817.50366105062,2464.212522475177
1966-11-23,749.6635486387595,816.1091676234671,699.4498409476508,791.525090162643,2131.3774837196365,2468.990729465262,2006.522847555117,2491.38729987773,1905.375376858377,2464.212522475177,1854.8117867345932,2426.477594567708
1966-11-24,721.2047579715188,791.525090162643,681.2547185575048,804.169825965691,2159.334805598466,2491.38729987773,2024.859420178137,2464.212522475177,1927.6445803661263,2426.477594567708,1887.418124446808,2276.782923663455
1966-11-25,701.6348142943717,804.169825965691,656.5185902113963,768.0147315217741,2149.1762856445557,2464.212522475177,2016.5094242880118,2426.477594567708,1924.8004597005051,2276.782923663455,1879.5617039637502,2521.075923934125
1966-11-26,714.8322372153434,768.0147315217741,647.5392078784249,668.322896528979,2146.3112101216107,2426.477594567708,2060.5334824360716,2276.782923663455,1967.7178042835467,2521.075923934125,1900.1414670659346,2328.861711898187
1966-11-27,656.6566887244837,668.322896528979,646.9367182130427,656.6338432796633,2139.880937145218,2276.782923663455,2000.0989371521473,2521.075923934125,1883.1517851989058,2328.861711898187,1873.1697691165302,3297.859653928662
1966-11-28,664.212352785401,656.6338432796633,586.1902087869688,781.2206788750905,2007.2612084283487,2521.075923934125,1886.9660459360232,2328.861711898187,1889.4559201822426,3297.859653928662,1811.4511174086101,3495.1393440718603
1966-11-29,681.115089869939,781.2206788750905,438.7012684558,641.5495097287865,2162.8916071108533,2328.861711898187,2225.944828059119,3297.859653928662,2200.4690279047845,3495.1393440718603,1954.4218475745306,3384.729525125459
1966-11-30,500.6127054653464,641.5495097287865,563.0427547931702,571.8360274904021,2243.3754590063045,3297.859653928662,2377.0918018124726,3495.1393440718603,2017.358215630598,3384.729525125459,2074.1863063602023,3505.7720203041536
1966-12-01,653.2644251612309,571.8360274904021,596.8158070445064,591.1066383511086,3078.8195633711402,3495.1393440718603,2771.0003664617852,3384.729525125459,2690.676941809209,3505.7720203041536,2628.8077998873896,3357.6362877299716
1966-12-02,520.4636736653608,591.1066383511086,615.1579759182075,713.9355864090976,2894.7058208168582,3384.729525125459,2587.2217974656296,3505.7720203041536,2463.408247451395,3357.6362877299716,2554.1681120124576,3245.1940493497186
1966-12-03,658.8098911991509,713.9355864090976,740.5127458083953,834.7170388938994,2807.9069012847185,3505.7720203041536,2604.6197824483684,3357.6362877299716,2616.641692284804,3245.1940493497186,2695.646616251199,3149.363380158924
1966-12-04,773.8333873056198,834.7170388938994,820.9654163682156,950.3575835609904,2945.480331110925,3357.6362877299716,2841.5639616711096,3245.1940493497186,2846.9552066485685,3149.363380158924,2892.212830600386,2996.0671885245442
1966-12-05,853.3450455940642,950.3575835609904,849.992821562625,1027.7856016641836,2942.0305953629986,3245.1940493497186,2843.8576532053767,3149.363380158924,2814.5486507197766,2996.0671885245442,2809.7493187979962,2954.8529259146044
1966-12-06,907.6801585323037,1027.7856016641836,858.8321124489454,961.8819228061443,2873.4427664368623,3149.363380158924,2812.0796133875365,2996.0671885245442,2728.197533239134,2954.8529259146044,2678.0230860279,3060.236440833496
1966-12-07,935.1515371184762,961.8819228061443,825.1375544476643,884.4433428356017,2838.7488851825983,2996.0671885245442,2755.365235559716,2954.8529259146044,2619.791351458494,3060.236440833496,2508.0268449695723,2592.6961686640566
1966-12-08,839.0119637388952,884.4433428356017,686.1239888952307,864.8016465796293,2706.536542692478,2954.8529259146044,2518.3926905145427,3060.236440833496,2355.5629762166022,2592.6961686640566,2201.152705667549,2494.568453340261
1966-12-09,712.2293419641678,864.8016465796293,752.4243699547761,720.8645589993943,2591.707824854455,3060.236440833496,2374.133094314274,2592.6961686640566,2156.192294011856,2494.568453340261,2195.0225032532103,2855.646033363357
1966-12-10,848.3960587882052,720.8645589993943,844.0949433396942,752.6329908769904,2601.3188764019123,2592.6961686640566,2432.8807030545245,2494.568453340261,2382.949819869005,2855.646033363357,2377.770845404101,3302.1239986699793
1966-12-11,843.798949969838,752.6329908769904,513.6019347630986,690.3900037539887,2285.221693297747,2494.568453340261,2221.2467681052035,2855.646033363357,2307.6323779368686,3302.1239986699793,1974.401380508671,2789.2808678304077
1966-12-12,438.531948804767,690.3900037539887,759.4052117342828,721.633855815674,2265.2922776940095,2855.646033363357,2200.7665383487742,3302.1239986699793,1793.9089274924195,2789.2808678304077,2110.930805829867,3168.149536887482
1966-12-13,938.5648206775561,721.633855815674,1054.0064242585731,881.0066288388749,2887.8141707571936,3302.1239986699793,2620.9105044380935,2789.2808678304077,2796.8879228398046,3168.149536887482,2910.118523436187,3265.859809080393
1966-12-14,900.9542143372714,881.0066288388749,923.1829198490458,1232.980381947295,2790.600187216576,2789.2808678304077,2637.5880997682425,3168.149536887482,2751.0214943243577,3265.859809080393,2771.2592283464473,3211.4350260847423
1966-12-15,922.8999221450567,1232.980381947295,1014.7106327541837,1369.7278795341385,2469.4639640824234,3168.149536887482,2484.2595974507576,3265.859809080393,2465.821744849388,3211.4350260847423,2555.3876682580612,3415.030083244934
1966-12-16,1236.6122287452556,1369.7278795341385,1209.378656826522,1454.0426317599797,2895.705157798691,3265.859809080393,3076.158026424785,3211.4350260847423,3017.1694806303194,3415.030083244934,2988.239067574471,3736.5675989311817
1966-12-17,1286.7255962431577,1454.0426317599797,1218.66548137743,1472.7002961517492,3201.8534670885547,3211.4350260847423,3173.0639031094615,3415.030083244934,3030.4567227827333,3736.5675989311817,2960.776642559216,4151.959605629728
1966-12-18,1328.3456546240764,1472.7002961517492,1211.7670160067348,1409.9728573982313,3054.587423075467,3415.030083244934,3018.043823306102,3736.5675989311817,2845.215024417067,4151.959605629728,2727.168050406639,4147.991054559836
1966-12-19,1306.0965644265602,1409.9728573982313,1203.5084058857894,1363.13379923099,3171.5741174538084,3736.5675989311817,3093.8761591667944,4151.959605629728,2864.2406744720965,4147.991054559836,2759.364612106753,4099.811363622894
1966-12-20,1247.005408496626,1363.13379923099,1153.3333151708362,1319.842380086502,3403.4483398628017,4151.959605629728,3175.981947145309,4147.991054559836,2945.9698552714326,4099.811363622894,2850.4494596124573,3989.4598132272304
1966-12-21,1229.6334626663142,1319.842380086502,1135.5354259570493,1279.325527709255,3611.5754975008067,4147.991054559836,3388.0646081409086,4099.811363622894,3166.4961775648953,3989.4598132272304,3071.2916078318212,3861.5930283542275
1966-12-22,1197.9154032895979,1279.325527709255,1113.6917036949062,1245.6067859622544,3658.6819531380706,4099.811363622894,3404.858959643074,3989.4598132272304,3198.9214972692425,3861.5930283542275,3114.1764520426696,3710.397380731153
1966-12-23,1173.6685669798508,1245.6067859622544,1086.9855753364327,1245.4057920045702,3576.617352327512,3989.4598132272304,3342.5505969371034,3861.5930283542275,3151.0950640346673,3710.397380731153,3063.8219202367445,3669.981428507608
1966-12-24,1139.8794367451549,1245.4057920045702,1054.515525730108,1191.0277669315365,3494.341997393526,3861.5930283542275,3269.7119665732125,3710.397380731153,3078.7926592752247,3669.981428507608,2993.0116021907415,3531.942454469604
1966-12-25,1111.6721759447657,1191.0277669315365,1032.7244364105875,1166.1287797995628,3391.907504011386,3710.397380731153,3177.810465684138,3669.981428507608,2991.0515343551842,3531.942454469604,2911.6226895174796,3576.3262871884194
1966-12-26,1092.20228101508,1166.1287797995628,1013.7099135856902,1138.114631807782,3302.203658587514,3669.981428507608,3098.8856446432496,3531.942454469604,2918.996898036068,3576.3262871884194,2840.017817351343,3384.6873919712134
1966-12-27,1070.3099954668817,1138.114631807782,995.456689612923,1116.760890465734,3212.495233722243,3531.942454469604,3012.857607070401,3576.3262871884194,2838.2329436329064,3384.6873919712134,2762.960346237538,3347.356787683921
1966-12-28,1047.7309052976757,1116.760890465734,980.2862111935318,1104.3213891629039,3118.2753091301292,3576.3262871884194,2927.3004301436995,3384.6873919712134,2760.5690630640547,3347.356787683921,2692.7738427261615,3293.085225960669
1966-12-29,1033.5120046677505,1104.3213891629039,963.9368159906506,1091.5833095531586,3146.6059155206694,3384.6873919712134,2951.3621819036,3347.356787683921,2791.3672709204675,3293.085225960669,2721.5590632832036,3205.705616893735
1966-12-30,1017.9113966323242,1091.5833095531586,949.5635883772352,1074.049745759589,3021.9145311219618,3347.356787683921,2845.5426175240136,3293.085225960669,2686.575904573112,3205.705616893735,2618.036842877594,3199.0218335933987
1966-12-31,1005.7577430447901,1074.049745759589,938.230252616727,1055.3912336803821,2964.9813976533355,3293.085225960669,2796.8802087054873,3205.705616893735,2641.2461553592,3199.0218335933987,2573.579611686636,3130.49864743723
1967-01-01,992.9645646311592,1055.3912336803821,924.6935825793286,1039.1548564399457,2921.5449561900964,3205.705616893735,2753.586737909746,3199.0218335933987,2602.536385046779,3130.49864743723,2534.033652071565,3177.0642423162058
1967-01-02,974.7540169951776,1039.1548564399457,909.0927137891446,1024.46599299489,2873.5777836227744,3199.0218335933987,2706.67448683564,3130.49864743723,2555.260312556966,3177.0642423162058,2489.393702364385,3113.885304713628
1967-01-03,961.1219288207062,1024.46599299489,895.2384239373581,1010.0793884507873,2834.346951494932,3130.49864743723,2671.01766100897,3177.0642423162058,2523.2068542769157,3113.885304713628,2457.184033453321,3027.9186127016965
1967-01-04,947.050454995238,1010.0793884507873,883.5800200363284,996.8225066158261,2806.50038537029,3177.0642423162058,2646.850562086317,3113.885304713628,2500.3595070954843,3027.9186127016965,2436.7892965011097,3238.656664199123
1967-01-05,934.9280354446217,996.8225066158261,872.8984368953043,985.0382115191576,2813.50971492904,3113.885304713628,2651.310998792371,3027.9186127016965,2506.526653084544,3238.656664199123,2444.4300216708334,3363.1206731816073
1967-01-06,923.5936320566266,985.0382115191576,863.4236640398916,983.3027163515956,2760.497429355447,3027.9186127016965,2601.735531716055,3238.656664199123,2460.1737746076233,3363.1206731816073,2399.9361632702767,3576.9045638023626
1967-01-07,912.7074517717413,983.3027163515956,852.4330332212396,969.8519874265949,2716.5270099958125,3238.656664199123,2562.156290494853,3363.1206731816073,2422.8161949789883,3576.9045638023626,2362.5113909477095,3656.9518454240024
1967-01-08,918.0834330714302,969.8519874265949,853.1879929108094,947.2057130775286,2852.079624415339,3363.1206731816073,2703.173413126886,3576.9045638023626,2572.98542154965,3656.9518454240024,2508.54378593946,3567.0864376436484
1967-01-09,906.7525937440925,947.2057130775286,846.068143272631,942.9287117642154,2964.709152745597,3576.9045638023626,2798.140058370578,3656.9518454240024,2657.8002128451208,3567.0864376436484,2597.529516726602,3541.7471266115836
1967-01-10,886.1794839836433,942.9287117642154,823.8913951037503,930.055678237246,3151.124939761875,3656.9518454240024,2948.1857237978875,3567.0864376436484,2803.619475120303,3541.7471266115836,2742.0720944827954,3461.254122945603
1967-01-11,874.5132687859976,930.055678237246,815.598910510887,973.0373572805809,3177.040221726288,3567.0864376436484,2976.7110975636224,3541.7471266115836,2826.5445259953017,3461.254122945603,2768.356167430067,3437.773014104846
1967-01-12,865.4129083078657,973.0373572805809,808.1202816998164,978.2114193452285,3134.9576103136615,3541.7471266115836,2927.1803098360424,3461.254122945603,2783.4853594584497,3437.773014104846,2726.8534084750418,3520.518355950296
1967-01-13,854.7970643437801,978.2114193452285,798.8576495302534,978.0156409131107,3074.0876712754953,3461.254122945603,2870.352657580781,3437.773014104846,2730.3647899487464,3520.518355950296,2675.1218168114187,3478.2922844147233
1967-01-14,848.783752533041,978.0156409131107,793.7793661283981,978.7461563273685,3006.17160646504,3437.773014104846,2815.407931846063,3520.518355950296,2678.911181119131,3478.2922844147233,2624.6758096492554,3612.5412134283006
1967-01-15,852.3010735619428,978.7461563273685,795.4252517136101,896.3314290369376,2976.7334769172066,3520.518355950296,2798.4835133866964,3478.2922844147233,2667.9715356031306,3612.5412134283006,2611.9500736238697,3498.313092272156
1967-01-16,851.485908221264,896.3314290369376,794.1848078135432,963.394520342706,3012.188719546665,3478.2922844147233,2834.1032693827674,3612.5412134283006,2695.1054332306603,3498.313092272156,2638.551373669928,3473.109988382432
1967-01-17,835.0708368903935,963.394520342706,779.4974554735571,893.5459843557408,3010.4560225228033,3612.5412134283006,2809.937604498429,3498.313092272156,2669.840448937629,3473.109988382432,2615.1313496253997,3360.1320142065706
1967-01-18,832.6350065873092,893.5459843557408,775.4532311943171,885.8286044289162,3069.2287349341877,3498.313092272156,2872.015946711039,3473.109988382432,2734.301989002042,3360.1320142065706,2678.192817379814,3292.824141696209
1967-01-19,827.7005094023627,885.8286044289162,770.4572738266994,853.5692054911722,3041.919278806145,3473.109988382432,2849.25698240822,3360.1320142065706,2710.18717071617,3292.824141696209,2654.0268441257904,3265.401118175885
1967-01-20,821.4098273880913,853.5692054911722,763.7072185390824,883.7170071334456,2994.548690845511,3360.1320142065706,2799.8250146561145,3292.824141696209,2663.5267736610817,3265.401118175885,2606.855561595866,3221.313458494723
1967-01-21,815.2519748362968,883.7170071334456,757.2450600218439,930.964049488241,2924.650974929942,3292.824141696209,2739.1336284251984,3265.401118175885,2606.1221160225014,3221.313458494723,2549.242551887782,2776.253655736396
1967-01-22,833.1423498057338,930.964049488241,772.045948439677,725.0471897984344,2899.9705953895855,3265.401118175885,2739.9664016232846,3221.313458494723,2620.3258831456305,2776.253655736396,2560.394301218298,3516.6410409158616
1967-01-23,874.2728160655014,725.0471897984344,786.4380925829516,476.52388594093054,2895.962789514054,3221.313458494723,2765.9541554673533,2776.253655736396,2669.409090507562,3516.6410409158616,2582.7645932836385,7312.4664591206765
1967-01-24,971.6527963939334,476.52388594093054,747.7468655373121,892.9163285618648,2879.651650952628,2776.253655736396,2780.965110187939,3516.6410409158616,2904.7333314975185,7312.4664591206765,2680.544426713961,13225.833842695163
1967-01-25,978.2156379914511,892.9163285618648,807.3627443243602,900.6465990415312,2579.30351779012,3516.6410409158616,3106.6067181323974,7312.4664591206765,3128.7872379472133,13225.833842695163,2944.660731777,14885.507295397769
1967-01-26,1036.2930735226157,900.6465990415312,1029.2706491114182,1147.4288463797786,3840.8620774434876,7312.4664591206765,4345.46888093324,13225.833842695163,4181.714173632592,14885.507295397769,4151.596260648332,12321.030573949458
1967-01-27,914.2869294052723,1147.4288463797786,896.0315881376526,1420.2281561184427,7181.71033182754,13225.833842695163,6701.35303377229,14885.507295397769,6291.089673801259,12321.030573949458,6254.111230399466,10122.27538386659
1967-01-28,947.457219907621,1420.2281561184427,1217.7468128352548,1811.919145115126,10864.049301907755,14885.507295397769,9615.015891126937,12321.030573949458,9092.617570853821,10122.27538386659,9362.312808990539,9224.08952740998
1967-01-29,1382.1856266696077,1811.919145115126,2138.7573805370575,2630.596384073666,11806.252153765576,12321.030573949458,10563.625453065104,10122.27538386659,10345.524109282642,9224.08952740998,11109.525592383634,9245.629737858795
1967-01-30,2343.408469723217,2630.596384073666,2351.28211415936,3188.2967360546772,9947.61456202048,10122.27538386659,9342.791115580045,9224.08952740998,9688.47445313221,9245.629737858795,9702.429521212147,9157.604829551463
1967-01-31,2454.6953858622496,3188.2967360546772,2257.5794799111145,3079.7075972425164,8599.419089657054,9224.08952740998,8623.486624330311,9245.629737858795,8304.910638298234,9157.604829551463,8111.8694817842,9305.517880817382
1967-02-01,2629.2836332211687,3079.7075972425164,2275.87220328992,2959.3592436505805,8458.822754315786,9245.629737858795,8369.884203869446,9157.604829551463,7692.889563830238,9305.517880817382,7342.514330935981,9233.046070850607
1967-02-02,2490.0481726092667,2959.3592436505805,2141.400776502118,2650.511286306137,8426.601666596225,9157.604829551463,7767.401471276065,9305.517880817382,7077.6252739117335,9233.046070850607,6731.714505489071,8496.762157272773
1967-02-03,2338.7011492114016,2650.511286306137,2037.8171941664486,2490.8052927164154,7836.274150875199,9305.517880817382,7185.114793563764,9233.046070850607,6535.229686799667,8496.762157272773,6235.075937099459,7831.965798528667
1967-02-04,2116.1058862542936,2490.8052927164154,1851.0339105449805,2331.6502444238968,7859.484694122577,9233.046070850607,7090.35802397878,8496.762157272773,6447.860620798059,7831.965798528667,6185.006068673429,7247.405291811216
1967-02-05,1995.0088485424747,2331.6502444238968,1761.3969228535452,2186.098119216009,7616.734202586981,8496.762157272773,6922.597511153526,7831.965798528667,6335.046573072462,7247.405291811216,6104.2571984534525,6769.026596721167
1967-02-06,1885.9784867158417,2186.098119216009,1671.2260378222431,2152.547038506686,7121.590044392145,7831.965798528667,6463.3638730548555,7247.405291811216,5943.493148884028,6769.026596721167,5731.793009253154,6458.133807068331
1967-02-07,1782.4117705831104,2152.547038506686,1585.0671130064395,1972.4475966243217,6560.026966364566,7247.405291811216,5983.61208629499,6769.026596721167,5515.57414017907,6458.133807068331,5320.686776940389,6076.693083483102
1967-02-08,1700.6379041502264,1972.4475966243217,1518.431264763573,1894.1054155093004,6100.748591441166,6769.026596721167,5595.174068670561,6458.133807068331,5168.038875907584,6076.693083483102,4987.8571899556355,5778.779290965556
1967-02-09,1625.0907541557713,1894.1054155093004,1457.6083404531037,1824.7441826620457,5730.194761983395,6458.133807068331,5267.80642136393,6076.693083483102,4866.479256513337,5778.779290965556,4700.4682044632855,5712.9540503475855
1967-02-10,1568.5465152243148,1824.7441826620457,1412.552827558383,1771.4931672411376,5412.69498197497,6076.693083483102,4987.084731755767,5778.779290965556,4615.895091375351,5712.9540503475855,4461.421085272023,5372.788664048097
1967-02-11,1517.5933983299844,1771.4931672411376,1372.7021510808243,1812.0705934227215,5167.157805642939,5778.779290965556,4782.222949435945,5712.9540503475855,4432.5297298054675,5372.788664048097,4288.952933761817,5330.026758936243
1967-02-12,1477.5674890149478,1812.0705934227215,1340.0890034785104,1690.3297098206276,4937.249150865613,5712.9540503475855,4581.0522125369225,5372.788664048097,4248.027219035961,5330.026758936243,4111.7012357469375,5457.0244547535585
1967-02-13,1443.7676061471352,1690.3297098206276,1308.0098119690417,1662.130033659852,4877.706754121655,5372.788664048097,4537.086594811641,5330.026758936243,4215.577074340004,5457.0244547535585,4081.1024273532034,5692.573793142875
1967-02-14,1413.4964934488896,1662.130033659852,1279.8465601822584,1582.662694178166,4616.246863050919,5330.026758936243,4305.061011190591,5457.0244547535585,3995.0193671648844,5692.573793142875,3862.3277249059,6162.783701536882
1967-02-15,1440.9019100320909,1582.662694178166,1294.889545849795,1351.720753787239,4515.865398979355,5457.0244547535585,4239.0275916860255,5692.573793142875,3997.0955073001314,6162.783701536882,3852.973927525529,6182.97984217106
1967-02-16,1579.4763707480656,1351.720753787239,1315.065382709372,1608.418541073255,4700.135067091319,5692.573793142875,4442.245927587046,6162.783701536882,4401.43550170524,6182.97984217106,4138.231939923282,6106.236264252454
1967-02-17,1187.9852695914594,1608.418541073255,1031.682724922081,1565.2936916433116,4908.394821562861,6162.783701536882,4537.602729330046,6182.97984217106,4209.023678685545,6106.236264252454,4051.9062227498152,5841.807345488201
1967-02-18,1204.6793608302323,1565.2936916433116,1135.4346376668627,1529.7765750983694,5189.254556386444,6182.97984217106,4940.661910820432,6106.236264252454,4519.736087168973,5841.807345488201,4450.37213715942,5688.402926629465
1967-02-19,1299.5653050788333,1529.7765750983694,1237.4732624730332,1546.4426025170123,5427.38492748637,6106.236264252454,5081.436986026751,5841.807345488201,4720.80823791944,5688.402926629465,4659.2504194455905,5665.666576777543
1967-02-20,1314.6968173969535,1546.4426025170123,1358.4034244905574,1653.0050661987427,5198.714496712677,5841.807345488201,4795.003357295415,5688.402926629465,4501.917279920219,5665.666576777543,4546.073894737667,5563.830463469665
1967-02-21,1445.6423799227123,1653.0050661987427,1444.5470645539426,1892.0101454921005,4998.963931927005,5688.402926629465,4664.678105112917,5665.666576777543,4497.4842635135465,5563.830463469665,4496.89078807914,5518.056342803216
1967-02-22,1525.0032403799019,1892.0101454921005,1472.4273323012212,1904.484187163006,4884.293174970752,5665.666576777543,4657.629934738126,5563.830463469665,4469.6303937549455,5518.056342803216,4417.5471057976765,5316.217747894846
1967-02-23,1596.2128824481392,1904.484187163006,1479.5311741052292,1886.0571731979478,4978.0206868904115,5563.830463469665,4796.880821911534,5518.056342803216,4533.6701344037365,5316.217747894846,4417.745510639592,5186.615955225414
1967-02-24,1617.9076792858211,1886.0571731979478,1468.2946964591954,1905.9603461483878,4964.578496528344,5518.056342803216,4759.991053837548,5316.217747894846,4424.007777518197,5186.615955225414,4275.129537448698,5203.616884269012
1967-02-25,1605.2802273780676,1905.9603461483878,1440.3197522787661,1848.15215661578,4849.796701345955,5316.217747894846,4594.210166558709,5186.615955225414,4226.48431301054,5203.616884269012,4061.974305152373,5203.274949801417
1967-02-26,1568.934201833797,1848.15215661578,1410.2964686251908,1889.1956597013118,4707.112779339184,5186.615955225414,4421.6233284200025,5203.616884269012,4046.6868984608473,5203.274949801417,3888.409683875477,5183.265599111681
1967-02-27,1527.369265245699,1889.1956597013118,1371.7477129324402,1705.7365289665677,4594.796800844124,5203.616884269012,4284.304967755737,5203.274949801417,3929.442038149778,5183.265599111681,3774.2280524894627,4899.418582311033
1967-02-28,1485.1206862559588,1705.7365289665677,1335.0251002162677,1692.457681598816,4533.382157446477,5203.274949801417,4233.162865473267,5183.265599111681,3887.802295511424,4899.418582311033,3738.307065530229,4968.951720570894
1967-03-01,1442.6389271592357,1692.457681598816,1301.4635868677005,1626.3025455926781,4526.944658697375,5183.265599111681,4217.231539340835,4899.418582311033,3881.426090451184,4968.951720570894,3740.9494778724124,4979.187511095468
1967-03-02,1404.7099370838669,1626.3025455926781,1266.300753500762,1606.3504100741343,4427.492262165137,4899.418582311033,4120.492296838463,4968.951720570894,3802.754107782155,4979.187511095468,3665.0935397278918,5313.939909317451
1967-03-03,1390.0687550057758,1606.3504100741343,1255.7550702356198,1619.5202996237135,4343.33498859889,4968.951720570894,4071.0839335739083,4979.187511095468,3776.8868266612844,5313.939909317451,3643.847169093453,5822.460524182183
1967-03-04,1387.9973558021836,1619.5202996237135,1256.3018466475846,1734.76141609676,4338.956611589536,4979.187511095468,4091.868142922206,5313.939909317451,3802.601891751916,5822.460524182183,3671.5407286501004,6276.416385850483
1967-03-05,1337.6827146195328,1734.76141609676,1211.8047056924615,1581.2143897619667,4395.027969123982,5313.939909317451,4114.71966501589,5822.460524182183,3797.0933736109755,6276.416385850483,3671.9963429636928,6400.079960778862
1967-03-06,1350.7849668921256,1581.2143897619667,1219.2396833394664,1576.5929116798961,4637.18325596253,5822.460524182183,4370.247022029327,6276.416385850483,4045.613828300682,6400.079960778862,3915.694085790742,6831.948836953321
1967-03-07,1330.6067318492428,1576.5929116798961,1199.2541739279618,1543.801870930722,5030.9112852244425,6276.416385850483,4679.038077229188,6400.079960778862,4352.193239819945,6831.948836953321,4223.042443773184,8566.908771997701
1967-03-08,1300.8329950129691,1543.801870930722,1172.4888042025532,1562.6629461781504,5303.930009325731,6400.079960778862,4890.233129770164,6831.948836953321,4574.88848882185,8566.908771997701,4449.492628466663,9518.957138831083
1967-03-09,1276.6427078284307,1562.6629461781504,1154.0167051180586,1759.6283997715004,5433.095084072916,6831.948836953321,5016.4720023656,8566.908771997701,4711.195678945513,9518.957138831083,4592.1472209633,14784.199547931597
1967-03-10,1366.4067019709812,1759.6283997715004,1216.3503130037814,1722.6292117641772,5748.275681412423,8566.908771997701,5469.99168134515,9518.957138831083,5199.700228589074,14784.199547931597,5053.597684726226,14762.037963744655
1967-03-11,1704.3872939413868,1722.6292117641772,1425.9577444467361,2168.092986896817,7234.007926336397,9518.957138831083,7569.830710162277,14784.199547931597,7400.3328305708455,14762.037963744655,7113.334055862816,14106.729481788623
1967-03-12,1794.5458806797988,2168.092986896817,1470.0501712660575,2389.0270741829095,8808.252425061037,14784.199547931597,8938.90108319557,14762.037963744655,8503.659235394663,14106.729481788623,8155.0838107473855,16822.035118698786
1967-03-13,1764.292811628639,2389.0270741829095,1626.1045147059403,2225.284063303135,12841.981263145111,14762.037963744655,11836.975845486568,14106.729481788623,10962.596534051156,16822.035118698786,10816.183792431353,17280.600867232857
1967-03-14,2310.1201601595285,2225.284063303135,1893.7643258555622,3207.8839847872823,13038.34274568555,14106.729481788623,12151.771723435966,16822.035118698786,11724.722313459648,17280.600867232857,11307.950946250432,15176.993088534578
1967-03-15,2023.0900882495753,3207.8839847872823,1839.9963300697993,3400.711713400337,12097.191805033035,16822.035118698786,11415.770947781664,17280.600867232857,10637.05347864454,15176.993088534578,10438.81826571015,13146.938142212388
1967-03-16,2305.8601140244255,3400.711713400337,2322.021199651212,3588.06635741551,14186.304280053728,17280.600867232857,13442.297875084761,15176.993088534578,12118.88054348918,13146.938142212388,12134.257287530301,12018.20498607811
1967-03-17,2699.8217965567023,3588.06635741551,3000.1210324120375,4111.535692498797,14783.201375618115,15176.993088534578,13436.499899711791,13146.938142212388,12375.554386808679,12018.20498607811,12681.83762386131,11730.465196462745
1967-03-18,3272.53297065874,4111.535692498797,3282.5691672907365,4448.912565632162,12712.940488356371,13146.938142212388,11671.049918279847,12018.20498607811,11137.032390308803,11730.465196462745,11152.39980222267,11566.150235066272
1967-03-19,3575.8275382115826,4448.912565632162,3100.628871287663,4182.67544250714,11200.106081860644,12018.20498607811,10797.996158184897,11730.465196462745,10095.499481887744,11566.150235066272,9624.159145041172,11162.586158985961
1967-03-20,3373.581505593556,4182.67544250714,2885.1878742999634,3856.0856276630057,10734.179164506086,11730.465196462745,10206.24600892257,11566.150235066272,9096.641561444456,11162.586158985961,8611.71776092951,10867.888076134856
1967-03-21,3197.8351565866524,3856.0856276630057,2704.758795930732,3522.966793256921,10368.632110649361,11566.150235066272,9535.282204222212,11162.586158985961,8433.715845792221,10867.888076134856,7943.551542897687,10948.361332095761
1967-03-22,2944.566096270589,3522.966793256921,2494.1152077046136,3298.9395362888886,9844.889917259536,11162.586158985961,8908.037925084023,10867.888076134856,7890.679121674826,10948.361332095761,7443.096262886114,11542.672932642463
1967-03-23,2696.9456066235584,3298.9395362888886,2296.514668834827,3317.1758948425622,9400.529817410381,10867.888076134856,8469.94102743691,10948.361332095761,7546.932853040513,11542.672932642463,7149.986267328594,11281.685937149636
1967-03-24,2530.5042961540785,3317.1758948425622,2167.7206773825314,3247.7919827561386,9090.427023503325,10948.361332095761,8294.685468901716,11542.672932642463,7430.821373857245,11281.685937149636,7071.806779491817,9174.377378511277
1967-03-25,2512.8087861846916,3247.7919827561386,2142.754448446166,3196.621224399554,9202.624520378386,11542.672932642463,8559.861679085348,11281.685937149636,7753.744847292969,9174.377378511277,7387.434056713062,4587.3848435716
1967-03-26,2596.4563218848,3196.621224399554,2157.555805010577,2122.136329284084,9792.721488303394,11281.685937149636,9315.016919433694,9174.377378511277,8529.20564941896,4587.3848435716,8092.493109760658,12574.172140768484
1967-03-27,2672.5082768727607,2122.136329284084,2051.6946783994363,2364.5331854001092,9751.386192187918,9174.377378511277,9396.214876898379,4587.3848435716,8664.805563579393,12574.172140768484,8038.9394942729705,23110.495561628013
1967-03-28,2386.749846167276,2364.5331854001092,1851.3113928945456,11008.247036622288,8444.307329605006,4587.3848435716,7694.59932435151,12574.172140768484,7662.992753512648,23110.495561628013,7109.335460065957,22140.043577202236
1967-03-29,3646.976830264915,11008.247036622288,3539.0227999572517,20264.908045761298,4481.608974291609,12574.172140768484,7070.537009327639,23110.495561628013,7633.24124762567,22140.043577202236,7457.637444264219,26883.964704852802
1967-03-30,8402.185540603956,20264.908045761298,13944.22233623938,19778.514965819115,13316.916973312633,23110.495561628013,22422.183951284424,22140.043577202236,17604.47793273996,26883.964704852802,23101.17023904362,30345.31592025763
1967-03-31,19539.047300998805,19778.514965819115,16479.582096256352,16050.665910680105,29812.667753723123,22140.043577202236,36038.43130748897,26883.964704852802,33630.02039405085,30345.31592025763,30561.098359600408,28451.496664321414
1967-04-01,15654.385630187611,16050.665910680105,12433.870204266861,18506.099423902837,31022.83047962123,26883.964704852802,28785.63751197288,30345.31592025763,23546.06342530157,28451.496664321414,20308.585449890877,29913.593112380906
1967-04-02,12307.17586179623,18506.099423902837,13231.519033566354,23220.850930650362,26553.47555046194,30345.31592025763,21780.06133558463,28451.496664321414,17361.800626110617,29913.593112380906,18268.23737822173,35780.44728315481
1967-04-03,16400.76524524643,23220.850930650362,17665.681591249162,20622.963604516368,25221.497545676917,28451.496664321414,26661.267941661474,29913.593112380906,23923.38392550482,35780.44728315481,25175.5098312888,34967.43207955524
1967-04-04,20648.82493644089,20622.963604516368,16453.39076024219,17038.154374859536,28838.032193459538,29913.593112380906,31996.78551172032,35780.44728315481,29021.882853003888,34967.43207955524,24821.969436233303,30479.42715087758
1967-04-05,15641.808830737302,17038.154374859536,10897.807199999277,14603.844601710507,32238.782973237976,35780.44728315481,28217.434190761596,34967.43207955524,23077.351408823088,30479.42715087758,18335.69306744155,25538.181825824067
1967-04-06,11668.600484989744,14603.844601710507,8488.90544462428,12777.112681441384,30026.069182456326,34967.43207955524,25469.35470477752,30479.42715087758,19975.359260918147,25538.181825824067,16801.05470518682,22458.85747491204
1967-04-07,9996.003314064721,12777.112681441384,8765.763593994749,12431.25619438462,28080.637778868448,30479.42715087758,24662.69404735305,25538.181825824067,19734.985530533515,22458.85747491204,18507.7867230094,21362.539117933662
1967-04-08,9942.643262356265,12431.25619438462,8500.311972203544,11454.015489394427,25196.104659683675,25538.181825824067,22042.20194048187,22458.85747491204,18942.067198646626,21362.539117933662,17504.39630731981,19741.414332400833
1967-04-09,9369.080556531733,11454.015489394427,8002.973511484877,11056.388900117603,21197.890480799113,22458.85747491204,19782.868462562317,21362.539117933662,16570.58382727036,19741.414332400833,15208.221378290993,18473.202532597603
1967-04-10,8846.901125407585,11056.388900117603,7232.134651086827,9491.533090340949,19885.629273441198,21362.539117933662,18098.59580272854,19741.414332400833,15388.810468610885,18473.202532597603,13776.738867425944,17055.17404466274
1967-04-11,8024.746205347702,9491.533090340949,6921.790214344104,8733.668299895517,18419.77334795484,19741.414332400833,17203.84923100863,18473.202532597603,14106.464761493367,17055.17404466274,13004.571237298958,15595.997773312763
1967-04-12,7312.016430593047,8733.668299895517,5956.313846318435,7788.222812742495,17435.207880341775,18473.202532597603,15040.93252792324,17055.17404466274,12904.138470451648,15595.997773312763,11551.333466917096,14015.523603650123
1967-04-13,6349.249428821414,7788.222812742495,5274.4702614591715,6901.162242363462,15098.749645923395,17055.17404466274,13663.175103973701,15595.997773312763,11385.346851609655,14015.523603650123,10312.437743780365,12438.272335417052
1967-04-14,5732.096424127725,6901.162242363462,4720.357129191569,6183.836899951597,14433.961271079559,15595.997773312763,12850.64951632412,14015.523603650123,10904.505745560378,12438.272335417052,9895.586323023414,10136.232460820764
1967-04-15,5035.005506482514,6183.836899951597,4125.201762165125,5467.054587994561,12960.03716103033,14015.523603650123,11524.730569158985,12438.272335417052,9780.869361995676,10136.232460820764,8873.265229773031,9330.00710740239
1967-04-16,4504.190667604922,5467.054587994561,3738.2024592525986,5776.747461389694,11614.659460424464,12438.272335417052,10438.735387937959,10136.232460820764,8871.072053434094,9330.00710740239,8105.204391241561,9172.006094531462
1967-04-17,4145.355998213395,5776.747461389694,3456.8820598278394,7556.966973949736,10410.701831917133,10136.232460820764,9260.462724519732,9330.00710740239,8078.299760604006,9172.006094531462,7390.469918397965,9393.53472216607
1967-04-18,4739.764125577234,7556.966973949736,4018.425014966842,7345.10566075381,8477.488708545405,9330.00710740239,8624.816760176967,9172.006094531462,7666.513164021184,9393.53472216607,6941.03877178981,11359.571413648853
1967-04-19,5327.628707364533,7345.10566075381,5200.415323804169,7279.696945045995,8828.790227067779,9172.006094531462,10352.207478397575,9393.53472216607,8133.918804673508,11359.571413648853,8004.300400479056,11615.64061543116
1967-04-20,5934.553640232449,7279.696945045995,5268.299411696585,6755.942301773353,10213.353896657474,9393.53472216607,9683.192784995965,11359.571413648853,8357.062194788221,11615.64061543116,7688.293001795999,11306.920982737172
1967-04-21,5611.003168126578,6755.942301773353,5028.574050399523,6741.358032127146,8755.666733168562,11359.571413648853,8574.243574017479,11615.64061543116,6997.749519006274,11306.920982737172,6411.218089796068,10487.338426791568
1967-04-22,5428.324723889779,6741.358032127146,4375.375316960796,5947.999789488786,10374.723970627709,11615.64061543116,9574.368138218128,11306.920982737172,8321.454677463471,10487.338426791568,7268.219495905741,10106.810935826965
1967-04-23,4827.567425646143,5947.999789488786,4195.6114568324265,5687.616456310099,10131.199343705808,11306.920982737172,9811.696124161846,10487.338426791568,7938.81944330128,10106.810935826965,7306.0921779183955,10258.784984256079
1967-04-24,4688.400073789065,5687.616456310099,3777.9497955526176,5302.176187513422,10295.96404945122,10487.338426791568,9186.728032624995,10106.810935826965,7978.655819354955,10258.784984256079,7069.028019967049,10119.617010071168
1967-04-25,4192.574849677767,5302.176187513422,3843.1025161421985,5345.981532076348,8909.23343218517,10106.810935826965,8450.535856065784,10258.784984256079,6967.622332435878,10119.617010071168,6615.718625628148,10813.760258475751
1967-04-26,4272.30528975462,5345.981532076348,3882.226257084618,5766.796385574124,9020.45430559324,10258.784984256079,8363.615043624426,10119.617010071168,7303.6166112379615,10813.760258475751,6912.804025746495,10877.49554513691
1967-04-27,4438.131421305318,5766.796385574124,4054.686812929993,5616.4358101453745,8952.62636245018,10119.617010071168,8718.422016400566,10813.760258475751,7823.96145440251,10877.49554513691,7440.07084652922,10886.623296555703
1967-04-28,4579.589488636941,5616.4358101453745,4017.9813945981837,5249.58726355346,9249.618212704805,10813.760258475751,9349.508853687568,10877.49554513691,8116.566650908651,10886.623296555703,7552.613061578048,10385.210983153394
1967-04-29,4354.866123244726,5249.58726355346,3659.0328736731217,4779.1830353866335,10124.88735193639,10877.49554513691,9486.84318221479,10886.623296555703,8195.752990134155,10385.210983153394,7500.405425232619,9721.517414859094
1967-04-30,3955.596126637367,4779.1830353866335,3343.2579008652565,4322.231665825638,9614.20863598722,10886.623296555703,8840.751559497881,10385.210983153394,7508.581461629434,9721.517414859094,6896.3796657623025,8887.254542073464
1967-05-01,3615.966437919471,4322.231665825638,3070.753784233534,3952.5580427685354,9395.78348956212,10385.210983153394,8477.1770703171,9721.517414859094,7287.26354353098,8887.254542073464,6743.053778825961,8401.531665386086
1967-05-02,3285.1625310048557,3952.5580427685354,2784.3338032568386,3894.044901208592,8804.415550703874,9721.517414859094,7912.411110188526,8887.254542073464,6868.627639242478,8401.531665386086,6369.399432724931,7752.632396002635
1967-05-03,3124.513516001226,3894.044901208592,2583.830667434288,3564.7797823542987,8191.234707618102,8887.254542073464,7507.188890174435,8401.531665386086,6668.870274018332,7752.632396002635,6129.23614455964,7869.174092295764
1967-05-04,2833.573915986794,3564.7797823542987,2601.252772445965,3299.8859110131484,7617.500513759742,8401.531665386086,7186.333568626267,7752.632396002635,6103.74802480277,7869.174092295764,5872.019459780404,8364.187115040557
1967-05-05,2878.76032907165,3299.8859110131484,2437.3544724397666,3348.754070412994,7402.483007460363,7752.632396002635,6716.520008628639,7869.174092295764,6025.0157797085585,8364.187115040557,5584.532523638373,9423.478769748925
1967-05-06,2551.265601038568,3348.754070412994,2244.371596844073,3653.47209531272,6629.123221506883,7869.174092295764,6074.99746258127,8364.187115040557,5323.583416496158,9423.478769748925,5016.597409422337,9638.86413666615
1967-05-07,2750.030258059267,3653.47209531272,2342.8249421164555,3639.7122564034457,6732.13918519549,8364.187115040557,6517.536280651094,9423.478769748925,5924.668231083742,9638.86413666615,5519.458807089088,9483.69141237576
1967-05-08,2886.3775061707356,3639.7122564034457,2542.5045425838525,3657.106105317668,7400.603828975021,9423.478769748925,7563.486667404554,9638.86413666615,6727.453308574972,9483.69141237576,6381.7155628905075,7821.48828518661
1967-05-09,2943.7035119378284,3657.106105317668,2645.2003909022706,3289.434343143773,8683.933521002145,9638.86413666615,8404.597911353001,9483.69141237576,7568.507016857063,7821.48828518661,7264.83924113966,10504.984437909348
1967-05-10,2983.7790273994797,3289.434343143773,2639.842905634936,3049.8569214798945,8655.872240837165,9483.69141237576,8156.140065379601,7821.48828518661,7340.8519420608,10504.984437909348,6992.645805829743,12022.001893835757
1967-05-11,2915.7564634278433,3049.8569214798945,2654.1749357477192,5120.337587528023,8378.88639544918,7821.48828518661,7713.3312839447435,10504.984437909348,7262.571117485368,12022.001893835757,7000.221735051207,10628.866858385678
1967-05-12,3066.051573572629,5120.337587528023,3180.3032983174353,6545.9933414439665,6899.549983592833,10504.984437909348,7151.8475774409035,12022.001893835757,6833.362553210623,10628.866858385678,6922.848547962281,12300.22335698478
1967-05-13,4239.331728383304,6545.9933414439665,5335.120080361301,7333.942162778234,9669.235704611961,12022.001893835757,10924.96730027821,10628.866858385678,9701.517210622684,12300.22335698478,10784.832711743356,17716.056460121166
1967-05-14,6354.742109068347,7333.942162778234,5300.116601847523,7178.30810510027,12268.358471402164,10628.866858385678,12605.125923479443,12300.22335698478,12214.92281134812,17716.056460121166,11158.642680317145,17909.854537552856
1967-05-15,5789.67771648167,7178.30810510027,4801.004313465914,6576.948786233308,10848.018593834484,12300.22335698478,11416.815353887432,17716.056460121166,9809.022055634741,17909.854537552856,8816.009013275567,16284.1425504566
1967-05-16,5481.943703564157,6576.948786233308,4780.272909408815,6043.589356801458,12222.8127887483,17716.056460121166,12056.00989041279,17909.854537552856,10057.376813979183,16284.1425504566,9338.409107393636,14838.002096599765
1967-05-17,5096.12789276038,6043.589356801458,4391.500752961401,5757.041084177023,15817.962101543337,17909.854537552856,14033.551084439823,16284.1425504566,12321.519032320573,14838.002096599765,11614.289261177084,13788.5887098569
1967-05-18,4660.830962413833,5757.041084177023,4073.824664367403,5342.211933094184,14824.040712183229,16284.1425504566,13193.54814063562,14838.002096599765,11622.605309054088,13788.5887098569,11037.03099543531,12434.49541278401
1967-05-19,4484.9190133024695,5342.211933094184,3819.6526219751677,4917.659959187076,13501.624135441243,14838.002096599765,12285.04800897607,13788.5887098569,10898.853823682237,12434.49541278401,10239.007999794565,10961.895321902455
1967-05-20,4199.14035903748,4917.659959187076,3492.8526451495973,4269.4339607529955,12557.537129634546,13788.5887098569,11513.07686633771,12434.49541278401,10202.175280168376,10961.895321902455,9496.080464735365,9956.062338808415
1967-05-21,3678.250251262224,4269.4339607529955,3154.2949088596874,4172.764673578626,11768.075091206567,12434.49541278401,10539.71021739304,10961.895321902455,9193.35913507919,9956.062338808415,8672.264783703598,9177.705226665326
1967-05-22,3371.817985811278,4172.764673578626,2811.5949043731116,3855.299319333547,10421.20946353782,10961.895321902455,9187.320935238007,9956.062338808415,8187.337295297022,9177.705226665326,7629.78712210451,8435.020159021595
1967-05-23,3180.333104958933,3855.299319333547,2723.5246353334355,3323.491986195424,9054.691782884945,9956.062338808415,8461.884924453321,9177.705226665326,7388.231356311757,8435.020159021595,6932.12576071489,7954.862206737123
1967-05-24,2940.767355426153,3323.491986195424,2560.7596339501524,3243.443258050221,8698.37898934801,9177.705226665326,7881.756110304112,8435.020159021595,6902.206467683084,7954.862206737123,6523.697840495293,7368.395607103015
1967-05-25,2656.687158797636,3243.443258050221,2353.8037639597896,3163.361053937728,7810.767629823575,8435.020159021595,6896.257498922083,7954.862206737123,6159.487294795321,7368.395607103015,5857.3685377502425,6912.286087030838
1967-05-26,2589.97187888433,3163.361053937728,2350.72968478811,2980.723994907173,6995.566708942102,7954.862206737123,6536.453600056844,7368.395607103015,5834.456175855839,6912.286087030838,5595.666535732401,6961.118530814865
1967-05-27,2584.767663295723,2980.723994907173,2276.8510376715776,2854.388545352721,6933.128788548383,7368.395607103015,6490.346504380932,6912.286087030838,5851.860212244703,6961.118530814865,5544.886238349003,6714.491252293702
1967-05-28,2404.644351698476,2854.388545352721,2088.427337283724,2730.244295109782,6469.028202418262,6912.286087030838,5948.58448243419,6961.118530814865,5334.015167766114,6714.491252293702,5018.417082592143,6419.02503190917
1967-05-29,2269.1845368908744,2730.244295109782,1973.8587182108226,2565.669293421678,5996.415482050872,6961.118530814865,5602.983912165589,6714.491252293702,4975.594473896148,6419.02503190917,4680.835812227506,5965.647061720527
1967-05-30,2167.2811228059104,2565.669293421678,1881.327705112249,2413.640428248781,6058.468847563386,6714.491252293702,5629.393558832874,6419.02503190917,5025.2475881229275,5965.647061720527,4739.634508648177,5690.136530253887
1967-05-31,2036.062889602244,2413.640428248781,1781.0546208532082,2288.1573363534258,5837.63229588605,6419.02503190917,5375.949908332912,5965.647061720527,4798.726181956305,5690.136530253887,4544.4214370003965,5444.3936794080055
1967-06-01,1932.81534805356,2288.1573363534258,1696.3731069591522,2168.791647825356,5528.886327680235,5965.647061720527,5092.024443484291,5690.136530253887,4567.033480629658,5444.3936794080055,4331.310005370049,5196.470007098658
1967-06-02,1831.4378884021319,2168.791647825356,1608.8848425099,2076.9266634978276,5159.027448534824,5690.136530253887,4764.664289497745,5444.3936794080055,4277.155302746115,5196.470007098658,4055.0961088521544,4990.089050047027
1967-06-03,1747.248517071831,2076.9266634978276,1532.819006786331,1968.9549360210963,4927.5420228866105,5444.3936794080055,4571.3838244661,5196.470007098658,4110.299440950548,4990.089050047027,3896.4024851492104,4782.552809314021
1967-06-04,1664.4681202045913,1968.9549360210963,1461.337436935528,1890.7785325199798,4725.388129552074,5196.470007098658,4387.263398224712,4990.089050047027,3946.527845252752,4782.552809314021,3743.9196516608426,4612.579907468389
1967-06-05,1587.7237624570619,1890.7785325199798,1394.8142369756101,1794.60166360343,4524.124420753886,4990.089050047027,4201.739587710507,4782.552809314021,3782.7954361767115,4612.579907468389,3590.3585019668653,4430.323079858625
1967-06-06,1517.6189607304964,1794.60166360343,1336.1687982909264,1722.7578430327371,4337.75159371335,4782.552809314021,4033.799607213922,4612.579907468389,3633.842295070559,4430.323079858625,3452.8362971363404,4253.6122189769
1967-06-07,1453.072191316954,1722.7578430327371,1283.3313405333956,1636.4020083577748,4171.397493886461,4612.579907468389,3878.386734364535,4430.323079858625,3500.305362207667,4253.6122189769,3330.9946930346623,4112.898582149314
1967-06-08,1392.8754306950548,1636.4020083577748,1232.1731489079477,1622.724017243418,4013.9205267916204,4430.323079858625,3731.8303074567193,4253.6122189769,3376.184662727056,4112.898582149314,3215.9038110257447,4041.894622343266
1967-06-09,1336.7290966446733,1622.724017243418,1177.325330589085,1546.9899738162621,3864.2733507942403,4253.6122189769,3595.785589242126,4112.898582149314,3259.8042476558203,4041.894622343266,3100.817734148167,4122.291751708876
1967-06-10,1304.5792655949344,1546.9899738162621,1152.0760724338447,1469.7447562658253,3723.587748449995,4112.898582149314,3512.7345238567245,4041.894622343266,3169.54704277666,4122.291751708876,3017.4656551786693,3870.0760277069503
1967-06-11,1266.5629878316197,1469.7447562658253,1090.8720202516536,1399.8626161783552,3636.5481662545053,4041.894622343266,3392.4099994110065,4122.291751708876,3075.90118336637,3870.0760277069503,2900.6539747046736,3664.5972902480107
1967-06-12,1179.242166274832,1399.8626161783552,1067.9396479139034,1414.6860415255387,3527.390269806103,4122.291751708876,3265.193906456596,3870.0760277069503,2948.264757948056,3664.5972902480107,2837.4062415295534,3545.9261807415896
1967-06-13,1163.8782863686854,1414.6860415255387,1043.8403160473845,1360.8736616268498,3560.689623673025,3870.0760277069503,3316.7621293131183,3664.5972902480107,3037.052306459821,3545.9261807415896,2917.805150880683,3279.216262480082
1967-06-14,1157.6368893834979,1360.8736616268498,1028.3012126276976,1290.2480546116722,3370.129094888172,3664.5972902480107,3193.9984267196824,3545.9261807415896,2910.250985268278,3279.216262480082,2781.5416422844455,3167.6925941130353
1967-06-15,1110.100103536441,1290.2480546116722,995.3612096026629,1133.1936378689047,3263.1494078286773,3545.9261807415896,3045.5850073613356,3279.216262480082,2768.7813364253857,3167.6925941130353,2654.6154512735866,3078.910909844346
1967-06-16,1067.8510654932888,1133.1936378689047,948.1297780565011,1620.1566153857977,3105.1231406426273,3279.216262480082,2895.246969790741,3167.6925941130353,2634.4725862716996,3078.910909844346,2515.231008432329,3372.3583610872624
1967-06-17,1030.5716446354622,1620.1566153857977,814.9104370665943,2191.339207709935,2882.3215599708483,3167.6925941130353,2576.6394761031506,3078.910909844346,2451.708905494942,3372.3583610872624,2236.5651740030253,3747.5401837337954
1967-06-18,1335.4322815600337,2191.339207709935,1204.095974569455,1877.5600879942667,2682.5915302776466,3078.910909844346,3083.685497107933,3372.3583610872624,2768.601197494387,3747.5401837337954,2637.554591867006,3429.5750899279815
1967-06-19,1623.5997180768459,1877.5600879942667,1476.043118602895,1597.8521654751476,3264.644396915054,3372.3583610872624,3762.9501532076797,3747.5401837337954,3091.891837708319,3429.5750899279815,2943.0189254414363,5665.056538905031
1967-06-20,1542.1224185359133,1597.8521654751476,1275.8743478678764,1467.4350621043259,3730.275276291088,3747.5401837337954,3190.997716618153,3429.5750899279815,2830.639184732615,5665.056538905031,2564.833897997827,6523.050366575089
1967-06-21,1229.2486813442436,1467.4350621043259,1070.1566689166552,1372.0373986604532,3139.3240909511846,3429.5750899279815,2759.4777392473115,5665.056538905031,2368.153071087757,6523.050366575089,2209.2616097353557,5798.998133191459
1967-06-22,1156.0570842070624,1372.0373986604532,1020.680032960387,2031.8176380602172,2942.332799098228,5665.056538905031,2759.0204830219745,6523.050366575089,2427.216091592633,5798.998133191459,2292.3080416464263,4830.758768710362
1967-06-23,1407.335843846703,2031.8176380602172,1238.2887733909085,2390.1988608181164,4757.3700387933195,6523.050366575089,4477.737405411009,5798.998133191459,4409.865274834701,4830.758768710362,4239.481574700348,4073.2721974350948
1967-06-24,1565.1566291864413,2390.1988608181164,1379.6411516253997,1952.51244818709,5506.566485583761,5798.998133191459,5681.032791957354,4830.758768710362,5085.606467130647,4073.2721974350948,4903.502688721951,3688.506075533508
1967-06-25,1738.1367470646214,1952.51244818709,1456.7594921000848,1640.5232374551376,5508.946985727944,4830.758768710362,5493.301046451788,4073.2721974350948,4742.3137134638755,3688.506075533508,4463.9572777097765,3906.6618132571757
1967-06-26,1459.845905869393,1640.5232374551376,1228.9308189989229,1447.7591802243746,4682.178874115356,4073.2721974350948,4003.150843825444,3688.506075533508,3448.963099769566,3906.6618132571757,3219.517857003626,4160.792167778848
1967-06-27,1275.570682319175,1447.7591802243746,1094.9048765220955,1274.5864793730682,3358.530018084235,3688.506075533508,2959.8435029001794,3906.6618132571757,2515.645324488377,4160.792167778848,2335.11863994911,3791.645872336767
1967-06-28,1137.5022609154712,1274.5864793730682,997.0948267133267,1163.5133322630059,3127.351691077739,3906.6618132571757,2767.025673206289,4160.792167778848,2423.2049720388372,3791.645872336767,2283.196237248148,3457.822454722375
1967-06-29,1039.6888227053191,1163.5133322630059,921.3426530000763,1104.2677956657444,3299.956819870911,4160.792167778848,2963.13428167613,3791.645872336767,2688.585365817339,3457.822454722375,2571.320006667843,3831.6844699468784
1967-06-30,968.7156357273061,1104.2677956657444,863.1190484389942,1070.9854495250006,3473.7445533749387,3791.645872336767,3160.4742783250763,3457.822454722375,2920.6349290565568,3831.6844699468784,2816.811370797069,3335.7910561544954
1967-07-01,924.5818158215877,1070.9854495250006,826.5091813753957,1051.8955638521084,3210.799506447672,3457.822454722375,2966.7727148486474,3831.6844699468784,2742.74982204781,3335.7910561544954,2646.186364844163,3553.895029567591
1967-07-02,908.8241828498417,1051.8955638521084,817.7513267725653,1515.3409629793068,2980.6337723847264,3831.6844699468784,2779.150883636119,3335.7910561544954,2575.438730313096,3553.895029567591,2485.7392976556766,3605.404217323668
1967-07-03,1058.1151524839852,1515.3409629793068,967.7039568737263,1440.067639941534,3297.522287026899,3335.7910561544954,3094.886441283732,3553.895029567591,3051.257617433078,3605.404217323668,2962.6448838930946,3255.328187310757
1967-07-04,1135.6584014651157,1440.067639941534,978.1928530660186,1198.3207739409195,2923.7829836193946,3553.895029567591,3230.7984375248907,3605.404217323668,2780.6385559331984,3255.328187310757,2624.4555238479816,3007.9958160861097
1967-07-05,1111.9844198843819,1198.3207739409195,961.3124686091128,1081.632606853649,3565.346924369865,3605.404217323668,3276.8524432271684,3255.328187310757,2907.0643463061915,3007.9958160861097,2758.1001113991047,3046.960354256921
1967-07-06,970.9405908771132,1081.632606853649,862.6925040450294,1028.6172102941073,3151.2511348252947,3255.328187310757,2756.93412075562,3007.9958160861097,2492.4119428340896,3046.960354256921,2385.333725375458,3162.164579187318
1967-07-07,901.5031149316301,1028.6172102941073,802.7370019604894,990.8607905344309,2690.8569715825925,3007.9958160861097,2445.7876898908316,3046.960354256921,2233.3893456320943,3162.164579187318,2135.696072409919,2851.368052231921
1967-07-08,859.3984216407155,990.8607905344309,770.1023215841878,963.395155731122,2568.0989949747745,3046.960354256921,2386.781817193102,3162.164579187318,2187.0282494385247,2851.368052231921,2098.8765563746447,2538.011374525324
1967-07-09,833.2520388406938,963.395155731122,749.7250815572165,966.5439587240355,2633.8548660135116,3162.164579187318,2454.9150513888217,2851.368052231921,2265.8789313204966,2538.011374525324,2183.5634921087203,2560.9979874701885
1967-07-10,812.8396231360698,966.5439587240355,731.4848092305181,1010.6358949272505,2724.8984843196167,2851.368052231921,2542.455242291937,2538.011374525324,2359.7501362056773,2560.9979874701885,2279.8765930890004,3596.437895729583
1967-07-11,1051.6721358785717,1010.6358949272505,942.2755373181546,1354.6748520386209,2483.0925763098166,2538.011374525324,2415.985352923243,2560.9979874701885,2473.215297712684,3596.437895729583,2364.596012664693,3980.7943596622636
1967-07-12,957.3859203745667,1354.6748520386209,897.7927882077938,1457.2988374018205,2322.2935205408266,2560.9979874701885,2365.734846636831,3596.437895729583,2220.846572898836,3980.7943596622636,2158.2682283466306,3355.638522702794
1967-07-13,1000.6799201157246,1457.2988374018205,892.3526111580754,1282.2659861617192,2449.5966497853547,3596.437895729583,2588.294442518507,3980.7943596622636,2167.918592846776,3355.638522702794,2060.037213019903,3113.2199914360676
1967-07-14,1167.5588614384558,1282.2659861617192,998.8748081158333,1194.115496833754,3403.6736906699844,3980.7943596622636,3292.554210617257,3355.638522702794,2954.6695884867922,3113.2199914360676,2787.3711405825843,3140.0379140689724
1967-07-15,1021.4148118635483,1194.115496833754,906.1448440661761,1164.0257465926516,3578.3985462920236,3355.638522702794,3209.768306651329,3113.2199914360676,2897.8870893245144,3140.0379140689724,2784.274600913088,3303.5263501171353
1967-07-16,985.6627240071999,1164.0257465926516,871.9770693038922,1114.7257514383077,2839.7042192593062,3113.2199914360676,2608.4174101728945,3140.0379140689724,2361.6806247677214,3303.5263501171353,2248.90639727319,3063.286805040588
1967-07-17,926.6326867915384,1114.7257514383077,825.3889870403973,1050.5831431393106,2687.815462692804,3140.0379140689724,2527.060765052705,3303.5263501171353,2254.680797716437,3063.286805040588,2154.370281972404,2815.688179963826
1967-07-18,911.5236349116526,1050.5831431393106,813.3743377959512,1035.3174287009897,2749.005331945207,3303.5263501171353,2553.2798488538674,3063.286805040588,2320.243158615488,2815.688179963826,2223.2024415794567,2718.727808479032
1967-07-19,896.0853243013945,1035.3174287009897,804.8527210181614,1048.9535058807892,2842.9015935829275,3063.286805040588,2621.6868226972206,2815.688179963826,2437.1845820416347,2718.727808479032,2347.3981191851108,3444.201970436344
1967-07-20,860.9709858132225,1048.9535058807892,740.2078871282957,1056.3340342290514,2626.3140576320575,2815.688179963826,2476.264780999159,2718.727808479032,2274.973587377828,3444.201970436344,2155.2869291451966,4527.215319572579
1967-07-21,983.2990571450002,1056.3340342290514,887.8339874223182,1288.018766779271,2559.4582024507463,2718.727808479032,2470.8056481972144,3444.201970436344,2381.92128247644,4527.215319572579,2287.5865358197416,3837.45907200917
1967-07-22,941.2076573167642,1288.018766779271,876.3944234674075,1223.1842189608415,2445.7547264239874,3444.201970436344,2610.617585814526,4527.215319572579,2384.30280955586,3837.45907200917,2314.198152676202,3843.754235590299
1967-07-23,1074.0733559910539,1223.1842189608415,950.0344086063709,1169.3353881922471,3252.5296811198477,4527.215319572579,3401.384996153376,3837.45907200917,3039.364623284067,3843.754235590299,2908.5592777250317,3486.9175984290678
1967-07-24,957.1607544900023,1169.3353881922471,839.9558531615228,1117.429501693901,4210.187364123139,3837.45907200917,3721.174608996277,3843.754235590299,3381.2456476962925,3486.9175984290678,3263.9770700797717,3368.0759171111204
1967-07-25,938.5624918962135,1117.429501693901,837.3016820887615,1062.9694978713737,3190.032796922621,3843.754235590299,2886.9844537139033,3486.9175984290678,2615.669235929652,3368.0759171111204,2514.33017260799,3694.9147507160733
1967-07-26,882.6946347813371,1062.9694978713737,785.433434972671,925.7619613164495,3224.4000766136496,3486.9175984290678,2948.730670309861,3368.0759171111204,2680.0044999029824,3694.9147507160733,2583.705693775557,3693.024554140873
1967-07-27,843.338515705385,925.7619613164495,721.822480877066,917.7436653601851,2952.6922775788926,3368.0759171111204,2709.7460711112635,3694.9147507160733,2465.680587470658,3693.024554140873,2345.116952213654,5019.66748643317
1967-07-28,986.4145737614593,917.7436653601851,845.2016506019602,1164.953430909663,2848.8081332335382,3694.9147507160733,2793.4032085977715,3693.024554140873,2830.7064554136978,5019.66748643317,2688.285129231343,3637.945796593106
1967-07-29,844.8344229518879,1164.953430909663,853.021774075931,1180.7397262972895,3262.4798873284626,3693.024554140873,3113.132919192106,5019.66748643317,2894.041400899982,3637.945796593106,2895.6772730405123,3139.182896470512
1967-07-30,1044.726944795149,1180.7397262972895,967.2306958699776,1188.7516847072218,3248.428775076609,5019.66748643317,3179.2027533861306,3637.945796593106,3005.944017819673,3139.182896470512,2929.7146800140117,3522.2827270827884
1967-07-31,1097.1351168340798,1188.7516847072218,1082.5987233304045,1343.5143197866232,4346.887601974911,3637.945796593106,4185.447239474903,3139.182896470512,4018.8127543748815,3522.2827270827884,4005.24428958068,7315.869520651434
1967-08-01,1113.973693419504,1343.5143197866232,1069.5789766791243,1291.4278111194399,3333.8404036075335,3139.182896470512,3207.424492530983,3522.2827270827884,3068.1143230548773,7315.869520651434,3023.0513224391025,3211.080705488777
1967-08-02,1085.2481413067917,1291.4278111194399,1011.6912017119325,1448.9936898805558,2878.8219103157585,3522.2827270827884,2879.145818128781,7315.869520651434,2564.373411138484,3211.080705488777,2488.752507454978,4947.772686961576
1967-08-03,1444.9644276929807,1448.9936898805558,1314.1427144390243,2623.5282225564224,3266.636657340509,7315.869520651434,3993.0798419438506,3211.080705488777,4024.1534111657847,4947.772686961576,3874.0543871935865,6147.749139850372
1967-08-04,1559.0734573246862,2623.5282225564224,1825.3416984901253,4449.5754143475315,6929.8589891869415,3211.080705488777,6260.465297453091,4947.772686961576,6088.807718309194,6147.749139850372,6344.961627892314,6914.420265761094
1967-08-05,2743.4962135759843,4449.5754143475315,2459.205878481489,4260.085528945954,3067.838763534545,4947.772686961576,4380.963132831256,6147.749139850372,4287.58708873288,6914.420265761094,3988.430686773054,7157.478058183528
1967-08-06,3224.4023061684547,4260.085528945954,2616.1273702501394,3606.6918275291155,5797.859410849865,6147.749139850372,7407.298591129536,6914.420265761094,5870.36379376657,7157.478058183528,5248.886676868537,8071.87102939678
1967-08-07,2915.7821817437152,3606.6918275291155,2443.849748404371,2655.973133303314,7509.043102634032,6914.420265761094,6681.369808011458,7157.478058183528,5215.400413940986,8071.87102939678,4737.479013686401,8368.897428483808
1967-08-08,2573.1841286039016,2655.973133303314,2006.2415433673746,2807.473054193885,6110.180898200377,7157.478058183528,5154.952727970281,8071.87102939678,4095.2692726817286,8368.897428483808,3525.6034939933406,7426.807527360583
1967-08-09,2013.5772855220325,2807.473054193885,1698.1450398678708,2971.1195971221214,5860.436914339407,8071.87102939678,4806.174508883461,8368.897428483808,4123.790917290018,7426.807527360583,3803.7203186236793,5893.409269106385
1967-08-10,2181.5352922534853,2971.1195971221214,2087.9818050144067,2984.458739603829,6299.2826630131985,8368.897428483808,6072.038460597982,7426.807527360583,5380.629901770025,5893.409269106385,5285.948896448854,5607.876551290601
1967-08-11,2323.700805656501,2984.458739603829,2222.807816334749,2715.684749296701,7273.1535274902835,7426.807527360583,6915.599496393794,5893.409269106385,6179.649388595841,5607.876551290601,6080.534130465898,5808.404236454491
1967-08-12,2472.43223887609,2715.684749296701,1999.522651842659,2428.206516229171,6567.093653148305,5893.409269106385,6140.2696629039565,5607.876551290601,5593.442722581161,5808.404236454491,5122.604505122593,5549.496581179679
1967-08-13,2006.1907069315007,2428.206516229171,1648.1881840493004,2193.29162912799,5267.584510220305,5607.876551290601,4762.327810159677,5808.404236454491,4043.108394067589,5549.496581179679,3685.2352350019714,5149.904206780882
1967-08-14,1801.3035224343112,2193.29162912799,1533.6803261542702,1952.449259620618,4779.922611139999,5808.404236454491,4295.6060346608865,5549.496581179679,3666.1633622025056,5149.904206780882,3398.537208925717,4741.897750967536
1967-08-15,1645.3057896070382,1952.449259620618,1421.4921839388442,1757.528384933175,4854.84727787201,5549.496581179679,4377.64087038646,5149.904206780882,3824.3846261183076,4741.897750967536,3601.488092198372,4353.513303087695
1967-08-16,1499.7485451650996,1757.528384933175,1303.770153153493,1627.182198571984,4631.499047572914,5149.904206780882,4149.444532261803,4741.897750967536,3698.7438158296172,4353.513303087695,3504.009305681783,3847.246414000383
1967-08-17,1368.9695602628506,1627.182198571984,1202.891067005423,1500.7218946711569,4262.005929651888,4741.897750967536,3845.501157390329,4353.513303087695,3463.9354765076805,3847.246414000383,3299.0685514518727,3587.717024698256
1967-08-18,1281.3255890598089,1500.7218946711569,1131.4161658176993,1202.3015212520786,3936.927001552476,4353.513303087695,3600.57254553721,3847.246414000383,3265.9234520417376,3587.717024698256,3117.184360527877,3940.8444577563982
1967-08-19,1215.270430991371,1202.3015212520786,1014.6019950939094,1071.8337992884722,3654.328293030311,3847.246414000383,3345.05446232807,3587.717024698256,3073.5501461017084,3940.8444577563982,2873.8453878448354,4000.990202270792
1967-08-20,922.0914322427509,1071.8337992884722,645.4060263276316,1170.7006038286831,3248.5189771677337,3587.717024698256,2798.000039536224,3940.8444577563982,2531.1934070231655,4000.990202270792,2255.03052761895,2595.233364292496
1967-08-21,687.5838382931511,1170.7006038286831,741.8129901439095,1115.4196399319226,2836.413756085203,3940.8444577563982,2557.8144233144603,4000.990202270792,2194.1925586106877,2595.233364292496,2248.713010074507,2818.1122376141693
1967-08-22,987.4727401468008,1115.4196399319226,1402.1271110863702,1216.6620371537051,3204.1756622970997,4000.990202270792,3101.7390187488363,2595.233364292496,2934.6655580211823,2818.1122376141693,3350.682985424686,3117.9317871208787
1967-08-23,1410.2006323074957,1216.6620371537051,1236.0718657338823,1552.0250063634871,3445.1509665500175,2595.233364292496,3172.083957537949,2818.1122376141693,3482.2634384200364,3117.9317871208787,3309.8419402080244,1858.635572626282
1967-08-24,1048.28863465743,1552.0250063634871,949.6588091379089,1643.1653934251033,2219.937876981617,2818.1122376141693,2234.6559338331017,3117.9317871208787,2098.3850611881057,1858.635572626282,1999.5028356110058,2092.295135358262
1967-08-25,1234.944779997077,1643.1653934251033,1095.9366356314931,1426.9320978511548,2534.558176394476,3117.9317871208787,2760.343989796689,1858.635572626282,2474.1629805605467,2092.295135358262,2335.40122813004,5934.22221865097
1967-08-26,1668.6919932522553,1426.9320978511548,1425.3548305671252,1161.5665312186186,3031.015080027672,1858.635572626282,3145.5203991447597,2092.295135358262,3201.347166533992,5934.22221865097,2957.869211826351,9425.246819463966
1967-08-27,1176.0465870063883,1161.5665312186186,843.0476666315295,2621.052643715006,1997.9316712211705,2092.295135358262,2349.2824968227906,5934.22221865097,2007.5526132993339,9425.246819463966,1663.6045719950805,8594.21083970564
1967-08-28,1253.281857860566,2621.052643715006,1159.7955069128761,2544.2515530686965,2341.1783330146386,5934.22221865097,3390.364009924637,9425.246819463966,3128.117220699872,8594.21083970564,2994.1006638134995,6730.771824925988
1967-08-29,1928.603827459754,2544.2515530686965,2263.081931541507,2657.324392758599,6197.9777052476,9425.246819463966,7092.143636255789,8594.21083970564,5941.505503975699,6730.771824925988,6249.7435602561,6897.357160417696
1967-08-30,2493.156180282333,2657.324392758599,2478.8130389595476,3072.74079443771,9179.649855628433,8594.21083970564,7616.53754458941,6730.771824925988,7402.924344691575,6897.357160417696,7386.1927900388955,6780.868267522728
1967-08-31,2433.8666714336005,3072.74079443771,2170.6291878366046,3054.5004473427243,6730.543909989795,6730.771824925988,6130.545244182422,6897.357160417696,5874.866968384878,6780.868267522728,5611.821353037932,6134.288627498044
1967-09-01,2415.9909078744095,3054.5004473427243,2074.963341449349,2742.874029809247,5772.441361546432,6897.357160417696,5799.020691501788,6780.868267522728,5126.0794142298055,6134.288627498044,4784.337221983899,5770.0242296835195
1967-09-02,2299.678893697415,2742.874029809247,1942.0758491533265,2434.937887645249,6330.82443274529,6780.868267522728,5937.4139015753535,6134.288627498044,5176.407896760748,5770.0242296835195,4819.387702969056,5513.365013277337
1967-09-03,2072.432030618278,2434.937887645249,1733.4248855629598,2169.99680619744,5914.054215703785,6134.288627498044,5298.278302556239,5770.0242296835195,4630.5264135276575,5513.365013277337,4291.661864792401,5115.17642059958
1967-09-04,1817.4600761204101,2169.99680619744,1562.9865240144877,1960.3569508452474,5127.995172017246,5770.0242296835195,4576.654361592006,5513.365013277337,3973.7426237370455,5115.17642059958,3719.185759139148,4713.810916470509
1967-09-05,1659.3852295780862,1960.3569508452474,1446.9539133409703,1816.7568023206259,4775.855534467066,5513.365013277337,4280.469105292289,5115.17642059958,3790.452314520784,4713.810916470509,3578.271543041816,4360.587976535142
1967-09-06,1521.7677410826764,1816.7568023206259,1341.3647063228425,1718.0704520098939,4554.212628738003,5115.17642059958,4115.678017835935,4713.810916470509,3697.724673844892,4360.587976535142,3517.754074710725,3947.04245932276
1967-09-07,1428.4042648271673,1718.0704520098939,1270.9073381848575,1642.9542166220358,4242.60597872224,4713.810916470509,3879.843325829037,4360.587976535142,3515.5753345710973,3947.04245932276,3358.540091527686,3644.3181133525313
1967-09-08,1361.8105102638785,1642.9542166220358,1219.7839463170612,1524.416871318786,3946.1814453824545,4360.587976535142,3646.59036702784,3947.04245932276,3317.1012552936627,3644.3181133525313,3175.4404845201925,3628.5642039297436
1967-09-09,1307.9704756401775,1524.416871318786,1174.2856799652345,1587.0782939551875,3683.5367700814604,3947.04245932276,3428.314132241874,3644.3181133525313,3123.124954224145,3628.5642039297436,2989.6729416724943,3672.2827893345016
1967-09-10,1360.7698270061956,1587.0782939551875,1176.2650897212995,1674.936972974795,3364.6933387405343,3644.3181133525313,3158.8217823173,3628.5642039297436,3031.611745445518,3672.2827893345016,2846.883165960407,3463.986042278223
1967-09-11,1191.0415239482684,1674.936972974795,1115.2700118408738,1544.7097949061772,3133.531981611147,3628.5642039297436,3062.240825772166,3672.2827893345016,2676.450461778614,3463.986042278223,2599.7477451801724,3384.9825495023424
1967-09-12,1329.1207249613344,1544.7097949061772,1201.8380588923355,1509.612110177446,3224.0718740025513,3672.2827893345016,3146.5663466812343,3463.986042278223,2826.2466050324883,3384.9825495023424,2698.4504590976912,3328.557960430916
1967-09-13,1242.9583687830677,1509.612110177446,1118.677305528831,1490.0346160069835,3282.0891719466395,3463.986042278223,3003.251370129822,3384.9825495023424,2731.6376740529595,3328.557960430916,2607.029625640298,3319.6153936597266
1967-09-14,1206.391548897727,1490.0346160069835,1096.0818713336585,1424.456475829812,2919.5993381016015,3384.9825495023424,2766.709117496074,3328.557960430916,2500.54697272904,3319.6153936597266,2389.684683478596,3252.7958295254825
1967-09-15,1196.143108870985,1424.456475829812,1084.068501992504,1368.1519393577478,2924.685075818425,3328.557960430916,2782.3840237981144,3319.6153936597266,2527.2021259405465,3252.7958295254825,2414.890167343714,3161.743067943977
1967-09-16,1152.0973484361205,1368.1519393577478,1036.3644517500422,1341.6368142414426,2885.2485134087747,3319.6153936597266,2700.595458292728,3252.7958295254825,2468.7959459557455,3161.743067943977,2352.961918415114,3082.5697926229523
1967-09-17,1102.2523893591124,1341.6368142414426,993.9227612213667,1321.8046815890993,2827.4228592485297,3252.7958295254825,2653.9803967698267,3161.743067943977,2430.286041758659,3082.5697926229523,2322.06390310551,2987.6897453944193
1967-09-18,1075.4128114198,1321.8046815890993,974.9697512130531,1296.717080596701,2771.249690920202,3161.743067943977,2634.6966508936207,3082.5697926229523,2407.697082977111,2987.6897453944193,2307.09027627771,2899.3083940830293
1967-09-19,1062.255937922453,1296.717080596701,965.0060135642418,1269.6493317414736,2723.5656667030144,3082.5697926229523,2585.1216650727856,2987.6897453944193,2366.0046107885755,2899.3083940830293,2268.6545376155145,2866.4319089722076
1967-09-20,1045.0854644321375,1269.6493317414736,950.313171209064,1247.42534187398,2651.240064484983,2987.6897453944193,2513.0459908830285,2899.3083940830293,2303.518226672815,2866.4319089722076,2208.703456817189,3045.2827638383324
1967-09-21,1026.1977421611737,1247.42534187398,930.4892033785369,1226.366961430851,2565.0848623573843,2899.3083940830293,2438.0269314975258,2866.4319089722076,2242.5044513960975,3045.2827638383324,2147.178422628594,3041.219957252343
1967-09-22,1027.2688140306564,1226.366961430851,932.30205158465,1218.1945794803503,2493.05270648422,2866.4319089722076,2417.268920485818,3045.2827638383324,2232.5625037942914,3041.219957252343,2136.4673228419156,2831.7201238797325
1967-09-23,978.2897821639467,1218.1945794803503,902.2528928729628,1203.8985335032357,2507.2243590287253,3045.2827638383324,2367.357551755269,3041.219957252343,2156.318492669945,2831.7201238797325,2079.7741252467004,2772.102885715136
1967-09-24,990.9370411885213,1203.8985335032357,901.629320871871,1184.2326674998292,2586.4619623704566,3041.219957252343,2464.2052460333616,2831.7201238797325,2277.9047175115584,2772.102885715136,2188.5655295309034,2715.815915591349
1967-09-25,974.6728678618349,1184.2326674998292,886.8359731553609,1163.7595665436447,2606.326105934531,2831.7201238797325,2481.116000871434,2772.102885715136,2289.2885856198864,2715.815915591349,2201.1844146876506,2926.691305399405
1967-09-26,953.0438930218442,1163.7595665436447,867.3881775718914,1127.2878673144805,2437.26818877468,2772.102885715136,2319.1277265583963,2715.815915591349,2127.4712612236103,2926.691305399405,2041.3399733646265,2545.1930753207434
1967-09-27,936.8867559865398,1127.2878673144805,854.0989577054594,1126.101012681341,2375.044098712494,2715.815915591349,2258.6757222561055,2926.691305399405,2074.6402763561814,2545.1930753207434,1991.5379195195192,2682.9702591522378
1967-09-28,917.85755465237,1126.101012681341,842.2631195817171,1229.715273891525,2324.782268132249,2926.691305399405,2203.0902381048895,2545.1930753207434,2040.6647302416804,2682.9702591522378,1965.0513518156208,2884.54817671559
1967-09-29,954.0689400957456,1229.715273891525,855.2868166465029,1174.483300818721,2474.8107277469776,2545.1930753207434,2452.0880631642885,2682.9702591522378,2324.853179720108,2884.54817671559,2225.989270148654,2823.984437026833
1967-09-30,963.9730766737993,1174.483300818721,883.3582353518117,1113.7358448347973,2287.094866462005,2682.9702591522378,2403.3608815677535,2884.54817671559,2146.093325043125,2823.984437026833,2061.537587720614,2867.9485193798164
1967-10-01,947.904201000031,1113.7358448347973,869.33530049617,1096.8546124361303,2519.525631991103,2884.54817671559,2345.1795803310033,2823.984437026833,2137.6086937423265,2867.9485193798164,2056.1252655634917,2858.445502475483
1967-10-02,912.9445674533456,1096.8546124361303,844.4357709634196,1091.020892609824,2434.162479916883,2823.984437026833,2263.397968062557,2867.9485193798164,2086.3305597527533,2858.445502475483,2015.3474812547388,2810.0680690807785
1967-10-03,903.0110361196521,1091.020892609824,840.3103880728019,1084.3365666076543,2369.525642428658,2867.9485193798164,2248.8987766224577,2858.445502475483,2084.4649167568614,2810.0680690807785,2019.860092908169,2734.7420466905132
1967-10-04,903.2012529616284,1084.3365666076543,838.2916339982531,1080.7952218677176,2435.598990973759,2858.445502475483,2306.5213176775273,2810.0680690807785,2151.3646278526403,2734.7420466905132,2085.217766097514,2668.6213832872227
1967-10-05,900.2773233674728,1080.7952218677176,834.4812870181928,1079.9047938258511,2422.7929162577066,2810.0680690807785,2305.4240638178,2734.7420466905132,2158.1026676734896,2668.6213832872227,2091.523929627135,2610.2187443561106
1967-10-06,894.3447264321741,1079.9047938258511,827.8419508415757,1078.9687432837145,2390.5826933852277,2734.7420466905132,2292.3884968997118,2668.6213832872227,2139.5834364632533,2610.2187443561106,2072.045491547575,2530.5068683704035
1967-10-07,890.8013985558568,1078.9687432837145,823.6545340228869,1074.8864495827384,2343.8193391449295,2668.6213832872227,2237.80288060301,2610.2187443561106,2085.3170613597813,2530.5068683704035,2017.326409013359,2484.0831298353983
1967-10-08,888.5088459425248,1074.8864495827384,821.1286626102124,1086.6394875718502,2277.887216989157,2610.2187443561106,2180.355100548278,2530.5068683704035,2029.2712933493112,2484.0831298353983,1961.18971030058,2547.4801605790253
1967-10-09,888.2607258444282,1086.6394875718502,819.3047624950673,1084.6473194360137,2231.258596993366,2530.5068683704035,2141.177764687041,2484.0831298353983,1996.7906806037608,2547.4801605790253,1927.3129470974068,2638.176497972012
1967-10-10,919.6705285081077,1084.6473194360137,832.7966247671452,1062.3509313757093,2170.329415764305,2484.0831298353983,2149.059918422653,2547.4801605790253,2025.3777302100798,2638.176497972012,1937.744481873634,2548.853034108128
1967-10-11,873.6060384651383,1062.3509313757093,817.8756883588516,1062.856729090559,2195.357038818034,2547.4801605790253,2125.7987283732255,2638.176497972012,1944.352922124598,2548.853034108128,1886.8901719557434,2465.814037000058
1967-10-12,878.3487316820971,1062.856729090559,855.6583809885485,1045.26268521104,2205.58714601548,2638.176497972012,2094.011390316273,2548.853034108128,1945.4376109397879,2465.814037000058,1921.490942120009,2503.660047351248
1967-10-13,919.0915713296986,1045.26268521104,913.8461369010631,1044.124489065528,2238.089317446737,2548.853034108128,2152.8307506573806,2465.814037000058,2044.0264151274955,2503.660047351248,2037.6075169153623,2561.8049619766534
1967-10-14,943.5804302322383,1044.124489065528,870.4823045284959,1080.3511763509075,2194.279073275863,2465.814037000058,2090.2195426645376,2503.660047351248,2026.2105048544545,2561.8049619766534,1952.0947888165092,2351.798351977845
1967-10-15,885.5329039988977,1080.3511763509075,831.8215396750726,1113.199253046682,2104.8407499736586,2503.660047351248,2028.3815097894126,2561.8049619766534,1905.7968751206613,2351.798351977845,1850.8198700878502,2007.7092434157187
1967-10-16,909.9797664489774,1113.199253046682,858.3433917241597,1041.0200970517953,2148.5721803397128,2561.8049619766534,2103.9805301966508,2351.798351977845,1969.3461277687302,2007.7092434157187,1916.595186809502,1849.0366770222836
1967-10-17,947.0840137863586,1041.0200970517953,874.5653336844244,807.3996574031601,2230.3284358351953,2351.798351977845,2185.0713631856934,2007.7092434157187,2043.267092380155,1849.0366770222836,1969.9416576367448,2686.312787054173
1967-10-18,967.6931137784671,807.3996574031601,840.3054809916957,1038.6500299449324,2087.913272826711,2007.7092434157187,2007.0165268348453,1849.0366770222836,1980.383804935646,2686.312787054173,1852.2246991614302,1770.6972169254948
1967-10-19,906.0788170647377,1038.6500299449324,641.9497354468509,1121.2240412934595,1767.2302964249861,1849.0366770222836,1714.6428952991992,2686.312787054173,1830.6785066600448,1770.6972169254948,1562.2609830248334,1867.6408465525408
1967-10-20,744.9624194234992,1121.2240412934595,2519.045279651502,2448.921972629237,1626.1986599785937,2686.312787054173,1940.5392923614445,1770.6972169254948,1606.8372546672006,1867.6408465525408,3373.681845460002,4335.130893205237
1967-10-21,2728.6354739724784,2448.921972629237,2231.967299035559,2819.9395841632354,2643.3844851014273,1770.6972169254948,2640.522175226787,1867.6408465525408,4205.876651631106,4335.130893205237,3703.841181946815,3867.069303075009
1967-10-22,1963.7779990490442,2819.9395841632354,1495.8691491347654,2680.23261154223,1747.4737489555616,1867.6408465525408,3017.4527793528146,4335.130893205237,2517.0978962766453,3867.069303075009,2043.353766390041,3223.9497620264615
1967-10-23,1996.5172775943474,2680.23261154223,1724.4337327724825,2188.1173739572323,3095.664346912348,4335.130893205237,3397.9153621261835,3867.069303075009,2572.2914531258466,3223.9497620264615,2295.042195967731,2845.1879272556926
1967-10-24,2042.1269448015332,2188.1173739572323,1766.7150908462213,1397.8551867907179,4332.398620878762,3867.069303075009,4038.5327844404774,3223.9497620264615,3402.024579107956,2845.1879272556926,3123.8188341290083,5523.66729827593
1967-10-25,1892.6348142793413,1397.8551867907179,1604.5768607820562,1822.3811718900656,3525.533607470321,3223.9497620264615,3114.9219429712466,2845.1879272556926,2852.6498927721073,5523.66729827593,2561.5059969298095,5326.9634467151245
1967-10-26,1620.7101188207848,1822.3811718900656,1160.0103492092564,1930.9546427230798,2746.039490093596,2845.1879272556926,2489.440215167295,5523.66729827593,2600.2971805346706,5326.9634467151245,2123.7486564634287,5002.739382826751
1967-10-27,1190.9743092117903,1930.9546427230798,2044.9193673714942,2487.6787862956185,2487.656416798798,5523.66729827593,2995.757825989309,5326.9634467151245,2205.7979877176563,5002.739382826751,3043.9922738957043,5634.463303880102
1967-10-28,2443.157423257031,2487.6787862956185,2299.4906202366446,3359.77125292622,5320.4539521581355,5326.9634467151245,4966.622141168064,5002.739382826751,5359.383438292287,5634.463303880102,5208.251069572178,5634.59336824061
1967-10-29,2209.367763624792,3359.77125292622,2212.166548514646,3153.9982740379837,4726.786479101813,5002.739382826751,4923.854720043204,5634.463303880102,4573.331488716097,5634.59336824061,4570.5698862550735,5458.447267225627
1967-10-30,2810.775883965812,3153.9982740379837,2468.668762568333,3019.9916942427485,4929.8230960624805,5634.463303880102,5507.6098575337755,5634.59336824061,4917.870495218342,5458.447267225627,4571.440109685828,4571.51814140027
1967-10-31,2541.146918694535,3019.9916942427485,2223.677546767632,2796.253688219216,5854.827332236852,5634.59336824061,5359.260146302007,5458.447267225627,4721.666916182745,4571.51814140027,4401.3802013653785,4754.581352026671
1967-11-01,2397.7058110108374,2796.253688219216,2126.16940465531,2582.2202283574425,4958.350858060153,5458.447267225627,4639.751329097263,4571.51814140027,4014.6727070229117,4754.581352026671,3740.2736998702258,7462.078975370952
1967-11-02,2431.456146786766,2582.2202283574425,2119.1606499398513,2879.0795558017044,4864.844429577719,4571.51814140027,4722.929146652294,4754.581352026671,4379.586159735623,7462.078975370952,4064.553525869678,8102.611063366657
1967-11-03,2455.515844169844,2879.0795558017044,2301.554180506431,2912.61175161456,4305.827911861857,4754.581352026671,5037.621397275373,7462.078975370952,4684.661808252286,8102.611063366657,4504.331983787525,7800.272071980893
1967-11-04,2502.617074993414,2912.61175161456,2792.4834748297553,3369.568189575113,5274.595797344909,7462.078975370952,5510.17403194084,8102.611063366657,4876.234581992927,7800.272071980893,5140.483229257122,7672.793246697965
1967-11-05,2912.116420505672,3369.568189575113,2662.0085014106194,3626.2695141566837,7123.660414380528,8102.611063366657,6456.932874913888,7800.272071980893,6270.360265820633,7672.793246697965,6006.585309175785,7279.566387899019
1967-11-06,2808.350900617522,3626.2695141566837,2643.179429581352,3530.066730692365,6983.494335649939,7800.272071980893,6810.168488778852,7672.793246697965,6148.521647717387,7279.566387899019,5977.170308326238,7231.566276696716
1967-11-07,3008.5775828782344,3530.066730692365,2686.806654337536,3409.6842020575186,7156.65046342195,7672.793246697965,6954.2953278986215,7279.566387899019,6263.14796821671,7231.566276696716,5937.115329253118,7019.110675273723
1967-11-08,2862.8256630009632,3409.6842020575186,2553.0645261550094,3246.1260325855055,7045.8289125478,7279.566387899019,6556.795913846382,7231.566276696716,5841.449216355669,7019.110675273723,5528.570582099053,6630.778234072774
1967-11-09,2773.7278769958393,3246.1260325855055,2453.178170194524,3097.3344972487776,6443.7186532048945,7231.566276696716,6017.93073726036,7019.110675273723,5353.4108004511845,6630.778234072774,5029.888137951791,6180.852770345016
1967-11-10,2627.091693863133,3097.3344972487776,2332.274572362772,2872.4009805425844,6365.591545911211,7019.110675273723,5930.397631455882,6630.778234072774,5280.137315014362,6180.852770345016,4982.557990417949,5751.858475032997
1967-11-11,2491.447943054317,2872.4009805425844,2219.3671043223553,2739.3018648279044,6155.017577130688,6630.778234072774,5704.961939265104,6180.852770345016,5077.996385029672,5751.858475032997,4804.099244987654,5496.623980359784
1967-11-12,2386.5299293497537,2739.3018648279044,2028.7392833380645,2691.736391796325,5794.117941580644,6180.852770345016,5331.754062774384,5751.858475032997,4839.424554578028,5496.623980359784,4480.2188765744595,5046.196183409385
1967-11-13,2229.6846255499413,2691.736391796325,2026.9489724237937,2639.071926274061,5367.131079479981,5751.858475032997,5039.012832073947,5496.623980359784,4507.95407084643,5046.196183409385,4302.598202132404,4995.379834693702
1967-11-14,2179.763223252822,2639.071926274061,2145.2445673146763,2632.594437741889,5091.707250075189,5496.623980359784,4826.394526290845,5046.196183409385,4297.902111353039,4995.379834693702,4261.273906540171,5084.6717922019
1967-11-15,2333.332775095055,2632.594437741889,2066.4829750093354,2719.618428890356,4915.25689870022,5046.196183409385,4670.705767125695,4995.379834693702,4356.709434881597,5084.6717922019,4087.627697124316,5006.037719506852
1967-11-16,2160.508289242966,2719.618428890356,2047.3385688552828,2702.857519143049,4561.254708365215,4995.379834693702,4382.618801357835,5084.6717922019,3911.222093484893,5006.037719506852,3795.7209124681876,5027.066167168286
1967-11-17,2304.727516042435,2702.857519143049,2123.272876552565,2737.425837291964,4537.158436485857,5084.6717922019,4452.356310881377,5006.037719506852,4040.0766436608774,5027.066167168286,3856.514665929136,5100.727446986231
1967-11-18,2295.6361247781438,2737.425837291964,2070.0198280720715,2730.4925367596416,4691.410792049735,5006.037719506852,4502.893395089688,5027.066167168286,4104.036156174011,5100.727446986231,3877.067307503567,5063.270428956279
1967-11-19,2280.711823746751,2730.4925367596416,2068.8009448585353,2691.22875122423,4546.687905393637,5027.066167168286,4451.441049633041,5100.727446986231,3995.9262734111694,5063.270428956279,3781.948459685749,4607.412221028438
1967-11-20,2235.0698125446684,2691.22875122423,2038.7669616416551,2663.0005334901507,4636.547550637914,5100.727446986231,4463.215435237809,5063.270428956279,3966.416208654449,4607.412221028438,3768.420537173315,4057.7063317589227
1967-11-21,2222.8593684417233,2663.0005334901507,1986.1085594730243,2447.642856123703,4635.255527086593,5063.270428956279,4429.636156279755,4607.412221028438,3964.62658381312,4057.7063317589227,3726.439481147543,4580.49376262942
1967-11-22,2171.4608439470635,2447.642856123703,1942.1241313366393,2547.216498442177,4574.793317523596,4607.412221028438,4389.0513712563115,4057.7063317589227,3906.3651915890755,4580.49376262942,3675.986349090248,5173.021273648383
1967-11-23,2288.6331531661585,2547.216498442177,1868.4983434246724,2945.3780325540174,4229.237208702587,4057.7063317589227,4069.4281311622644,4580.49376262942,3932.618682315866,5173.021273648383,3510.802788303905,5825.439970408334
1967-11-24,2044.2439842434762,2945.3780325540174,2070.1489693207122,3079.6197274194265,3776.6220246625426,4580.49376262942,4013.3703941683134,5173.021273648383,3451.972021232766,5825.439970408334,3470.778091961023,6678.04334477308
1967-11-25,2597.8572738196017,3079.6197274194265,2545.466686612655,3563.6704041172597,4529.73337203048,5173.021273648383,5043.5073787019155,5825.439970408334,4615.578204606446,6678.04334477308,4554.133992363444,7006.3803320038405
1967-11-26,2779.004092627508,3563.6704041172597,2633.1731001753465,3827.3862184115205,5424.931989595975,5825.439970408334,5482.360420540264,6678.04334477308,5047.094790456322,7006.3803320038405,4889.233674670045,7278.866661170411
1967-11-27,3030.9026131257497,3827.3862184115205,3046.155039697292,4055.0941651953262,5660.8892996098675,6678.04334477308,5830.255504027471,7006.3803320038405,5194.831628038241,7278.866661170411,5201.225106382793,7773.15818365949
1967-11-28,3357.7356178999803,4055.0941651953262,3125.1116022823207,4238.898138207321,6482.4644982740765,7006.3803320038405,6420.503782955434,7278.866661170411,5864.938549383552,7773.15818365949,5626.338067421305,7960.341451023102
1967-11-29,3404.195833742451,4238.898138207321,3094.576745446594,4117.672317586749,6621.037659790262,7278.866661170411,6558.212291284504,7773.15818365949,5847.221828559364,7960.341451023102,5532.871419658766,8815.681570861721
1967-11-30,3459.2056459340083,4117.672317586749,3105.191027419882,3978.8572337753217,6860.2545885811305,7773.15818365949,6753.133876569628,7960.341451023102,5927.494480018638,8815.681570861721,5570.112021028848,9603.368946133814
1967-12-01,3350.7849701541127,3978.8572337753217,2906.6011846445203,3909.8311582463894,7227.945159240364,7960.341451023102,6816.263492371972,8815.681570861721,6003.478212960276,9603.368946133814,5556.741163021515,11969.658317479705
1967-12-02,3143.8450074094667,3909.8311582463894,2725.186873380915,4187.380447805206,7084.0472330628545,8815.681570861721,6645.930191391768,9603.368946133814,5774.865305796398,11969.658317479705,5354.428734194081,11418.232083544814
1967-12-03,3259.5915507969185,4187.380447805206,2710.3624164812654,4122.554584209667,7720.195215434797,9603.368946133814,7514.419870311746,11969.658317479705,6833.63916773699,11418.232083544814,6283.489616097021,11048.394545010262
1967-12-04,3214.3156390095273,4122.554584209667,2887.9143359932445,3907.9504425065425,8524.592982970229,11969.658317479705,8645.0129054773,11418.232083544814,7521.994792172569,11048.394545010262,7188.127253962773,10632.145875751254
1967-12-05,3289.9693699616555,3907.9504425065425,2898.653250827665,3875.0789017154607,10797.347556340632,11418.232083544814,10023.83591181648,11048.394545010262,9023.579261257473,10632.145875751254,8629.711347815804,9835.837768899
1967-12-06,3118.6894252238985,3875.0789017154607,2746.256274506912,3773.2844886734265,9869.155610280017,11048.394545010262,8990.147109557494,10632.145875751254,8069.5079563858035,9835.837768899,7695.380948948719,9336.915123115501
1967-12-07,3048.73552677955,3773.2844886734265,2777.5646221515985,3675.7963914199545,9348.415286058944,10632.145875751254,8693.538421241612,9835.837768899,7763.866616245103,9336.915123115501,7492.700635230491,9290.30040602812
1967-12-08,3115.2960291026457,3675.7963914199545,2703.9411874580555,3573.7078388447217,9132.141857461183,9835.837768899,8485.937245870042,9336.915123115501,7740.253966155358,9290.30040602812,7329.490169508668,8375.941868360092
1967-12-09,2924.661960379977,3573.7078388447217,2602.979186733437,3428.6994592180035,8491.349504088303,9336.915123115501,7911.52036009877,9290.30040602812,7067.037645242566,8375.941868360092,6744.585966830934,7451.819461323664
1967-12-10,2846.2994006160307,3428.6994592180035,2536.8944153557545,2886.775797078781,8082.683569093078,9290.30040602812,7504.233892743765,8375.941868360092,6701.874784094474,7451.819461323664,6392.516385472642,9788.7940494094
1967-12-11,2763.985501450649,2886.775797078781,2430.072885280309,2281.22838728948,7992.1625700371815,8375.941868360092,7380.619397084373,7451.819461323664,6658.952038146869,9788.7940494094,6326.490775576247,10264.671698818769
1967-12-12,2533.861686682544,2281.22838728948,1725.8080818623375,2786.661726037255,7265.596261454002,7451.819461323664,6519.813195526453,9788.7940494094,6134.068367988216,10264.671698818769,5326.243597768305,8965.494282547741
1967-12-13,1737.4241794676195,2786.661726037255,1354.194880776402,3269.432946578472,6557.441203741257,9788.7940494094,5934.909622020341,10264.671698818769,5268.0762945817405,8965.494282547741,4876.993075020873,8360.805860123772
1967-12-14,2050.308268950592,3269.432946578472,2948.1748607097693,4199.150629264393,8043.576547807213,10264.671698818769,8041.546465751332,8965.494282547741,7106.7960230900135,8360.805860123772,7998.749043416159,9423.936369018704
1967-12-15,3547.3365478476526,4199.150629264393,3753.7065827686793,5132.045845650118,9165.056169839543,8965.494282547741,8903.483580960605,8360.805860123772,9009.263834596943,9423.936369018704,9214.44492111306,10283.186623063113
1967-12-16,3989.887896239433,5132.045845650118,3796.8875140795008,5254.863306296011,8159.06028349884,8360.805860123772,8560.291570498803,9423.936369018704,8229.732258602011,10283.186623063113,8034.449378750036,10777.024579937583
1967-12-17,4330.9292231897225,5254.863306296011,3781.8787938648807,4942.567888390215,8286.712201887607,9423.936369018704,8786.245954795537,10283.186623063113,7888.7006407904355,10777.024579937583,7336.685732214401,10584.016368323624
1967-12-18,4171.032069458309,4942.567888390215,3536.399838412466,4614.723107836422,9296.575032469313,10283.186623063113,8976.04303775891,10777.024579937583,7812.266105850691,10584.016368323624,7176.266073069585,9829.033137222003
1967-12-19,3850.5052426653333,4614.723107836422,3189.2790750738695,4223.636086204162,9345.050138309434,10777.024579937583,8638.192650363946,10584.016368323624,7468.583940513431,9829.033137222003,6806.004285074846,9417.842771256135
1967-12-20,3495.2593695760506,4223.636086204162,3076.0106236812107,3969.6343180011463,9342.939085278373,10584.016368323624,8543.60403779575,9829.033137222003,7345.707505640881,9417.842771256135,6926.520491174606,9068.199370124265
1967-12-21,3373.6690663722347,3969.6343180011463,2917.8399361174597,3940.340934307942,9055.990035184273,9829.033137222003,8196.13422100236,9417.842771256135,7280.591096824275,9068.199370124265,6825.975873375583,8487.59018957946
1967-12-22,3211.710311769005,3940.340934307942,2693.820148039949,3633.42833717028,8355.598825592504,9417.842771256135,7724.9975660857035,9068.199370124265,6916.157287619529,8487.59018957946,6399.501894508709,7998.838490549857
1967-12-23,3028.559312603101,3633.42833717028,2885.9572297550385,3539.3236996131545,8117.232858388743,9068.199370124265,7704.095687078335,8487.59018957946,6711.710655239377,7998.838490549857,6568.826726753452,8038.984022540319
1967-12-24,3111.6626388674476,3539.3236996131545,2844.411131983765,3738.421733430693,8013.824676384616,8487.59018957946,7276.893449211708,7998.838490549857,6695.449948341875,8038.984022540319,6429.300188750024,7910.765186409545
1967-12-25,3011.9082807864293,3738.421733430693,2669.6441893996584,3625.9369248199123,7246.0616625818275,7998.838490549857,6799.789202131938,8038.984022540319,6221.366258735796,7910.765186409545,5879.432866465515,7714.23241259412
1967-12-26,3013.182366567324,3625.9369248199123,2724.6542857084523,3532.786966285452,7026.4203737253465,8038.984022540319,6886.514607818858,7910.765186409545,6112.5679414227925,7714.23241259412,5824.388692323191,7605.439017098829
1967-12-27,2987.03040495329,3532.786966285452,2632.5793971887815,3460.3622759320697,7328.3390889116945,7910.765186409545,6862.958374348478,7714.23241259412,6175.518088936653,7605.439017098829,5821.844463995843,7341.7274606823175
1967-12-28,2860.7708280419747,3460.3622759320697,2520.268227390559,3327.5189639645396,6956.541269678031,7714.23241259412,6542.448749506136,7605.439017098829,5823.496706428388,7341.7274606823175,5483.241584849991,7056.602986574906
1967-12-29,2785.711328208361,3327.5189639645396,2446.864984793084,3191.1002411208274,6797.944784075324,7605.439017098829,6403.52376629987,7341.7274606823175,5687.51984872729,7056.602986574906,5349.356832831044,6811.079321253583
1967-12-30,2675.3884378485027,3191.1002411208274,2337.966192106017,3051.0153597379904,6709.666590941257,7341.7274606823175,6268.0473539480445,7056.602986574906,5575.046545696038,6811.079321253583,5238.457561084726,6533.444549229052
1967-12-31,2555.5671971179627,3051.0153597379904,2240.2605436189433,2921.378222339379,6431.006512420345,7056.602986574906,6002.845694829941,6811.079321253583,5326.710181850769,6533.444549229052,5011.906741643744,6288.987496385461
1968-01-01,2449.708013210339,2921.378222339379,2150.7070372690687,2792.548570325357,6185.404442447787,6811.079321253583,5763.536498576759,6533.444549229052,5122.549593532638,6288.987496385461,4823.907192191347,6035.599190580749
1968-01-02,2347.55656144849,2792.548570325357,2059.817072984368,2669.4551178143074,5951.006942465312,6533.444549229052,5547.135911776083,6288.987496385461,4936.982295604994,6035.599190580749,4649.722600198098,5800.432556357329
1968-01-03,2246.679122568864,2669.4551178143074,1978.750520812326,2565.9410691133226,5718.801196766528,6288.987496385461,5326.8231090983645,6035.599190580749,4745.936406606892,5800.432556357329,4478.425091231598,5591.474201148447
1968-01-04,2156.80257335717,2565.9410691133226,1906.7572502155517,2484.566851164177,5493.176814772951,6035.599190580749,5120.015103746282,5800.432556357329,4573.599790163512,5591.474201148447,4323.912879544874,5390.26169110684
1968-01-05,2082.728381197577,2484.566851164177,1845.9761674570043,2403.744040699684,5282.093793510905,5800.432556357329,4937.151967543504,5591.474201148447,4421.831723569463,5390.26169110684,4185.4380451346315,5215.220995786125
1968-01-06,2020.4259159756868,2403.744040699684,1794.8011356512975,2329.8869469685897,5090.562379948755,5591.474201148447,4777.568197381332,5390.26169110684,4282.453837752799,5215.220995786125,4057.170302419742,5069.626004913966
1968-01-07,1960.1818345881084,2329.8869469685897,1744.5559406246691,2267.4876833318335,4920.706998655687,5390.26169110684,4618.8712719862915,5215.220995786125,4145.910082984863,5069.626004913966,3930.6368560578408,4932.1296372228735
1968-01-08,1905.5782749561672,2267.4876833318335,1699.8350582125145,2211.704946645952,4754.275770178548,5215.220995786125,4470.479345527648,5069.626004913966,4017.085818020355,4932.1296372228735,3811.5783330061363,4806.177488944896
1968-01-09,1858.6120016845157,2211.704946645952,1658.6044399534912,2156.7512642223774,4608.935780692741,5069.626004913966,4343.351365132454,4932.1296372228735,3905.798102026444,4806.177488944896,3705.9740225234036,4685.206907916983
1968-01-10,1814.5527678849662,2156.7512642223774,1616.8803763255012,2097.8339460924603,4483.489265280733,4932.1296372228735,4230.663592898797,4806.177488944896,3805.75768646526,4685.206907916983,3608.2761667430827,4758.61182985161
1968-01-11,1767.7260662880076,2097.8339460924603,1577.249486247347,2072.608223123185,4368.659697373405,4806.177488944896,4124.2679325977315,4685.206907916983,3707.570279385286,4758.61182985161,3517.2326037575685,5281.016108094809
1968-01-12,1723.8792972598708,2072.608223123185,1539.132149480949,2025.173358389357,4261.664869296961,4685.206907916983,4018.622849768209,4758.61182985161,3617.0497993650088,5281.016108094809,3432.4036303419043,5227.6074560982925
1968-01-13,1682.2431132367615,2025.173358389357,1503.5188631355288,1988.463448082425,4152.317988538134,4758.61182985161,3919.7344655055986,5281.016108094809,3529.8923210090707,5227.6074560982925,3351.249787755421,5135.509307458833
1968-01-14,1644.2163023258595,1988.463448082425,1470.6587174183594,1865.0644713829133,4181.333818158247,5281.016108094809,3943.4323563244725,5227.6074560982925,3562.6577504729694,5135.509307458833,3389.4339636087507,4619.666748020183
1968-01-15,1606.8832824470228,1865.0644713829133,1425.1682196371153,1891.278680075134,4558.565955438822,5227.6074560982925,4276.85832103679,5135.509307458833,3900.256268969755,4619.666748020183,3719.7474244598334,4571.983189073373
1968-01-16,1558.0932769477004,1891.278680075134,1403.3278517826998,1858.3015876070897,4506.918621162295,5135.509307458833,4220.186048981402,4619.666748020183,3841.113346566429,4571.983189073373,3687.5741451102795,4563.132883721412
1968-01-17,1534.0066139026812,1858.3015876070897,1376.129963126295,1749.3148795414245,4414.942936658848,4619.666748020183,4126.003183500103,4571.983189073373,3779.67839716876,4563.132883721412,3623.0734381572474,4437.978241897151
1968-01-18,1504.4654440453805,1749.3148795414245,1354.315563379085,1673.8002151813812,4059.217112883758,4571.983189073373,3826.122732092368,4563.132883721412,3487.169840579809,4437.978241897151,3337.7384817913917,4390.438464974518
1968-01-19,1477.7614961475838,1673.8002151813812,1330.8482253076047,1711.895372507111,3968.365431213503,4563.132883721412,3738.200643838705,4437.978241897151,3409.9399588545793,4390.438464974518,3263.735482092109,4379.91351930921
1968-01-20,1457.9842300037617,1711.895372507111,1311.4613997596612,1664.905469991635,3943.7174667817635,4437.978241897151,3725.284610529974,4390.438464974518,3400.777003722285,4379.91351930921,3255.0546012404734,4402.205177625116
1968-01-21,1438.2579086938374,1664.905469991635,1291.9055312773583,1736.4331968802217,3914.8059095418944,4390.438464974518,3698.8153037039697,4379.91351930921,3376.578039149848,4402.205177625116,3231.089162939109,4422.848408462106
1968-01-22,1416.7421177946449,1736.4331968802217,1271.0754205039716,1491.4520395249897,3931.5937903614476,4379.91351930921,3710.1136726012455,4402.205177625116,3388.83423073978,4422.848408462106,3244.158644755692,4119.032288329291
1968-01-23,1391.864295691326,1491.4520395249897,1248.598096991713,1683.9506908551664,3871.39845799508,4402.205177625116,3646.0645145449125,4422.848408462106,3330.747596725865,4119.032288329291,3188.4335888603546,4230.61407446416
1968-01-24,1370.8393426437758,1683.9506908551664,1229.7082210167348,1654.2500386998358,3893.8561384737086,4422.848408462106,3667.181346318479,4119.032288329291,3355.233160710489,4230.61407446416,3215.2112620500893,4156.9372065632115
1968-01-25,1344.019592358305,1654.2500386998358,1207.03325516924,1414.5069342875872,3828.712248207442,4119.032288329291,3599.4542749177263,4230.61407446416,3293.461265522229,4156.9372065632115,3157.5696659039468,3917.1742453054303
1968-01-26,1320.2184881827322,1414.5069342875872,1186.1891062936022,1610.4226803365905,3751.3239185902157,4230.61407446416,3527.9477791917834,4156.9372065632115,3229.540234911218,3917.1742453054303,3096.5575901461134,4237.189060566569
1968-01-27,1298.7583964016887,1610.4226803365905,1166.986381470195,1567.1446076538364,3657.4635832580425,4156.9372065632115,3444.6702951067755,3917.1742453054303,3152.9444861678912,4237.189060566569,3022.1700722282017,4490.313125214425
1968-01-28,1279.0049678597973,1567.1446076538364,1149.7825091615855,1446.5413978458146,3590.880649356069,3917.1742453054303,3385.725582556919,4237.189060566569,3098.841790743784,4490.313125214425,2970.5912936594514,4451.34458615092
1968-01-29,1263.5694650605672,1446.5413978458146,1134.218525559292,1577.8535651994384,3569.2811093167884,4237.189060566569,3369.542813664758,4490.313125214425,3085.8978369226734,4451.34458615092,2957.5907881289504,4739.512108497549
1968-01-30,1260.2824466864329,1577.8535651994384,1122.661050416815,1600.1531202692258,3646.750361943825,4490.313125214425,3452.5781447327863,4451.34458615092,3172.1149073260776,4739.512108497549,3035.877019518924,5041.071897938783
1968-01-31,1260.80233206012,1600.1531202692258,1126.955326391408,1367.7033701591706,3872.1987925347453,4451.34458615092,3675.2429592522476,4739.512108497549,3373.4619222019546,5041.071897938783,3241.148106388974,4912.546268876341
1968-02-01,1247.783443209486,1367.7033701591706,1117.6067224119424,1506.4838582875927,3950.3531794536057,4739.512108497549,3720.228313027092,5041.071897938783,3409.3340933762374,4912.546268876341,3280.851733438908,6222.626864318421
1968-02-02,1250.3813841928877,1506.4838582875927,1059.9660864769355,1270.5084886869868,4059.4821285319795,5041.071897938783,3823.0691513325546,4912.546268876341,3541.9160154938727,6222.626864318421,3353.790359750851,6074.691704784875
1968-02-03,1195.246147555153,1270.5084886869868,872.5391985240238,1330.946028861671,4281.321174777122,4912.546268876341,4029.429509524225,6222.626864318421,3759.0594699945614,6074.691704784875,3438.0009593216764,5873.058642386084
1968-02-04,947.3126866739854,1330.946028861671,759.9280171856451,1138.7337351293509,4386.720000219323,6222.626864318421,4161.621638760482,6074.691704784875,3668.084164635279,5873.058642386084,3480.5857568747288,5417.164081966403
1968-02-05,932.6642382405059,1138.7337351293509,830.9434298198953,1220.7975556825418,5231.499007082955,6074.691704784875,4718.427228701171,5873.058642386084,4324.523191568387,5417.164081966403,4224.071545555974,5273.165590472788
1968-02-06,955.5756661407727,1220.7975556825418,964.0918236662014,1341.8401474427724,5088.03434870712,5873.058642386084,4616.242574640619,5417.164081966403,4323.517278876863,5273.165590472788,4333.9751906873535,5097.038805874334
1968-02-07,1064.689225214116,1341.8401474427724,1146.710725346092,1426.5794782568128,4786.363536238616,5417.164081966403,4422.604056166678,5273.165590472788,4247.665576573725,5097.038805874334,4331.2500701576255,4840.586131935586
1968-02-08,1234.4465923819323,1426.5794782568128,1262.7067943404638,1705.164914261337,4596.888230139053,5273.165590472788,4343.564379685511,5097.038805874334,4253.402041439986,4840.586131935586,4283.113755577237,4912.92072417133
1968-02-09,1373.5208151753127,1705.164914261337,1321.9799938850665,1648.2039381302363,4507.203429551638,5097.038805874334,4381.3007316115345,4840.586131935586,4238.2535365781605,4912.92072417133,4188.421372538511,4692.86504069606
1968-02-10,1467.5479979621118,1648.2039381302363,1340.486065707736,1929.8683403370376,4450.643534524281,4840.586131935586,4359.680517820981,4912.92072417133,4122.909667930596,4692.86504069606,3997.27063459419,4815.616276770341
1968-02-11,1505.9026811832862,1929.8683403370376,1346.715960907321,1763.0049932955612,4412.623580427513,4912.92072417133,4289.762046379054,4692.86504069606,3954.9577133438424,4815.616276770341,3796.7324363954544,4698.669096799545
1968-02-12,1510.9469833888675,1763.0049932955612,1340.386750258888,1876.354661874523,4388.379686711221,4692.86504069606,4189.64896302096,4815.616276770341,3817.0943359550915,4698.669096799545,3647.5054364913767,4819.757250916803
1968-02-13,1488.585880652359,1876.354661874523,1323.042126716341,1670.0850073712259,4296.19754466807,4815.616276770341,4054.4482279013896,4698.669096799545,3677.7573481308764,4819.757250916803,3512.8729395291866,4568.670276600032
1968-02-14,1460.3119088069384,1670.0850073712259,1299.082541485803,1804.0858557235933,4209.580728463239,4698.669096799545,3953.7803546973555,4819.757250916803,3589.5724047000313,4568.670276600032,3429.079036507119,4645.735862079843
1968-02-15,1431.6497831132222,1804.0858557235933,1272.7143810865327,1650.7695337230648,4166.635133974229,4819.757250916803,3913.40138767076,4568.670276600032,3558.1178680190733,4645.735862079843,3399.9664854626235,4415.204144850781
1968-02-16,1400.6745297303264,1650.7695337230648,1251.062786412768,1623.0854884707578,4135.047328411652,4568.670276600032,3878.6969818756525,4645.735862079843,3530.4190809611437,4415.204144850781,3381.7390417276583,4264.754142358223
1968-02-17,1376.0264883329585,1623.0854884707578,1228.770046790773,1573.4503117463642,4070.1598690366973,4645.735862079843,3816.99285378478,4415.204144850781,3482.914154696866,4264.754142358223,3336.606673032338,4190.911650034471
1968-02-18,1351.0333417543163,1573.4503117463642,1203.9364676488408,1645.5690061623236,3974.026276864561,4415.204144850781,3733.2527074143754,4264.754142358223,3407.6150381195657,4190.911650034471,3261.428036325149,4197.28720508982
1968-02-19,1324.2466573471127,1645.5690061623236,1183.885129220412,1534.694390043024,3881.7813675298626,4264.754142358223,3648.666747359187,4190.911650034471,3327.7777186674894,4197.28720508982,3188.234823871,4001.9920855559317
1968-02-20,1302.5181781475255,1534.694390043024,1166.7907092806431,1595.6315398216675,3794.003787078018,4190.911650034471,3567.2301327373725,4197.28720508982,3258.2393588035425,4001.9920855559317,3123.3263789197463,4002.325944352318
1968-02-21,1280.577219216358,1595.6315398216675,1147.4528634077403,1396.553356307234,3704.9086433532857,4197.28720508982,3488.29170890171,4001.9920855559317,3186.217690104794,4002.325944352318,3053.827153949548,3699.7275434080093
1968-02-22,1263.3219428727502,1396.553356307234,1131.634908223566,1586.0728358713077,3625.6694012432863,4001.9920855559317,3417.211445073986,4002.325944352318,3121.483373072003,3699.7275434080093,2990.4747338240813,3894.5987435886864
1968-02-23,1244.4356669861693,1586.0728358713077,1115.4906491587958,1420.1850243431193,3558.777057447648,4002.325944352318,3357.777602967399,3699.7275434080093,3064.9684137404447,3894.5987435886864,2936.6885830324068,3688.485269177978
1968-02-24,1226.6873749922872,1420.1850243431193,1101.0860810139343,1532.6730074721675,3491.9007660119455,3699.7275434080093,3292.74611837648,3894.5987435886864,3008.0411463177243,3688.485269177978,2883.08594397281,3762.0653819891695
1968-02-25,1210.720654545711,1532.6730074721675,1086.0084085717028,1402.5517260341464,3425.717195507506,3894.5987435886864,3234.856959706231,3688.485269177978,2956.1401984006484,3762.0653819891695,2832.0308239933274,3554.081417196531
1968-02-26,1197.3200585575555,1402.5517260341464,1070.8038205531452,1332.116447106617,3371.9475357959145,3688.485269177978,3192.4258461203253,3762.0653819891695,2914.0060799481876,3554.081417196531,2788.0623573362154,3471.056844678534
1968-02-27,1187.8528083461083,1332.116447106617,1063.9504934841038,1555.5212732631517,3327.8305739413163,3762.0653819891695,3158.461920274729,3554.081417196531,2877.088551260864,3471.056844678534,2753.706201097763,3696.3559999492704
1968-02-28,1186.7823228592847,1555.5212732631517,1060.8665715140758,1412.497759422134,3284.322764722545,3554.081417196531,3126.5184574686205,3471.056844678534,2844.3686420431613,3696.3559999492704,2718.9930153523655,3583.020079468868
1968-02-29,1199.0250198531726,1412.497759422134,1066.349647556243,1512.3650053126594,3248.3067025846685,3471.056844678534,3118.7105577517405,3696.3559999492704,2825.7339403864107,3583.020079468868,2693.5062211518434,3644.6086201219505
1968-03-01,1182.5605302131162,1512.3650053126594,1053.5220888439562,1250.047805039512,3252.492306224279,3696.3559999492704,3081.4970193067074,3583.020079468868,2790.2069298206548,3644.6086201219505,2661.5150880056285,3480.67651031641
1968-03-02,1151.103097572527,1250.047805039512,1027.0650155756125,1464.779234374962,3236.2941140030484,3583.020079468868,3037.757341941645,3644.6086201219505,2758.3088505963615,3480.67651031641,2634.6917851951166,3736.2708045222917
1968-03-03,1129.5440042521318,1464.779234374962,1010.9489491412676,1311.7140505877458,3215.1876572083024,3644.6086201219505,3027.105128629897,3480.67651031641,2757.6668674864704,3736.2708045222917,2639.6174223312046,3603.8574947960233
1968-03-04,1114.9511329932511,1311.7140505877458,997.3438446207646,1233.253074122139,3194.083500192045,3480.67651031641,3017.8544114969804,3736.2708045222917,2753.908870536451,3603.8574947960233,2636.878276488031,3393.8420370312856
1968-03-05,1103.4263175965466,1233.253074122139,986.5767461133867,1392.7221573238533,3216.5210035361106,3736.2708045222917,3042.247661413063,3603.8574947960233,2777.658273795468,3393.8420370312856,2661.47147353338,3606.969509949334
1968-03-06,1087.6975091262466,1392.7221573238533,973.8375863149656,1296.3730673389305,3235.928490301869,3603.8574947960233,3047.2896201798703,3393.8420370312856,2788.6833460146036,3606.969509949334,2675.6507507075025,3668.6344306051624
1968-03-07,1077.5312098539566,1296.3730673389305,965.1046460072714,1379.6306955387945,3230.0266852754066,3393.8420370312856,3048.5565459613535,3606.969509949334,2792.8799949083987,3668.6344306051624,2681.329273170385,3687.878627874031
1968-03-08,1086.7048066843154,1379.6306955387945,966.8740788652487,1528.340448319315,3152.969900737341,3606.969509949334,3008.7325839368996,3668.6344306051624,2748.4119408144747,3687.878627874031,2629.4528648835903,3690.7312367995564
1968-03-09,1140.343041127182,1528.340448319315,990.5227846718614,1651.2039824565138,3182.039507053072,3668.6344306051624,3101.215591739551,3687.878627874031,2821.435529956714,3690.7312367995564,2672.552072271652,3809.0381421897528
1968-03-10,1248.6051251638378,1651.2039824565138,1052.3295476043472,1899.2477548804723,3383.324686187035,3687.878627874031,3363.8989678890857,3690.7312367995564,3062.5009723733237,3809.0381421897528,2866.849373529946,4507.8196320207335
1968-03-11,1359.044280226713,1899.2477548804723,1154.042755415812,1824.7809292089255,3481.619596739488,3690.7312367995564,3526.5279538020995,3809.0381421897528,3152.685853788371,4507.8196320207335,2947.3937379241092,5062.659159953599
1968-03-12,1449.2371450623862,1824.7809292089255,1236.899579644794,1890.3401208876994,3601.6508753826665,3809.0381421897528,3635.865063234228,4507.8196320207335,3192.516754946136,5062.659159953599,2979.157632363638,5752.904958187941
1968-03-13,1445.9685049021991,1890.3401208876994,1222.1604264358923,1719.5738426627108,3809.7102923975144,4507.8196320207335,3689.5095326637006,5062.659159953599,3225.1170747551487,5752.904958187941,2999.98324292874,5457.110642284805
1968-03-14,1367.0089946267094,1719.5738426627108,1196.5448841260913,1780.0122018152674,4084.302339985278,5062.659159953599,3844.1944499695464,5752.904958187941,3351.460953584955,5457.110642284805,3180.0230252247484,9316.390193060814
1968-03-15,1386.7740411462787,1780.0122018152674,1245.6199682658275,1527.1636097587457,4477.736515585667,5752.904958187941,4217.227991246962,5457.110642284805,3756.773996774966,9316.390193060814,3616.1273993674395,24396.384343501322
1968-03-16,1524.8946931193868,1527.1636097587457,1348.4087512213086,1402.4476120444133,4961.755288980916,5457.110642284805,4695.269711253366,9316.390193060814,4354.687251244881,24396.384343501322,4179.967740398459,27290.602919200166
1968-03-17,2129.228604364224,1402.4476120444133,1642.5177015137256,3987.4917118765243,4974.58064935803,9316.390193060814,4929.574879266243,24396.384343501322,5554.602948407213,27290.602919200166,5064.787697645541,23269.435585359293
1968-03-18,2676.7716584833497,3987.4917118765243,2632.7797530039184,7589.846629569957,8490.811041553343,24396.384343501322,11793.344613376621,27290.602919200166,11819.222876481477,23269.435585359293,11700.724595145111,19681.95717498486
1968-03-19,3798.619079539063,7589.846629569957,5149.233545451321,10369.328509852003,22877.081438453024,27290.602919200166,23091.774199807922,23269.435585359293,21274.426164730055,19681.95717498486,22595.460922302453,22472.934799848874
1968-03-20,7062.97993725896,10369.328509852003,8527.516863360219,12049.860433473132,25604.69191363873,23269.435585359293,25495.48122616247,19681.95717498486,23707.32791010372,22472.934799848874,25176.79358319025,26203.838853830675
1968-03-21,9989.32307146147,12049.860433473132,8662.076358858996,11882.925691723614,23175.040668042726,19681.95717498486,23423.984885997004,22472.934799848874,22344.263234149767,26203.838853830675,21020.4255729527,26681.155446823548
1968-03-22,9688.516082706295,11882.925691723614,8311.593054117126,11432.541715764843,20277.106964600764,22472.934799848874,21122.57718280701,26203.838853830675,18272.48199238995,26681.155446823548,16881.67582484112,25155.57531643688
1968-03-23,9347.957355526145,11432.541715764843,8272.386874220847,10871.325079503487,22174.728145926973,26203.838853830675,21000.029299415015,26681.155446823548,17982.56815271521,25155.57531643688,16899.167207199258,23618.528740406822
1968-03-24,9206.4961967255,10871.325079503487,8358.2264859992,10421.341538776092,23257.80713483972,26681.155446823548,21647.082302031708,25155.57531643688,18829.099416134966,23618.528740406822,17970.052693871912,21494.459594050983
1968-03-25,8843.707420625573,10421.341538776092,7381.808488458035,9404.139504183844,23349.06644322553,25155.57531643688,20965.707613989336,23618.528740406822,18562.767680635345,21494.459594050983,17102.95593393103,19127.516676492894
1968-03-26,7851.648483084457,9404.139504183844,6511.240146105388,8235.417515430407,21318.24814528838,23618.528740406822,19429.91334381098,21494.459594050983,16615.195305615198,19127.516676492894,15279.643595453828,16884.39115974728
1968-03-27,7022.291499995996,8235.417515430407,5749.178925840805,7203.490776675084,20188.784035374065,21494.459594050983,17920.721833552117,19127.516676492894,15377.65341853835,16884.39115974728,14110.883994457155,14818.616603234128
1968-03-28,6071.180380819364,7203.490776675084,5053.349849886135,6396.287426864473,17931.656597413184,19127.516676492894,15718.53105653766,16884.39115974728,13462.352079786288,14818.616603234128,12450.159462925418,12686.79724166236
1968-03-29,5342.874187525675,6396.287426864473,4402.87597763527,5689.104160183376,15734.538070911743,16884.39115974728,13817.137247587463,14818.616603234128,11917.514830067134,12686.79724166236,10982.058794689443,11210.243207383875
1968-03-30,4741.879814479043,5689.104160183376,3854.877644596831,4926.818258319383,13881.807540174574,14818.616603234128,12291.591441102362,12686.79724166236,10634.486974963886,11210.243207383875,9750.86262812396,11005.408676661868
1968-03-31,4148.644969598061,4926.818258319383,3545.416352736582,4840.082399786095,12264.94873026665,12686.79724166236,10875.21519854086,11210.243207383875,9373.349026079533,11005.408676661868,8773.256607364969,10050.874253285972
1968-04-01,3940.0404213128436,4840.082399786095,3121.953939315081,4230.409789705405,10536.00547332914,11210.243207383875,9422.753411982976,11005.408676661868,8471.177232803584,10050.874253285972,7653.27733055231,7341.829128952405
1968-04-02,3406.093945184118,4230.409789705405,3170.1509861570157,4115.920332119426,9372.419338247135,11005.408676661868,8831.210428741222,10050.874253285972,7390.539648514159,7341.829128952405,7153.460632514858,7160.0847457336195
1968-04-03,3450.305245182706,4115.920332119426,3072.50596907379,2376.2987510722746,9583.888663473248,10050.874253285972,8437.34663285442,7341.829128952405,7678.6323181084435,7160.0847457336195,7301.736803405334,8509.401238238732
1968-04-04,3280.0307724702234,2376.2987510722746,2800.4672904030413,2702.7625091128816,8296.465447087143,7341.829128952405,7755.525077892613,7160.0847457336195,6961.024315529809,8509.401238238732,6482.385679785855,7874.084094441481
1968-04-05,2286.7999228219755,2702.7625091128816,917.2418261542639,2662.123871128253,6591.988848996685,7160.0847457336195,4778.925369206687,8509.401238238732,4727.54706703756,7874.084094441481,3354.1985948540787,5921.014368055532
1968-04-06,1066.723164628352,2662.123871128253,1880.4895223700487,3683.740110342242,4961.941861924568,8509.401238238732,5059.661194123276,7874.084094441481,3435.1710187306185,5921.014368055532,4244.819162312768,6545.485189606814
1968-04-07,2760.493725098233,3683.740110342242,3749.1928772554984,5258.8387489314355,7517.986232283569,7874.084094441481,6942.537072357845,5921.014368055532,7038.2504362927375,6545.485189606814,8028.467501957007,8180.192525386484
1968-04-08,4133.963322070509,5258.8387489314355,4041.2607884180325,5444.291302663601,6722.07107626705,5921.014368055532,7322.622127252682,6545.485189606814,7781.735578228865,8180.192525386484,7689.571458946986,8925.051221743533
1968-04-09,4527.560007269888,5444.291302663601,3723.0630227147303,4849.187899823993,6298.019296897851,6545.485189606814,7627.523801996508,8180.192525386484,6922.934326482974,8925.051221743533,6116.287450839348,9035.499310610723
1968-04-10,4064.233743671367,4849.187899823993,3337.168959923403,4305.837344038872,7569.471987010164,8180.192525386484,7532.815743062605,8925.051221743533,6189.3132578530085,9035.499310610723,5460.2973494402295,8603.051837745697
1968-04-11,3660.87456688814,4305.837344038872,3037.3859238102004,3800.2463377506538,7783.735776207004,8925.051221743533,6997.001123964921,9035.499310610723,5843.897387380925,8603.051837745697,5218.642361602727,7935.100672937976
1968-04-12,3236.252096391051,3800.2463377506538,2784.0510314804715,3357.2464032417456,7647.7255169695,9035.499310610723,6842.048654544966,8603.051837745697,5792.499101455235,7935.100672937976,5339.239010237112,7119.0934895973005
1968-04-13,2959.38484779034,3357.2464032417456,2560.3659600271867,3383.2232284069105,7634.87104869504,8603.051837745697,6791.032534092479,7935.100672937976,5968.690847552873,7119.0934895973005,5570.303039491457,6816.043815581999
1968-04-14,2777.398455541902,3383.2232284069105,2452.5944956044546,3161.9073581557136,7201.886840876024,7935.100672937976,6621.771415483319,7119.0934895973005,5855.893614595932,6816.043815581999,5532.2200011124205,6477.451291521971
1968-04-15,2676.7084297114834,3161.9073581557136,2324.994523602376,2987.8551261652046,6842.046508248553,7119.0934895973005,6335.767197887102,6816.043815581999,5651.749714399481,6477.451291521971,5301.201602573165,6125.345489167727
1968-04-16,2488.10167685708,2987.8551261652046,2149.457818713461,2618.589531038633,6377.485411492889,6816.043815581999,5872.166832137473,6477.451291521971,5221.548676533974,6125.345489167727,4883.5125265034985,5613.7322791083825
1968-04-17,2327.7555903121097,2618.589531038633,2022.9673162210615,2626.7787610192263,5911.879766317814,6477.451291521971,5474.178806793609,6125.345489167727,4839.32027080915,5613.7322791083825,4534.860517307396,5534.580584000811
1968-04-18,2191.815763858968,2626.7787610192263,1921.0036889967387,2500.7554599901746,5640.721873526303,6125.345489167727,5199.66920511159,5613.7322791083825,4616.0250729689415,5534.580584000811,4345.591936482134,5295.019418950162
1968-04-19,2070.1215250155574,2500.7554599901746,1828.9288641048201,2386.8923702158986,5315.6217691202,5613.7322791083825,4903.221972237635,5534.580584000811,4375.709863818753,5295.019418950162,4134.880105850209,5070.567758433273
1968-04-20,1981.1532863259872,2386.8923702158986,1754.8506261206644,2123.7835180816273,5032.226010674956,5534.580584000811,4684.255911971092,5295.019418950162,4193.956213212631,5070.567758433273,3967.917568264663,4238.013183905547
1968-04-21,1898.0241693723258,2123.7835180816273,1678.3357302076947,2215.682969199455,4841.2160875278405,5295.019418950162,4509.563821941501,5070.567758433273,4050.1114760596756,4238.013183905547,3830.750515864126,5239.22062810248
1968-04-22,1818.6229610938444,2215.682969199455,1605.9567181872792,1807.194457518068,4636.797734741769,5070.567758433273,4334.126480377109,4238.013183905547,3892.8357880818603,5239.22062810248,3680.410653858665,5392.083148045162
1968-04-23,1744.980358422448,1807.194457518068,1547.2349034930176,2623.924250505863,4456.561167821588,4238.013183905547,4172.534135592782,5239.22062810248,3745.062174905822,5392.083148045162,3547.5125364027535,6948.6859886786815
1968-04-24,1643.4877941968095,2623.924250505863,1402.0275584055564,4511.400513101629,3951.331678935564,5239.22062810248,3507.554388079289,5392.083148045162,3385.8510013070872,6948.6859886786815,3144.0537798778796,7840.658965906764
1968-04-25,2419.214794572245,4511.400513101629,1716.504195406736,3751.0677512709176,4351.462452901652,5392.083148045162,5386.976838773732,6948.6859886786815,4861.576914435888,7840.658965906764,4155.311669001238,9731.491027886088
1968-04-26,3029.749195498107,3751.0677512709176,2887.9145724198434,3319.208880674025,5967.660554092905,6948.6859886786815,7515.802739469511,7840.658965906764,5924.401951808901,9731.491027886088,5779.280699220088,9651.882774173217
1968-04-27,3205.91244475289,3319.208880674025,3205.9911371275402,3721.5063797441944,8241.398769552734,7840.658965906764,7157.90437731864,9731.491027886088,6467.763035711743,9651.882774173217,6463.848492729265,8901.351248058838
1968-04-28,3142.70741395584,3721.5063797441944,2837.115988235966,3872.1937128813706,6590.828018974184,9731.491027886088,5826.6297394421,9651.882774173217,5568.638811372639,8901.351248058838,5258.9701694816795,8151.202914507092
1968-04-29,3054.3038112245067,3872.1937128813706,2934.669337297054,4069.0996434342596,8052.919832269565,9651.882774173217,7921.196422205227,8901.351248058838,7166.166688117182,8151.202914507092,7047.884946231803,8364.455231627664
1968-04-30,3308.771895306888,4069.0996434342596,2943.1153420285464,3981.0943452861275,8702.702471667919,8901.351248058838,8320.431538297185,8151.202914507092,7689.715585870038,8364.455231627664,7327.717582131005,7195.374614682433
1968-05-01,3358.0752276824114,3981.0943452861275,2804.0310035668376,3485.5227911111306,7993.232866085129,8151.202914507092,7818.225858192991,8364.455231627664,7030.253767948225,7195.374614682433,6476.59479597608,6543.687222185545
1968-05-02,3031.6071019841365,3485.5227911111306,2719.333749276993,2698.471584806791,7550.222488373078,8364.455231627664,7109.396787750348,7195.374614682433,6094.340139153659,6543.687222185545,5781.7950744609625,7070.917588568878
1968-05-03,2853.611558835859,2698.471584806791,2286.7642709625843,2728.267914536576,7419.597170510367,7195.374614682433,6556.351260227368,6543.687222185545,5872.055421587194,7070.917588568878,5305.835643298224,6390.645477053551
1968-05-04,2239.8213600868025,2728.267914536576,1355.8824731308764,2702.0409332612744,6073.445485677855,6543.687222185545,5080.772239399479,7070.917588568878,4582.540454818772,6390.645477053551,3697.9768843897855,6109.211735781108
1968-05-05,1596.1570379644959,2702.0409332612744,1908.5970908391491,3624.6016590502777,5217.457779909946,7070.917588568878,5025.965121205113,6390.645477053551,3847.7450950472303,6109.211735781108,4159.46960782897,6536.171980953915
1968-05-06,2685.276404512566,3624.6016590502777,2640.026104952636,3817.780659216921,6233.298732432702,6390.645477053551,5960.937963060296,6109.211735781108,5884.424068568547,6536.171980953915,5840.231379023462,7029.092503754977
1968-05-07,3118.172134214339,3817.780659216921,3317.4842296660186,4188.147773153781,5759.887563010136,6109.211735781108,6459.906397362808,6536.171980953915,5846.028968002271,7029.092503754977,6043.508497725274,7824.265132842009
1968-05-08,3620.2690527209115,4188.147773153781,3281.412145839146,4289.748159252642,6472.932933721477,6536.171980953915,6392.028942546795,7029.092503754977,6098.341588235127,7824.265132842009,5757.755049309919,7201.196272226366
1968-05-09,3467.380121896436,4289.748159252642,3046.6557330386886,3942.8758367860482,6234.483904059041,7029.092503754977,6368.918857584037,7824.265132842009,5577.166733188718,7201.196272226366,5154.577524844628,6776.030641649474
1968-05-10,3394.827947273605,3942.8758367860482,2872.320480224245,3445.532369431602,6817.3133718224235,7824.265132842009,6656.477406993052,7201.196272226366,5701.846625963631,6776.030641649474,5178.396672472309,7742.852742286559
1968-05-11,3067.896384085975,3445.532369431602,2591.392095948919,3700.735656404614,7225.265903482183,7201.196272226366,6590.35047341724,6776.030641649474,5667.350774946819,7742.852742286559,5191.427506088215,7481.618113774592
1968-05-12,2999.83606596526,3700.735656404614,2084.6000432043775,3436.0767656910516,6322.17292565836,6776.030641649474,5749.766067341334,7742.852742286559,5242.227998142402,7481.618113774592,4325.088032490993,6851.95700769752
1968-05-13,2437.2706541593393,3436.0767656910516,2292.2412293571488,3413.6682855530753,5903.976090693066,7742.852742286559,5987.281156351288,7481.618113774592,4616.5385815069885,6851.95700769752,4469.020272517443,6923.64972309931
1968-05-14,2776.787239576936,3413.6682855530753,2794.009522921845,3759.648576932894,7218.656530176237,7481.618113774592,6585.891923360904,6851.95700769752,5823.899008812334,6923.64972309931,5841.17259020713,8253.938512770495
1968-05-15,3050.9026326038947,3759.648576932894,2955.917531312503,3685.8915299368755,6515.160660200768,6851.95700769752,6205.246395450412,6923.64972309931,5754.976784593233,8253.938512770495,5659.79937596062,9452.373368469065
1968-05-16,3240.921724456881,3685.8915299368755,2979.4449948908577,3803.1169415957174,6226.259663130727,6923.64972309931,6344.372690318154,8253.938512770495,5771.777427601981,9452.373368469065,5509.660929788979,9031.181009986336
1968-05-17,3172.3008003791383,3803.1169415957174,2693.611420854324,3612.1578607162546,6669.087534302616,8253.938512770495,6677.707149984892,9452.373368469065,6002.161459528446,9031.181009986336,5512.778008410791,8434.496787157408
1968-05-18,2937.55053389018,3612.1578607162546,2613.7608192762286,3266.2468110908803,7696.541266484874,9452.373368469065,7365.440218673981,9031.181009986336,6333.4828618794545,8434.496787157408,6002.014533395692,8302.4536276991
1968-05-19,2929.608064272821,3266.2468110908803,2405.1377691068633,3114.1700073786683,8415.700107370092,9031.181009986336,7597.21009192603,8434.496787157408,6826.544844711767,8302.4536276991,6302.4207032892455,7222.882689671881
1968-05-20,2554.3041866867075,3114.1700073786683,2120.5677070302563,2714.3356390443087,7682.10918285642,8434.496787157408,6988.8365473337635,8302.4536276991,6158.899545525415,7222.882689671881,5723.240806159367,6739.256828422691
1968-05-21,2374.255671807712,2714.3356390443087,2082.535572779412,2494.677255277262,7192.615420666972,8302.4536276991,6595.278750987111,7222.882689671881,5773.977527104071,6739.256828422691,5483.765759455642,6583.717791804368
1968-05-22,2208.782097389564,2494.677255277262,2003.2326413145402,2378.015670774891,7099.955723582922,7222.882689671881,6320.415759204155,6739.256828422691,5724.722938532181,6583.717791804368,5519.18404419237,7087.012678368825
1968-05-23,2107.267448433149,2378.015670774891,1973.8618701587952,2514.945578674347,6058.15564850058,6739.256828422691,5511.092640087287,6583.717791804368,5060.867913096345,7087.012678368825,4928.3305102970135,6649.370495100314
1968-05-24,2132.108496905371,2514.945578674347,1825.1158978141411,2475.7924533426203,5739.718369263935,6583.717791804368,5401.357853137983,7087.012678368825,5073.726977135434,6649.370495100314,4765.408937935948,6217.967844196053
1968-05-25,2001.2670926719734,2475.7924533426203,2063.5696065976917,2556.1970819899966,5762.605237707297,7087.012678368825,5548.82482095419,6649.370495100314,4952.919799847301,6217.967844196053,5014.039608118957,6046.81759395182
1968-05-26,2298.403204578265,2556.1970819899966,2109.613926464955,2767.3937363922937,6267.760608035071,6649.370495100314,5832.621438823826,6217.967844196053,5573.519249625937,6046.81759395182,5385.767994395479,10631.531847637545
1968-05-27,2209.356929935474,2767.3937363922937,2059.8973778630398,2656.33776966788,5783.910259715896,6217.967844196053,5526.458041891218,6046.81759395182,5112.486779247676,10631.531847637545,4964.047921556945,24449.11194879958
1968-05-28,2343.5522876048967,2656.33776966788,2087.1471890724188,3094.3684570941377,5569.552346109562,6046.81759395182,5502.422035356505,10631.531847637545,5029.985779381995,24449.11194879958,4774.565866549294,23437.25788914661
1968-05-29,2466.268282558747,3094.3684570941377,2112.9904014687595,2900.8407099859323,5697.622385739864,10631.531847637545,6980.294993408703,24449.11194879958,6692.939516111166,23437.25788914661,6321.922500683536,19341.921794471487
1968-05-30,2931.569800467795,2900.8407099859323,2613.3623344696807,2493.780737040066,10480.052086759973,24449.11194879958,13685.589324527298,23437.25788914661,12438.175679527623,19341.921794471487,12031.32783956252,16154.905056943066
1968-05-31,3200.8708519363254,2493.780737040066,3026.4212848063908,3501.2853935562016,23341.86451971033,23437.25788914661,19913.486488887338,19341.921794471487,19426.45928381441,16154.905056943066,19224.18556885499,14635.953194550497
1968-06-01,2355.160860881078,3501.2853935562016,2232.3852492745814,3429.483300862085,19612.531958776235,19341.921794471487,16616.595115195458,16154.905056943066,15564.689412073556,14635.953194550497,15431.99394185821,13083.01955489891
1968-06-02,2860.4506309868493,3429.483300862085,2582.2184942753975,3332.7304742813444,16016.160966408435,16154.905056943066,14645.946437854554,14635.953194550497,13629.899238703147,13083.01955489891,13353.119464648951,11803.911372661027
1968-06-03,2748.419947745998,3332.7304742813444,2537.523278943533,3090.4923423724636,14284.673525395701,14635.953194550497,12869.617436934997,13083.01955489891,11817.019905598736,11803.911372661027,11602.207398597056,10244.86065655539
1968-06-04,2764.5934870860633,3090.4923423724636,2419.819589431038,3003.240241814192,12290.226717705023,13083.01955489891,10867.483357994604,11803.911372661027,10046.37692521068,10244.86065655539,9700.51431445325,8955.925272116936
1968-06-05,2446.6425162954856,3003.240241814192,2263.654324899925,2834.829708315683,10604.625100291938,11803.911372661027,9384.250843496888,10244.86065655539,8543.20792077894,8955.925272116936,8361.701605775226,8045.87781667208
1968-06-06,2459.3654351045075,2834.829708315683,2148.7949534617255,2668.9084325955,9283.264718218994,10244.86065655539,8402.743795446644,8955.925272116936,7734.640580494093,8045.87781667208,7425.647406348669,6704.88954427179
1968-06-07,2259.1441375698805,2668.9084325955,1978.8443804027902,2484.221738877631,8245.021285314757,8955.925272116936,7465.423419493305,8045.87781667208,6797.1049150875215,6704.88954427179,6518.2971301144335,6593.339850079723
1968-06-08,2141.4826288952604,2484.221738877631,1860.5256770490496,2308.081027317111,7221.468165099365,8045.87781667208,6602.251555812262,6704.88954427179,5980.761532656639,6593.339850079723,5700.466440047601,8521.558167405523
1968-06-09,1975.9026654299344,2308.081027317111,1715.1040520023269,2143.4558373932286,6568.418709972635,6704.88954427179,5966.352888689757,6593.339850079723,5395.712437222799,8521.558167405523,5135.272775013598,8093.329764577675
1968-06-10,1852.1871991052694,2143.4558373932286,1537.3962980338304,1941.5013895259742,5511.643278928279,6593.339850079723,5615.512291940623,8521.558167405523,5115.649823115042,8093.329764577675,4794.364289884636,8630.311997013401
1968-06-11,1649.9161367912477,1941.5013895259742,1480.2096163875246,2048.4777419227275,5989.333213373734,8521.558167405523,5281.493781668532,8093.329764577675,4619.400155457985,8630.311997013401,4439.35134366182,11248.556975528121
1968-06-12,1623.0652276761452,2048.4777419227275,1441.4105237067638,2315.3370984618737,6778.359437988689,8093.329764577675,6140.276886446254,8630.311997013401,5743.294691892763,11248.556975528121,5562.6643642501285,10238.140883136908
1968-06-13,1790.323511345568,2315.3370984618737,1458.358118220276,2107.038057850117,6601.036139132215,8630.311997013401,6815.142940823633,11248.556975528121,6360.31450588603,10238.140883136908,6014.626540310439,8509.166145273308
1968-06-14,1691.803752123068,2107.038057850117,1333.6262123530785,1822.1506567047209,7822.943104287548,11248.556975528121,7499.001207071446,10238.140883136908,6649.34132768944,8509.166145273308,6279.676988571015,7928.977264195291
1968-06-15,1523.09829278682,1822.1506567047209,1496.530442330029,2030.774371982006,9475.262321241988,10238.140883136908,8206.59315796396,8509.166145273308,7504.203580142672,7928.977264195291,7479.772825610181,7116.789108540044
1968-06-16,1746.1751935725508,2030.774371982006,1634.27341681611,1893.6868287698758,8039.378309450415,8509.166145273308,7193.613377663245,7928.977264195291,6925.439815270813,7116.789108540044,6810.6108844581895,6794.7308426880845
1968-06-17,1685.643540115463,1893.6868287698758,1603.760389481588,1862.6856390851071,6909.079158848302,7928.977264195291,6456.936937693874,7116.789108540044,6008.734994321515,6794.7308426880845,5927.055868437311,6745.126280648424
1968-06-18,1696.3242560243928,1862.6856390851071,1509.5898147922253,2133.5756656119256,6726.760024104433,7116.789108540044,6066.458035082761,6794.7308426880845,5772.6853178386045,6745.126280648424,5586.341282037792,6414.1721111845545
1968-06-19,1561.0022363810149,2133.5756656119256,1375.7851902663967,1939.4857325482196,5877.283752421605,6794.7308426880845,5435.540922238681,6745.126280648424,5067.613354183313,6414.1721111845545,4883.053380745276,5536.974048734957
1968-06-20,1738.4639604809358,1939.4857325482196,1501.969496287057,1734.594402847294,5727.519148887215,6745.126280648424,5672.6498428558625,6414.1721111845545,5177.560608711441,5536.974048734957,4939.230220849009,5489.089303505763
1968-06-21,1543.8261706390228,1734.594402847294,1382.8547746698544,1703.8135011779975,6053.05696696049,6414.1721111845545,5434.900704533193,5536.974048734957,4951.127794682563,5489.089303505763,4790.443426715483,5521.573835817435
1968-06-22,1473.6413331929107,1703.8135011779975,1355.3991638771183,1758.6886232683903,5328.957032560648,5536.974048734957,4796.532046703134,5489.089303505763,4443.116515280219,5521.573835817435,4325.161843788041,5051.6244672385565
1968-06-23,1458.1534531142204,1758.6886232683903,1313.6943234635658,1636.1684657469154,4643.86318581211,5489.089303505763,4342.4305942995725,5521.573835817435,4039.4969166965634,5051.6244672385565,3893.9983310822818,5085.685372708154
1968-06-24,1456.3412907676432,1636.1684657469154,1294.717829181414,1916.6168711043567,4744.022976138305,5521.573835817435,4494.013252776278,5051.6244672385565,4135.421264359067,5085.685372708154,3973.6120670551127,6182.77039281513
1968-06-25,1387.8716967074865,1916.6168711043567,1418.7697412644523,2550.1806710287506,4802.3888614848565,5051.6244672385565,4401.459998570115,5085.685372708154,4096.559954824375,6182.77039281513,4127.537316903751,9199.3318670055
1968-06-26,1843.648920887215,2550.1806710287506,1486.6678849566456,2861.8056429456383,4314.603893576412,5085.685372708154,4545.455537747217,6182.77039281513,4423.557332291615,9199.3318670055,4065.4775225990734,9581.481690386569
1968-06-27,1857.0534352085115,2861.8056429456383,1618.5802689895963,2824.797869741137,4900.901015229312,6182.77039281513,5445.515950105002,9199.3318670055,4631.252130299917,9581.481690386569,4387.3416290520245,9185.469412534896
1968-06-28,2176.398368155923,2824.797869741137,1886.1222350874514,2442.4664095784233,6181.307593391166,9199.3318670055,6320.876791613715,9581.481690386569,5492.215774729495,9185.469412534896,5194.239798595431,8475.989325800872
1968-06-29,2172.891208000939,2442.4664095784233,1932.4296296243385,2235.5922376616,8320.300776390479,9581.481690386569,7605.714887673387,9185.469412534896,6804.78809481048,8475.989325800872,6562.362253681877,7691.1761134119215
1968-06-30,2054.087747974664,2235.5922376616,1794.9336191742184,2201.0924297800243,8053.508643935409,9185.469412534896,7002.463558187301,8475.989325800872,6507.753884280413,7691.1761134119215,6250.37995386562,6978.3417827175235
1968-07-01,1848.5405573540902,2201.0924297800243,1635.9625718024251,2026.3864523128448,7363.25943499629,8475.989325800872,6645.40877002112,7691.1761134119215,6110.556387140228,6978.3417827175235,5900.825742131534,6051.2058593538195
1968-07-02,1782.1549095426524,2026.3864523128448,1545.7870764727618,1852.7877180874261,7012.858132668415,7691.1761134119215,6409.500011290187,6978.3417827175235,5907.974322343065,6051.2058593538195,5674.72067596034,5509.358895053879
1968-07-03,1635.8171368167082,1852.7877180874261,1405.5490841711999,1729.7961784659683,6528.872678255828,6978.3417827175235,5901.693132558688,6051.2058593538195,5435.333898059428,5509.358895053879,5207.952737506315,5103.647769277632
1968-07-04,1491.8422690358727,1729.7961784659683,1325.885032856804,1681.2220099823553,5817.250889228592,6051.2058593538195,5262.422709432589,5509.358895053879,4832.130412667354,5103.647769277632,4668.204732160412,4876.293590705682
1968-07-05,1432.252534213548,1681.2220099823553,1275.7158149155161,1620.2504207754569,5079.1421793827085,5509.358895053879,4639.217744396537,5103.647769277632,4280.229184157302,4876.293590705682,4124.89777297623,4824.9533959688115
1968-07-06,1396.4130461394552,1620.2504207754569,1238.6824833462535,1553.1397946573368,4672.539377099877,5103.647769277632,4345.8482124348175,4876.293590705682,4005.223323968311,4824.9533959688115,3848.378271096593,4397.124925909351
1968-07-07,1337.2036765905834,1553.1397946573368,1201.663920221867,1505.0096968133057,4416.834295804089,4876.293590705682,4093.388709437779,4824.9533959688115,3758.4860058225167,4397.124925909351,3623.6465706628987,4263.686285873927
1968-07-08,1298.4381465737174,1505.0096968133057,1160.4179614784655,1370.4066368364356,4205.5834559816,4824.9533959688115,3895.204591304022,4397.124925909351,3592.706352568028,4263.686285873927,3455.3448422732154,3979.9742587571186
1968-07-09,1253.6294633576256,1370.4066368364356,1122.1213844044273,1442.220713366392,4149.2190055773835,4397.124925909351,3855.95038469099,4263.686285873927,3558.7355278512605,3979.9742587571186,3428.1190909222346,3901.280603628582
1968-07-10,1154.471709474158,1442.220713366392,1016.3513290908,1711.3833243127197,3817.847826224249,4263.686285873927,3470.532378204199,3979.9742587571186,3214.249388852249,3901.280603628582,3076.651205270371,3901.2255265638105
1968-07-11,1240.1415793105666,1711.3833243127197,1085.8563027862583,1332.1420800300918,3616.62542803111,3979.9742587571186,3484.522403959021,3901.280603628582,3243.434846377209,3901.2255265638105,3089.642072428367,3665.1125441562476
1968-07-12,1335.6977401024064,1332.1420800300918,1199.0619823391423,1508.9438151440531,3575.2154335773967,3901.280603628582,3651.235108088983,3901.2255265638105,3239.6207577936825,3665.1125441562476,3103.3830132614726,3627.7176358486504
1968-07-13,1144.322263503717,1508.9438151440531,892.7399553309665,1278.474208042338,3722.0565722376136,3901.2255265638105,3162.0663848520735,3665.1125441562476,2941.6699527710953,3627.7176358486504,2690.404830521018,3689.7058440546352
1968-07-14,1125.1104995610963,1278.474208042338,1033.290031449381,1217.8147810051441,3133.8722072299306,3665.1125441562476,3154.1951764016694,3627.7176358486504,2740.9003797200307,3689.7058440546352,2649.1325284768272,3737.566001013134
1968-07-15,1083.635864085224,1217.8147810051441,977.2884635516783,1219.3152912893515,3418.1984706582757,3627.7176358486504,3043.630958144487,3689.7058440546352,2824.414929507231,3737.566001013134,2718.461504351393,3420.346249110722
1968-07-16,1028.729168005456,1219.3152912893515,930.2743678558966,1224.0069178432934,3047.5138601419026,3689.7058440546352,2841.306599395999,3737.566001013134,2613.000585466454,3420.346249110722,2513.307886091174,3410.9509660028316
1968-07-17,1018.961921783023,1224.0069178432934,936.7839752922866,1082.359612253232,3204.808060204772,3737.566001013134,2996.439930753473,3420.346249110722,2770.3391700993297,3410.9509660028316,2688.8688866809334,3302.666120247548
1968-07-18,1038.5417651385114,1082.359612253232,952.4263736388648,1391.6504282725373,3237.8662218649697,3420.346249110722,3063.6224043927655,3410.9509660028316,2851.5075148234914,3302.666120247548,2766.1610814102464,3295.6608757184645
1968-07-19,944.6589958927527,1391.6504282725373,864.5152120934133,1547.100017446323,3027.1675344021332,3410.9509660028316,2730.5277246338674,3302.666120247548,2574.2395396511274,3295.6608757184645,2494.8514623281562,3259.9589949704077
1968-07-20,1233.2599408610113,1547.100017446323,961.9643574307688,1193.069926184268,2871.9347220621303,3302.666120247548,3037.588039054249,3295.6608757184645,2850.12235790489,3259.9589949704077,2578.555346959688,2971.7454879448883
1968-07-21,1100.3599452521646,1193.069926184268,967.5130404384411,1085.587042185595,3216.526436956359,3295.6608757184645,3188.4971201227045,3259.9589949704077,2721.5554130079568,2971.7454879448883,2589.376921402599,3108.096109672009
1968-07-22,980.8173557885568,1085.587042185595,868.7277142864998,1020.6455248792566,3093.012560955065,3259.9589949704077,2603.340609973646,2971.7454879448883,2376.3714735270714,3108.096109672009,2264.8410028076855,3170.4400978093477
1968-07-23,901.8403931914987,1020.6455248792566,807.8786183813897,1034.8628287268168,2600.521422490384,2971.7454879448883,2373.7138964343194,3108.096109672009,2179.5551005035454,3170.4400978093477,2085.979292172574,3110.25651027091
1968-07-24,852.7782125111106,1034.8628287268168,766.7248782164309,1038.0106028974687,2549.3591539263443,3108.096109672009,2363.1526465867146,3170.4400978093477,2186.871900772173,3110.25651027091,2101.601122159569,2948.696230005273
1968-07-25,878.4481889414352,1038.0106028974687,775.0589074936139,984.3470165487367,2673.8687376450744,3170.4400978093477,2558.2416155628553,3110.25651027091,2383.3300790987914,2948.696230005273,2280.088292469389,2746.6000811250487
1968-07-26,842.4585369198131,984.3470165487367,683.64067266693,908.3737972703916,2769.9560026704767,3110.25651027091,2603.3066469936875,2948.696230005273,2394.5573654125023,2746.6000811250487,2236.633855708013,2618.549431835343
1968-07-27,744.5313580688564,908.3737972703916,725.6732613517429,903.3489105378396,2685.624002018814,2948.696230005273,2481.2956849245365,2746.6000811250487,2230.9477793514243,2618.549431835343,2212.998196222985,2643.4699316670003
1968-07-28,801.4064513174919,903.3489105378396,726.0990727900228,914.7263538804934,2509.2370603235163,2746.6000811250487,2298.709549511927,2618.549431835343,2183.867249835102,2643.4699316670003,2109.52441299969,2592.7448479060795
1968-07-29,762.0470667656994,914.7263538804934,695.2225795640752,891.0233512935548,2317.53113220094,2618.549431835343,2190.06978289127,2643.4699316670003,2045.0327584766733,2592.7448479060795,1979.0401384036736,2485.48566772921
1968-07-30,766.3792060750117,891.0233512935548,703.5882165577917,864.4922154893343,2269.1815745912986,2643.4699316670003,2163.1976806855564,2592.7448479060795,2012.7608969072453,2485.48566772921,1950.7818606401288,2499.599106979589
1968-07-31,755.6283044405126,864.4922154893343,682.5193733726151,863.698374472069,2301.713446406452,2592.7448479060795,2157.712153274156,2485.48566772921,2020.97879401436,2499.599106979589,1948.7792828602892,2518.3361288262768
1968-08-01,726.4550867402539,863.698374472069,646.465627001979,1093.321579016489,2232.814984115833,2485.48566772921,2094.5719773419564,2499.599106979589,1955.7846558680048,2518.3361288262768,1876.577664311818,2469.587300192916
1968-08-02,745.7210364191338,1093.321579016489,640.2416526949262,998.0501254924999,2136.9942915071533,2499.599106979589,2029.4469324751094,2518.3361288262768,1912.680770658157,2469.587300192916,1807.9043390283396,2395.2570885973005
1968-08-03,814.8628114262194,998.0501254924999,721.4408610047716,885.0619067751629,2162.1893857227915,2518.3361288262768,2280.0213054296332,2469.587300192916,2002.6809856522304,2395.2570885973005,1910.1133203433778,2286.233663093307
1968-08-04,791.8610659623093,885.0619067751629,701.9613656589552,801.6523924997235,2403.4965061241523,2469.587300192916,2193.8301373201034,2395.2570885973005,1990.896959490981,2286.233663093307,1901.9699398739476,2312.256455589102
1968-08-05,722.2882228470428,801.6523924997235,631.9736145313691,772.6088553524326,2088.104539701482,2395.2570885973005,1887.5154141436883,2286.233663093307,1731.3566718409393,2312.256455589102,1641.6346238244064,2411.5682063423583
1968-08-06,656.0833573856578,772.6088553524326,577.8292685876736,768.9228108730031,1988.925053106306,2286.233663093307,1816.4270432607216,2312.256455589102,1678.2196901414734,2411.5682063423583,1600.6314219319231,2404.652967483243
1968-08-07,630.1093429270238,768.9228108730031,570.171708139366,740.7110612911797,1906.7349333784953,2312.256455589102,1797.030199289305,2411.5682063423583,1662.6127720727725,2404.652967483243,1603.3206468668823,2269.722042634563
1968-08-08,631.3733870817127,740.7110612911797,566.0039993032382,707.5647794913623,1969.9232770863318,2411.5682063423583,1873.791805756448,2404.652967483243,1740.1754777323565,2269.722042634563,1675.1715915485183,2169.2006123482925
1968-08-09,607.6837243388827,707.5647794913623,545.2753382305805,688.8899371496218,2065.1814740346917,2404.652967483243,1914.0870111729137,2269.722042634563,1788.7121673088132,2169.2006123482925,1727.3663482173297,2088.904248688479
1968-08-10,582.0791849045123,688.8899371496218,523.7777335733849,674.6618410458309,2014.7711118637658,2269.722042634563,1869.8835549891883,2169.2006123482925,1753.1765898316912,2088.904248688479,1695.9925916616723,2035.5180519232263
1968-08-11,566.2828585554319,674.6618410458309,510.58024843092403,659.7919117221882,1903.761923414976,2169.2006123482925,1782.7712533445283,2088.904248688479,1670.4466315578652,2035.5180519232263,1615.7305800036647,1995.0046544919423
1968-08-12,554.1509257143806,659.7919117221882,500.2030867190501,644.8312659339772,1830.3284681730609,2088.904248688479,1721.0855544066837,2035.5180519232263,1612.18207070458,1995.0046544919423,1559.1458474258566,1949.9467082113247
1968-08-13,541.8213712415368,644.8312659339772,489.33947385218806,630.7169159167972,1766.9409867607374,2035.5180519232263,1662.5583659281046,1995.0046544919423,1557.4652737034498,1949.9467082113247,1505.8242909478752,1682.183882562724
1968-08-14,529.1946231363887,630.7169159167972,478.2334420450153,617.5463662079526,1719.827508324498,1995.0046544919423,1618.4358839960792,1949.9467082113247,1516.7716438291197,1682.183882562724,1466.6115029024784,2258.917185346963
1968-08-15,517.1090629513133,617.5463662079526,468.0999317797583,421.21565393930865,1682.8722778684714,1949.9467082113247,1584.324884162469,1682.183882562724,1485.6627939206344,2258.917185346963,1437.4345273013619,2148.949982752003
1968-08-16,506.0866033942809,421.21565393930865,458.2778646079934,546.1396041093253,1643.2613869774686,1682.183882562724,1547.9824880163048,2258.917185346963,1452.47295149848,2148.949982752003,1405.418754036185,2554.356745277185
1968-08-17,377.7485709839315,546.1396041093253,268.74958203416855,653.9645607916289,1444.302406146442,2258.917185346963,1259.0392185582868,2148.949982752003,1233.6201822519267,2554.356745277185,1124.410358767948,1822.558553950146
1968-08-18,438.41856608923274,653.9645607916289,514.3123219986336,693.8540194827165,1765.4597799532926,2148.949982752003,1807.7501385741195,2554.356745277185,1681.4523700050995,1822.558553950146,1755.1900373931417,1881.6149289975044
1968-08-19,617.6399221155224,693.8540194827165,763.4465019861411,618.86309367078,1938.2313682685813,2554.356745277185,1836.3587423345018,1822.558553950146,1814.1908417410855,1881.6149289975044,1961.2313321000818,2121.8347120819376
1968-08-20,779.9206786800249,618.86309367078,545.4316268639506,567.5214202870413,2140.9692732582403,1822.558553950146,2039.1328197870184,1881.6149289975044,2137.1659399718,2121.8347120819376,1904.2044251134307,1761.809640093136
1968-08-21,400.32991977645014,567.5214202870413,343.6465973177378,810.2644689460543,1588.595721694879,1881.6149289975044,1440.9674316622181,2121.8347120819376,1243.1997818023306,1761.809640093136,1187.125029570859,1829.3347232087913
1968-08-22,441.2156097275879,810.2644689460543,411.0709286024432,695.1305951141899,1526.8239099558264,2121.8347120819376,1402.3887332308907,1761.809640093136,1297.3249849040085,1829.3347232087913,1267.8264473978415,1966.2226797559788
1968-08-23,650.9587768581155,695.1305951141899,553.0676027856939,703.6980022201905,1720.0759466442212,1761.809640093136,1863.9133339635027,1829.3347232087913,1723.9341526933563,1966.2226797559788,1627.1834440451353,1800.8977449496617
1968-08-24,556.0885160619337,703.6980022201905,407.08912503644945,682.3163775931971,1724.3426634356906,1829.3347232087913,1535.7258354501555,1966.2226797559788,1419.1875453390458,1800.8977449496617,1270.8737693882963,1696.549736486335
1968-08-25,468.3204910930051,682.3163775931971,492.61990771106935,603.1332874935964,1468.8927596095668,1966.2226797559788,1417.7791676119757,1800.8977449496617,1207.003310020886,1696.549736486335,1231.7311479795387,1834.3663496195663
1968-08-26,608.3776686893663,603.1332874935964,516.0270306488993,589.1198543705408,1669.9560308958194,1800.8977449496617,1569.4939199888736,1696.549736486335,1518.8172778910139,1834.3663496195663,1427.2792603107955,1845.6607470351964
1968-08-27,469.64875791133846,589.1198543705408,413.9983224625723,562.527659089485,1514.7292803490714,1696.549736486335,1369.7217207927938,1834.3663496195663,1261.543281957573,1845.6607470351964,1206.4593305391743,1806.953110861128
1968-08-28,460.97615221698857,562.527659089485,411.4733333747075,540.8471544369247,1367.5969305500023,1834.3663496195663,1294.3223404244138,1845.6607470351964,1192.8149205958432,1806.953110861128,1143.7604652050013,1751.8264153819973
1968-08-29,445.5014499872924,540.8471544369247,401.2164705371222,519.5796458673882,1520.0547123007086,1845.6607470351964,1417.418394121109,1806.953110861128,1325.936151133502,1751.8264153819973,1282.431971407058,1649.9012831719801
1968-08-30,432.1578616692385,519.5796458673882,393.6226359861062,502.47303307547577,1513.9947614955295,1806.953110861128,1414.826583025162,1751.8264153819973,1331.3173741927758,1649.9012831719801,1293.6143594641348,1629.182101984967
1968-08-31,419.52918100881425,502.47303307547577,379.73853786422876,484.84468927709236,1482.746708874166,1751.8264153819973,1383.909220102997,1649.9012831719801,1309.944409341564,1629.182101984967,1270.9770113665043,1633.1963604287525
1968-09-01,403.3152005506636,484.84468927709236,363.7288101281931,486.3172017811409,1433.9507908047856,1649.9012831719801,1341.9146633003425,1629.182101984967,1269.8460495080021,1633.1963604287525,1231.0408603392254,1746.6363780126603
1968-09-02,390.44158459730795,486.3172017811409,351.517096234388,500.18894427283556,1352.5224335285566,1629.182101984967,1307.9723608848349,1633.1963604287525,1241.6607699085016,1746.6363780126603,1202.955744075267,1720.6076828282876
1968-09-03,392.25667102103995,500.18894427283556,351.8214022840172,495.38086455495556,1370.9012318841492,1633.1963604287525,1318.4036918570368,1746.6363780126603,1233.4589465915235,1720.6076828282876,1191.6420709753006,1560.7006279932812
1968-09-04,388.72632384087,495.38086455495556,353.24119274694334,460.48914620492314,1377.9819179662395,1746.6363780126603,1268.5452134514135,1720.6076828282876,1187.1420073669292,1560.7006279932812,1152.3165632634546,1494.7621492109756
1968-09-05,390.9835737166771,460.48914620492314,353.16415999773585,446.4775631300498,1404.3930770299949,1720.6076828282876,1324.7047556836455,1560.7006279932812,1250.4278169305042,1494.7621492109756,1213.4122513045595,1470.7440154703586
1968-09-06,366.2596986383843,446.4775631300498,336.00428485438965,441.7039019892269,1409.0756185283656,1560.7006279932812,1298.5889928934441,1494.7621492109756,1235.041510423337,1470.7440154703586,1205.6189093364235,1461.9726759012915
1968-09-07,358.1618034416513,441.7039019892269,327.5152863536041,437.59633620772394,1252.7854622652362,1494.7621492109756,1175.077182462539,1470.7440154703586,1119.3676155578971,1461.9726759012915,1089.329395562323,1290.2989030619235
1968-09-08,351.18830936472125,437.59633620772394,322.4331942508908,429.4172498186336,1211.377205633238,1470.7440154703586,1146.0629576512497,1461.9726759012915,1089.120890921883,1290.2989030619235,1060.9285634015791,1409.948049198049
1968-09-09,347.9842010096911,429.4172498186336,319.80181719453924,355.9324973985941,1197.8388190089745,1461.9726759012915,1133.0594345707211,1290.2989030619235,1077.7063101443723,1409.948049198049,1050.0804321212877,1596.1592834705434
1968-09-10,341.8841673320706,355.9324973985941,315.45704590898174,592.1192824132465,1188.5307964534081,1290.2989030619235,1120.4950471083553,1409.948049198049,1067.967563959201,1596.1592834705434,1042.0962999658059,1782.3055728376476
1968-09-11,343.7269870759662,592.1192824132465,300.69291611861075,691.0753450127678,1055.2956269997403,1409.948049198049,1001.5452682089019,1596.1592834705434,1021.9737685824681,1782.3055728376476,978.5139701943258,1697.5049793054743
1968-09-12,424.9205026565984,691.0753450127678,381.19255814382484,492.32494720338843,1139.1351730127958,1596.1592834705434,1301.8344344659117,1782.3055728376476,1161.0784920604228,1697.5049793054743,1116.9655922586167,1597.6316144612974
1968-09-13,505.1437480370984,492.32494720338843,443.36047269602795,443.52197637818483,1511.087430749807,1782.3055728376476,1521.3600885783462,1697.5049793054743,1365.5484300579205,1597.6316144612974,1303.8685871018818,1559.2995965630575
1968-09-14,386.4969872519499,443.52197637818483,344.8648221905579,431.27131701974344,1568.9064109725891,1697.5049793054743,1295.9985722921829,1597.6316144612974,1224.3505392500329,1559.2995965630575,1183.1082616190008,1532.114473777311
1968-09-15,346.9401003655133,431.27131701974344,315.9076484489343,426.6557443551039,1231.3083716263045,1597.6316144612974,1129.0435904050537,1559.2995965630575,1067.518358097215,1532.114473777311,1036.4950904608331,1589.4353166030162
1968-09-16,338.935359462808,426.6557443551039,311.97634347129,420.2345557491215,1262.8562639330576,1559.2995965630575,1179.2451552830976,1532.114473777311,1122.0609721465644,1589.4353166030162,1095.3457087026936,1598.9263235484127
1968-09-17,336.59828437666755,420.2345557491215,311.78372854827916,414.8850810571157,1249.01247627386,1532.114473777311,1175.246984241329,1589.4353166030162,1122.0395524208866,1598.9263235484127,1097.6527218530666,1527.215475647449
1968-09-18,333.9377447444971,414.8850810571157,310.49939944007895,410.0924958275826,1232.8853014128556,1589.4353166030162,1157.2644422126343,1598.9263235484127,1109.4352495388064,1527.215475647449,1086.5795103789312,1456.5376440049163
1968-09-19,330.5752114923446,410.0924958275826,307.2403616424964,406.6048501763997,1271.589301946351,1598.9263235484127,1195.5739052615836,1527.215475647449,1150.0569055177134,1456.5376440049163,1127.4617099435634,1409.7491430093933
1968-09-20,326.3436676123613,406.6048501763997,304.8555689390502,405.96119878794343,1280.6630819084473,1527.215475647449,1203.5535384763214,1456.5376440049163,1158.819231604919,1409.7491430093933,1138.0999955546656,1384.6378046711566
1968-09-21,324.7370570714621,405.96119878794343,303.5477026125576,406.8333151643122,1222.9185107317826,1456.5376440049163,1153.1994369826643,1409.7491430093933,1111.2336243548127,1384.6378046711566,1090.722534691089,1367.2860981975523
1968-09-22,324.0830617750455,406.8333151643122,302.50546484792545,407.8748947636436,1166.7840563285483,1409.7491430093933,1105.2640340228518,1384.6378046711566,1064.1614082416513,1367.2860981975523,1043.169826528885,1352.1803508657458
1968-09-23,323.985285722972,407.8748947636436,302.6718832247488,409.125601421409,1130.423836980095,1384.6378046711566,1074.696408713903,1367.2860981975523,1033.3231470504752,1352.1803508657458,1012.5322507255507,1339.2995590325477
1968-09-24,324.58176572691593,409.125601421409,302.83600942745966,409.7047720824693,1111.320007979069,1367.2860981975523,1055.8314636326631,1352.1803508657458,1014.6280812757738,1339.2995590325477,993.3772535156177,1327.4031135149226
1968-09-25,324.8869650732136,409.7047720824693,302.93560988583175,409.92037101068695,1094.6640106207599,1352.1803508657458,1042.155309737223,1339.2995590325477,1000.6148993943382,1327.4031135149226,979.1325658579913,1317.9323860453637
1968-09-26,325.04176091045707,409.92037101068695,302.70797912652364,409.31398150323486,1082.7615380731324,1339.2995590325477,1030.0158718875243,1327.4031135149226,988.4667669241148,1317.9323860453637,966.5866865467385,1310.270958104701
1968-09-27,324.57915514843614,409.31398150323486,301.2140749754326,406.9566224019298,1069.9805409135179,1327.4031135149226,1019.0485323350999,1317.9323860453637,977.2116446780179,1310.270958104701,954.2811020973652,1303.8207277444753
1968-09-28,322.68867454342785,406.9566224019298,300.7272858637259,405.77847072245527,1059.8677811924497,1317.9323860453637,1009.0659976991412,1310.270958104701,966.3134045863148,1303.8207277444753,944.7710704476207,1298.4826768680305
1968-09-29,321.5291672035863,405.77847072245527,299.35784500687913,404.5124332799343,1050.3115738795325,1310.270958104701,998.3963144737356,1303.8207277444753,957.3089864158674,1298.4826768680305,935.544144022112,1275.7119600711958
1968-09-30,320.08731659007896,404.5124332799343,297.22630224661737,401.4684903349325,1040.8677294704305,1303.8207277444753,990.8840311840111,1298.4826768680305,949.9130452407344,1275.7119600711958,927.4493410412231,1310.1490175213517
1968-10-01,317.95882829363404,401.4684903349325,295.4114305251753,386.5176596884711,1034.9991466640768,1298.4826768680305,985.173217185511,1275.7119600711958,943.5822645724443,1310.1490175213517,921.4284882928685,1365.0030330301029
1968-10-02,315.40186559158246,386.5176596884711,293.1796511946264,400.6615884743169,1028.7363975071255,1275.7119600711958,977.4182910076757,1310.1490175213517,936.5489820357539,1365.0030330301029,914.7169355712623,1289.9526689508002
1968-10-03,302.90619974831213,400.6615884743169,284.0178017393524,418.1307489192657,1009.8203535709513,1310.1490175213517,951.5953981428842,1365.0030330301029,913.5223481091023,1289.9526689508002,894.9849032434056,1283.2523123185965
1968-10-04,327.7549805021334,418.1307489192657,293.46071252237425,422.51742387990765,1023.9167510761886,1365.0030330301029,987.6781209784971,1289.9526689508002,960.3998738945405,1283.2523123185965,926.5139589006214,1300.2216004155812
1968-10-05,315.4381483518729,422.51742387990765,293.14087542617625,367.4449820241787,1087.3817242223852,1289.9526689508002,1049.8737615668697,1283.2523123185965,992.452075918875,1300.2216004155812,970.6669118241479,1274.3932517839062
1968-10-06,327.6469707185088,367.4449820241787,302.22693250022735,437.0094003262345,1034.1306400621347,1283.2523123185965,992.6127088989701,1300.2216004155812,943.7997421387793,1274.3932517839062,918.7585753520027,1266.9685546325568
1968-10-07,307.0666363891604,437.0094003262345,274.38018941169423,508.9128783184665,1021.8451392016102,1300.2216004155812,927.2721331425105,1274.3932517839062,913.2056903949531,1266.9685546325568,880.8405461742441,1271.6692258489466
1968-10-08,333.24701187204647,508.9128783184665,301.1229433145173,431.09690546350913,976.9627428606659,1274.3932517839062,997.8223747525793,1266.9685546325568,939.998026554036,1271.6692258489466,908.2216722163014,1244.0558944741133
1968-10-09,376.3402755295747,431.09690546350913,336.35988993965475,393.95867711346307,1062.0860479066328,1266.9685546325568,1082.763265984786,1271.6692258489466,996.5976044039958,1244.0558944741133,957.0170688976068,1266.1379914956149
1968-10-10,328.1489748512445,393.95867711346307,303.17336560846786,394.2543446681805,1088.4193712455854,1271.6692258489466,966.7455963851467,1244.0558944741133,910.6908365357839,1266.1379914956149,886.0405298099785,1249.5902552882321
1968-10-11,308.51776806615925,394.2543446681805,288.11052242218557,398.550994978152,943.1863826067978,1244.0558944741133,870.8498440813319,1266.1379914956149,832.95082851335,1249.5902552882321,812.7382395679914,1285.8699094264507
1968-10-12,309.491592938682,398.550994978152,287.57661566250084,401.44057569114045,962.041138549734,1266.1379914956149,919.7130277760036,1249.5902552882321,881.9810573594904,1285.8699094264507,860.3626330768896,1286.882315472727
1968-10-13,311.55495007457466,401.44057569114045,290.0360178638584,402.2383257924502,991.5516725127688,1249.5902552882321,951.2818980932741,1285.8699094264507,910.9721487230321,1286.882315472727,889.8037713028524,1302.1141079228125
1968-10-14,314.5627316662859,402.2383257924502,293.75946244014983,404.2909826063332,998.983738796721,1285.8699094264507,956.5701562094343,1286.882315472727,916.286833541889,1302.1141079228125,895.8405007136968,1258.1216401322588
1968-10-15,316.77639151670775,404.2909826063332,295.9567827343772,403.7855880437308,1010.6711137639966,1286.882315472727,964.9489664309119,1302.1141079228125,925.9103687233442,1258.1216401322588,905.4672670506936,1284.0766146730089
1968-10-16,319.1839960495943,403.7855880437308,299.0573258885913,403.3177954367111,1024.968719843198,1302.1141079228125,980.0791453813242,1258.1216401322588,941.0350851721894,1284.0766146730089,921.3101646415344,1186.30204166679
1968-10-17,320.03096338610186,403.3177954367111,300.4422580855915,319.147710163618,1023.5514859498651,1258.1216401322588,975.2919036536198,1284.0766146730089,937.407312970232,1186.30204166679,918.2185423634824,1157.9246948415423
1968-10-18,320.69223936849477,319.147710163618,301.4206456988828,482.0377692726225,1000.9805421705553,1284.0766146730089,956.5579084846963,1186.30204166679,919.8643707582455,1157.9246948415423,900.9492438160146,1389.845275817309
1968-10-19,262.70679428590205,482.0377692726225,259.17598373994525,759.3862639093232,1015.0160473850674,1186.30204166679,934.4544999048776,1157.9246948415423,923.2507526933085,1389.845275817309,919.6861998890256,1643.8903048878435
1968-10-20,440.9103841286354,759.3862639093232,356.29335672031584,597.1883901946212,968.9841929273296,1157.9246948415423,1109.3086398990677,1389.845275817309,1104.784654611991,1643.8903048878435,1019.4931784746504,1573.408422961861
1968-10-21,511.8508032234787,597.1883901946212,451.74269280643784,537.3668475196861,1141.6475598412271,1389.845275817309,1390.0867931124642,1643.8903048878435,1181.4229835150013,1573.408422961861,1120.6445256160305,1609.8735863557845
1968-10-22,461.29936754154517,537.3668475196861,409.8009477203615,532.417666881418,1468.2541147076467,1643.8903048878435,1265.5167266994629,1573.408422961861,1164.165927692453,1609.8735863557845,1111.599664711978,1607.0543808956331
1968-10-23,419.32856969072947,532.417666881418,379.1585033806027,526.5202460022742,1255.827589773558,1573.408422961861,1142.3756896286084,1609.8735863557845,1060.7343778391037,1607.0543808956331,1019.5950368771132,1703.819233162666
1968-10-24,417.14034403817186,526.5202460022742,379.39542158648976,522.5882822623385,1258.8240800315868,1609.8735863557845,1193.987298812288,1607.0543808956331,1117.1530185685726,1703.819233162666,1078.9297635137564,1720.3271963518762
1968-10-25,415.3720760542617,522.5882822623385,379.43248238170804,521.3204433464064,1303.419015492425,1607.0543808956331,1243.2152647255843,1703.819233162666,1171.9692295781729,1720.3271963518762,1135.903654949977,1690.5565750413805
1968-10-26,415.1246464982088,521.3204433464064,379.67089830912573,525.0978249248345,1322.7230085051349,1703.819233162666,1258.1057247033539,1720.3271963518762,1187.194582734589,1690.5565750413805,1151.4351728828706,1596.507771463383
1968-10-27,414.82493591855314,525.0978249248345,381.23224846380924,548.5916525932702,1386.3635200641997,1720.3271963518762,1310.8591294182106,1690.5565750413805,1242.8627550500555,1596.507771463383,1209.4498882509338,1583.197275456877
1968-10-28,419.45867848626403,548.5916525932702,387.01507175585914,557.2597647833867,1420.4211114079326,1690.5565750413805,1351.6944142694465,1596.507771463383,1283.8119238145,1583.197275456877,1251.6895428855357,1540.0991898331963
1968-10-29,440.99483168326583,557.2597647833867,403.21077621295615,556.2381817833112,1394.3109348813607,1596.507771463383,1350.004731220254,1583.197275456877,1279.8192530184429,1540.0991898331963,1242.3131095874844,1530.864446401201
1968-10-30,444.05302319545126,556.2381817833112,406.48148257902466,550.0603482632358,1364.721240959659,1583.197275456877,1309.7994752979898,1540.0991898331963,1235.3433838178987,1530.864446401201,1198.1087670848115,1497.6596788506088
1968-10-31,444.37951855121423,550.0603482632358,407.5454426307426,543.1502256382507,1331.6587459364955,1540.0991898331963,1268.5647762357291,1530.864446401201,1194.2659896595983,1497.6596788506088,1157.6065350811548,1497.1713629188007
1968-11-01,442.0289997014962,543.1502256382507,406.34291981522966,539.9862360324038,1307.1581729325817,1530.864446401201,1240.9650238712234,1497.6596788506088,1171.0301586900428,1497.1713629188007,1135.6046941591978,1515.436400026761
1968-11-02,439.2930312429306,539.9862360324038,404.64468554149465,547.0328897288853,1281.1526813646146,1497.6596788506088,1221.0185050960818,1497.1713629188007,1155.7090722135033,1515.436400026761,1121.3952309814968,1492.3340481923956
1968-11-03,437.91044845756284,547.0328897288853,404.4824545267688,549.1656674276398,1276.7991248164687,1497.1713629188007,1219.3150765081837,1515.436400026761,1155.0882376654613,1492.3340481923956,1121.997443220861,1488.6329370424683
1968-11-04,445.0462023607114,549.1656674276398,409.86216754192714,551.320341837428,1280.8845823402576,1515.436400026761,1236.0483679460606,1492.3340481923956,1170.7923317406398,1488.6329370424683,1135.8917893146681,1314.8999650946243
1968-11-05,447.24510064005284,551.320341837428,412.71450383852874,551.5536690296576,1294.1761889975028,1492.3340481923956,1238.6811330088835,1488.6329370424683,1172.8174078152124,1314.8999650946243,1138.6006676708166,1206.3949784315519
1968-11-06,450.4456426907974,551.5536690296576,415.6828876489819,622.5731117429519,1286.8064272575652,1488.6329370424683,1233.0526622248726,1314.8999650946243,1167.6886082347025,1206.3949784315519,1133.2381667326126,1490.4263609786292
1968-11-07,447.38447703447923,622.5731117429519,417.85162017874194,745.9476856577155,1270.505628251216,1314.8999650946243,1234.5458437658824,1206.3949784315519,1165.9713690827734,1490.4263609786292,1136.701993676807,1747.9537660542242
1968-11-08,552.8871104080617,745.9476856577155,478.33934585557984,808.0635241517257,1168.7946183626927,1206.3949784315519,1350.7353172462572,1490.4263609786292,1314.9143803080683,1747.9537660542242,1239.5536711733946,2360.8711599433445
1968-11-09,584.3904552784052,808.0635241517257,538.2236707022939,914.2052761750335,1293.04666059632,1490.4263609786292,1509.0368371754823,1747.9537660542242,1323.7706914435366,2360.8711599433445,1272.5013430275162,2957.373134512882
1968-11-10,673.8612187676954,914.2052761750335,606.0160145599141,952.9576052108091,1575.2876021169773,1747.9537660542242,1643.5079152041794,2360.8711599433445,1490.8827515642229,2957.373134512882,1418.386879395623,3152.9138023095634
1968-11-11,755.0451901981307,952.9576052108091,675.9114284351293,919.0242496070541,1715.6801133420438,2360.8711599433445,1850.9587222201692,2957.373134512882,1656.4561727501773,3152.9138023095634,1571.2145277534837,3220.4354748192736
1968-11-12,787.3613042872803,919.0242496070541,704.8457050010597,900.4307360636014,2282.884820211864,2957.373134512882,2172.423791966488,3152.9138023095634,1970.6985035945136,3220.4354748192736,1883.9019727945677,2962.739134522372
1968-11-13,762.0201539724605,900.4307360636014,687.1388579242107,896.5600674379009,2595.0848632692705,3152.9138023095634,2365.747031610499,3220.4354748192736,2187.3095250813167,2962.739134522372,2110.944643133254,2700.2708327091236
1968-11-14,761.5788848537686,896.5600674379009,690.0027427402454,947.6418141996446,2663.906366726068,3220.4354748192736,2476.143281199589,2962.739134522372,2318.6013535632655,2700.2708327091236,2246.067104454741,2798.5528890181413
1968-11-15,766.0908121052548,947.6418141996446,695.8773345999355,953.1082410031829,2750.65527909644,2962.739134522372,2584.1392092488704,2700.2708327091236,2439.641395446225,2798.5528890181413,2369.485667886465,3439.295227769733
1968-11-16,896.7285204446612,953.1082410031829,806.0405588721087,974.0400071769411,2573.7102870199724,2700.2708327091236,2682.9171790723176,2798.5528890181413,2616.2921005252374,3439.295227769733,2523.9378067989473,4122.229763291784
1968-11-17,889.3484818639936,974.0400071769411,824.694809894004,1138.8564758112625,2661.48676168182,2798.5528890181413,2823.3992504851876,3439.295227769733,2643.8920297691257,4122.229763291784,2572.4487885953686,6185.7387494171
1968-11-18,966.7059872315106,1138.8564758112625,872.5266807746052,1448.344777369198,2804.609401269876,3439.295227769733,2945.909219361153,4122.229763291784,2865.9319878412084,6185.7387494171,2765.6687649416044,7097.336036985045
1968-11-19,1184.3410537486466,1448.344777369198,1004.9270327548642,1440.6367865823593,3382.9523898241287,4122.229763291784,3868.5810869941315,6185.7387494171,3661.318041626687,7097.336036985045,3462.3155902824838,6638.260306018541
1968-11-20,1139.9137485640235,1440.6367865823593,1016.7429665938721,1494.1100814466768,4361.505224825792,6185.7387494171,4168.916335815647,7097.336036985045,3727.574133174465,6638.260306018541,3592.44116240131,5899.825031072399
1968-11-21,1124.2993861669488,1494.1100814466768,1028.0709611420862,1616.8668542331825,5463.5631854956555,7097.336036985045,4914.728519567056,6638.260306018541,4500.954472452209,5899.825031072399,4399.95237125405,4989.658916389191
1968-11-22,1212.5516543980796,1616.8668542331825,1160.900980813323,1702.6787006435397,5869.2681310718435,6638.260306018541,5384.636947911777,5899.825031072399,5027.272359490341,4989.658916389191,4974.508443327364,4488.702271031289
1968-11-23,1399.6911754490757,1702.6787006435397,1368.477365233645,1706.791411428902,5596.414010043268,5899.825031072399,5256.425963367047,4989.658916389191,4979.5714155981295,4488.702271031289,4948.039997857995,4922.736803125383
1968-11-24,1582.0515205717973,1706.791411428902,1505.6065889882498,1922.3596709884418,5123.979280305475,4989.658916389191,4881.685830131211,4488.702271031289,4722.4031806153125,4922.736803125383,4646.044378074061,4783.6188518887575
1968-11-25,1720.1755951199036,1922.3596709884418,1597.415637681771,2223.6489077371025,4466.327048175312,4488.702271031289,4327.546520447197,4922.736803125383,4267.921013569759,4783.6188518887575,4140.973463077743,2793.557906027748
1968-11-26,1643.248699949449,2223.6489077371025,1872.5860698379522,2533.7261230871727,4113.174092656665,4922.736803125383,4089.8909065928683,4783.6188518887575,3739.791652318795,2793.557906027748,3965.456121047507,3090.334660134783
1968-11-27,2162.3667884994607,2533.7261230871727,1945.9265908224443,1662.5739368571237,4539.466247508591,4783.6188518887575,4568.319450437059,2793.557906027748,4447.320292846733,3090.334660134783,4228.678812756627,5778.372462271263
1968-11-28,2119.8286002932605,1662.5739368571237,1963.6987969595928,2049.3942191205006,4563.414995701764,2793.557906027748,4678.445503484648,3090.334660134783,4245.434000497675,5778.372462271263,4088.9439751688046,6710.448066869348
1968-11-29,1982.7304283901126,2049.3942191205006,1099.3450000033374,2384.276059746582,3086.652000198791,3090.334660134783,2657.917039873258,5778.372462271263,2909.9595545489483,6710.448066869348,2014.5328061711514,6085.00204301178
1968-11-30,1165.6652455251576,2384.276059746582,1846.9101314817692,3641.874691677966,2652.833674489364,5778.372462271263,3047.541851438263,6710.448066869348,2033.4314832779096,6085.00204301178,2702.0691593800593,7582.10947227895
1968-12-01,2561.4279519523025,3641.874691677966,3345.715098090889,5157.032398708057,5493.832474423509,6710.448066869348,5443.8777434427575,6085.00204301178,5499.865847645697,7582.10947227895,6278.392789119195,10568.646578591373
1968-12-02,3933.8383981822817,5157.032398708057,4280.167033678079,5651.3450952627045,6157.436717894467,6085.00204301178,7072.31230178413,7582.10947227895,7268.608178869801,10568.646578591373,7611.5140566354385,15603.087126185741
1968-12-03,4846.6612613090965,5651.3450952627045,4152.797022157106,5576.72894404168,6701.5491972698,7582.10947227895,8017.960269782379,10568.646578591373,7598.479708112776,15603.087126185741,6897.836722502649,15951.775250739924
1968-12-04,4498.2082708129965,5576.72894404168,3783.2215853815633,5115.246160034714,8485.218078769918,10568.646578591373,8811.626762459347,15603.087126185741,7590.511856723967,15951.775250739924,6870.103653804452,14483.996205292071
1968-12-05,4324.287909764739,5115.246160034714,3774.7421486351045,4716.403230034845,10123.338584435689,15603.087126185741,10027.054424503554,15951.775250739924,8561.967141338133,14483.996205292071,7997.208416464409,12933.811024649342
1968-12-06,4064.0568617556955,4716.403230034845,3713.1074511962793,4791.009592534254,13761.129580723453,15951.775250739924,12222.846326102816,14483.996205292071,10951.661551083376,12933.811024649342,10597.832990015704,11779.460455530125
1968-12-07,3948.5706257625043,4791.009592534254,3466.3722422384863,4530.514878473289,13096.988390750663,14483.996205292071,11668.753242184539,12933.811024649342,10737.71903443224,11779.460455530125,10258.072847215491,10842.989405804137
1968-12-08,3819.7919166012307,4530.514878473289,3350.1659770880606,4225.518050135208,11916.241475762143,12933.811024649342,11135.258877459048,11779.460455530125,10029.951302464899,10842.989405804137,9563.806918381175,10079.720528582107
1968-12-09,3625.0764585798975,4225.518050135208,3080.983522393837,3907.6421136115187,11162.508966263518,11779.460455530125,10176.247420506017,10842.989405804137,9162.702222945438,10079.720528582107,8621.984427729341,9284.445756445686
1968-12-10,3309.6996644819274,3907.6421136115187,2829.078602561972,3612.2342480723146,9988.445622785308,10842.989405804137,9094.767682403624,10079.720528582107,8091.372924148471,9284.445756445686,7613.1066674399135,8443.112758753934
1968-12-11,3066.3200265231626,3612.2342480723146,2636.227263588919,3369.792224804768,9184.792146034128,10079.720528582107,8334.825981697122,9284.445756445686,7416.553762945914,8443.112758753934,6988.515280161664,8075.711585662088
1968-12-12,2851.647377267603,3369.792224804768,2461.814233530329,3220.430000415309,8513.139838251207,9284.445756445686,7736.512320977514,8443.112758753934,6907.81168481386,8075.711585662088,6519.887663032216,8166.950427420512
1968-12-13,2678.6707103995072,3220.430000415309,2302.341566332123,3245.8581590490744,7865.644119829722,8443.112758753934,7181.613858020183,8075.711585662088,6437.416090088136,8166.950427420512,6063.348056465091,8221.59139236903
1968-12-14,2642.339448085253,3245.8581590490744,2137.920811525815,2989.2077953136777,7204.021292389258,8075.711585662088,6795.388555555584,8166.950427420512,6174.196727940045,8221.59139236903,5670.9090711931685,7706.475005451663
1968-12-15,2435.2684804201504,2989.2077953136777,2156.841927085504,2827.3074324897498,7066.525349621664,8166.950427420512,6766.836010525298,8221.59139236903,5871.335204862193,7706.475005451663,5591.522403669615,7464.716185508355
1968-12-16,2391.8633949921395,2827.3074324897498,2103.5512914885376,2796.7421313125205,7543.741392983908,8221.59139236903,6831.342944750302,7706.475005451663,6153.834482008076,7464.716185508355,5866.3782707990395,7195.725302439093
1968-12-17,2267.7866771754525,2796.7421313125205,2050.250455305613,2765.7505384213237,6932.851937798466,7706.475005451663,6376.423189206254,7464.716185508355,5747.0475045366875,7195.725302439093,5530.338522275693,6910.980157630454
1968-12-18,2285.2152671895155,2765.7505384213237,2124.903137073922,2781.0865380878795,6582.106003511859,7464.716185508355,6179.786978230613,7195.725302439093,5605.332125485788,6910.980157630454,5445.753693855115,6764.301816488301
1968-12-19,2330.711379232346,2781.0865380878795,2103.2613227142874,2821.2498919581076,6491.434115706025,7195.725302439093,6087.140065611045,6910.980157630454,5591.910909603773,6764.301816488301,5365.365506974729,6961.854933488146
1968-12-20,2303.803241349273,2821.2498919581076,2063.7314434294344,2788.6096254633912,6274.382040188371,6910.980157630454,5946.230321287091,6764.301816488301,5414.987796313109,6961.854933488146,5175.838143849183,6845.484121585568
1968-12-21,2304.8752805556373,2788.6096254633912,2045.266868191102,2795.6072334302708,6088.871488237096,6764.301816488301,5816.171793508346,6961.854933488146,5246.428581524116,6845.484121585568,4987.294733219264,6955.592026304543
1968-12-22,2258.231065973096,2795.6072334302708,1990.4876573112658,2822.5483106521224,6019.234440475462,6961.854933488146,5671.858118319418,6845.484121585568,5093.593194521885,6955.592026304543,4826.649332599896,6903.155757755136
1968-12-23,2267.9923187475665,2822.5483106521224,1970.4269433524018,2719.7829682088504,6096.8732431839235,6845.484121585568,5801.361995640233,6955.592026304543,5230.120164754349,6903.155757755136,4934.010850662074,6675.149806720434
1968-12-24,2245.217398277091,2719.7829682088504,1949.4334088061823,2588.992636795124,6052.443574329003,6955.592026304543,5797.786091094984,6903.155757755136,5164.317700811761,6675.149806720434,4868.969590449714,6551.3946750076975
1968-12-25,2144.460905415769,2588.992636795124,1879.3590926123143,2505.1858238548866,6172.40462508386,6903.155757755136,5734.205145319589,6675.149806720434,5102.92233696648,6551.3946750076975,4838.879999547103,6475.2932118617355
1968-12-26,2068.896969099782,2505.1858238548866,1833.7734106630992,2493.675995225818,5972.254171840037,6675.149806720434,5523.372599896817,6551.3946750076975,4952.171839672739,6475.2932118617355,4718.2918494966,5976.221016513848
1968-12-27,2020.6253227062152,2493.675995225818,1800.7616154973362,2276.9024674558787,5756.572896612899,6551.3946750076975,5368.864271402861,6475.2932118617355,4834.809707628634,5976.221016513848,4616.161276975698,6942.919203595277
1968-12-28,2078.4079033623193,2276.9024674558787,1765.7448870542576,1977.8022986361682,5696.757911929053,6475.2932118617355,5441.716248902744,5976.221016513848,4991.38794057621,6942.919203595277,4680.845094658741,7410.440127785729
1968-12-29,2051.0577904013576,1977.8022986361682,1455.4720973584278,2012.3909476275521,5726.376958660034,5976.221016513848,5473.320440904403,6942.919203595277,5182.166473653637,7410.440127785729,4585.064812472794,7046.318598213056
1968-12-30,1436.1621331512024,2012.3909476275521,1093.0464661326964,2018.1076610112998,5365.006125107598,6942.919203595277,5079.472102569995,7410.440127785729,4375.8639205686295,7046.318598213056,4023.5721478462046,6482.277141354898
1968-12-31,1425.8791765275032,2018.1076610112998,1364.0380866261914,2151.236467645513,6061.75392427597,7410.440127785729,5648.348143798641,7046.318598213056,4896.9230687341105,6482.277141354898,4829.755150125249,6074.908792583815
1969-01-01,1635.8371310493553,2151.236467645513,1898.734845540289,2579.5033033134705,6387.32376643991,7046.318598213056,5884.725187030084,6482.277141354898,5362.657522069034,6074.908792583815,5623.517072982186,6232.184187675905
1969-01-02,2104.7345752443625,2579.5033033134705,2308.7290652994875,3038.3932093354074,6057.855505784597,6482.277141354898,5745.930265562515,6074.908792583815,5588.274972266303,6232.184187675905,5791.128889242195,6539.719625821484
1969-01-03,2506.157822081371,3038.3932093354074,2384.508085538127,3249.4155498363384,5745.895902994237,6074.908792583815,5794.321093705662,6232.184187675905,5632.445591000987,6539.719625821484,5509.703909857688,6637.597437440155
1969-01-04,2629.091540237405,3249.4155498363384,2348.4716385900606,3203.2971770420045,5751.182228279927,6232.184187675905,5892.492687678525,6539.719625821484,5408.364993329658,6637.597437440155,5126.535575304613,6691.067927389171
1969-01-05,2634.0307763406154,3203.2971770420045,2288.331029490592,3049.529573404727,5997.786003696673,6539.719625821484,5922.165331544433,6637.597437440155,5239.645466294347,6691.067927389171,4892.965011503411,6678.480178666927
1969-01-06,2540.184456451966,3049.529573404727,2197.060969215592,2877.4288545397503,6097.568643567985,6637.597437440155,5772.32340191005,6691.067927389171,5049.611622661714,6678.480178666927,4705.903671603262,6472.708993444125
1969-01-07,2412.7182934027755,2877.4288545397503,2088.358516618767,2724.6785850214137,5944.986105204151,6691.067927389171,5541.503618486004,6678.480178666927,4849.098964669121,6472.708993444125,4524.242394703505,6183.111853478854
1969-01-08,2283.1468355630764,2724.6785850214137,1980.9432637691957,2588.6903685599445,5885.32346533633,6678.480178666927,5446.590470443372,6472.708993444125,4797.970370288405,6183.111853478854,4495.694502873484,5914.120795596284
1969-01-09,2169.4663236148144,2588.6903685599445,1895.3099371168769,2473.358539315862,5803.090296144512,6472.708993444125,5378.550452364092,6183.111853478854,4768.961059638769,5914.120795596284,4495.06947388667,5657.096874419716
1969-01-10,2076.06788772778,2473.358539315862,1812.954148990818,2365.483392225099,5626.255760913953,6183.111853478854,5217.446669093239,5914.120795596284,4649.609178902021,5657.096874419716,4386.754730066021,5443.034955294244
1969-01-11,1983.887943605574,2365.483392225099,1746.1303896400705,2221.1341184987878,5387.583321930985,5914.120795596284,5011.294693887288,5657.096874419716,4469.711264969303,5443.034955294244,4232.284545413933,5189.470153701266
1969-01-12,1913.3360079756808,2221.1341184987878,1689.888375702445,2254.7794109195956,5160.28103350403,5657.096874419716,4804.012228917192,5443.034955294244,4300.970480015842,5189.470153701266,4077.721991970293,5113.866460757603
1969-01-13,1854.4394924544863,2254.7794109195956,1641.1252067158005,2188.926410973707,4949.249448137889,5443.034955294244,4630.04171993156,5189.470153701266,4152.976844204712,5113.866460757603,3939.858600249504,4959.682741076807
1969-01-14,1799.1184845897355,2188.926410973707,1594.7239595350684,2044.310848849751,4766.232272336266,5189.470153701266,4468.658911230784,5113.866460757603,4008.8340574207477,4959.682741076807,3804.5370740327717,4737.807358684831
1969-01-15,1748.4427744583586,2044.310848849751,1553.4778169291124,2054.6082415670926,4601.505869554334,5113.866460757603,4321.291495952846,4959.682741076807,3879.6167507038926,4737.807358684831,3684.69756334243,4783.416708015737
1969-01-16,1705.2801624587746,2054.6082415670926,1512.3490101167226,2034.9973245163726,4455.031385395035,4959.682741076807,4191.270027984807,4737.807358684831,3766.223928775151,4783.416708015737,3573.237248939485,4666.385295431217
1969-01-17,1661.1822517291869,2034.9973245163726,1479.300602162005,1929.3274227946476,4327.6221750558,4737.807358684831,4073.740259216027,4783.416708015737,3660.7452636921635,4666.385295431217,3478.9815093891275,4562.616574464495
1969-01-18,1630.3224642550601,1929.3274227946476,1447.6778491104465,1834.8283047313384,4211.90494877277,4783.416708015737,3972.377496798313,4666.385295431217,3579.1468999862095,4562.616574464495,3396.6426182439827,4483.955527426011
1969-01-19,1636.5627448486978,1834.8283047313384,1433.4329837951173,1822.3922778963554,4188.529519167211,4666.385295431217,3978.7947807813575,4562.616574464495,3614.8166870590485,4483.955527426011,3411.8407314873384,4396.305492067393
1969-01-20,1535.4743287247597,1822.3922778963554,1358.8298332074855,1875.2143115615984,4099.961036827853,4562.616574464495,3859.9326801244024,4483.955527426011,3446.487577363509,4396.305492067393,3269.885178086423,4383.920319922561
1969-01-21,1507.8234663613507,1875.2143115615984,1345.573156249597,1708.235006291979,4043.396476728385,4483.955527426011,3800.453356423788,4396.305492067393,3412.510417104306,4383.920319922561,3250.4019945409545,4179.488474417687
1969-01-22,1490.449632040164,1708.235006291979,1332.736518983741,1787.155788817046,4018.9230945209806,4396.305492067393,3789.337888914041,4383.920319922561,3423.8929090315123,4179.488474417687,3266.425521655149,4202.395372027779
1969-01-23,1487.1640678778485,1787.155788817046,1331.4171623412176,1801.171790355971,3915.8262823151967,4383.920319922561,3725.267826345397,4179.488474417687,3371.6955745707064,4202.395372027779,3216.1793978725846,4342.016076180145
1969-01-24,1504.1410454241095,1801.171790355971,1313.2400396486228,1493.703150957684,3865.049111010852,4179.488474417687,3712.9204428967046,4202.395372027779,3364.161045768359,4342.016076180145,3173.2658728094475,4083.8374504483672
1969-01-25,1425.681580216134,1493.703150957684,1198.6964885903728,1602.2505217738628,3857.270053855562,4202.395372027779,3615.893920878799,4342.016076180145,3260.5104750522105,4083.8374504483672,3033.2533480360953,4096.222741422341
1969-01-26,1274.7170826296242,1602.2505217738628,1101.0154970936292,1567.8054368930023,3731.452729214009,4342.016076180145,3442.5170556308353,4083.8374504483672,3057.4329323200814,4096.222741422341,2883.426269146883,3947.6001810880703
1969-01-27,1227.9925039394075,1567.8054368930023,1092.2298867141662,1421.4688070130733,3694.6975600635346,4083.8374504483672,3427.9039682925177,4096.222741422341,3078.8957239788633,3947.6001810880703,2943.1583509952843,3337.32154409357
1969-01-28,1225.938536126479,1421.4688070130733,1130.2397155996698,1527.0663758786109,3650.6582451458144,4096.222741422341,3429.289912545549,3947.6001810880703,3115.4202977234418,3337.32154409357,3019.954417270652,2901.495053132483
1969-01-29,1248.2810434538435,1527.0663758786109,1212.065004472488,1301.977035508545,3542.292099799898,3947.6001810880703,3339.789220103001,3337.32154409357,3078.4180547282767,2901.495053132483,3042.441500958785,3613.705780951901
1969-01-30,1338.0158380592331,1301.977035508545,1220.9178056024746,760.9690372428296,3435.305018956939,3337.32154409357,3285.665358631524,2901.495053132483,3104.98297563514,3613.705780951901,2988.415755563151,3736.8322983210046
1969-01-31,1260.93563575498,760.9690372428296,808.6578723204632,1291.4370340047203,3086.449411044185,2901.495053132483,2768.7000936600266,3613.705780951901,2771.3402247521312,3736.8322983210046,2318.765529147106,3679.211052869029
1969-02-01,672.7956127130998,1291.4370340047203,512.0353391502205,1228.2905058182316,2444.0194974690753,3613.705780951901,2202.3383445809227,3736.8322983210046,1828.2918433873017,3679.211052869029,1664.4774612023284,3463.2130775697733
1969-02-02,881.6568513337602,1228.2905058182316,1014.4011494055301,1529.3971915311183,2979.7222914238127,3736.8322983210046,3064.3923360209683,3679.211052869029,2657.893694147194,3463.2130775697733,2788.6859871216475,3803.2208498387863
1969-02-03,1219.400101282546,1529.3971915311183,1482.9906477190953,2005.0015932861377,3690.268500120531,3679.211052869029,3536.905938814384,3463.2130775697733,3408.3210122546952,3803.2208498387863,3670.918430762222,4307.073821080003
1969-02-04,1568.8668601717422,2005.0015932861377,1769.7267426346502,2275.5788970393546,3281.708676715375,3463.2130775697733,3293.786407873418,3803.2208498387863,3346.634264582133,4307.073821080003,3545.7848698167277,4553.066291979376
1969-02-05,1940.8462071007716,2275.5788970393546,1851.9790313132194,2646.507200040758,3324.0657380931607,3803.2208498387863,3636.341290483586,4307.073821080003,3592.3130999354444,4553.066291979376,3501.474883271938,4843.428348725045
1969-02-06,2053.134883324933,2646.507200040758,1843.685376424937,2479.7150969792606,3821.792156713788,4307.073821080003,4079.43924336494,4553.066291979376,3731.1138717692356,4843.428348725045,3520.2151579384654,4944.329060345344
1969-02-07,2096.6222896540676,2479.7150969792606,1821.7522699442886,2474.970892922127,4259.093107010539,4553.066291979376,4307.300666758984,4843.428348725045,3790.5174594752375,4944.329060345344,3514.4143830171733,5177.382342462617
1969-02-08,2005.8288011913369,2474.970892922127,1745.5032133235577,2197.6301066069627,4450.739646771746,4843.428348725045,4241.644731610166,4944.329060345344,3687.2182022628995,5177.382342462617,3425.861487708754,4977.397633720317
1969-02-09,1914.7153556201042,2197.6301066069627,1669.240284581194,2237.570429500815,4377.462216800746,4944.329060345344,4091.078884687486,5177.382342462617,3572.8079079851004,4977.397633720317,3326.444245037891,4985.7269273762
1969-02-10,1820.0294606695666,2237.570429500815,1592.3885945178881,2140.553407214549,4413.720535204784,5177.382342462617,4113.749424089486,4977.397633720317,3626.0350885721405,4985.7269273762,3398.0564471924345,4773.761490464129
1969-02-11,1734.0545977753386,2140.553407214549,1529.6465183464181,1910.1923595345147,4473.952795309684,4977.397633720317,4162.8752049983505,4985.7269273762,3702.4201056629827,4773.761490464129,3498.0360292785917,4489.29843888414
1969-02-12,1669.607057116492,1910.1923595345147,1474.5352232274136,1990.3160529501495,4432.067129671363,4985.7269273762,4130.668789341936,4773.761490464129,3703.4260533679007,4489.29843888414,3508.613894348782,4475.876758732213
1969-02-13,1608.0953290137236,1990.3160529501495,1428.801566352391,1784.845361023644,4290.753206651968,4773.761490464129,4009.1161262057362,4489.29843888414,3602.2370076309335,4475.876758732213,3423.223739146642,4195.434464895947
1969-02-14,1559.594292338555,1784.845361023644,1388.913397390621,1855.196145045231,4153.458867318414,4489.29843888414,3888.9473526669194,4475.876758732213,3507.1061121127314,4195.434464895947,3336.647618790049,4150.651414997615
1969-02-15,1516.4655321550622,1855.196145045231,1352.9455058405606,1729.9952129796593,4005.1028303960293,4475.876758732213,3765.7718569558647,4195.434464895947,3397.3758854399057,4150.651414997615,3233.976158892702,4010.2137647975987
1969-02-16,1478.5415912947592,1729.9952129796593,1319.5907757679606,1769.8981065536564,3876.4871298023627,4195.434464895947,3648.7091299309654,4150.651414997615,3293.568442781085,4010.2137647975987,3134.7524917610003,4038.3565069629576
1969-02-17,1441.7566335199067,1769.8981065536564,1289.0986181757958,1659.0054200930526,3766.0662183984573,4150.651414997615,3552.0521291737514,4010.2137647975987,3204.5752900778416,4038.3565069629576,3051.920921524073,4038.2789374208533
1969-02-18,1411.9961222702,1659.0054200930526,1265.5217885148786,1767.8176274217037,3668.700145693282,4010.2137647975987,3456.7987002748923,4038.3565069629576,3126.3033906172077,4038.2789374208533,2979.894589637786,4164.147051934706
1969-02-19,1389.7504906123077,1767.8176274217037,1246.4448204359392,1623.521608589816,3574.084862884947,4038.3565069629576,3386.0007736645557,4038.2789374208533,3063.8279416909418,4164.147051934706,2920.588696841359,4042.188525389764
1969-02-20,1381.1599960872854,1623.521608589816,1234.451890357707,1681.0980554280375,3539.0187954587986,4038.2789374208533,3374.4793235710204,4164.147051934706,3051.164717181755,4042.188525389764,2904.564456963635,4195.685193981242
1969-02-21,1388.0687294526433,1681.0980554280375,1235.4807432681598,1597.3640239803158,3618.150715361039,4164.147051934706,3455.1731654742575,4042.188525389764,3137.2123789785783,4195.685193981242,2985.0146831854768,4191.783371990088
1969-02-22,1389.919897149234,1597.3640239803158,1232.311220379275,1645.175886036667,3667.9057550182997,4042.188525389764,3511.8595858792323,4195.685193981242,3187.854688716432,4191.783371990088,3030.641707865463,4531.916429498923
1969-02-23,1365.9239766166093,1645.175886036667,1203.97134246371,1714.2040777646175,3689.035126999894,4195.685193981242,3528.036060511492,4191.783371990088,3169.079713112538,4531.916429498923,3006.9619847662207,4933.56430397449
1969-02-24,1332.3756745666176,1714.2040777646175,1172.9206657927202,1618.9698587452708,3769.0210695334836,4191.783371990088,3556.8231979604575,4531.916429498923,3192.14376315395,4933.56430397449,3032.954394873299,5117.809334978024
1969-02-25,1326.8876038745582,1618.9698587452708,1170.119543200025,1748.8066806012407,3832.395761279843,4531.916429498923,3631.572951677182,4933.56430397449,3276.810923450069,5117.809334978024,3120.546496150431,5171.3299147753905
1969-02-26,1324.9158649080175,1748.8066806012407,1181.1154415011742,1629.9737857418763,4019.2389539881297,4933.56430397449,3808.471102316281,5117.809334978024,3457.848004538624,5171.3299147753905,3314.5677724616608,4871.417118952975
1969-02-27,1339.7825356031901,1629.9737857418763,1196.4101394572826,1782.0435233803191,4271.561814479176,5117.809334978024,4056.179394848572,5171.3299147753905,3697.5713663777806,4871.417118952975,3554.809088261649,5026.5130638576375
1969-02-28,1353.3348553757944,1782.0435233803191,1203.1955872350984,1492.6812919694257,4479.7138992956925,5171.3299147753905,4235.466328788058,4871.417118952975,3859.3630077027565,5026.5130638576375,3710.579022674999,4738.548467797484
1969-03-01,1357.2702353506115,1492.6812919694257,1204.14903071826,1777.5998669011947,4459.103234260226,4871.417118952975,4195.615842139134,5026.5130638576375,3825.9875169038487,4738.548467797484,3674.2667847065077,5467.160502888495
1969-03-02,1338.6648965071122,1777.5998669011947,1187.1335231147625,1646.5839614883644,4371.869527983051,5026.5130638576375,4093.6186825154127,4738.548467797484,3732.9323396537475,5467.160502888495,3582.759821929078,5229.843375688624
1969-03-03,1345.3294380856023,1646.5839614883644,1189.651535792646,1648.0532473743515,4307.025831930038,4738.548467797484,4083.7299414090453,5467.160502888495,3715.5390756465013,5229.843375688624,3561.16046681865,4955.389674569216
1969-03-04,1357.0528741982532,1648.0532473743515,1195.7907206728432,1701.6896194112167,4334.795089516188,5467.160502888495,4106.503870099272,5229.843375688624,3727.927796784618,4955.389674569216,3567.73126199775,4986.86129278293
1969-03-05,1333.0161958866054,1701.6896194112167,1175.3830042828065,1481.1198775762323,4689.731850753228,5229.843375688624,4360.873738281169,4955.389674569216,3988.33162632353,4986.86129278293,3832.832497706333,4828.447812685061
1969-03-06,1310.524791250354,1481.1198775762323,1157.5473989337183,1658.7648664723326,4566.452989979298,4955.389674569216,4258.781507059681,4986.86129278293,3896.636814461316,4828.447812685061,3745.702879249896,4845.4689984604665
1969-03-07,1289.5473200007195,1658.7648664723326,1139.419557046589,1561.4457293539758,4335.056159583231,4986.86129278293,4052.0834806442795,4828.447812685061,3698.9962931392183,4845.4689984604665,3550.527617106693,4765.457793380649
1969-03-08,1274.462790039614,1561.4457293539758,1126.957101505221,1624.9145963125186,4291.070094138968,4828.447812685061,4016.555707629217,4845.4689984604665,3668.7107036003754,4765.457793380649,3522.894302658381,4674.2570629921065
1969-03-09,1263.5513181575093,1624.9145963125186,1116.8500640055386,1507.4403873219676,4315.498096340546,4845.4689984604665,4043.0604499719066,4765.457793380649,3695.6693860019213,4674.2570629921065,3550.7906973673344,4497.058724453122
1969-03-10,1248.5842466161826,1507.4403873219676,1104.760183109615,1348.0214785698108,4223.730649770388,4765.457793380649,3950.211319374267,4674.2570629921065,3610.7320767805054,4497.058724453122,3468.6304035212665,4254.750903601805
1969-03-11,1227.1113101046153,1348.0214785698108,1088.0702158000186,1586.9493178662724,4146.4007747652895,4674.2570629921065,3868.7992638956885,4497.058724453122,3540.5473159214507,4254.750903601805,3403.182853449728,4600.665838165691
1969-03-12,1209.6427481986161,1586.9493178662724,1073.3748653836733,1434.7416982161676,4019.811925121545,4497.058724453122,3760.476804869983,4254.750903601805,3441.5256690881165,4600.665838165691,3306.824797261411,4382.869581176628
1969-03-13,1197.1787614161335,1434.7416982161676,1063.5128556342056,1592.0010702114328,3950.8343475574493,4254.750903601805,3705.107711399501,4600.665838165691,3390.58286201715,4382.869581176628,3258.4163872952686,4590.163762260341
1969-03-14,1191.4683971673808,1592.0010702114328,1057.3097244879236,1331.2012593027248,3923.7690971178954,4600.665838165691,3693.2731584485637,4382.869581176628,3375.791943693104,4590.163762260341,3243.1358717451585,4545.774155156989
1969-03-15,1195.3377434883876,1331.2012593027248,1058.0892138185272,1595.5217585162682,3951.457777259605,4382.869581176628,3728.095922032895,4590.163762260341,3405.6650244039174,4545.774155156989,3270.03726150714,4685.328175046016
1969-03-16,1185.144526772921,1595.5217585162682,1048.6290700953487,1478.16798366358,3947.625012044188,4590.163762260341,3704.253777370451,4545.774155156989,3385.9169558949648,4685.328175046016,3251.0353794525377,3987.795998722823
1969-03-17,1209.2701473961743,1478.16798366358,1065.4181438576081,1546.611364746927,3985.8802484202342,4545.774155156989,3772.437976045059,4685.328175046016,3463.035966812139,3987.795998722823,3320.96881395082,2183.04214333073
1969-03-18,1287.160854605094,1546.611364746927,1121.1660102480478,1718.6433659960217,4122.56135413893,4685.328175046016,3929.9719921323876,3987.795998722823,3657.5471955886705,2183.04214333073,3493.606323532985,2021.7267246126971
1969-03-19,1348.5201102794783,1718.6433659960217,1133.0584944503266,994.447780028526,4049.971425258688,3987.795998722823,3931.9828796199645,2183.04214333073,3625.351952158313,2021.7267246126971,3411.7321733989866,2349.201786935142
1969-03-20,1466.385583146305,994.447780028526,1136.447221827571,1366.6453478568963,3795.9016374446774,2183.04214333073,3737.988343142995,2021.7267246126971,3491.526365819676,2349.201786935142,3162.3106408622734,3797.123077880464
1969-03-21,1266.3393626035388,1366.6453478568963,1059.3716328883988,1225.8957768911898,2440.829871838525,2021.7267246126971,2088.5350761469435,2349.201786935142,2224.2098738938635,3797.123077880464,2013.6929890554525,4620.458352049155
1969-03-22,1233.0450822450885,1225.8957768911898,1170.7822039608002,2445.512347195345,1744.245560523949,2349.201786935142,2373.326497846025,3797.123077880464,2082.3413904857543,4620.458352049155,2005.3345538397302,3065.3504442068866
1969-03-23,1075.8966424405626,2445.512347195345,2278.68978929697,4138.770010586441,3027.8259929014494,3797.123077880464,2643.328125004987,4620.458352049155,2405.8242256867807,3065.3504442068866,3601.4753700266583,6876.829689585899
1969-03-24,3095.7034390267618,4138.770010586441,3802.0412152924905,5475.764593318444,3739.9624877617034,4620.458352049155,4661.927881373546,3065.3504442068866,5253.447448769412,6876.829689585899,5956.768815561083,9941.71943358375
1969-03-25,4783.957813390574,5475.764593318444,3805.270449221574,7820.185310984543,5322.058586731873,3065.3504442068866,7036.550461012087,6876.829689585899,7621.112567143971,9941.71943358375,6638.342138753827,13401.142184817443
1969-03-26,4606.231448950512,7820.185310984543,6303.34477116239,10317.106668780198,5100.528856185884,6876.829689585899,7208.757144172364,9941.71943358375,5736.520988938853,13401.142184817443,7416.225982220056,17327.121399101146
1969-03-27,7909.882372674835,10317.106668780198,8198.810333995048,10463.803430842334,8641.231536603844,9941.71943358375,10342.858103760096,13401.142184817443,10179.082389350362,17327.121399101146,10459.080228722834,18809.065486582786
1969-03-28,9130.17223599452,10463.803430842334,7458.728215005784,8826.867653985715,11603.543147061793,13401.142184817443,13561.283624022872,17327.121399101146,12204.964240413452,18809.065486582786,10529.51868565216,16676.001647750487
1969-03-29,7867.54941756341,8826.867653985715,5984.911203935486,7156.587120661516,14863.161508196616,17327.121399101146,14451.666627292516,18809.065486582786,11742.950059227931,16676.001647750487,9860.279001424678,13840.45629153191
1969-03-30,6262.667597667844,7156.587120661516,5215.200911713015,6387.161329745153,16041.94018436646,18809.065486582786,13833.51883204505,16676.001647750487,11115.588499167414,13840.45629153191,10068.802584625859,11599.965053995893
1969-03-31,5450.97633783423,6387.161329745153,4711.34209730944,5839.538445951624,15468.432426744184,16676.001647750487,12981.929811493937,13840.45629153191,11157.468560810124,11599.965053995893,10422.991466849242,10814.598066707047
1969-04-01,5077.8695594172,5839.538445951624,4348.630834209165,5489.685826405911,13294.976923547503,13840.45629153191,11834.873392397789,11599.965053995893,10430.447926945395,10814.598066707047,9706.142854570699,6574.410556979788
1969-04-02,4827.126562767559,5489.685826405911,3733.2236982212803,5129.6586494571075,11700.179890969182,11599.965053995893,10698.346284138759,10814.598066707047,9607.377746785072,6574.410556979788,8517.573478720595,5735.903145935243
1969-04-03,4053.1029219379043,5129.6586494571075,4203.919449671003,3398.463277027439,10195.050583242493,10814.598066707047,9578.913733468586,6574.410556979788,7991.97830337709,5735.903145935243,8140.08613917975,8001.752000852977
1969-04-04,4630.114139646928,3398.463277027439,4598.107806592306,5357.715947453594,9711.105793595347,6574.410556979788,8925.273045266025,5735.903145935243,8297.869504593513,8001.752000852977,8264.003160407512,9050.284988415327
1969-04-05,4273.648282913532,5357.715947453594,3152.6413729037013,8317.340437187042,6202.015038488215,5735.903145935243,4793.305694131908,8001.752000852977,5621.352221237897,9050.284988415327,4493.833818725854,12136.813645324997
1969-04-06,4322.345963643107,8317.340437187042,8053.799730554842,11611.530018596035,4471.4544373949575,8001.752000852977,7515.558289513207,9050.284988415327,6060.357675946086,12136.813645324997,9762.278506238225,19145.36843443034
1969-04-07,10192.78466805321,11611.530018596035,9719.07737784701,11245.655679926247,10357.804570004653,9050.284988415327,12760.88639482991,12136.813645324997,14281.974024136012,19145.36843443034,13792.362553144449,19393.436180499386
1969-04-08,10075.29734671847,11245.655679926247,8103.652211611652,8875.036976773117,11746.09410016031,12136.813645324997,14424.944670554616,19145.36843443034,12657.52267091648,19393.436180499386,10673.465124576698,17204.424906176308
1969-04-09,8375.629677804809,8875.036976773117,6738.376607356956,7587.488070997062,14806.629698406485,19145.36843443034,13945.625538934053,19393.436180499386,10924.574660363049,17204.424906176308,9279.011463930578,14694.388338077002
1969-04-10,6861.945327799716,7587.488070997062,5178.849527099332,6867.591202745643,17213.287440503016,19393.436180499386,14251.591719272044,17204.424906176308,12109.195684081975,14694.388338077002,10426.099792335159,13174.340192247859
1969-04-11,5625.736154299784,6867.591202745643,5396.567183682611,6894.692922568008,15454.646899933363,17204.424906176308,13617.895043963561,14694.388338077002,11415.190621055865,13174.340192247859,11180.933135328685,13121.842778720751
1969-04-12,5971.256269736005,6894.692922568008,5626.168268934436,7113.685133308134,14391.566039255787,14694.388338077002,12801.227362793798,13174.340192247859,11729.92687489398,13121.842778720751,11384.861237908124,12812.915514518396
1969-04-13,5990.861882081408,7113.685133308134,5123.400712805935,6524.683585861562,12519.677875897818,13174.340192247859,11871.141141863809,13121.842778720751,10838.360425662071,12812.915514518396,9970.873112249921,11916.984395888678
1969-04-14,5587.594958100379,6524.683585861562,4686.792195332708,5712.071093472784,11914.222514101446,13121.842778720751,11547.403257329475,12812.915514518396,9925.05375829509,11916.984395888678,9024.531753014351,10829.380793361011
1969-04-15,5033.584567427817,5712.071093472784,4157.11248582657,5022.0976100696835,12053.816195163223,12812.915514518396,10908.803058720296,11916.984395888678,9345.15159518537,10829.380793361011,8470.069340383343,8903.16766729796
1969-04-16,4367.104724984631,5022.0976100696835,3627.8388761560072,4479.369236928049,11060.438463377817,11916.984395888678,9784.232166289818,10829.380793361011,8393.325249537631,8903.16766729796,7655.82526277199,8279.674493099103
1969-04-17,3878.0906255021064,4479.369236928049,3272.298154140101,2909.6500509037583,10036.727964553971,10829.380793361011,8932.622754634322,8903.16766729796,7729.378806091525,8279.674493099103,7123.609689734869,9423.358023454466
1969-04-18,3454.7482839127215,2909.6500509037583,3029.3994777024127,4942.934198373049,9155.496121454584,8903.16766729796,8161.595313348046,8279.674493099103,7112.676384491105,9423.358023454466,6689.3221764586615,8734.058425328501
1969-04-19,2897.9535325411907,4942.934198373049,2110.4137638349966,4043.3525930194273,7622.69826961671,8279.674493099103,5955.308239554017,9423.358023454466,5908.442820444116,8734.058425328501,5118.877767499125,7238.385970279374
1969-04-20,3483.985290989992,4043.3525930194273,3861.0335274563213,4356.62030644348,6207.98414454783,9423.358023454466,8107.554876265403,8734.058425328501,6515.927262749128,7238.385970279374,6886.878223984712,9452.042465029663
1969-04-21,4259.049908018336,4356.62030644348,4016.497174362792,5550.514974366741,10345.52266084866,8734.058425328501,9127.214017251641,7238.385970279374,8925.352650270106,9452.042465029663,8682.823209453742,11465.703391609111
1969-04-22,4111.429962031824,5550.514974366741,3187.771290941667,5905.470891802278,7471.443602820902,7238.385970279374,7264.365240391211,9452.042465029663,6934.748440796626,11465.703391609111,6007.99479030005,12337.813868068435
1969-04-23,4353.302129895225,5905.470891802278,3599.72708773035,6901.299114503148,7145.326661548634,9452.042465029663,8227.44180474722,11465.703391609111,6882.355157188975,12337.813868068435,6123.265588795839,13075.885569685926
1969-04-24,4635.041433977564,6901.299114503148,5106.206731595633,7503.220515757571,9862.642910163178,11465.703391609111,9947.56905329329,12337.813868068435,8451.375676192063,13075.885569685926,8917.878417959952,13917.469595001574
1969-04-25,6170.1872416468395,7503.220515757571,5800.389510803477,7455.493171273085,10907.585091200073,12337.813868068435,11291.56663590783,13075.885569685926,10409.432767918355,13917.469595001574,10038.236501462252,13913.741560576269
1969-04-26,6276.2852254524205,7455.493171273085,5714.383734535115,7105.758965083984,12076.926807944801,13075.885569685926,12121.292033618343,13917.469595001574,10721.919758442013,13913.741560576269,10160.916845465104,13500.624532180344
1969-04-27,6104.864132937013,7105.758965083984,5170.172310376363,6673.485872684903,12487.660974484323,13917.469595001574,11828.356535437479,13913.741560576269,10398.153658509818,13500.624532180344,9464.880387764713,12871.26749969189
1969-04-28,5507.103333071933,6673.485872684903,4442.692158133604,5989.822060904373,12552.65119618911,13913.741560576269,11660.703763950274,13500.624532180344,10012.886272859318,12871.26749969189,8952.628015678545,11716.825348762763
1969-04-29,5028.85257933594,5989.822060904373,4007.915038737823,4942.561745177668,12237.5338784594,13500.624532180344,11413.598807042743,12871.26749969189,9656.149246685914,11716.825348762763,8634.538245186917,10684.057535375076
1969-04-30,4325.934501906593,4942.561745177668,3650.794229943659,4521.798778235824,11898.45664429243,12871.26749969189,10636.562288884461,11716.825348762763,8877.43767490588,10684.057535375076,8204.213899513463,9606.80561843629
1969-05-01,3850.4244747024823,4521.798778235824,3189.97461983729,4071.5823280818895,10908.714429025513,11716.825348762763,9345.071764606333,10684.057535375076,8150.369016200562,9606.80561843629,7491.742397621751,8550.887422011514
1969-05-02,3423.7442888849146,4071.5823280818895,2950.8358866639737,3747.19690143144,9528.43473445369,10684.057535375076,8591.538808471385,9606.80561843629,7433.842318505922,8550.887422011514,6963.146197270205,7875.6458839829575
1969-05-03,3194.611395678552,3747.19690143144,2727.4213687119695,3537.5757733247324,9079.46889965528,9606.80561843629,8163.724168606669,8550.887422011514,7219.8221152157275,7875.6458839829575,6755.416284329045,7272.889637245542
1969-05-04,2939.1447149179376,3537.5757733247324,2526.239224835087,3240.5951008087513,8149.269207749443,8550.887422011514,7404.886091248312,7875.6458839829575,6548.614089197965,7272.889637245542,6137.34631951119,6799.414215785507
1969-05-05,2755.9299446214836,3240.5951008087513,2382.4767367676363,3000.919452236557,7358.301957301797,7875.6458839829575,6792.376989498493,7272.889637245542,5963.999226663442,6799.414215785507,5591.707061468198,5950.3203133663055
1969-05-06,2559.489812049476,3000.919452236557,2193.9991327318485,2816.4502137257095,6911.812028764099,7272.889637245542,6278.803605202356,6799.414215785507,5560.672907249611,5950.3203133663055,5196.103665860812,4811.286438969917
1969-05-07,2355.7090851253824,2816.4502137257095,2047.8297414823303,2155.2288267106414,6272.371993527795,6799.414215785507,5738.707070381632,5950.3203133663055,5064.710812582083,4811.286438969917,4757.363709107198,5799.569954476438
1969-05-08,2227.5438422474313,2155.2288267106414,1943.085222126389,1475.062967874988,5892.200468342143,5950.3203133663055,5426.252165956017,4811.286438969917,4814.077112868271,5799.569954476438,4530.163218750418,6021.808013075399
1969-05-09,1899.0702213411932,1475.062967874988,1057.5602301732933,1383.0436045602264,5243.154304467784,4811.286438969917,4449.162865723303,5799.569954476438,4181.218200159465,6021.808013075399,3339.5465040799327,4986.1083278649585
1969-05-10,728.9713542840534,1383.0436045602264,535.3259891217716,1390.6771324128729,3923.345330265333,5799.569954476438,3147.8869433102254,6021.808013075399,2360.318839291792,4986.1083278649585,2163.565969647168,4133.396948262334
1969-05-11,938.7229462438645,1390.6771324128729,1525.5965262727973,2115.0857062955147,4491.219019313498,6021.808013075399,4107.228187099605,4986.1083278649585,3619.62245576761,4133.396948262334,4205.788193763517,4650.380606846538
1969-05-12,1753.7185512870271,2115.0857062955147,2202.643009513173,2704.0341833537204,5045.199628198709,4986.1083278649585,4688.406022212357,4133.396948262334,5005.086924854875,4650.380606846538,5454.88608864925,5138.252855973461
1969-05-13,2396.793380727252,2704.0341833537204,2267.387621263832,3081.1212695161894,4365.01553553891,4133.396948262334,4849.776930018206,4650.380606846538,5054.690636691331,5138.252855973461,4924.668807066129,5197.991765143374
1969-05-14,2384.8114554707777,3081.1212695161894,2130.5224264928506,2973.7549728947183,4428.764479680027,4650.380606846538,4763.002089419768,5138.252855973461,4418.633951698861,5197.991765143374,4163.097255870036,5527.467103103198
1969-05-15,2483.2896636282435,2973.7549728947183,2148.701807324418,2741.890419353693,4796.225772225415,5138.252855973461,4989.000467248284,5197.991765143374,4371.439734737762,5527.467103103198,4035.5803799868145,5756.455286324631
1969-05-16,2355.610481345552,2741.890419353693,2061.451691110619,2608.55553091098,5104.387909446521,5197.991765143374,4817.849466604794,5527.467103103198,4181.873273217707,5756.455286324631,3886.529357642905,6314.28572357094
1969-05-17,2224.214419913921,2608.55553091098,1949.9846899681652,2442.605425745908,4744.6452446776675,5527.467103103198,4393.652938744898,5756.455286324631,3831.997404788902,6314.28572357094,3556.372002162422,7291.243771530751
1969-05-18,2098.112158544609,2442.605425745908,1848.6399234890255,2440.932200803374,4841.200462605375,5756.455286324631,4493.71799051897,6314.28572357094,3967.6301961151494,7291.243771530751,3717.5390147837084,7240.542425497388
1969-05-19,1989.4714795455382,2440.932200803374,1733.9465434147326,2751.608052611232,5036.686748230926,6314.28572357094,4673.537737640173,7291.243771530751,4179.03011867479,7240.542425497388,3923.8712203376153,6654.917158368469
1969-05-20,2023.0228130116914,2751.608052611232,1687.7919547403849,2424.0294289544327,5463.608887884146,7291.243771530751,5307.5435130258975,7240.542425497388,4865.583318948615,6654.917158368469,4530.88365710201,5723.420837149275
1969-05-21,2045.6904782965394,2424.0294289544327,1795.7227161570067,2136.6937068142097,6450.69167541061,7240.542425497388,6368.824284981414,6654.917158368469,5552.61842308982,5723.420837149275,5301.043780602582,5572.105946562076
1969-05-22,1914.9344837501608,2136.6937068142097,1667.5908394800256,2074.8009270796842,6599.816368884716,6654.917158368469,5784.752493386246,5723.420837149275,5223.747749813492,5572.105946562076,4978.99022388186,5369.140228005748
1969-05-23,1721.108354190283,2074.8009270796842,1525.2530434714022,1986.7053653862276,5462.824191554049,5723.420837149275,4878.270218292393,5572.105946562076,4431.203030292883,5369.140228005748,4237.2285191149385,4961.329160550622
1969-05-24,1691.8938942183627,1986.7053653862276,1496.2150356433856,1849.593964011861,4786.948014463232,5572.105946562076,4499.548808592387,5369.140228005748,4079.4721244212346,4961.329160550622,3884.096659061889,4647.156009458908
1969-05-25,1613.0806180665948,1849.593964011861,1431.588871776079,1781.1763771444223,4852.285918270007,5369.140228005748,4488.027317838285,4961.329160550622,4078.0411035846214,4647.156009458908,3897.563642343523,4461.682385430574
1969-05-26,1533.808227011215,1781.1763771444223,1374.0070094923765,1752.9299722349213,4623.181062992803,4961.329160550622,4254.036998419522,4647.156009458908,3887.066031735064,4461.682385430574,3728.3970250701323,4282.521202138998
1969-05-27,1477.3548361051269,1752.9299722349213,1315.5688795559208,1691.963136669692,4266.83687056337,4647.156009458908,3962.1655632228885,4461.682385430574,3628.08011364933,4282.521202138998,3467.0911147724055,4116.905877976624
1969-05-28,1439.2518955051596,1691.963136669692,1290.6909513741036,1621.7342460438051,4048.363075369838,4461.682385430574,3814.4235718813534,4282.521202138998,3471.364526427214,4116.905877976624,3323.454003549037,3998.314141666099
1969-05-29,1400.1875511587973,1621.7342460438051,1249.0555161540258,1548.811699379532,3927.1711769289705,4282.521202138998,3672.601579515662,4116.905877976624,3351.4896885763983,3998.314141666099,3200.9084027385634,3872.4677497650164
1969-05-30,1342.313324570146,1548.811699379532,1194.3133776352824,1513.938459746061,3751.2399935406534,4116.905877976624,3499.5005247679082,3998.314141666099,3190.76668803515,3872.4677497650164,3043.1283637884744,4354.293791815024
1969-05-31,1292.3238764550792,1513.938459746061,1152.3652058265607,1442.9490995591777,3599.8279765006987,3998.314141666099,3368.5076938721013,3872.4677497650164,3066.794431452514,4354.293791815024,2927.172626881975,3903.513383981166
1969-06-01,1251.982856935444,1442.9490995591777,1118.8337642541326,1407.7684029031088,3503.929492955946,3872.4677497650164,3283.4255108169887,4354.293791815024,2992.0220647370925,3903.513383981166,2859.2019187913083,3590.4222581014383
1969-06-02,1212.7115271990467,1407.7684029031088,1084.9923258764609,1347.1271250099603,3412.607413077879,4354.293791815024,3194.361795651596,3903.513383981166,2915.8618806448158,3590.4222581014383,2788.471280377008,3487.8283840110144
1969-06-03,1173.6827143858918,1347.1271250099603,1047.9727442330482,1318.798296478441,3793.0533464047176,3903.513383981166,3526.7681651399207,3590.4222581014383,3256.3390545663824,3487.8283840110144,3131.869975303581,3388.668015899566
1969-06-04,1133.9948454659348,1318.798296478441,1016.9818086004235,1270.4365588829892,3413.498106806802,3590.4222581014383,3189.06325304251,3487.8283840110144,2926.8614221878915,3388.668015899566,2810.5099274886584,3332.2225663980053
1969-06-05,1102.7817893416677,1270.4365588829892,986.7203087309149,1228.9342020064964,3172.690798293893,3487.8283840110144,2971.3153190289613,3388.668015899566,2723.4550981687507,3332.2225663980053,2607.801300692517,3478.6539571090634
1969-06-06,1065.5188578845896,1228.9342020064964,960.7893599190076,1205.1881064895574,3072.3800203998835,3388.668015899566,2872.79142549934,3332.2225663980053,2635.833327085824,3478.6539571090634,2531.5043102692607,3256.4071870303105
1969-06-07,1039.1778069242018,1205.1881064895574,931.9646614683286,1150.018530347596,2969.919954388485,3332.2225663980053,2783.060128890419,3478.6539571090634,2560.8522443198817,3256.4071870303105,2454.0160426243383,3075.08478021816
1969-06-08,1012.569162716766,1150.018530347596,909.8665417518586,1118.2349044870955,2921.786092140079,3478.6539571090634,2753.2396015008176,3256.4071870303105,2526.9221492070874,3075.08478021816,2424.662221272538,2997.3050574897557
1969-06-09,982.4053034053879,1118.2349044870955,881.4451884213032,1079.8546812052,3076.1209569682064,3256.4071870303105,2868.0796510109926,3075.08478021816,2651.513029939022,2997.3050574897557,2551.4064121306988,2907.27758774817
1969-06-10,947.915485930704,1079.8546812052,850.431978545846,1025.374398453489,2847.8001040749787,3075.08478021816,2659.1272464487,2997.3050574897557,2453.0882280367614,2907.27758774817,2356.184096855766,2607.504453526138
1969-06-11,917.0534334831918,1025.374398453489,823.4123444841586,1005.7369217600537,2706.275628031166,2997.3050574897557,2533.554623247426,2907.27758774817,2334.987971461953,2607.504453526138,2241.9500813112395,1198.8045103483498
1969-06-12,890.1103731450927,1005.7369217600537,800.3601226585124,1049.2061760692222,2632.6339972077585,2907.27758774817,2467.5621248629313,2607.504453526138,2275.833862407082,1198.8045103483498,2186.765583368724,1368.0006477350948
1969-06-13,885.2338217079006,1049.2061760692222,776.4372045467802,648.2995944383957,2558.8395634391754,2607.504453526138,2392.520094145818,1198.8045103483498,2235.3134874115676,1368.0006477350948,2127.201021205051,1111.5553111384045
1969-06-14,1025.5970081313617,648.2995944383957,812.0896954012072,438.74642656762114,2328.1382904609018,1198.8045103483498,2367.3130367930953,1368.0006477350948,2305.2636788459336,1111.5553111384045,2091.746772536483,2784.630685306094
1969-06-15,504.0023114101706,438.74642656762114,289.26772442037105,281.88388505549614,1383.1128884183806,1368.0006477350948,1225.597772605684,1111.5553111384045,1001.0171786568595,2784.630685306094,780.8718909445282,1391.6491872831807
1969-06-16,338.9438594129434,281.88388505549614,317.3703912902647,277.98545033861745,1225.1543721888502,1111.5553111384045,1191.2246125846573,2784.630685306094,906.9451693171378,1391.6491872831807,871.8567188423586,1685.0263737870944
1969-06-17,333.42352239374935,277.98545033861745,2383.98247973451,3309.065812064412,1191.1290915068944,2784.630685306094,1012.8800685600766,1391.6491872831807,892.8255412639725,1685.0263737870944,2931.7125954734433,8089.5994794875205
1969-06-18,2516.0791246751946,3309.065812064412,3239.8518005525625,4920.954061609138,2321.002963856679,1391.6491872831807,2528.703793826786,1685.0263737870944,4665.236751430014,8089.5994794875205,5382.54510932112,9024.357444737856
1969-06-19,3825.547318706226,4920.954061609138,2586.8887285518954,3499.2079066508068,1707.3135936410692,1685.0263737870944,5708.905911010657,8089.5994794875205,5759.320374243039,9024.357444737856,4486.649218564082,6120.786578545656
1969-06-20,3161.131976559609,3499.2079066508068,2215.6694461093844,2514.2007505943197,5711.832475710032,8089.5994794875205,6686.806299753118,9024.357444737856,4642.558733743107,6120.786578545656,3675.400809508671,3125.0293192607955
1969-06-21,2302.09886899965,2514.2007505943197,2577.4532752587315,1871.2604084214622,8608.732301591208,9024.357444737856,6362.269945885863,6120.786578545656,5045.313882469327,3125.0293192607955,5314.662757529568,4571.55894018507
1969-06-22,2600.4001708779697,1871.2604084214622,2642.383693595136,2263.1808315869453,6532.092979690744,6120.786578545656,5102.8501206215515,3125.0293192607955,5091.62359511789,4571.55894018507,5130.575219986534,3950.954106076231
1969-06-23,2365.321623908401,2263.1808315869453,878.2514350209417,789.9066053454794,4598.4725945478,3125.0293192607955,4133.490958623094,4571.55894018507,4549.224990672016,3950.954106076231,3056.232355818294,1472.899663561248
1969-06-24,849.9660700259012,789.9066053454794,2978.086368307893,7462.72038222345,2832.9359153658665,4571.55894018507,3251.5549615991313,3950.954106076231,1622.6827911751914,1472.899663561248,3737.6768587012984,8024.677003630306
1969-06-25,2931.8906441855243,7462.72038222345,8786.504752720126,11129.412549123168,4679.547604328072,3950.954106076231,2817.71651611529,1472.899663561248,4831.4915530624585,8024.677003630306,10680.34540007474,14690.347534130304
1969-06-26,11328.243991026397,11129.412549123168,7963.07492442723,8260.201358892169,2195.70417917331,1472.899663561248,8688.184330021342,8024.677003630306,12449.932011173218,14690.347534130304,9079.411797454859,16446.348323886454
1969-06-27,7571.114555894708,8260.201358892169,5007.461280735391,5784.744039366881,8079.495313336892,8024.677003630306,11651.881050654205,14690.347534130304,8016.637239430743,16446.348323886454,5447.927475923176,12457.657592675398
1969-06-28,5249.308142961655,5784.744039366881,3705.1143278082955,4318.666872902639,11651.835756806595,14690.347534130304,8717.621466054341,16446.348323886454,5639.54362952493,12457.657592675398,4091.0528473020036,9468.236345431222
1969-06-29,3894.551689482414,4318.666872902639,2965.8235955697255,3388.028150479031,11130.525231178355,16446.348323886454,8368.558316853545,12457.657592675398,6388.071142192775,9468.236345431222,5459.748283330557,7724.217989122435
1969-06-30,3120.3371178961056,3388.028150479031,2455.299419806951,2509.9625915568013,12160.181476219612,12457.657592675398,9989.663213848771,9468.236345431222,8653.671101674485,7724.217989122435,7996.566080108623,6641.200689791773
1969-07-01,2552.021399325869,2509.9625915568013,1885.9958798287635,1964.05016486317,9569.28353419304,9468.236345431222,8080.66580126443,7724.217989122435,7122.4077305255305,6641.200689791773,6462.181263837185,5379.942910286331
1969-07-02,1801.5713660426288,1964.05016486317,1428.4607918329925,1842.5355908395468,7495.733744473488,7724.217989122435,6197.0035909413755,6641.200689791773,5379.5159316782865,5379.942910286331,5009.977847019734,4581.496840337448
1969-07-03,1508.807266764712,1842.5355908395468,1492.6127133054658,1744.475383517716,5993.2118281283565,6641.200689791773,5099.568278366212,5379.942910286331,4546.229362355111,4581.496840337448,4532.701290907403,4885.751921678545
1969-07-04,1665.1748255964317,1744.475383517716,1519.5485585796605,1662.097420440253,5288.498045502123,5379.942910286331,4816.593055405552,4581.496840337448,4569.555330178776,4885.751921678545,4426.39146830122,4624.994828168896
1969-07-05,1640.843124983782,1662.097420440253,1152.6751979067021,1300.4964649551118,4599.867549603426,4581.496840337448,4284.1915883452675,4885.751921678545,4118.890668109759,4624.994828168896,3632.0458444487467,4161.487060230878
1969-07-06,1079.6649713596307,1300.4964649551118,1132.331446253306,1434.9439475307136,4020.754137148718,4885.751921678545,3727.3581161824923,4624.994828168896,3073.1131111797895,4161.487060230878,3125.9451983470844,4092.5728612605308
1969-07-07,1247.913121673844,1434.9439475307136,1221.4028418832258,1670.1755446239517,4205.495041752023,4624.994828168896,3596.5407816157694,4161.487060230878,3485.8317672490984,4092.5728612605308,3460.58525981536,4420.349678927741
1969-07-08,1320.8994360254303,1670.1755446239517,1255.4508171967584,1552.5806463383146,3705.302970894868,4161.487060230878,3618.124301483734,4092.5728612605308,3446.6760008347055,4420.349678927741,3381.9621470463403,4089.7555537666526
1969-07-09,1448.6732595606666,1552.5806463383146,1367.5024658292095,1454.0163464056102,3759.8495397775014,4092.5728612605308,3773.185575347423,4420.349678927741,3498.5523738014426,4089.7555537666526,3418.255703295742,6254.938481834043
1969-07-10,1403.2130761973872,1454.0163464056102,1208.2252092570784,1489.851272220079,3826.637283896396,4420.349678927741,3513.3732554035814,4089.7555537666526,3316.617386932508,6254.938481834043,3122.4614388808905,7039.222644646179
1969-07-11,1246.7096902773571,1489.851272220079,1082.9091305395607,1400.3731313788712,3793.9679558064618,4089.7555537666526,3506.066924405874,6254.938481834043,3251.4551993277046,7039.222644646179,3088.6513673327872,5933.710875381886
1969-07-12,1248.807388080809,1400.3731313788712,1101.4389771961892,1270.9106752115538,3543.2039908463466,6254.938481834043,3594.9324086772444,7039.222644646179,3307.4646527939503,5933.710875381886,3159.9557530106795,4794.318685718444
1969-07-13,1163.013484823809,1270.9106752115538,1037.8121197931882,1169.96941676951,5482.756108747724,7039.222644646179,4949.148148588716,5933.710875381886,4590.424082480093,4794.318685718444,4464.993185099542,4340.8901557076915
1969-07-14,1079.9765207378643,1169.96941676951,952.5569421008684,1097.498802590825,5752.262504689148,5933.710875381886,5118.0591815530415,4794.318685718444,4834.95933247687,4340.8901557076915,4711.503134366496,3701.3896999774606
1969-07-15,978.3860749488194,1097.498802590825,924.9606259899853,1130.7413621549306,4826.786462492119,4794.318685718444,4340.063944673882,4340.8901557076915,4079.3934475672013,3701.3896999774606,4028.748659178774,3433.5603483547484
1969-07-16,980.7391311023657,1130.7413621549306,896.9896978752327,1097.7976878594964,3974.450390956008,4340.8901557076915,3613.16769657574,3701.3896999774606,3443.866771984487,3433.5603483547484,3361.8681049743855,3977.6927442230267
1969-07-17,997.436704447066,1097.7976878594964,915.5130426814087,1035.3740294235445,3625.766869036622,3701.3896999774606,3414.3602664176815,3433.5603483547484,3237.3048620812624,3977.6927442230267,3157.038172544495,4123.973635475696
1969-07-18,993.551133021818,1035.3740294235445,925.1837523606055,1006.0590437659223,3228.3408071936246,3433.5603483547484,3183.2942650183477,3977.6927442230267,3037.7017260029625,4123.973635475696,2969.3508912126445,2586.879183766129
1969-07-19,903.408483086421,1006.0590437659223,823.6364114531726,997.4554508983931,3142.430953398396,3977.6927442230267,2937.7521321221643,4123.973635475696,2714.2687574170322,2586.879183766129,2630.5080482722487,6930.1214138391715
1969-07-20,902.785775018064,997.4554508983931,831.35877534065,1008.6304799858627,3413.137085760827,4123.973635475696,3183.5072477790713,2586.879183766129,3033.4084156728177,6930.1214138391715,2961.1695592828437,10349.635544976734
1969-07-21,970.8217473575088,1008.6304799858627,898.5892573140868,945.2259248531656,3529.355148477004,2586.879183766129,4059.2115021777327,6930.1214138391715,3982.9328326572886,10349.635544976734,3903.582777874647,10172.781699067371
1969-07-22,970.3554073309,945.2259248531656,917.6771991868861,928.7528495225949,3122.7313282511327,6930.1214138391715,4348.17808619743,10349.635544976734,3820.415836253695,10172.781699067371,3722.712094825327,8372.429987439224
1969-07-23,938.3282112225456,928.7528495225949,934.9635035028441,991.0630568221045,7276.490429105277,10349.635544976734,6290.123423997905,10172.781699067371,5945.73353335664,8372.429987439224,5918.551335444225,6752.5377291955465
1969-07-24,940.8177350082075,991.0630568221045,890.0148010479686,1057.369211620139,8357.799259683998,10172.781699067371,7150.896801524308,8372.429987439224,6956.336182282133,6752.5377291955465,6899.14432185785,5751.417222695287
1969-07-25,890.745642372487,1057.369211620139,842.1200719333992,1082.5090385197811,7914.792221880283,8372.429987439224,6968.83284545524,6752.5377291955465,6689.4169404098775,5751.417222695287,6639.337378577709,3225.332479097649
1969-07-26,912.6255386132254,1082.5090385197811,884.8329808352435,754.7924602276299,6684.690175387468,6752.5377291955465,5983.611989382565,5751.417222695287,5732.616966209784,3225.332479097649,5706.352471141755,16921.66229577004
1969-07-27,1045.2957737501474,754.7924602276299,1075.5762377560338,1486.031415221958,5516.930132294614,5751.417222695287,5449.9640639625695,3225.332479097649,5272.631815363051,16921.66229577004,5295.387964235416,8725.22796380697
1969-07-28,1585.0323548661795,1486.031415221958,1384.3532616563025,5271.572190096105,5224.761626372479,3225.332479097649,4732.580050243865,16921.66229577004,5458.737070676814,8725.22796380697,5251.179407057809,10894.102897675788
1969-07-29,4018.7921207394957,5271.572190096105,15257.00185423055,19862.659440550742,3001.6246032025333,16921.66229577004,5783.797006417116,8725.22796380697,7906.018372626356,10894.102897675788,19100.058336358077,34234.68913880063
1969-07-30,15688.604414154948,19862.659440550742,13050.813040042125,13388.829323542215,16093.741764932205,8725.22796380697,19752.297038092926,10894.102897675788,28665.84870914568,34234.68913880063,25993.42537162869,35024.82811831213
1969-07-31,14517.429853121372,13388.829323542215,8982.025343316085,9009.434300216994,13737.104562222692,10894.102897675788,26444.23216604835,34234.68913880063,20005.298681872533,35024.82811831213,14446.267503388543,26166.256692289877
1969-08-01,7691.901578870449,9009.434300216994,5221.720910630075,5955.015665343454,25808.34935621532,34234.68913880063,17715.0212432316,35024.82811831213,11684.954974142973,26166.256692289877,9205.041273073068,26497.408162305233
1969-08-02,5664.899293599059,5955.015665343454,4117.983011202792,4792.57638652812,24811.059614917227,35024.82811831213,19128.256505502297,26166.256692289877,15518.1331088218,26497.408162305233,13969.223809283643,30789.723714575837
1969-08-03,4300.95047378635,4792.57638652812,6324.707942850619,11470.416138318913,25741.17411818389,26166.256692289877,20497.979671219346,26497.408162305233,18514.9646632909,30789.723714575837,20551.263406739065,32054.421062273726
1969-08-04,6586.78861543033,11470.416138318913,5107.221805489323,11677.619514064778,19098.157145032146,26497.408162305233,16792.40579502943,30789.723714575837,18338.654227645926,32054.421062273726,16863.536221425886,30005.189597895904
1969-08-05,8655.316562201058,11677.619514064778,7250.994506916919,9424.080873670604,20731.803861167442,30789.723714575837,26436.893680639667,32054.421062273726,23086.737075131714,30005.189597895904,21668.336603748918,23226.657857754915
1969-08-06,8601.12138021701,9424.080873670604,8813.557959831165,8915.03499742159,31968.71510385687,32054.421062273726,29492.34739515952,30005.189597895904,25590.16118004827,23226.657857754915,25812.69531593119,25791.459199473764
1969-08-07,8739.061566084572,8915.03499742159,6254.803062763416,6898.986647381903,27448.069556708433,30005.189597895904,22664.2607997903,23226.657857754915,21547.97438500374,25791.459199473764,19077.70523228847,21070.149231643998
1969-08-08,5937.068689709677,6898.986647381903,4662.417531660958,5376.662837944773,23063.128002373716,23226.657857754915,20933.817814777383,25791.459199473764,17780.324039447485,21070.149231643998,16521.773793128155,18013.86647513693
1969-08-09,4952.3443824457345,5376.662837944773,3853.1531187068504,4886.300014206172,19447.27712338711,25791.459199473764,16782.238904451395,21070.149231643998,14471.018398275346,18013.86647513693,13358.484241740869,15416.498038908585
1969-08-10,4009.6754890739576,4886.300014206172,3047.7499182239935,4139.369747893847,20201.67195028539,21070.149231643998,16960.33512650834,18013.86647513693,15503.150808790004,15416.498038908585,14551.830941802844,12772.78631191725
1969-08-11,3396.702235829857,4139.369747893847,3089.204891330098,3669.7446657209784,15974.54229562954,18013.86647513693,14472.002366791967,15416.498038908585,12745.341758189094,12772.78631191725,12433.610558313343,14213.72588783752
1969-08-12,3246.929699958512,3669.7446657209784,3032.7741551022755,3738.348660044203,14748.578046542345,15416.498038908585,12580.534823411468,12772.78631191725,11579.465123436355,14213.72588783752,11367.676596314994,10035.668108928352
1969-08-13,3061.0212339715026,3738.348660044203,2743.560023083876,3503.5017391842835,11915.535494321144,12772.78631191725,10394.395261337979,14213.72588783752,9764.832704743752,10035.668108928352,9449.417822820606,9073.965685056031
1969-08-14,2956.341386207325,3503.5017391842835,2667.94899972013,3174.5891429902204,10061.409773265917,14213.72588783752,9321.070220906295,10035.668108928352,8557.355991787994,9073.965685056031,8271.328787953575,9508.813557562553
1969-08-15,2833.5702950433797,3174.5891429902204,2443.089275066579,3215.1484425449116,11576.347644634032,10035.668108928352,10473.321137349752,9073.965685056031,9812.95542391348,9508.813557562553,9429.985509104361,8696.45031091376
1969-08-16,2574.574417977963,3215.1484425449116,2211.321390656611,3487.578451121708,8302.793735508874,9073.965685056031,7673.160044197995,9508.813557562553,7070.984695221373,8696.45031091376,6704.487705237923,7835.388135015279
1969-08-17,2542.1833190293555,3487.578451121708,2275.2222351842174,3495.920672373133,7617.010226594269,9508.813557562553,7095.679412643785,8696.45031091376,6429.772229661487,7835.388135015279,6161.048673470117,7549.076703124716
1969-08-18,2705.0637744974483,3495.920672373133,2463.874903157353,3116.1198449449853,7972.094273840307,8696.45031091376,7705.023203555071,7835.388135015279,6938.2451290379,7549.076703124716,6698.056365630993,7697.216358329062
1969-08-19,2795.299397844348,3116.1198449449853,2465.2277576485176,2979.127156238943,7662.18904626905,7835.388135015279,7266.132476215918,7549.076703124716,6583.976388417208,7697.216358329062,6254.15488315216,7419.177638951245
1969-08-20,2500.3016545725086,2979.127156238943,2384.6680709191173,2959.177364569433,6876.675340519638,7549.076703124716,6181.159902761752,7697.216358329062,5572.854057637744,7419.177638951245,5454.915237550129,7014.844835042348
1969-08-21,2538.6833922536853,2959.177364569433,2281.6399258730494,2887.3695461111697,6277.432749331811,7697.216358329062,5801.267787365323,7419.177638951245,5383.635987285259,7014.844835042348,5125.355932601146,6574.087022135618
1969-08-22,2413.883653680647,2887.3695461111697,2141.45642167399,2735.010670191459,6507.030461114702,7419.177638951245,6130.497318015878,7014.844835042348,5602.189988164566,6574.087022135618,5329.783547938365,6220.824987289282
1969-08-23,2312.821451959005,2735.010670191459,2028.5921839292596,2562.945456605766,6401.121489001638,7014.844835042348,5980.061790760292,6574.087022135618,5422.599140783548,6220.824987289282,5138.6657023587595,5939.737386496066
1969-08-24,2170.8050861582815,2562.945456605766,1885.8030182033563,2398.1465781100187,6037.018475947362,6574.087022135618,5572.319478757722,6220.824987289282,5028.88100124455,5939.737386496066,4744.051599775193,5646.745670931836
1969-08-25,2014.5070656124212,2398.1465781100187,1751.5570115220244,2239.7949349885575,5608.776320892545,6220.824987289282,5159.043682085308,5939.737386496066,4635.109291857028,5646.745670931836,4372.174536726165,5360.2738484063
1969-08-26,1880.379030844568,2239.7949349885575,1642.4605649129753,2099.332121854016,5287.941151942241,5939.737386496066,4861.337968472119,5646.745670931836,4369.563791881004,5360.2738484063,4131.6716792249545,5093.198211019073
1969-08-27,1762.7504057605483,2099.332121854016,1543.664332381014,1976.8130994626251,5037.102197048371,5646.745670931836,4628.882486181788,5360.2738484063,4177.934437494305,5093.198211019073,3958.9127820341146,4852.444490412373
1969-08-28,1655.1244037538972,1976.8130994626251,1461.2848069415413,1873.284045791586,4787.400600765499,5360.2738484063,4405.184333844337,5093.198211019073,3987.87992190188,4852.444490412373,3794.1561653950066,4626.545364239984
1969-08-29,1566.9441648073885,1873.284045791586,1389.6188875513792,1782.6352380860465,4545.331320382685,5093.198211019073,4191.664967060068,4852.444490412373,3810.3021781012476,4626.545364239984,3633.1614265688013,4406.971061656537
1969-08-30,1490.223411031132,1782.6352380860465,1322.9545971796751,1701.3935296720429,4328.763026066137,4852.444490412373,4004.511940471423,4626.545364239984,3650.475738741242,4406.971061656537,3483.3691948015653,5058.772408334675
1969-08-31,1418.5465953804865,1701.3935296720429,1262.4748203233148,1612.127848624763,4132.307810966494,4626.545364239984,3831.4122582703812,4406.971061656537,3497.123985354283,5058.772408334675,3341.19294237548,4857.283390649495
1969-09-01,1355.7946424268623,1612.127848624763,1210.5437381780625,1587.5187518832915,3950.4733140077215,4406.971061656537,3668.8034177517393,5058.772408334675,3353.892767422967,4857.283390649495,3208.7565851004706,4780.815184930001
1969-09-02,1292.4660406900855,1587.5187518832915,1112.2189060863257,1511.9105818787943,3780.691477978731,5058.772408334675,3503.240988996363,4857.283390649495,3216.6622609856217,4780.815184930001,3036.6237581353357,4583.03190820678
1969-09-03,1236.1509439216102,1511.9105818787943,1130.079976550762,1500.7485619931313,4260.713619758163,4857.283390649495,4087.01879496704,4780.815184930001,3769.1461289921763,4583.03190820678,3664.0617424851953,4274.235326040944
1969-09-04,1218.315423941683,1500.7485619931313,1199.1951235853232,1438.3673715818898,4249.269291193769,4780.815184930001,4026.9826469646223,4583.03190820678,3702.3709560565576,4274.235326040944,3678.602680960692,4452.715679488832
1969-09-05,1296.2280247905446,1438.3673715818898,1097.6859377579453,1464.3794078232163,4151.665681048604,4583.03190820678,3722.710917559006,4274.235326040944,3542.3649735965437,4452.715679488832,3344.577412519067,7066.353791014172
1969-09-06,1117.9726061247982,1464.3794078232163,1006.4105360169882,1478.6332097890613,3771.014196897693,4274.235326040944,3505.168789021245,4452.715679488832,3216.232632701983,7066.353791014172,3105.4979351694938,5129.368381643113
1969-09-07,1210.3497172122375,1478.6332097890613,1062.6905326067963,1769.077354976955,3629.273460250468,4452.715679488832,3488.26867665983,7066.353791014172,3272.698989861788,5129.368381643113,3126.169972103219,5888.973694529881
1969-09-08,1158.1088293637315,1769.077354976955,1030.735804767689,2134.606061096579,3929.9155280852583,7066.353791014172,3773.055545736294,5129.368381643113,3475.776251186944,5888.973694529881,3348.6724918901527,5213.943104291073
1969-09-09,1457.1888487582298,2134.606061096579,1083.9291893279617,1612.23387633362,5856.903525315606,5129.368381643113,5880.1993912669095,5888.973694529881,5564.427784176262,5213.943104291073,5193.278696125583,4687.810129076273
1969-09-10,1321.1493943227795,1612.23387633362,1247.1634387322183,1529.2414379945242,4823.347355585322,5888.973694529881,4920.401510326377,5213.943104291073,4110.388166901075,4687.810129076273,4035.6332885024085,4921.316780218248
1969-09-11,1315.910103581534,1529.2414379945242,1114.8976480178712,1432.194090066133,5414.612908470721,5213.943104291073,4565.843852957713,4687.810129076273,4268.968166614018,4921.316780218248,4067.3149186153096,4659.915396081636
1969-09-12,1153.3202807481412,1432.194090066133,1047.2354396176981,1330.2298596288817,4071.684358147386,4687.810129076273,3734.569979530924,4921.316780218248,3366.099604256329,4659.915396081636,3258.068956888482,4271.4107229169995
1969-09-13,1138.230727497401,1330.2298596288817,1055.961588134988,1279.3505542485875,3953.03814147377,4921.316780218248,3597.899442526726,4659.915396081636,3317.669453144005,4271.4107229169995,3234.3706466478675,4021.483042517225
1969-09-14,1099.400039910769,1279.3505542485875,1005.0557078194296,1275.007341940458,4087.26327267367,4659.915396081636,3720.9379115154807,4271.4107229169995,3505.027956339409,4021.483042517225,3410.789159038055,4131.64651997846
1969-09-15,1049.9922492389057,1275.007341940458,956.1828520631042,1269.268249787846,3869.578868353711,4271.4107229169995,3574.597741924322,4021.483042517225,3360.595411204185,4131.64651997846,3266.8466778993225,3894.2119969000387
1969-09-16,1032.6271802942367,1269.268249787846,939.0355079928843,1151.3949609637043,3593.126259215519,4021.483042517225,3365.023952790275,4131.64651997846,3144.688649159011,3894.2119969000387,3051.0158365157617,4393.792403027906
1969-09-17,1024.7612360228486,1151.3949609637043,921.3677755090383,1395.3464097959572,3412.4610794160867,4131.64651997846,3207.3052552697754,3894.2119969000387,2989.57474715817,4393.792403027906,2886.172198316513,3913.4313510727266
1969-09-18,988.9156361186365,1395.3464097959572,731.822077710915,1264.5148341477923,3505.4198299517693,3894.2119969000387,3292.573888632477,4393.792403027906,3160.523757121953,3913.4313510727266,2903.537511393989,3533.8249361573344
1969-09-19,912.194402584066,1264.5148341477923,914.7950924175816,1171.2084798694018,3269.799511145351,4393.792403027906,3311.9860560626034,3913.4313510727266,2848.2971751706564,3533.8249361573344,2849.9136470663475,3564.631715647342
1969-09-20,1060.812008704792,1171.2084798694018,923.3830293435668,1141.0655083424235,3890.721987105052,3913.4313510727266,3527.981862630845,3533.8249361573344,3341.3111365788986,3564.631715647342,3203.8197467542086,3509.2119694971025
1969-09-21,916.7780216061216,1141.0655083424235,850.5119945850779,1120.7722720116976,3203.931314234298,3533.8249361573344,2934.886309733508,3564.631715647342,2705.7605383063237,3509.2119694971025,2638.6305719009392,3473.025463332784
1969-09-22,928.5500276509155,1120.7722720116976,890.2671437946376,1113.472642258827,2900.9833384907774,3564.631715647342,2718.654394869969,3509.2119694971025,2532.3837871540472,3473.025463332784,2492.8312218812316,3221.494194658872
1969-09-23,949.2271514436313,1113.472642258827,894.550172811311,1134.6776403416955,2958.8616716669967,3509.2119694971025,2773.959792681643,3473.025463332784,2630.1662444565345,3221.494194658872,2574.7486512277283,3100.2488966000674
1969-09-24,939.0062236055326,1134.6776403416955,874.4761083614203,987.1778284876366,2909.032025886275,3473.025463332784,2745.8022583044635,3221.494194658872,2599.309260877434,3100.2488966000674,2534.0835472650588,3183.6340652460176
1969-09-25,944.0003604142444,987.1778284876366,865.5504512142563,906.903347219873,2888.586625531422,3221.494194658872,2752.0498918641697,3100.2488966000674,2593.1295174690267,3183.6340652460176,2514.3682778409657,3375.626982789546
1969-09-26,830.5173272027909,906.903347219873,609.641345637117,916.7586591815902,2714.246950356435,3100.2488966000674,2444.9617666353915,3183.6340652460176,2321.3046092850354,3375.626982789546,2099.874304821271,3059.5941588754563
1969-09-27,656.6975335639952,916.7586591815902,455.78883207099193,898.571611191891,2461.3539950280674,3183.6340652460176,2263.801229001252,3375.626982789546,2044.9693423812623,3059.5941588754563,1843.0325514497588,2865.5413367738934
1969-09-28,580.4806436966926,898.571611191891,573.5058407178869,837.6307397966254,2554.0790231989427,3375.626982789546,2440.647592860705,3059.5941588754563,2137.9330668684274,2865.5413367738934,2130.519002823626,2797.020939832605
1969-09-29,723.9322686225803,837.6307397966254,664.2511801603282,838.4327323498151,2784.4825012090796,3059.5941588754563,2604.189580481766,2865.5413367738934,2455.077426087049,2797.020939832605,2394.975362874237,2711.116214570641
1969-09-30,677.898271386449,838.4327323498151,814.1589169273291,984.4312282366864,2498.3753713377573,2865.5413367738934,2297.1155242123596,2797.020939832605,2168.9142271859378,2711.116214570641,2304.7853229065386,2924.50728913868
1969-10-01,863.1002709074111,984.4312282366864,981.1019495104122,1150.2289056068169,2290.769687337424,2797.020939832605,2169.5143566457023,2711.116214570641,2228.0015809065344,2924.50728913868,2345.328439860814,2981.826390022522
1969-10-02,1006.1963845032229,1150.2289056068169,1033.329264751855,1313.7230386168776,2284.891858313167,2711.116214570641,2309.0691253387313,2924.50728913868,2367.5337538189424,2981.826390022522,2394.280451947012,3071.0419873450373
1969-10-03,1070.644419808224,1313.7230386168776,951.7126977077697,1286.9006918654907,2362.769278184341,2924.50728913868,2431.2309711881635,2981.826390022522,2391.979819077495,3071.0419873450373,2272.794712031076,3011.094793407495
1969-10-04,1077.438155123543,1286.9006918654907,981.9628108454967,1316.6740660119501,2590.480791830124,2981.826390022522,2640.9810087476126,3071.0419873450373,2437.2999049475384,3011.094793407495,2341.081220494514,3015.7302639363447
1969-10-05,1059.91440961447,1316.6740660119501,1035.2967958622855,1353.784752952814,2663.1780900988115,3071.0419873450373,2523.170106610502,3011.094793407495,2333.6999147596925,3015.7302639363447,2308.5811947062753,3152.2176174127326
1969-10-06,1147.9458450974312,1353.784752952814,1043.7472388396175,1356.7167042821734,2566.4778354799582,3011.094793407495,2495.154850484685,3015.7302639363447,2364.322264373817,3152.2176174127326,2259.518419698709,3305.6251761152903
1969-10-07,1118.5826564333838,1356.7167042821734,1049.5785638204147,1423.7859273589156,2572.0069646403904,3015.7302639363447,2508.998396185872,3152.2176174127326,2312.037290037555,3305.6251761152903,2242.4511523769456,3502.254527115896
1969-10-08,1147.4272687429468,1423.7859273589156,1011.9758478110542,1385.609660352458,2586.782204647563,3152.2176174127326,2500.230053143115,3305.6251761152903,2332.509760283917,3502.254527115896,2196.7547588799353,3352.5597637991964
1969-10-09,1132.5135675942374,1385.609660352458,1035.4519346899656,1338.5755919385288,2673.9174168780373,3305.6251761152903,2645.298710502041,3502.254527115896,2388.536251815453,3352.5597637991964,2290.7878382248377,3334.821158957493
1969-10-10,1133.558559193273,1338.5755919385288,1039.1865780349406,1312.777672697192,2862.7693082402857,3502.254527115896,2701.905296333858,3352.5597637991964,2485.660313889227,3334.821158957493,2391.1190725452975,3340.4302472059007
1969-10-11,1108.6856558395264,1312.777672697192,994.8074276748907,1291.0459624074012,2914.1319482809186,3352.5597637991964,2736.155584911752,3334.821158957493,2540.4101337613492,3340.4302472059007,2426.6533165646388,3310.443512610337
1969-10-12,1065.8647846526594,1291.0459624074012,979.0320793204443,1270.204804116814,2780.7325468351046,3334.821158957493,2636.9169103415315,3340.4302472059007,2424.6388938820155,3310.443512610337,2337.6570296391883,3261.037353057959
1969-10-13,1064.019607612883,1270.204804116814,967.6525248809089,1246.0609092141538,2781.023353465484,3340.4302472059007,2634.9863692911813,3310.443512610337,2443.443111481762,3261.037353057959,2347.1677017315187,3193.1607611670997
1969-10-14,1041.3501528872293,1246.0609092141538,944.9100091059065,1230.1770816696137,2780.183513149153,3310.443512610337,2633.251599393233,3261.037353057959,2439.545771486418,3193.1607611670997,2343.317385836348,3138.3405488834887
1969-10-15,1017.7017166311954,1230.1770816696137,924.3143266802155,1209.1148031903513,2753.211965010718,3261.037353057959,2602.9131974104685,3193.1607611670997,2409.8879539734326,3138.3405488834887,2316.764601529353,3090.1904866598943
1969-10-16,1002.9129095896994,1209.1148031903513,907.9749796376332,1183.600678486879,2706.1622270951857,3193.1607611670997,2567.4104242931407,3138.3405488834887,2376.2077211572487,3090.1904866598943,2281.557976914452,3030.2219249959467
1969-10-17,982.6108794288741,1183.600678486879,889.5575848024605,1158.2802221449308,2656.5845634098605,3138.3405488834887,2518.0984808861226,3090.1904866598943,2328.2178190144714,3030.2219249959467,2235.402084973066,2741.414555817559
1969-10-18,961.6685109185207,1158.2802221449308,872.3340461068777,1127.6009266037754,2607.3141764923844,3090.1904866598943,2464.102137506312,3030.2219249959467,2278.4013017084035,2741.414555817559,2189.225924234752,2693.1885687266044
1969-10-19,942.1745433485405,1127.6009266037754,860.3665529573693,823.543982920263,2557.6106069278035,3030.2219249959467,2417.786048924978,2741.414555817559,2238.0526004631283,2693.1885687266044,2156.401560580586,2805.4804635462433
1969-10-20,917.2808408039596,823.543982920263,825.1751552768865,921.3920029921937,2505.706540140932,2741.414555817559,2363.1509532197506,2693.1885687266044,2189.842912710372,2805.4804635462433,2097.933484622007,2692.125421694702
1969-10-21,759.7976835665685,921.3920029921937,407.7105587147372,714.2132556733452,2274.100963969989,2693.1885687266044,1906.9820837550212,2805.4804635462433,1883.473548674794,2692.125421694702,1531.2322340373025,2364.67118328699
1969-10-22,462.4610393280327,714.2132556733452,463.0188909199514,585.310549654892,1971.5489824745173,2805.4804635462433,1981.9653720230706,2692.125421694702,1555.7549108031894,2364.67118328699,1555.8032599773155,2302.294151861857
1969-10-23,588.3082916757597,585.310549654892,404.6664160020852,547.8665518389146,2378.29826112349,2692.125421694702,2053.3522001264546,2364.67118328699,1950.9478322688215,2302.294151861857,1767.4775961670662,2080.6249564184286
1969-10-24,359.9832954972692,547.8665518389146,393.3820564314313,574.3273859746892,2015.4627379755557,2364.67118328699,1782.7059671853544,2302.294151861857,1585.2520579274856,2080.6249564184286,1618.585473029642,2027.8380478504941
1969-10-25,483.11293150707775,574.3273859746892,655.4167113853767,747.1785675317041,1792.960875221056,2302.294151861857,1655.628898860749,2080.6249564184286,1625.746520288532,2027.8380478504941,1797.8073917595464,2126.7899053959554
1969-10-26,681.7116960476394,747.1785675317041,882.207923865868,1015.8828124763602,1799.8893497919803,2080.6249564184286,1734.205859091797,2027.8380478504941,1869.916743509908,2126.7899053959554,2070.366318612272,2298.015303873946
1969-10-27,891.7250529344915,1015.8828124763602,968.5306299603786,1267.1256660828865,1692.9382670097457,2027.8380478504941,1782.8256576691156,2126.7899053959554,1957.2596249253015,2298.015303873946,2033.788697348004,2420.3356033851087
1969-10-28,1019.608183118353,1267.1256660828865,1010.6021140691732,1407.3456557812701,1818.361210009106,2126.7899053959554,2007.8076622031094,2298.015303873946,2041.7567643040225,2420.3356033851087,2032.4293580452515,2502.4245438553367
1969-10-29,1134.844029712344,1407.3456557812701,1052.698420858752,1433.70045813538,2040.9412699113961,2298.015303873946,2210.9979179863735,2420.3356033851087,2115.6272334057094,2502.4245438553367,2033.1131782581738,2588.061096624426
1969-10-30,1186.5242461311789,1433.70045813538,1086.6515548321222,1416.3181177609263,2219.6982850362947,2420.3356033851087,2298.6998431166107,2502.4245438553367,2108.8492221130987,2588.061096624426,2008.5080145001725,3316.4957323634976
1969-10-31,1196.0824826926837,1416.3181177609263,1082.8842790801848,1366.6851040888473,2274.50826300656,2502.4245438553367,2243.390187363536,2588.061096624426,2037.0213178678016,3316.4957323634976,1923.1763297514763,3114.7969391963825
1969-11-01,1172.1855064870617,1366.6851040888473,1065.0821139536918,1444.4584433146645,2263.4691443953484,2588.061096624426,2190.531252359632,3316.4957323634976,1977.8801906370904,3114.7969391963825,1870.1151271354129,3520.442738708382
1969-11-02,1132.592980978137,1444.4584433146645,1025.707774275519,1805.7302341985182,2303.5163579450664,3316.4957323634976,2195.388094028736,3114.7969391963825,1994.6327470766387,3520.442738708382,1887.5331833553075,3375.7137826668604
1969-11-03,1217.2276820454172,1805.7302341985182,988.7796652384066,1586.501700354419,2845.3038226267595,3114.7969391963825,2855.925989647753,3520.442738708382,2659.928068337127,3375.7137826668604,2432.068846812979,2823.3349193799677
1969-11-04,1322.6627758823608,1586.501700354419,1264.7913876152888,1725.6113947442138,2853.0280890363238,3520.442738708382,3285.6422498482766,3375.7137826668604,2781.1586337830677,2823.3349193799677,2719.6602316278804,2247.7954684946326
1969-11-05,1394.1979659109936,1725.6113947442138,1260.34272524291,1485.5667888329504,3617.2762734650196,3375.7137826668604,3298.710226510736,2823.3349193799677,3072.435567264336,2247.7954684946326,2934.1006876931287,2085.480725907015
1969-11-06,1468.72102869722,1485.5667888329504,1296.7295555513167,1207.8246081343666,2917.3250039887917,2823.3349193799677,2953.166332064689,2247.7954684946326,2695.2137833502647,2085.480725907015,2520.5323526785805,2148.8245388225555
1969-11-07,1328.7916042494844,1207.8246081343666,926.457356635261,1300.4379215156707,2740.6890130831644,2247.7954684946326,2519.9300425549245,2085.480725907015,2367.8941719553136,2148.8245388225555,1962.490253007435,5165.681719387883
1969-11-08,1091.3437663714246,1300.4379215156707,862.5470283534682,1705.6665331136753,2027.888749069792,2085.480725907015,2055.7936439477694,2148.8245388225555,1930.7844520030628,5165.681719387883,1694.42871554194,9990.348425787988
1969-11-09,1694.1537579933215,1705.6665331136753,1538.26419999772,1702.4201035159442,2104.7981615777226,2148.8245388225555,2889.742774925668,5165.681719387883,3142.5225315179296,9990.348425787988,2969.771122183927,8715.135718305683
1969-11-10,1845.0527137714328,1702.4201035159442,2334.487703303687,7037.311468311131,2874.187933256423,5165.681719387883,3531.022359518221,9990.348425787988,3357.278653058322,8715.135718305683,3826.6581747950336,9191.784174396114
1969-11-11,2157.2273512823695,7037.311468311131,6183.589482512498,10521.716578506308,5348.2758482002355,9990.348425787988,4755.557859386703,8715.135718305683,4949.584884989151,9191.784174396114,8966.35557169793,17183.607852725378
1969-11-12,8831.082822888178,10521.716578506308,7435.010944562826,8615.366027222777,8229.190246795086,8715.135718305683,12654.882878089888,9191.784174396114,14257.82841195245,17183.607852725378,12860.598862652303,18070.35961806761
1969-11-13,7967.095388098585,8615.366027222777,6020.870127833324,6995.272361323127,12566.536643538398,9191.784174396114,15322.662709487418,17183.607852725378,12663.425073738974,18070.35961806761,10716.469981668253,15404.21195658388
1969-11-14,6047.128346061045,6995.272361323127,4728.229699623742,5993.602663089455,12278.348829822533,17183.607852725378,10152.677055523562,18070.35961806761,7572.806334302102,15404.21195658388,6249.012815006635,13231.359965300513
1969-11-15,5180.917630645205,5993.602663089455,3987.3228098320287,4883.1541993032915,13795.806420565568,18070.35961806761,11736.261832337641,15404.21195658388,9835.158998858205,13231.359965300513,8640.616393548866,11304.802486630917
1969-11-16,4193.636293671785,4883.1541993032915,3564.478038462532,4558.227187403819,14409.039600407665,15404.21195658388,12518.470725660525,13231.359965300513,10610.666626597578,11304.802486630917,9987.504010516328,10437.268495203647
1969-11-17,3803.3189256826536,4558.227187403819,3272.043108229694,4260.7847765951155,12469.794770890034,13231.359965300513,10618.815219346046,11304.802486630917,9469.561400461087,10437.268495203647,8943.932525166874,10442.1070943573
1969-11-18,3554.036093022519,4260.7847765951155,3166.6129348167656,4762.763963545971,10505.235047856051,11304.802486630917,9579.96150647243,10437.268495203647,8508.767834912413,10442.1070943573,8124.838208411027,11629.888020139206
1969-11-19,3560.4172331759783,4762.763963545971,3016.359392167103,5232.953134933834,9599.435797894665,10437.268495203647,8846.975482720905,10442.1070943573,8122.462875236355,11629.888020139206,7582.932878439276,11948.408426567907
1969-11-20,4044.83695276872,5232.953134933834,3328.206234220644,4773.360880146787,8950.340167629449,10442.1070943573,9481.317108557556,11629.888020139206,8621.075988265697,11948.408426567907,7897.54320458915,11935.620774856747
1969-11-21,3847.5156308665714,4773.360880146787,3741.096750265874,4986.460869623099,10115.269553817327,11629.888020139206,10222.211916413042,11948.408426567907,8590.246392657433,11935.620774856747,8474.945529045064,11469.761322173774
1969-11-22,4063.333257912978,4986.460869623099,3612.4550103751903,4925.787473769999,10893.15597197889,11948.408426567907,9706.550396689929,11935.620774856747,8840.625314791349,11469.761322173774,8386.413591693276,11004.339301457832
1969-11-23,3976.8951025558645,4925.787473769999,3559.996872538488,4765.030125078586,10054.895170944654,11935.620774856747,9669.65815281685,11469.761322173774,8559.216275366647,11004.339301457832,8141.661320747828,10601.834511672716
1969-11-24,4039.113079243091,4765.030125078586,3506.4325540575646,4597.473293256741,10624.700336578135,11469.761322173774,10021.908722512704,11004.339301457832,9020.193187025678,10601.834511672716,8486.866887341857,10034.828491709857
1969-11-25,3709.4725706275376,4597.473293256741,3319.4285236971673,4482.0819473645115,10122.668883360697,11004.339301457832,9392.17716669129,10601.834511672716,8232.776372610988,10034.828491709857,7842.645036751195,9575.996335615167
1969-11-26,3672.5612765234905,4482.0819473645115,3203.2278437671753,4275.245657202186,9569.426790691072,10601.834511672716,8879.815739052166,10034.828491709857,7875.321806342041,9575.996335615167,7406.021756533927,9081.264431343336
1969-11-27,3494.03925609653,4275.245657202186,3070.8607461892384,4038.333925850411,9213.078493873993,10034.828491709857,8584.3794259365,9575.996335615167,7531.454988407899,9081.264431343336,7108.954484909321,8639.18148719723
1969-11-28,3371.4125655445923,4038.333925850411,2919.8823362367157,3832.995427148857,8761.295001516602,9575.996335615167,8105.215115654353,9081.264431343336,7150.97450394099,8639.18148719723,6700.081007624593,8143.178574914631
1969-11-29,3159.1614072598236,3832.995427148857,2736.5273006123107,3580.622955017987,8301.757060243088,9081.264431343336,7654.5599789316175,8639.18148719723,6733.093372880939,8143.178574914631,6311.0129039069325,7677.858766508947
1969-11-30,2987.9466673523366,3580.622955017987,2594.2126160863445,3415.0604098488006,7841.671246751654,8639.18148719723,7249.238213811759,8143.178574914631,6370.859110661055,7677.858766508947,5977.776719057978,7337.687015592366
1969-12-01,2834.822087018293,3415.0604098488006,2465.505585923637,3224.616482800783,7469.797860589313,8143.178574914631,6894.48990224473,7677.858766508947,6086.289749791732,7337.687015592366,5717.804367066281,7015.75788983751
1969-12-02,2683.1960641265982,3224.616482800783,2343.773126621421,3090.1212865651087,7034.204452951204,7677.858766508947,6497.926266991419,7337.687015592366,5745.301011850996,7015.75788983751,5406.47357823088,6683.933446498574
1969-12-03,2548.3063821452024,3090.1212865651087,2234.4464711183923,2955.2859428382167,6667.827622323524,7337.687015592366,6163.2770329274035,7015.75788983751,5467.427708929888,6683.933446498574,5153.8962564103085,6365.622265830716
1969-12-04,2444.4954652798224,2955.2859428382167,2154.00671515818,2843.985014353335,6337.57918435095,7015.75788983751,5902.365781412278,6683.933446498574,5241.960680809041,6365.622265830716,4951.8630151150455,6428.319350402166
1969-12-05,2352.235941719154,2843.985014353335,2073.663029279832,2743.7686532583602,6098.939233186158,6683.933446498574,5668.388818229572,6365.622265830716,5052.443189514255,6428.319350402166,4774.294389427305,6461.699840964141
1969-12-06,2266.4663262616823,2743.7686532583602,1999.821258999728,2664.0008520685033,5803.501864420326,6365.622265830716,5421.243942970921,6428.319350402166,4835.133497438225,6461.699840964141,4568.945672243164,6731.364735169644
1969-12-07,2186.8337237701285,2664.0008520685033,1931.5910267933436,2617.991975390409,5555.933328477974,6428.319350402166,5203.679443150435,6461.699840964141,4639.622246934245,6731.364735169644,4384.696630088136,7000.8168815438985
1969-12-08,2123.624978309048,2617.991975390409,1867.0092567147385,2566.284377543988,5581.280263144948,6461.699840964141,5247.479814276826,6731.364735169644,4704.9599610903515,7000.8168815438985,4449.463808533343,6593.868562804022
1969-12-09,2096.474477267044,2566.284377543988,1802.9528936314614,1956.3756344161877,5593.3117803624245,6731.364735169644,5308.1218039415235,7000.8168815438985,4776.097113105414,6593.868562804022,4483.078589219429,9504.917450979061
1969-12-10,1992.5985656947912,1956.3756344161877,1771.007780180954,2351.3183864905923,5854.12569436629,7000.8168815438985,5505.341943540526,6593.868562804022,4914.439726532635,9504.917450979061,4693.891394535313,10556.665975808108
1969-12-11,1892.4309590637015,2351.3183864905923,1208.0773649481084,2775.46509481624,6056.237682730687,6593.868562804022,5448.358430939452,9504.917450979061,5377.540325159232,10556.665975808108,4693.286628049993,9741.253183069146
1969-12-12,1659.7366026853465,2775.46509481624,1505.9444218607325,2948.9817361547116,5460.869276682064,9504.917450979061,6257.171754375535,10556.665975808108,5324.008950008135,9741.253183069146,5153.503173123609,9470.359951750208
1969-12-13,2161.8241333930437,2948.9817361547116,2511.6935790751013,3548.0901417309597,8998.870247650619,10556.665975808108,8604.51923230646,9741.253183069146,7770.268665229067,9470.359951750208,8112.327725245847,9447.194578550032
1969-12-14,2865.7076041285864,3548.0901417309597,3017.84670831009,4167.401819438783,9265.852620343976,9741.253183069146,8593.118202580541,9470.359951750208,8345.043385044288,9447.194578550032,8495.03824464951,9618.323810083864
1969-12-15,3281.6660493194877,4167.401819438783,3251.115084148333,4501.774424006489,8382.102221562975,9470.359951750208,8322.59976929923,9447.194578550032,7941.0908293261855,9618.323810083864,7909.73564655804,9877.456071519664
1969-12-16,3634.0100524729273,4501.774424006489,3252.427137751568,4395.964227786583,8661.640062871898,9447.194578550032,8687.13620883151,9618.323810083864,8059.868038232298,9877.456071519664,7678.462885077985,9740.653809891068
1969-12-17,3612.047006721537,4395.964227786583,3117.402743094202,4121.09599373304,8808.34707773113,9618.323810083864,8629.646776683248,9877.456071519664,7669.015517566875,9740.653809891068,7175.032918488164,9374.810164696923
1969-12-18,3432.1677285544565,4121.09599373304,2922.391307644403,3822.2697336569636,8803.781774896197,9877.456071519664,8251.480340807908,9740.653809891068,7224.583508224692,9374.810164696923,6715.125988921529,9536.400693574484
1969-12-19,3191.0872274289213,3822.2697336569636,2709.940860798094,3546.183240222915,8650.07981583589,9740.653809891068,7934.063614244077,9374.810164696923,6948.887776433341,9536.400693574484,6468.711536877694,9226.789624776007
1969-12-20,2955.3376645394574,3546.183240222915,2515.0441612928807,3301.946919162125,8341.943860885505,9374.810164696923,7605.674507553738,9536.400693574484,6686.418375489481,9226.789624776007,6247.478532603883,8878.322239823807
1969-12-21,2749.5382003558375,3301.946919162125,2358.135701490548,3107.8917769209625,7968.104728320663,9536.400693574484,7267.576874921572,9226.789624776007,6423.024823024261,8878.322239823807,6033.313606568057,8024.827155440799
1969-12-22,2574.5684868408025,3107.8917769209625,2230.8603248819577,2947.9235888192234,8040.239616363603,9226.789624776007,7334.328442346807,8878.322239823807,6555.824834577363,8024.827155440799,6214.844278885059,7453.535782194291
1969-12-23,2446.3617264552677,2947.9235888192234,2128.3530252915707,2807.655680978496,7767.704860753278,8878.322239823807,7119.50647093278,8024.827155440799,6406.5679550320765,7453.535782194291,6091.278180821073,7026.675960919791
1969-12-24,2331.7304338105923,2807.655680978496,2035.3297414703638,2688.5523689449215,7498.617353008203,8024.827155440799,6879.308310638378,7453.535782194291,6215.098307579741,7026.675960919791,5921.68678459615,6664.679204217038
1969-12-25,2229.6196285643505,2688.5523689449215,1957.8982944619524,2593.380973024515,6825.404922926238,7453.535782194291,6297.638166894837,7026.675960919791,5679.54194309606,6664.679204217038,5410.066601036646,6360.418366844089
1969-12-26,2148.0982211759483,2593.380973024515,1892.1395548536102,2480.6563635535913,6380.496332363036,7026.675960919791,5910.448952898143,6664.679204217038,5333.334529781346,6360.418366844089,5079.150373311522,6062.066529439879
1969-12-27,2076.6296824961723,2480.6563635535913,1830.435349143018,2426.903748794756,6042.628230089941,6664.679204217038,5625.324638922772,6360.418366844089,5072.933757037977,6062.066529439879,4828.10018755431,5873.769053274053
1969-12-28,2008.8636225535379,2426.903748794756,1772.5616472478323,2350.0170043532257,5765.193033100719,6360.418366844089,5369.587186212482,6062.066529439879,4838.331902538468,5873.769053274053,4603.2411918779235,5786.5933934470395
1969-12-29,1948.4709365916965,2350.0170043532257,1723.9761372334574,2287.6075867882346,5511.579216373368,6062.066529439879,5145.301688560262,5873.769053274053,4637.246736251463,5786.5933934470395,4413.7922096185575,5718.606585623593
1969-12-30,1893.4447627607124,2287.6075867882346,1674.7227380999998,2256.6707061566767,5292.804850909405,5873.769053274053,4944.544132202521,5786.5933934470395,4460.809694039517,5718.606585623593,4243.064448462181,5687.669704992035
1969-12-31,1843.1948762007064,2256.6707061566767,1637.057746439718,2238.865087870544,5110.608720100674,5786.5933934470395,4792.239998927407,5718.606585623593,4321.641840538011,5687.669704992035,4116.387670975682,5669.864086705902
