datetime,cannonsville,pepacton,neversink,beltzvilleCombined,fewalter,prompton,blueMarsh
1986-03-14,,,,,,,
1986-03-15,,,,,,,
1986-03-16,,,,,,,
1986-03-17,,,,,,,
1986-03-18,,,,,,,
1986-03-19,,,,,,,
1986-03-20,,,,,,,
1986-03-21,,,,,,,
1986-03-22,,,,,,,
1986-03-23,,,,,,,
1986-03-24,,,,,,,
1986-03-25,,,,,,,
1986-03-26,,,,,,,
1986-03-27,,,,,,,
1986-03-28,,,,,,,
1986-03-29,,,,,,,
1986-03-30,,,,,,,
1986-03-31,,,,,,,
1986-04-01,,,,,,,
1986-04-02,,,,,,,
1986-04-03,,,,,,,
1986-04-04,,,,,,,
1986-04-05,,,,,,,
1986-04-06,,,,,,,
1986-04-07,,,,,,,
1986-04-08,,,,,,,
1986-04-09,,,,,,,
1986-04-10,,,,,,,
1986-04-11,,,,,,,
1986-04-12,,,,,,,
1986-04-13,,,,,,,
1986-04-14,,,,,,,
1986-04-15,,,,,,,
1986-04-16,,,,,,,
1986-04-17,,,,,,,
1986-04-18,,,,,,,
1986-04-19,,,,,,,
1986-04-20,,,,,,,
1986-04-21,,,,,,,
1986-04-22,,,,,,,
1986-04-23,,,,,,,
1986-04-24,,,,,,,
1986-04-25,,,,,,,
1986-04-26,,,,,,,
1986-04-27,,,,,,,
1986-04-28,,,,,,,
1986-04-29,,,,,,,
1986-04-30,,,,,,,
1986-05-01,,,,,,,
1986-05-02,,,,,,,
1986-05-03,,,,,,,
1986-05-04,,,,,,,
1986-05-05,,,,,,,
1986-05-06,,,,,,,
1986-05-07,,,,,,,
1986-05-08,,,,,,,
1986-05-09,,,,,,,
1986-05-10,,,,,,,
1986-05-11,,,,,,,
1986-05-12,,,,,,,
1986-05-13,,,,,,,
1986-05-14,,,,,,,
1986-05-15,,,,,,,
1986-05-16,,,,,,,
1986-05-17,,,,,,,
1986-05-18,,,,,,,
1986-05-19,,,,,,,
1986-05-20,,,,,,,
1986-05-21,,,,,,,
1986-06-02,,,,,,,
1986-06-03,,,,,,,
1986-06-04,,,,,,,
1986-06-05,,,,,,,
1986-06-06,,,,,,,
1986-06-07,,,,,,,
1986-06-08,,,,,,,
1986-06-09,,,,,,,
1986-06-10,,,,,,,
1986-06-11,,,,,,,
1986-06-12,,,,,,,
1986-06-13,,,,,,,
1986-06-14,,,,,,,
1986-06-15,,,,,,,
1986-06-16,,,,,,,
1986-06-17,,,,,,,
1986-06-18,,,,,,,
1986-06-19,,,,,,,
1986-06-20,,,,,,,
1986-06-21,,,,,,,
1986-06-22,,,,,,,
1986-06-23,,,,,,,
1986-06-24,,,,,,,
1986-06-25,,,,,,,
1986-06-26,,,,,,,
1986-06-27,,,,,,,
1986-06-28,,,,,,,
1986-06-29,,,,,,,
1986-06-30,,,,,,,
1986-07-01,,,,,,,
1986-07-02,,,,,,,
1986-07-03,,,,,,,
1986-07-04,,,,,,,
1986-07-05,,,,,,,
1986-07-06,,,,,,,
1986-07-07,,,,,,,
1986-07-08,,,,,,,
1986-07-09,,,,,,,
1986-07-10,,,,,,,
1986-07-11,,,,,,,
1986-07-12,,,,,,,
1986-07-13,,,,,,,
1986-07-14,,,,,,,
1986-07-15,,,,,,,
1986-07-16,,,,,,,
1986-07-17,,,,,,,
1986-07-18,,,,,,,
1986-07-19,,,,,,,
1986-07-20,,,,,,,
1986-07-30,,,,,,,
1986-07-31,,,,,,,
1986-08-01,,,,,,,
1986-08-02,,,,,,,
1986-08-03,,,,,,,
1986-08-04,,,,,,,
1986-08-05,,,,,,,
1986-08-06,,,,,,,
1986-08-07,,,,,,,
1986-08-08,,,,,,,
1986-08-09,,,,,,,
1986-08-10,,,,,,,
1986-08-11,,,,,,,
1986-08-12,,,,,,,
1986-08-13,,,,,,,
1986-08-14,,,,,,,
1986-08-15,,,,,,,
1986-08-16,,,,,,,
1986-08-17,,,,,,,
1986-08-18,,,,,,,
1986-08-19,,,,,,,
1986-08-20,,,,,,,
1986-08-21,,,,,,,
1986-08-22,,,,,,,
1986-08-23,,,,,,,
1986-08-25,,,,,,,
1986-08-26,,,,,,,
1986-08-27,,,,,,,
1986-08-28,,,,,,,
1986-08-29,,,,,,,
1986-08-30,,,,,,,
1986-09-01,,,,,,,
1986-09-02,,,,,,,
1986-09-03,,,,,,,
1986-09-04,,,,,,,
1986-09-05,,,,,,,
1986-09-06,,,,,,,
1986-09-10,,,,,,,
1986-09-11,,,,,,,
1986-09-12,,,,,,,
1986-09-13,,,,,,,
1986-09-14,,,,,,,
1986-09-15,,,,,,,
1986-09-16,,,,,,,
1986-09-17,,,,,,,
1986-09-18,,,,,,,
1986-09-19,,,,,,,
1986-09-20,,,,,,,
1986-09-21,,,,,,,
1986-09-22,,,,,,,
1986-09-23,,,,,,,
1986-09-24,,,,,,,
1986-09-25,,,,,,,
1986-09-26,,,,,,,
1986-09-27,,,,,,,
1986-09-28,,,,,,,
1986-09-29,,,,,,,
1986-09-30,,,,,,,
1986-10-01,,,,,,,
1986-10-02,,,,,,,
1986-10-03,,,,,,,
1986-10-04,,,,,,,
1986-10-05,,,,,,,
1986-10-06,,,,,,,
1986-10-07,,,,,,,
1986-10-08,,,,,,,
1986-10-09,,,,,,,
1986-10-10,,,,,,,
1986-10-11,,,,,,,
1986-10-12,,,,,,,
1986-10-13,,,,,,,
1986-10-14,,,,,,,
1986-10-15,,,,,,,
1986-10-16,,,,,,,
1986-10-17,,,,,,,
1986-10-18,,,,,,,
1986-10-19,,,,,,,
1986-10-20,,,,,,,
1986-10-21,,,,,,,
1986-10-22,,,,,,,
1986-10-23,,,,,,,
1986-10-24,,,,,,,
1986-10-25,,,,,,,
1986-10-26,,,,,,,
1986-10-27,,,,,,,
1986-10-28,,,,,,,
1986-10-29,,,,,,,
1986-10-30,,,,,,,
1986-10-31,,,,,,,
1986-11-01,,,,,,,
1986-11-02,,,,,,,
1986-11-03,,,,,,,
1986-11-04,,,,,,,
1986-11-05,,,,,,,
1986-11-10,,,,,,,
1986-11-11,,,,,,,
1986-11-12,,,,,,,
1986-11-13,,,,,,,
1986-11-14,,,,,,,
1986-11-15,,,,,,,
1986-11-16,,,,,,,
1986-11-17,,,,,,,
1986-11-18,,,,,,,
1986-11-19,,,,,,,
1986-11-20,,,,,,,
1986-11-21,,,,,,,
1986-11-22,,,,,,,
1986-11-23,,,,,,,
1986-11-24,,,,,,,
1986-11-25,,,,,,,
1986-11-26,,,,,,,
1986-11-27,,,,,,,
1986-12-01,,,,,,,
1986-12-02,,,,,,,
1986-12-03,,,,,,,
1986-12-04,,,,,,,
1986-12-05,,,,,,,
1986-12-06,,,,,,,
1986-12-07,,,,,,,
1986-12-08,,,,,,,
1986-12-10,,,,,,,
1986-12-11,,,,,,,
1986-12-12,,,,,,,
1986-12-13,,,,,,,
1986-12-14,,,,,,,
1986-12-15,,,,,,,
1986-12-16,,,,,,,
1986-12-17,,,,,,,
1986-12-19,,,,,,,
1986-12-20,,,,,,,
1986-12-21,,,,,,,
1986-12-22,,,,,,,
1986-12-23,,,,,,,
1986-12-24,,,,,,,
1986-12-25,,,,,,,
1986-12-26,,,,,,,
1986-12-27,,,,,,,
1986-12-28,,,,,,,
1986-12-29,,,,,,,
1986-12-30,,,,,,,
1986-12-31,,,,,,,
1987-01-02,,,,,,,
1987-01-03,,,,,,,
1987-01-04,,,,,,,
1987-01-05,,,,,,,
1987-01-06,,,,,,,
1987-01-07,,,,,,,
1987-01-08,,,,,,,
1987-01-09,,,,,,,
1987-01-10,,,,,,,
1987-01-11,,,,,,,
1987-01-12,,,,,,,
1987-01-14,,,,,,,
1987-01-15,,,,,,,
1987-01-16,,,,,,,
1987-01-17,,,,,,,
1987-01-18,,,,,,,
1987-01-19,,,,,,,
1987-01-20,,,,,,,
1987-01-21,,,,,,,
1987-01-22,,,,,,,
1987-01-23,,,,,,,
1987-01-24,,,,,,,
1987-01-25,,,,,,,
1987-01-26,,,,,,,
1987-01-28,,,,,,,
1987-01-29,,,,,,,
1987-01-31,,,,,,,
1987-02-01,,,,,,,
1987-02-02,,,,,,,
1987-02-03,,,,,,,
1987-02-04,,,,,,,
1987-02-05,,,,,,,
1987-02-06,,,,,,,
1987-02-07,,,,,,,
1987-02-08,,,,,,,
1987-02-10,,,,,,,
1987-02-11,,,,,,,
1987-02-12,,,,,,,
1987-02-13,,,,,,,
1987-02-14,,,,,,,
1987-02-15,,,,,,,
1987-02-17,,,,,,,
1987-02-19,,,,,,,
1987-02-20,,,,,,,
1987-02-22,,,,,,,
1987-02-23,,,,,,,
1987-02-24,,,,,,,
1987-02-25,,,,,,,
1987-02-27,,,,,,,
1987-02-28,,,,,,,
1987-03-01,,,,,,,
1987-03-03,,,,,,,
1987-03-04,,,,,,,
1987-03-05,,,,,,,
1987-03-06,,,,,,,
1987-03-07,,,,,,,
1987-03-08,,,,,,,
1987-03-09,,,,,,,
1987-03-10,,,,,,,
1987-03-12,,,,,,,
1987-03-13,,,,,,,
1987-03-14,,,,,,,
1987-03-15,,,,,,,
1987-03-16,,,,,,,
1987-03-17,,,,,,,
1987-03-18,,,,,,,
1987-03-19,,,,,,,
1987-03-20,,,,,,,
1987-03-21,,,,,,,
1987-03-22,,,,,,,
1987-03-29,,,,,,,
1987-03-30,,,,,,,
1987-03-31,,,,,,,
1987-04-01,,,,,,,
1987-04-02,,,,,,,
1987-04-03,,,,,,,
1987-04-04,,,,,,,
1987-04-05,,,,,,,
1987-04-06,,,,,,,
1987-04-07,,,,,,,
1987-04-11,,,,,,,
1987-04-12,,,,,,,
1987-04-16,,,,,,,
1987-04-17,,,,,,,
1987-04-18,,,,,,,
1987-04-19,,,,,,,
1987-04-20,,,,,,,
1987-04-21,,,,,,,
1987-04-22,,,,,,,
1987-04-28,,,,,,,
1987-04-29,,,,,,,
1987-04-30,,,,,,,
1987-05-01,,,,,,,
1987-05-02,,,,,,,
1987-05-04,,,,,,,
1987-05-06,,,,,,,
1987-05-07,,,,,,,
1987-05-08,,,,,,,
1987-05-09,,,,,,,
1987-05-10,,,,,,,
1987-05-11,,,,,,,
1987-05-12,,,,,,,
1987-05-13,,,,,,,
1987-05-14,,,,,,,
1987-05-15,,,,,,,
1987-05-16,,,,,,,
1987-05-17,,,,,,,
1987-05-18,,,,,,,
1987-05-19,,,,,,,
1987-05-20,,,,,,,
1987-05-21,,,,,,,
1987-05-22,,,,,,,
1987-05-23,,,,,,,
1987-05-24,,,,,,,
1987-05-25,,,,,,,
1987-05-26,,,,,,,
1987-05-27,,,,,,,
1987-05-28,,,,,,,
1987-06-01,,,,,,,
1987-06-02,,,,,,,
1987-06-03,,,,,,,
1987-06-04,,,,,,,
1987-06-05,,,,,,,
1987-06-06,,,,,,,
1987-06-07,,,,,,,
1987-06-08,,,,,,,
1987-06-09,,,,,,,
1987-06-10,,,,,,,
1987-06-11,,,,,,,
1987-06-12,,,,,,,
1987-06-13,,,,,,,
1987-06-14,,,,,,,
1987-06-15,,,,,,,
1987-06-16,,,,,,,
1987-06-17,,,,,,,
1987-06-18,,,,,,,
1987-06-19,,,,,,,
1987-06-20,,,,,,,
1987-06-21,,,,,,,
1987-06-22,,,,,,,
1987-06-23,,,,,,,
1987-06-24,,,,,,,
1987-06-25,,,,,,,
1987-06-26,,,,,,,
1987-06-27,,,,,,,
1987-06-28,,,,,,,
1987-06-29,,,,,,,
1987-06-30,,,,,,,
1987-07-01,,,,,,,
1987-07-02,,,,,,,
1987-07-03,,,,,,,
1987-07-04,,,,,,,
1987-07-05,,,,,,,
1987-07-06,,,,,,,
1987-07-07,,,,,,,
1987-07-08,,,,,,,
1987-07-09,,,,,,,
1987-07-10,,,,,,,
1987-07-11,,,,,,,
1987-07-13,,,,,,,
1987-07-14,,,,,,,
1987-07-15,,,,,,,
1987-07-16,,,,,,,
1987-07-17,,,,,,,
1987-07-18,,,,,,,
1987-07-19,,,,,,,
1987-07-20,,,,,,,
1987-07-21,,,,,,,
1987-07-22,,,,,,,
1987-07-23,,,,,,,
1987-07-24,,,,,,,
1987-07-25,,,,,,,
1987-07-26,,,,,,,
1987-08-14,,,,,,,
1987-08-15,,,,,,,
1987-08-17,,,,,,,
1987-08-18,,,,,,,
1987-08-19,,,,,,,
1987-08-20,,,,,,,
1987-08-21,,,,,,,
1987-08-22,,,,,,,
1987-08-23,,,,,,,
1987-08-24,,,,,,,
1987-08-25,,,,,,,
1987-08-26,,,,,,,
1987-08-27,,,,,,,
1987-08-28,,,,,,,
1987-08-29,,,,,,,
1987-08-30,,,,,,,
1987-08-31,,,,,,,
1987-09-01,,,,,,,
1987-09-02,,,,,,,
1987-09-03,,,,,,,
1987-09-04,,,,,,,
1987-09-05,,,,,,,
1987-09-06,,,,,,,
1987-09-07,,,,,,,
1987-09-08,,,,,,,
1987-09-09,,,,,,,
1987-09-10,,,,,,,
1987-09-11,,,,,,,
1987-09-12,,,,,,,
1987-09-13,,,,,,,
1987-09-14,,,,,,,
1987-09-15,,,,,,,
1987-09-16,,,,,,,
1987-09-17,,,,,,,
1987-09-18,,,,,,,
1987-09-19,,,,,,,
1987-09-20,,,,,,,
1987-09-21,,,,,,,
1987-09-22,,,,,,,
1987-09-23,,,,,,,
1987-09-24,,,,,,,
1987-09-25,,,,,,,
1987-09-26,,,,,,,
1987-09-27,,,,,,,
1987-09-28,,,,,,,
1987-09-29,,,,,,,
1987-09-30,,,,,,,
1987-10-01,,,,,,,
1987-10-02,,,,,,,
1987-10-03,,,,,,,
1987-10-04,,,,,,,
1987-10-05,,,,,,,
1987-10-06,,,,,,,
1987-10-07,,,,,,,
1987-10-08,,,,,,,
1987-10-09,,,,,,,
1987-10-10,,,,,,,
1987-10-11,,,,,,,
1987-10-12,,,,,,,
1987-10-13,,,,,,,
1987-10-14,,,,,,,
1987-10-15,,,,,,,
1987-10-16,,,,,,,
1987-10-17,,,,,,,
1987-10-18,,,,,,,
1987-10-19,,,,,,,
1987-10-20,,,,,,,
1987-10-21,,,,,,,
1987-10-22,,,,,,,
1987-10-23,,,,,,,
1987-10-24,,,,,,,
1987-10-25,,,,,,,
1987-10-26,,,,,,,
1987-10-27,,,,,,,
1987-10-28,,,,,,,
1987-10-29,,,,,,,
1987-10-30,,,,,,,
1987-10-31,,,,,,,
1987-11-01,,,,,,,
1987-11-02,,,,,,,
1987-11-03,,,,,,,
1987-11-04,,,,,,,
1987-11-05,,,,,,,
1987-11-06,,,,,,,
1987-11-07,,,,,,,
1987-11-08,,,,,,,
1987-11-09,,,,,,,
1987-11-10,,,,,,,
1987-11-11,,,,,,,
1987-11-14,,,,,,,
1987-11-15,,,,,,,
1987-11-16,,,,,,,
1987-11-17,,,,,,,
1987-11-18,,,,,,,
1987-11-19,,,,,,,
1987-11-20,,,,,,,
1987-11-21,,,,,,,
1987-11-22,,,,,,,
1987-11-23,,,,,,,
1987-11-24,,,,,,,
1987-11-25,,,,,,,
1987-11-26,,,,,,,
1987-11-27,,,,,,,
1987-11-28,,,,,,,
1987-11-29,,,,,,,
1987-11-30,,,,,,,
1987-12-01,,,,,,,
1987-12-02,,,,,,,
1987-12-03,,,,,,,
1987-12-04,,,,,,,
1987-12-05,,,,,,,
1987-12-06,,,,,,,
1987-12-07,,,,,,,
1987-12-08,,,,,,,
1987-12-09,,,,,,,
1987-12-10,,,,,,,
1987-12-11,,,,,,,
1987-12-12,,,,,,,
1987-12-13,,,,,,,
1987-12-14,,,,,,,
1987-12-15,,,,,,,
1987-12-16,,,,,,,
1987-12-17,,,,,,,
1987-12-18,,,,,,,
1987-12-19,,,,,,,
1987-12-20,,,,,,,
1987-12-21,,,,,,,
1987-12-22,,,,,,,
1987-12-23,,,,,,,
1987-12-24,,,,,,,
1987-12-25,,,,,,,
1987-12-26,,,,,,,
1987-12-27,,,,,,,
1987-12-28,,,,,,,
1987-12-29,,,,,,,
1987-12-30,,,,,,,
1987-12-31,,,,,,,
1988-01-01,,,,,,,
1988-01-02,,,,,,,
1988-01-03,,,,,,,
1988-01-04,,,,,,,
1988-01-05,,,,,,,
1988-01-06,,,,,,,
1988-01-07,,,,,,,
1988-01-08,,,,,,,
1988-01-09,,,,,,,
1988-01-10,,,,,,,
1988-01-11,,,,,,,
1988-01-12,,,,,,,
1988-01-13,,,,,,,
1988-01-14,,,,,,,
1988-01-15,,,,,,,
1988-01-16,,,,,,,
1988-01-17,,,,,,,
1988-01-18,,,,,,,
1988-01-19,,,,,,,
1988-01-20,,,,,,,
1988-01-21,,,,,,,
1988-01-22,,,,,,,
1988-01-23,,,,,,,
1988-01-24,,,,,,,
1988-01-25,,,,,,,
1988-01-26,,,,,,,
1988-01-27,,,,,,,
1988-01-28,,,,,,,
1988-01-29,,,,,,,
1988-01-30,,,,,,,
1988-01-31,,,,,,,
1988-02-01,,,,,,,
1988-02-02,,,,,,,
1988-02-03,,,,,,,
1988-02-04,,,,,,,
1988-02-05,,,,,,,
1988-02-06,,,,,,,
1988-02-07,,,,,,,
1988-02-08,,,,,,,
1988-02-09,,,,,,,
1988-02-10,,,,,,,
1988-02-11,,,,,,,
1988-02-12,,,,,,,
1988-02-13,,,,,,,
1988-02-14,,,,,,,
1988-02-15,,,,,,,
1988-02-16,,,,,,,
1988-02-17,,,,,,,
1988-02-18,,,,,,,
1988-02-19,,,,,,,
1988-02-20,,,,,,,
1988-02-21,,,,,,,
1988-02-22,,,,,,,
1988-02-23,,,,,,,
1988-02-24,,,,,,,
1988-02-25,,,,,,,
1988-02-26,,,,,,,
1988-02-27,,,,,,,
1988-02-28,,,,,,,
1988-02-29,,,,,,,
1988-03-01,,,,,,,
1988-03-02,,,,,,,
1988-03-03,,,,,,,
1988-03-04,,,,,,,
1988-03-05,,,,,,,
1988-03-06,,,,,,,
1988-03-07,,,,,,,
1988-03-08,,,,,,,
1988-03-09,,,,,,,
1988-03-11,,,,,,,
1988-03-12,,,,,,,
1988-03-13,,,,,,,
1988-03-14,,,,,,,
1988-03-15,,,,,,,
1988-03-16,,,,,,,
1988-03-17,,,,,,,
1988-03-18,,,,,,,
1988-03-19,,,,,,,
1988-03-20,,,,,,,
1988-03-21,,,,,,,
1988-03-22,,,,,,,
1988-03-23,,,,,,,
1988-03-24,,,,,,,
1988-03-25,,,,,,,
1988-03-26,,,,,,,
1988-03-27,,,,,,,
1988-03-28,,,,,,,
1988-03-29,,,,,,,
1988-03-30,,,,,,,
1988-03-31,,,,,,,
1988-04-01,,,,,,,
1988-04-02,,,,,,,
1988-04-03,,,,,,,
1988-04-04,,,,,,,
1988-04-05,,,,,,,
1988-04-07,,,,,,,
1988-04-08,,,,,,,
1988-04-09,,,,,,,
1988-04-10,,,,,,,
1988-04-11,,,,,,,
1988-04-12,,,,,,,
1988-04-13,,,,,,,
1988-04-14,,,,,,,
1988-04-15,,,,,,,
1988-04-16,,,,,,,
1988-04-17,,,,,,,
1988-04-18,,,,,,,
1988-04-19,,,,,,,
1988-04-20,,,,,,,
1988-04-21,,,,,,,
1988-04-22,,,,,,,
1988-04-23,,,,,,,
1988-04-24,,,,,,,
1988-04-25,,,,,,,
1988-04-26,,,,,,,
1988-04-27,,,,,,,
1988-04-28,,,,,,,
1988-04-29,,,,,,,
1988-04-30,,,,,,,
1988-05-01,,,,,,,
1988-05-02,,,,,,,
1988-05-03,,,,,,,
1988-05-04,,,,,,,
1988-05-05,,,,,,,
1988-05-06,,,,,,,
1988-05-07,,,,,,,
1988-05-08,,,,,,,
1988-05-09,,,,,,,
1988-05-10,,,,,,,
1988-05-11,,,,,,,
1988-05-12,,,,,,,
1988-05-13,,,,,,,
1988-05-14,,,,,,,
1988-05-15,,,,,,,
1988-05-16,,,,,,,
1988-05-17,,,,,,,
1988-05-18,,,,,,,
1988-05-19,,,,,,,
1988-05-20,,,,,,,
1988-05-21,,,,,,,
1988-05-22,,,,,,,
1988-05-23,,,,,,,
1988-05-24,,,,,,,
1988-05-25,,,,,,,
1988-05-26,,,,,,,
1988-05-27,,,,,,,
1988-05-28,,,,,,,
1988-05-29,,,,,,,
1988-05-30,,,,,,,
1988-05-31,,,,,,,
1988-06-01,,,,,,,
1988-06-02,,,,,,,
1988-06-03,,,,,,,
1988-06-04,,,,,,,
1988-06-05,,,,,,,
1988-06-06,,,,,,,
1988-06-07,,,,,,,
1988-06-08,,,,,,,
1988-06-09,,,,,,,
1988-06-10,,,,,,,
1988-06-11,,,,,,,
1988-06-12,,,,,,,
1988-06-13,,,,,,,
1988-06-14,,,,,,,
1988-06-15,,,,,,,
1988-06-16,,,,,,,
1988-06-17,,,,,,,
1988-06-18,,,,,,,
1988-06-19,,,,,,,
1988-06-20,,,,,,,
1988-06-21,,,,,,,
1988-06-22,,,,,,,
1988-06-23,,,,,,,
1988-06-24,,,,,,,
1988-06-25,,,,,,,
1988-06-26,,,,,,,
1988-06-27,,,,,,,
1988-06-28,,,,,,,
1988-06-29,,,,,,,
1988-06-30,,,,,,,
1988-07-01,,,,,,,
1988-07-02,,,,,,,
1988-07-03,,,,,,,
1988-07-04,,,,,,,
1988-07-05,,,,,,,
1988-07-06,,,,,,,
1988-07-07,,,,,,,
1988-07-08,,,,,,,
1988-07-09,,,,,,,
1988-07-10,,,,,,,
1988-07-11,,,,,,,
1988-07-12,,,,,,,
1988-07-13,,,,,,,
1988-07-14,,,,,,,
1988-07-17,,,,,,,
1988-07-18,,,,,,,
1988-07-19,,,,,,,
1988-07-20,,,,,,,
1988-07-21,,,,,,,
1988-07-22,,,,,,,
1988-07-23,,,,,,,
1988-07-24,,,,,,,
1988-07-25,,,,,,,
1988-07-26,,,,,,,
1988-07-27,,,,,,,
1988-07-28,,,,,,,
1988-07-29,,,,,,,
1988-07-30,,,,,,,
1988-07-31,,,,,,,
1988-08-01,,,,,,,
1988-08-02,,,,,,,
1988-08-03,,,,,,,
1988-08-04,,,,,,,
1988-08-05,,,,,,,
1988-08-06,,,,,,,
1988-08-07,,,,,,,
1988-08-08,,,,,,,
1988-08-09,,,,,,,
1988-08-10,,,,,,,
1988-08-11,,,,,,,
1988-08-12,,,,,,,
1988-08-13,,,,,,,
1988-08-14,,,,,,,
1988-08-15,,,,,,,
1988-08-16,,,,,,,
1988-08-17,,,,,,,
1988-08-18,,,,,,,
1988-08-19,,,,,,,
1988-08-20,,,,,,,
1988-08-21,,,,,,,
1988-08-22,,,,,,,
1988-08-23,,,,,,,
1988-08-24,,,,,,,
1988-08-25,,,,,,,
1988-08-26,,,,,,,
1988-08-27,,,,,,,
1988-08-28,,,,,,,
1988-08-29,,,,,,,
1988-08-30,,,,,,,
1988-08-31,,,,,,,
1988-09-01,,,,,,,
1988-09-02,,,,,,,
1988-09-03,,,,,,,
1988-09-04,,,,,,,
1988-09-05,,,,,,,
1988-09-06,,,,,,,
1988-09-07,,,,,,,
1988-09-08,,,,,,,
1988-09-09,,,,,,,
1988-09-10,,,,,,,
1988-09-11,,,,,,,
1988-09-12,,,,,,,
1988-09-13,,,,,,,
1988-09-14,,,,,,,
1988-09-15,,,,,,,
1988-09-16,,,,,,,
1988-09-17,,,,,,,
1988-09-18,,,,,,,
1988-09-19,,,,,,,
1988-09-20,,,,,,,
1988-09-21,,,,,,,
1988-09-22,,,,,,,
1988-09-23,,,,,,,
1988-09-24,,,,,,,
1988-09-25,,,,,,,
1988-09-26,,,,,,,
1988-09-27,,,,,,,
1988-09-28,,,,,,,
1988-09-29,,,,,,,
1988-09-30,,,,,,,
1989-10-01,,,,,,,
1989-10-02,,,,,,,
1989-10-03,,,,,,,
1989-10-04,,,,,,,
1989-10-05,,,,,,,
1989-10-06,,,,,,,
1989-10-07,,,,,,,
1989-10-08,,,,,,,
1989-10-09,,,,,,,
1989-10-10,,,,,,,
1989-10-11,,,,,,,
1989-10-12,,,,,,,
1989-10-13,,,,,,,
1989-10-14,,,,,,,
1989-10-15,,,,,,,
1989-10-16,,,,,,,
1989-10-17,,,,,,,
1989-10-18,,,,,,,
1989-10-19,,,,,,,
1989-10-20,,,,,,,
1989-10-21,,,,,,,
1989-10-22,,,,,,,
1989-10-23,,,,,,,
1989-10-24,,,,,,,
1989-10-31,,,,,,,
1989-11-01,,,,,,,
1989-11-02,,,,,,,
1989-11-03,,,,,,,
1989-11-04,,,,,,,
1989-11-05,,,,,,,
1989-11-06,,,,,,,
1989-11-07,,,,,,,
1989-11-08,,,,,,,
1989-11-09,,,,,,,
1989-11-10,,,,,,,
1989-11-11,,,,,,,
1989-11-12,,,,,,,
1989-11-13,,,,,,,
1989-11-16,,,,,,,
1989-11-21,,,,,,,
1989-11-22,,,,,,,
1989-11-23,,,,,,,
1999-12-01,60488.0,100636.0,15968.0,,,,
1999-12-02,61142.0,101024.0,15998.0,,,,
1999-12-03,61651.0,101055.0,16037.0,,,,
1999-12-04,62237.0,101242.0,16037.0,,,,
1999-12-05,62925.0,101351.0,16149.0,,,,
1999-12-06,63447.0,101445.0,16274.0,,,,
1999-12-07,63956.0,101507.0,16312.0,,,,
1999-12-08,64504.0,101648.0,16348.0,,,,
1999-12-09,64963.0,101445.0,16322.0,,,,
1999-12-10,65408.0,101320.0,16241.0,,,,
1999-12-11,65968.0,101226.0,16106.0,,,,
1999-12-12,66286.0,101195.0,16070.0,,,,
1999-12-13,66681.0,101133.0,15857.0,,,,
1999-12-14,67012.0,101133.0,15827.0,,,,
1999-12-15,67662.0,101101.0,15762.0,,,,
1999-12-16,68073.0,100993.0,15729.0,,,,
1999-12-17,68550.0,101009.0,15755.0,,,,
1999-12-18,68735.0,101148.0,15684.0,,,,
1999-12-19,68907.0,100993.0,15690.0,,,,
1999-12-20,69093.0,100823.0,15690.0,,,,
1999-12-21,69106.0,101055.0,15765.0,,,,
1999-12-22,69463.0,101211.0,15890.0,,,,
1999-12-23,69649.0,101024.0,15899.0,,,,
1999-12-24,69755.0,101039.0,16004.0,,,,
1999-12-25,69768.0,100915.0,16017.0,,,,
1999-12-26,69715.0,100683.0,15965.0,,,,
1999-12-27,69728.0,100668.0,15968.0,,,,
1999-12-28,70139.0,100513.0,15988.0,,,,
1999-12-29,69861.0,100326.0,15942.0,,,,
1999-12-30,69821.0,100420.0,15958.0,,,,
1999-12-31,69808.0,100125.0,15952.0,,,,
2000-01-01,69781.0,99970.0,15958.0,,,,
2000-01-02,69689.0,99800.0,15932.0,,,,
2000-01-03,69768.0,99551.0,15896.0,,,,
2000-01-04,69596.0,99583.0,15985.0,,,,
2000-01-05,69742.0,99366.0,16146.0,,,,
2000-01-06,70046.0,99444.0,16208.0,,,,
2000-01-07,70218.0,99382.0,16261.0,,,,
2000-01-08,70351.0,99259.0,16338.0,,,,
2000-01-09,70457.0,98983.0,16404.0,,,,
2000-01-10,70470.0,98998.0,16491.0,,,,
2000-01-11,71212.0,99106.0,16564.0,,,,
2000-01-12,71953.0,98983.0,16568.0,,,,
2000-01-13,72562.0,99106.0,16574.0,,,,
2000-01-14,73013.0,98829.0,16524.0,,,,
2000-01-15,73331.0,98614.0,16460.0,,,,
2000-01-16,73676.0,98429.0,16454.0,,,,
2000-01-17,74008.0,98537.0,16527.0,,,,
2000-01-18,74229.0,98429.0,16557.0,,,,
2000-01-19,74658.0,98198.0,16544.0,,,,
2000-01-20,74920.0,98168.0,16430.0,,,,
2000-01-21,75307.0,97953.0,16491.0,,,,
2000-01-22,75694.0,97648.0,16278.0,,,,
2000-01-23,75929.0,97465.0,16165.0,,,,
2000-01-24,76205.0,97267.0,15988.0,,,,
2000-01-25,76523.0,97069.0,15912.0,,,,
2000-01-26,76840.0,96871.0,15814.0,,,,
2000-01-27,77131.0,96673.0,15690.0,,,,
2000-01-28,77117.0,96234.0,15593.0,,,,
2000-01-29,77034.0,95963.0,15418.0,,,,
2000-01-30,76896.0,95765.0,15280.0,,,,
2000-01-31,76896.0,95493.0,15123.0,,,,
2000-02-01,76827.0,95267.0,15210.0,,,,
2000-02-02,76633.0,94995.0,15257.0,,,,
2000-02-03,76661.0,94665.0,15286.0,,,,
2000-02-04,76509.0,94456.0,15342.0,,,,
2000-02-05,76523.0,94411.0,15374.0,,,,
2000-02-06,76661.0,94546.0,15422.0,,,,
2000-02-07,76868.0,94605.0,15463.0,,,,
2000-02-08,77061.0,94710.0,15473.0,,,,
2000-02-09,76730.0,94516.0,15496.0,,,,
2000-02-10,76537.0,94156.0,15532.0,,,,
2000-02-11,76440.0,94141.0,15574.0,,,,
2000-02-12,76150.0,93722.0,15609.0,,,,
2000-02-13,75804.0,93437.0,15632.0,,,,
2000-02-14,75555.0,93125.0,15697.0,,,,
2000-02-15,75763.0,93318.0,15854.0,,,,
2000-02-16,76329.0,93348.0,15942.0,,,,
2000-02-17,76578.0,93273.0,16033.0,,,,
2000-02-18,77006.0,93393.0,16059.0,,,,
2000-02-19,77282.0,93258.0,16152.0,,,,
2000-02-20,77462.0,93303.0,16205.0,,,,
2000-02-21,77683.0,93140.0,16261.0,,,,
2000-02-22,77807.0,93170.0,16315.0,,,,
2000-02-23,78056.0,93021.0,16355.0,,,,
2000-02-24,78249.0,92932.0,16411.0,,,,
2000-02-25,78830.0,92813.0,16497.0,,,,
2000-02-26,79977.0,93946.0,16782.0,,,,
2000-02-27,81929.0,95222.0,17016.0,,,,
2000-02-28,87435.0,99583.0,17597.0,,,,
2000-02-29,93942.0,103500.0,18367.0,,,,
2000-03-01,96881.0,105542.0,18729.0,,,,
2000-03-02,98249.0,106804.0,19032.0,,,,
2000-03-03,98523.0,107863.0,19296.0,,,,
2000-03-04,98651.0,108653.0,19503.0,,,,
2000-03-05,98539.0,109105.0,19683.0,,,,
2000-03-06,98426.0,109380.0,19847.0,,,,
2000-03-07,98184.0,110128.0,20005.0,,,,
2000-03-08,98104.0,110859.0,20179.0,,,,
2000-03-09,97943.0,111252.0,20436.0,,,,
2000-03-10,98394.0,112037.0,20980.0,,,,
2000-03-11,98716.0,113024.0,21424.0,,,,
2000-03-12,99553.0,115011.0,22380.0,,,,
2000-03-13,100260.0,117266.0,23322.0,,,,
2000-03-14,99713.0,118293.0,23797.0,,,,
2000-03-15,99199.0,119580.0,24149.0,,,,
2000-03-16,98716.0,120225.0,24441.0,,,,
2000-03-17,98619.0,121180.0,24863.0,,,,
2000-03-18,98957.0,122138.0,25341.0,,,,
2000-03-19,98828.0,122842.0,25646.0,,,,
2000-03-20,98667.0,123687.0,25908.0,,,,
2000-03-21,98474.0,123911.0,26114.0,,,,
2000-03-22,98329.0,124499.0,26346.0,,,,
2000-03-23,98072.0,124707.0,26482.0,,,,
2000-03-24,97734.0,124950.0,26596.0,,,,
2000-03-25,97540.0,125105.0,26769.0,,,,
2000-03-26,97396.0,125314.0,26949.0,,,,
2000-03-27,97315.0,125436.0,27081.0,,,,
2000-03-28,97476.0,125748.0,27283.0,,,,
2000-03-29,98571.0,126971.0,27835.0,,,,
2000-03-30,98764.0,127846.0,28105.0,,,,
2000-03-31,98700.0,128972.0,28351.0,,,,
2000-04-01,98426.0,129253.0,28561.0,,,,
2000-04-02,98152.0,130103.0,28685.0,,,,
2000-04-03,98056.0,130369.0,28844.0,,,,
2000-04-04,98700.0,131291.0,29079.0,,,,
2000-04-05,100373.0,133060.0,29566.0,,,,
2000-04-06,100309.0,134390.0,29832.0,,,,
2000-04-07,99890.0,135312.0,29946.0,,,,
2000-04-08,99359.0,135729.0,29937.0,,,,
2000-04-09,99311.0,136672.0,30046.0,,,,
2000-04-10,99424.0,137419.0,30082.0,,,,
2000-04-11,99182.0,137948.0,30091.0,,,,
2000-04-12,98828.0,138572.0,30068.0,,,,
2000-04-13,98796.0,138995.0,30095.0,,,,
2000-04-14,98555.0,139638.0,30191.0,,,,
2000-04-15,98523.0,140061.0,30227.0,,,,
2000-04-16,98378.0,140449.0,30296.0,,,,
2000-04-17,98313.0,140468.0,30346.0,,,,
2000-04-18,98329.0,140746.0,30515.0,,,,
2000-04-19,98909.0,141005.0,30670.0,,,,
2000-04-20,98941.0,140894.0,30795.0,,,,
2000-04-21,98796.0,141005.0,30859.0,,,,
2000-04-22,98877.0,141079.0,31364.0,,,,
2000-04-23,98925.0,141246.0,31920.0,,,,
2000-04-24,99166.0,141320.0,32307.0,,,,
2000-04-25,99070.0,141338.0,32543.0,,,,
2000-04-26,98764.0,141172.0,32691.0,,,,
2000-04-27,98426.0,141135.0,32781.0,,,,
2000-04-28,98410.0,140968.0,32762.0,,,,
2000-04-29,98104.0,140838.0,32671.0,,,,
2000-04-30,97943.0,140727.0,32829.0,,,,
2000-05-01,97701.0,140708.0,32995.0,,,,
2000-05-02,97540.0,140579.0,32995.0,,,,
2000-05-03,97347.0,140523.0,33038.0,,,,
2000-05-04,97218.0,140338.0,33144.0,,,,
2000-05-05,96881.0,140394.0,33062.0,,,,
2000-05-06,96687.0,140375.0,33067.0,,,,
2000-05-07,96446.0,140375.0,33086.0,,,,
2000-05-08,96462.0,140412.0,33081.0,,,,
2000-05-09,96157.0,140079.0,33173.0,,,,
2000-05-10,96221.0,140043.0,33081.0,,,,
2000-05-11,96671.0,140505.0,33225.0,,,,
2000-05-12,96897.0,140560.0,33254.0,,,,
2000-05-13,97299.0,140579.0,33307.0,,,,
2000-05-14,97862.0,141098.0,33374.0,,,,
2000-05-15,98249.0,141135.0,33384.0,,,,
2000-05-16,98265.0,141153.0,33475.0,,,,
2000-05-17,98184.0,141098.0,33596.0,,,,
2000-05-18,97750.0,140801.0,33572.0,,,,
2000-05-19,97798.0,141079.0,33611.0,,,,
2000-05-20,98023.0,141005.0,33944.0,,,,
2000-05-21,97975.0,140968.0,34179.0,,,,
2000-05-22,97943.0,140931.0,34379.0,,,,
2000-05-23,98168.0,140950.0,34433.0,,,,
2000-05-24,99295.0,140987.0,34473.0,,,,
2000-05-25,100083.0,141709.0,35011.0,,,,
2000-05-26,100212.0,141746.0,35016.0,,,,
2000-05-27,99826.0,141746.0,34996.0,,,,
2000-05-28,99327.0,141394.0,34956.0,,,,
2000-05-29,98925.0,141394.0,34868.0,,,,
2000-05-30,98410.0,141061.0,34739.0,,,,
2000-05-31,98007.0,140931.0,34759.0,,,,
2000-06-01,97589.0,140801.0,34665.0,,,,
2000-06-02,97267.0,140375.0,34528.0,,,,
2000-06-03,96929.0,140412.0,34528.0,,,,
2000-06-04,96704.0,140135.0,34438.0,,,,
2000-06-05,96334.0,140190.0,34389.0,,,,
2000-06-06,96285.0,140079.0,34374.0,,,,
2000-06-07,96575.0,141506.0,35404.0,,,,
2000-06-08,97154.0,141783.0,35269.0,,,,
2000-06-09,97218.0,141617.0,35175.0,,,,
2000-06-10,97041.0,141338.0,35011.0,,,,
2000-06-11,96977.0,141320.0,34808.0,,,,
2000-06-12,97251.0,141412.0,34739.0,,,,
2000-06-13,97734.0,141486.0,34715.0,,,,
2000-06-14,97975.0,141486.0,34650.0,,,,
2000-06-15,98023.0,141375.0,34616.0,,,,
2000-06-16,98104.0,141227.0,34528.0,,,,
2000-06-17,97911.0,141246.0,34404.0,,,,
2000-06-18,97750.0,141264.0,34214.0,,,,
2000-06-19,97895.0,141209.0,34077.0,,,,
2000-06-20,97685.0,141116.0,34101.0,,,,
2000-06-21,97347.0,140838.0,34047.0,,,,
2000-06-22,97315.0,140876.0,34248.0,,,,
2000-06-23,97476.0,140913.0,34272.0,,,,
2000-06-24,97315.0,140801.0,34370.0,,,,
2000-06-25,96993.0,140523.0,34473.0,,,,
2000-06-26,96929.0,140505.0,34626.0,,,,
2000-06-27,96864.0,140412.0,34793.0,,,,
2000-06-28,96784.0,140727.0,34853.0,,,,
2000-06-29,96800.0,140301.0,34769.0,,,,
2000-06-30,96559.0,140264.0,34725.0,,,,
2000-07-01,96189.0,140043.0,34660.0,,,,
2000-07-02,95963.0,139987.0,34650.0,,,,
2000-07-03,95754.0,139546.0,34606.0,,,,
2000-07-04,95722.0,139455.0,34655.0,,,,
2000-07-05,95738.0,139216.0,34700.0,,,,
2000-07-06,95523.0,138885.0,34582.0,,,,
2000-07-07,95341.0,138700.0,34616.0,,,,
2000-07-08,95143.0,138259.0,34458.0,,,,
2000-07-09,94930.0,137730.0,34487.0,,,,
2000-07-10,94626.0,137346.0,34497.0,,,,
2000-07-11,94398.0,137528.0,34389.0,,,,
2000-07-12,93942.0,137310.0,34374.0,,,,
2000-07-13,93790.0,137054.0,34325.0,,,,
2000-07-14,93516.0,136818.0,34296.0,,,,
2000-07-15,93303.0,136581.0,34399.0,,,,
2000-07-16,93516.0,137310.0,35429.0,,,,
2000-07-17,93713.0,137857.0,35389.0,,,,
2000-07-18,93774.0,138149.0,35224.0,,,,
2000-07-19,93866.0,138205.0,35165.0,,,,
2000-07-20,93957.0,138351.0,35060.0,,,,
2000-07-21,93881.0,138296.0,34946.0,,,,
2000-07-22,93820.0,138461.0,34887.0,,,,
2000-07-23,93561.0,138461.0,34759.0,,,,
2000-07-24,93379.0,138406.0,34528.0,,,,
2000-07-25,93288.0,138425.0,34438.0,,,,
2000-07-26,93257.0,138535.0,34384.0,,,,
2000-07-27,93212.0,138572.0,34267.0,,,,
2000-07-28,93303.0,138590.0,34286.0,,,,
2000-07-29,93318.0,138848.0,34399.0,,,,
2000-07-30,93364.0,138700.0,34567.0,,,,
2000-07-31,93272.0,138756.0,34684.0,,,,
2000-08-01,93333.0,138498.0,34764.0,,,,
2000-08-02,93348.0,138351.0,34744.0,,,,
2000-08-03,93348.0,138040.0,34626.0,,,,
2000-08-04,93348.0,138094.0,34538.0,,,,
2000-08-05,93288.0,138003.0,34448.0,,,,
2000-08-06,93227.0,137912.0,34316.0,,,,
2000-08-07,93151.0,138205.0,34228.0,,,,
2000-08-08,93120.0,138076.0,34106.0,,,,
2000-08-09,93120.0,137748.0,34023.0,,,,
2000-08-10,93014.0,137875.0,33876.0,,,,
2000-08-11,92603.0,137657.0,33736.0,,,,
2000-08-12,92086.0,137583.0,33577.0,,,,
2000-08-13,92162.0,137784.0,33470.0,,,,
2000-08-14,92177.0,137784.0,33341.0,,,,
2000-08-15,92223.0,138223.0,33336.0,,,,
2000-08-16,92116.0,138296.0,33149.0,,,,
2000-08-17,92025.0,138186.0,33024.0,,,,
2000-08-18,91903.0,138186.0,32857.0,,,,
2000-08-19,91614.0,138094.0,32600.0,,,,
2000-08-20,91416.0,138351.0,32425.0,,,,
2000-08-21,91157.0,138480.0,32250.0,,,,
2000-08-22,90777.0,138351.0,32075.0,,,,
2000-08-23,90458.0,138351.0,32099.0,,,,
2000-08-24,90290.0,138113.0,31775.0,,,,
2000-08-25,89956.0,137912.0,31686.0,,,,
2000-08-26,89621.0,137839.0,31504.0,,,,
2000-08-27,89317.0,137565.0,31271.0,,,,
2000-08-28,89165.0,137236.0,31122.0,,,,
2000-08-29,88906.0,137072.0,31039.0,,,,
2000-08-30,88693.0,136872.0,31058.0,,,,
2000-08-31,88389.0,136581.0,30966.0,,,,
2000-09-01,88042.0,136290.0,30845.0,,,,
2000-09-02,87681.0,136036.0,30634.0,,,,
2000-09-03,87334.0,135674.0,30680.0,,,,
2000-09-04,86987.0,135294.0,30762.0,,,,
2000-09-05,86626.0,134750.0,30831.0,,,,
2000-09-06,86308.0,134210.0,30854.0,,,,
2000-09-07,86193.0,134030.0,30914.0,,,,
2000-09-08,85904.0,133545.0,30919.0,,,,
2000-09-09,85297.0,133114.0,30873.0,,,,
2000-09-10,84877.0,132541.0,30873.0,,,,
2000-09-11,84516.0,132326.0,30850.0,,,,
2000-09-12,84169.0,131898.0,30841.0,,,,
2000-09-13,84198.0,132004.0,31155.0,,,,
2000-09-14,84154.0,131862.0,31508.0,,,,
2000-09-15,84299.0,131773.0,31710.0,,,,
2000-09-16,84198.0,131791.0,31747.0,,,,
2000-09-17,84010.0,131452.0,31775.0,,,,
2000-09-18,83807.0,131149.0,31789.0,,,,
2000-09-19,83721.0,131238.0,31878.0,,,,
2000-09-20,83620.0,130723.0,31958.0,,,,
2000-09-21,83273.0,130475.0,31789.0,,,,
2000-09-22,83128.0,130156.0,31625.0,,,,
2000-09-23,82868.0,129837.0,31615.0,,,,
2000-09-24,82579.0,129536.0,31583.0,,,,
2000-09-25,82160.0,128849.0,31546.0,,,,
2000-09-26,81669.0,128585.0,31513.0,,,,
2000-09-27,81423.0,128322.0,31466.0,,,,
2000-09-28,81192.0,127811.0,31461.0,,,,
2000-09-29,80932.0,127565.0,31391.0,,,,
2000-09-30,80682.0,126971.0,31332.0,,,,
2000-10-01,80405.0,126568.0,31248.0,,,,
2000-10-02,80184.0,126272.0,31169.0,,,,
2000-10-03,79935.0,125783.0,31132.0,,,,
2000-10-04,79769.0,125505.0,31058.0,,,,
2000-10-05,79714.0,125019.0,30905.0,,,,
2000-10-06,80004.0,124863.0,30873.0,,,,
2000-10-07,80267.0,124828.0,30804.0,,,,
2000-10-08,80350.0,124585.0,30744.0,,,,
2000-10-09,80378.0,124239.0,30616.0,,,,
2000-10-10,80447.0,123790.0,30478.0,,,,
2000-10-11,80516.0,123566.0,30447.0,,,,
2000-10-12,80447.0,123170.0,30310.0,,,,
2000-10-13,80460.0,122946.0,30191.0,,,,
2000-10-14,80488.0,122722.0,30128.0,,,,
2000-10-15,80391.0,122258.0,29941.0,,,,
2000-10-16,80295.0,121985.0,29819.0,,,,
2000-10-17,80101.0,121540.0,29747.0,,,,
2000-10-18,80295.0,121591.0,29620.0,,,,
2000-10-19,80751.0,121591.0,29656.0,,,,
2000-10-20,81105.0,121402.0,29575.0,,,,
2000-10-21,81438.0,121231.0,29509.0,,,,
2000-10-22,81755.0,120924.0,29459.0,,,,
2000-10-23,81958.0,120838.0,29347.0,,,,
2000-10-24,82160.0,120599.0,29275.0,,,,
2000-10-25,82333.0,120225.0,29146.0,,,,
2000-10-26,82521.0,119987.0,29057.0,,,,
2000-10-27,82651.0,119885.0,28937.0,,,,
2000-10-28,82868.0,119801.0,28773.0,,,,
2000-10-29,82969.0,119070.0,28614.0,,,,
2000-10-30,82998.0,118799.0,28399.0,,,,
2000-10-31,83099.0,118664.0,28220.0,,,,
2000-11-01,83056.0,118411.0,28105.0,,,,
2000-11-02,83056.0,117804.0,27839.0,,,,
2000-11-03,82984.0,117619.0,27520.0,,,,
2000-11-04,82883.0,117383.0,27300.0,,,,
2000-11-05,82854.0,116964.0,27018.0,,,,
2000-11-06,82738.0,116646.0,26727.0,,,,
2000-11-07,82593.0,116076.0,26427.0,,,,
2000-11-08,82565.0,115959.0,26190.0,,,,
2000-11-09,82550.0,115525.0,25946.0,,,,
2000-11-10,82767.0,115243.0,25729.0,,,,
2000-11-11,83085.0,114961.0,25612.0,,,,
2000-11-12,83287.0,114694.0,25424.0,,,,
2000-11-13,83461.0,114213.0,25193.0,,,,
2000-11-14,83620.0,114113.0,24932.0,,,,
2000-11-15,83880.0,113881.0,24809.0,,,,
2000-11-16,84097.0,113683.0,24625.0,,,,
2000-11-17,84313.0,113486.0,24405.0,,,,
2000-11-18,84473.0,113189.0,24197.0,,,,
2000-11-19,84704.0,112843.0,23914.0,,,,
2000-11-20,84863.0,112745.0,23733.0,,,,
2000-11-21,85138.0,112398.0,23481.0,,,,
2000-11-22,85268.0,112135.0,23298.0,,,,
2000-11-23,85412.0,111971.0,23052.0,,,,
2000-11-24,85557.0,111644.0,23000.0,,,,
2000-11-25,85701.0,111284.0,23044.0,,,,
2000-11-26,85904.0,110778.0,23100.0,,,,
2000-11-27,86250.0,110974.0,23238.0,,,,
2000-11-28,86438.0,110680.0,23338.0,,,,
2000-11-29,86655.0,110387.0,23405.0,,,,
2000-11-30,86915.0,110192.0,23597.0,,,,
2000-12-01,87204.0,109916.0,23685.0,,,,
2000-12-02,87334.0,109738.0,23753.0,,,,
2000-12-03,87479.0,109202.0,23797.0,,,,
2000-12-04,87666.0,109056.0,23817.0,,,,
2000-12-05,87782.0,108765.0,23882.0,,,,
2000-12-06,87956.0,108282.0,23951.0,,,,
2000-12-07,88146.0,108217.0,23991.0,,,,
2000-12-08,88252.0,107847.0,23999.0,,,,
2000-12-09,88283.0,107589.0,24055.0,,,,
2000-12-10,88526.0,107204.0,24140.0,,,,
2000-12-11,88739.0,106932.0,24165.0,,,,
2000-12-12,88921.0,106692.0,24259.0,,,,
2000-12-13,89180.0,106564.0,24331.0,,,,
2000-12-14,89332.0,106148.0,24323.0,,,,
2000-12-15,89484.0,105796.0,24311.0,,,,
2000-12-16,89712.0,105478.0,24385.0,,,,
2000-12-17,90229.0,105701.0,24409.0,,,,
2000-12-18,95189.0,112613.0,27770.0,,,,
2000-12-19,97830.0,115194.0,28228.0,,,,
2000-12-20,98539.0,116311.0,28425.0,,,,
2000-12-21,98587.0,116964.0,28535.0,,,,
2000-12-22,98362.0,117266.0,28694.0,,,,
2000-12-23,98056.0,117635.0,28835.0,,,,
2000-12-24,97750.0,117602.0,28994.0,,,,
2000-12-25,97557.0,117702.0,29026.0,,,,
2000-12-26,97331.0,117551.0,29066.0,,,,
2000-12-27,97267.0,117585.0,29222.0,,,,
2000-12-28,97138.0,117451.0,29360.0,,,,
2000-12-29,97058.0,117585.0,29423.0,,,,
2000-12-30,97396.0,117451.0,29558.0,,,,
2000-12-31,97476.0,117400.0,29656.0,,,,
2001-01-01,97396.0,117249.0,29733.0,,,,
2001-01-02,97363.0,116981.0,29814.0,,,,
2001-01-03,97041.0,116796.0,29860.0,,,,
2001-01-04,96527.0,116578.0,29928.0,,,,
2001-01-05,96350.0,116545.0,30013.0,,,,
2001-01-06,96205.0,116261.0,30132.0,,,,
2001-01-07,96092.0,115993.0,30177.0,,,,
2001-01-08,95996.0,115608.0,30259.0,,,,
2001-01-09,95851.0,115459.0,30301.0,,,,
2001-01-10,95706.0,115227.0,30346.0,,,,
2001-01-11,95554.0,114895.0,30328.0,,,,
2001-01-12,95417.0,114578.0,30456.0,,,,
2001-01-13,95174.0,114097.0,30529.0,,,,
2001-01-14,94885.0,113964.0,30542.0,,,,
2001-01-15,94626.0,113700.0,30612.0,,,,
2001-01-16,94322.0,113305.0,30661.0,,,,
2001-01-17,94002.0,113024.0,30661.0,,,,
2001-01-18,93683.0,112745.0,30721.0,,,,
2001-01-19,93607.0,112431.0,30730.0,,,,
2001-01-20,93394.0,112070.0,30795.0,,,,
2001-01-21,93075.0,111644.0,30854.0,,,,
2001-01-22,92649.0,111447.0,30877.0,,,,
2001-01-23,92329.0,111089.0,30873.0,,,,
2001-01-24,91842.0,110533.0,30910.0,,,,
2001-01-25,91568.0,110322.0,30961.0,,,,
2001-01-26,90777.0,110160.0,30980.0,,,,
2001-01-27,90488.0,109819.0,30980.0,,,,
2001-01-28,90093.0,109267.0,30947.0,,,,
2001-01-29,89697.0,109024.0,31012.0,,,,
2001-01-30,89317.0,108540.0,30952.0,,,,
2001-01-31,89134.0,108653.0,31007.0,,,,
2001-02-01,89073.0,108508.0,31026.0,,,,
2001-02-02,88784.0,108427.0,30952.0,,,,
2001-02-03,88435.0,108088.0,30891.0,,,,
2001-02-04,88237.0,107959.0,30845.0,,,,
2001-02-05,88013.0,107653.0,30758.0,,,,
2001-02-06,87883.0,107637.0,30749.0,,,,
2001-02-07,87797.0,107541.0,30698.0,,,,
2001-02-08,87493.0,107268.0,30661.0,,,,
2001-02-09,87479.0,107060.0,30621.0,,,,
2001-02-10,87753.0,106868.0,30693.0,,,,
2001-02-11,89058.0,107460.0,30762.0,,,,
2001-02-12,89530.0,107573.0,30758.0,,,,
2001-02-13,89925.0,107605.0,30822.0,,,,
2001-02-14,90488.0,107798.0,30887.0,,,,
2001-02-15,91066.0,108217.0,30970.0,,,,
2001-02-16,92314.0,108298.0,31030.0,,,,
2001-02-17,92770.0,108443.0,31104.0,,,,
2001-02-18,92983.0,108524.0,31150.0,,,,
2001-02-19,93303.0,108411.0,31132.0,,,,
2001-02-20,93485.0,108363.0,31229.0,,,,
2001-02-21,93805.0,108347.0,31313.0,,,,
2001-02-22,93896.0,108298.0,31304.0,,,,
2001-02-23,94018.0,108185.0,31354.0,,,,
2001-02-24,94170.0,107863.0,31420.0,,,,
2001-02-25,94307.0,107814.0,31494.0,,,,
2001-02-26,94444.0,107573.0,31620.0,,,,
2001-02-27,94793.0,107831.0,31644.0,,,,
2001-02-28,94946.0,107718.0,31724.0,,,,
2001-03-01,94976.0,107573.0,31775.0,,,,
2001-03-02,95098.0,107220.0,31855.0,,,,
2001-03-03,95082.0,107108.0,31892.0,,,,
2001-03-04,95143.0,106932.0,31958.0,,,,
2001-03-05,95204.0,106948.0,32061.0,,,,
2001-03-06,95341.0,106948.0,32103.0,,,,
2001-03-07,95295.0,106564.0,32160.0,,,,
2001-03-08,95371.0,106484.0,32085.0,,,,
2001-03-09,95311.0,106388.0,31860.0,,,,
2001-03-10,95326.0,106212.0,31873.0,,,,
2001-03-11,95158.0,106116.0,31868.0,,,,
2001-03-12,95128.0,105748.0,31878.0,,,,
2001-03-13,95128.0,105717.0,31878.0,,,,
2001-03-14,95174.0,105653.0,31976.0,,,,
2001-03-15,95326.0,105558.0,31995.0,,,,
2001-03-16,95493.0,105415.0,31939.0,,,,
2001-03-17,95600.0,105383.0,31962.0,,,,
2001-03-18,95584.0,105462.0,32042.0,,,,
2001-03-19,95676.0,105510.0,32090.0,,,,
2001-03-20,95569.0,105462.0,32146.0,,,,
2001-03-21,95615.0,105605.0,32208.0,,,,
2001-03-22,95947.0,105860.0,32339.0,,,,
2001-03-23,96414.0,106244.0,32562.0,,,,
2001-03-24,96575.0,106580.0,32643.0,,,,
2001-03-25,96720.0,106932.0,32771.0,,,,
2001-03-26,96671.0,107092.0,32834.0,,,,
2001-03-27,96736.0,107236.0,32972.0,,,,
2001-03-28,96848.0,107412.0,33038.0,,,,
2001-03-29,96913.0,107702.0,33134.0,,,,
2001-03-30,97041.0,108266.0,33245.0,,,,
2001-03-31,98104.0,109105.0,33625.0,,,,
2001-04-01,98297.0,109948.0,33804.0,,,,
2001-04-02,98217.0,110811.0,33974.0,,,,
2001-04-03,97846.0,111415.0,34013.0,,,,
2001-04-04,97557.0,111939.0,34057.0,,,,
2001-04-05,97347.0,112398.0,34121.0,,,,
2001-04-06,97524.0,113453.0,34224.0,,,,
2001-04-07,97959.0,114545.0,34453.0,,,,
2001-04-08,98844.0,116144.0,34774.0,,,,
2001-04-09,99939.0,118512.0,35070.0,,,,
2001-04-10,101420.0,122773.0,35553.0,,,,
2001-04-11,102434.0,127023.0,35458.0,,,,
2001-04-12,101919.0,130404.0,35344.0,,,,
2001-04-13,101693.0,134264.0,35399.0,,,,
2001-04-14,101307.0,137730.0,35443.0,,,,
2001-04-15,100631.0,140505.0,35319.0,,,,
2001-04-16,99890.0,141412.0,35294.0,,,,
2001-04-17,99376.0,141561.0,35234.0,,,,
2001-04-18,98893.0,141431.0,35175.0,,,,
2001-04-19,98297.0,140987.0,35135.0,,,,
2001-04-20,98474.0,140634.0,35100.0,,,,
2001-04-21,98217.0,140375.0,35080.0,,,,
2001-04-22,98104.0,140338.0,35165.0,,,,
2001-04-23,97766.0,140449.0,35150.0,,,,
2001-04-24,97718.0,140505.0,35150.0,,,,
2001-04-25,97589.0,140264.0,35130.0,,,,
2001-04-26,97508.0,140246.0,35090.0,,,,
2001-04-27,97347.0,140024.0,35026.0,,,,
2001-04-28,97186.0,139730.0,35016.0,,,,
2001-04-29,97202.0,139418.0,34887.0,,,,
2001-04-30,97090.0,139160.0,34774.0,,,,
2001-05-01,96993.0,139050.0,34665.0,,,,
2001-05-02,96864.0,138664.0,34650.0,,,,
2001-05-03,96623.0,138351.0,34572.0,,,,
2001-05-04,96430.0,138149.0,34463.0,,,,
2001-05-05,96237.0,137857.0,34384.0,,,,
2001-05-06,96269.0,137657.0,34306.0,,,,
2001-05-07,96205.0,137181.0,34189.0,,,,
2001-05-08,96237.0,136763.0,34155.0,,,,
2001-05-09,96205.0,136636.0,34023.0,,,,
2001-05-10,96124.0,136272.0,33867.0,,,,
2001-05-11,96092.0,135982.0,33713.0,,,,
2001-05-12,95706.0,135801.0,33568.0,,,,
2001-05-13,95402.0,135203.0,33529.0,,,,
2001-05-14,95234.0,134805.0,33485.0,,,,
2001-05-15,94809.0,134390.0,33283.0,,,,
2001-05-16,94444.0,133887.0,33086.0,,,,
2001-05-17,93926.0,133455.0,32914.0,,,,
2001-05-18,93409.0,133078.0,32719.0,,,,
2001-05-19,92892.0,132541.0,32596.0,,,,
2001-05-20,92329.0,132093.0,32386.0,,,,
2001-05-21,91675.0,131719.0,32274.0,,,,
2001-05-22,91523.0,131274.0,32232.0,,,,
2001-05-23,91568.0,130954.0,32094.0,,,,
2001-05-24,91523.0,130670.0,32047.0,,,,
2001-05-25,91523.0,130369.0,31939.0,,,,
2001-05-26,91431.0,130014.0,31761.0,,,,
2001-05-27,91431.0,129837.0,31873.0,,,,
2001-05-28,91553.0,129571.0,32037.0,,,,
2001-05-29,91705.0,129483.0,32108.0,,,,
2001-05-30,91690.0,129359.0,32165.0,,,,
2001-05-31,91781.0,128919.0,32198.0,,,,
2001-06-01,91827.0,128673.0,32232.0,,,,
2001-06-02,92101.0,128357.0,32377.0,,,,
2001-06-03,92207.0,128849.0,32795.0,,,,
2001-06-04,92207.0,129060.0,33101.0,,,,
2001-06-05,92527.0,129849.0,33235.0,,,,
2001-06-06,92847.0,129112.0,33408.0,,,,
2001-06-07,93059.0,129130.0,33485.0,,,,
2001-06-08,92877.0,129359.0,33553.0,,,,
2001-06-09,92923.0,129394.0,33611.0,,,,
2001-06-10,92710.0,129430.0,33654.0,,,,
2001-06-11,92573.0,129642.0,33708.0,,,,
2001-06-12,92497.0,129571.0,33770.0,,,,
2001-06-13,92344.0,129377.0,33620.0,,,,
2001-06-14,91994.0,128989.0,33441.0,,,,
2001-06-15,91690.0,128937.0,33278.0,,,,
2001-06-16,90838.0,128655.0,33057.0,,,,
2001-06-17,90747.0,129042.0,33616.0,,,,
2001-06-18,90731.0,129465.0,34243.0,,,,
2001-06-19,90473.0,129678.0,34135.0,,,,
2001-06-20,90047.0,129837.0,33920.0,,,,
2001-06-21,89804.0,129943.0,33649.0,,,,
2001-06-22,89773.0,129961.0,33283.0,,,,
2001-06-23,89819.0,130191.0,32995.0,,,,
2001-06-24,90032.0,130457.0,32919.0,,,,
2001-06-25,90108.0,130741.0,32838.0,,,,
2001-06-26,90047.0,130830.0,32747.0,,,,
2001-06-27,89986.0,130972.0,32643.0,,,,
2001-06-28,89834.0,131167.0,32510.0,,,,
2001-06-29,89575.0,130777.0,32307.0,,,,
2001-06-30,89302.0,130422.0,32137.0,,,,
2001-07-01,89165.0,129908.0,32023.0,,,,
2001-07-02,88967.0,129678.0,32014.0,,,,
2001-07-03,88967.0,129306.0,31761.0,,,,
2001-07-04,88906.0,129025.0,31672.0,,,,
2001-07-05,88906.0,128708.0,31583.0,,,,
2001-07-06,88921.0,128233.0,31443.0,,,,
2001-07-07,88663.0,127723.0,31243.0,,,,
2001-07-08,88602.0,127320.0,31090.0,,,,
2001-07-09,88541.0,127128.0,30975.0,,,,
2001-07-10,88480.0,126726.0,30822.0,,,,
2001-07-11,88374.0,126132.0,30644.0,,,,
2001-07-12,88343.0,125783.0,30451.0,,,,
2001-07-13,88013.0,125314.0,30273.0,,,,
2001-07-14,87522.0,124846.0,30164.0,,,,
2001-07-15,87074.0,124447.0,29964.0,,,,
2001-07-16,86756.0,124031.0,29865.0,,,,
2001-07-17,86352.0,123756.0,29760.0,,,,
2001-07-18,86063.0,123187.0,29607.0,,,,
2001-07-19,85571.0,122756.0,29446.0,,,,
2001-07-20,85094.0,122429.0,29477.0,,,,
2001-07-21,84212.0,121660.0,29473.0,,,,
2001-07-22,83432.0,121248.0,29297.0,,,,
2001-07-23,82825.0,120855.0,29133.0,,,,
2001-07-24,82232.0,120582.0,29030.0,,,,
2001-07-25,81625.0,119818.0,28870.0,,,,
2001-07-26,80975.0,119699.0,28778.0,,,,
2001-07-27,80253.0,119240.0,28592.0,,,,
2001-07-28,79465.0,118951.0,28403.0,,,,
2001-07-29,78678.0,118411.0,28224.0,,,,
2001-07-30,78056.0,117922.0,28014.0,,,,
2001-07-31,77324.0,117484.0,27892.0,,,,
2001-08-01,76661.0,116930.0,27792.0,,,,
2001-08-02,76053.0,116562.0,27507.0,,,,
2001-08-03,75348.0,116026.0,27215.0,,,,
2001-08-04,74602.0,115542.0,26914.0,,,,
2001-08-05,73887.0,115194.0,26672.0,,,,
2001-08-06,73185.0,114678.0,26452.0,,,,
2001-08-07,72510.0,114296.0,26232.0,,,,
2001-08-08,71914.0,113700.0,26051.0,,,,
2001-08-09,71331.0,113173.0,25813.0,,,,
2001-08-10,70563.0,112563.0,25542.0,,,,
2001-08-11,69781.0,112168.0,25366.0,,,,
2001-08-12,69000.0,111889.0,25201.0,,,,
2001-08-13,68364.0,111480.0,25138.0,,,,
2001-08-14,67675.0,110925.0,24998.0,,,,
2001-08-15,66948.0,110469.0,24924.0,,,,
2001-08-16,66248.0,109786.0,24838.0,,,,
2001-08-17,65650.0,109380.0,24699.0,,,,
2001-08-18,64899.0,108943.0,24556.0,,,,
2001-08-19,64198.0,108476.0,24430.0,,,,
2001-08-20,63536.0,108040.0,24360.0,,,,
2001-08-21,62734.0,107573.0,24218.0,,,,
2001-08-22,62033.0,107124.0,24063.0,,,,
2001-08-23,61320.0,106724.0,23914.0,,,,
2001-08-24,60488.0,106340.0,23797.0,,,,
2001-08-25,59560.0,105844.0,23637.0,,,,
2001-08-26,58668.0,105241.0,23561.0,,,,
2001-08-27,57801.0,104779.0,23437.0,,,,
2001-08-28,56983.0,104272.0,23302.0,,,,
2001-08-29,55994.0,103846.0,23302.0,,,,
2001-08-30,55018.0,103137.0,23171.0,,,,
2001-08-31,54031.0,102775.0,22976.0,,,,
2001-09-01,53214.0,102492.0,22783.0,,,,
2001-09-02,52409.0,101789.0,22615.0,,,,
2001-09-03,51592.0,101538.0,22466.0,,,,
2001-09-04,50986.0,101164.0,22431.0,,,,
2001-09-05,50297.0,100652.0,22271.0,,,,
2001-09-06,49445.0,100249.0,22105.0,,,,
2001-09-07,48726.0,99939.0,21919.0,,,,
2001-09-08,47703.0,99336.0,21692.0,,,,
2001-09-09,46858.0,98813.0,21484.0,,,,
2001-09-10,46112.0,98245.0,21253.0,,,,
2001-09-11,45456.0,97801.0,21070.0,,,,
2001-09-12,44800.0,97328.0,20840.0,,,,
2001-09-13,44122.0,96810.0,20600.0,,,,
2001-09-14,43622.0,96385.0,20428.0,,,,
2001-09-15,42815.0,96159.0,20399.0,,,,
2001-09-16,41953.0,95690.0,20187.0,,,,
2001-09-17,41312.0,95040.0,19942.0,,,,
2001-09-18,40430.0,94531.0,19719.0,,,,
2001-09-19,39484.0,94051.0,19482.0,,,,
2001-09-20,38402.0,93662.0,19231.0,,,,
2001-09-21,37549.0,93258.0,19122.0,,,,
2001-09-22,37004.0,92813.0,19007.0,,,,
2001-09-23,36360.0,92264.0,18832.0,,,,
2001-09-24,36092.0,91806.0,18643.0,,,,
2001-09-25,36003.0,91482.0,18611.0,,,,
2001-09-26,35786.0,91423.0,18811.0,,,,
2001-09-27,35518.0,91100.0,18672.0,,,,
2001-09-28,35172.0,90569.0,18547.0,,,,
2001-09-29,34686.0,90059.0,18533.0,,,,
2001-09-30,34052.0,89855.0,18551.0,,,,
2001-10-01,33368.0,89199.0,18544.0,,,,
2001-10-02,32648.0,88893.0,18562.0,,,,
2001-10-03,32027.0,88533.0,18572.0,,,,
2001-10-04,31267.0,87969.0,18398.0,,,,
2001-10-05,30386.0,87524.0,18261.0,,,,
2001-10-06,29385.0,87095.0,18070.0,,,,
2001-10-07,28671.0,86480.0,17830.0,,,,
2001-10-08,27945.0,86208.0,17574.0,,,,
2001-10-09,27162.0,85512.0,17342.0,,,,
2001-10-10,26345.0,85101.0,17096.0,,,,
2001-10-11,25545.0,84594.0,16864.0,,,,
2001-10-12,24694.0,84145.0,16641.0,,,,
2001-10-13,23823.0,83597.0,16407.0,,,,
2001-10-14,23072.0,83401.0,16404.0,,,,
2001-10-15,22322.0,82997.0,16420.0,,,,
2001-10-16,21649.0,82663.0,16424.0,,,,
2001-10-17,20891.0,82037.0,16447.0,,,,
2001-10-18,20168.0,81636.0,16420.0,,,,
2001-10-19,19465.0,81374.0,16146.0,,,,
2001-10-20,18761.0,80906.0,15867.0,,,,
2001-10-21,17966.0,80465.0,15857.0,,,,
2001-10-22,17172.0,80028.0,15854.0,,,,
2001-10-23,16255.0,79469.0,15551.0,,,,
2001-10-24,15451.0,79128.0,15241.0,,,,
2001-10-25,14518.0,78789.0,14923.0,,,,
2001-10-26,13708.0,78235.0,14589.0,,,,
2001-10-27,13011.0,77789.0,14262.0,,,,
2001-10-28,12257.0,77212.0,13936.0,,,,
2001-10-29,11475.0,76662.0,13607.0,,,,
2001-10-30,10726.0,75984.0,13559.0,,,,
2001-10-31,10269.0,75241.0,13358.0,,,,
2001-11-01,9787.0,74675.0,13147.0,,,,
2001-11-02,9299.0,73901.0,12960.0,,,,
2001-11-03,8816.0,73445.0,12775.0,,,,
2001-11-04,8374.0,72626.0,12568.0,,,,
2001-11-05,7950.0,72033.0,12560.0,,,,
2001-11-06,7567.0,71211.0,12551.0,,,,
2001-11-07,7288.0,70485.0,12537.0,,,,
2001-11-08,7075.0,69801.0,12522.0,,,,
2001-11-09,6765.0,68920.0,12520.0,,,,
2001-11-10,6521.0,67933.0,12511.0,,,,
2001-11-11,6330.0,67188.0,12482.0,,,,
2001-11-12,6129.0,66252.0,12511.0,,,,
2001-11-13,5952.0,65507.0,12508.0,,,,
2001-11-14,5816.0,64583.0,12479.0,,,,
2001-11-15,5571.0,63629.0,12488.0,,,,
2001-11-16,5379.0,62827.0,12488.0,,,,
2001-11-17,5100.0,62066.0,12453.0,,,,
2001-11-18,4881.0,61156.0,12320.0,,,,
2001-11-19,4666.0,60346.0,12187.0,,,,
2001-11-20,4425.0,59565.0,12057.0,,,,
2001-11-21,4180.0,58709.0,11913.0,,,,
2001-11-22,3946.0,57926.0,11806.0,,,,
2001-11-23,3699.0,56978.0,11656.0,,,,
2001-11-24,3446.0,56082.0,11515.0,,,,
2001-11-25,3284.0,55337.0,11394.0,,,,
2001-11-26,3245.0,54686.0,11336.0,,,,
2001-11-27,3294.0,53859.0,11276.0,,,,
2001-11-28,3355.0,53325.0,11172.0,,,,
2001-11-29,3414.0,52729.0,11104.0,,,,
2001-11-30,3472.0,51915.0,11019.0,,,,
2001-12-01,3547.0,51280.0,11183.0,,,,
2001-12-02,3699.0,51215.0,11360.0,,,,
2001-12-03,3835.0,50726.0,11479.0,,,,
2001-12-04,3952.0,50412.0,11548.0,,,,
2001-12-05,4060.0,50292.0,11631.0,,,,
2001-12-06,4144.0,49979.0,11704.0,,,,
2001-12-07,4196.0,49537.0,11762.0,,,,
2001-12-08,4238.0,49096.0,11798.0,,,,
2001-12-09,4335.0,48679.0,11837.0,,,,
2001-12-10,4410.0,48124.0,11888.0,,,,
2001-12-11,4482.0,47711.0,11921.0,,,,
2001-12-12,4538.0,47351.0,11963.0,,,,
2001-12-13,4614.0,47002.0,12031.0,,,,
2001-12-14,4693.0,46676.0,12090.0,,,,
2001-12-15,4806.0,46310.0,12232.0,,,,
2001-12-16,4912.0,46436.0,12263.0,,,,
2001-12-17,5062.0,46467.0,12275.0,,,,
2001-12-18,5315.0,46540.0,12352.0,,,,
2001-12-19,5760.0,47034.0,12537.0,,,,
2001-12-20,6186.0,47150.0,12614.0,,,,
2001-12-21,6574.0,47340.0,12696.0,,,,
2001-12-22,6870.0,47584.0,12701.0,,,,
2001-12-23,7153.0,47837.0,12701.0,,,,
2001-12-24,7431.0,48071.0,12722.0,,,,
2001-12-25,7715.0,48317.0,12730.0,,,,
2001-12-26,7985.0,48295.0,12758.0,,,,
2001-12-27,8202.0,48231.0,12752.0,,,,
2001-12-28,8350.0,48242.0,12687.0,,,,
2001-12-29,8552.0,48103.0,12722.0,,,,
2001-12-30,8765.0,48359.0,12611.0,,,,
2001-12-31,8913.0,48433.0,12557.0,,,,
2002-01-01,9030.0,48285.0,12470.0,,,,
2002-01-02,9136.0,48156.0,12363.0,,,,
2002-01-03,9294.0,48145.0,12277.0,,,,
2002-01-04,9421.0,47848.0,12235.0,,,,
2002-01-05,9578.0,47701.0,12110.0,,,,
2002-01-06,9705.0,47520.0,12116.0,,,,
2002-01-07,9827.0,47182.0,12071.0,,,,
2002-01-08,9969.0,47034.0,12082.0,,,,
2002-01-09,10081.0,46876.0,12051.0,,,,
2002-01-10,10249.0,46939.0,11955.0,,,,
2002-01-11,10401.0,46729.0,11941.0,,,,
2002-01-12,10533.0,46373.0,11896.0,,,,
2002-01-13,10701.0,46487.0,11952.0,,,,
2002-01-14,10767.0,46708.0,11988.0,,,,
2002-01-15,10916.0,46404.0,12026.0,,,,
2002-01-16,11020.0,46352.0,12076.0,,,,
2002-01-17,11170.0,46215.0,12113.0,,,,
2002-01-18,11291.0,46173.0,12153.0,,,,
2002-01-19,11383.0,45849.0,12195.0,,,,
2002-01-20,11475.0,46037.0,12135.0,,,,
2002-01-21,11584.0,46089.0,12085.0,,,,
2002-01-22,11694.0,45828.0,12031.0,,,,
2002-01-23,11831.0,45787.0,11972.0,,,,
2002-01-24,11952.0,45579.0,11930.0,,,,
2002-01-25,12223.0,45745.0,11916.0,,,,
2002-01-26,12776.0,45870.0,11874.0,,,,
2002-01-27,13282.0,46142.0,11840.0,,,,
2002-01-28,13725.0,46634.0,11815.0,,,,
2002-01-29,14241.0,46624.0,11773.0,,,,
2002-01-30,14910.0,47150.0,11804.0,,,,
2002-01-31,16384.0,48178.0,11966.0,,,,
2002-02-01,17579.0,49074.0,11958.0,,,,
2002-02-02,19240.0,50313.0,12150.0,,,,
2002-02-03,20906.0,51565.0,12260.0,,,,
2002-02-04,22136.0,52674.0,12323.0,,,,
2002-02-05,22948.0,53104.0,12323.0,,,,
2002-02-06,23738.0,53469.0,12272.0,,,,
2002-02-07,24279.0,53771.0,12145.0,,,,
2002-02-08,25009.0,54004.0,12085.0,,,,
2002-02-09,25741.0,54193.0,11994.0,,,,
2002-02-10,26285.0,54271.0,11907.0,,,,
2002-02-11,27009.0,54989.0,11949.0,,,,
2002-02-12,28566.0,55968.0,12051.0,,,,
2002-02-13,29533.0,56648.0,12031.0,,,,
2002-02-14,30340.0,56955.0,11963.0,,,,
2002-02-15,30942.0,57344.0,11935.0,,,,
2002-02-16,31434.0,57446.0,11983.0,,,,
2002-02-17,31971.0,57767.0,12015.0,,,,
2002-02-18,32398.0,57881.0,12009.0,,,,
2002-02-19,32759.0,58052.0,11998.0,,,,
2002-02-20,32935.0,58190.0,12023.0,,,,
2002-02-21,33111.0,58294.0,12037.0,,,,
2002-02-22,33408.0,58364.0,12170.0,,,,
2002-02-23,33556.0,58490.0,12277.0,,,,
2002-02-24,33794.0,58548.0,12380.0,,,,
2002-02-25,33973.0,58720.0,12467.0,,,,
2002-02-26,34220.0,58743.0,12554.0,,,,
2002-02-27,34399.0,59009.0,12640.0,,,,
2002-02-28,34656.0,59066.0,12707.0,,,,
2002-03-01,34706.0,58997.0,12798.0,,,,
2002-03-02,34775.0,58962.0,12866.0,,,,
2002-03-03,35013.0,59112.0,12883.0,,,,
2002-03-04,35191.0,59577.0,13034.0,,,,
2002-03-05,35301.0,59891.0,13084.0,,,,
2002-03-06,35380.0,60147.0,13096.0,,,,
2002-03-07,35499.0,60439.0,13114.0,,,,
2002-03-08,35409.0,60991.0,13117.0,,,,
2002-03-09,35469.0,61179.0,13135.0,,,,
2002-03-10,35607.0,61652.0,13158.0,,,,
2002-03-11,35677.0,62172.0,13349.0,,,,
2002-03-12,35766.0,62480.0,13436.0,,,,
2002-03-13,35855.0,62851.0,13475.0,,,,
2002-03-14,35914.0,63174.0,13421.0,,,,
2002-03-15,36033.0,63593.0,13559.0,,,,
2002-03-16,36122.0,64087.0,13598.0,,,,
2002-03-17,36152.0,64438.0,13680.0,,,,
2002-03-18,36231.0,64958.0,13783.0,,,,
2002-03-19,36291.0,64982.0,13828.0,,,,
2002-03-20,36370.0,65311.0,13850.0,,,,
2002-03-21,36459.0,65408.0,13899.0,,,,
2002-03-22,36608.0,65910.0,13984.0,,,,
2002-03-23,36707.0,66118.0,13988.0,,,,
2002-03-24,36816.0,66571.0,14003.0,,,,
2002-03-25,36855.0,66941.0,14006.0,,,,
2002-03-26,37014.0,67101.0,14012.0,,,,
2002-03-27,38391.0,68071.0,14299.0,,,,
2002-03-28,41060.0,69399.0,14734.0,,,,
2002-03-29,42668.0,70575.0,14968.0,,,,
2002-03-30,44033.0,71365.0,15238.0,,,,
2002-03-31,45212.0,72445.0,15690.0,,,,
2002-04-01,46424.0,73419.0,16070.0,,,,
2002-04-02,47491.0,73993.0,16401.0,,,,
2002-04-03,48348.0,74491.0,16661.0,,,,
2002-04-04,49107.0,74925.0,16927.0,,,,
2002-04-05,49784.0,75453.0,17137.0,,,,
2002-04-06,50274.0,75666.0,17302.0,,,,
2002-04-07,50799.0,76263.0,17491.0,,,,
2002-04-08,51149.0,76770.0,17646.0,,,,
2002-04-09,51534.0,76890.0,17795.0,,,,
2002-04-10,51896.0,77078.0,17942.0,,,,
2002-04-11,52257.0,77320.0,18063.0,,,,
2002-04-12,52584.0,77360.0,18186.0,,,,
2002-04-13,52840.0,77561.0,18317.0,,,,
2002-04-14,53284.0,77977.0,18501.0,,,,
2002-04-15,53774.0,78735.0,18803.0,,,,
2002-04-16,54626.0,79496.0,19224.0,,,,
2002-04-17,55433.0,80110.0,19405.0,,,,
2002-04-18,56068.0,80657.0,19558.0,,,,
2002-04-19,56678.0,81071.0,19639.0,,,,
2002-04-20,57118.0,81512.0,19836.0,,,,
2002-04-21,57496.0,82065.0,19961.0,,,,
2002-04-22,57765.0,82343.0,20109.0,,,,
2002-04-23,57911.0,82385.0,20198.0,,,,
2002-04-24,58107.0,82677.0,20164.0,,,,
2002-04-25,58253.0,82761.0,20127.0,,,,
2002-04-26,58546.0,83192.0,20098.0,,,,
2002-04-27,58790.0,83583.0,20231.0,,,,
2002-04-28,58986.0,83710.0,20379.0,,,,
2002-04-29,59645.0,84355.0,20859.0,,,,
2002-04-30,60659.0,85017.0,21196.0,,,,
2002-05-01,61791.0,86251.0,21363.0,,,,
2002-05-02,63014.0,87266.0,21477.0,,,,
2002-05-03,63994.0,88345.0,21908.0,,,,
2002-05-04,64682.0,89199.0,22221.0,,,,
2002-05-05,65306.0,89942.0,22455.0,,,,
2002-05-06,65675.0,90687.0,22678.0,,,,
2002-05-07,66134.0,91144.0,22859.0,,,,
2002-05-08,66490.0,91629.0,23044.0,,,,
2002-05-09,66796.0,92219.0,23211.0,,,,
2002-05-10,67037.0,92397.0,23302.0,,,,
2002-05-11,67292.0,92679.0,23326.0,,,,
2002-05-12,67397.0,92784.0,23358.0,,,,
2002-05-13,67834.0,93527.0,23441.0,,,,
2002-05-14,69000.0,94516.0,23983.0,,,,
2002-05-15,70709.0,95886.0,24397.0,,,,
2002-05-16,71953.0,97176.0,24645.0,,,,
2002-05-17,72960.0,98030.0,24912.0,,,,
2002-05-18,73967.0,99075.0,25142.0,,,,
2002-05-19,75749.0,100497.0,25542.0,,,,
2002-05-20,77075.0,101633.0,25800.0,,,,
2002-05-21,78166.0,102601.0,26009.0,,,,
2002-05-22,79037.0,103326.0,26202.0,,,,
2002-05-23,79783.0,104161.0,26372.0,,,,
2002-05-24,80322.0,104923.0,26515.0,,,,
2002-05-25,80778.0,105494.0,26693.0,,,,
2002-05-26,81148.0,106036.0,26846.0,,,,
2002-05-27,81409.0,106436.0,26970.0,,,,
2002-05-28,81813.0,107525.0,27094.0,,,,
2002-05-29,82651.0,108201.0,27227.0,,,,
2002-05-30,82955.0,108765.0,27356.0,,,,
2002-05-31,83244.0,109218.0,27520.0,,,,
2002-06-01,83909.0,110241.0,27862.0,,,,
2002-06-02,84328.0,110843.0,28040.0,,,,
2002-06-03,84444.0,111154.0,28127.0,,,,
2002-06-04,84458.0,111694.0,28233.0,,,,
2002-06-05,84545.0,112152.0,28373.0,,,,
2002-06-06,84632.0,112695.0,28557.0,,,,
2002-06-07,86063.0,114031.0,28977.0,,,,
2002-06-08,86178.0,115559.0,29351.0,,,,
2002-06-09,86626.0,116595.0,29571.0,,,,
2002-06-10,86915.0,117467.0,29756.0,,,,
2002-06-11,87334.0,117905.0,29919.0,,,,
2002-06-12,87320.0,118613.0,30064.0,,,,
2002-06-13,87378.0,119291.0,30128.0,,,,
2002-06-14,87421.0,119580.0,30241.0,,,,
2002-06-15,87666.0,120021.0,30369.0,,,,
2002-06-16,88086.0,120718.0,30570.0,,,,
2002-06-17,88724.0,121282.0,30799.0,,,,
2002-06-18,89241.0,121780.0,30928.0,,,,
2002-06-19,89408.0,122104.0,31039.0,,,,
2002-06-20,89393.0,122498.0,31053.0,,,,
2002-06-21,89210.0,122705.0,31122.0,,,,
2002-06-22,89043.0,122722.0,31202.0,,,,
2002-06-23,88769.0,123067.0,31202.0,,,,
2002-06-24,88769.0,123549.0,31266.0,,,,
2002-06-25,88480.0,123462.0,31211.0,,,,
2002-06-26,88115.0,123411.0,31127.0,,,,
2002-06-27,87826.0,123445.0,31039.0,,,,
2002-06-28,87508.0,123497.0,30928.0,,,,
2002-06-29,87435.0,123566.0,30813.0,,,,
2002-06-30,87204.0,123756.0,30758.0,,,,
2002-07-01,86915.0,123635.0,30630.0,,,,
2002-07-02,86568.0,123497.0,30451.0,,,,
2002-07-03,86091.0,123170.0,30350.0,,,,
2002-07-04,85600.0,122722.0,30200.0,,,,
2002-07-05,85253.0,122429.0,30068.0,,,,
2002-07-06,84704.0,121985.0,29946.0,,,,
2002-07-07,84299.0,121660.0,29814.0,,,,
2002-07-08,83836.0,121265.0,29638.0,,,,
2002-07-09,83374.0,120821.0,29527.0,,,,
2002-07-10,82940.0,120293.0,29338.0,,,,
2002-07-11,82550.0,119665.0,29231.0,,,,
2002-07-12,82102.0,119359.0,29114.0,,,,
2002-07-13,81495.0,118917.0,28884.0,,,,
2002-07-14,80932.0,118495.0,28760.0,,,,
2002-07-15,80488.0,118158.0,28685.0,,,,
2002-07-16,80101.0,117635.0,28539.0,,,,
2002-07-17,79548.0,116981.0,28337.0,,,,
2002-07-18,79078.0,116730.0,28093.0,,,,
2002-07-19,78567.0,116110.0,27896.0,,,,
2002-07-20,77890.0,115893.0,27675.0,,,,
2002-07-21,77282.0,115393.0,27602.0,,,,
2002-07-22,76730.0,114878.0,27524.0,,,,
2002-07-23,76150.0,114313.0,27288.0,,,,
2002-07-24,75500.0,114113.0,26979.0,,,,
2002-07-25,75086.0,113535.0,26974.0,,,,
2002-07-26,74409.0,112991.0,26945.0,,,,
2002-07-27,73569.0,112745.0,26881.0,,,,
2002-07-28,72828.0,112234.0,26838.0,,,,
2002-07-29,72245.0,111873.0,26808.0,,,,
2002-07-30,71755.0,111464.0,26680.0,,,,
2002-07-31,71225.0,110974.0,26545.0,,,,
2002-08-01,70536.0,110273.0,26384.0,,,,
2002-08-02,69861.0,109883.0,26190.0,,,,
2002-08-03,69172.0,109608.0,26068.0,,,,
2002-08-04,68457.0,109429.0,26030.0,,,,
2002-08-05,67556.0,109024.0,25921.0,,,,
2002-08-06,66770.0,108508.0,25620.0,,,,
2002-08-07,65930.0,108136.0,25570.0,,,,
2002-08-08,65077.0,107750.0,25437.0,,,,
2002-08-09,64173.0,107156.0,25271.0,,,,
2002-08-10,63179.0,106596.0,25073.0,,,,
2002-08-11,62186.0,106116.0,24936.0,,,,
2002-08-12,61218.0,105701.0,24797.0,,,,
2002-08-13,60475.0,105129.0,24507.0,,,,
2002-08-14,59340.0,104526.0,24209.0,,,,
2002-08-15,58314.0,104114.0,24003.0,,,,
2002-08-16,57289.0,103500.0,23757.0,,,,
2002-08-17,56202.0,103011.0,23549.0,,,,
2002-08-18,55127.0,102853.0,23441.0,,,,
2002-08-19,54217.0,102227.0,23334.0,,,,
2002-08-20,53237.0,101617.0,23135.0,,,,
2002-08-21,52164.0,101289.0,22929.0,,,,
2002-08-22,51184.0,100761.0,22669.0,,,,
2002-08-23,50251.0,99970.0,22529.0,,,,
2002-08-24,49352.0,99645.0,22334.0,,,,
2002-08-25,48436.0,99274.0,22186.0,,,,
2002-08-26,48003.0,98721.0,22101.0,,,,
2002-08-27,47258.0,98275.0,21973.0,,,,
2002-08-28,46602.0,97786.0,21811.0,,,,
2002-08-29,45834.0,97343.0,21660.0,,,,
2002-08-30,45401.0,97191.0,21707.0,,,,
2002-08-31,44711.0,96719.0,21660.0,,,,
2002-09-01,43955.0,96114.0,21680.0,,,,
2002-09-02,43435.0,95750.0,21641.0,,,,
2002-09-03,42878.0,95297.0,21588.0,,,,
2002-09-04,42426.0,95086.0,21603.0,,,,
2002-09-05,41816.0,94441.0,21561.0,,,,
2002-09-06,41176.0,93991.0,21511.0,,,,
2002-09-07,40262.0,93647.0,21496.0,,,,
2002-09-08,39432.0,93185.0,21355.0,,,,
2002-09-09,38896.0,92754.0,21150.0,,,,
2002-09-10,38318.0,92131.0,20919.0,,,,
2002-09-11,37757.0,91555.0,20773.0,,,,
2002-09-12,37123.0,91129.0,20622.0,,,,
2002-09-13,36608.0,90643.0,20544.0,,,,
2002-09-14,36073.0,90190.0,20443.0,,,,
2002-09-15,35518.0,89577.0,20309.0,,,,
2002-09-16,35251.0,89418.0,20272.0,,,,
2002-09-17,34904.0,88864.0,20213.0,,,,
2002-09-18,34557.0,88460.0,20124.0,,,,
2002-09-19,34320.0,88056.0,19954.0,,,,
2002-09-20,34072.0,87466.0,19840.0,,,,
2002-09-21,33725.0,86837.0,19690.0,,,,
2002-09-22,33616.0,86551.0,19544.0,,,,
2002-09-23,33973.0,86193.0,19428.0,,,,
2002-09-24,34101.0,85625.0,19293.0,,,,
2002-09-25,34091.0,85328.0,19202.0,,,,
2002-09-26,33903.0,84834.0,19054.0,,,,
2002-09-27,33963.0,84355.0,18928.0,,,,
2002-09-28,34220.0,83990.0,19122.0,,,,
2002-09-29,34448.0,83864.0,19174.0,,,,
2002-09-30,34607.0,83359.0,19086.0,,,,
2002-10-01,34696.0,82928.0,19003.0,,,,
2002-10-02,34716.0,82761.0,18903.0,,,,
2002-10-03,34765.0,82469.0,18740.0,,,,
2002-10-04,34666.0,81912.0,18664.0,,,,
2002-10-05,34567.0,81622.0,18625.0,,,,
2002-10-06,34429.0,81099.0,18625.0,,,,
2002-10-07,34220.0,80479.0,18593.0,,,,
2002-10-08,34032.0,79933.0,18504.0,,,,
2002-10-09,33745.0,79578.0,18412.0,,,,
2002-10-10,33487.0,79114.0,18345.0,,,,
2002-10-11,33186.0,78641.0,18179.0,,,,
2002-10-12,33378.0,78545.0,18363.0,,,,
2002-10-13,34181.0,78978.0,19147.0,,,,
2002-10-14,34785.0,79032.0,19464.0,,,,
2002-10-15,35221.0,78924.0,19580.0,,,,
2002-10-16,35578.0,78992.0,19730.0,,,,
2002-10-17,37311.0,80837.0,20517.0,,,,
2002-10-18,39463.0,82357.0,20946.0,,,,
2002-10-19,40777.0,83359.0,21218.0,,,,
2002-10-20,41806.0,84089.0,21386.0,,,,
2002-10-21,42605.0,84735.0,21550.0,,,,
2002-10-22,43288.0,85074.0,21699.0,,,,
2002-10-23,43900.0,85456.0,21803.0,,,,
2002-10-24,44367.0,85825.0,21896.0,,,,
2002-10-25,44556.0,86023.0,21992.0,,,,
2002-10-26,44734.0,86165.0,22108.0,,,,
2002-10-27,45078.0,86680.0,22361.0,,,,
2002-10-28,45334.0,87066.0,22513.0,,,,
2002-10-29,45501.0,87209.0,22630.0,,,,
2002-10-30,45623.0,87309.0,22721.0,,,,
2002-10-31,45746.0,87366.0,22807.0,,,,
2002-11-01,45757.0,87409.0,22901.0,,,,
2002-11-02,45868.0,87452.0,22973.0,,,,
2002-11-03,45923.0,87753.0,23040.0,,,,
2002-11-04,46012.0,88042.0,23107.0,,,,
2002-11-05,45879.0,88215.0,23167.0,,,,
2002-11-06,46035.0,88562.0,23282.0,,,,
2002-11-07,46101.0,88922.0,23445.0,,,,
2002-11-08,46246.0,89199.0,23545.0,,,,
2002-11-09,46346.0,89447.0,23513.0,,,,
2002-11-10,46680.0,89403.0,23437.0,,,,
2002-11-11,47124.0,89374.0,23350.0,,,,
2002-11-12,47402.0,89432.0,23314.0,,,,
2002-11-13,47958.0,89782.0,23358.0,,,,
2002-11-14,48759.0,90117.0,23385.0,,,,
2002-11-15,49387.0,90438.0,23413.0,,,,
2002-11-16,50029.0,90672.0,23405.0,,,,
2002-11-17,50811.0,91217.0,23521.0,,,,
2002-11-18,52024.0,92175.0,23947.0,,,,
2002-11-19,53202.0,92694.0,24169.0,,,,
2002-11-20,54206.0,93243.0,24271.0,,,,
2002-11-21,55201.0,93767.0,24413.0,,,,
2002-11-22,56324.0,94516.0,24417.0,,,,
2002-11-23,57606.0,95629.0,24674.0,,,,
2002-11-24,59206.0,96977.0,24969.0,,,,
2002-11-25,60524.0,98092.0,25189.0,,,,
2002-11-26,61511.0,99075.0,25379.0,,,,
2002-11-27,62505.0,99908.0,25525.0,,,,
2002-11-28,63332.0,100668.0,25699.0,,,,
2002-11-29,64096.0,101258.0,25825.0,,,,
2002-11-30,64835.0,101664.0,25942.0,,,,
2002-12-01,65510.0,102163.0,26072.0,,,,
2002-12-02,66057.0,102601.0,26165.0,,,,
2002-12-03,66554.0,103011.0,26261.0,,,,
2002-12-04,66923.0,103042.0,26190.0,,,,
2002-12-05,67292.0,103074.0,26123.0,,,,
2002-12-06,67649.0,103105.0,26093.0,,,,
2002-12-07,68351.0,103090.0,26018.0,,,,
2002-12-08,68682.0,103058.0,25963.0,,,,
2002-12-09,69040.0,103011.0,25913.0,,,,
2002-12-10,69225.0,102869.0,25821.0,,,,
2002-12-11,69384.0,102759.0,25733.0,,,,
2002-12-12,69742.0,102853.0,25703.0,,,,
2002-12-13,70152.0,102822.0,25633.0,,,,
2002-12-14,70642.0,102869.0,25587.0,,,,
2002-12-15,71278.0,103105.0,25620.0,,,,
2002-12-16,72033.0,103294.0,25587.0,,,,
2002-12-17,72576.0,103404.0,25574.0,,,,
2002-12-18,73013.0,103420.0,25483.0,,,,
2002-12-19,73450.0,103484.0,25379.0,,,,
2002-12-20,74022.0,103594.0,25333.0,,,,
2002-12-21,75804.0,105209.0,25733.0,,,,
2002-12-22,77421.0,106292.0,25900.0,,,,
2002-12-23,78664.0,107108.0,26030.0,,,,
2002-12-24,79686.0,107734.0,26118.0,,,,
2002-12-25,80557.0,108217.0,26236.0,,,,
2002-12-26,81770.0,109137.0,26409.0,,,,
2002-12-27,82579.0,109770.0,26536.0,,,,
2002-12-28,83056.0,110338.0,26651.0,,,,
2002-12-29,83735.0,110827.0,26769.0,,,,
2002-12-30,84400.0,111317.0,26868.0,,,,
2002-12-31,84921.0,111726.0,26988.0,,,,
2003-01-01,85571.0,112283.0,27124.0,,,,
2003-01-02,86655.0,113453.0,27503.0,,,,
2003-01-03,87739.0,114363.0,27849.0,,,,
2003-01-04,88663.0,115210.0,28084.0,,,,
2003-01-05,89545.0,115959.0,28263.0,,,,
2003-01-06,90382.0,116578.0,28434.0,,,,
2003-01-07,91112.0,117048.0,28579.0,,,,
2003-01-08,91797.0,117467.0,28716.0,,,,
2003-01-09,92420.0,117905.0,28852.0,,,,
2003-01-10,93014.0,118377.0,28972.0,,,,
2003-01-11,93668.0,118344.0,29110.0,,,,
2003-01-12,94276.0,118276.0,29226.0,,,,
2003-01-13,94763.0,118124.0,29325.0,,,,
2003-01-14,95067.0,117989.0,29424.0,,,,
2003-01-15,95326.0,117669.0,29491.0,,,,
2003-01-16,95539.0,117417.0,29572.0,,,,
2003-01-17,95996.0,117199.0,29643.0,,,,
2003-01-18,96286.0,116947.0,29720.0,,,,
2003-01-19,96382.0,117098.0,29769.0,,,,
2003-01-20,96575.0,117316.0,29850.0,,,,
2003-01-21,96639.0,117467.0,29914.0,,,,
2003-01-22,96671.0,117702.0,29986.0,,,,
2003-01-23,96687.0,117854.0,29964.0,,,,
2003-01-24,96623.0,117972.0,29910.0,,,,
2003-01-25,96559.0,117854.0,29810.0,,,,
2003-01-26,96575.0,117619.0,29692.0,,,,
2003-01-27,96639.0,117383.0,29563.0,,,,
2003-01-28,96623.0,117132.0,29450.0,,,,
2003-01-29,96575.0,116914.0,29293.0,,,,
2003-01-30,96511.0,116695.0,29164.0,,,,
2003-01-31,96559.0,116394.0,29012.0,,,,
2003-02-01,96543.0,116144.0,28870.0,,,,
2003-02-02,96527.0,115892.0,28795.0,,,,
2003-02-03,96494.0,115625.0,28716.0,,,,
2003-02-04,96559.0,115459.0,28588.0,,,,
2003-02-05,96704.0,115442.0,28557.0,,,,
2003-02-06,96816.0,115310.0,28398.0,,,,
2003-02-07,96655.0,115160.0,28207.0,,,,
2003-02-08,96430.0,115061.0,28084.0,,,,
2003-02-09,96511.0,114745.0,27931.0,,,,
2003-02-10,96623.0,114562.0,27774.0,,,,
2003-02-11,96671.0,114329.0,27606.0,,,,
2003-02-12,96687.0,114097.0,27498.0,,,,
2003-02-13,96655.0,113915.0,27292.0,,,,
2003-02-14,96366.0,113650.0,27077.0,,,,
2003-02-15,96173.0,113470.0,26949.0,,,,
2003-02-16,95996.0,113091.0,26842.0,,,,
2003-02-17,96157.0,112794.0,26770.0,,,,
2003-02-18,96302.0,112580.0,26676.0,,,,
2003-02-19,96398.0,112267.0,26557.0,,,,
2003-02-20,96463.0,111972.0,26566.0,,,,
2003-02-21,96495.0,112086.0,26604.0,,,,
2003-02-22,96511.0,112267.0,26638.0,,,,
2003-02-23,96703.0,112564.0,26762.0,,,,
2003-02-24,96977.0,113091.0,26923.0,,,,
2003-02-25,97267.0,113486.0,27035.0,,,,
2003-02-26,97283.0,113816.0,27098.0,,,,
2003-02-27,97267.0,113865.0,27163.0,,,,
2003-02-28,96977.0,113997.0,27133.0,,,,
2003-03-01,96671.0,114030.0,27128.0,,,,
2003-03-02,96527.0,114047.0,27206.0,,,,
2003-03-03,96478.0,114163.0,27356.0,,,,
2003-03-04,96414.0,114030.0,27202.0,,,,
2003-03-05,96382.0,114080.0,27172.0,,,,
2003-03-06,96317.0,114147.0,27107.0,,,,
2003-03-07,96317.0,114213.0,27026.0,,,,
2003-03-08,96301.0,114246.0,27116.0,,,,
2003-03-09,96237.0,114296.0,27206.0,,,,
2003-03-10,96189.0,114279.0,27275.0,,,,
2003-03-11,96221.0,114163.0,27326.0,,,,
2003-03-12,96221.0,114130.0,27412.0,,,,
2003-03-13,96269.0,114113.0,27485.0,,,,
2003-03-14,96237.0,114097.0,27503.0,,,,
2003-03-15,96173.0,113865.0,27563.0,,,,
2003-03-16,96350.0,113849.0,27653.0,,,,
2003-03-17,96559.0,114196.0,27792.0,,,,
2003-03-18,97830.0,115293.0,28114.0,,,,
2003-03-19,99070.0,117249.0,28650.0,,,,
2003-03-20,99730.0,119053.0,29052.0,,,,
2003-03-21,101178.0,122378.0,30027.0,,,,
2003-03-22,103447.0,127233.0,31860.0,,,,
2003-03-23,103511.0,130865.0,32995.0,,,,
2003-03-24,102208.0,133527.0,33374.0,,,,
2003-03-25,101210.0,135602.0,33828.0,,,,
2003-03-26,100663.0,137528.0,34350.0,,,,
2003-03-27,100389.0,139271.0,34926.0,,,,
2003-03-28,99955.0,140449.0,35165.0,,,,
2003-03-29,99521.0,141227.0,35184.0,,,,
2003-03-30,99730.0,142193.0,35359.0,,,,
2003-03-31,99762.0,142174.0,35234.0,,,,
2003-04-01,99472.0,141839.0,35179.0,,,,
2003-04-02,99167.0,141672.0,35189.0,,,,
2003-04-03,99054.0,141672.0,35174.0,,,,
2003-04-04,98893.0,141616.0,35174.0,,,,
2003-04-05,98989.0,141635.0,35165.0,,,,
2003-04-06,99102.0,141616.0,35145.0,,,,
2003-04-07,99070.0,141579.0,35135.0,,,,
2003-04-08,98845.0,141560.0,35125.0,,,,
2003-04-09,98667.0,141245.0,35120.0,,,,
2003-04-10,98539.0,140950.0,35120.0,,,,
2003-04-11,98249.0,140820.0,35115.0,,,,
2003-04-12,98088.0,140838.0,35155.0,,,,
2003-04-13,97959.0,140820.0,35160.0,,,,
2003-04-14,97846.0,140783.0,35150.0,,,,
2003-04-15,97653.0,140764.0,34971.0,,,,
2003-04-16,97637.0,140727.0,34877.0,,,,
2003-04-17,97589.0,140727.0,34715.0,,,,
2003-04-18,97412.0,140653.0,34630.0,,,,
2003-04-19,97267.0,140653.0,34492.0,,,,
2003-04-20,97202.0,140542.0,34340.0,,,,
2003-04-21,97090.0,140449.0,34194.0,,,,
2003-04-22,97041.0,140449.0,34013.0,,,,
2003-04-23,97025.0,140579.0,33979.0,,,,
2003-04-24,96993.0,140597.0,33983.0,,,,
2003-04-25,97057.0,140375.0,33886.0,,,,
2003-04-26,96993.0,140356.0,33784.0,,,,
2003-04-27,97653.0,140690.0,33760.0,,,,
2003-04-28,97943.0,140764.0,33760.0,,,,
2003-04-29,98007.0,140746.0,33615.0,,,,
2003-04-30,97927.0,140764.0,33528.0,,,,
2003-05-01,97814.0,140709.0,33393.0,,,,
2003-05-02,97701.0,141431.0,33211.0,,,,
2003-05-03,98023.0,142267.0,33158.0,,,,
2003-05-04,97959.0,142136.0,33129.0,,,,
2003-05-05,97798.0,141894.0,33081.0,,,,
2003-05-06,97621.0,141764.0,32972.0,,,,
2003-05-07,97492.0,141431.0,33048.0,,,,
2003-05-08,97347.0,140950.0,33115.0,,,,
2003-05-09,97154.0,140820.0,33168.0,,,,
2003-05-10,97025.0,140672.0,33235.0,,,,
2003-05-11,96864.0,140523.0,33317.0,,,,
2003-05-12,96880.0,140783.0,33485.0,,,,
2003-05-13,96977.0,140913.0,33635.0,,,,
2003-05-14,97186.0,140913.0,33765.0,,,,
2003-05-15,97347.0,140875.0,33803.0,,,,
2003-05-16,97379.0,140764.0,33896.0,,,,
2003-05-17,97363.0,140727.0,33979.0,,,,
2003-05-18,97331.0,140672.0,34072.0,,,,
2003-05-19,97218.0,140560.0,34160.0,,,,
2003-05-20,97122.0,140486.0,34228.0,,,,
2003-05-21,97073.0,140375.0,34311.0,,,,
2003-05-22,96977.0,140319.0,34301.0,,,,
2003-05-23,96671.0,140172.0,34370.0,,,,
2003-05-24,96623.0,140024.0,34399.0,,,,
2003-05-25,96735.0,139896.0,34517.0,,,,
2003-05-26,96784.0,139748.0,34635.0,,,,
2003-05-27,96848.0,139748.0,34788.0,,,,
2003-05-28,96880.0,139859.0,34808.0,,,,
2003-05-29,96864.0,140024.0,34724.0,,,,
2003-05-30,96832.0,140338.0,34798.0,,,,
2003-05-31,96800.0,140523.0,34917.0,,,,
2003-06-01,96945.0,140950.0,35189.0,,,,
2003-06-02,97347.0,141431.0,35299.0,,,,
2003-06-03,97460.0,141505.0,35189.0,,,,
2003-06-04,97492.0,141468.0,35155.0,,,,
2003-06-05,97460.0,141412.0,35140.0,,,,
2003-06-06,97428.0,141319.0,35120.0,,,,
2003-06-07,97363.0,141005.0,35085.0,,,,
2003-06-08,97363.0,140913.0,34956.0,,,,
2003-06-09,97331.0,140727.0,34843.0,,,,
2003-06-10,97251.0,140653.0,34863.0,,,,
2003-06-11,97025.0,140783.0,34793.0,,,,
2003-06-12,97057.0,140894.0,34759.0,,,,
2003-06-13,97170.0,141098.0,34936.0,,,,
2003-06-14,97669.0,141245.0,35120.0,,,,
2003-06-15,98426.0,141412.0,35110.0,,,,
2003-06-16,98426.0,141375.0,35080.0,,,,
2003-06-17,98249.0,141079.0,34986.0,,,,
2003-06-18,98040.0,140838.0,34931.0,,,,
2003-06-19,97862.0,140709.0,34877.0,,,,
2003-06-20,97685.0,140560.0,34803.0,,,,
2003-06-21,97846.0,140783.0,34788.0,,,,
2003-06-22,98136.0,141079.0,34833.0,,,,
2003-06-23,98345.0,141319.0,34981.0,,,,
2003-06-24,98265.0,141098.0,34936.0,,,,
2003-06-25,98072.0,140950.0,34892.0,,,,
2003-06-26,97701.0,140838.0,34818.0,,,,
2003-06-27,97186.0,140616.0,34700.0,,,,
2003-06-28,96864.0,140468.0,34675.0,,,,
2003-06-29,96623.0,140227.0,34630.0,,,,
2003-06-30,96350.0,140024.0,34596.0,,,,
2003-07-01,96109.0,139822.0,34552.0,,,,
2003-07-02,95722.0,139565.0,34492.0,,,,
2003-07-03,95387.0,139271.0,34448.0,,,,
2003-07-04,95113.0,139032.0,34355.0,,,,
2003-07-05,94992.0,138866.0,34306.0,,,,
2003-07-06,94778.0,138793.0,34282.0,,,,
2003-07-07,94489.0,138480.0,34155.0,,,,
2003-07-08,94200.0,138406.0,34106.0,,,,
2003-07-09,93653.0,138150.0,34033.0,,,,
2003-07-10,93349.0,137894.0,34130.0,,,,
2003-07-11,93272.0,137637.0,34037.0,,,,
2003-07-12,93759.0,137802.0,33920.0,,,,
2003-07-13,93820.0,137930.0,33969.0,,,,
2003-07-14,93683.0,138003.0,33993.0,,,,
2003-07-15,93471.0,137820.0,33925.0,,,,
2003-07-16,93181.0,137656.0,33833.0,,,,
2003-07-17,92862.0,137510.0,33741.0,,,,
2003-07-18,92512.0,137182.0,33688.0,,,,
2003-07-19,92284.0,136926.0,33586.0,,,,
2003-07-20,91994.0,136526.0,33523.0,,,,
2003-07-21,91629.0,136145.0,33446.0,,,,
2003-07-22,91888.0,136417.0,33408.0,,,,
2003-07-23,92390.0,136526.0,33630.0,,,,
2003-07-24,92482.0,136435.0,33504.0,,,,
2003-07-25,92573.0,136454.0,33369.0,,,,
2003-07-26,92512.0,136290.0,33427.0,,,,
2003-07-27,92360.0,136054.0,33432.0,,,,
2003-07-28,92131.0,135873.0,33437.0,,,,
2003-07-29,91888.0,135584.0,33446.0,,,,
2003-07-30,91584.0,135185.0,33446.0,,,,
2003-07-31,91264.0,134877.0,33456.0,,,,
2003-08-01,90929.0,134588.0,33360.0,,,,
2003-08-02,91036.0,134967.0,33504.0,,,,
2003-08-03,91400.0,135167.0,33548.0,,,,
2003-08-04,91477.0,135511.0,34086.0,,,,
2003-08-05,92116.0,136345.0,34433.0,,,,
2003-08-06,92786.0,137127.0,34739.0,,,,
2003-08-07,93394.0,137674.0,34798.0,,,,
2003-08-08,93699.0,138186.0,34645.0,,,,
2003-08-09,94170.0,138076.0,34443.0,,,,
2003-08-10,94428.0,138498.0,34527.0,,,,
2003-08-11,94656.0,138866.0,34818.0,,,,
2003-08-12,95220.0,139969.0,34956.0,,,,
2003-08-13,95786.0,140987.0,34966.0,,,,
2003-08-14,95996.0,141042.0,34858.0,,,,
2003-08-15,95851.0,140727.0,34818.0,,,,
2003-08-16,95754.0,140301.0,34586.0,,,,
2003-08-17,95738.0,140282.0,34404.0,,,,
2003-08-18,95851.0,140282.0,34219.0,,,,
2003-08-19,95883.0,140227.0,34023.0,,,,
2003-08-20,95803.0,140061.0,33920.0,,,,
2003-08-21,95722.0,139969.0,33823.0,,,,
2003-08-22,95584.0,139822.0,33688.0,,,,
2003-08-23,95387.0,139656.0,33543.0,,,,
2003-08-24,95204.0,139473.0,33432.0,,,,
2003-08-25,94992.0,139418.0,33461.0,,,,
2003-08-26,94763.0,139179.0,33365.0,,,,
2003-08-27,94367.0,138848.0,33201.0,,,,
2003-08-28,93911.0,138627.0,33009.0,,,,
2003-08-29,93272.0,138333.0,32815.0,,,,
2003-08-30,92846.0,138186.0,32634.0,,,,
2003-08-31,92436.0,137985.0,32477.0,,,,
2003-09-01,92131.0,137729.0,32311.0,,,,
2003-09-02,92664.0,138664.0,32514.0,,,,
2003-09-03,94885.0,140449.0,33499.0,,,,
2003-09-04,95835.0,142323.0,34184.0,,,,
2003-09-05,98056.0,142845.0,34675.0,,,,
2003-09-06,98571.0,142267.0,34700.0,,,,
2003-09-07,98523.0,141783.0,34552.0,,,,
2003-09-08,98249.0,141486.0,34350.0,,,,
2003-09-09,97846.0,140987.0,34116.0,,,,
2003-09-10,97315.0,140597.0,33886.0,,,,
2003-09-11,96896.0,140319.0,33630.0,,,,
2003-09-12,96671.0,140061.0,33336.0,,,,
2003-09-13,96543.0,139951.0,33038.0,,,,
2003-09-14,96495.0,139767.0,32752.0,,,,
2003-09-15,96447.0,139601.0,32514.0,,,,
2003-09-16,96768.0,139712.0,32643.0,,,,
2003-09-17,96623.0,139785.0,32800.0,,,,
2003-09-18,96382.0,139712.0,32886.0,,,,
2003-09-19,96124.0,139658.0,33022.0,,,,
2003-09-20,96028.0,139804.0,32991.0,,,,
2003-09-21,96028.0,139712.0,32805.0,,,,
2003-09-22,96044.0,139601.0,32552.0,,,,
2003-09-23,96366.0,139804.0,32420.0,,,,
2003-09-24,97782.0,141079.0,33620.0,,,,
2003-09-25,97862.0,141061.0,33669.0,,,,
2003-09-26,97798.0,140950.0,33606.0,,,,
2003-09-27,97637.0,140987.0,33760.0,,,,
2003-09-28,97605.0,141635.0,34340.0,,,,
2003-09-29,98088.0,142249.0,35229.0,,,,
2003-09-30,98104.0,141969.0,35080.0,,,,
2003-10-01,97637.0,141727.0,35041.0,,,,
2003-10-02,97718.0,141431.0,35001.0,,,,
2003-10-03,97395.0,141338.0,34936.0,,,,
2003-10-04,97090.0,141246.0,34936.0,,,,
2003-10-05,97251.0,141449.0,35115.0,,,,
2003-10-06,97251.0,141338.0,34931.0,,,,
2003-10-07,96784.0,141190.0,34798.0,,,,
2003-10-08,96880.0,140894.0,34739.0,,,,
2003-10-09,97186.0,140764.0,34680.0,,,,
2003-10-10,97186.0,140634.0,34472.0,,,,
2003-10-11,97106.0,140542.0,34243.0,,,,
2003-10-12,97009.0,140431.0,33993.0,,,,
2003-10-13,96945.0,140375.0,33746.0,,,,
2003-10-14,96864.0,140301.0,33485.0,,,,
2003-10-15,97009.0,140468.0,33341.0,,,,
2003-10-16,97540.0,140690.0,33331.0,,,,
2003-10-17,97557.0,140672.0,33173.0,,,,
2003-10-18,97476.0,140616.0,32957.0,,,,
2003-10-19,97412.0,140560.0,32723.0,,,,
2003-10-20,97444.0,140597.0,32529.0,,,,
2003-10-21,97122.0,140560.0,32306.0,,,,
2003-10-22,97057.0,140523.0,32075.0,,,,
2003-10-23,97009.0,140505.0,31832.0,,,,
2003-10-24,97122.0,140468.0,31592.0,,,,
2003-10-25,96913.0,140449.0,31331.0,,,,
2003-10-26,96784.0,140412.0,31058.0,,,,
2003-10-27,96864.0,140764.0,30923.0,,,,
2003-10-28,98313.0,143013.0,33538.0,,,,
2003-10-29,99086.0,143313.0,34448.0,,,,
2003-10-30,101194.0,144211.0,35409.0,,,,
2003-10-31,100888.0,142864.0,35289.0,,,,
2003-11-01,100115.0,142286.0,35229.0,,,,
2003-11-02,99424.0,141876.0,35194.0,,,,
2003-11-03,98941.0,141653.0,35174.0,,,,
2003-11-04,98539.0,141486.0,35140.0,,,,
2003-11-05,98249.0,141319.0,35125.0,,,,
2003-11-06,98168.0,141227.0,35174.0,,,,
2003-11-07,97991.0,140931.0,35150.0,,,,
2003-11-08,97750.0,140746.0,35130.0,,,,
2003-11-09,97492.0,140913.0,34917.0,,,,
2003-11-10,97235.0,140950.0,34724.0,,,,
2003-11-11,97315.0,140838.0,34532.0,,,,
2003-11-12,97251.0,140820.0,34360.0,,,,
2003-11-13,97315.0,140672.0,34155.0,,,,
2003-11-14,97412.0,140672.0,33944.0,,,,
2003-11-15,97347.0,140579.0,33717.0,,,,
2003-11-16,97347.0,140560.0,33485.0,,,,
2003-11-17,97299.0,140505.0,33249.0,,,,
2003-11-18,97267.0,140449.0,33005.0,,,,
2003-11-19,97138.0,140505.0,32805.0,,,,
2003-11-20,98748.0,142733.0,33857.0,,,,
2003-11-21,100614.0,142939.0,34448.0,,,,
2003-11-22,100132.0,142435.0,34562.0,,,,
2003-11-23,99376.0,142043.0,34572.0,,,,
2003-11-24,98716.0,141764.0,34517.0,,,,
2003-11-25,98571.0,141727.0,34453.0,,,,
2003-11-26,98217.0,141598.0,34389.0,,,,
2003-11-27,98104.0,141486.0,34238.0,,,,
2003-11-28,98072.0,141375.0,34096.0,,,,
2003-11-29,98265.0,142062.0,34586.0,,,,
2003-11-30,98394.0,142062.0,34724.0,,,,
2003-12-01,98088.0,141894.0,34729.0,,,,
2003-12-02,98056.0,141486.0,35006.0,,,,
2003-12-03,98007.0,141245.0,35115.0,,,,
2003-12-04,97959.0,140913.0,35130.0,,,,
2003-12-05,97911.0,140801.0,35135.0,,,,
2003-12-06,97750.0,140672.0,35135.0,,,,
2003-12-07,97605.0,140579.0,35135.0,,,,
2003-12-08,97508.0,140486.0,35130.0,,,,
2003-12-09,97363.0,140356.0,35150.0,,,,
2003-12-10,97235.0,140264.0,35150.0,,,,
2003-12-11,97267.0,140282.0,35140.0,,,,
2003-12-12,99392.0,141839.0,35428.0,,,,
2003-12-13,99650.0,141727.0,35244.0,,,,
2003-12-14,99215.0,141412.0,35184.0,,,,
2003-12-15,98893.0,141394.0,35174.0,,,,
2003-12-16,98716.0,141134.0,35140.0,,,,
2003-12-17,98233.0,141079.0,35145.0,,,,
2003-12-18,98394.0,141653.0,35189.0,,,,
2003-12-19,98490.0,141468.0,35155.0,,,,
2003-12-20,98281.0,141208.0,35135.0,,,,
2003-12-21,98088.0,140894.0,35120.0,,,,
2003-12-22,97846.0,140727.0,35115.0,,,,
2003-12-23,97734.0,140616.0,35120.0,,,,
2003-12-24,97862.0,140894.0,35150.0,,,,
2003-12-25,100598.0,143480.0,35538.0,,,,
2003-12-26,101162.0,142789.0,35284.0,,,,
2003-12-27,100502.0,142304.0,35204.0,,,,
2003-12-28,99810.0,141931.0,35179.0,,,,
2003-12-29,99231.0,141709.0,35174.0,,,,
2003-12-30,98683.0,141542.0,35011.0,,,,
2003-12-31,98555.0,141412.0,34853.0,,,,
2004-01-01,98297.0,141098.0,34749.0,,,,
2004-01-02,98120.0,140690.0,34926.0,,,,
2004-01-03,97975.0,140375.0,35080.0,,,,
2004-01-04,98136.0,140393.0,35155.0,,,,
2004-01-05,98474.0,140560.0,35229.0,,,,
2004-01-06,98555.0,140690.0,35189.0,,,,
2004-01-07,98458.0,140579.0,35155.0,,,,
2004-01-08,98265.0,140375.0,35140.0,,,,
2004-01-09,98104.0,139840.0,35140.0,,,,
2004-01-10,97782.0,139381.0,35100.0,,,,
2004-01-11,97540.0,138793.0,35085.0,,,,
2004-01-12,97476.0,138314.0,35120.0,,,,
2004-01-13,97508.0,137894.0,35135.0,,,,
2004-01-14,97492.0,137328.0,35061.0,,,,
2004-01-15,97363.0,136781.0,35056.0,,,,
2004-01-16,96977.0,136073.0,35051.0,,,,
2004-01-17,96607.0,135385.0,35051.0,,,,
2004-01-18,96447.0,134859.0,35056.0,,,,
2004-01-19,96334.0,134498.0,35061.0,,,,
2004-01-20,96189.0,134318.0,35051.0,,,,
2004-01-21,96092.0,134049.0,35051.0,,,,
2004-01-22,96028.0,133851.0,35051.0,,,,
2004-01-23,95915.0,133599.0,35031.0,,,,
2004-01-24,95867.0,133186.0,35031.0,,,,
2004-01-25,95738.0,132880.0,35031.0,,,,
2004-01-26,95615.0,132558.0,35036.0,,,,
2004-01-27,95493.0,132272.0,35036.0,,,,
2004-01-28,95417.0,132004.0,35051.0,,,,
2004-01-29,95296.0,131719.0,35041.0,,,,
2004-01-30,95220.0,131487.0,35036.0,,,,
2004-01-31,95007.0,131007.0,35036.0,,,,
2004-02-01,94870.0,130652.0,35036.0,,,,
2004-02-02,94671.0,130387.0,35046.0,,,,
2004-02-03,94489.0,129908.0,35041.0,,,,
2004-02-04,94337.0,129625.0,35056.0,,,,
2004-02-05,94155.0,129113.0,35016.0,,,,
2004-02-06,94018.0,128813.0,35031.0,,,,
2004-02-07,93927.0,128620.0,35056.0,,,,
2004-02-08,93911.0,128269.0,35046.0,,,,
2004-02-09,93820.0,127917.0,35041.0,,,,
2004-02-10,93699.0,127548.0,35041.0,,,,
2004-02-11,93592.0,127198.0,35041.0,,,,
2004-02-12,93501.0,126813.0,35036.0,,,,
2004-02-13,93379.0,126325.0,35041.0,,,,
2004-02-14,93135.0,125940.0,35036.0,,,,
2004-02-15,92862.0,125522.0,35026.0,,,,
2004-02-16,92618.0,125122.0,35011.0,,,,
2004-02-17,92299.0,124690.0,34991.0,,,,
2004-02-18,92025.0,124326.0,34996.0,,,,
2004-02-19,91751.0,123911.0,34996.0,,,,
2004-02-20,91431.0,123531.0,35001.0,,,,
2004-02-21,91066.0,123101.0,35001.0,,,,
2004-02-22,90716.0,122756.0,34996.0,,,,
2004-02-23,90580.0,122498.0,34991.0,,,,
2004-02-24,90275.0,121985.0,34986.0,,,,
2004-02-25,89986.0,121608.0,35001.0,,,,
2004-02-26,89743.0,121197.0,35006.0,,,,
2004-02-27,89560.0,120821.0,35006.0,,,,
2004-02-28,89332.0,120395.0,35006.0,,,,
2004-02-29,89059.0,120004.0,35001.0,,,,
2004-03-01,88998.0,119614.0,35001.0,,,,
2004-03-02,88861.0,119257.0,35031.0,,,,
2004-03-03,89165.0,119257.0,35066.0,,,,
2004-03-04,90306.0,119614.0,35046.0,,,,
2004-03-05,91736.0,120310.0,34808.0,,,,
2004-03-06,94170.0,121882.0,34562.0,,,,
2004-03-07,98249.0,125036.0,34680.0,,,,
2004-03-08,99585.0,127128.0,34675.0,,,,
2004-03-09,99456.0,128532.0,34482.0,,,,
2004-03-10,99070.0,129447.0,34209.0,,,,
2004-03-11,98619.0,130387.0,33915.0,,,,
2004-03-12,98233.0,131273.0,33606.0,,,,
2004-03-13,98120.0,131915.0,33307.0,,,,
2004-03-14,97814.0,132486.0,32976.0,,,,
2004-03-15,97718.0,132540.0,32634.0,,,,
2004-03-16,97557.0,132773.0,32292.0,,,,
2004-03-17,97476.0,133132.0,32227.0,,,,
2004-03-18,97363.0,133258.0,32170.0,,,,
2004-03-19,97251.0,133348.0,32118.0,,,,
2004-03-20,97138.0,133401.0,32052.0,,,,
2004-03-21,97122.0,133653.0,32028.0,,,,
2004-03-22,97315.0,133905.0,31991.0,,,,
2004-03-23,97235.0,133959.0,31906.0,,,,
2004-03-24,97186.0,134049.0,31822.0,,,,
2004-03-25,97202.0,133959.0,31728.0,,,,
2004-03-26,97315.0,133995.0,31677.0,,,,
2004-03-27,97589.0,134300.0,31761.0,,,,
2004-03-28,98136.0,135222.0,32056.0,,,,
2004-03-29,98410.0,136073.0,32278.0,,,,
2004-03-30,98410.0,136690.0,32401.0,,,,
2004-03-31,98265.0,137163.0,32524.0,,,,
2004-04-01,98104.0,137564.0,32671.0,,,,
2004-04-02,98088.0,138443.0,33110.0,,,,
2004-04-03,98088.0,139087.0,33408.0,,,,
2004-04-04,97975.0,139547.0,33577.0,,,,
2004-04-05,97798.0,139932.0,33717.0,,,,
2004-04-06,97653.0,140301.0,33794.0,,,,
2004-04-07,97540.0,140709.0,33939.0,,,,
2004-04-08,97460.0,140950.0,33949.0,,,,
2004-04-09,97347.0,140801.0,33949.0,,,,
2004-04-10,97267.0,140634.0,33964.0,,,,
2004-04-11,97170.0,140505.0,33983.0,,,,
2004-04-12,97041.0,140393.0,34033.0,,,,
2004-04-13,97057.0,140449.0,34091.0,,,,
2004-04-14,97492.0,140653.0,34355.0,,,,
2004-04-15,97701.0,140913.0,34277.0,,,,
2004-04-16,97718.0,141005.0,34126.0,,,,
2004-04-17,97653.0,140894.0,34086.0,,,,
2004-04-18,97589.0,140838.0,34052.0,,,,
2004-04-19,97573.0,140894.0,34008.0,,,,
2004-04-20,97573.0,140913.0,33988.0,,,,
2004-04-21,97508.0,140857.0,33935.0,,,,
2004-04-22,97412.0,140616.0,33823.0,,,,
2004-04-23,97267.0,140634.0,33727.0,,,,
2004-04-24,97299.0,140597.0,33803.0,,,,
2004-04-25,97251.0,140486.0,33818.0,,,,
2004-04-26,97251.0,140634.0,33954.0,,,,
2004-04-27,97621.0,140950.0,34394.0,,,,
2004-04-28,97685.0,141153.0,34365.0,,,,
2004-04-29,97669.0,141282.0,34209.0,,,,
2004-04-30,97605.0,141282.0,34023.0,,,,
2004-05-01,97524.0,140931.0,33979.0,,,,
2004-05-02,97428.0,140727.0,33949.0,,,,
2004-05-03,97685.0,140820.0,33983.0,,,,
2004-05-04,97959.0,140820.0,34033.0,,,,
2004-05-05,97862.0,140764.0,34028.0,,,,
2004-05-06,97846.0,140764.0,34023.0,,,,
2004-05-07,97798.0,140690.0,34165.0,,,,
2004-05-08,97685.0,140634.0,34160.0,,,,
2004-05-09,97540.0,140523.0,34160.0,,,,
2004-05-10,97444.0,140375.0,34145.0,,,,
2004-05-11,97524.0,140301.0,34199.0,,,,
2004-05-12,97460.0,140264.0,34228.0,,,,
2004-05-13,97524.0,140319.0,34184.0,,,,
2004-05-14,97444.0,140634.0,34224.0,,,,
2004-05-15,97347.0,140616.0,34238.0,,,,
2004-05-16,97315.0,140653.0,34243.0,,,,
2004-05-17,97267.0,140542.0,34209.0,,,,
2004-05-18,96880.0,140338.0,34194.0,,,,
2004-05-19,96687.0,140338.0,34219.0,,,,
2004-05-20,96511.0,140282.0,34189.0,,,,
2004-05-21,96479.0,140116.0,34199.0,,,,
2004-05-22,96431.0,139988.0,34228.0,,,,
2004-05-23,96398.0,139859.0,34233.0,,,,
2004-05-24,96302.0,139730.0,34277.0,,,,
2004-05-25,96302.0,139767.0,34389.0,,,,
2004-05-26,96189.0,139840.0,34404.0,,,,
2004-05-27,96157.0,140301.0,34665.0,,,,
2004-05-28,97331.0,140616.0,34695.0,,,,
2004-05-29,97444.0,140672.0,34749.0,,,,
2004-05-30,97331.0,140616.0,34675.0,,,,
2004-05-31,97154.0,140505.0,34625.0,,,,
2004-06-01,97041.0,140542.0,34586.0,,,,
2004-06-02,97057.0,140672.0,34675.0,,,,
2004-06-03,97057.0,140653.0,34808.0,,,,
2004-06-04,97138.0,140579.0,34744.0,,,,
2004-06-05,97073.0,140356.0,34670.0,,,,
2004-06-06,97009.0,140301.0,34645.0,,,,
2004-06-07,96945.0,140282.0,34562.0,,,,
2004-06-08,96671.0,140098.0,34562.0,,,,
2004-06-09,96237.0,139969.0,34532.0,,,,
2004-06-10,95948.0,139877.0,34552.0,,,,
2004-06-11,95770.0,139822.0,34562.0,,,,
2004-06-12,95554.0,139693.0,34581.0,,,,
2004-06-13,95311.0,139528.0,34620.0,,,,
2004-06-14,95113.0,139289.0,34630.0,,,,
2004-06-15,94931.0,139069.0,34635.0,,,,
2004-06-16,94702.0,138848.0,34502.0,,,,
2004-06-17,94489.0,138553.0,34350.0,,,,
2004-06-18,94231.0,138461.0,34306.0,,,,
2004-06-19,93866.0,138223.0,34316.0,,,,
2004-06-20,93547.0,137948.0,34263.0,,,,
2004-06-21,93242.0,137637.0,34199.0,,,,
2004-06-22,92922.0,137273.0,34219.0,,,,
2004-06-23,92634.0,137017.0,34101.0,,,,
2004-06-24,92314.0,136672.0,33959.0,,,,
2004-06-25,91964.0,136236.0,33872.0,,,,
2004-06-26,91645.0,135910.0,33770.0,,,,
2004-06-27,91324.0,135602.0,33703.0,,,,
2004-06-28,91051.0,135149.0,33591.0,,,,
2004-06-29,90701.0,134714.0,33475.0,,,,
2004-06-30,90168.0,134264.0,33350.0,,,,
2004-07-01,89743.0,133797.0,33221.0,,,,
2004-07-02,89256.0,133455.0,33077.0,,,,
2004-07-03,88541.0,133042.0,32967.0,,,,
2004-07-04,87811.0,132486.0,32848.0,,,,
2004-07-05,87103.0,131951.0,32723.0,,,,
2004-07-06,86597.0,131630.0,32624.0,,,,
2004-07-07,86019.0,131113.0,32514.0,,,,
2004-07-08,85658.0,130848.0,32430.0,,,,
2004-07-09,85268.0,130528.0,32321.0,,,,
2004-07-10,84646.0,130138.0,32175.0,,,,
2004-07-11,84097.0,129819.0,32052.0,,,,
2004-07-12,83678.0,129483.0,31906.0,,,,
2004-07-13,83330.0,129165.0,31804.0,,,,
2004-07-14,83013.0,128813.0,31677.0,,,,
2004-07-15,82897.0,128673.0,31686.0,,,,
2004-07-16,82782.0,128444.0,31667.0,,,,
2004-07-17,82565.0,128251.0,31583.0,,,,
2004-07-18,82333.0,128005.0,31513.0,,,,
2004-07-19,82102.0,127794.0,31466.0,,,,
2004-07-20,81987.0,127548.0,31405.0,,,,
2004-07-21,81669.0,127320.0,31275.0,,,,
2004-07-22,81163.0,127059.0,31076.0,,,,
2004-07-23,80696.0,126743.0,30937.0,,,,
2004-07-24,80640.0,126796.0,33048.0,,,,
2004-07-25,80627.0,126883.0,33577.0,,,,
2004-07-26,80557.0,126831.0,33823.0,,,,
2004-07-27,80571.0,126866.0,34047.0,,,,
2004-07-28,82767.0,128602.0,34537.0,,,,
2004-07-29,84718.0,129678.0,34897.0,,,,
2004-07-30,85846.0,130387.0,34961.0,,,,
2004-07-31,86641.0,130883.0,34887.0,,,,
2004-08-01,87349.0,131434.0,34808.0,,,,
2004-08-02,88042.0,131915.0,34665.0,,,,
2004-08-03,88571.0,132361.0,34502.0,,,,
2004-08-04,88952.0,132594.0,34326.0,,,,
2004-08-05,89180.0,132755.0,34121.0,,,,
2004-08-06,89484.0,132916.0,34042.0,,,,
2004-08-07,89682.0,132791.0,33944.0,,,,
2004-08-08,89682.0,133024.0,33746.0,,,,
2004-08-09,89606.0,133168.0,33543.0,,,,
2004-08-10,89423.0,133204.0,33317.0,,,,
2004-08-11,89271.0,132916.0,33081.0,,,,
2004-08-12,89165.0,132701.0,33125.0,,,,
2004-08-13,89591.0,134606.0,34326.0,,,,
2004-08-14,90488.0,136981.0,35254.0,,,,
2004-08-15,91066.0,138186.0,35194.0,,,,
2004-08-16,91705.0,140950.0,35165.0,,,,
2004-08-17,92634.0,141876.0,35174.0,,,,
2004-08-18,93379.0,141746.0,35110.0,,,,
2004-08-19,93896.0,141245.0,35051.0,,,,
2004-08-20,94383.0,140820.0,35046.0,,,,
2004-08-21,94641.0,140727.0,34931.0,,,,
2004-08-22,95387.0,140913.0,35031.0,,,,
2004-08-23,95600.0,140801.0,34946.0,,,,
2004-08-24,95786.0,140690.0,34808.0,,,,
2004-08-25,95691.0,140505.0,34685.0,,,,
2004-08-26,95584.0,140338.0,34522.0,,,,
2004-08-27,95539.0,140043.0,34360.0,,,,
2004-08-28,95493.0,140043.0,34189.0,,,,
2004-08-29,95356.0,140080.0,34180.0,,,,
2004-08-30,95128.0,140043.0,34033.0,,,,
2004-08-31,95220.0,139785.0,34350.0,,,,
2004-09-01,95311.0,139400.0,34419.0,,,,
2004-09-02,95311.0,139087.0,34277.0,,,,
2004-09-03,95296.0,138921.0,34130.0,,,,
2004-09-04,95235.0,138829.0,33896.0,,,,
2004-09-05,95220.0,138756.0,33717.0,,,,
2004-09-06,95189.0,138627.0,33533.0,,,,
2004-09-07,95144.0,138517.0,33331.0,,,,
2004-09-08,95144.0,138314.0,33144.0,,,,
2004-09-09,95630.0,138682.0,33197.0,,,,
2004-09-10,96044.0,139069.0,33857.0,,,,
2004-09-11,95819.0,139363.0,34028.0,,,,
2004-09-12,95569.0,139565.0,33959.0,,,,
2004-09-13,95508.0,139693.0,33833.0,,,,
2004-09-14,95402.0,139767.0,33693.0,,,,
2004-09-15,95356.0,139693.0,33499.0,,,,
2004-09-16,95326.0,139345.0,33432.0,,,,
2004-09-17,95296.0,139124.0,33374.0,,,,
2004-09-18,98200.0,143107.0,34404.0,,,,
2004-09-19,104145.0,145152.0,35409.0,,,,
2004-09-20,102530.0,143219.0,35204.0,,,,
2004-09-21,100888.0,142323.0,35150.0,,,,
2004-09-22,99874.0,141857.0,34981.0,,,,
2004-09-23,99086.0,141542.0,34892.0,,,,
2004-09-24,98152.0,140913.0,34719.0,,,,
2004-09-25,97186.0,140468.0,34502.0,,,,
2004-09-26,96559.0,140431.0,34277.0,,,,
2004-09-27,95980.0,140356.0,34033.0,,,,
2004-09-28,95931.0,140135.0,33852.0,,,,
2004-09-29,96800.0,141153.0,34606.0,,,,
2004-09-30,96431.0,141171.0,34778.0,,,,7405.196958465009
2004-10-01,96109.0,141227.0,34769.0,,,,7136.618735873698
2004-10-02,95948.0,141079.0,34655.0,,,,6988.92647685781
2004-10-03,95899.0,140987.0,34527.0,,,,6903.295897057206
2004-10-04,95770.0,140857.0,34374.0,,,,6782.055472764007
2004-10-05,95630.0,140709.0,34547.0,,,,6651.2434360266
2004-10-06,95554.0,140616.0,34670.0,,,,6612.956986249798
2004-10-07,95448.0,140449.0,34833.0,,,,6622.528598694008
2004-10-08,95432.0,140024.0,34966.0,,,,6622.528598694008
2004-10-09,95706.0,139785.0,34818.0,,,,6609.766448768401
2004-10-10,96028.0,139601.0,34562.0,,,,6593.813761361397
2004-10-11,96253.0,139510.0,34306.0,,,,6568.392625936805
2004-10-12,96382.0,139656.0,34394.0,,,,6548.940852736507
2004-10-13,96414.0,139748.0,34468.0,,,,6568.392625936805
2004-10-14,96479.0,139822.0,34482.0,,,,6585.065574394206
2004-10-15,96543.0,139712.0,34370.0,,,,6532.267904279106
2004-10-16,96816.0,139418.0,34086.0,,,,6507.258481592997
2004-10-17,96832.0,139069.0,33842.0,,,,6471.133759935299
2004-10-18,96880.0,138737.0,33591.0,,,,6415.557265077301
2004-10-19,96961.0,138903.0,33703.0,,,,6351.644295990596
2004-10-20,97267.0,139308.0,33974.0,,,,6182.637047756395
2004-10-21,97154.0,139381.0,34111.0,,,,5999.078923117194
2004-10-22,97202.0,139363.0,34003.0,,,,5865.915024202193
2004-10-23,97235.0,139179.0,33751.0,,,,5772.747087165302
2004-10-24,97251.0,138958.0,33489.0,,,,5675.937113501401
2004-10-25,97235.0,138756.0,33245.0,,,,5594.826054485701
2004-10-26,97202.0,138958.0,33341.0,,,,5558.195253639904
2004-10-27,97170.0,139161.0,33432.0,,,,5516.331481244698
2004-10-28,97138.0,139400.0,33485.0,,,,5475.164704138507
2004-10-29,97073.0,139271.0,33360.0,,,,5428.904354540705
2004-10-30,97025.0,138995.0,33057.0,,,,5459.7445876059055
2004-10-31,96977.0,138701.0,32752.0,,,,5493.154840093204
2004-11-01,96961.0,138443.0,32481.0,,,,5506.004937203707
2004-11-02,96735.0,138517.0,32548.0,,,,5462.314607028004
2004-11-03,96559.0,138645.0,32634.0,,,,5380.073985520806
2004-11-04,96398.0,138682.0,32643.0,,,,5310.683461124095
2004-11-05,96318.0,138609.0,32567.0,,,,5318.393519390403
2004-11-06,96286.0,138461.0,32325.0,,,,5274.703189214698
2004-11-07,96237.0,138205.0,32052.0,,,,5226.426506213999
2004-11-08,96092.0,137930.0,31790.0,,,,5193.6160802475
2004-11-09,95819.0,137583.0,31818.0,,,,5211.283232690998
2004-11-10,95417.0,137218.0,31888.0,,,,5244.093658657497
2004-11-11,95615.0,136890.0,31962.0,,,,5274.703189214698
2004-11-12,95964.0,136617.0,32014.0,,,,5315.8234999683045
2004-11-13,96205.0,136218.0,31846.0,,,,5349.233752455603
2004-11-14,96382.0,135892.0,31527.0,,,,5333.813635923003
2004-11-15,96495.0,135493.0,31266.0,,,,5310.683461124095
2004-11-16,96511.0,135149.0,30966.0,,,,5284.983266903103
2004-11-17,96575.0,134841.0,30818.0,,,,5264.423111526293
2004-11-18,96591.0,134444.0,30625.0,,,,5266.993130948405
2004-11-19,96623.0,134102.0,30406.0,,,,5269.563150370503
2004-11-20,96655.0,133743.0,30191.0,,,,5272.133169792601
2004-11-21,96671.0,133437.0,29950.0,,,,5290.123305747299
2004-11-22,96703.0,133114.0,29706.0,,,,5295.263344591494
2004-11-23,96703.0,132755.0,29455.0,,,,5295.263344591494
2004-11-24,96687.0,132415.0,29204.0,,,,5290.123305747299
2004-11-25,96752.0,132200.0,29096.0,,,,5323.533558234598
2004-11-26,97251.0,132433.0,29114.0,,,,5359.513830143995
2004-11-27,97508.0,132486.0,28981.0,,,,5359.513830143995
2004-11-28,97685.0,132612.0,28861.0,,,,5738.732772094204
2004-11-29,99424.0,134516.0,30378.0,,,,6404.441966105696
2004-11-30,99521.0,135964.0,30850.0,,,,6247.688898673197
2004-12-01,99392.0,137200.0,31224.0,,,,5991.089089182301
2004-12-02,100276.0,139583.0,32491.0,,,,5879.231414093697
2004-12-03,99987.0,140820.0,32972.0,,,,5586.9765971615925
2004-12-04,99666.0,141319.0,33307.0,,,,5372.363927254497
2004-12-05,99311.0,141375.0,33557.0,,,,5160.805654281002
2004-12-06,98490.0,141357.0,33770.0,,,,5138.090743996493
2004-12-07,98072.0,141282.0,33983.0,,,,5233.998142975506
2004-12-08,98426.0,141338.0,34316.0,,,,5346.663733033506
2004-12-09,98458.0,141301.0,34497.0,,,,5336.383655345101
2004-12-10,98345.0,141301.0,34527.0,,,,5423.764315696494
2004-12-11,99295.0,142043.0,34675.0,,,,5775.363572939999
2004-12-12,99954.0,142174.0,34882.0,,,,5972.446143334203
2004-12-13,99842.0,141969.0,34907.0,,,,6039.028092791703
2004-12-14,99601.0,141801.0,34853.0,,,,5961.793031420996
2004-12-15,99022.0,141616.0,34690.0,,,,5823.302576549402
2004-12-16,98458.0,141394.0,34507.0,,,,5657.621713078503
2004-12-17,98040.0,141245.0,34301.0,,,,5503.434917781595
2004-12-18,97846.0,141208.0,34145.0,,,,5452.034529339598
2004-12-19,97766.0,141079.0,33920.0,,,,5403.204160319698
2004-12-20,97524.0,140987.0,33693.0,,,,5331.243616500905
2004-12-21,97428.0,140894.0,33417.0,,,,5259.283072682098
2004-12-22,97395.0,140709.0,33163.0,,,,5266.993130948405
2004-12-23,97170.0,140542.0,32924.0,,,,5326.103577656695
2004-12-24,98394.0,141876.0,33408.0,,,,5586.9765971615925
2004-12-25,99102.0,141727.0,33432.0,,,,5704.718457023105
2004-12-26,98989.0,141431.0,33297.0,,,,5783.353406874892
2004-12-27,98716.0,141227.0,33153.0,,,,
2004-12-28,98458.0,140987.0,32934.0,,,,
2004-12-29,98249.0,141079.0,32728.0,,,,
2004-12-30,98152.0,141098.0,32533.0,,,,
2004-12-31,97798.0,141042.0,32306.0,,,,5266.993130948405
2005-01-01,97830.0,141005.0,32155.0,,,,5264.423111526293
2005-01-02,97701.0,140709.0,32302.0,,,,5251.665295419005
2005-01-03,97621.0,140560.0,32463.0,,,,5241.569779736999
2005-01-04,97878.0,140746.0,32728.0,,,,5264.423111526293
2005-01-05,98023.0,140820.0,32995.0,,,,5266.993130948405
2005-01-06,98056.0,140764.0,33125.0,,,,5351.8037718777005
2005-01-07,98104.0,140764.0,33273.0,,,,5338.953674767198
2005-01-08,98120.0,140653.0,33470.0,,,,5390.354063209195
2005-01-09,98120.0,140727.0,33644.0,,,,5644.5392842050005
2005-01-10,97959.0,140634.0,33770.0,,,,5702.101971248408
2005-01-11,97814.0,140505.0,33905.0,,,,5490.584820671106
2005-01-12,97830.0,140542.0,34062.0,,,,5302.973402857802
2005-01-13,98120.0,140542.0,34243.0,,,,5233.998142975506
2005-01-14,100325.0,142976.0,35184.0,,,,5452.034529339598
2005-01-15,102675.0,143536.0,35458.0,,,,5796.669796766396
2005-01-16,101902.0,142547.0,35309.0,,,,5841.9455223975
2005-01-17,100792.0,142043.0,35259.0,,,,5786.016684853204
2005-01-18,99938.0,141764.0,35204.0,,,,5647.155769979698
2005-01-19,99134.0,141486.0,34981.0,,,,5454.604548761695
2005-01-20,98571.0,141412.0,34759.0,,,,5292.693325169397
2005-01-21,98394.0,141190.0,34921.0,,,,5259.283072682098
2005-01-22,98023.0,140894.0,35041.0,,,,5246.617537577995
2005-01-23,97862.0,140820.0,35100.0,,,,5244.093658657497
2005-01-24,97766.0,140727.0,35095.0,,,,5231.474264054994
2005-01-25,97637.0,140672.0,35095.0,,,,5261.853092104196
2005-01-26,97589.0,140616.0,35090.0,,,,5266.993130948405
2005-01-27,97540.0,140153.0,35085.0,,,,5259.283072682098
2005-01-28,97428.0,139583.0,35061.0,,,,5254.189174339502
2005-01-29,97235.0,139161.0,35036.0,,,,5284.983266903103
2005-01-30,96929.0,139013.0,35016.0,,,,5320.9635388125
2005-01-31,96735.0,138829.0,35051.0,,,,5338.953674767198
2005-02-01,96543.0,138590.0,35051.0,,,,5308.1134417019975
2005-02-02,96350.0,138369.0,35046.0,,,,5277.273208636796
2005-02-03,96221.0,138058.0,35046.0,,,,5279.843228058894
2005-02-04,96141.0,137839.0,35046.0,,,,5284.983266903103
2005-02-05,96076.0,137583.0,35046.0,,,,5287.553286325202
2005-02-06,95899.0,137291.0,35041.0,,,,5292.693325169397
2005-02-07,95786.0,137036.0,35036.0,,,,5297.833364013607
2005-02-08,95615.0,136781.0,35046.0,,,,5295.263344591494
2005-02-09,95432.0,136544.0,35036.0,,,,5295.263344591494
2005-02-10,95615.0,136199.0,35051.0,,,,5284.983266903103
2005-02-11,96173.0,135873.0,35100.0,,,,5223.902627293501
2005-02-12,96092.0,135584.0,35061.0,,,,5213.807111611496
2005-02-13,96237.0,135475.0,35056.0,,,,5206.235474850003
2005-02-14,96334.0,135348.0,35051.0,,,,5218.854869452506
2005-02-15,96719.0,135439.0,35070.0,,,,5382.644004942903
2005-02-16,97315.0,135873.0,35120.0,,,,5282.413247481006
2005-02-17,98023.0,136363.0,35130.0,,,,5338.953674767198
2005-02-18,98345.0,136763.0,35125.0,,,,5349.233752455603
2005-02-19,97830.0,136726.0,35085.0,,,,5323.533558234598
2005-02-20,97653.0,136599.0,35075.0,,,,5287.553286325202
2005-02-21,97412.0,136436.0,35085.0,,,,5254.189174339502
2005-02-22,97106.0,136417.0,35085.0,,,,5223.902627293501
2005-02-23,97186.0,136381.0,35080.0,,,,5239.045900816502
2005-02-24,96945.0,136309.0,35051.0,,,,5246.617537577995
2005-02-25,96832.0,136127.0,35051.0,,,,5251.665295419005
2005-02-26,96752.0,136000.0,35051.0,,,,5259.283072682098
2005-02-27,96687.0,136000.0,35046.0,,,,5264.423111526293
2005-02-28,96527.0,135982.0,35046.0,,,,5269.563150370503
2005-03-01,96398.0,135801.0,35061.0,,,,5287.553286325202
2005-03-02,96350.0,135475.0,35046.0,,,,5292.693325169397
2005-03-03,96237.0,135185.0,35051.0,,,,5282.413247481006
2005-03-04,96173.0,134895.0,35046.0,,,,5277.273208636796
2005-03-05,96060.0,134534.0,35046.0,,,,5272.133169792601
2005-03-06,95931.0,134210.0,35046.0,,,,5266.993130948405
2005-03-07,95786.0,133923.0,35051.0,,,,5274.703189214698
2005-03-08,95931.0,133599.0,35046.0,,,,5336.383655345101
2005-03-09,96125.0,133473.0,35061.0,,,,5372.363927254497
2005-03-10,96044.0,133294.0,35051.0,,,,5346.663733033506
2005-03-11,96092.0,133024.0,35046.0,,,,5315.8234999683045
2005-03-12,96044.0,132755.0,35051.0,,,,5328.673597078793
2005-03-13,96044.0,132486.0,35051.0,,,,5331.243616500905
2005-03-14,96028.0,132111.0,35046.0,,,,5318.393519390403
2005-03-15,96269.0,131862.0,35041.0,,,,5284.983266903103
2005-03-16,96125.0,131648.0,35041.0,,,,5236.522021896004
2005-03-17,96044.0,131434.0,35031.0,,,,5178.4728067245
2005-03-18,95931.0,131184.0,35031.0,,,,5120.423591552995
2005-03-19,95803.0,130865.0,35026.0,,,,5074.993770983993
2005-03-20,95803.0,130599.0,35021.0,,,,5034.611708256001
2005-03-21,95835.0,130351.0,35036.0,,,,5014.420676892005
2005-03-22,95770.0,130049.0,35016.0,,,,5044.707223938006
2005-03-23,95819.0,129837.0,35016.0,,,,5127.995228314502
2005-03-24,95931.0,129731.0,35021.0,,,,5346.663733033506
2005-03-25,95931.0,129483.0,35031.0,,,,5320.9635388125
2005-03-26,95980.0,129501.0,35031.0,,,,5354.373791299799
2005-03-27,96108.0,129589.0,35036.0,,,,5372.363927254497
2005-03-28,96478.0,129908.0,35041.0,,,,5506.004937203707
2005-03-29,99569.0,133653.0,35414.0,,,,6393.326667134105
2005-03-30,101774.0,138021.0,35384.0,,,,6526.710254793296
2005-03-31,101597.0,140283.0,35294.0,,,,6585.065574394206
2005-04-01,101275.0,141598.0,35269.0,,,,6670.386660915
2005-04-02,101033.0,142230.0,35294.0,,,,6769.293322838401
2005-04-03,105085.0,147082.0,36421.0,,,,8152.828580482192
2005-04-04,106654.0,144626.0,35498.0,,,,9235.207325820613
2005-04-05,105016.0,143163.0,35299.0,,,,8740.782003224997
2005-04-06,101548.0,142435.0,35234.0,,,,7986.251203155
2005-04-07,100470.0,142080.0,35229.0,,,,7151.027736753306
2005-04-08,99890.0,141894.0,35264.0,,,,6648.052898545202
2005-04-09,99392.0,141802.0,35234.0,,,,6619.338061212593
2005-04-10,99006.0,141617.0,35194.0,,,,6600.194836324192
2005-04-11,98651.0,141431.0,35170.0,,,,6576.729100165498
2005-04-12,98313.0,141301.0,35031.0,,,,6603.385373805607
2005-04-13,98088.0,141227.0,34927.0,,,,6609.766448768401
2005-04-14,97911.0,140857.0,35041.0,,,,6590.62322388
2005-04-15,97766.0,140616.0,34882.0,,,,6568.392625936805
2005-04-16,97605.0,140412.0,34729.0,,,,6568.392625936805
2005-04-17,97476.0,140282.0,34557.0,,,,6560.056151708097
2005-04-18,97395.0,140080.0,34384.0,,,,6548.940852736507
2005-04-19,97267.0,139914.0,34199.0,,,,6560.056151708097
2005-04-20,97186.0,139712.0,33998.0,,,,6587.844399137102
2005-04-21,97106.0,139675.0,33813.0,,,,6609.766448768401
2005-04-22,97073.0,139638.0,33640.0,,,,6619.338061212593
2005-04-23,97025.0,139455.0,33625.0,,,,6657.624510989394
2005-04-24,97315.0,139785.0,33964.0,,,,6734.197410542997
2005-04-25,97814.0,140412.0,34675.0,,,,6766.102785357003
2005-04-26,97911.0,140709.0,34941.0,,,,6769.293322838401
2005-04-27,97878.0,140820.0,35115.0,,,,6740.578485505809
2005-04-28,98104.0,141134.0,35145.0,,,,6679.958273359192
2005-04-29,98168.0,141134.0,35061.0,,,,6632.100211138199
2005-04-30,98136.0,140968.0,35021.0,,,,6628.909673656802
2005-05-01,98040.0,140838.0,35036.0,,,,6641.671823582408
2005-05-02,97991.0,140727.0,34981.0,,,,6632.100211138199
2005-05-03,97927.0,140653.0,34936.0,,,,6619.338061212593
2005-05-04,97830.0,140542.0,34867.0,,,,6603.385373805607
2005-05-05,97685.0,140468.0,34705.0,,,,6600.194836324192
2005-05-06,97573.0,140375.0,34645.0,,,,6597.004298842795
2005-05-07,97460.0,140282.0,34591.0,,,,6590.62322388
2005-05-08,97347.0,140153.0,34685.0,,,,6582.286749651308
2005-05-09,97251.0,140061.0,34769.0,,,,6571.171450679702
2005-05-10,97170.0,139951.0,34853.0,,,,6576.729100165498
2005-05-11,96880.0,139767.0,34917.0,,,,6593.813761361397
2005-05-12,96495.0,139510.0,34788.0,,,,6609.766448768401
2005-05-13,96173.0,139271.0,34660.0,,,,6619.338061212593
2005-05-14,95835.0,138977.0,34502.0,,,,6628.909673656802
2005-05-15,95569.0,138866.0,34532.0,,,,6644.862361063805
2005-05-16,95311.0,138682.0,34562.0,,,,6654.4339735079975
2005-05-17,95144.0,138535.0,34591.0,,,,6644.862361063805
2005-05-18,94946.0,138186.0,34601.0,,,,6628.909673656802
2005-05-19,94747.0,138040.0,34616.0,,,,6606.575911287004
2005-05-20,94611.0,137875.0,34601.0,,,,6606.575911287004
2005-05-21,94322.0,137564.0,34596.0,,,,6641.671823582408
2005-05-22,94063.0,137218.0,34586.0,,,,6667.196123433603
2005-05-23,93851.0,136908.0,34581.0,,,,6683.148810840607
2005-05-24,93653.0,136599.0,34562.0,,,,6673.577198396398
2005-05-25,93410.0,136218.0,34562.0,,,,6660.815048470809
2005-05-26,93211.0,135928.0,34557.0,,,,6638.481286100993
2005-05-27,92998.0,135584.0,34552.0,,,,6619.338061212593
2005-05-28,92786.0,135258.0,34562.0,,,,6635.290748619596
2005-05-29,92512.0,134986.0,34562.0,,,,6676.767735877795
2005-05-30,92284.0,134768.0,34596.0,,,,6702.292035729008
2005-05-31,92040.0,134408.0,34601.0,,,,6705.482573210405
2005-06-01,91766.0,134192.0,34355.0,,,,6667.196123433603
2005-06-02,91492.0,133995.0,34233.0,,,,6628.909673656802
2005-06-03,91218.0,133797.0,34219.0,,,,6625.719136175405
2005-06-04,90884.0,133581.0,34194.0,,,,6635.290748619596
2005-06-05,90488.0,133366.0,34160.0,,,,6638.481286100993
2005-06-06,89986.0,133132.0,34126.0,,,,6632.100211138199
2005-06-07,89545.0,132952.0,34184.0,,,,6635.290748619596
2005-06-08,89211.0,132719.0,34165.0,,,,6628.909673656802
2005-06-09,88739.0,132486.0,34135.0,,,,6612.956986249798
2005-06-10,88298.0,132272.0,34111.0,,,,6603.385373805607
2005-06-11,87782.0,132004.0,34067.0,,,,6616.147523731196
2005-06-12,87320.0,131737.0,34037.0,,,,6648.052898545202
2005-06-13,86872.0,131487.0,34018.0,,,,6657.624510989394
2005-06-14,86626.0,131202.0,33988.0,,,,6644.862361063805
2005-06-15,86279.0,130741.0,33939.0,,,,6619.338061212593
2005-06-16,85976.0,130369.0,33876.0,,,,6603.385373805607
2005-06-17,85730.0,130014.0,33881.0,,,,6609.766448768401
2005-06-18,85514.0,129625.0,33876.0,,,,6609.766448768401
2005-06-19,85296.0,129201.0,33833.0,,,,6612.956986249798
2005-06-20,85007.0,128761.0,33808.0,,,,6616.147523731196
2005-06-21,84675.0,128286.0,33765.0,,,,6616.147523731196
2005-06-22,84212.0,127811.0,33717.0,,,,6612.956986249798
2005-06-23,83764.0,127302.0,33659.0,,,,6609.766448768401
2005-06-24,83215.0,126848.0,33596.0,,,,6606.575911287004
2005-06-25,82507.0,126307.0,33533.0,,,,6625.719136175405
2005-06-26,81856.0,125731.0,33451.0,,,,6644.862361063805
2005-06-27,81423.0,125279.0,33408.0,,,,6657.624510989394
2005-06-28,81062.0,124759.0,33398.0,,,,6657.624510989394
2005-06-29,80640.0,124291.0,33403.0,,,,6641.671823582408
2005-06-30,80571.0,124170.0,33417.0,,,,6644.862361063805
2005-07-01,80585.0,123893.0,33499.0,,,,6644.862361063805
2005-07-02,80488.0,123669.0,33264.0,,,,6632.100211138199
2005-07-03,80460.0,123548.0,32948.0,,,,6609.766448768401
2005-07-04,80432.0,123187.0,32643.0,,,,6590.62322388
2005-07-05,80446.0,122895.0,32335.0,,,,6593.813761361397
2005-07-06,80543.0,122929.0,32099.0,,,,6664.005585952206
2005-07-07,80654.0,122670.0,31851.0,,,,6600.194836324192
2005-07-08,81149.0,122515.0,31560.0,,,,6743.769022987206
2005-07-09,81683.0,122515.0,31391.0,,,,6673.577198396398
2005-07-10,82088.0,122275.0,31168.0,,,,6510.037306335895
2005-07-11,82319.0,122104.0,30896.0,,,,6510.037306335895
2005-07-12,82405.0,121762.0,30566.0,,,,6526.710254793296
2005-07-13,82492.0,121368.0,30223.0,,,,6557.277326965199
2005-07-14,82521.0,121009.0,29914.0,,,,6609.766448768401
2005-07-15,82579.0,120565.0,29522.0,,,,6644.862361063805
2005-07-16,82492.0,120157.0,29123.0,,,,6711.863648173199
2005-07-17,82477.0,119699.0,28725.0,,,,6880.962134687407
2005-07-18,82477.0,119308.0,28407.0,,,,7068.175981695599
2005-07-19,82463.0,118867.0,28167.0,,,,6798.008160170993
2005-07-20,82434.0,118427.0,27909.0,,,,6654.4339735079975
2005-07-21,82333.0,117938.0,27580.0,,,,6573.9502754226
2005-07-22,82175.0,117433.0,27219.0,,,,6562.834976450994
2005-07-23,81669.0,116964.0,26885.0,,,,6560.056151708097
2005-07-24,81308.0,116478.0,26540.0,,,,6546.162027993593
2005-07-25,81091.0,116261.0,26194.0,,,,6548.940852736507
2005-07-26,80599.0,116194.0,25829.0,,,,6565.613801193907
2005-07-27,80060.0,115725.0,25462.0,,,,6568.392625936805
2005-07-28,79562.0,115260.0,25105.0,,,,6576.729100165498
2005-07-29,78926.0,114762.0,24735.0,,,,6576.729100165498
2005-07-30,78001.0,114246.0,24348.0,,,,6576.729100165498
2005-07-31,77365.0,113865.0,24083.0,,,,6576.729100165498
2005-08-01,76398.0,113371.0,23951.0,,,,6576.729100165498
2005-08-02,75610.0,112909.0,23947.0,,,,6579.507924908395
2005-08-03,74865.0,112448.0,23926.0,,,,6585.065574394206
2005-08-04,74133.0,111890.0,23837.0,,,,6585.065574394206
2005-08-05,73411.0,111431.0,23773.0,,,,6579.507924908395
2005-08-06,72510.0,110925.0,23741.0,,,,6546.162027993593
2005-08-07,71517.0,110387.0,23661.0,,,,6512.816131078808
2005-08-08,70563.0,109835.0,23605.0,,,,6501.700832107203
2005-08-09,69649.0,109299.0,23557.0,,,,6573.9502754226
2005-08-10,68656.0,108733.0,23493.0,,,,6606.575911287004
2005-08-11,67742.0,108088.0,23409.0,,,,6619.338061212593
2005-08-12,66923.0,107508.0,23358.0,,,,6622.528598694008
2005-08-13,66070.0,107124.0,23346.0,,,,6625.719136175405
2005-08-14,65192.0,106612.0,23282.0,,,,6632.100211138199
2005-08-15,64606.0,106148.0,23298.0,,,,6632.100211138199
2005-08-16,63892.0,105605.0,23278.0,,,,6625.719136175405
2005-08-17,63128.0,105114.0,23215.0,,,,6628.909673656802
2005-08-18,62339.0,104526.0,23143.0,,,,6616.147523731196
2005-08-19,61473.0,103956.0,23080.0,,,,6609.766448768401
2005-08-20,60671.0,103436.0,23032.0,,,,6612.956986249798
2005-08-21,59779.0,102916.0,22980.0,,,,6619.338061212593
2005-08-22,58802.0,102398.0,22929.0,,,,6612.956986249798
2005-08-23,57826.0,101882.0,22858.0,,,,6576.729100165498
2005-08-24,56898.0,101320.0,22791.0,,,,6540.604378507798
2005-08-25,56092.0,100745.0,22725.0,,,,6501.700832107203
2005-08-26,55200.0,100156.0,22650.0,,,,6460.018460963693
2005-08-27,54183.0,99552.0,22579.0,,,,6404.441966105696
2005-08-28,53225.0,98952.0,22533.0,,,,6357.201945476408
2005-08-29,52304.0,98399.0,22509.0,,,,6318.298399075795
2005-08-30,51651.0,97862.0,22505.0,,,,6323.856048561606
2005-08-31,51208.0,97434.0,22595.0,,,,6337.7501722760935
2005-09-01,50823.0,96993.0,22854.0,,,,6346.086646504801
2005-09-02,50356.0,96552.0,22949.0,,,,6351.644295990596
2005-09-03,49737.0,96008.0,22953.0,,,,6357.201945476408
2005-09-04,48926.0,95448.0,22909.0,,,,6359.980770219304
2005-09-05,48158.0,94936.0,22874.0,,,,6362.759594962202
2005-09-06,47480.0,94381.0,22810.0,,,,6357.201945476408
2005-09-07,46735.0,93842.0,22760.0,,,,6312.74074959
2005-09-08,45979.0,93259.0,22673.0,,,,6266.662355190595
2005-09-09,45145.0,92769.0,22568.0,,,,6217.8734670029935
2005-09-10,44411.0,92219.0,22400.0,,,,6166.374085027194
2005-09-11,43722.0,91658.0,22136.0,,,,6106.743221686803
2005-09-12,43109.0,91291.0,21888.0,,,,6017.721868965306
2005-09-13,42373.0,90849.0,21707.0,,,,5964.456309399295
2005-09-14,41575.0,90292.0,21443.0,,,,5919.180583768205
2005-09-15,40913.0,89855.0,21180.0,,,,5884.557970050307
2005-09-16,40461.0,89374.0,21010.0,,,,5887.221248028603
2005-09-17,39610.0,88864.0,20953.0,,,,5895.211081963496
2005-09-18,38727.0,88273.0,20905.0,,,,5900.537637920107
2005-09-19,37896.0,87756.0,20860.0,,,,5905.864193876702
2005-09-20,37044.0,87166.0,20795.0,,,,5900.537637920107
2005-09-21,36231.0,86594.0,20727.0,,,,5855.261912289004
2005-09-22,35400.0,85995.0,20663.0,,,,5799.333074744693
2005-09-23,34577.0,85385.0,20335.0,,,,5723.033857446003
2005-09-24,33834.0,84791.0,20061.0,,,,5628.8403695568
2005-09-25,33102.0,84201.0,19785.0,,,,5534.646881667596
2005-09-26,32685.0,83611.0,19518.0,,,,5457.174568183794
2005-09-27,32249.0,83094.0,19362.0,,,,5408.344199163895
2005-09-28,31582.0,82483.0,19166.0,,,,5315.8234999683045
2005-09-29,30933.0,81871.0,18906.0,,,,5218.854869452506
2005-09-30,30191.0,81319.0,18597.0,,,,5120.423591552995
2005-10-01,29292.0,80795.0,18226.0,,,,5052.278860699499
2005-10-02,28532.0,80220.0,17858.0,,,,4989.456580079999
2005-10-03,27851.0,79645.0,17495.0,,,,4925.0260618500015
2005-10-04,26932.0,79046.0,17120.0,,,,4823.424090794995
2005-10-05,26192.0,78437.0,16749.0,,,,4717.592704100394
2005-10-06,25502.0,77829.0,16381.0,,,,4612.987755399607
2005-10-07,24890.0,77588.0,16235.0,,,,4544.872905082799
2005-10-08,24626.0,77655.0,16688.0,,,,4815.989800230002
2005-10-09,24805.0,78640.0,20758.0,,,,5203.711595929505
2005-10-10,24958.0,79128.0,21641.0,,,,5333.813635923003
2005-10-11,25018.0,79277.0,22004.0,,,,5392.9240826312935
2005-10-12,25068.0,79332.0,22093.0,,,,5359.513830143995
2005-10-13,25510.0,79947.0,23541.0,,,,5318.393519390403
2005-10-14,26056.0,81278.0,24891.0,,,,5292.693325169397
2005-10-15,26618.0,82469.0,25788.0,,,,5266.993130948405
2005-10-16,27238.0,83625.0,26414.0,,,,5228.950385134497
2005-10-17,27698.0,84425.0,26779.0,,,,5191.092201327003
2005-10-18,28046.0,85046.0,27051.0,,,,5196.139959167997
2005-10-19,28337.0,85526.0,27275.0,,,,5221.378748373004
2005-10-20,28541.0,85867.0,27438.0,,,,5244.093658657497
2005-10-21,28680.0,86137.0,27580.0,,,,5264.423111526293
2005-10-22,28801.0,86408.0,27714.0,,,,5295.263344591494
2005-10-23,29283.0,87466.0,28237.0,,,,5395.494102053405
2005-10-24,30618.0,89024.0,28615.0,,,,5416.054257430202
2005-10-25,31628.0,90350.0,29370.0,,,,5369.7939078324
2005-10-26,33507.0,92694.0,29878.0,,,,5400.6341408976
2005-10-27,35083.0,94141.0,30282.0,,,,5305.5434222799
2005-10-28,36370.0,95357.0,30579.0,,,,5231.474264054994
2005-10-29,37381.0,96370.0,30808.0,,,,5228.950385134497
2005-10-30,38275.0,97176.0,31021.0,,,,5213.807111611496
2005-10-31,39054.0,97877.0,31201.0,,,,5203.711595929505
2005-11-01,39779.0,98537.0,31391.0,,,,5244.093658657497
2005-11-02,40483.0,99244.0,31405.0,,,,5277.273208636796
2005-11-03,41312.0,99877.0,31340.0,,,,5279.843228058894
2005-11-04,41953.0,100481.0,31294.0,,,,5277.273208636796
2005-11-05,42499.0,100978.0,31183.0,,,,5272.133169792601
2005-11-06,43025.0,101476.0,31072.0,,,,5264.423111526293
2005-11-07,43588.0,101976.0,30952.0,,,,5261.853092104196
2005-11-08,44188.0,102148.0,30831.0,,,,5249.141416498507
2005-11-09,44700.0,102257.0,30680.0,,,,5233.998142975506
2005-11-10,45378.0,102476.0,30621.0,,,,5233.998142975506
2005-11-11,46312.0,102790.0,30612.0,,,,5241.569779736999
2005-11-12,47002.0,102900.0,30511.0,,,,5244.093658657497
2005-11-13,47647.0,103026.0,30387.0,,,,5249.141416498507
2005-11-14,48203.0,103073.0,30255.0,,,,5254.189174339502
2005-11-15,48792.0,103199.0,30137.0,,,,5254.189174339502
2005-11-16,49516.0,103183.0,30028.0,,,,5266.993130948405
2005-11-17,51173.0,104177.0,30110.0,,,,5351.8037718777005
2005-11-18,53051.0,105048.0,30171.0,,,,5372.363927254497
2005-11-19,54463.0,105784.0,30125.0,,,,5377.503966098708
2005-11-20,55616.0,106356.0,30046.0,,,,5374.933946676595
2005-11-21,56580.0,106868.0,29946.0,,,,5367.223888410302
2005-11-22,57460.0,107300.0,29860.0,,,,5354.373791299799
2005-11-23,58387.0,107782.0,29810.0,,,,5290.123305747299
2005-11-24,59206.0,108152.0,29707.0,,,,5300.403383435704
2005-11-25,59853.0,108363.0,29593.0,,,,5305.5434222799
2005-11-26,60378.0,108568.0,29469.0,,,,5300.403383435704
2005-11-27,60842.0,108911.0,29315.0,,,,5292.693325169397
2005-11-28,61333.0,109251.0,29172.0,,,,5282.413247481006
2005-11-29,62046.0,109770.0,29083.0,,,,5269.563150370503
2005-11-30,63867.0,112037.0,30487.0,,,,5349.233752455603
2005-12-01,66974.0,114728.0,31471.0,,,,5244.093658657497
2005-12-02,69080.0,116093.0,31911.0,,,,5254.189174339502
2005-12-03,70642.0,117357.0,32225.0,,,,5277.273208636796
2005-12-04,71821.0,118304.0,32465.0,,,,5297.833364013607
2005-12-05,72788.0,119121.0,32647.0,,,,5305.5434222799
2005-12-06,73609.0,119784.0,32829.0,,,,5292.693325169397
2005-12-07,74326.0,120395.0,32986.0,,,,5269.563150370503
2005-12-08,75044.0,120480.0,33115.0,,,,5241.569779736999
2005-12-09,75611.0,121294.0,33046.0,,,,5251.665295419005
2005-12-10,76108.0,121626.0,32924.0,,,,5256.71305326
2005-12-11,76550.0,121951.0,32781.0,,,,5249.141416498507
2005-12-12,76992.0,122309.0,32638.0,,,,5244.093658657497
2005-12-13,77393.0,122689.0,32494.0,,,,5231.474264054994
2005-12-14,77655.0,122791.0,32302.0,,,,5223.902627293501
2005-12-15,77862.0,122808.0,32122.0,,,,5241.569779736999
2005-12-16,78263.0,123067.0,31986.0,,,,5444.324471073304
2005-12-17,78761.0,122981.0,32118.0,,,,5644.5392842050005
2005-12-18,79244.0,122756.0,32232.0,,,,5678.553599276098
2005-12-19,79521.0,122498.0,32316.0,,,,
2005-12-20,79673.0,122258.0,32391.0,,,,
2005-12-21,79797.0,122002.0,32444.0,,,,5439.184432229095
2005-12-22,80004.0,121557.0,32458.0,,,,5313.253480546207
2005-12-23,80156.0,121248.0,32500.0,,,,5246.617537577995
2005-12-24,80363.0,120949.0,32542.0,,,,5246.617537577995
2005-12-25,80570.0,120605.0,32580.0,,,,5259.283072682098
2005-12-26,81148.0,120497.0,32733.0,,,,5408.344199163895
2005-12-27,82189.0,121265.0,32919.0,,,,5524.180938568805
2005-12-28,83028.0,121488.0,33048.0,,,,5498.2948789374
2005-12-29,83663.0,121540.0,33115.0,,,,5423.764315696494
2005-12-30,85325.0,122670.0,33446.0,,,,5341.523694189296
2005-12-31,87378.0,124135.0,33499.0,,,,5302.973402857802
2006-01-01,88876.0,125331.0,33461.0,,,,5251.665295419005
2006-01-02,90123.0,126255.0,33369.0,,,,5186.044443486007
2006-01-03,91264.0,127146.0,33317.0,,,,5287.553286325202
2006-01-04,92314.0,127987.0,33221.0,,,,5290.123305747299
2006-01-05,93105.0,128409.0,33101.0,,,,5211.283232690998
2006-01-06,93866.0,129077.0,32981.0,,,,5198.663838088495
2006-01-07,94519.0,129642.0,32834.0,,,,5233.998142975506
2006-01-08,95113.0,130067.0,32690.0,,,,5246.617537577995
2006-01-09,95660.0,130475.0,32533.0,,,,5239.045900816502
2006-01-10,96109.0,130883.0,32382.0,,,,5233.998142975506
2006-01-11,96591.0,131291.0,32236.0,,,,5241.569779736999
2006-01-12,97057.0,131969.0,32481.0,,,,5279.843228058894
2006-01-13,97927.0,133168.0,32805.0,,,,5249.141416498507
2006-01-14,98394.0,134408.0,33105.0,,,,5279.843228058894
2006-01-15,100276.0,138022.0,34586.0,,,,5328.673597078793
2006-01-16,100373.0,140227.0,35041.0,,,,5333.813635923003
2006-01-17,99858.0,141486.0,35140.0,,,,5333.813635923003
2006-01-18,99553.0,141969.0,35199.0,,,,5459.7445876059055
2006-01-19,102192.0,144060.0,35498.0,,,,5717.800885896593
2006-01-20,101677.0,143013.0,35264.0,,,,5568.661196738694
2006-01-21,100743.0,142416.0,35199.0,,,,5508.5749566258055
2006-01-22,99971.0,142043.0,35165.0,,,,5454.604548761695
2006-01-23,99408.0,141839.0,35165.0,,,,5452.034529339598
2006-01-24,98973.0,141690.0,35160.0,,,,5475.164704138507
2006-01-25,98700.0,141449.0,35110.0,,,,5392.9240826312935
2006-01-26,98442.0,141098.0,35056.0,,,,5300.403383435704
2006-01-27,98233.0,140875.0,34976.0,,,,5259.283072682098
2006-01-28,97991.0,140616.0,34946.0,,,,5213.807111611496
2006-01-29,97846.0,140505.0,34941.0,,,,5165.853412121996
2006-01-30,97814.0,140505.0,34986.0,,,,5168.377291042494
2006-01-31,97959.0,140616.0,35036.0,,,,5269.563150370503
2006-02-01,98474.0,140968.0,35066.0,,,,5364.6538689882045
2006-02-02,98474.0,140875.0,35021.0,,,,5328.673597078793
2006-02-03,98523.0,140913.0,35031.0,,,,5390.354063209195
2006-02-04,99038.0,141319.0,35204.0,,,,5529.413910118201
2006-02-05,99263.0,141616.0,35264.0,,,,5730.883314770096
2006-02-06,99376.0,141839.0,35239.0,,,,5836.618966440904
2006-02-07,99183.0,141764.0,35169.0,,,,5741.349257868901
2006-02-08,98925.0,141653.0,35140.0,,,,5586.9765971615925
2006-02-09,98651.0,141412.0,35120.0,,,,5403.204160319698
2006-02-10,98426.0,141061.0,34917.0,,,,5308.1134417019975
2006-02-11,98233.0,140838.0,34991.0,,,,5287.553286325202
2006-02-12,98007.0,140672.0,34863.0,,,,5277.273208636796
2006-02-13,97878.0,140560.0,34665.0,,,,5241.569779736999
2006-02-14,97734.0,140412.0,34710.0,,,,5211.283232690998
2006-02-15,97621.0,140153.0,34724.0,,,,5241.569779736999
2006-02-16,97540.0,140024.0,34739.0,,,,5277.273208636796
2006-02-17,97476.0,139896.0,34586.0,,,,5326.103577656695
2006-02-18,97460.0,139748.0,34379.0,,,,5356.9438107218975
2006-02-19,97347.0,139932.0,34086.0,,,,5362.083849566106
2006-02-20,97251.0,139951.0,33775.0,,,,5359.513830143995
2006-02-21,97202.0,139988.0,33489.0,,,,5349.233752455603
2006-02-22,97186.0,140006.0,33523.0,,,,5305.5434222799
2006-02-23,97073.0,139896.0,33610.0,,,,5274.703189214698
2006-02-24,97041.0,139601.0,33698.0,,,,5290.123305747299
2006-02-25,97009.0,139308.0,33751.0,,,,5297.833364013607
2006-02-26,96929.0,139013.0,33803.0,,,,5310.683461124095
2006-02-27,96848.0,138664.0,33838.0,,,,5308.1134417019975
2006-02-28,96784.0,138058.0,33654.0,,,,5310.683461124095
2006-03-01,96752.0,137583.0,33211.0,,,,5305.5434222799
2006-03-02,96703.0,137182.0,33115.0,,,,5305.5434222799
2006-03-03,96703.0,136781.0,33105.0,,,,5313.253480546207
2006-03-04,96671.0,136363.0,32919.0,,,,5308.1134417019975
2006-03-05,96671.0,135928.0,32639.0,,,,5295.263344591494
2006-03-06,96687.0,135475.0,32377.0,,,,5282.413247481006
2006-03-07,96703.0,135511.0,32108.0,,,,5269.563150370503
2006-03-08,96607.0,135566.0,31832.0,,,,5249.141416498507
2006-03-09,96302.0,135620.0,31555.0,,,,5228.950385134497
2006-03-10,96044.0,135710.0,31285.0,,,,5208.759353770501
2006-03-11,95948.0,135801.0,30984.0,,,,5168.377291042494
2006-03-12,95899.0,135892.0,30616.0,,,,5135.566865075995
2006-03-13,98754.0,136036.0,30232.0,,,,5117.899712632497
2006-03-14,96205.0,136073.0,29932.0,,,,5064.898255302002
2006-03-15,97395.0,136181.0,29697.0,,,,4996.890870645007
2006-03-16,97830.0,136272.0,29428.0,,,,4994.412773789994
2006-03-17,97975.0,136272.0,29101.0,,,,5034.611708256001
2006-03-18,97927.0,136272.0,28747.0,,,,5072.469892063496
2006-03-19,97830.0,136199.0,28403.0,,,,5107.804196950507
2006-03-20,97750.0,136127.0,28058.0,,,,5140.614622917005
2006-03-21,97508.0,135892.0,27988.0,,,,5170.901169963006
2006-03-22,97283.0,135747.0,28027.0,,,,5208.759353770501
2006-03-23,97170.0,135566.0,28027.0,,,,5266.993130948405
2006-03-24,97009.0,135403.0,28045.0,,,,5320.9635388125
2006-03-25,96913.0,135185.0,28088.0,,,,5372.363927254497
2006-03-26,96832.0,135004.0,28119.0,,,,5423.764315696494
2006-03-27,96800.0,134895.0,28167.0,,,,5475.164704138507
2006-03-28,96671.0,134588.0,28185.0,,,,5521.564452794094
2006-03-29,96463.0,134390.0,28211.0,,,,5568.661196738694
2006-03-30,96414.0,134120.0,28202.0,,,,5613.141454908599
2006-03-31,96302.0,133959.0,28224.0,,,,5657.621713078503
2006-04-01,96269.0,133725.0,28255.0,,,,5704.718457023105
2006-04-02,96414.0,133635.0,28324.0,,,,5749.198715192994
2006-04-03,96447.0,133527.0,28394.0,,,,5791.343240809801
2006-04-04,96382.0,133437.0,28499.0,,,,5855.261912289004
2006-04-05,96447.0,133455.0,28628.0,,,,5903.200915898405
2006-04-06,96463.0,133815.0,28751.0,,,,5945.813363551197
2006-04-07,96495.0,134246.0,28844.0,,,,5991.089089182301
2006-04-08,96687.0,134444.0,28972.0,,,,6068.796308652007
2006-04-09,96735.0,134570.0,29088.0,,,,6158.242603662601
2006-04-10,96752.0,134696.0,29186.0,,,,6220.583960791207
2006-04-11,96768.0,135022.0,29271.0,,,,6277.504330343402
2006-04-12,96752.0,135185.0,29347.0,,,,6323.856048561606
2006-04-13,96703.0,135493.0,29415.0,,,,6371.096069190895
2006-04-14,96687.0,135674.0,29496.0,,,,6415.557265077301
2006-04-15,96768.0,135910.0,29598.0,,,,6465.576110449503
2006-04-16,96880.0,136145.0,29702.0,,,,6504.479656850101
2006-04-17,96816.0,136181.0,29778.0,,,,6540.604378507798
2006-04-18,96719.0,136199.0,29846.0,,,,6576.729100165498
2006-04-19,96495.0,136272.0,29914.0,,,,
2006-04-20,96237.0,136345.0,29977.0,,,,
2006-04-21,96141.0,136345.0,30050.0,,,,
2006-04-22,96109.0,136327.0,30114.0,,,,6660.815048470809
2006-04-23,96655.0,136908.0,30337.0,,,,7068.175981695599
2006-04-24,98700.0,139142.0,31290.0,,,,7320.154409378997
2006-04-25,99633.0,140523.0,31785.0,,,,7136.618735873698
2006-04-26,99633.0,141024.0,32080.0,,,,6893.7242846129975
2006-04-27,99311.0,141079.0,32292.0,,,,6756.531172912794
2006-04-28,98957.0,141227.0,32458.0,,,,6724.625798098805
2006-04-29,98603.0,141264.0,32596.0,,,,6673.577198396398
2006-04-30,98313.0,140931.0,32709.0,,,,6612.956986249798
2006-05-01,98040.0,140838.0,32824.0,,,,6571.171450679702
2006-05-02,97878.0,140764.0,32924.0,,,,6587.844399137102
2006-05-03,97798.0,140579.0,32957.0,,,,6612.956986249798
2006-05-04,97540.0,140338.0,33038.0,,,,6628.909673656802
2006-05-05,97235.0,140098.0,33144.0,,,,6635.290748619596
2006-05-06,96961.0,139951.0,33221.0,,,,6648.052898545202
2006-05-07,96735.0,139896.0,33264.0,,,,6648.052898545202
2006-05-08,96527.0,139822.0,33283.0,,,,6644.862361063805
2006-05-09,96479.0,139693.0,33302.0,,,,6632.100211138199
2006-05-10,96623.0,139565.0,33317.0,,,,6616.147523731196
2006-05-11,96607.0,139400.0,33336.0,,,,6593.813761361397
2006-05-12,96752.0,139675.0,33513.0,,,,6600.194836324192
2006-05-13,96880.0,140061.0,34463.0,,,,6571.171450679702
2006-05-14,96929.0,140338.0,34783.0,,,,6526.710254793296
2006-05-15,96913.0,140505.0,35001.0,,,,6501.700832107203
2006-05-16,96880.0,140634.0,35001.0,,,,6540.604378507798
2006-05-17,96896.0,140987.0,35155.0,,,,6573.9502754226
2006-05-18,96929.0,140894.0,35115.0,,,,6603.385373805607
2006-05-19,96961.0,140931.0,35090.0,,,,6628.909673656802
2006-05-20,97057.0,140968.0,35120.0,,,,6628.909673656802
2006-05-21,97073.0,140968.0,35075.0,,,,6628.909673656802
2006-05-22,97186.0,141061.0,35056.0,,,,6625.719136175405
2006-05-23,97251.0,141042.0,35026.0,,,,6619.338061212593
2006-05-24,97267.0,140987.0,35011.0,,,,6612.956986249798
2006-05-25,97186.0,140950.0,35001.0,,,,6603.385373805607
2006-05-26,97170.0,140913.0,34961.0,,,,6603.385373805607
2006-05-27,97154.0,140950.0,34877.0,,,,6641.671823582408
2006-05-28,97138.0,140672.0,34892.0,,,,6664.005585952206
2006-05-29,97073.0,140431.0,34863.0,,,,6676.767735877795
2006-05-30,96977.0,140172.0,34818.0,,,,6683.148810840607
2006-05-31,96880.0,140301.0,34769.0,,,,6673.577198396398
2006-06-01,96880.0,140672.0,34778.0,,,,6667.196123433603
2006-06-02,96816.0,140950.0,34705.0,,,,6801.198697652408
2006-06-03,96880.0,141098.0,34655.0,,,,6804.3892351338045
2006-06-04,97299.0,141116.0,34670.0,,,,6718.244723135993
2006-06-05,97476.0,141042.0,34650.0,,,,6632.100211138199
2006-06-06,97476.0,140931.0,34576.0,,,,6590.62322388
2006-06-07,97331.0,140783.0,34557.0,,,,6600.194836324192
2006-06-08,97235.0,140875.0,34670.0,,,,6612.956986249798
2006-06-09,97492.0,141301.0,34833.0,,,,6628.909673656802
2006-06-10,97685.0,141486.0,34961.0,,,,6641.671823582408
2006-06-11,97862.0,141653.0,34981.0,,,,6638.481286100993
2006-06-12,97878.0,141598.0,34951.0,,,,6632.100211138199
2006-06-13,97766.0,141449.0,34818.0,,,,6625.719136175405
2006-06-14,97589.0,141245.0,34778.0,,,,6619.338061212593
2006-06-15,97573.0,141431.0,34823.0,,,,6606.575911287004
2006-06-16,97460.0,141375.0,34808.0,,,,6440.566687763394
2006-06-17,97122.0,140857.0,34744.0,,,,6418.336089820199
2006-06-18,96816.0,140579.0,34660.0,,,,6443.345512506307
2006-06-19,96495.0,140412.0,34562.0,,,,6465.576110449503
2006-06-20,96575.0,140375.0,34463.0,,,,6487.8067083927
2006-06-21,96431.0,140301.0,34507.0,,,,6501.700832107203
2006-06-22,96221.0,140098.0,34517.0,,,,6518.373780564603
2006-06-23,96205.0,139988.0,34453.0,,,,6554.498502222301
2006-06-24,96221.0,140214.0,34405.0,,,,6562.834976450994
2006-06-25,96221.0,140505.0,34355.0,,,,6657.624510989394
2006-06-26,96736.0,141042.0,34705.0,,,,7709.388642494999
2006-06-27,99183.0,143873.0,35613.0,,,,10714.872147655207
2006-06-28,107541.0,145717.0,35778.0,,,,15911.561784875112
2006-06-29,108873.0,145039.0,35514.0,,,,15968.5343557575
2006-06-30,106023.0,143346.0,35289.0,,,,14614.486984358688
2006-07-01,101999.0,142435.0,35204.0,,,,13390.261355923209
2006-07-02,100405.0,141913.0,35155.0,,,,11667.8479011504
2006-07-03,99521.0,141635.0,34951.0,,,,9789.651469957193
2006-07-04,98555.0,141375.0,34931.0,,,,7949.607628950012
2006-07-05,97991.0,141319.0,34907.0,,,,6762.912247875606
2006-07-06,97573.0,141098.0,34700.0,,,,6746.959560468603
2006-07-07,97283.0,141005.0,34463.0,,,,6644.862361063805
2006-07-08,97009.0,140709.0,34209.0,,,,6606.575911287004
2006-07-09,96784.0,140486.0,33988.0,,,,6565.613801193907
2006-07-10,96543.0,140375.0,33755.0,,,,6579.507924908395
2006-07-11,96495.0,140172.0,33669.0,,,,6546.162027993593
2006-07-12,96527.0,140080.0,33591.0,,,,6540.604378507798
2006-07-13,96848.0,139951.0,33538.0,,,,6632.100211138199
2006-07-14,96945.0,139767.0,33451.0,,,,6632.100211138199
2006-07-15,96848.0,139528.0,33297.0,,,,6689.5298858034
2006-07-16,96655.0,139197.0,33153.0,,,,6759.721710394191
2006-07-17,96463.0,138885.0,32995.0,,,,6775.674397801196
2006-07-18,96141.0,138535.0,32834.0,,,,6785.246010245404
2006-07-19,95786.0,138113.0,32634.0,,,,6695.910960766196
2006-07-20,95722.0,137583.0,32615.0,,,,6603.385373805607
2006-07-21,95676.0,137090.0,32491.0,,,,6590.62322388
2006-07-22,95676.0,136708.0,32411.0,,,,6702.292035729008
2006-07-23,96028.0,136526.0,32477.0,,,,6762.912247875606
2006-07-24,96173.0,136145.0,32420.0,,,,6775.674397801196
2006-07-25,96189.0,135692.0,32339.0,,,,6731.0068730616
2006-07-26,96092.0,135222.0,32245.0,,,,6686.339348322003
2006-07-27,96060.0,134823.0,32151.0,,,,6676.767735877795
2006-07-28,96044.0,134300.0,32000.0,,,,6718.244723135993
2006-07-29,96382.0,134624.0,31869.0,,,,6699.101498247593
2006-07-30,96623.0,134534.0,31761.0,,,,6641.671823582408
2006-07-31,96719.0,134426.0,31639.0,,,,6585.065574394206
2006-08-01,96623.0,134210.0,31550.0,,,,6582.286749651308
2006-08-02,96398.0,133815.0,31327.0,,,,6597.004298842795
2006-08-03,96092.0,133437.0,31131.0,,,,6609.766448768401
2006-08-04,95964.0,133060.0,30845.0,,,,6619.338061212593
2006-08-05,95931.0,132683.0,30547.0,,,,6622.528598694008
2006-08-06,95851.0,132218.0,30259.0,,,,6619.338061212593
2006-08-07,95706.0,131755.0,29923.0,,,,6616.147523731196
2006-08-08,95569.0,131273.0,29585.0,,,,6612.956986249798
2006-08-09,95356.0,130777.0,29244.0,,,,6600.194836324192
2006-08-10,95220.0,130280.0,28839.0,,,,6590.62322388
2006-08-11,95037.0,129766.0,28495.0,,,,6593.813761361397
2006-08-12,94702.0,129218.0,28158.0,,,,6600.194836324192
2006-08-13,94276.0,128655.0,27805.0,,,,6609.766448768401
2006-08-14,93927.0,128110.0,27447.0,,,,6616.147523731196
2006-08-15,93577.0,127565.0,27116.0,,,,6625.719136175405
2006-08-16,93212.0,127023.0,26774.0,,,,6628.909673656802
2006-08-17,92892.0,126499.0,26435.0,,,,6612.956986249798
2006-08-18,92466.0,125975.0,26076.0,,,,6600.194836324192
2006-08-19,91979.0,125401.0,25725.0,,,,6606.575911287004
2006-08-20,92466.0,126360.0,25475.0,,,,6612.956986249798
2006-08-21,92892.0,126709.0,25197.0,,,,6612.956986249798
2006-08-22,93029.0,126604.0,24858.0,,,,6609.766448768401
2006-08-23,92968.0,126360.0,24507.0,,,,6606.575911287004
2006-08-24,92755.0,126028.0,24153.0,,,,6600.194836324192
2006-08-25,92177.0,125679.0,23777.0,,,,6597.004298842795
2006-08-26,91903.0,125418.0,23465.0,,,,6603.385373805607
2006-08-27,91721.0,125174.0,23155.0,,,,6622.528598694008
2006-08-28,92055.0,125157.0,22921.0,,,,6782.055472764007
2006-08-29,92497.0,125019.0,22709.0,,,,6597.004298842795
2006-08-30,94474.0,126971.0,22957.0,,,,6521.152605307501
2006-08-31,95835.0,127829.0,23072.0,,,,6163.6635912389975
2006-09-01,96591.0,128286.0,23175.0,,,,5485.444781826897
2006-09-02,96977.0,128585.0,23266.0,,,,5444.324471073304
2006-09-03,97073.0,128708.0,23401.0,,,,6007.068757052101
2006-09-04,97106.0,128725.0,23541.0,,,,6329.4136980474
2006-09-05,97122.0,128637.0,23721.0,,,,6518.373780564603
2006-09-06,97090.0,128620.0,23817.0,,,,6606.575911287004
2006-09-07,97073.0,128514.0,23906.0,,,,6628.909673656802
2006-09-08,96945.0,128339.0,23991.0,,,,6628.909673656802
2006-09-09,96864.0,128093.0,24051.0,,,,6628.909673656802
2006-09-10,96768.0,127811.0,24092.0,,,,6609.766448768401
2006-09-11,96703.0,127495.0,24076.0,,,,6587.844399137102
2006-09-12,96623.0,127163.0,24047.0,,,,6597.004298842795
2006-09-13,96479.0,126796.0,24051.0,,,,6606.575911287004
2006-09-14,96463.0,126394.0,24043.0,,,,6673.577198396398
2006-09-15,96816.0,126604.0,24871.0,,,,6775.674397801196
2006-09-16,97235.0,126813.0,25483.0,,,,6769.293322838401
2006-09-17,97283.0,126831.0,25762.0,,,,6731.0068730616
2006-09-18,97267.0,126761.0,25959.0,,,,6676.767735877795
2006-09-19,97218.0,126586.0,26118.0,,,,6638.481286100993
2006-09-20,97073.0,126516.0,26261.0,,,,6635.290748619596
2006-09-21,96977.0,126342.0,26363.0,,,,6619.338061212593
2006-09-22,96896.0,126115.0,26465.0,,,,6603.385373805607
2006-09-23,96527.0,125800.0,26545.0,,,,6619.338061212593
2006-09-24,96092.0,125574.0,26642.0,,,,6635.290748619596
2006-09-25,95835.0,125331.0,26723.0,,,,6641.671823582408
2006-09-26,95448.0,124984.0,26732.0,,,,6638.481286100993
2006-09-27,95006.0,124690.0,26697.0,,,,6632.100211138199
2006-09-28,94626.0,124291.0,26710.0,,,,6628.909673656802
2006-09-29,94611.0,124516.0,26701.0,,,,6670.386660915
2006-09-30,95022.0,124828.0,26697.0,,,,6654.4339735079975
2006-10-01,95204.0,124949.0,26719.0,,,,6628.909673656802
2006-10-02,95539.0,125279.0,26923.0,,,,6612.956986249798
2006-10-03,95819.0,125418.0,26979.0,,,,6612.956986249798
2006-10-04,95851.0,125488.0,27090.0,,,,6609.766448768401
2006-10-05,95867.0,125540.0,27202.0,,,,6657.624510989394
2006-10-06,95867.0,125557.0,27292.0,,,,6632.100211138199
2006-10-07,95819.0,125453.0,27369.0,,,,6635.290748619596
2006-10-08,95676.0,125314.0,27434.0,,,,6632.100211138199
2006-10-09,95478.0,125157.0,27494.0,,,,6625.719136175405
2006-10-10,95250.0,124915.0,27550.0,,,,6619.338061212593
2006-10-11,94946.0,124690.0,27584.0,,,,6619.338061212593
2006-10-12,94747.0,124412.0,27670.0,,,,6628.909673656802
2006-10-13,94717.0,124378.0,27826.0,,,,6619.338061212593
2006-10-14,94367.0,124274.0,27914.0,,,,6612.956986249798
2006-10-15,94018.0,124153.0,27983.0,,,,6600.194836324192
2006-10-16,93637.0,123997.0,28058.0,,,,6582.286749651308
2006-10-17,93301.0,123859.0,28114.0,,,,6512.816131078808
2006-10-18,92755.0,124101.0,28539.0,,,,6448.903161992103
2006-10-19,92192.0,124274.0,28897.0,,,,6304.609268225407
2006-10-20,91766.0,124811.0,29258.0,,,,6158.242603662601
2006-10-21,92451.0,126290.0,30060.0,,,,6023.048424921903
2006-10-22,92938.0,127250.0,30461.0,,,,5873.904858137102
2006-10-23,93166.0,128040.0,30744.0,,,,5723.033857446003
2006-10-24,93501.0,128708.0,30952.0,,,,5560.811739414602
2006-10-25,93592.0,129201.0,31136.0,,,,5410.914218586006
2006-10-26,93683.0,129731.0,31294.0,,,,5351.8037718777005
2006-10-27,93729.0,130103.0,31424.0,,,,5300.403383435704
2006-10-28,93942.0,130670.0,31681.0,,,,5615.7579406832965
2006-10-29,97186.0,133240.0,33543.0,,,,6188.058035332806
2006-10-30,98378.0,134931.0,34032.0,,,,6076.927790016598
2006-10-31,98474.0,135312.0,34287.0,,,,5828.6291325059965
2006-11-01,98410.0,135873.0,34253.0,,,,5526.797424343504
2006-11-02,98313.0,136399.0,34170.0,,,,5290.123305747299
2006-11-03,98233.0,136945.0,34101.0,,,,5259.283072682098
2006-11-04,97959.0,137236.0,33959.0,,,,5292.693325169397
2006-11-05,97540.0,137401.0,33799.0,,,,5313.253480546207
2006-11-06,97170.0,137601.0,33611.0,,,,5318.393519390403
2006-11-07,96848.0,137657.0,33432.0,,,,5313.253480546207
2006-11-08,96591.0,137638.0,33221.0,,,,5439.184432229095
2006-11-09,96703.0,138498.0,33562.0,,,,5762.281144066496
2006-11-10,96832.0,139050.0,33674.0,,,,5568.661196738694
2006-11-11,96784.0,139528.0,33596.0,,,,5310.683461124095
2006-11-12,96704.0,139917.0,33713.0,,,,5269.563150370503
2006-11-13,96655.0,140209.0,33813.0,,,,5264.423111526293
2006-11-14,96607.0,140357.0,33925.0,,,,5213.807111611496
2006-11-15,96559.0,140486.0,34037.0,,,,5082.5654077455
2006-11-16,96414.0,140486.0,34135.0,,,,5206.235474850003
2006-11-17,99247.0,141616.0,35061.0,,,,6560.056151708097
2006-11-18,100083.0,141746.0,35269.0,,,,6762.912247875606
2006-11-19,99826.0,141598.0,35229.0,,,,6479.470234164007
2006-11-20,99360.0,141301.0,35194.0,,,,6093.190752745799
2006-11-21,98941.0,141024.0,35150.0,,,,5597.442540260398
2006-11-22,98603.0,140857.0,35100.0,,,,5318.393519390403
2006-11-23,98345.0,140746.0,34941.0,,,,5362.083849566106
2006-11-24,98265.0,140875.0,34798.0,,,,5467.454645872199
2006-11-25,97959.0,140765.0,34601.0,,,,5503.434917781595
2006-11-26,97492.0,140653.0,34414.0,,,,5513.714995470001
2006-11-27,97170.0,140560.0,34189.0,,,,5500.864898359497
2006-11-28,96800.0,140486.0,33964.0,,,,5431.474373962802
2006-11-29,96591.0,140634.0,33731.0,,,,5305.5434222799
2006-11-30,96398.0,140746.0,33499.0,,,,5266.993130948405
2006-12-01,96253.0,140708.0,33259.0,,,,5259.283072682098
2006-12-02,96414.0,141283.0,33201.0,,,,5279.843228058894
2006-12-03,96511.0,141135.0,33062.0,,,,5282.413247481006
2006-12-04,96398.0,140950.0,32885.0,,,,5279.843228058894
2006-12-05,96334.0,140844.0,32743.0,,,,5259.283072682098
2006-12-06,96173.0,140486.0,32567.0,,,,5272.133169792601
2006-12-07,95980.0,140246.0,32386.0,,,,5279.843228058894
2006-12-08,95835.0,140043.0,32227.0,,,,5269.563150370503
2006-12-09,95660.0,139730.0,32033.0,,,,5256.71305326
2006-12-10,95508.0,139436.0,31850.0,,,,5251.665295419005
2006-12-11,95265.0,139032.0,31648.0,,,,5251.665295419005
2006-12-12,95037.0,138645.0,31639.0,,,,5264.423111526293
2006-12-13,94748.0,138094.0,31686.0,,,,5279.843228058894
2006-12-14,94580.0,137547.0,31789.0,,,,5282.413247481006
2006-12-15,94337.0,136945.0,31868.0,,,,5274.703189214698
2006-12-16,93972.0,136290.0,31939.0,,,,5282.413247481006
2006-12-17,93713.0,135711.0,32000.0,,,,5287.553286325202
2006-12-18,93348.0,135058.0,32052.0,,,,5290.123305747299
2006-12-19,93059.0,134437.0,32114.0,,,,5290.123305747299
2006-12-20,92679.0,133725.0,32066.0,,,,5282.413247481006
2006-12-21,92268.0,133132.0,31906.0,,,,5274.703189214698
2006-12-22,91918.0,132469.0,31906.0,,,,5272.133169792601
2006-12-23,91614.0,131933.0,32019.0,,,,5426.334335118608
2006-12-24,91416.0,131635.0,32254.0,,,,5566.044710963997
2006-12-25,91218.0,131291.0,32358.0,,,,5644.5392842050005
2006-12-26,90975.0,131078.0,32477.0,,,,5725.6503432207
2006-12-27,90929.0,131081.0,32662.0,,,,5579.1271398375
2006-12-28,90853.0,130795.0,32786.0,,,,5362.083849566106
2006-12-29,90792.0,130599.0,32866.0,,,,5310.683461124095
2006-12-30,90807.0,130422.0,32962.0,,,,5292.693325169397
2006-12-31,91005.0,130245.0,33048.0,,,,5264.423111526293
2007-01-01,91188.0,130138.0,33173.0,,,,5380.073985520806
2007-01-02,91203.0,130085.0,33417.0,,,,5605.291997584506
2007-01-03,91081.0,130067.0,33437.0,,,,5652.388741529093
2007-01-04,90914.0,130067.0,33374.0,,,,5459.7445876059055
2007-01-05,90701.0,130049.0,33336.0,,,,5323.533558234598
2007-01-06,90899.0,130635.0,33393.0,,,,5331.243616500905
2007-01-07,91705.0,132308.0,33974.0,,,,5333.813635923003
2007-01-08,92299.0,133419.0,34306.0,,,,5431.474373962802
2007-01-09,93455.0,135130.0,34907.0,,,,5467.454645872199
2007-01-10,94307.0,136109.0,34902.0,,,,5308.1134417019975
2007-01-11,94824.0,136690.0,34749.0,,,,5251.665295419005
2007-01-12,95234.0,137000.0,34562.0,,,,5266.993130948405
2007-01-13,95539.0,137273.0,34345.0,,,,5269.563150370503
2007-01-14,96012.0,137748.0,34170.0,,,,5264.423111526293
2007-01-15,96543.0,138223.0,34028.0,,,,5246.617537577995
2007-01-16,97878.0,139509.0,34160.0,,,,5256.71305326
2007-01-17,98281.0,140394.0,34106.0,,,,5259.283072682098
2007-01-18,98184.0,140783.0,33920.0,,,,5254.189174339502
2007-01-19,97991.0,140894.0,33727.0,,,,5272.133169792601
2007-01-20,97653.0,140765.0,33616.0,,,,5284.983266903103
2007-01-21,97396.0,140579.0,33514.0,,,,5279.843228058894
2007-01-22,97106.0,140394.0,33379.0,,,,5279.843228058894
2007-01-23,96832.0,140264.0,33221.0,,,,5292.693325169397
2007-01-24,96494.0,139914.0,33192.0,,,,5297.833364013607
2007-01-25,96221.0,139546.0,33163.0,,,,5300.403383435704
2007-01-26,95867.0,139068.0,33096.0,,,,5295.263344591494
2007-01-27,95463.0,138553.0,33043.0,,,,5287.553286325202
2007-01-28,95219.0,138168.0,33024.0,,,,5279.843228058894
2007-01-29,94793.0,137693.0,33000.0,,,,5272.133169792601
2007-01-30,94337.0,137145.0,32914.0,,,,5266.993130948405
2007-01-31,93820.0,136636.0,32862.0,,,,5279.843228058894
2007-02-01,93364.0,136127.0,32866.0,,,,5295.263344591494
2007-02-02,92862.0,135475.0,32767.0,,,,5310.683461124095
2007-02-03,92436.0,134805.0,32667.0,,,,5328.673597078793
2007-02-04,91994.0,134066.0,32676.0,,,,5333.813635923003
2007-02-05,91492.0,133329.0,32671.0,,,,5328.673597078793
2007-02-06,90990.0,132665.0,32533.0,,,,5315.8234999683045
2007-02-07,90397.0,131862.0,32391.0,,,,5315.8234999683045
2007-02-08,89773.0,131149.0,32311.0,,,,5310.683461124095
2007-02-09,89210.0,130493.0,32213.0,,,,5302.973402857802
2007-02-10,88906.0,129908.0,32108.0,,,,5297.833364013607
2007-02-11,88876.0,129394.0,32108.0,,,,5292.693325169397
2007-02-12,88845.0,128972.0,32103.0,,,,5284.983266903103
2007-02-13,88678.0,128514.0,31976.0,,,,5282.413247481006
2007-02-14,88556.0,128198.0,31803.0,,,,5320.9635388125
2007-02-15,88632.0,127952.0,31634.0,,,,5346.663733033506
2007-02-16,88419.0,127565.0,31429.0,,,,5372.363927254497
2007-02-17,88100.0,127198.0,31350.0,,,,5351.8037718777005
2007-02-18,87609.0,126796.0,31345.0,,,,5323.533558234598
2007-02-19,87161.0,126412.0,31332.0,,,,5282.413247481006
2007-02-20,86496.0,126062.0,31318.0,,,,5249.141416498507
2007-02-21,85904.0,125696.0,31197.0,,,,5264.423111526293
2007-02-22,85152.0,125679.0,31095.0,,,,5308.1134417019975
2007-02-23,84357.0,125453.0,30984.0,,,,5356.9438107218975
2007-02-24,83504.0,125123.0,30864.0,,,,5338.953674767198
2007-02-25,82753.0,124759.0,30854.0,,,,5300.403383435704
2007-02-26,81958.0,124430.0,30845.0,,,,5274.703189214698
2007-02-27,81380.0,124065.0,30721.0,,,,5279.843228058894
2007-02-28,80806.0,123722.0,30607.0,,,,5290.123305747299
2007-03-01,80433.0,123394.0,30470.0,,,,5295.263344591494
2007-03-02,80101.0,123118.0,30401.0,,,,6282.925317919796
2007-03-03,80018.0,123084.0,30487.0,,,,8288.780916744588
2007-03-04,80281.0,123101.0,30579.0,,,,8144.3315594658
2007-03-05,80447.0,122894.0,30616.0,,,,7606.206619941003
2007-03-06,80405.0,122601.0,30520.0,,,,6963.710725318491
2007-03-07,80060.0,122292.0,30396.0,,,,6346.086646504801
2007-03-08,79645.0,121968.0,30273.0,,,,5707.334942797802
2007-03-09,79078.0,121677.0,30168.0,,,,5127.995228314502
2007-03-10,78512.0,121368.0,30055.0,,,,5112.851954791502
2007-03-11,78429.0,121214.0,30073.0,,,,5297.833364013607
2007-03-12,78457.0,121077.0,30114.0,,,,5244.093658657497
2007-03-13,78457.0,120924.0,30028.0,,,,5095.184802348003
2007-03-14,78761.0,120958.0,29995.0,,,,5191.092201327003
2007-03-15,80709.0,122498.0,30222.0,,,,5359.513830143995
2007-03-16,86771.0,126254.0,30831.0,,,,5532.030395892898
2007-03-17,89971.0,128286.0,31141.0,,,,5683.786570825494
2007-03-18,91644.0,129660.0,31336.0,,,,5770.130601390605
2007-03-19,92512.0,130581.0,31466.0,,,,5828.6291325059965
2007-03-20,93136.0,130989.0,31555.0,,,,5836.618966440904
2007-03-21,93516.0,131113.0,31532.0,,,,5594.826054485701
2007-03-22,93698.0,131149.0,31475.0,,,,5315.8234999683045
2007-03-23,94854.0,131951.0,31532.0,,,,5416.054257430202
2007-03-24,96864.0,132934.0,31658.0,,,,5655.005227303805
2007-03-25,98490.0,134426.0,31915.0,,,,5815.312742614494
2007-03-26,99697.0,135874.0,32241.0,,,,5900.537637920107
2007-03-27,100663.0,137748.0,32538.0,,,,5935.160251638006
2007-03-28,101484.0,140486.0,33441.0,,,,5948.476641529494
2007-03-29,101452.0,141857.0,34243.0,,,,5980.435977269096
2007-03-30,100776.0,142099.0,34665.0,,,,6036.364814813404
2007-03-31,100051.0,141857.0,34951.0,,,,6085.059271381207
2007-04-01,99150.0,141524.0,35100.0,,,,6125.7166782042
2007-04-02,98523.0,141227.0,35125.0,,,,6182.637047756395
2007-04-03,98007.0,140876.0,35185.0,,,,6217.8734670029935
2007-04-04,97669.0,140708.0,35090.0,,,,6244.978404885001
2007-04-05,97637.0,140783.0,35175.0,,,,6280.214824131599
2007-04-06,97524.0,140671.0,35090.0,,,,6326.634873304502
2007-04-07,97315.0,140523.0,35055.0,,,,6371.096069190895
2007-04-08,97090.0,140338.0,35060.0,,,,6407.2207908485925
2007-04-09,96848.0,140098.0,35045.0,,,,6437.787863020498
2007-04-10,96655.0,139840.0,35036.0,,,,6471.133759935299
2007-04-11,96382.0,139601.0,35060.0,,,,6510.037306335895
2007-04-12,96140.0,139326.0,35085.0,,,,6587.844399137102
2007-04-13,96301.0,139013.0,35090.0,,,,6582.286749651308
2007-04-14,96398.0,138811.0,34976.0,,,,6454.4608114778985
2007-04-15,96398.0,138609.0,34897.0,,,,6562.834976450994
2007-04-16,97798.0,141783.0,35983.0,,,,7154.629986973202
2007-04-17,99553.0,143406.0,35518.0,,,,7362.675683922003
2007-04-18,100502.0,143200.0,35284.0,,,,6916.881472459794
2007-04-19,100937.0,142826.0,35204.0,,,,6638.481286100993
2007-04-20,101226.0,142715.0,35209.0,,,,6560.056151708097
2007-04-21,100985.0,142547.0,35204.0,,,,6587.844399137102
2007-04-22,100470.0,142248.0,35209.0,,,,6597.004298842795
2007-04-23,99826.0,141987.0,35209.0,,,,6597.004298842795
2007-04-24,99182.0,141764.0,35150.0,,,,6628.909673656802
2007-04-25,98571.0,141431.0,35050.0,,,,6679.958273359192
2007-04-26,98249.0,141172.0,35026.0,,,,6664.005585952206
2007-04-27,97927.0,140801.0,34981.0,,,,6619.338061212593
2007-04-28,97412.0,140876.0,34892.0,,,,6565.613801193907
2007-04-29,96945.0,140913.0,34670.0,,,,6576.729100165498
2007-04-30,96591.0,140838.0,34463.0,,,,6616.147523731196
2007-05-01,96269.0,140765.0,34262.0,,,,6619.338061212593
2007-05-02,96092.0,140597.0,34301.0,,,,6625.719136175405
2007-05-03,96044.0,140597.0,34340.0,,,,6603.385373805607
2007-05-04,95770.0,140653.0,34291.0,,,,6612.956986249798
2007-05-05,95630.0,140597.0,34316.0,,,,6635.290748619596
2007-05-06,95630.0,140436.0,34399.0,,,,6651.2434360266
2007-05-07,95600.0,140283.0,34473.0,,,,6664.005585952206
2007-05-08,95600.0,140140.0,34438.0,,,,6673.577198396398
2007-05-09,95508.0,139951.0,34404.0,,,,6679.958273359192
2007-05-10,95523.0,139804.0,34345.0,,,,6686.339348322003
2007-05-11,95615.0,139804.0,34360.0,,,,6692.720423284799
2007-05-12,95851.0,139767.0,34394.0,,,,6692.720423284799
2007-05-13,95915.0,139619.0,34468.0,,,,6695.910960766196
2007-05-14,95931.0,139472.0,34538.0,,,,6689.5298858034
2007-05-15,95899.0,139271.0,34503.0,,,,6676.767735877795
2007-05-16,95722.0,139472.0,34350.0,,,,6670.386660915
2007-05-17,95738.0,139583.0,34330.0,,,,6673.577198396398
2007-05-18,95738.0,139455.0,34267.0,,,,6654.4339735079975
2007-05-19,95738.0,139216.0,34204.0,,,,6638.481286100993
2007-05-20,95630.0,139252.0,34228.0,,,,6625.719136175405
2007-05-21,95615.0,139234.0,34262.0,,,,6635.290748619596
2007-05-22,95493.0,139087.0,34199.0,,,,6644.862361063805
2007-05-23,95326.0,138829.0,34130.0,,,,6651.2434360266
2007-05-24,95219.0,138682.0,34057.0,,,,6657.624510989394
2007-05-25,95022.0,138443.0,33969.0,,,,6660.815048470809
2007-05-26,94733.0,138332.0,33770.0,,,,6667.196123433603
2007-05-27,94474.0,138113.0,33606.0,,,,6689.5298858034
2007-05-28,94291.0,137985.0,33456.0,,,,6699.101498247593
2007-05-29,94033.0,137784.0,33283.0,,,,6699.101498247593
2007-05-30,93698.0,137364.0,33144.0,,,,6692.720423284799
2007-05-31,93455.0,137108.0,33077.0,,,,6679.958273359192
2007-06-01,93120.0,136854.0,32995.0,,,,6683.148810840607
2007-06-02,92694.0,136581.0,32905.0,,,,6750.150097950001
2007-06-03,92420.0,136472.0,32876.0,,,,6737.387948024394
2007-06-04,92451.0,136526.0,32900.0,,,,6740.578485505809
2007-06-05,92420.0,136781.0,33057.0,,,,6718.244723135993
2007-06-06,92238.0,136763.0,33067.0,,,,6673.577198396398
2007-06-07,92055.0,136617.0,33067.0,,,,6654.4339735079975
2007-06-08,91659.0,136435.0,33053.0,,,,6660.815048470809
2007-06-09,91218.0,136235.0,33033.0,,,,6667.196123433603
2007-06-10,90807.0,135982.0,33005.0,,,,6670.386660915
2007-06-11,90382.0,135638.0,32977.0,,,,6715.054185654596
2007-06-12,89925.0,135348.0,32895.0,,,,6711.863648173199
2007-06-13,89408.0,134895.0,32819.0,,,,6715.054185654596
2007-06-14,88967.0,134498.0,32733.0,,,,6737.387948024394
2007-06-15,88404.0,134192.0,32662.0,,,,6737.387948024394
2007-06-16,87695.0,133923.0,32619.0,,,,6731.0068730616
2007-06-17,87146.0,133707.0,32567.0,,,,6721.435260617408
2007-06-18,86742.0,133437.0,32510.0,,,,6705.482573210405
2007-06-19,86438.0,133042.0,32396.0,,,,6692.720423284799
2007-06-20,86178.0,135058.0,32377.0,,,,6775.674397801196
2007-06-21,86005.0,135783.0,32189.0,,,,6791.627085208199
2007-06-22,85542.0,136326.0,31976.0,,,,6743.769022987206
2007-06-23,85022.0,136563.0,31597.0,,,,6718.244723135993
2007-06-24,84545.0,136781.0,31206.0,,,,6692.720423284799
2007-06-25,83894.0,136927.0,30836.0,,,,6673.577198396398
2007-06-26,83287.0,136799.0,30447.0,,,,6660.815048470809
2007-06-27,82738.0,136290.0,30292.0,,,,6657.624510989394
2007-06-28,82290.0,136000.0,30128.0,,,,6660.815048470809
2007-06-29,81828.0,135602.0,30019.0,,,,6679.958273359192
2007-06-30,81524.0,134949.0,29856.0,,,,6673.577198396398
2007-07-01,81177.0,134228.0,29792.0,,,,6651.2434360266
2007-07-02,80847.0,133455.0,29719.0,,,,6628.909673656802
2007-07-03,80516.0,132880.0,29549.0,,,,6616.147523731196
2007-07-04,80308.0,132308.0,29428.0,,,,6628.909673656802
2007-07-05,80143.0,132022.0,29405.0,,,,6686.339348322003
2007-07-06,79963.0,131648.0,29419.0,,,,6750.150097950001
2007-07-07,79714.0,131167.0,29333.0,,,,6731.0068730616
2007-07-08,79327.0,130688.0,29275.0,,,,6686.339348322003
2007-07-09,78940.0,130226.0,29199.0,,,,6644.862361063805
2007-07-10,78498.0,129731.0,29079.0,,,,6641.671823582408
2007-07-11,77973.0,129236.0,28946.0,,,,6641.671823582408
2007-07-12,77710.0,128778.0,28839.0,,,,6654.4339735079975
2007-07-13,77213.0,128146.0,28760.0,,,,6648.052898545202
2007-07-14,76771.0,127512.0,28681.0,,,,6641.671823582408
2007-07-15,76233.0,126953.0,28609.0,,,,6635.290748619596
2007-07-16,75721.0,126464.0,28526.0,,,,6632.100211138199
2007-07-17,75196.0,125905.0,28455.0,,,,6638.481286100993
2007-07-18,74685.0,125453.0,28390.0,,,,6638.481286100993
2007-07-19,74381.0,125001.0,28342.0,,,,6644.862361063805
2007-07-20,73940.0,124551.0,28307.0,,,,6654.4339735079975
2007-07-21,73715.0,123945.0,28250.0,,,,6651.2434360266
2007-07-22,73199.0,123428.0,28180.0,,,,6651.2434360266
2007-07-23,72907.0,122929.0,28105.0,,,,6651.2434360266
2007-07-24,72589.0,122533.0,28114.0,,,,6651.2434360266
2007-07-25,72258.0,122138.0,28136.0,,,,6651.2434360266
2007-07-26,71861.0,121677.0,28076.0,,,,6654.4339735079975
2007-07-27,71424.0,121197.0,28005.0,,,,6660.815048470809
2007-07-28,71318.0,120855.0,27962.0,,,,6702.292035729008
2007-07-29,71079.0,120463.0,27944.0,,,,6734.197410542997
2007-07-30,70801.0,120038.0,28014.0,,,,6740.578485505809
2007-07-31,70483.0,119546.0,28023.0,,,,6689.5298858034
2007-08-01,70033.0,119036.0,27949.0,,,,6664.005585952206
2007-08-02,69582.0,118545.0,27883.0,,,,6654.4339735079975
2007-08-03,69159.0,118107.0,27813.0,,,,6648.052898545202
2007-08-04,68669.0,117619.0,27732.0,,,,6644.862361063805
2007-08-05,68099.0,117048.0,27640.0,,,,6644.862361063805
2007-08-06,67635.0,116545.0,27546.0,,,,6651.2434360266
2007-08-07,67203.0,116043.0,27442.0,,,,6654.4339735079975
2007-08-08,66770.0,115659.0,27412.0,,,,6654.4339735079975
2007-08-09,66337.0,115194.0,27404.0,,,,6654.4339735079975
2007-08-10,66045.0,114911.0,27421.0,,,,6660.815048470809
2007-08-11,65968.0,114812.0,27572.0,,,,6651.2434360266
2007-08-12,65790.0,114412.0,27615.0,,,,6635.290748619596
2007-08-13,65472.0,114031.0,27584.0,,,,6625.719136175405
2007-08-14,65064.0,113749.0,27511.0,,,,6622.528598694008
2007-08-15,64580.0,113239.0,27438.0,,,,6616.147523731196
2007-08-16,64186.0,112794.0,27391.0,,,,6609.766448768401
2007-08-17,63842.0,112580.0,27378.0,,,,6609.766448768401
2007-08-18,63370.0,112152.0,27356.0,,,,6606.575911287004
2007-08-19,63027.0,111726.0,27309.0,,,,6609.766448768401
2007-08-20,62670.0,111301.0,27249.0,,,,6635.290748619596
2007-08-21,62314.0,110958.0,27210.0,,,,6676.767735877795
2007-08-22,62033.0,110631.0,27202.0,,,,6689.5298858034
2007-08-23,61817.0,110208.0,27172.0,,,,6612.956986249798
2007-08-24,61549.0,109754.0,27133.0,,,,6609.766448768401
2007-08-25,61205.0,109396.0,27094.0,,,,6628.909673656802
2007-08-26,60817.0,109089.0,27031.0,,,,6679.958273359192
2007-08-27,60402.0,108669.0,26979.0,,,,6632.100211138199
2007-08-28,59975.0,108298.0,26927.0,,,,6612.956986249798
2007-08-29,59560.0,107863.0,26868.0,,,,6622.528598694008
2007-08-30,59059.0,107476.0,26795.0,,,,6628.909673656802
2007-08-31,58424.0,107028.0,26744.0,,,,6638.481286100993
2007-09-01,57630.0,106468.0,26697.0,,,,6641.671823582408
2007-09-02,56959.0,106132.0,26642.0,,,,6641.671823582408
2007-09-03,56202.0,105589.0,26570.0,,,,6641.671823582408
2007-09-04,55616.0,105082.0,26503.0,,,,6641.671823582408
2007-09-05,55250.0,104494.0,26278.0,,,,6638.481286100993
2007-09-06,54932.0,103909.0,25950.0,,,,6632.100211138199
2007-09-07,54591.0,103357.0,25637.0,,,,6628.909673656802
2007-09-08,54217.0,102806.0,25238.0,,,,6622.528598694008
2007-09-09,53914.0,102539.0,24842.0,,,,6616.147523731196
2007-09-10,53809.0,102179.0,24486.0,,,,6616.147523731196
2007-09-11,53681.0,101851.0,24185.0,,,,6651.2434360266
2007-09-12,54241.0,102242.0,24238.0,,,,6683.148810840607
2007-09-13,54311.0,102117.0,24222.0,,,,6641.671823582408
2007-09-14,54252.0,101867.0,24177.0,,,,6622.528598694008
2007-09-15,53937.0,101633.0,24120.0,,,,6632.100211138199
2007-09-16,53867.0,101460.0,24088.0,,,,6635.290748619596
2007-09-17,53891.0,101164.0,24031.0,,,,6635.290748619596
2007-09-18,53786.0,100761.0,23983.0,,,,6638.481286100993
2007-09-19,53587.0,100404.0,23914.0,,,,6644.862361063805
2007-09-20,53366.0,100001.0,23854.0,,,,6644.862361063805
2007-09-21,53050.0,99614.0,23789.0,,,,6625.719136175405
2007-09-22,52595.0,99151.0,23725.0,,,,6622.528598694008
2007-09-23,52094.0,98705.0,23669.0,,,,6622.528598694008
2007-09-24,51709.0,98245.0,23597.0,,,,6619.338061212593
2007-09-25,51289.0,97755.0,23529.0,,,,6609.766448768401
2007-09-26,50834.0,97282.0,23461.0,,,,6600.194836324192
2007-09-27,50227.0,96825.0,23389.0,,,,6606.575911287004
2007-09-28,49702.0,96917.0,23358.0,,,,6606.575911287004
2007-09-29,49597.0,96825.0,23294.0,,,,6606.575911287004
2007-09-30,49119.0,96521.0,23211.0,,,,6606.575911287004
2007-10-01,48581.0,96144.0,23135.0,,,,6606.575911287004
2007-10-02,47814.0,96295.0,23020.0,,,,6609.766448768401
2007-10-03,47035.0,96385.0,22874.0,,,,6603.385373805607
2007-10-04,46235.0,96114.0,22744.0,,,,6560.056151708097
2007-10-05,45367.0,95735.0,22717.0,,,,6515.594955821705
2007-10-06,44511.0,95297.0,22682.0,,,,6471.133759935299
2007-10-07,43688.0,95010.0,22650.0,,,,6426.672564048907
2007-10-08,42973.0,94725.0,22630.0,,,,6382.2113681625
2007-10-09,42310.0,94471.0,22595.0,,,,6340.528997019007
2007-10-10,41953.0,94351.0,22591.0,,,,6321.077223818693
2007-10-11,41753.0,94171.0,22619.0,,,,6332.192522790298
2007-10-12,42237.0,94066.0,22646.0,,,,6326.634873304502
2007-10-13,42720.0,93961.0,22694.0,,,,6299.188280648997
2007-10-14,43109.0,93767.0,22709.0,,,,6269.372848978794
2007-10-15,43435.0,93557.0,22713.0,,,,6231.425935943997
2007-10-16,43766.0,93288.0,22702.0,,,,6174.505566391802
2007-10-17,43988.0,92961.0,22682.0,,,,6120.295690627806
2007-10-18,44155.0,92679.0,22669.0,,,,6063.375321075596
2007-10-19,44411.0,92382.0,22615.0,,,,6009.732035030399
2007-10-20,44722.0,92501.0,22866.0,,,,5969.7828653559045
2007-10-21,45067.0,92650.0,23107.0,,,,5916.517305789893
2007-10-22,45390.0,92620.0,23219.0,,,,5863.251746223896
2007-10-23,45668.0,92487.0,23294.0,,,,5807.322908679601
2007-10-24,45946.0,92472.0,23314.0,,,,5767.514115615906
2007-10-25,46557.0,92724.0,23397.0,,,,5733.499800544793
2007-10-26,46980.0,92799.0,23457.0,,,,5699.485485473695
2007-10-27,47458.0,92932.0,23549.0,,,,5900.537637920107
2007-10-28,49329.0,95071.0,24748.0,,,,6188.058035332806
2007-10-29,51126.0,96204.0,25118.0,,,,6250.399392461394
2007-10-30,52409.0,96886.0,25313.0,,,,6201.610504273793
2007-10-31,53459.0,97252.0,25449.0,,,,6047.112358346395
2007-11-01,54288.0,97480.0,25537.0,,,,5873.904858137102
2007-11-02,54969.0,97603.0,25612.0,,,,5702.101971248408
2007-11-03,55628.0,97618.0,25671.0,,,,5602.6755118097935
2007-11-04,56165.0,97571.0,25725.0,,,,5506.004937203707
2007-11-05,56629.0,97480.0,25775.0,,,,5405.774179741797
2007-11-06,57154.0,97511.0,25850.0,,,,5315.8234999683045
2007-11-07,57985.0,97603.0,26026.0,,,,5264.423111526293
2007-11-08,58485.0,97603.0,26106.0,,,,5249.141416498507
2007-11-09,58778.0,97495.0,26026.0,,,,5246.617537577995
2007-11-10,59218.0,97419.0,25967.0,,,,5244.093658657497
2007-11-11,59645.0,97298.0,25913.0,,,,5239.045900816502
2007-11-12,60048.0,97115.0,25834.0,,,,5231.474264054994
2007-11-13,60390.0,97069.0,25775.0,,,,5233.998142975506
2007-11-14,60866.0,97252.0,25871.0,,,,5231.474264054994
2007-11-15,61419.0,97404.0,26156.0,,,,5261.853092104196
2007-11-16,62810.0,99336.0,27322.0,,,,5302.973402857802
2007-11-17,64109.0,100435.0,27710.0,,,,5287.553286325202
2007-11-18,65497.0,101086.0,27927.0,,,,5266.993130948405
2007-11-19,66477.0,101538.0,28076.0,,,,5266.993130948405
2007-11-20,67371.0,102320.0,28245.0,,,,5277.273208636796
2007-11-21,68285.0,103357.0,28486.0,,,,5313.253480546207
2007-11-22,69358.0,104098.0,28690.0,,,,5336.383655345101
2007-11-23,70258.0,104399.0,28870.0,,,,5333.813635923003
2007-11-24,70987.0,104590.0,28999.0,,,,5315.8234999683045
2007-11-25,71676.0,104685.0,29119.0,,,,5290.123305747299
2007-11-26,72391.0,104875.0,29248.0,,,,5297.833364013607
2007-11-27,73715.0,106180.0,29647.0,,,,5374.933946676595
2007-11-28,75390.0,107444.0,29814.0,,,,5300.403383435704
2007-11-29,76398.0,108395.0,29787.0,,,,5274.703189214698
2007-11-30,77448.0,108959.0,29910.0,,,,5292.693325169397
2007-12-01,78498.0,109186.0,30064.0,,,,5295.263344591494
2007-12-02,79341.0,109364.0,30191.0,,,,5284.983266903103
2007-12-03,80115.0,109543.0,30346.0,,,,5308.1134417019975
2007-12-04,80874.0,109916.0,30542.0,,,,5302.973402857802
2007-12-05,81625.0,110436.0,30680.0,,,,5284.983266903103
2007-12-06,82305.0,110941.0,30795.0,,,,5297.833364013607
2007-12-07,82767.0,111089.0,30900.0,,,,5300.403383435704
2007-12-08,83157.0,111040.0,30818.0,,,,5302.973402857802
2007-12-09,83692.0,110908.0,30712.0,,,,5305.5434222799
2007-12-10,84299.0,110794.0,30621.0,,,,5341.523694189296
2007-12-11,84733.0,111138.0,30552.0,,,,5300.403383435704
2007-12-12,85253.0,111677.0,30401.0,,,,5272.133169792601
2007-12-13,86424.0,112464.0,30268.0,,,,5302.973402857802
2007-12-14,87320.0,112778.0,30100.0,,,,5477.734723560604
2007-12-15,88115.0,113371.0,29865.0,,,,5390.354063209195
2007-12-16,88861.0,113997.0,29634.0,,,,5315.8234999683045
2007-12-17,89423.0,114595.0,29432.0,,,,5302.973402857802
2007-12-18,89910.0,115041.0,29222.0,,,,5261.853092104196
2007-12-19,89804.0,115476.0,29044.0,,,,5259.283072682098
2007-12-20,89256.0,115809.0,28800.0,,,,5259.283072682098
2007-12-21,88617.0,116160.0,28530.0,,,,5259.283072682098
2007-12-22,87898.0,116528.0,28258.0,,,,5246.617537577995
2007-12-23,87334.0,116863.0,27988.0,,,,5241.569779736999
2007-12-24,89043.0,119461.0,28570.0,,,,5315.8234999683045
2007-12-25,91081.0,121436.0,28659.0,,,,5369.7939078324
2007-12-26,91933.0,122705.0,28655.0,,,,5380.073985520806
2007-12-27,92375.0,123653.0,28583.0,,,,5305.5434222799
2007-12-28,92740.0,124516.0,28425.0,,,,5277.273208636796
2007-12-29,92907.0,125331.0,28609.0,,,,5354.373791299799
2007-12-30,93196.0,126149.0,28950.0,,,,5449.4645099175
2007-12-31,93333.0,126953.0,29199.0,,,,5545.112824766402
2008-01-01,93288.0,127372.0,29172.0,,,,5500.864898359497
2008-01-02,93075.0,127706.0,29079.0,,,,5408.344199163895
2008-01-03,92679.0,127794.0,28924.0,,,,5290.123305747299
2008-01-04,92009.0,127829.0,28968.0,,,,5246.617537577995
2008-01-05,91431.0,127917.0,28839.0,,,,5282.413247481006
2008-01-06,90883.0,127970.0,28720.0,,,,5318.393519390403
2008-01-07,90564.0,128058.0,28601.0,,,,5341.523694189296
2008-01-08,90503.0,128497.0,28548.0,,,,5331.243616500905
2008-01-09,91066.0,129324.0,28614.0,,,,5328.673597078793
2008-01-10,92086.0,130866.0,28964.0,,,,5302.973402857802
2008-01-11,93120.0,132165.0,29257.0,,,,5302.973402857802
2008-01-12,95387.0,134102.0,29710.0,,,,5287.553286325202
2008-01-13,96607.0,135294.0,30023.0,,,,5261.853092104196
2008-01-14,97090.0,136308.0,30310.0,,,,5266.993130948405
2008-01-15,97283.0,136981.0,30273.0,,,,5272.133169792601
2008-01-16,97122.0,137328.0,30137.0,,,,5277.273208636796
2008-01-17,96848.0,137565.0,29955.0,,,,5282.413247481006
2008-01-18,96559.0,137766.0,29778.0,,,,5305.5434222799
2008-01-19,96253.0,137748.0,29856.0,,,,5331.243616500905
2008-01-20,95931.0,137510.0,29968.0,,,,5346.663733033506
2008-01-21,95447.0,137108.0,30037.0,,,,5341.523694189296
2008-01-22,94946.0,136726.0,30110.0,,,,5341.523694189296
2008-01-23,94383.0,136381.0,30186.0,,,,5344.0937136113935
2008-01-24,93911.0,136018.0,30255.0,,,,5341.523694189296
2008-01-25,93333.0,135584.0,30319.0,,,,5333.813635923003
2008-01-26,92740.0,135130.0,30350.0,,,,5336.383655345101
2008-01-27,92101.0,134696.0,30392.0,,,,5341.523694189296
2008-01-28,91462.0,134156.0,30438.0,,,,5341.523694189296
2008-01-29,90823.0,133671.0,30461.0,,,,5341.523694189296
2008-01-30,90229.0,133150.0,30470.0,,,,5354.373791299799
2008-01-31,89804.0,132791.0,30510.0,,,,5341.523694189296
2008-02-01,89226.0,132326.0,30547.0,,,,5385.214024365
2008-02-02,89134.0,132182.0,30487.0,,,,5959.129753442699
2008-02-03,89104.0,131862.0,30373.0,,,,6163.6635912389975
2008-02-04,88754.0,131505.0,30236.0,,,,5849.935356332392
2008-02-05,88480.0,131043.0,30195.0,,,,5452.034529339598
2008-02-06,89530.0,131487.0,30451.0,,,,5218.854869452506
2008-02-07,93774.0,134228.0,31686.0,,,,5244.093658657497
2008-02-08,96832.0,136599.0,32439.0,,,,5279.843228058894
2008-02-09,97750.0,137820.0,32752.0,,,,5308.1134417019975
2008-02-10,97878.0,138719.0,32967.0,,,,5326.103577656695
2008-02-11,97557.0,139234.0,33144.0,,,,5313.253480546207
2008-02-12,97090.0,139455.0,33274.0,,,,5326.103577656695
2008-02-13,96575.0,139730.0,33392.0,,,,5524.180938568805
2008-02-14,96929.0,141061.0,33997.0,,,,6033.701536835108
2008-02-15,96993.0,141209.0,34276.0,,,,6036.364814813404
2008-02-16,96736.0,141116.0,34419.0,,,,5993.752367160598
2008-02-17,96317.0,140894.0,34513.0,,,,5895.211081963496
2008-02-18,96478.0,141524.0,34769.0,,,,5887.221248028603
2008-02-19,98587.0,142528.0,35329.0,,,,5913.854027811595
2008-02-20,98490.0,142136.0,35185.0,,,,5657.621713078503
2008-02-21,98023.0,141746.0,35120.0,,,,5362.083849566106
2008-02-22,97492.0,141394.0,35085.0,,,,5290.123305747299
2008-02-23,97041.0,141116.0,35080.0,,,,5315.8234999683045
2008-02-24,96655.0,140820.0,35050.0,,,,5310.683461124095
2008-02-25,96205.0,140671.0,35036.0,,,,5295.263344591494
2008-02-26,95899.0,140542.0,35070.0,,,,5320.9635388125
2008-02-27,95645.0,140523.0,35065.0,,,,5547.729310541099
2008-02-28,95311.0,140394.0,35001.0,,,,5359.513830143995
2008-02-29,94793.0,140209.0,34966.0,,,,5313.253480546207
2008-03-01,94276.0,140153.0,34971.0,,,,5300.403383435704
2008-03-02,93729.0,139987.0,34966.0,,,,5261.853092104196
2008-03-03,93120.0,139877.0,34941.0,,,,5223.902627293501
2008-03-04,92542.0,139748.0,34922.0,,,,5292.693325169397
2008-03-05,93759.0,141727.0,35229.0,,,,5985.762533225705
2008-03-06,99070.0,143200.0,35434.0,,,,7129.414235433906
2008-03-07,99697.0,142734.0,35224.0,,,,7136.618735873698
2008-03-08,100792.0,142882.0,35314.0,,,,7513.432930028998
2008-03-09,102949.0,144286.0,35738.0,,,,7668.673560044989
2008-03-10,102578.0,143182.0,35324.0,,,,7230.277241591094
2008-03-11,101226.0,142435.0,35194.0,,,,6750.150097950001
2008-03-12,100244.0,142024.0,35150.0,,,,6651.2434360266
2008-03-13,99553.0,141691.0,35090.0,,,,6625.719136175405
2008-03-14,98812.0,141283.0,34966.0,,,,6609.766448768401
2008-03-15,98168.0,141005.0,34848.0,,,,6638.481286100993
2008-03-16,97653.0,140801.0,34793.0,,,,6648.052898545202
2008-03-17,97202.0,140708.0,34684.0,,,,6651.2434360266
2008-03-18,96784.0,140634.0,34533.0,,,,6654.4339735079975
2008-03-19,96414.0,140579.0,34542.0,,,,6679.958273359192
2008-03-20,97283.0,141727.0,35244.0,,,,6759.721710394191
2008-03-21,98329.0,142211.0,35254.0,,,,6628.909673656802
2008-03-22,98394.0,142043.0,35090.0,,,,6635.290748619596
2008-03-23,98023.0,141764.0,35026.0,,,,6632.100211138199
2008-03-24,97621.0,141394.0,34971.0,,,,6585.065574394206
2008-03-25,97170.0,140950.0,34887.0,,,,6473.912584678195
2008-03-26,96607.0,140690.0,34764.0,,,,6348.865471247699
2008-03-27,96317.0,140560.0,34695.0,,,,6201.610504273793
2008-03-28,96140.0,140560.0,34621.0,,,,6060.664827287398
2008-03-29,96173.0,140727.0,34606.0,,,,6009.732035030399
2008-03-30,95996.0,140597.0,34497.0,,,,6009.732035030399
2008-03-31,95754.0,140449.0,34350.0,,,,6017.721868965306
2008-04-01,96334.0,140950.0,34365.0,,,,6044.401864558198
2008-04-02,97283.0,141524.0,34961.0,,,,6028.374980878497
2008-04-03,97750.0,141449.0,35090.0,,,,6015.058590986994
2008-04-04,97830.0,141320.0,35065.0,,,,6039.028092791703
2008-04-05,98281.0,141635.0,35185.0,,,,6044.401864558198
2008-04-06,98426.0,141617.0,35170.0,,,,6020.385146943604
2008-04-07,98136.0,141449.0,35110.0,,,,6033.701536835108
2008-04-08,97798.0,141264.0,35090.0,,,,6082.348777592994
2008-04-09,97299.0,141116.0,35050.0,,,,6141.9796409334
2008-04-10,96961.0,141023.0,35041.0,,,,6193.4790229092005
2008-04-11,96639.0,140876.0,35036.0,,,,6239.557417308604
2008-04-12,96430.0,140950.0,35031.0,,,,6307.319762013605
2008-04-13,96253.0,140876.0,35016.0,,,,6365.5384197051
2008-04-14,96012.0,140820.0,34902.0,,,,6407.2207908485925
2008-04-15,95738.0,140597.0,34715.0,,,,6443.345512506307
2008-04-16,95371.0,140190.0,34557.0,,,,6482.249058906904
2008-04-17,95189.0,139877.0,34355.0,,,,6523.9314300503975
2008-04-18,95158.0,139712.0,34170.0,,,,6560.056151708097
2008-04-19,95387.0,139619.0,33934.0,,,,6590.62322388
2008-04-20,95691.0,139491.0,33713.0,,,,6638.481286100993
2008-04-21,95899.0,139381.0,33504.0,,,,6702.292035729008
2008-04-22,95931.0,139105.0,33365.0,,,,6667.196123433603
2008-04-23,95493.0,138811.0,33321.0,,,,6667.196123433603
2008-04-24,94961.0,138480.0,33317.0,,,,6667.196123433603
2008-04-25,94641.0,138351.0,33326.0,,,,6657.624510989394
2008-04-26,94352.0,137966.0,33393.0,,,,6654.4339735079975
2008-04-27,94200.0,137784.0,33480.0,,,,6676.767735877795
2008-04-28,93972.0,137565.0,33563.0,,,,6724.625798098805
2008-04-29,94185.0,137657.0,33819.0,,,,6785.246010245404
2008-04-30,94459.0,137383.0,33993.0,,,,6699.101498247593
2008-05-01,94733.0,137181.0,34057.0,,,,6660.815048470809
2008-05-02,94641.0,136981.0,34135.0,,,,6632.100211138199
2008-05-03,94459.0,136890.0,34219.0,,,,6648.052898545202
2008-05-04,94337.0,136872.0,34311.0,,,,6676.767735877795
2008-05-05,94307.0,136890.0,34414.0,,,,6679.958273359192
2008-05-06,94155.0,136726.0,34384.0,,,,6644.862361063805
2008-05-07,93866.0,136690.0,34321.0,,,,6635.290748619596
2008-05-08,93713.0,136708.0,34262.0,,,,6641.671823582408
2008-05-09,93577.0,136799.0,34276.0,,,,6657.624510989394
2008-05-10,93729.0,137108.0,34179.0,,,,6657.624510989394
2008-05-11,93637.0,137273.0,34052.0,,,,6616.147523731196
2008-05-12,93440.0,137108.0,33988.0,,,,6582.286749651308
2008-05-13,93196.0,137255.0,34003.0,,,,6582.286749651308
2008-05-14,93044.0,137000.0,34008.0,,,,6585.065574394206
2008-05-15,92999.0,137054.0,34028.0,,,,6587.844399137102
2008-05-16,92892.0,137054.0,34067.0,,,,6622.528598694008
2008-05-17,92877.0,137072.0,34179.0,,,,6676.767735877795
2008-05-18,92862.0,137000.0,34248.0,,,,6702.292035729008
2008-05-19,92847.0,136908.0,34306.0,,,,6740.578485505809
2008-05-20,92953.0,136818.0,34340.0,,,,6699.101498247593
2008-05-21,93090.0,136654.0,34345.0,,,,6715.054185654596
2008-05-22,93166.0,136563.0,34328.0,,,,6683.148810840607
2008-05-23,93364.0,136399.0,34340.0,,,,6657.624510989394
2008-05-24,93212.0,136253.0,34340.0,,,,6676.767735877795
2008-05-25,93044.0,136091.0,34379.0,,,,6692.720423284799
2008-05-26,92801.0,135910.0,34384.0,,,,6695.910960766196
2008-05-27,92527.0,135693.0,34384.0,,,,6699.101498247593
2008-05-28,92283.0,135475.0,34384.0,,,,6702.292035729008
2008-05-29,92009.0,135385.0,34404.0,,,,6664.005585952206
2008-05-30,91903.0,135403.0,34404.0,,,,6651.2434360266
2008-05-31,91659.0,135385.0,34276.0,,,,6651.2434360266
2008-06-01,91416.0,135312.0,34160.0,,,,6664.005585952206
2008-06-02,91127.0,135167.0,33983.0,,,,6654.4339735079975
2008-06-03,90762.0,134986.0,33789.0,,,,6644.862361063805
2008-06-04,90427.0,134714.0,33751.0,,,,6664.005585952206
2008-06-05,90093.0,134426.0,33722.0,,,,6711.863648173199
2008-06-06,89743.0,134138.0,33708.0,,,,6554.498502222301
2008-06-07,89408.0,133923.0,33727.0,,,,6551.719677479405
2008-06-08,89089.0,133563.0,33727.0,,,,6554.498502222301
2008-06-09,88876.0,133240.0,33727.0,,,,6571.171450679702
2008-06-10,88389.0,132880.0,33717.0,,,,6582.286749651308
2008-06-11,87826.0,132487.0,33713.0,,,,6593.813761361397
2008-06-12,87464.0,132093.0,33698.0,,,,6597.004298842795
2008-06-13,87016.0,131719.0,33669.0,,,,6597.004298842795
2008-06-14,86482.0,131291.0,33625.0,,,,6606.575911287004
2008-06-15,86048.0,130989.0,33634.0,,,,6619.338061212593
2008-06-16,85644.0,130635.0,33644.0,,,,6625.719136175405
2008-06-17,85557.0,130528.0,33582.0,,,,6635.290748619596
2008-06-18,85470.0,130475.0,33321.0,,,,6635.290748619596
2008-06-19,85369.0,130457.0,33038.0,,,,6641.671823582408
2008-06-20,85253.0,130263.0,32747.0,,,,6641.671823582408
2008-06-21,85065.0,130032.0,32463.0,,,,6638.481286100993
2008-06-22,84877.0,129802.0,32155.0,,,,6638.481286100993
2008-06-23,84906.0,129678.0,31892.0,,,,6635.290748619596
2008-06-24,84877.0,129448.0,31620.0,,,,6638.481286100993
2008-06-25,84791.0,129077.0,31280.0,,,,6635.290748619596
2008-06-26,84704.0,128567.0,31146.0,,,,6635.290748619596
2008-06-27,84603.0,128058.0,31127.0,,,,6638.481286100993
2008-06-28,84501.0,127582.0,30900.0,,,,6641.671823582408
2008-06-29,84386.0,127041.0,30786.0,,,,6644.862361063805
2008-06-30,84313.0,126638.0,30776.0,,,,6644.862361063805
2008-07-01,84082.0,126219.0,30739.0,,,,6638.481286100993
2008-07-02,83880.0,126028.0,30634.0,,,,6628.909673656802
2008-07-03,83533.0,125505.0,30474.0,,,,6638.481286100993
2008-07-04,83200.0,125053.0,30222.0,,,,6657.624510989394
2008-07-05,82579.0,124516.0,30000.0,,,,6683.148810840607
2008-07-06,82348.0,123962.0,29847.0,,,,6708.673110691801
2008-07-07,82175.0,123445.0,29647.0,,,,6721.435260617408
2008-07-08,81727.0,122912.0,29563.0,,,,6711.863648173199
2008-07-09,81264.0,122378.0,29527.0,,,,6699.101498247593
2008-07-10,80917.0,121814.0,29482.0,,,,6692.720423284799
2008-07-11,80474.0,121300.0,29419.0,,,,6679.958273359192
2008-07-12,79700.0,120753.0,29378.0,,,,6667.196123433603
2008-07-13,79065.0,120174.0,29333.0,,,,6654.4339735079975
2008-07-14,79120.0,120174.0,29324.0,,,,6673.577198396398
2008-07-15,79037.0,119818.0,29306.0,,,,6667.196123433603
2008-07-16,78816.0,119257.0,29261.0,,,,6660.815048470809
2008-07-17,78498.0,118714.0,29204.0,,,,6648.052898545202
2008-07-18,78180.0,118208.0,29159.0,,,,6641.671823582408
2008-07-19,77531.0,117702.0,29114.0,,,,6638.481286100993
2008-07-20,76965.0,117216.0,29066.0,,,,6635.290748619596
2008-07-21,76758.0,116830.0,29057.0,,,,6632.100211138199
2008-07-22,76633.0,116394.0,29030.0,,,,6632.100211138199
2008-07-23,76840.0,116043.0,28977.0,,,,6644.862361063805
2008-07-24,78360.0,121985.0,29190.0,,,,6664.005585952206
2008-07-25,80516.0,125050.0,29919.0,,,,6651.2434360266
2008-07-26,81495.0,126237.0,29878.0,,,,6648.052898545202
2008-07-27,81958.0,127093.0,29616.0,,,,6657.624510989394
2008-07-28,82406.0,128040.0,29464.0,,,,6673.577198396398
2008-07-29,82593.0,128673.0,29186.0,,,,6670.386660915
2008-07-30,82536.0,128919.0,29106.0,,,,6670.386660915
2008-07-31,82463.0,128884.0,29137.0,,,,6686.339348322003
2008-08-01,82319.0,128866.0,29057.0,,,,6673.577198396398
2008-08-02,82117.0,128778.0,28955.0,,,,6657.624510989394
2008-08-03,81871.0,128761.0,28884.0,,,,6667.196123433603
2008-08-04,81683.0,128673.0,28808.0,,,,6648.052898545202
2008-08-05,81394.0,128567.0,28690.0,,,,6632.100211138199
2008-08-06,81206.0,128497.0,28641.0,,,,6628.909673656802
2008-08-07,80903.0,128304.0,28609.0,,,,6625.719136175405
2008-08-08,80543.0,128128.0,28561.0,,,,6625.719136175405
2008-08-09,80129.0,127952.0,28395.0,,,,6619.338061212593
2008-08-10,79700.0,127741.0,28377.0,,,,6612.956986249798
2008-08-11,79673.0,127670.0,28368.0,,,,6612.956986249798
2008-08-12,79507.0,127565.0,28307.0,,,,6609.766448768401
2008-08-13,79258.0,127216.0,28250.0,,,,6606.575911287004
2008-08-14,79051.0,126848.0,28180.0,,,,6612.956986249798
2008-08-15,78733.0,126464.0,28101.0,,,,6651.2434360266
2008-08-16,78305.0,126149.0,28001.0,,,,6638.481286100993
2008-08-17,78070.0,125800.0,28001.0,,,,6612.956986249798
2008-08-18,77766.0,125384.0,27979.0,,,,6593.813761361397
2008-08-19,77338.0,125019.0,27862.0,,,,6585.065574394206
2008-08-20,76854.0,124690.0,27826.0,,,,6585.065574394206
2008-08-21,76343.0,124378.0,27705.0,,,,6585.065574394206
2008-08-22,75652.0,123911.0,27356.0,,,,6587.844399137102
2008-08-23,74947.0,123428.0,27236.0,,,,6587.844399137102
2008-08-24,74423.0,122912.0,27202.0,,,,6587.844399137102
2008-08-25,73887.0,122447.0,27163.0,,,,6590.62322388
2008-08-26,73278.0,121968.0,27018.0,,,,6587.844399137102
2008-08-27,72682.0,121453.0,26881.0,,,,6585.065574394206
2008-08-28,72020.0,120958.0,26736.0,,,,6582.286749651308
2008-08-29,71384.0,120446.0,26587.0,,,,6587.844399137102
2008-08-30,70801.0,120072.0,26465.0,,,,6603.385373805607
2008-08-31,70165.0,119597.0,26431.0,,,,6609.766448768401
2008-09-01,69662.0,119155.0,26376.0,,,,6609.766448768401
2008-09-02,69344.0,118664.0,26350.0,,,,6606.575911287004
2008-09-03,68788.0,118225.0,26270.0,,,,6587.844399137102
2008-09-04,68232.0,117770.0,26194.0,,,,6512.816131078808
2008-09-05,67794.0,117350.0,26114.0,,,,6443.345512506307
2008-09-06,67728.0,117266.0,26097.0,,,,6479.470234164007
2008-09-07,67848.0,117434.0,26257.0,,,,6582.286749651308
2008-09-08,67848.0,117166.0,26303.0,,,,6600.194836324192
2008-09-09,67794.0,116763.0,26299.0,,,,6612.956986249798
2008-09-10,67649.0,116562.0,26307.0,,,,6632.100211138199
2008-09-11,67556.0,116194.0,26265.0,,,,6609.766448768401
2008-09-12,67330.0,115759.0,26270.0,,,,6612.956986249798
2008-09-13,67050.0,115376.0,26312.0,,,,6667.196123433603
2008-09-14,66936.0,115077.0,26363.0,,,,6641.671823582408
2008-09-15,66770.0,114645.0,26409.0,,,,6603.385373805607
2008-09-16,66630.0,114279.0,26372.0,,,,6600.194836324192
2008-09-17,66439.0,113865.0,26299.0,,,,6600.194836324192
2008-09-18,66286.0,113453.0,26219.0,,,,6597.004298842795
2008-09-19,66032.0,112991.0,26144.0,,,,6587.844399137102
2008-09-20,65599.0,112563.0,26022.0,,,,6551.719677479405
2008-09-21,65001.0,112086.0,26009.0,,,,6515.594955821705
2008-09-22,64644.0,111694.0,25980.0,,,,6482.249058906904
2008-09-23,63969.0,111235.0,25862.0,,,,6460.018460963693
2008-09-24,63192.0,110811.0,25800.0,,,,6460.018460963693
2008-09-25,62517.0,110355.0,25716.0,,,,6462.797285706606
2008-09-26,62123.0,109965.0,25650.0,,,,6476.691409421093
2008-09-27,61893.0,109640.0,25608.0,,,,6487.8067083927
2008-09-28,61919.0,109396.0,25629.0,,,,6523.9314300503975
2008-09-29,62033.0,109186.0,25667.0,,,,6557.277326965199
2008-09-30,61970.0,108943.0,25578.0,,,,6568.392625936805
2008-10-01,61779.0,108733.0,25533.0,,,,6585.065574394206
2008-10-02,61626.0,108540.0,25525.0,,,,6593.813761361397
2008-10-03,61447.0,108282.0,25491.0,,,,6600.194836324192
2008-10-04,61218.0,108024.0,25366.0,,,,6606.575911287004
2008-10-05,61040.0,107718.0,25366.0,,,,6612.956986249798
2008-10-06,60842.0,107380.0,25362.0,,,,6616.147523731196
2008-10-07,60463.0,107028.0,25172.0,,,,6616.147523731196
2008-10-08,60011.0,106676.0,24977.0,,,,6609.766448768401
2008-10-09,59499.0,106340.0,24776.0,,,,6603.385373805607
2008-10-10,58913.0,105940.0,24580.0,,,,6600.194836324192
2008-10-11,58290.0,105573.0,24376.0,,,,6593.813761361397
2008-10-12,57899.0,105193.0,24368.0,,,,6585.065574394206
2008-10-13,57496.0,104779.0,24356.0,,,,6579.507924908395
2008-10-14,56934.0,104399.0,24157.0,,,,6573.9502754226
2008-10-15,56397.0,103987.0,23963.0,,,,6568.392625936805
2008-10-16,55897.0,103657.0,23757.0,,,,6546.162027993593
2008-10-17,55262.0,103294.0,23565.0,,,,6473.912584678195
2008-10-18,54591.0,102994.0,23350.0,,,,6404.441966105696
2008-10-19,54124.0,102570.0,23318.0,,,,6340.528997019007
2008-10-20,53704.0,102163.0,23298.0,,,,6274.793836555204
2008-10-21,53144.0,101742.0,23092.0,,,,6209.741985638401
2008-10-22,52595.0,101367.0,22882.0,,,,6117.585196839593
2008-10-23,52047.0,101226.0,22678.0,,,,6028.374980878497
2008-10-24,51733.0,101258.0,22658.0,,,,5940.4868075946015
2008-10-25,51756.0,101304.0,22654.0,,,,5865.915024202193
2008-10-26,52304.0,102884.0,23641.0,,,,5863.251746223896
2008-10-27,53132.0,103971.0,24096.0,,,,5796.669796766396
2008-10-28,53669.0,104859.0,24368.0,,,,5707.334942797802
2008-10-29,54463.0,106052.0,24756.0,,,,5607.908483359203
2008-10-30,55054.0,106740.0,24969.0,,,,5467.454645872199
2008-10-31,55579.0,107396.0,25118.0,,,,5341.523694189296
2008-11-01,56092.0,108040.0,25287.0,,,,5305.5434222799
2008-11-02,56886.0,109056.0,25521.0,,,,5274.703189214698
2008-11-03,57753.0,110046.0,25716.0,,,,5244.093658657497
2008-11-04,58534.0,110974.0,25887.0,,,,5244.093658657497
2008-11-05,59450.0,111906.0,26076.0,,,,5244.093658657497
2008-11-06,60231.0,112794.0,26278.0,,,,5246.617537577995
2008-11-07,60915.0,113634.0,26515.0,,,,5254.189174339502
2008-11-08,61575.0,114396.0,26714.0,,,,5264.423111526293
2008-11-09,62173.0,115077.0,26906.0,,,,5272.133169792601
2008-11-10,62708.0,115642.0,27068.0,,,,5279.843228058894
2008-11-11,63141.0,116110.0,27193.0,,,,5282.413247481006
2008-11-12,63549.0,116511.0,27300.0,,,,5284.983266903103
2008-11-13,63905.0,116863.0,27404.0,,,,5290.123305747299
2008-11-14,64237.0,117283.0,27554.0,,,,5295.263344591494
2008-11-15,64631.0,117719.0,27723.0,,,,5292.693325169397
2008-11-16,65204.0,118411.0,28093.0,,,,5295.263344591494
2008-11-17,65930.0,119019.0,28425.0,,,,5284.983266903103
2008-11-18,66465.0,119529.0,28614.0,,,,5272.133169792601
2008-11-19,66885.0,119953.0,28800.0,,,,5266.993130948405
2008-11-20,67292.0,120361.0,28946.0,,,,5269.563150370503
2008-11-21,67808.0,120770.0,29074.0,,,,5277.273208636796
2008-11-22,68232.0,121112.0,29163.0,,,,5279.843228058894
2008-11-23,68550.0,121351.0,29252.0,,,,5282.413247481006
2008-11-24,68841.0,121643.0,29329.0,,,,5284.983266903103
2008-11-25,69291.0,122087.0,29459.0,,,,5290.123305747299
2008-11-26,69596.0,122327.0,29518.0,,,,5279.843228058894
2008-11-27,70086.0,122447.0,29620.0,,,,5282.413247481006
2008-11-28,70404.0,122601.0,29683.0,,,,5287.553286325202
2008-11-29,70682.0,122688.0,29769.0,,,,5284.983266903103
2008-11-30,71093.0,122808.0,29832.0,,,,5290.123305747299
2008-12-01,71345.0,123032.0,29932.0,,,,5351.8037718777005
2008-12-02,72073.0,123118.0,30123.0,,,,5364.6538689882045
2008-12-03,72510.0,123050.0,30200.0,,,,5323.533558234598
2008-12-04,72841.0,122981.0,30046.0,,,,5297.833364013607
2008-12-05,73463.0,122964.0,29851.0,,,,5274.703189214698
2008-12-06,74008.0,122912.0,29634.0,,,,5269.563150370503
2008-12-07,74436.0,122722.0,29419.0,,,,5266.993130948405
2008-12-08,74837.0,122550.0,29190.0,,,,5254.189174339502
2008-12-09,75210.0,122344.0,28955.0,,,,5259.283072682098
2008-12-10,75707.0,122207.0,28747.0,,,,5284.983266903103
2008-12-11,77158.0,123101.0,29360.0,,,,5372.363927254497
2008-12-12,79535.0,126010.0,30975.0,,,,6025.711702900199
2008-12-13,82912.0,129518.0,32297.0,,,,6473.912584678195
2008-12-14,84892.0,131185.0,32691.0,,,,6117.585196839593
2008-12-15,86207.0,132093.0,32924.0,,,,5610.524969133902
2008-12-16,87406.0,133024.0,33264.0,,,,5372.363927254497
2008-12-17,88632.0,133815.0,33558.0,,,,5302.973402857802
2008-12-18,89743.0,134408.0,33756.0,,,,5261.853092104196
2008-12-19,90290.0,134895.0,33886.0,,,,5287.553286325202
2008-12-20,90473.0,135221.0,33843.0,,,,5503.434917781595
2008-12-21,90397.0,135294.0,33934.0,,,,5566.044710963997
2008-12-22,90123.0,135330.0,34028.0,,,,5524.180938568805
2008-12-23,89667.0,135258.0,33824.0,,,,5341.523694189296
2008-12-24,89286.0,135094.0,33751.0,,,,5356.9438107218975
2008-12-25,89636.0,135982.0,33983.0,,,,5932.496973659693
2008-12-26,90640.0,136726.0,34281.0,,,,5983.099255247393
2008-12-27,91020.0,137218.0,34233.0,,,,5618.374426457994
2008-12-28,91933.0,138351.0,34433.0,,,,5372.363927254497
2008-12-29,93333.0,139895.0,34887.0,,,,5272.133169792601
2008-12-30,94368.0,140857.0,34951.0,,,,5261.853092104196
2008-12-31,95022.0,141116.0,34868.0,,,,5272.133169792601
2009-01-01,95250.0,140838.0,34749.0,,,,5287.553286325202
2009-01-02,95204.0,140579.0,34635.0,,,,5297.833364013607
2009-01-03,95143.0,140375.0,34325.0,,,,5349.233752455603
2009-01-04,95022.0,140190.0,34379.0,,,,5387.784043787098
2009-01-05,94763.0,139859.0,34448.0,,,,5405.774179741797
2009-01-06,94459.0,139509.0,34077.0,,,,5356.9438107218975
2009-01-07,94139.0,139087.0,33925.0,,,,5333.813635923003
2009-01-08,93926.0,138885.0,33761.0,,,,5323.533558234598
2009-01-09,93653.0,138498.0,33770.0,,,,5277.273208636796
2009-01-10,93181.0,138003.0,33365.0,,,,5295.263344591494
2009-01-11,92770.0,137547.0,33374.0,,,,5318.393519390403
2009-01-12,92253.0,137072.0,33360.0,,,,5326.103577656695
2009-01-13,91644.0,136526.0,33072.0,,,,5326.103577656695
2009-01-14,91112.0,135982.0,32781.0,,,,5320.9635388125
2009-01-15,90488.0,135330.0,32486.0,,,,5310.683461124095
2009-01-16,89408.0,134678.0,32150.0,,,,5308.1134417019975
2009-01-17,88556.0,133995.0,31832.0,,,,5318.393519390403
2009-01-18,87883.0,133365.0,31799.0,,,,5344.0937136113935
2009-01-19,87219.0,132755.0,31771.0,,,,5377.503966098708
2009-01-20,86583.0,132147.0,31443.0,,,,5392.9240826312935
2009-01-21,85860.0,131416.0,31104.0,,,,5374.933946676595
2009-01-22,85181.0,130741.0,30762.0,,,,5349.233752455603
2009-01-23,84501.0,129996.0,30429.0,,,,5336.383655345101
2009-01-24,83750.0,129324.0,30095.0,,,,5323.533558234598
2009-01-25,83013.0,128620.0,30037.0,,,,5302.973402857802
2009-01-26,82232.0,127899.0,29964.0,,,,5282.413247481006
2009-01-27,81423.0,127163.0,29602.0,,,,5282.413247481006
2009-01-28,80778.0,126447.0,29279.0,,,,5300.403383435704
2009-01-29,80101.0,125888.0,28964.0,,,,5305.5434222799
2009-01-30,79341.0,125227.0,28650.0,,,,5284.983266903103
2009-01-31,78678.0,124551.0,28158.0,,,,5287.553286325202
2009-02-01,77973.0,123807.0,27705.0,,,,5287.553286325202
2009-02-02,77269.0,123118.0,27240.0,,,,5290.123305747299
2009-02-03,76495.0,122429.0,26919.0,,,,5297.833364013607
2009-02-04,75707.0,121728.0,26634.0,,,,5290.123305747299
2009-02-05,74892.0,120992.0,26541.0,,,,5272.133169792601
2009-02-06,74464.0,120344.0,26536.0,,,,5272.133169792601
2009-02-07,74423.0,119851.0,26541.0,,,,5274.703189214698
2009-02-08,74492.0,119410.0,26541.0,,,,5336.383655345101
2009-02-09,74699.0,119121.0,26566.0,,,,5472.594684716394
2009-02-10,74920.0,118765.0,26329.0,,,,5362.083849566106
2009-02-11,74947.0,118495.0,26064.0,,,,5344.0937136113935
2009-02-12,75583.0,118478.0,26039.0,,,,5333.813635923003
2009-02-13,77614.0,119138.0,26186.0,,,,5318.393519390403
2009-02-14,78885.0,119410.0,26257.0,,,,5310.683461124095
2009-02-15,79921.0,119571.0,26313.0,,,,5302.973402857802
2009-02-16,80695.0,119605.0,26351.0,,,,5282.413247481006
2009-02-17,81163.0,119546.0,26367.0,,,,5259.283072682098
2009-02-18,81438.0,119342.0,26055.0,,,,5261.853092104196
2009-02-19,81741.0,119291.0,25792.0,,,,5277.273208636796
2009-02-20,81987.0,119172.0,25729.0,,,,5284.983266903103
2009-02-21,82059.0,118985.0,25741.0,,,,5277.273208636796
2009-02-22,82203.0,118747.0,25766.0,,,,5274.703189214698
2009-02-23,82276.0,118545.0,25800.0,,,,5266.993130948405
2009-02-24,82290.0,118344.0,25475.0,,,,5264.423111526293
2009-02-25,82203.0,118107.0,25458.0,,,,5266.993130948405
2009-02-26,82232.0,117905.0,25475.0,,,,5272.133169792601
2009-02-27,82232.0,117719.0,25487.0,,,,5277.273208636796
2009-02-28,83157.0,118478.0,25662.0,,,,5295.263344591494
2009-03-01,84386.0,119002.0,25837.0,,,,5302.973402857802
2009-03-02,85167.0,119240.0,25934.0,,,,5302.973402857802
2009-03-03,85586.0,119393.0,25699.0,,,,5272.133169792601
2009-03-04,85904.0,119461.0,25737.0,,,,5274.703189214698
2009-03-05,86250.0,119495.0,25766.0,,,,5282.413247481006
2009-03-06,86814.0,119444.0,25834.0,,,,5292.693325169397
2009-03-07,87392.0,119546.0,25892.0,,,,5295.263344591494
2009-03-08,88450.0,120140.0,26064.0,,,,5300.403383435704
2009-03-09,90868.0,121899.0,26697.0,,,,5308.1134417019975
2009-03-10,95660.0,125574.0,27762.0,,,,5290.123305747299
2009-03-11,97315.0,127934.0,28285.0,,,,5269.563150370503
2009-03-12,98072.0,129748.0,28800.0,,,,5261.853092104196
2009-03-13,97959.0,130954.0,29114.0,,,,5264.423111526293
2009-03-14,97573.0,132004.0,29338.0,,,,5269.563150370503
2009-03-15,97218.0,132791.0,29536.0,,,,5272.133169792601
2009-03-16,96864.0,133473.0,29737.0,,,,5272.133169792601
2009-03-17,96494.0,134048.0,29964.0,,,,5279.843228058894
2009-03-18,96317.0,134246.0,30213.0,,,,5284.983266903103
2009-03-19,96060.0,134498.0,30542.0,,,,5290.123305747299
2009-03-20,95883.0,134787.0,30896.0,,,,5305.5434222799
2009-03-21,95645.0,134968.0,31150.0,,,,5310.683461124095
2009-03-22,95447.0,135185.0,31354.0,,,,5313.253480546207
2009-03-23,95326.0,135348.0,31537.0,,,,5313.253480546207
2009-03-24,95098.0,135439.0,31672.0,,,,5308.1134417019975
2009-03-25,95569.0,135239.0,31803.0,,,,5326.103577656695
2009-03-26,95851.0,135130.0,31920.0,,,,5349.233752455603
2009-03-27,95963.0,135058.0,32019.0,,,,5382.644004942903
2009-03-28,95819.0,134895.0,32080.0,,,,5398.064121475502
2009-03-29,95478.0,134768.0,32269.0,,,,5423.764315696494
2009-03-30,95295.0,134841.0,32676.0,,,,5498.2948789374
2009-03-31,95387.0,134895.0,32953.0,,,,5537.263367442294
2009-04-01,95523.0,134931.0,33120.0,,,,5571.277682513407
2009-04-02,95931.0,134895.0,33297.0,,,,5623.607398007404
2009-04-03,96140.0,134841.0,33456.0,,,,5772.747087165302
2009-04-04,96301.0,135167.0,34155.0,,,,6212.4524794266
2009-04-05,96285.0,135421.0,34596.0,,,,6448.903161992103
2009-04-06,96124.0,135892.0,34670.0,,,,6600.194836324192
2009-04-07,95883.0,136508.0,34528.0,,,,6628.909673656802
2009-04-08,95645.0,136799.0,34483.0,,,,6616.147523731196
2009-04-09,95463.0,137310.0,34399.0,,,,6609.766448768401
2009-04-10,95219.0,137748.0,34272.0,,,,6603.385373805607
2009-04-11,95478.0,138094.0,34135.0,,,,6597.004298842795
2009-04-12,96028.0,138388.0,34008.0,,,,6585.065574394206
2009-04-13,96301.0,138535.0,33838.0,,,,6565.613801193907
2009-04-14,96237.0,138553.0,33674.0,,,,6590.62322388
2009-04-15,95819.0,138425.0,33664.0,,,,6638.481286100993
2009-04-16,95234.0,138443.0,33659.0,,,,6657.624510989394
2009-04-17,94641.0,138535.0,33630.0,,,,6632.100211138199
2009-04-18,94094.0,138443.0,33509.0,,,,6635.290748619596
2009-04-19,94079.0,138369.0,33587.0,,,,6635.290748619596
2009-04-20,94322.0,138149.0,33659.0,,,,6644.862361063805
2009-04-21,94352.0,138168.0,33563.0,,,,6695.910960766196
2009-04-22,94626.0,138076.0,33625.0,,,,6699.101498247593
2009-04-23,94869.0,138003.0,33611.0,,,,6676.767735877795
2009-04-24,95082.0,137985.0,33611.0,,,,6651.2434360266
2009-04-25,95158.0,137930.0,33504.0,,,,6676.767735877795
2009-04-26,95234.0,137912.0,33587.0,,,,6702.292035729008
2009-04-27,95265.0,137839.0,33664.0,,,,6718.244723135993
2009-04-28,95234.0,137784.0,33543.0,,,,6711.863648173199
2009-04-29,95067.0,137675.0,33630.0,,,,6686.339348322003
2009-04-30,94976.0,137601.0,33698.0,,,,6660.815048470809
2009-05-01,94854.0,137492.0,33669.0,,,,6644.862361063805
2009-05-02,94763.0,137437.0,33732.0,,,,6651.2434360266
2009-05-03,94641.0,137383.0,33765.0,,,,6641.671823582408
2009-05-04,94459.0,137218.0,33809.0,,,,6651.2434360266
2009-05-05,94291.0,137090.0,33853.0,,,,6676.767735877795
2009-05-06,94139.0,136981.0,33876.0,,,,6619.338061212593
2009-05-07,94018.0,136890.0,33983.0,,,,6766.102785357003
2009-05-08,93896.0,136836.0,34121.0,,,,6660.815048470809
2009-05-09,93744.0,136763.0,34281.0,,,,6590.62322388
2009-05-10,93622.0,136981.0,34487.0,,,,6540.604378507798
2009-05-11,93501.0,137181.0,34640.0,,,,6551.719677479405
2009-05-12,93577.0,137163.0,34523.0,,,,6573.9502754226
2009-05-13,93653.0,137145.0,34389.0,,,,6585.065574394206
2009-05-14,93744.0,137145.0,34248.0,,,,6593.813761361397
2009-05-15,93942.0,137364.0,34238.0,,,,6670.386660915
2009-05-16,93911.0,137547.0,34272.0,,,,6635.290748619596
2009-05-17,94291.0,138516.0,34887.0,,,,6702.292035729008
2009-05-18,94991.0,139546.0,35155.0,,,,6715.054185654596
2009-05-19,95523.0,140301.0,34868.0,,,,6686.339348322003
2009-05-20,95980.0,140616.0,34616.0,,,,6660.815048470809
2009-05-21,96301.0,140708.0,34301.0,,,,6635.290748619596
2009-05-22,96494.0,140542.0,34165.0,,,,6612.956986249798
2009-05-23,96527.0,140412.0,34072.0,,,,6616.147523731196
2009-05-24,96607.0,140375.0,33993.0,,,,6619.338061212593
2009-05-25,96607.0,140301.0,33944.0,,,,6609.766448768401
2009-05-26,96527.0,140190.0,33843.0,,,,6597.004298842795
2009-05-27,96639.0,140320.0,33775.0,,,,6616.147523731196
2009-05-28,96881.0,140431.0,33751.0,,,,6628.909673656802
2009-05-29,97074.0,140727.0,33794.0,,,,6660.815048470809
2009-05-30,97637.0,141005.0,34199.0,,,,6664.005585952206
2009-05-31,97798.0,140950.0,34463.0,,,,6641.671823582408
2009-06-01,97766.0,141042.0,34601.0,,,,6612.956986249798
2009-06-02,97589.0,141005.0,34577.0,,,,6616.147523731196
2009-06-03,97347.0,140838.0,34483.0,,,,6635.290748619596
2009-06-04,97202.0,140801.0,34384.0,,,,6654.4339735079975
2009-06-05,97025.0,140468.0,34253.0,,,,6625.719136175405
2009-06-06,96864.0,140394.0,34116.0,,,,6616.147523731196
2009-06-07,96736.0,140209.0,33969.0,,,,6585.065574394206
2009-06-08,96607.0,139914.0,33809.0,,,,6557.277326965199
2009-06-09,96591.0,139730.0,33485.0,,,,6597.004298842795
2009-06-10,96607.0,139748.0,33591.0,,,,6667.196123433603
2009-06-11,96591.0,139619.0,33649.0,,,,6772.483860319799
2009-06-12,96559.0,139583.0,33761.0,,,,6585.065574394206
2009-06-13,96559.0,139564.0,33872.0,,,,6573.9502754226
2009-06-14,96736.0,139804.0,34121.0,,,,6679.958273359192
2009-06-15,96913.0,139969.0,34394.0,,,,6673.577198396398
2009-06-16,96929.0,140560.0,34744.0,,,,6724.625798098805
2009-06-17,96687.0,140690.0,34912.0,,,,6689.5298858034
2009-06-18,96398.0,140765.0,35100.0,,,,6679.958273359192
2009-06-19,96269.0,140950.0,35409.0,,,,6670.386660915
2009-06-20,95963.0,140894.0,35214.0,,,,6625.719136175405
2009-06-21,97058.0,141949.0,35334.0,,,,6692.720423284799
2009-06-22,98168.0,142304.0,35239.0,,,,6651.2434360266
2009-06-23,98217.0,141949.0,35170.0,,,,6612.956986249798
2009-06-24,97798.0,141598.0,35110.0,,,,6597.004298842795
2009-06-25,97299.0,141283.0,35065.0,,,,6590.62322388
2009-06-26,97009.0,141061.0,35045.0,,,,6603.385373805607
2009-06-27,96848.0,140857.0,34833.0,,,,6660.815048470809
2009-06-28,96559.0,140801.0,34577.0,,,,6667.196123433603
2009-06-29,96253.0,140653.0,34301.0,,,,6654.4339735079975
2009-06-30,95899.0,140301.0,33983.0,,,,6641.671823582408
2009-07-01,95676.0,140171.0,33746.0,,,,6644.862361063805
2009-07-02,95371.0,139877.0,33543.0,,,,6692.720423284799
2009-07-03,95037.0,139583.0,33341.0,,,,6718.244723135993
2009-07-04,94885.0,139363.0,33129.0,,,,6702.292035729008
2009-07-05,94748.0,139068.0,32885.0,,,,6670.386660915
2009-07-06,94474.0,138645.0,32723.0,,,,6638.481286100993
2009-07-07,94535.0,138296.0,32538.0,,,,6632.100211138199
2009-07-08,94839.0,138094.0,32505.0,,,,6625.719136175405
2009-07-09,95158.0,137912.0,32524.0,,,,6616.147523731196
2009-07-10,95280.0,137657.0,32538.0,,,,6612.956986249798
2009-07-11,95204.0,137310.0,32543.0,,,,6628.909673656802
2009-07-12,95250.0,137200.0,32628.0,,,,6813.960847577997
2009-07-13,95387.0,137108.0,32723.0,,,,6616.147523731196
2009-07-14,95371.0,136818.0,32767.0,,,,6590.62322388
2009-07-15,95082.0,136526.0,32771.0,,,,6593.813761361397
2009-07-16,94961.0,136181.0,32738.0,,,,6593.813761361397
2009-07-17,94900.0,136036.0,32786.0,,,,6600.194836324192
2009-07-18,95006.0,136073.0,32890.0,,,,6628.909673656802
2009-07-19,95250.0,136109.0,32991.0,,,,6644.862361063805
2009-07-20,95250.0,135928.0,33019.0,,,,6657.624510989394
2009-07-21,95189.0,135693.0,33043.0,,,,6667.196123433603
2009-07-22,95082.0,135439.0,33053.0,,,,6673.577198396398
2009-07-23,94976.0,135203.0,33014.0,,,,6667.196123433603
2009-07-24,94824.0,134895.0,33014.0,,,,6667.196123433603
2009-07-25,94672.0,134642.0,32977.0,,,,6648.052898545202
2009-07-26,94565.0,134354.0,32972.0,,,,6635.290748619596
2009-07-27,94398.0,134084.0,32981.0,,,,6622.528598694008
2009-07-28,94200.0,133761.0,32972.0,,,,6612.956986249798
2009-07-29,93957.0,133329.0,32962.0,,,,6619.338061212593
2009-07-30,94687.0,133707.0,33881.0,,,,6635.290748619596
2009-07-31,95851.0,134444.0,34523.0,,,,6612.956986249798
2009-08-01,97750.0,136690.0,35384.0,,,,6622.528598694008
2009-08-02,98023.0,137930.0,35185.0,,,,6810.770310096599
2009-08-03,97782.0,139050.0,35185.0,,,,6949.301724438906
2009-08-04,97669.0,139859.0,35100.0,,,,6743.769022987206
2009-08-05,96752.0,140246.0,34917.0,,,,6651.2434360266
2009-08-06,96285.0,140190.0,34695.0,,,,6616.147523731196
2009-08-07,95819.0,139877.0,34443.0,,,,6622.528598694008
2009-08-08,95326.0,139400.0,34296.0,,,,6635.290748619596
2009-08-09,94778.0,138829.0,34145.0,,,,6759.721710394191
2009-08-10,95554.0,139234.0,34199.0,,,,6833.104072466397
2009-08-11,96382.0,139271.0,34199.0,,,,6632.100211138199
2009-08-12,96414.0,138958.0,34086.0,,,,6612.956986249798
2009-08-13,96269.0,138572.0,34121.0,,,,6622.528598694008
2009-08-14,95980.0,138113.0,34062.0,,,,6686.339348322003
2009-08-15,95584.0,137565.0,34013.0,,,,6727.816335580202
2009-08-16,95128.0,137000.0,33872.0,,,,6753.3406354313975
2009-08-17,94596.0,136326.0,33727.0,,,,6766.102785357003
2009-08-18,94002.0,135747.0,33553.0,,,,6756.531172912794
2009-08-19,93546.0,135221.0,33465.0,,,,6705.482573210405
2009-08-20,93242.0,134841.0,33379.0,,,,6664.005585952206
2009-08-21,92710.0,134426.0,33288.0,,,,6654.4339735079975
2009-08-22,92375.0,134678.0,33341.0,,,,6916.881472459794
2009-08-23,91964.0,134895.0,33480.0,,,,6999.7332275175
2009-08-24,91690.0,134805.0,33659.0,,,,6788.436547726802
2009-08-25,91462.0,134480.0,33490.0,,,,6606.575911287004
2009-08-26,91279.0,134210.0,33441.0,,,,6600.194836324192
2009-08-27,91127.0,134012.0,33365.0,,,,6622.528598694008
2009-08-28,90975.0,133779.0,33259.0,,,,6756.531172912794
2009-08-29,90929.0,133599.0,33177.0,,,,7158.232237193099
2009-08-30,91309.0,133779.0,33216.0,,,,7093.391733234896
2009-08-31,91629.0,133653.0,33325.0,,,,6810.770310096599
2009-09-01,91538.0,133401.0,32981.0,,,,6622.528598694008
2009-09-02,91051.0,133024.0,32829.0,,,,6585.065574394206
2009-09-03,90610.0,132665.0,32733.0,,,,6600.194836324192
2009-09-04,90153.0,132379.0,32615.0,,,,6628.909673656802
2009-09-05,89712.0,132111.0,32396.0,,,,6644.862361063805
2009-09-06,89317.0,131826.0,32377.0,,,,6644.862361063805
2009-09-07,88906.0,131576.0,32354.0,,,,6635.290748619596
2009-09-08,88465.0,131291.0,32330.0,,,,6628.909673656802
2009-09-09,87999.0,130989.0,32108.0,,,,6632.100211138199
2009-09-10,87594.0,130688.0,31915.0,,,,6628.909673656802
2009-09-11,87219.0,130280.0,31691.0,,,,6670.386660915
2009-09-12,86886.0,129925.0,31537.0,,,,6619.338061212593
2009-09-13,86539.0,129536.0,31546.0,,,,6603.385373805607
2009-09-14,86193.0,129112.0,31537.0,,,,6619.338061212593
2009-09-15,85817.0,128708.0,31332.0,,,,6644.862361063805
2009-09-16,85427.0,128251.0,31169.0,,,,6644.862361063805
2009-09-17,85340.0,127829.0,31035.0,,,,6632.100211138199
2009-09-18,85253.0,127390.0,30905.0,,,,6625.719136175405
2009-09-19,85152.0,127006.0,30767.0,,,,6648.052898545202
2009-09-20,85022.0,126499.0,30753.0,,,,6667.196123433603
2009-09-21,84892.0,126097.0,30730.0,,,,6670.386660915
2009-09-22,84733.0,125679.0,30566.0,,,,6651.2434360266
2009-09-23,84559.0,125349.0,30542.0,,,,6632.100211138199
2009-09-24,84429.0,125036.0,30369.0,,,,6625.719136175405
2009-09-25,84241.0,124638.0,30164.0,,,,6606.575911287004
2009-09-26,84024.0,124205.0,29959.0,,,,6612.956986249798
2009-09-27,83981.0,123859.0,29968.0,,,,6689.5298858034
2009-09-28,84010.0,123825.0,30064.0,,,,6724.625798098805
2009-09-29,84270.0,123583.0,29968.0,,,,6635.290748619596
2009-09-30,84270.0,123187.0,29838.0,,,,6632.100211138199
2009-10-01,84270.0,122825.0,29665.0,,,,6619.338061212593
2009-10-02,84270.0,122481.0,29509.0,,,,6622.528598694008
2009-10-03,84256.0,122121.0,29387.0,,,,6638.481286100993
2009-10-04,84256.0,121848.0,29432.0,,,,6651.2434360266
2009-10-05,84256.0,121505.0,29455.0,,,,6660.815048470809
2009-10-06,84241.0,121112.0,29279.0,,,,6657.624510989394
2009-10-07,84227.0,120735.0,29146.0,,,,6638.481286100993
2009-10-08,84140.0,120429.0,29044.0,,,,6619.338061212593
2009-10-09,84010.0,120089.0,28920.0,,,,6628.909673656802
2009-10-10,84010.0,119767.0,28826.0,,,,6657.624510989394
2009-10-11,83966.0,119444.0,28848.0,,,,6673.577198396398
2009-10-12,83807.0,119121.0,28861.0,,,,6673.577198396398
2009-10-13,83692.0,118731.0,28716.0,,,,6673.577198396398
2009-10-14,83518.0,118259.0,28592.0,14000.886578863196,,,6644.862361063805
2009-10-15,83345.0,117804.0,28451.0,13991.632736314205,,,6600.194836324192
2009-10-16,83302.0,117417.0,28324.0,13997.787214491598,,,6521.152605307501
2009-10-17,83273.0,117031.0,28263.0,13997.787214491598,,,6457.239636220795
2009-10-18,83215.0,116628.0,28276.0,13994.68785012,,,6423.893739305993
2009-10-19,83143.0,116211.0,28276.0,13991.632736314205,,,6376.653718676705
2009-10-20,82984.0,115792.0,28276.0,13994.68785012,,,6304.609268225407
2009-10-21,82839.0,115393.0,28049.0,13997.787214491598,,,6250.399392461394
2009-10-22,82622.0,115011.0,27813.0,14000.886578863196,,,6182.637047756395
2009-10-23,82435.0,114611.0,27572.0,14007.085307606389,,,6090.480258957602
2009-10-24,82463.0,114346.0,27335.0,14069.072595038404,,,6055.243839711004
2009-10-25,84328.0,115144.0,28381.0,14273.630643563993,,,6101.322234110407
2009-10-26,85586.0,115542.0,28614.0,14361.910848185984,,,5919.180583768205
2009-10-27,86424.0,115726.0,28743.0,14205.444627388784,,,5772.747087165302
2009-10-28,87060.0,115709.0,28937.0,14115.563060612396,,,5794.006518788097
2009-10-29,89697.0,116863.0,29715.0,14124.861153727188,,,5852.598634310705
2009-10-30,91370.0,117534.0,30095.0,14090.768145639584,,,5704.718457023105
2009-10-31,92375.0,117821.0,30359.0,14078.370688153194,,,5571.277682513407
2009-11-01,92953.0,118242.0,30630.0,14059.774501923612,,,5421.194296274397
2009-11-02,93136.0,118445.0,30854.0,14013.284036349583,,,5274.703189214698
2009-11-03,93044.0,118562.0,31058.0,13979.412281091016,,,5256.71305326
2009-11-04,92816.0,118596.0,31229.0,13976.357167285216,,,5264.423111526293
2009-11-05,92512.0,118596.0,31327.0,13997.787214491598,,,5326.103577656695
2009-11-06,92147.0,118833.0,31429.0,14013.284036349583,,,5310.683461124095
2009-11-07,91766.0,119189.0,31565.0,14028.780858207603,,,5259.283072682098
2009-11-08,91294.0,119478.0,31648.0,14038.078951322395,,,5261.853092104196
2009-11-09,90792.0,119682.0,31691.0,14034.9795869508,,,5279.843228058894
2009-11-10,90229.0,119936.0,31738.0,14016.383400721215,,,5279.843228058894
2009-11-11,89773.0,120038.0,31780.0,14016.383400721215,,,5300.403383435704
2009-11-12,89469.0,120208.0,31822.0,14007.085307606389,,,5305.5434222799
2009-11-13,89165.0,120293.0,31864.0,13997.787214491598,,,5266.993130948405
2009-11-14,89089.0,120395.0,31915.0,14003.985943234791,,,5272.133169792601
2009-11-15,89073.0,120531.0,32009.0,14013.284036349583,,,5282.413247481006
2009-11-16,89043.0,120701.0,32075.0,14016.383400721215,,,5284.983266903103
2009-11-17,88784.0,120821.0,31882.0,14000.886578863196,,,5279.843228058894
2009-11-18,88389.0,120941.0,31555.0,13997.787214491598,,,5277.273208636796
2009-11-19,87999.0,121095.0,31150.0,14003.985943234791,,,5284.983266903103
2009-11-20,87797.0,121368.0,30961.0,14062.873866295213,,,5310.683461124095
2009-11-21,87826.0,121916.0,31003.0,14053.575773180415,,,5310.683461124095
2009-11-22,87652.0,122224.0,30802.0,14010.184671977986,,,5284.983266903103
2009-11-23,87450.0,122464.0,30538.0,13970.246939673589,,,5266.993130948405
2009-11-24,87204.0,122705.0,30255.0,13967.19182586779,,,5282.413247481006
2009-11-25,86929.0,122877.0,29964.0,13982.467394896814,,,5305.5434222799
2009-11-26,86756.0,123015.0,29878.0,14003.985943234791,,,5323.533558234598
2009-11-27,86496.0,123273.0,29792.0,14019.482765092816,,,5333.813635923003
2009-11-28,86221.0,123514.0,29869.0,14022.582129464412,,,5318.393519390403
2009-11-29,86091.0,123739.0,29950.0,14022.582129464412,,,5292.693325169397
2009-11-30,85831.0,123979.0,30037.0,14022.582129464412,,,5277.273208636796
2009-12-01,85571.0,124308.0,30137.0,14010.184671977986,,,5292.693325169397
2009-12-02,85369.0,124378.0,30168.0,13997.787214491598,,,5300.403383435704
2009-12-03,85268.0,124846.0,30433.0,14162.05352618639,,,5480.304742982702
2009-12-04,85745.0,126044.0,31336.0,14245.736364219583,,,5600.059026035096
2009-12-05,86135.0,126778.0,31648.0,14233.338906733194,,,5597.442540260398
2009-12-06,86496.0,127390.0,31868.0,14199.245898645591,,,5573.894168288105
2009-12-07,86799.0,127882.0,32023.0,14134.159246842017,,,5521.564452794094
2009-12-08,87002.0,128304.0,32150.0,14050.476408808783,,,5434.0443933849
2009-12-09,87262.0,128778.0,32302.0,14050.476408808783,,,5418.624276852299
2009-12-10,87378.0,129148.0,32434.0,14087.668781267988,,,5610.524969133902
2009-12-11,87666.0,129483.0,32557.0,14062.873866295213,,,5511.144976047903
2009-12-12,87854.0,129748.0,32652.0,14062.873866295213,,,5377.503966098708
2009-12-13,88057.0,129925.0,32723.0,14075.2713237816,,,5297.833364013607
2009-12-14,88541.0,130528.0,32938.0,14106.264967497604,,,5441.754451651207
2009-12-15,88861.0,131025.0,33101.0,14056.675137552014,,,5380.073985520806
2009-12-16,89119.0,131630.0,33245.0,14109.364331869205,,,5295.263344591494
2009-12-17,89651.0,131791.0,33014.0,14152.7554330716,,,5287.553286325202
2009-12-18,89925.0,132165.0,32662.0,14193.047169902396,,,5292.693325169397
2009-12-19,90077.0,132434.0,32274.0,14134.159246842017,,,5284.983266903103
2009-12-20,90062.0,132487.0,31892.0,14013.284036349583,,,5272.133169792601
2009-12-21,89895.0,132541.0,31461.0,13924.420232586595,,,5249.141416498507
2009-12-22,89469.0,132272.0,31215.0,13945.806029227211,,,5279.843228058894
2009-12-23,88769.0,131773.0,30947.0,13958.0264844504,,,5295.263344591494
2009-12-24,87941.0,131309.0,30684.0,13964.136712061993,,,5297.833364013607
2009-12-25,87103.0,130866.0,30542.0,13976.357167285216,,,5295.263344591494
2009-12-26,86366.0,130440.0,30410.0,14025.68149383601,,,5377.503966098708
2009-12-27,85875.0,130263.0,30465.0,14202.345263017189,,,5610.524969133902
2009-12-28,85774.0,130369.0,30730.0,14339.632741167004,,,5728.266828995397
2009-12-29,85499.0,130245.0,30910.0,14273.630643563993,,,5610.524969133902
2009-12-30,85282.0,129908.0,31003.0,14152.7554330716,,,5426.334335118608
2009-12-31,85326.0,129660.0,31113.0,14038.078951322395,,,5282.413247481006
2010-01-01,85427.0,129448.0,31220.0,14028.780858207603,,,5302.973402857802
2010-01-02,85513.0,129165.0,31261.0,14019.482765092816,,,5323.533558234598
2010-01-03,85456.0,128796.0,31275.0,13991.632736314205,,,5310.683461124095
2010-01-04,85282.0,128479.0,31261.0,13961.081598256198,,,5290.123305747299
2010-01-05,85138.0,128093.0,31252.0,13970.246939673589,,,5269.563150370503
2010-01-06,85210.0,127846.0,31220.0,13976.357167285216,,,5274.703189214698
2010-01-07,85282.0,127688.0,31183.0,13979.412281091016,,,5269.563150370503
2010-01-08,85311.0,127582.0,31165.0,13988.577622508406,,,5264.423111526293
2010-01-09,85123.0,127355.0,31183.0,13997.787214491598,,,5259.283072682098
2010-01-10,84704.0,127146.0,31188.0,13997.787214491598,,,5249.141416498507
2010-01-11,84024.0,126883.0,31193.0,13994.68785012,,,5269.563150370503
2010-01-12,83302.0,126691.0,31202.0,13991.632736314205,,,5279.843228058894
2010-01-13,82651.0,126394.0,31215.0,13991.632736314205,,,5282.413247481006
2010-01-14,81972.0,126342.0,31215.0,13985.522508702608,,,5272.133169792601
2010-01-15,81235.0,126394.0,31215.0,13985.522508702608,,,5284.983266903103
2010-01-16,80861.0,126412.0,31215.0,13997.787214491598,,,5305.5434222799
2010-01-17,80170.0,126464.0,31202.0,14022.582129464412,,,5341.523694189296
2010-01-18,79562.0,126603.0,31239.0,14081.470052524792,,,5434.0443933849
2010-01-19,79617.0,126708.0,31243.0,14106.264967497604,,,5349.233752455603
2010-01-20,79755.0,126691.0,31257.0,14056.675137552014,,,5295.263344591494
2010-01-21,79908.0,126761.0,31252.0,14003.985943234791,,,5274.703189214698
2010-01-22,79963.0,126778.0,31243.0,14000.886578863196,,,5272.133169792601
2010-01-23,79769.0,126726.0,31188.0,14003.985943234791,,,5264.423111526293
2010-01-24,79231.0,126447.0,31118.0,14003.985943234791,,,5254.189174339502
2010-01-25,78788.0,126377.0,31099.0,14152.7554330716,,,5333.813635923003
2010-01-26,83778.0,131809.0,33465.0,14447.840689545012,,,5490.584820671106
2010-01-27,86915.0,134084.0,33939.0,14314.17204743099,,,5428.904354540705
2010-01-28,88013.0,135239.0,33713.0,14100.066238754407,,,5320.9635388125
2010-01-29,88252.0,135910.0,33369.0,13976.357167285216,,,5218.854869452506
2010-01-30,88057.0,136272.0,33158.0,14019.482765092816,,,5249.141416498507
2010-01-31,87551.0,136472.0,32790.0,14065.973230666808,,,5284.983266903103
2010-02-01,86828.0,136654.0,32405.0,14087.668781267988,,,5315.8234999683045
2010-02-02,86467.0,136708.0,31929.0,14047.377044437188,,,5336.383655345101
2010-02-03,86539.0,136654.0,31653.0,14007.085307606389,,,5341.523694189296
2010-02-04,86496.0,136581.0,31174.0,13994.68785012,,,5338.953674767198
2010-02-05,86554.0,136181.0,30859.0,13994.68785012,,,5328.673597078793
2010-02-06,86727.0,135656.0,30630.0,14022.582129464412,,,5336.383655345101
2010-02-07,86814.0,135058.0,30359.0,14031.880222579202,,,5326.103577656695
2010-02-08,86843.0,134444.0,30086.0,14031.880222579202,,,5308.1134417019975
2010-02-09,86886.0,133869.0,29819.0,14016.383400721215,,,5287.553286325202
2010-02-10,86915.0,133240.0,29647.0,14016.383400721215,,,5295.263344591494
2010-02-11,86958.0,132594.0,29518.0,14022.582129464412,,,5295.263344591494
2010-02-12,86958.0,132004.0,29342.0,14000.886578863196,,,5290.123305747299
2010-02-13,86828.0,131309.0,29186.0,13994.68785012,,,5279.843228058894
2010-02-14,86785.0,130635.0,29222.0,13982.467394896814,,,5269.563150370503
2010-02-15,86727.0,129925.0,29261.0,13973.302053479383,,,5254.189174339502
2010-02-16,86482.0,129236.0,29101.0,13967.19182586779,,,5246.617537577995
2010-02-17,86193.0,128602.0,29021.0,13973.302053479383,,,5256.71305326
2010-02-18,85933.0,128005.0,28920.0,13979.412281091016,,,5269.563150370503
2010-02-19,85644.0,127565.0,28835.0,13985.522508702608,,,5279.843228058894
2010-02-20,85427.0,127181.0,28663.0,14000.886578863196,,,5297.833364013607
2010-02-21,85326.0,126813.0,28681.0,14016.383400721215,,,5313.253480546207
2010-02-22,85224.0,126412.0,28694.0,14031.880222579202,,,5323.533558234598
2010-02-23,84979.0,126010.0,28517.0,14031.880222579202,,,5308.1134417019975
2010-02-24,84776.0,125888.0,28486.0,14025.68149383601,,,5308.1134417019975
2010-02-25,84617.0,125905.0,28482.0,13994.68785012,,,5310.683461124095
2010-02-26,84299.0,125870.0,28552.0,13994.68785012,,,5300.403383435704
2010-02-27,83648.0,125279.0,28530.0,13994.68785012,,,5274.703189214698
2010-02-28,82912.0,124585.0,28486.0,13988.577622508406,,,5249.141416498507
2010-03-01,82146.0,123859.0,28434.0,13985.522508702608,,,5223.902627293501
2010-03-02,81394.0,123118.0,28390.0,14000.886578863196,,,5221.378748373004
2010-03-03,80585.0,122429.0,28324.0,14022.582129464412,,,5246.617537577995
2010-03-04,79825.0,121694.0,28263.0,14019.482765092816,,,5302.973402857802
2010-03-05,79051.0,121129.0,28254.0,14013.284036349583,,,5313.253480546207
2010-03-06,78305.0,120514.0,28258.0,14007.085307606389,,,5284.983266903103
2010-03-07,77517.0,119936.0,28250.0,14010.184671977986,,,5241.569779736999
2010-03-08,76771.0,119359.0,28250.0,14016.383400721215,,,5216.330990531994
2010-03-09,76081.0,118799.0,28267.0,14019.482765092816,,,5251.665295419005
2010-03-10,75486.0,118377.0,28311.0,14013.284036349583,,,5249.141416498507
2010-03-11,74989.0,118141.0,28342.0,14003.985943234791,,,5269.563150370503
2010-03-12,75113.0,118512.0,28411.0,14016.383400721215,,,5320.9635388125
2010-03-13,76067.0,119376.0,28478.0,14143.457339956803,,,5529.413910118201
2010-03-14,77255.0,121626.0,29151.0,14591.057091809997,,,6060.664827287398
2010-03-15,79396.0,124777.0,29874.0,15055.32161326048,,,6451.6819867350005
2010-03-16,81134.0,127006.0,30128.0,15031.780996542004,,,6565.613801193907
2010-03-17,82695.0,128602.0,30227.0,14852.614105149016,,,6673.577198396398
2010-03-18,84140.0,129996.0,30465.0,14594.23967852699,,,6660.815048470809
2010-03-19,85456.0,131434.0,30712.0,14320.537220864986,,,6619.338061212593
2010-03-20,86828.0,132970.0,31215.0,14168.252254929585,,,6632.100211138199
2010-03-21,88206.0,134750.0,31818.0,14028.780858207603,,,6625.719136175405
2010-03-22,89712.0,136690.0,32449.0,13921.365118780795,,,6625.719136175405
2010-03-23,92542.0,141709.0,34927.0,14010.184671977986,,,6654.4339735079975
2010-03-24,97782.0,143667.0,35414.0,14044.27768006559,,,6606.575911287004
2010-03-25,99199.0,142976.0,35249.0,14025.68149383601,,,6632.100211138199
2010-03-26,99359.0,142528.0,35219.0,13994.68785012,,,6635.290748619596
2010-03-27,99118.0,142192.0,35175.0,13982.467394896814,,,6619.338061212593
2010-03-28,98571.0,141839.0,35120.0,13958.0264844504,,,6590.62322388
2010-03-29,98152.0,141857.0,35324.0,13988.577622508406,,,6673.577198396398
2010-03-30,97878.0,141783.0,35344.0,14007.085307606389,,,6635.290748619596
2010-03-31,98603.0,142826.0,35523.0,14205.444627388784,,,6826.722997503603
2010-04-01,99022.0,142696.0,35309.0,14224.040813618403,,,6686.339348322003
2010-04-02,98700.0,142378.0,35249.0,14158.954161814792,,,6593.813761361397
2010-04-03,98233.0,142192.0,35254.0,14093.867510011216,,,6625.719136175405
2010-04-04,97798.0,142080.0,35244.0,13997.787214491598,,,6632.100211138199
2010-04-05,97363.0,141839.0,35204.0,13912.199777363405,,,6616.147523731196
2010-04-06,96961.0,141357.0,35180.0,13933.585574003988,,,6616.147523731196
2010-04-07,96591.0,140950.0,35090.0,13958.0264844504,,,6609.766448768401
2010-04-08,96237.0,140653.0,34907.0,13988.577622508406,,,6603.385373805607
2010-04-09,95963.0,140523.0,34793.0,14028.780858207603,,,6612.956986249798
2010-04-10,95754.0,140375.0,34684.0,14028.780858207603,,,6612.956986249798
2010-04-11,95463.0,140079.0,34458.0,14010.184671977986,,,6609.766448768401
2010-04-12,95204.0,139859.0,34209.0,13985.522508702608,,,6603.385373805607
2010-04-13,95052.0,139656.0,34116.0,13985.522508702608,,,6616.147523731196
2010-04-14,94915.0,139528.0,34028.0,13997.787214491598,,,6625.719136175405
2010-04-15,94793.0,139400.0,33920.0,14003.985943234791,,,6628.909673656802
2010-04-16,94657.0,139271.0,33819.0,14013.284036349583,,,6632.100211138199
2010-04-17,94672.0,139234.0,33688.0,14069.072595038404,,,6683.148810840607
2010-04-18,94946.0,139160.0,33804.0,14096.966874382812,,,6689.5298858034
2010-04-19,95234.0,139013.0,33896.0,14087.668781267988,,,6673.577198396398
2010-04-20,95371.0,138848.0,33727.0,14031.880222579202,,,6616.147523731196
2010-04-21,95371.0,138645.0,33649.0,14019.482765092816,,,6622.528598694008
2010-04-22,95341.0,138443.0,33553.0,14010.184671977986,,,6635.290748619596
2010-04-23,95265.0,138205.0,33499.0,14000.886578863196,,,6628.909673656802
2010-04-24,95189.0,137966.0,33456.0,13997.787214491598,,,6619.338061212593
2010-04-25,95128.0,137875.0,33523.0,14034.9795869508,,,6635.290748619596
2010-04-26,95189.0,138003.0,33644.0,14100.066238754407,,,6692.720423284799
2010-04-27,95539.0,138277.0,33649.0,14044.27768006559,,,6603.385373805607
2010-04-28,95915.0,138351.0,33644.0,14013.284036349583,,,6585.065574394206
2010-04-29,96189.0,138480.0,33630.0,14028.780858207603,,,6593.813761361397
2010-04-30,96285.0,138609.0,33606.0,14041.178315693993,,,6609.766448768401
2010-05-01,96301.0,138737.0,33591.0,14044.27768006559,,,6625.719136175405
2010-05-02,96205.0,138811.0,33630.0,14041.178315693993,,,6638.481286100993
2010-05-03,96092.0,138848.0,33674.0,14056.675137552014,,,6938.494973779195
2010-05-04,96060.0,138866.0,33722.0,13997.787214491598,,,6855.437834836196
2010-05-05,95980.0,138903.0,33741.0,13994.68785012,,,6543.383203250696
2010-05-06,95850.0,138866.0,33751.0,14007.085307606389,,,6579.507924908395
2010-05-07,95754.0,138774.0,33765.0,14010.184671977986,,,6641.671823582408
2010-05-08,95819.0,138737.0,33794.0,14019.482765092816,,,6686.339348322003
2010-05-09,96012.0,138793.0,33862.0,14025.68149383601,,,6699.101498247593
2010-05-10,96044.0,138682.0,33876.0,14025.68149383601,,,6686.339348322003
2010-05-11,95996.0,138553.0,33886.0,14013.284036349583,,,6638.481286100993
2010-05-12,96028.0,138461.0,33939.0,14041.178315693993,,,6638.481286100993
2010-05-13,96108.0,138645.0,33983.0,14013.284036349583,,,6632.100211138199
2010-05-14,96173.0,138976.0,34037.0,14013.284036349583,,,6628.909673656802
2010-05-15,96301.0,139381.0,34077.0,14050.476408808783,,,6635.290748619596
2010-05-16,96301.0,139363.0,34106.0,14062.873866295213,,,6622.528598694008
2010-05-17,96269.0,139345.0,34126.0,14062.873866295213,,,6609.766448768401
2010-05-18,96189.0,139308.0,34150.0,14041.178315693993,,,6632.100211138199
2010-05-19,96124.0,139308.0,34224.0,14022.582129464412,,,6654.4339735079975
2010-05-20,96076.0,139400.0,34238.0,14007.085307606389,,,6651.2434360266
2010-05-21,96012.0,139638.0,34272.0,14003.985943234791,,,6644.862361063805
2010-05-22,95835.0,139638.0,34281.0,14022.582129464412,,,6648.052898545202
2010-05-23,95645.0,139619.0,34311.0,14041.178315693993,,,6654.4339735079975
2010-05-24,95463.0,139583.0,34325.0,14056.675137552014,,,6654.4339735079975
2010-05-25,95250.0,139509.0,34325.0,14044.27768006559,,,6638.481286100993
2010-05-26,95006.0,139363.0,34330.0,14038.078951322395,,,6622.528598694008
2010-05-27,94763.0,139326.0,34316.0,14025.68149383601,,,6619.338061212593
2010-05-28,94504.0,139271.0,34409.0,14013.284036349583,,,6622.528598694008
2010-05-29,94231.0,138995.0,34443.0,14019.482765092816,,,6622.528598694008
2010-05-30,93942.0,138737.0,34443.0,14031.880222579202,,,6625.719136175405
2010-05-31,93622.0,138443.0,34453.0,14034.9795869508,,,6619.338061212593
2010-06-01,93348.0,138131.0,34443.0,14034.9795869508,,,6609.766448768401
2010-06-02,93257.0,137966.0,34453.0,14028.780858207603,,,6603.385373805607
2010-06-03,93196.0,137748.0,34409.0,14019.482765092816,,,6606.575911287004
2010-06-04,93105.0,137528.0,34374.0,14016.383400721215,,,6609.766448768401
2010-06-05,92968.0,137145.0,34355.0,14013.284036349583,,,6625.719136175405
2010-06-06,92786.0,136799.0,34350.0,14010.184671977986,,,6638.481286100993
2010-06-07,92649.0,136581.0,34365.0,14003.985943234791,,,6641.671823582408
2010-06-08,92497.0,136145.0,34345.0,14007.085307606389,,,6641.671823582408
2010-06-09,92223.0,135765.0,34330.0,14022.582129464412,,,6654.4339735079975
2010-06-10,92116.0,135475.0,34384.0,14062.873866295213,,,6705.482573210405
2010-06-11,91933.0,135167.0,34419.0,14034.9795869508,,,6625.719136175405
2010-06-12,91675.0,134750.0,34224.0,14031.880222579202,,,6622.528598694008
2010-06-13,91492.0,134660.0,34267.0,14034.9795869508,,,6644.862361063805
2010-06-14,91340.0,134462.0,34365.0,14047.377044437188,,,6651.2434360266
2010-06-15,91127.0,134084.0,34214.0,14025.68149383601,,,6644.862361063805
2010-06-16,90823.0,133689.0,34032.0,14022.582129464412,,,6638.481286100993
2010-06-17,90549.0,133365.0,33838.0,14044.27768006559,,,6641.671823582408
2010-06-18,90290.0,133024.0,33843.0,14050.476408808783,,,6632.100211138199
2010-06-19,89956.0,132629.0,33843.0,14050.476408808783,,,6638.481286100993
2010-06-20,89636.0,132237.0,33838.0,14050.476408808783,,,6644.862361063805
2010-06-21,89286.0,131809.0,33819.0,14044.27768006559,,,6644.862361063805
2010-06-22,88906.0,131416.0,33799.0,14031.880222579202,,,6648.052898545202
2010-06-23,88541.0,131043.0,33804.0,14019.482765092816,,,
2010-06-24,88161.0,130652.0,33813.0,14013.284036349583,,,
2010-06-25,87826.0,130369.0,33784.0,14013.284036349583,,,
2010-06-26,87450.0,129908.0,33761.0,14019.482765092816,,,
2010-06-27,87089.0,129448.0,33736.0,14022.582129464412,,,
2010-06-28,86698.0,129007.0,33708.0,14028.780858207603,,,
2010-06-29,86381.0,128585.0,33684.0,14031.880222579202,,,6603.385373805607
2010-06-30,85990.0,128163.0,33634.0,14025.68149383601,,,
2010-07-01,85644.0,127670.0,33273.0,14019.482765092816,,,
2010-07-02,85224.0,127198.0,33062.0,14010.184671977986,,,6606.575911287004
2010-07-03,84632.0,126708.0,32895.0,13964.136712061993,,,6619.338061212593
2010-07-04,84183.0,126237.0,32857.0,13903.034435946014,,,6632.100211138199
2010-07-05,83807.0,125714.0,32815.0,13844.9872736358,,,6641.671823582408
2010-07-06,83388.0,125227.0,32767.0,13796.105452743008,,,6651.2434360266
2010-07-07,82912.0,124725.0,32610.0,13799.160566548806,,,6657.624510989394
2010-07-08,82406.0,124239.0,32481.0,13805.2707941604,,,6667.196123433603
2010-07-09,81943.0,123842.0,32344.0,13811.381021771993,,,6673.577198396398
2010-07-10,81611.0,123549.0,32213.0,13829.711704606812,,,6711.863648173199
2010-07-11,81308.0,123428.0,32127.0,13851.097501247392,,,6759.721710394191
2010-07-12,81018.0,123032.0,32090.0,13863.317956470615,,,6775.674397801196
2010-07-13,80682.0,122601.0,31948.0,13887.758866916996,,,6810.770310096599
2010-07-14,80336.0,122173.0,31841.0,13976.357167285216,,,6974.517475978202
2010-07-15,79991.0,121814.0,31719.0,14007.085307606389,,,6884.152672168805
2010-07-16,79590.0,121351.0,31592.0,14013.284036349583,,,6648.052898545202
2010-07-17,79134.0,120992.0,31447.0,14022.582129464412,,,6628.909673656802
2010-07-18,78650.0,120514.0,31397.0,14031.880222579202,,,6600.194836324192
2010-07-19,78249.0,120157.0,31341.0,14044.27768006559,,,6606.575911287004
2010-07-20,77890.0,119699.0,31206.0,14062.873866295213,,,6616.147523731196
2010-07-21,77476.0,119240.0,31017.0,14038.078951322395,,,6619.338061212593
2010-07-22,77144.0,118985.0,30873.0,14022.582129464412,,,6628.909673656802
2010-07-23,76785.0,118596.0,30693.0,14022.582129464412,,,6609.766448768401
2010-07-24,76633.0,118478.0,30561.0,14041.178315693993,,,6612.956986249798
2010-07-25,76481.0,118242.0,30529.0,14053.575773180415,,,6612.956986249798
2010-07-26,76219.0,117972.0,30487.0,14059.774501923612,,,6609.766448768401
2010-07-27,75915.0,117619.0,30314.0,14038.078951322395,,,6603.385373805607
2010-07-28,75542.0,117232.0,30164.0,14013.284036349583,,,6616.147523731196
2010-07-29,75196.0,116796.0,29973.0,14000.886578863196,,,6628.909673656802
2010-07-30,74796.0,116428.0,29769.0,13997.787214491598,,,6638.481286100993
2010-07-31,74216.0,116009.0,29571.0,13954.971370644602,,,6638.481286100993
2010-08-01,73569.0,115608.0,29513.0,13906.089549751812,,,6657.624510989394
2010-08-02,72907.0,115177.0,29468.0,13857.207728858986,,,6683.148810840607
2010-08-03,72364.0,114812.0,29405.0,13789.995225131412,,,6657.624510989394
2010-08-04,71596.0,114396.0,29356.0,13789.995225131412,,,6641.671823582408
2010-08-05,70775.0,114014.0,29306.0,13796.105452743008,,,6628.909673656802
2010-08-06,70086.0,113716.0,29270.0,13802.2156803546,,,6622.528598694008
2010-08-07,69278.0,113272.0,29213.0,13805.2707941604,,,6625.719136175405
2010-08-08,68378.0,112826.0,29155.0,13808.325907966197,,,6628.909673656802
2010-08-09,67384.0,112365.0,29088.0,13805.2707941604,,,6619.338061212593
2010-08-10,66439.0,111906.0,28637.0,13753.33385946181,,,6571.171450679702
2010-08-11,65434.0,110398.0,28189.0,13695.286697151594,,,6523.9314300503975
2010-08-12,64415.0,110892.0,27822.0,13637.923105069214,,,6479.470234164007
2010-08-13,63434.0,110533.0,27503.0,13595.714451975618,,,6451.6819867350005
2010-08-14,62454.0,110208.0,27150.0,13592.699548183184,,,6443.345512506307
2010-08-15,61384.0,109867.0,26799.0,13607.774067145205,,,6440.566687763394
2010-08-16,60414.0,109543.0,26545.0,13637.923105069214,,,6446.124337249205
2010-08-17,59462.0,109234.0,26380.0,13652.997624031195,,,6446.124337249205
2010-08-18,58522.0,108846.0,26190.0,13659.027431615994,,,6404.441966105696
2010-08-19,57692.0,108540.0,26013.0,13665.057239200789,,,6401.663141362798
2010-08-20,56947.0,108088.0,25821.0,13662.04233540839,,,6362.759594962202
2010-08-21,56165.0,107605.0,25633.0,13634.908201276814,,,6304.609268225407
2010-08-22,55396.0,107188.0,25578.0,13619.833682314797,,,6258.530873826003
2010-08-23,55188.0,107172.0,25708.0,13610.788970937603,,,6253.109886249593
2010-08-24,55860.0,106996.0,25821.0,13622.848586107191,,,6272.083342767006
2010-08-25,56055.0,106740.0,25741.0,13628.878393691988,,,6293.767293072602
2010-08-26,56214.0,106420.0,25612.0,13634.908201276814,,,6310.030255801803
2010-08-27,56239.0,106052.0,25616.0,13637.923105069214,,,6321.077223818693
2010-08-28,56190.0,105637.0,25595.0,13640.93800886161,,,6332.192522790298
2010-08-29,56104.0,105241.0,25549.0,13643.952912654007,,,6343.307821761903
2010-08-30,56092.0,104795.0,25512.0,13646.967816446404,,,6354.423120733494
2010-08-31,55750.0,104351.0,25466.0,13646.967816446404,,,6359.980770219304
2010-09-01,55347.0,103893.0,25420.0,13637.923105069214,,,6343.307821761903
2010-09-02,54883.0,103468.0,25366.0,13556.520702674385,,,6315.519574332898
2010-09-03,54288.0,102979.0,25313.0,13450.999069940412,,,6282.925317919796
2010-09-04,53447.0,102492.0,25262.0,13292.497974818383,,,6226.004948367602
2010-09-05,52572.0,102039.0,25205.0,13125.9187727256,,,6166.374085027194
2010-09-06,51791.0,101586.0,25142.0,12958.181724274487,,,6106.743221686803
2010-09-07,51138.0,101086.0,25089.0,12793.903910039404,,,6047.112358346395
2010-09-08,50426.0,100590.0,25039.0,12626.06627138459,,,5983.099255247393
2010-09-09,49725.0,100078.0,24981.0,12456.066285493816,,,5876.568136115398
2010-09-10,48959.0,99629.0,24916.0,12284.879159239808,,,5778.026850918297
2010-09-11,48070.0,99151.0,24863.0,12118.070297362196,,,5681.170085050797
2010-09-12,47169.0,98644.0,24805.0,11963.415873295213,,,5594.826054485701
2010-09-13,46368.0,98198.0,24764.0,11807.960963661597,,,5524.180938568805
2010-09-14,45523.0,98168.0,24711.0,11663.92126626,,,5518.947967019395
2010-09-15,44734.0,97786.0,24658.0,11533.018317093596,,,5516.331481244698
2010-09-16,44100.0,97313.0,24596.0,11383.157715183308,,,5518.947967019395
2010-09-17,43477.0,96856.0,24568.0,11265.104635031694,,,5516.331481244698
2010-09-18,42941.0,96400.0,24246.0,11033.212607956191,,,5431.474373962802
2010-09-19,42342.0,95978.0,24209.0,10783.93105348921,,,5336.383655345101
2010-09-20,41837.0,95523.0,24173.0,10548.938000201988,,,5239.045900816502
2010-09-21,41281.0,95071.0,23842.0,10388.457620935793,,,5127.995228314502
2010-09-22,40703.0,94590.0,23653.0,10184.899348448404,,,4964.675611529994
2010-09-23,39999.0,94126.0,23465.0,10001.3156119206,,,4793.686928534994
2010-09-24,39306.0,93692.0,23286.0,9831.974496751787,,,4634.88181443
2010-09-25,38559.0,93229.0,22913.0,9788.555893725,,,4571.632310564402
2010-09-26,37787.0,92799.0,22882.0,9757.1980137612,,,4515.680826375598
2010-09-27,37381.0,92323.0,22839.0,9737.900856860391,,,4477.433543889005
2010-09-28,37272.0,91924.0,22564.0,9759.6101583738,,,4515.680826375598
2010-09-29,37153.0,91688.0,22513.0,9788.555893725,,,4549.738251533994
2010-09-30,37093.0,91364.0,22412.0,9922.62859107899,,,4818.467897085
2010-10-01,39789.0,97511.0,25345.0,10602.476362225198,,,5757.048172517101
2010-10-02,49049.0,104827.0,27632.0,11112.35236617721,,,6220.583960791207
2010-10-03,52490.0,106868.0,28036.0,11308.033027814115,,,6429.451388791805
2010-10-04,54112.0,108024.0,28241.0,11432.113960444496,,,6573.9502754226
2010-10-05,55872.0,109186.0,28460.0,11560.289764836603,,,6628.909673656802
2010-10-06,57960.0,109835.0,28707.0,11702.701184791196,,,6616.147523731196
2010-10-07,59462.0,110176.0,28906.0,11819.040940384784,,,6612.956986249798
2010-10-08,60817.0,110404.0,29057.0,11915.990736712787,,,6622.528598694008
2010-10-09,61855.0,110631.0,29168.0,11997.158656728012,,,6632.100211138199
2010-10-10,62683.0,110762.0,29270.0,12067.456122213012,,,6628.909673656802
2010-10-11,63358.0,110647.0,29356.0,12134.941689078616,,,6622.528598694008
2010-10-12,63969.0,110551.0,29414.0,12199.615357324788,,,6625.719136175405
2010-10-13,64326.0,110420.0,29468.0,12256.3479715308,,,6622.528598694008
2010-10-14,64848.0,110306.0,29518.0,12313.410346948816,,,6609.766448768401
2010-10-15,65255.0,110241.0,29584.0,12384.738316221315,,,6616.147523731196
2010-10-16,66134.0,110941.0,29563.0,12441.800691639295,,,6593.813761361397
2010-10-17,67190.0,111595.0,29495.0,12484.597473202788,,,6565.613801193907
2010-10-18,67901.0,112021.0,29329.0,12527.678690104214,,,6526.710254793296
2010-10-19,68351.0,112316.0,29231.0,12568.191223572612,,,6457.239636220795
2010-10-20,68749.0,112662.0,29119.0,12605.81000465041,,,6351.644295990596
2010-10-21,69027.0,112679.0,28747.0,12643.428785728209,,,6239.557417308604
2010-10-22,69225.0,112695.0,28333.0,12675.260062024814,,,6141.9796409334
2010-10-23,69411.0,112646.0,27905.0,12707.091338321416,,,6055.243839711004
2010-10-24,69543.0,112547.0,27477.0,12736.02886222739,,,5967.119587377608
2010-10-25,69596.0,112431.0,27052.0,12767.860138523994,,,5881.894692071994
2010-10-26,69966.0,112778.0,27129.0,12814.403196449384,,,5812.649464636196
2010-10-27,70642.0,113206.0,27300.0,12899.496610876506,,,5741.349257868901
2010-10-28,71649.0,113981.0,27745.0,13002.195559323012,,,5662.854684627899
2010-10-29,72165.0,114230.0,27813.0,13072.617695400617,,,5560.811739414602
2010-10-30,72496.0,114313.0,27606.0,13131.868029943196,,,5459.7445876059055
2010-10-31,72788.0,114363.0,27339.0,13188.385973510412,,,5354.373791299799
2010-11-01,72987.0,114346.0,27056.0,13235.980031251203,,,5277.273208636796
2010-11-02,73410.0,114761.0,27124.0,13271.675574556804,,,5279.843228058894
2010-11-03,73795.0,115061.0,27202.0,13307.371117862407,,,5287.553286325202
2010-11-04,73927.0,115028.0,27279.0,13372.812947256016,,,5326.103577656695
2010-11-05,74257.0,115343.0,27507.0,13487.177915449212,,,5400.6341408976
2010-11-06,74685.0,115492.0,27658.0,13568.580317844007,,,5333.813635923003
2010-11-07,74947.0,115492.0,27775.0,13628.878393691988,,,5264.423111526293
2010-11-08,75155.0,115426.0,27875.0,13686.161565747603,,,5256.71305326
2010-11-09,75362.0,115559.0,27962.0,13744.168518044386,,,5254.189174339502
2010-11-10,75542.0,115709.0,28058.0,13796.105452743008,,,5259.283072682098
2010-11-11,75859.0,115842.0,28167.0,13848.042387441594,,,5261.853092104196
2010-11-12,76081.0,115893.0,28276.0,13893.869094528589,,,5261.853092104196
2010-11-13,76233.0,115909.0,28359.0,13936.640687809784,,,5272.133169792601
2010-11-14,76357.0,115893.0,28447.0,13979.412281091016,,,5274.703189214698
2010-11-15,76440.0,115859.0,28522.0,14007.085307606389,,,5274.703189214698
2010-11-16,76509.0,115826.0,28601.0,14003.985943234791,,,5277.273208636796
2010-11-17,76675.0,115893.0,28694.0,14034.9795869508,,,5338.953674767198
2010-11-18,77269.0,116411.0,29035.0,14013.284036349583,,,5333.813635923003
2010-11-19,77918.0,116679.0,29195.0,13988.577622508406,,,5297.833364013607
2010-11-20,78553.0,116863.0,29333.0,14003.985943234791,,,5290.123305747299
2010-11-21,79092.0,117014.0,29441.0,14022.582129464412,,,5279.843228058894
2010-11-22,79603.0,117064.0,29580.0,14034.9795869508,,,5266.993130948405
2010-11-23,80060.0,117132.0,29688.0,14028.780858207603,,,5266.993130948405
2010-11-24,80474.0,117064.0,29288.0,14016.383400721215,,,5264.423111526293
2010-11-25,80709.0,116981.0,29163.0,14003.985943234791,,,5256.71305326
2010-11-26,81076.0,117014.0,29279.0,14003.985943234791,,,5264.423111526293
2010-11-27,81683.0,117166.0,29351.0,14000.886578863196,,,5266.993130948405
2010-11-28,82088.0,117199.0,29450.0,13994.68785012,,,5261.853092104196
2010-11-29,82435.0,117216.0,29554.0,13985.522508702608,,,5254.189174339502
2010-11-30,82753.0,117149.0,29495.0,13979.412281091016,,,5256.71305326
2010-12-01,83215.0,117568.0,29647.0,14146.556704328405,,,5346.663733033506
2010-12-02,85484.0,121282.0,32643.0,14552.866051205992,,,5532.030395892898
2010-12-03,87291.0,123204.0,33273.0,14463.753623130002,,,5439.184432229095
2010-12-04,88556.0,124533.0,33514.0,14416.014822375007,,,5356.9438107218975
2010-12-05,89545.0,125574.0,33684.0,14358.728261468988,,,5282.413247481006
2010-12-06,90351.0,126429.0,33824.0,14267.431914820798,,,5259.283072682098
2010-12-07,91036.0,127075.0,33901.0,14152.7554330716,,,5261.853092104196
2010-12-08,91462.0,127250.0,33703.0,14038.078951322395,,,5279.843228058894
2010-12-09,91583.0,127250.0,33341.0,13988.577622508406,,,5297.833364013607
2010-12-10,91127.0,127181.0,32972.0,13991.632736314205,,,5302.973402857802
2010-12-11,90412.0,127111.0,32800.0,14000.886578863196,,,5297.833364013607
2010-12-12,89758.0,127006.0,32628.0,14056.675137552014,,,5351.8037718777005
2010-12-13,89712.0,127512.0,32819.0,14165.152890557987,,,5532.030395892898
2010-12-14,90016.0,127987.0,32929.0,14118.662424983992,,,5454.604548761695
2010-12-15,89971.0,128233.0,32871.0,14050.476408808783,,,5328.673597078793
2010-12-16,89834.0,128339.0,32848.0,14022.582129464412,,,5254.189174339502
2010-12-17,89727.0,128479.0,32776.0,14013.284036349583,,,5249.141416498507
2010-12-18,89545.0,128497.0,32676.0,14022.582129464412,,,5256.71305326
2010-12-19,89165.0,128462.0,32567.0,14025.68149383601,,,5254.189174339502
2010-12-20,88739.0,128304.0,32386.0,14022.582129464412,,,5249.141416498507
2010-12-21,88237.0,128198.0,32326.0,14016.383400721215,,,5254.189174339502
2010-12-22,87768.0,128093.0,32184.0,14022.582129464412,,,5256.71305326
2010-12-23,87233.0,127882.0,32042.0,14025.68149383601,,,5259.283072682098
2010-12-24,86684.0,127706.0,31887.0,14028.780858207603,,,5266.993130948405
2010-12-25,86106.0,127425.0,31728.0,14025.68149383601,,,5272.133169792601
2010-12-26,85600.0,127181.0,31569.0,14025.68149383601,,,5274.703189214698
2010-12-27,85268.0,126936.0,31406.0,14022.582129464412,,,5272.133169792601
2010-12-28,85152.0,126621.0,31202.0,14010.184671977986,,,5266.993130948405
2010-12-29,84979.0,126377.0,30864.0,14000.886578863196,,,5272.133169792601
2010-12-30,84762.0,125974.0,30510.0,14003.985943234791,,,5272.133169792601
2010-12-31,84516.0,125609.0,30132.0,14010.184671977986,,,5272.133169792601
2011-01-01,84270.0,125278.0,29778.0,14022.582129464412,,,5269.563150370503
2011-01-02,84183.0,125122.0,29455.0,14031.880222579202,,,5269.563150370503
2011-01-03,84342.0,125105.0,29159.0,14038.078951322395,,,5269.563150370503
2011-01-04,84328.0,124950.0,28999.0,14019.482765092816,,,5266.993130948405
2011-01-05,84169.0,124794.0,28852.0,14003.985943234791,,,5277.273208636796
2011-01-06,84039.0,124515.0,28668.0,14010.184671977986,,,5279.843228058894
2011-01-07,84039.0,124395.0,28672.0,14019.482765092816,,,5284.983266903103
2011-01-08,84024.0,124274.0,28712.0,14019.482765092816,,,5287.553286325202
2011-01-09,83981.0,124135.0,28756.0,14013.284036349583,,,5290.123305747299
2011-01-10,83909.0,123911.0,28773.0,14007.085307606389,,,5287.553286325202
2011-01-11,83807.0,123739.0,28791.0,13997.787214491598,,,5282.413247481006
2011-01-12,83750.0,123600.0,28852.0,13997.787214491598,,,5287.553286325202
2011-01-13,83634.0,123480.0,28884.0,13991.632736314205,,,5287.553286325202
2011-01-14,83504.0,123204.0,28870.0,13988.577622508406,,,5284.983266903103
2011-01-15,83273.0,122912.0,28884.0,14003.985943234791,,,5292.693325169397
2011-01-16,82969.0,122670.0,28902.0,14022.582129464412,,,5302.973402857802
2011-01-17,82724.0,122429.0,28924.0,14041.178315693993,,,5310.683461124095
2011-01-18,82435.0,122173.0,28955.0,,,,5320.9635388125
2011-01-19,82305.0,122156.0,29012.0,14038.078951322395,,,5313.253480546207
2011-01-20,82263.0,121951.0,29426.0,14007.085307606389,,,5305.5434222799
2011-01-21,82088.0,121814.0,29128.0,14007.085307606389,,,5297.833364013607
2011-01-22,81871.0,121609.0,29151.0,13994.68785012,,,5274.703189214698
2011-01-23,81582.0,121300.0,29155.0,13976.357167285216,,,5246.617537577995
2011-01-24,81293.0,121009.0,29172.0,13964.136712061993,,,5228.950385134497
2011-01-25,81004.0,120735.0,29186.0,13973.302053479383,,,5251.665295419005
2011-01-26,80806.0,120412.0,29190.0,13988.577622508406,,,5279.843228058894
2011-01-27,80585.0,120089.0,29190.0,13994.68785012,,,5284.983266903103
2011-01-28,80378.0,119784.0,29195.0,13994.68785012,,,5277.273208636796
2011-01-29,80115.0,119478.0,29204.0,13997.787214491598,,,5277.273208636796
2011-01-30,79866.0,119189.0,29213.0,14000.886578863196,,,5277.273208636796
2011-01-31,79576.0,118867.0,29231.0,14003.985943234791,,,5274.703189214698
2011-02-01,79300.0,118596.0,29248.0,14010.184671977986,,,5277.273208636796
2011-02-02,79106.0,118411.0,29284.0,14019.482765092816,,,5310.683461124095
2011-02-03,78830.0,118158.0,29306.0,13994.68785012,,,5354.373791299799
2011-02-04,78553.0,117770.0,29297.0,13985.522508702608,,,5308.1134417019975
2011-02-05,78194.0,117451.0,29288.0,13997.787214491598,,,5277.273208636796
2011-02-06,78014.0,117283.0,29311.0,14022.582129464412,,,5264.423111526293
2011-02-07,77945.0,117081.0,29347.0,14034.9795869508,,,5259.283072682098
2011-02-08,77807.0,116897.0,29351.0,14031.880222579202,,,5264.423111526293
2011-02-09,77628.0,116796.0,29151.0,14019.482765092816,,,5266.993130948405
2011-02-10,77379.0,116528.0,28933.0,14007.085307606389,,,5264.423111526293
2011-02-11,77131.0,116177.0,28716.0,14000.886578863196,,,5246.617537577995
2011-02-12,76840.0,115826.0,28486.0,14007.085307606389,,,5261.853092104196
2011-02-13,76620.0,115459.0,28473.0,14010.184671977986,,,5272.133169792601
2011-02-14,76357.0,115144.0,28455.0,,,,5284.983266903103
2011-02-15,76177.0,114845.0,28442.0,14013.284036349583,,,5331.243616500905
2011-02-16,75984.0,114479.0,28429.0,14013.284036349583,,,5297.833364013607
2011-02-17,75804.0,114147.0,28403.0,14010.184671977986,,,5290.123305747299
2011-02-18,75611.0,113964.0,28416.0,14022.582129464412,,,5367.223888410302
2011-02-19,75984.0,114213.0,28522.0,14087.668781267988,,,5472.594684716394
2011-02-20,76606.0,114396.0,28592.0,14149.656068699998,,,5485.444781826897
2011-02-21,77020.0,114562.0,28632.0,14211.643356132014,,,5457.174568183794
2011-02-22,77310.0,114661.0,28637.0,14239.53763547639,,,5405.774179741797
2011-02-23,77531.0,114678.0,28685.0,14162.05352618639,,,5318.393519390403
2011-02-24,77628.0,114628.0,28725.0,14069.072595038404,,,5233.998142975506
2011-02-25,78042.0,114645.0,28786.0,14044.27768006559,,,5328.673597078793
2011-02-26,78498.0,115260.0,28959.0,14193.047169902396,,,5571.277682513407
2011-02-27,78899.0,115692.0,29074.0,14330.084981016014,,,5498.2948789374
2011-02-28,79300.0,116177.0,29159.0,14438.292929393989,,,5390.354063209195
2011-03-01,80074.0,116663.0,29172.0,14406.467062224016,,,5318.393519390403
2011-03-02,80626.0,116646.0,28985.0,14289.127465422014,,,5269.563150370503
2011-03-03,81134.0,116730.0,28751.0,14140.357975585208,,,5261.853092104196
2011-03-04,81365.0,116746.0,28522.0,14028.780858207603,,,5259.283072682098
2011-03-05,81047.0,116763.0,28311.0,14025.68149383601,,,5259.283072682098
2011-03-06,81235.0,117451.0,28127.0,14100.066238754407,,,5297.833364013607
2011-03-07,86944.0,123653.0,30538.0,14616.517785546006,,,5852.598634310705
2011-03-08,90260.0,126866.0,31466.0,14698.366049864107,,,6179.926553968198
2011-03-09,91827.0,128462.0,31798.0,14470.118796563997,,,5855.261912289004
2011-03-10,92710.0,129642.0,32023.0,14754.157899647991,,,6131.137665780597
2011-03-11,96639.0,133797.0,34023.0,16318.994274979515,,,8055.466843320009
2011-03-12,102096.0,139785.0,35399.0,17537.096576593205,,,9373.42452204359
2011-03-13,101967.0,141691.0,35244.0,17736.094955356795,,,9516.464899598395
2011-03-14,101130.0,142005.0,35170.0,17613.63441457922,,,8700.941830710008
2011-03-15,100277.0,141949.0,35125.0,17212.1032164252,,,7729.746183720003
2011-03-16,99343.0,141635.0,35095.0,16762.532945819687,,,6785.246010245404
2011-03-17,98619.0,141412.0,35150.0,16276.235715738316,,,6041.6913707700005
2011-03-18,98345.0,141338.0,35115.0,15749.590213677611,,,5592.209568711002
2011-03-19,98732.0,141746.0,35244.0,15203.2912040625,,,5344.0937136113935
2011-03-20,98812.0,141949.0,35140.0,14636.01045304679,,,5264.423111526293
2011-03-21,98523.0,141857.0,35075.0,14143.457339956803,,,5186.044443486007
2011-03-22,98168.0,141617.0,35006.0,14007.085307606389,,,4977.066095804997
2011-03-23,97846.0,141338.0,34833.0,14013.284036349583,,,4882.898415314997
2011-03-24,97524.0,140987.0,34577.0,14034.9795869508,,,4934.938449270007
2011-03-25,97154.0,140653.0,34414.0,14034.9795869508,,,4999.368967500004
2011-03-26,96784.0,140357.0,34199.0,14044.27768006559,,,5115.375833711999
2011-03-27,96430.0,140061.0,34072.0,14056.675137552014,,,5208.759353770501
2011-03-28,96028.0,139675.0,33925.0,14062.873866295213,,,5266.993130948405
2011-03-29,95676.0,139326.0,33761.0,14044.27768006559,,,5277.273208636796
2011-03-30,95311.0,138866.0,33601.0,14016.383400721215,,,5297.833364013607
2011-03-31,94915.0,138443.0,33427.0,14003.985943234791,,,5336.383655345101
2011-04-01,94504.0,138003.0,33321.0,14010.184671977986,,,5431.474373962802
2011-04-02,94155.0,137583.0,33249.0,14025.68149383601,,,5537.263367442294
2011-04-03,93759.0,137127.0,33177.0,14028.780858207603,,,5610.524969133902
2011-04-04,93409.0,136636.0,33091.0,14022.582129464412,,,5675.937113501401
2011-04-05,93561.0,136472.0,33081.0,14010.184671977986,,,5767.514115615906
2011-04-06,95128.0,136908.0,33398.0,14007.085307606389,,,5863.251746223896
2011-04-07,96092.0,137310.0,33616.0,14013.284036349583,,,5943.150085572898
2011-04-08,96511.0,137455.0,33813.0,14007.085307606389,,,6028.374980878497
2011-04-09,96591.0,137510.0,33625.0,14010.184671977986,,,6185.347541544592
2011-04-10,96639.0,137455.0,33451.0,14010.184671977986,,,6318.298399075795
2011-04-11,96655.0,137638.0,33283.0,14000.886578863196,,,6443.345512506307
2011-04-12,96704.0,138737.0,33577.0,14007.085307606389,,,6587.844399137102
2011-04-13,96816.0,139418.0,34067.0,14053.575773180415,,,6731.0068730616
2011-04-14,96961.0,140006.0,34513.0,14022.582129464412,,,6769.293322838401
2011-04-15,96848.0,140375.0,34577.0,13985.522508702608,,,6721.435260617408
2011-04-16,96494.0,140542.0,34423.0,14022.582129464412,,,6676.767735877795
2011-04-17,96607.0,141079.0,34848.0,14498.762077017003,,,7194.254739392108
2011-04-18,97009.0,141431.0,35085.0,14944.506563616607,,,7428.390380943009
2011-04-19,96993.0,141357.0,34981.0,14971.247982122984,,,7154.629986973202
2011-04-20,97009.0,141412.0,34936.0,,,,6823.532460022206
2011-04-21,96929.0,141283.0,34823.0,,,,6648.052898545202
2011-04-22,96736.0,141153.0,34665.0,,,,6603.385373805607
2011-04-23,96575.0,141116.0,34513.0,14267.431914820798,,,6651.2434360266
2011-04-24,96832.0,141283.0,34635.0,14078.370688153194,,,6721.435260617408
2011-04-25,96816.0,141264.0,34631.0,13906.089549751812,,,6772.483860319799
2011-04-26,97138.0,141357.0,34675.0,13893.869094528589,,,6695.910960766196
2011-04-27,97959.0,141727.0,34754.0,13951.916256838806,,,6632.100211138199
2011-04-28,98732.0,142136.0,35135.0,14124.861153727188,,,6788.436547726802
2011-04-29,101307.0,142640.0,35389.0,14482.849143431982,,,7053.766980815992
2011-04-30,101097.0,142322.0,35209.0,14495.579490300008,,,6949.301724438906
2011-05-01,100373.0,142005.0,35150.0,14387.371541922,,,6817.151385059394
2011-05-02,99665.0,141691.0,35145.0,14220.941449246806,,,6664.005585952206
2011-05-03,99118.0,141561.0,35135.0,14034.9795869508,,,6609.766448768401
2011-05-04,99150.0,141746.0,35055.0,13997.787214491598,,,6622.528598694008
2011-05-05,99842.0,142005.0,34996.0,13976.357167285216,,,6619.338061212593
2011-05-06,99665.0,141709.0,34823.0,13976.357167285216,,,6590.62322388
2011-05-07,99311.0,141431.0,34650.0,14013.284036349583,,,6635.290748619596
2011-05-08,98989.0,141172.0,34538.0,14044.27768006559,,,6673.577198396398
2011-05-09,98651.0,140950.0,34409.0,14053.575773180415,,,6699.101498247593
2011-05-10,98329.0,140765.0,34248.0,14034.9795869508,,,6705.482573210405
2011-05-11,98056.0,140597.0,34067.0,14007.085307606389,,,6708.673110691801
2011-05-12,97814.0,140468.0,33949.0,14000.886578863196,,,6702.292035729008
2011-05-13,97379.0,140320.0,33934.0,14010.184671977986,,,6692.720423284799
2011-05-14,97041.0,140209.0,33824.0,14016.383400721215,,,6679.958273359192
2011-05-15,96832.0,140171.0,33910.0,14044.27768006559,,,6740.578485505809
2011-05-16,96816.0,140079.0,34032.0,14053.575773180415,,,6913.279222239897
2011-05-17,97138.0,140171.0,34111.0,14025.68149383601,,,6654.4339735079975
2011-05-18,97379.0,140579.0,34350.0,14016.383400721215,,,6590.62322388
2011-05-19,97621.0,141209.0,35334.0,14041.178315693993,,,6548.940852736507
2011-05-20,98233.0,141617.0,35329.0,14069.072595038404,,,6686.339348322003
2011-05-21,99295.0,141764.0,35229.0,14093.867510011216,,,6829.913534985
2011-05-22,99343.0,141691.0,35170.0,14093.867510011216,,,6836.294609947794
2011-05-23,99022.0,141543.0,35155.0,14081.470052524792,,,6775.674397801196
2011-05-24,98716.0,141524.0,35006.0,14065.973230666808,,,6679.958273359192
2011-05-25,98378.0,141264.0,34858.0,14031.880222579202,,,6573.9502754226
2011-05-26,98088.0,140968.0,34739.0,13994.68785012,,,6579.507924908395
2011-05-27,97895.0,141042.0,34695.0,14016.383400721215,,,6622.528598694008
2011-05-28,97814.0,140968.0,34655.0,14034.9795869508,,,6641.671823582408
2011-05-29,97621.0,140708.0,34582.0,14034.9795869508,,,6638.481286100993
2011-05-30,97669.0,140708.0,34538.0,14050.476408808783,,,6619.338061212593
2011-05-31,97573.0,140653.0,34670.0,14053.575773180415,,,6603.385373805607
2011-06-01,97379.0,140486.0,34660.0,14016.383400721215,,,6612.956986249798
2011-06-02,96993.0,140227.0,34542.0,14000.886578863196,,,6632.100211138199
2011-06-03,96704.0,140116.0,34409.0,13997.787214491598,,,6635.290748619596
2011-06-04,96205.0,139895.0,34443.0,14016.383400721215,,,6641.671823582408
2011-06-05,95851.0,139656.0,34523.0,14038.078951322395,,,6648.052898545202
2011-06-06,95508.0,139418.0,34582.0,14047.377044437188,,,6657.624510989394
2011-06-07,95158.0,139142.0,34640.0,14028.780858207603,,,6660.815048470809
2011-06-08,94687.0,138811.0,34684.0,14010.184671977986,,,6654.4339735079975
2011-06-09,94276.0,138498.0,34695.0,14010.184671977986,,,6644.862361063805
2011-06-10,93911.0,138314.0,34739.0,14041.178315693993,,,6632.100211138199
2011-06-11,93531.0,137966.0,34793.0,14047.377044437188,,,6715.054185654596
2011-06-12,93333.0,137802.0,34774.0,14062.873866295213,,,6896.914822094394
2011-06-13,93227.0,137583.0,34730.0,14062.873866295213,,,6743.769022987206
2011-06-14,93212.0,137419.0,34582.0,14034.9795869508,,,6628.909673656802
2011-06-15,93166.0,137273.0,34419.0,14003.985943234791,,,6609.766448768401
2011-06-16,92847.0,137108.0,34262.0,14013.284036349583,,,6609.766448768401
2011-06-17,92497.0,136981.0,34267.0,14069.072595038404,,,6657.624510989394
2011-06-18,92192.0,137054.0,34330.0,14059.774501923612,,,6692.720423284799
2011-06-19,91888.0,136927.0,34370.0,14019.482765092816,,,6705.482573210405
2011-06-20,91538.0,136745.0,34379.0,13982.467394896814,,,6708.673110691801
2011-06-21,91081.0,136544.0,34379.0,14007.085307606389,,,6711.863648173199
2011-06-22,90564.0,136308.0,34389.0,14025.68149383601,,,6721.435260617408
2011-06-23,90214.0,136036.0,34572.0,14031.880222579202,,,6676.767735877795
2011-06-24,90351.0,136272.0,34616.0,14124.861153727188,,,6654.4339735079975
2011-06-25,90442.0,136745.0,35254.0,14189.947805530795,,,6628.909673656802
2011-06-26,90549.0,137072.0,35224.0,14202.345263017189,,,6593.813761361397
2011-06-27,90594.0,137292.0,35016.0,14174.450983672812,,,6585.065574394206
2011-06-28,90579.0,137328.0,34784.0,14090.768145639584,,,6606.575911287004
2011-06-29,90838.0,138076.0,34853.0,14047.377044437188,,,6628.909673656802
2011-06-30,91294.0,138627.0,34734.0,14007.085307606389,,,6641.671823582408
2011-07-01,91477.0,138829.0,34616.0,14010.184671977986,,,6648.052898545202
2011-07-02,91553.0,138921.0,34528.0,14028.780858207603,,,6651.2434360266
2011-07-03,91583.0,138995.0,34478.0,14075.2713237816,,,6654.4339735079975
2011-07-04,93166.0,140616.0,35259.0,14143.457339956803,,,6657.624510989394
2011-07-05,93790.0,140968.0,35150.0,14158.954161814792,,,6657.624510989394
2011-07-06,93622.0,140820.0,35075.0,14103.165603126006,,,6654.4339735079975
2011-07-07,93409.0,140616.0,34986.0,14047.377044437188,,,6654.4339735079975
2011-07-08,93212.0,140246.0,34853.0,14028.780858207603,,,6657.624510989394
2011-07-09,93059.0,139859.0,34749.0,14044.27768006559,,,6664.005585952206
2011-07-10,92953.0,139381.0,34587.0,14056.675137552014,,,6657.624510989394
2011-07-11,92862.0,138866.0,34409.0,14059.774501923612,,,6651.2434360266
2011-07-12,92740.0,138314.0,34233.0,14047.377044437188,,,6638.481286100993
2011-07-13,92573.0,137802.0,34072.0,14031.880222579202,,,6625.719136175405
2011-07-14,92405.0,137273.0,33906.0,14016.383400721215,,,6612.956986249798
2011-07-15,91994.0,136763.0,33708.0,14013.284036349583,,,6619.338061212593
2011-07-16,91568.0,136345.0,33504.0,14028.780858207603,,,6622.528598694008
2011-07-17,91112.0,136018.0,33485.0,14044.27768006559,,,6628.909673656802
2011-07-18,90655.0,135656.0,33461.0,14056.675137552014,,,6635.290748619596
2011-07-19,90245.0,135312.0,33254.0,14047.377044437188,,,6638.481286100993
2011-07-20,89788.0,134931.0,33240.0,14031.880222579202,,,6644.862361063805
2011-07-21,89286.0,134516.0,33216.0,14013.284036349583,,,6648.052898545202
2011-07-22,88784.0,134228.0,32810.0,14010.184671977986,,,6648.052898545202
2011-07-23,88100.0,133887.0,32586.0,14016.383400721215,,,6644.862361063805
2011-07-24,87363.0,133473.0,32562.0,14028.780858207603,,,6641.671823582408
2011-07-25,86828.0,133078.0,32533.0,14100.066238754407,,,6657.624510989394
2011-07-26,86539.0,133132.0,32691.0,14174.450983672812,,,6746.959560468603
2011-07-27,86149.0,132844.0,32719.0,14087.668781267988,,,6715.054185654596
2011-07-28,85774.0,132469.0,32529.0,14072.17195941,,,6667.196123433603
2011-07-29,85528.0,132129.0,32377.0,14065.973230666808,,,6638.481286100993
2011-07-30,85354.0,131755.0,32213.0,14059.774501923612,,,6632.100211138199
2011-07-31,85123.0,131291.0,32000.0,14044.27768006559,,,6619.338061212593
2011-08-01,84863.0,130848.0,31774.0,14028.780858207603,,,6609.766448768401
2011-08-02,84646.0,130493.0,31569.0,14016.383400721215,,,6612.956986249798
2011-08-03,84371.0,130014.0,31354.0,14010.184671977986,,,6609.766448768401
2011-08-04,84285.0,129642.0,31146.0,14022.582129464412,,,6619.338061212593
2011-08-05,84039.0,129201.0,30943.0,14013.284036349583,,,6622.528598694008
2011-08-06,83605.0,128761.0,30730.0,14034.9795869508,,,6619.338061212593
2011-08-07,83359.0,128479.0,30666.0,14183.749076787604,,,6794.817622689596
2011-08-08,83099.0,128075.0,30533.0,14248.835728591215,,,6871.390522243199
2011-08-09,82724.0,127670.0,30515.0,14211.643356132014,,,6798.008160170993
2011-08-10,82449.0,127653.0,30621.0,14155.854797443197,,,6731.0068730616
2011-08-11,82333.0,127319.0,30616.0,14084.56941689639,,,6638.481286100993
2011-08-12,82117.0,126901.0,30607.0,14019.482765092816,,,6597.004298842795
2011-08-13,81885.0,126447.0,30588.0,14025.68149383601,,,6593.813761361397
2011-08-14,81654.0,126429.0,30566.0,14162.05352618639,,,6702.292035729008
2011-08-15,81423.0,126447.0,30612.0,14384.188955205002,,,6778.864935282592
2011-08-16,81336.0,127495.0,31911.0,14295.326194165207,,,6711.863648173199
2011-08-17,81409.0,128322.0,32377.0,14093.867510011216,,,6625.719136175405
2011-08-18,81322.0,128849.0,32216.0,14010.184671977986,,,6600.194836324192
2011-08-19,81120.0,129412.0,31892.0,14022.582129464412,,,6625.719136175405
2011-08-20,80946.0,129571.0,31881.0,14059.774501923612,,,6628.909673656802
2011-08-21,80695.0,129518.0,31822.0,14069.072595038404,,,6619.338061212593
2011-08-22,80502.0,129784.0,31724.0,14115.563060612396,,,6616.147523731196
2011-08-23,80322.0,129642.0,31728.0,,,,6606.575911287004
2011-08-24,80032.0,129394.0,31789.0,,,,6603.385373805607
2011-08-25,79755.0,128989.0,31771.0,,,,6590.62322388
2011-08-26,79686.0,129025.0,31704.0,,,,6493.364357878494
2011-08-27,79783.0,128937.0,31713.0,13848.042387441594,,,6071.506802440204
2011-08-28,80364.0,130795.0,32615.0,14409.649648941013,,,6440.566687763394
2011-08-29,87623.0,145341.0,35658.0,15342.28923703679,,,6906.486434538603
2011-08-30,92512.0,143462.0,35304.0,15260.461273235986,,,6852.247297354798
2011-08-31,94018.0,142397.0,35180.0,14882.150966799289,,,6667.196123433603
2011-09-01,94489.0,141820.0,35110.0,14431.927755959992,,,6565.613801193907
2011-09-02,94520.0,141301.0,35085.0,14056.675137552014,,,6551.719677479405
2011-09-03,94307.0,140894.0,35085.0,14059.774501923612,,,6590.62322388
2011-09-04,93972.0,140690.0,35110.0,14087.668781267988,,,6616.147523731196
2011-09-05,94079.0,141264.0,35160.0,14134.159246842017,,,6597.004298842795
2011-09-06,95174.0,141839.0,35339.0,14208.543991760418,,,6766.102785357003
2011-09-07,97025.0,143629.0,36009.0,14546.500877771998,,,8148.580069973996
2011-09-08,103770.0,145755.0,35598.0,15380.049763299594,,,14253.849663098415
2011-09-09,105494.0,144399.0,35419.0,16112.3279053137,,,16438.558065537316
2011-09-10,102965.0,142995.0,35224.0,16318.994274979515,,,15397.622679633903
2011-09-11,101033.0,142230.0,35165.0,16318.994274979515,,,14047.445733827984
2011-09-12,100019.0,141783.0,35150.0,16016.121147021007,,,12581.378380957483
2011-09-13,98893.0,141338.0,35090.0,15599.74737064679,,,10933.529834120984
2011-09-14,97911.0,141005.0,35075.0,15136.032299152484,,,9225.992846072397
2011-09-15,97186.0,140746.0,35060.0,14649.137947113612,,,7625.534472006007
2011-09-16,96736.0,140690.0,35045.0,14220.941449246806,,,6927.688223119505
2011-09-17,96269.0,140542.0,35031.0,14146.556704328405,,,6711.863648173199
2011-09-18,95803.0,140375.0,35021.0,14131.059882470418,,,6699.101498247593
2011-09-19,95326.0,140227.0,35016.0,14090.768145639584,,,6689.5298858034
2011-09-20,94839.0,139951.0,35001.0,14019.482765092816,,,6664.005585952206
2011-09-21,94337.0,139472.0,34971.0,14000.886578863196,,,6625.719136175405
2011-09-22,93774.0,138940.0,34981.0,14007.085307606389,,,6600.194836324192
2011-09-23,93090.0,138425.0,35031.0,14050.476408808783,,,6603.385373805607
2011-09-24,92923.0,138076.0,35145.0,14345.997914601,,,6734.197410542997
2011-09-25,92694.0,137857.0,35120.0,14533.77053090401,,,6775.674397801196
2011-09-26,92147.0,137510.0,35080.0,14416.014822375007,,,6753.3406354313975
2011-09-27,91340.0,137273.0,35036.0,14180.649712416009,,,6660.815048470809
2011-09-28,91248.0,137547.0,35165.0,14016.383400721215,,,6670.386660915
2011-09-29,92025.0,138113.0,35404.0,14127.960518098786,,,6616.147523731196
2011-09-30,93470.0,140431.0,35419.0,14208.543991760418,,,6648.052898545202
2011-10-01,94352.0,141283.0,35239.0,14180.649712416009,,,6641.671823582408
2011-10-02,94885.0,141468.0,35170.0,14143.457339956803,,,6644.862361063805
2011-10-03,95371.0,141449.0,35165.0,14109.364331869205,,,6644.862361063805
2011-10-04,95341.0,141246.0,35120.0,14041.178315693993,,,6616.147523731196
2011-10-05,94930.0,141023.0,35090.0,14007.085307606389,,,6593.813761361397
2011-10-06,94291.0,140765.0,35055.0,14016.383400721215,,,6600.194836324192
2011-10-07,93531.0,140412.0,35041.0,14031.880222579202,,,6625.719136175405
2011-10-08,92679.0,140171.0,35036.0,14062.873866295213,,,6667.196123433603
2011-10-09,91751.0,139840.0,35026.0,14081.470052524792,,,6695.910960766196
2011-10-10,90792.0,139491.0,35011.0,14087.668781267988,,,6718.244723135993
2011-10-11,89743.0,139105.0,35001.0,14075.2713237816,,,6702.292035729008
2011-10-12,88678.0,138903.0,34991.0,14044.27768006559,,,6603.385373805607
2011-10-13,87623.0,138811.0,34991.0,14019.482765092816,,,6590.62322388
2011-10-14,86669.0,138682.0,35036.0,14047.377044437188,,,6695.910960766196
2011-10-15,86207.0,139455.0,35145.0,14137.25861121361,,,6718.244723135993
2011-10-16,85716.0,139656.0,35095.0,14158.954161814792,,,6654.4339735079975
2011-10-17,85080.0,139767.0,35085.0,14121.76178935559,,,6571.171450679702
2011-10-18,84747.0,139767.0,35070.0,13994.68785012,,,6465.576110449503
2011-10-19,84675.0,139693.0,35011.0,13988.577622508406,,,6346.086646504801
2011-10-20,84863.0,139528.0,35016.0,14013.284036349583,,,6226.004948367602
2011-10-21,85239.0,139472.0,35036.0,14007.085307606389,,,6125.7166782042
2011-10-22,85383.0,139308.0,35021.0,14016.383400721215,,,6055.243839711004
2011-10-23,85441.0,139050.0,35006.0,14016.383400721215,,,5983.099255247393
2011-10-24,85456.0,138811.0,34996.0,14007.085307606389,,,5895.211081963496
2011-10-25,85398.0,138516.0,34976.0,13994.68785012,,,5775.363572939999
2011-10-26,85282.0,138241.0,34956.0,13979.412281091016,,,5647.155769979698
2011-10-27,85196.0,137985.0,34961.0,13991.632736314205,,,5508.5749566258055
2011-10-28,85282.0,137930.0,34873.0,,,,5354.373791299799
2011-10-29,85326.0,137693.0,34700.0,,,,5282.413247481006
2011-10-30,85383.0,137657.0,34635.0,14022.582129464412,,,5292.693325169397
2011-10-31,85398.0,137638.0,34621.0,14016.383400721215,,,5328.673597078793
2011-11-01,85427.0,137601.0,34606.0,13994.68785012,,,5346.663733033506
2011-11-02,85427.0,137657.0,34345.0,13988.577622508406,,,5374.933946676595
2011-11-03,85412.0,137638.0,33944.0,13991.632736314205,,,5470.024665294296
2011-11-04,85441.0,137401.0,33548.0,13994.68785012,,,5439.184432229095
2011-11-05,85398.0,137218.0,33341.0,13991.632736314205,,,5351.8037718777005
2011-11-06,85326.0,137036.0,33125.0,13985.522508702608,,,5246.617537577995
2011-11-07,85210.0,136781.0,32905.0,13979.412281091016,,,5145.662380758001
2011-11-08,85065.0,136544.0,32691.0,13985.522508702608,,,5158.281775360503
2011-11-09,84906.0,136253.0,32481.0,13988.577622508406,,,5213.807111611496
2011-11-10,84704.0,136000.0,32260.0,13988.577622508406,,,5266.993130948405
2011-11-11,84545.0,135801.0,32042.0,13997.787214491598,,,5279.843228058894
2011-11-12,84371.0,135493.0,32027.0,13997.787214491598,,,5266.993130948405
2011-11-13,84140.0,135203.0,31990.0,13997.787214491598,,,5249.141416498507
2011-11-14,83865.0,134859.0,31953.0,13991.632736314205,,,5233.998142975506
2011-11-15,83648.0,134588.0,31939.0,13985.522508702608,,,5228.950385134497
2011-11-16,83446.0,134336.0,31920.0,14000.886578863196,,,5233.998142975506
2011-11-17,83330.0,133995.0,31939.0,14025.68149383601,,,5295.263344591494
2011-11-18,83172.0,133725.0,31925.0,13958.0264844504,,,5277.273208636796
2011-11-19,82955.0,133473.0,31901.0,13970.246939673589,,,5277.273208636796
2011-11-20,82724.0,133186.0,31873.0,13985.522508702608,,,5279.843228058894
2011-11-21,82507.0,132880.0,31846.0,13994.68785012,,,5284.983266903103
2011-11-22,82261.0,132576.0,31813.0,13979.412281091016,,,5310.683461124095
2011-11-23,82391.0,132737.0,31948.0,14189.947805530795,,,5977.772699290797
2011-11-24,83504.0,133635.0,32269.0,14438.292929393989,,,6448.903161992103
2011-11-25,84183.0,134120.0,32386.0,14517.857597318987,,,6457.239636220795
2011-11-26,84661.0,134390.0,32472.0,14431.927755959992,,,6329.4136980474
2011-11-27,85051.0,134570.0,32533.0,14286.02810105042,,,6131.137665780597
2011-11-28,85253.0,134624.0,32572.0,14112.4636962408,,,5844.608800375797
2011-11-29,85369.0,134606.0,32596.0,13976.357167285216,,,5398.064121475502
2011-11-30,86149.0,135004.0,32948.0,14069.072595038404,,,5305.5434222799
2011-12-01,86655.0,135475.0,33211.0,13985.522508702608,,,5231.474264054994
2011-12-02,86814.0,135910.0,33345.0,13967.19182586779,,,5310.683461124095
2011-12-03,86828.0,136308.0,33446.0,13979.412281091016,,,5346.663733033506
2011-12-04,86698.0,136472.0,33523.0,13973.302053479383,,,5356.9438107218975
2011-12-05,86496.0,136636.0,33601.0,13954.971370644602,,,5354.373791299799
2011-12-06,86308.0,136781.0,33664.0,13967.19182586779,,,5341.523694189296
2011-12-07,86193.0,137127.0,33794.0,14075.2713237816,,,5362.083849566106
2011-12-08,87305.0,139252.0,34705.0,14214.742720503613,,,5529.413910118201
2011-12-09,88404.0,140671.0,35130.0,14075.2713237816,,,5390.354063209195
2011-12-10,88997.0,141301.0,35165.0,14041.178315693993,,,5382.644004942903
2011-12-11,89332.0,141412.0,35125.0,13985.522508702608,,,5318.393519390403
2011-12-12,89454.0,141079.0,35095.0,13906.089549751812,,,5251.665295419005
2011-12-13,89195.0,140765.0,35080.0,13924.420232586595,,,5310.683461124095
2011-12-14,88632.0,140579.0,35070.0,13930.53046019819,,,5356.9438107218975
2011-12-15,88130.0,140412.0,35070.0,13933.585574003988,,,5387.784043787098
2011-12-16,87753.0,140394.0,35055.0,13930.53046019819,,,5398.064121475502
2011-12-17,87334.0,140190.0,35050.0,13948.861143033007,,,5387.784043787098
2011-12-18,86799.0,139895.0,35045.0,13954.971370644602,,,5369.7939078324
2011-12-19,86236.0,139564.0,35031.0,13948.861143033007,,,5341.523694189296
2011-12-20,85947.0,139252.0,35016.0,13958.0264844504,,,5308.1134417019975
2011-12-21,85803.0,138811.0,35016.0,13967.19182586779,,,5279.843228058894
2011-12-22,86091.0,138700.0,35070.0,13982.467394896814,,,5261.853092104196
2011-12-23,86525.0,138645.0,35110.0,13982.467394896814,,,5323.533558234598
2011-12-24,87175.0,138793.0,35110.0,13988.577622508406,,,5385.214024365
2011-12-25,87580.0,138664.0,35085.0,13982.467394896814,,,5408.344199163895
2011-12-26,87811.0,138498.0,35070.0,13970.246939673589,,,5423.764315696494
2011-12-27,87970.0,138314.0,35055.0,13973.302053479383,,,5441.754451651207
2011-12-28,88419.0,138848.0,35204.0,14084.56941689639,,,5524.180938568805
2011-12-29,88845.0,138958.0,35130.0,14044.27768006559,,,5308.1134417019975
2011-12-30,88693.0,139179.0,35095.0,13991.632736314205,,,5354.373791299799
2011-12-31,88435.0,139326.0,35085.0,14034.9795869508,,,5408.344199163895
2012-01-01,88146.0,139381.0,35075.0,14078.370688153194,,,5441.754451651207
2012-01-02,87768.0,139418.0,35070.0,14109.364331869205,,,5459.7445876059055
2012-01-03,87349.0,139271.0,35050.0,14115.563060612396,,,5457.174568183794
2012-01-04,86713.0,139068.0,35006.0,14050.476408808783,,,5395.494102053405
2012-01-05,86135.0,138627.0,34996.0,13991.632736314205,,,5323.533558234598
2012-01-06,85947.0,138369.0,35011.0,13985.522508702608,,,5341.523694189296
2012-01-07,85759.0,138058.0,35011.0,13997.787214491598,,,5362.083849566106
2012-01-08,85513.0,137748.0,35001.0,14007.085307606389,,,5377.503966098708
2012-01-09,85326.0,137401.0,34981.0,14003.985943234791,,,5380.073985520806
2012-01-10,85239.0,136908.0,34981.0,13982.467394896814,,,5372.363927254497
2012-01-11,85456.0,136454.0,34941.0,13973.302053479383,,,5318.393519390403
2012-01-12,85513.0,136073.0,34946.0,14000.886578863196,,,5367.223888410302
2012-01-13,85716.0,135982.0,35011.0,13976.357167285216,,,5349.233752455603
2012-01-14,85875.0,135765.0,35001.0,13970.246939673589,,,5326.103577656695
2012-01-15,85831.0,135221.0,34966.0,13970.246939673589,,,5290.123305747299
2012-01-16,85600.0,134516.0,34912.0,13954.971370644602,,,5239.045900816502
2012-01-17,85412.0,133977.0,34907.0,13948.861143033007,,,5249.141416498507
2012-01-18,85600.0,133635.0,34907.0,13948.861143033007,,,5269.563150370503
2012-01-19,85889.0,133132.0,34887.0,13948.861143033007,,,5272.133169792601
2012-01-20,85933.0,132647.0,34858.0,13948.861143033007,,,5297.833364013607
2012-01-21,86005.0,132255.0,34837.0,13964.136712061993,,,5326.103577656695
2012-01-22,86005.0,131719.0,34828.0,13970.246939673589,,,5344.0937136113935
2012-01-23,85990.0,131220.0,34808.0,13973.302053479383,,,5359.513830143995
2012-01-24,86178.0,130866.0,34878.0,13979.412281091016,,,5400.6341408976
2012-01-25,86568.0,130617.0,34981.0,13979.412281091016,,,5408.344199163895
2012-01-26,86742.0,130263.0,34976.0,13964.136712061993,,,5349.233752455603
2012-01-27,87060.0,130404.0,35060.0,14000.886578863196,,,5387.784043787098
2012-01-28,88359.0,131523.0,35294.0,14078.370688153194,,,5518.947967019395
2012-01-29,88937.0,132058.0,35170.0,14127.960518098786,,,5573.894168288105
2012-01-30,89332.0,132308.0,35105.0,14149.656068699998,,,5560.811739414602
2012-01-31,89210.0,132434.0,35080.0,14112.4636962408,,,5436.614412806997
2012-02-01,88937.0,132469.0,35075.0,14059.774501923612,,,5323.533558234598
2012-02-02,88617.0,132308.0,35080.0,14000.886578863196,,,5331.243616500905
2012-02-03,88237.0,132058.0,35065.0,13970.246939673589,,,5333.813635923003
2012-02-04,87695.0,131666.0,35050.0,13979.412281091016,,,5320.9635388125
2012-02-05,87016.0,131309.0,35041.0,13991.632736314205,,,5302.973402857802
2012-02-06,86250.0,130848.0,35026.0,13991.632736314205,,,5284.983266903103
2012-02-07,86005.0,130351.0,34991.0,13979.412281091016,,,5300.403383435704
2012-02-08,85716.0,129855.0,34986.0,13961.081598256198,,,5310.683461124095
2012-02-09,85629.0,129341.0,34976.0,13967.19182586779,,,5320.9635388125
2012-02-10,85586.0,128743.0,34803.0,13967.19182586779,,,5315.8234999683045
2012-02-11,85571.0,128093.0,34725.0,13967.19182586779,,,5282.413247481006
2012-02-12,85571.0,127407.0,34720.0,13958.0264844504,,,5244.093658657497
2012-02-13,85513.0,126726.0,34689.0,13948.861143033007,,,5201.187717008993
2012-02-14,85484.0,126079.0,34675.0,13958.0264844504,,,5208.759353770501
2012-02-15,85457.0,125488.0,34660.0,13967.19182586779,,,5236.522021896004
2012-02-16,85383.0,125140.0,34443.0,13973.302053479383,,,5264.423111526293
2012-02-17,85354.0,124984.0,34204.0,13982.467394896814,,,5308.1134417019975
2012-02-18,85239.0,124620.0,34101.0,13985.522508702608,,,5338.953674767198
2012-02-19,85094.0,124135.0,34077.0,13982.467394896814,,,5359.513830143995
2012-02-20,84849.0,123635.0,34042.0,13976.357167285216,,,5380.073985520806
2012-02-21,84617.0,123084.0,33998.0,13967.19182586779,,,5387.784043787098
2012-02-22,84386.0,122773.0,33713.0,13961.081598256198,,,5369.7939078324
2012-02-23,84183.0,122344.0,33441.0,13961.081598256198,,,5328.673597078793
2012-02-24,84010.0,122275.0,33192.0,13973.302053479383,,,5292.693325169397
2012-02-25,83851.0,122224.0,33091.0,13982.467394896814,,,5292.693325169397
2012-02-26,83692.0,122121.0,33048.0,13988.577622508406,,,5282.413247481006
2012-02-27,83461.0,122036.0,33000.0,13985.522508702608,,,5272.133169792601
2012-02-28,83215.0,121933.0,32719.0,13973.302053479383,,,5261.853092104196
2012-02-29,83042.0,121831.0,32410.0,13961.081598256198,,,5269.563150370503
2012-03-01,82883.0,121677.0,32155.0,13961.081598256198,,,5346.663733033506
2012-03-02,82781.0,121643.0,31878.0,13954.971370644602,,,5279.843228058894
2012-03-03,82550.0,121436.0,31774.0,13973.302053479383,,,5295.263344591494
2012-03-04,82579.0,121300.0,31771.0,13985.522508702608,,,5310.683461124095
2012-03-05,82666.0,121129.0,31733.0,13991.632736314205,,,5313.253480546207
2012-03-06,82593.0,120872.0,31447.0,13976.357167285216,,,5305.5434222799
2012-03-07,82536.0,120531.0,31146.0,13964.136712061993,,,5295.263344591494
2012-03-08,82478.0,120395.0,30859.0,13964.136712061993,,,5279.843228058894
2012-03-09,82969.0,120395.0,30703.0,13982.467394896814,,,5272.133169792601
2012-03-10,83894.0,121112.0,30786.0,13988.577622508406,,,5266.993130948405
2012-03-11,84473.0,121419.0,30896.0,13988.577622508406,,,5261.853092104196
2012-03-12,85008.0,121728.0,30998.0,13988.577622508406,,,5261.853092104196
2012-03-13,85456.0,121985.0,30989.0,13988.577622508406,,,5284.983266903103
2012-03-14,85745.0,122258.0,31108.0,13988.577622508406,,,5297.833364013607
2012-03-15,86106.0,122550.0,31220.0,13991.632736314205,,,5287.553286325202
2012-03-16,86438.0,122688.0,31401.0,13994.68785012,,,5279.843228058894
2012-03-17,86771.0,122791.0,31578.0,14000.886578863196,,,5290.123305747299
2012-03-18,87031.0,122860.0,31752.0,14003.985943234791,,,5297.833364013607
2012-03-19,87219.0,122860.0,31920.0,14010.184671977986,,,5305.5434222799
2012-03-20,87508.0,123394.0,32173.0,14013.284036349583,,,5313.253480546207
2012-03-21,87609.0,123790.0,32236.0,14013.284036349583,,,5333.813635923003
2012-03-22,87724.0,124222.0,32207.0,14013.284036349583,,,5354.373791299799
2012-03-23,87883.0,124585.0,32137.0,14013.284036349583,,,5372.363927254497
2012-03-24,87912.0,124828.0,32023.0,14000.886578863196,,,5387.784043787098
2012-03-25,88013.0,125071.0,31892.0,13985.522508702608,,,5408.344199163895
2012-03-26,88100.0,125245.0,31756.0,13976.357167285216,,,5426.334335118608
2012-03-27,88161.0,125175.0,31704.0,13982.467394896814,,,5428.904354540705
2012-03-28,88115.0,125157.0,31691.0,13991.632736314205,,,5436.614412806997
2012-03-29,88042.0,125036.0,31663.0,14007.085307606389,,,5446.894490495402
2012-03-30,87970.0,125019.0,31620.0,14016.383400721215,,,5452.034529339598
2012-03-31,87912.0,124932.0,31606.0,14041.178315693993,,,5480.304742982702
2012-04-01,87840.0,124846.0,31686.0,14050.476408808783,,,5508.5749566258055
2012-04-02,87782.0,124863.0,31798.0,14062.873866295213,,,5534.646881667596
2012-04-03,87739.0,124846.0,31789.0,14050.476408808783,,,5552.962282090494
2012-04-04,87609.0,124673.0,31771.0,14034.9795869508,,,5571.277682513407
2012-04-05,87479.0,124551.0,31728.0,14022.582129464412,,,5594.826054485701
2012-04-06,87363.0,124464.0,31663.0,14013.284036349583,,,5615.7579406832965
2012-04-07,87161.0,124343.0,31620.0,14016.383400721215,,,5636.689826880907
2012-04-08,86958.0,124239.0,31667.0,14019.482765092816,,,5657.621713078503
2012-04-09,86727.0,124031.0,31710.0,14022.582129464412,,,5673.320627726704
2012-04-10,86626.0,124014.0,31771.0,14025.68149383601,,,5689.019542374904
2012-04-11,86511.0,123979.0,31789.0,14022.582129464412,,,5709.9514285725
2012-04-12,86453.0,123893.0,31832.0,14022.582129464412,,,5738.732772094204
2012-04-13,86265.0,123722.0,31868.0,14028.780858207603,,,5764.897629841194
2012-04-14,86048.0,123480.0,31905.0,14031.880222579202,,,5791.343240809801
2012-04-15,85803.0,123204.0,31939.0,14034.9795869508,,,5820.639298571104
2012-04-16,85586.0,122981.0,31962.0,14038.078951322395,,,5849.935356332392
2012-04-17,85340.0,122722.0,32009.0,14038.078951322395,,,5876.568136115398
2012-04-18,85123.0,122395.0,32000.0,14031.880222579202,,,5900.537637920107
2012-04-19,85080.0,122190.0,32027.0,14038.078951322395,,,5924.5071397248
2012-04-20,85123.0,122121.0,32052.0,14034.9795869508,,,5948.476641529494
2012-04-21,85051.0,122173.0,32014.0,14034.9795869508,,,5977.772699290797
2012-04-22,85152.0,122412.0,32075.0,14059.774501923612,,,6036.364814813404
2012-04-23,85687.0,123067.0,32335.0,14131.059882470418,,,6166.374085027194
2012-04-24,86583.0,124014.0,32557.0,14075.2713237816,,,6253.109886249593
2012-04-25,87161.0,124879.0,32515.0,14059.774501923612,,,6304.609268225407
2012-04-26,87609.0,125661.0,32363.0,14047.377044437188,,,6351.644295990596
2012-04-27,87999.0,126289.0,32140.0,14031.880222579202,,,6393.326667134105
2012-04-28,88328.0,126795.0,31981.0,14028.780858207603,,,6429.451388791805
2012-04-29,88541.0,127355.0,31704.0,14028.780858207603,,,6462.797285706606
2012-04-30,88678.0,127670.0,31411.0,14016.383400721215,,,6490.585533135596
2012-05-01,88784.0,127952.0,31127.0,14013.284036349583,,,6529.489079536193
2012-05-02,88830.0,128233.0,30854.0,14022.582129464412,,,6565.613801193907
2012-05-03,88921.0,128602.0,30644.0,14044.27768006559,,,6616.147523731196
2012-05-04,89073.0,129060.0,30483.0,14022.582129464412,,,6638.481286100993
2012-05-05,89241.0,129430.0,30566.0,14022.582129464412,,,6651.2434360266
2012-05-06,89317.0,129713.0,30675.0,14022.582129464412,,,6651.2434360266
2012-05-07,89347.0,130032.0,30753.0,14019.482765092816,,,6654.4339735079975
2012-05-08,89393.0,130334.0,30836.0,14034.9795869508,,,6667.196123433603
2012-05-09,89910.0,131113.0,31461.0,,,,6740.578485505809
2012-05-10,90594.0,131737.0,31808.0,,,,6692.720423284799
2012-05-11,90990.0,132165.0,32052.0,,,,6622.528598694008
2012-05-12,91112.0,132361.0,32227.0,,,,6616.147523731196
2012-05-13,91051.0,132773.0,32358.0,,,,6606.575911287004
2012-05-14,90959.0,133168.0,32491.0,,,,6606.575911287004
2012-05-15,91066.0,133797.0,32810.0,,,,6743.769022987206
2012-05-16,92892.0,136763.0,34473.0,14075.2713237816,,,6981.721976417996
2012-05-17,94291.0,138388.0,34912.0,14038.078951322395,,,6711.863648173199
2012-05-18,95189.0,139455.0,34788.0,14028.780858207603,,,6603.385373805607
2012-05-19,95851.0,140043.0,34645.0,14047.377044437188,,,6597.004298842795
2012-05-20,96317.0,140246.0,34523.0,14065.973230666808,,,6587.844399137102
2012-05-21,96559.0,140264.0,34379.0,14065.973230666808,,,6579.507924908395
2012-05-22,96366.0,140690.0,34443.0,14028.780858207603,,,6609.766448768401
2012-05-23,96269.0,140950.0,34587.0,14013.284036349583,,,6638.481286100993
2012-05-24,96334.0,140876.0,35050.0,14019.482765092816,,,6679.958273359192
2012-05-25,96205.0,140820.0,35070.0,14003.985943234791,,,6641.671823582408
2012-05-26,95883.0,140671.0,35095.0,14031.880222579202,,,6651.2434360266
2012-05-27,95554.0,140320.0,35085.0,14143.457339956803,,,6683.148810840607
2012-05-28,95204.0,140116.0,35080.0,14261.233186077605,,,6766.102785357003
2012-05-29,94839.0,139914.0,35075.0,14307.806873996997,,,6775.674397801196
2012-05-30,94717.0,140264.0,35189.0,14270.531279192395,,,6727.816335580202
2012-05-31,94565.0,140190.0,35075.0,14180.649712416009,,,6654.4339735079975
2012-06-01,94368.0,139961.0,34961.0,14075.2713237816,,,6635.290748619596
2012-06-02,94170.0,139822.0,34907.0,14279.829372307186,,,7320.154409378997
2012-06-03,93987.0,139730.0,34931.0,14527.405357470016,,,6877.771597205993
2012-06-04,93805.0,139656.0,34892.0,14591.057091809997,,,6635.290748619596
2012-06-05,93729.0,139748.0,34882.0,14371.458608337012,,,6670.386660915
2012-06-06,93546.0,139693.0,34808.0,14112.4636962408,,,6576.729100165498
2012-06-07,93394.0,139528.0,34769.0,14013.284036349583,,,6590.62322388
2012-06-08,93227.0,139345.0,34665.0,14003.985943234791,,,6648.052898545202
2012-06-09,92968.0,139160.0,34587.0,14019.482765092816,,,6664.005585952206
2012-06-10,92710.0,138995.0,34518.0,14031.880222579202,,,6664.005585952206
2012-06-11,92466.0,138811.0,34438.0,14028.780858207603,,,6651.2434360266
2012-06-12,92131.0,138572.0,34335.0,14034.9795869508,,,6657.624510989394
2012-06-13,92116.0,138535.0,34483.0,14103.165603126006,,,6734.197410542997
2012-06-14,92055.0,138369.0,34497.0,14025.68149383601,,,6689.5298858034
2012-06-15,91903.0,138040.0,34404.0,14007.085307606389,,,6635.290748619596
2012-06-16,91736.0,137657.0,34262.0,14013.284036349583,,,6635.290748619596
2012-06-17,91553.0,137255.0,34111.0,14016.383400721215,,,6628.909673656802
2012-06-18,91340.0,136927.0,33964.0,14010.184671977986,,,6616.147523731196
2012-06-19,91142.0,136526.0,33915.0,14007.085307606389,,,6616.147523731196
2012-06-20,90914.0,136109.0,33939.0,14010.184671977986,,,6638.481286100993
2012-06-21,90594.0,135711.0,33722.0,14010.184671977986,,,6654.4339735079975
2012-06-22,90290.0,135276.0,33499.0,14007.085307606389,,,6660.815048470809
2012-06-23,90062.0,134859.0,33187.0,14013.284036349583,,,6660.815048470809
2012-06-24,89819.0,134390.0,32995.0,14013.284036349583,,,6657.624510989394
2012-06-25,89606.0,133977.0,32824.0,14016.383400721215,,,6654.4339735079975
2012-06-26,89347.0,133527.0,32624.0,14013.284036349583,,,6644.862361063805
2012-06-27,89104.0,133096.0,32425.0,14003.985943234791,,,6632.100211138199
2012-06-28,88830.0,132594.0,32216.0,14000.886578863196,,,6619.338061212593
2012-06-29,88328.0,132361.0,32009.0,14000.886578863196,,,6641.671823582408
2012-06-30,87695.0,132093.0,31691.0,14007.085307606389,,,6660.815048470809
2012-07-01,87016.0,131612.0,31480.0,14016.383400721215,,,6670.386660915
2012-07-02,86323.0,131274.0,31285.0,14022.582129464412,,,6673.577198396398
2012-07-03,85716.0,131220.0,31062.0,14025.68149383601,,,6673.577198396398
2012-07-04,85094.0,131185.0,30841.0,14028.780858207603,,,6676.767735877795
2012-07-05,84458.0,131149.0,30634.0,14031.880222579202,,,6683.148810840607
2012-07-06,83793.0,131149.0,30415.0,14022.582129464412,,,6679.958273359192
2012-07-07,83070.0,131078.0,30191.0,14022.582129464412,,,6676.767735877795
2012-07-08,82333.0,131043.0,29968.0,14025.68149383601,,,6683.148810840607
2012-07-09,81582.0,131007.0,29737.0,14022.582129464412,,,6676.767735877795
2012-07-10,80961.0,130954.0,29468.0,14019.482765092816,,,6667.196123433603
2012-07-11,80156.0,130635.0,28959.0,14025.68149383601,,,6660.815048470809
2012-07-12,79562.0,130564.0,28530.0,14034.9795869508,,,6648.052898545202
2012-07-13,78982.0,130457.0,28110.0,14038.078951322395,,,6638.481286100993
2012-07-14,78374.0,130263.0,27705.0,14041.178315693993,,,6632.100211138199
2012-07-15,77793.0,130156.0,27322.0,14084.56941689639,,,6628.909673656802
2012-07-16,77462.0,130226.0,27090.0,14140.357975585208,,,6654.4339735079975
2012-07-17,76882.0,130173.0,26689.0,14065.973230666808,,,6651.2434360266
2012-07-18,76274.0,130067.0,26240.0,14031.880222579202,,,6644.862361063805
2012-07-19,75680.0,130014.0,25796.0,14028.780858207603,,,6644.862361063805
2012-07-20,75141.0,129996.0,25408.0,14028.780858207603,,,6657.624510989394
2012-07-21,74478.0,129979.0,25184.0,14025.68149383601,,,6628.909673656802
2012-07-22,73728.0,129837.0,24969.0,14016.383400721215,,,6603.385373805607
2012-07-23,73040.0,129448.0,24887.0,14010.184671977986,,,6587.844399137102
2012-07-24,72669.0,129077.0,24813.0,14019.482765092816,,,6600.194836324192
2012-07-25,72284.0,128567.0,24662.0,14022.582129464412,,,6593.813761361397
2012-07-26,71940.0,128075.0,24629.0,14025.68149383601,,,6600.194836324192
2012-07-27,71795.0,127688.0,24674.0,14041.178315693993,,,6628.909673656802
2012-07-28,71636.0,127093.0,24670.0,14056.675137552014,,,6648.052898545202
2012-07-29,71569.0,126936.0,24756.0,14084.56941689639,,,6683.148810840607
2012-07-30,71503.0,126482.0,24817.0,14100.066238754407,,,6718.244723135993
2012-07-31,71358.0,125974.0,24817.0,14041.178315693993,,,6692.720423284799
2012-08-01,71212.0,125436.0,24793.0,14013.284036349583,,,6670.386660915
2012-08-02,71066.0,124863.0,24739.0,14000.886578863196,,,6644.862361063805
2012-08-03,70920.0,124343.0,24703.0,14010.184671977986,,,6619.338061212593
2012-08-04,70709.0,123790.0,24519.0,14025.68149383601,,,6612.956986249798
2012-08-05,70523.0,123222.0,24478.0,14056.675137552014,,,6612.956986249798
2012-08-06,70391.0,122636.0,24470.0,14093.867510011216,,,6638.481286100993
2012-08-07,69953.0,122087.0,24430.0,14031.880222579202,,,6638.481286100993
2012-08-08,69437.0,121540.0,24381.0,14025.68149383601,,,6625.719136175405
2012-08-09,68960.0,120941.0,24323.0,14013.284036349583,,,6616.147523731196
2012-08-10,68550.0,120514.0,24287.0,14019.482765092816,,,6635.290748619596
2012-08-11,68126.0,120055.0,24246.0,14019.482765092816,,,6641.671823582408
2012-08-12,67781.0,119512.0,24413.0,13994.68785012,,,6632.100211138199
2012-08-13,67397.0,119002.0,24417.0,13973.302053479383,,,6619.338061212593
2012-08-14,67037.0,118428.0,24393.0,13997.787214491598,,,6628.909673656802
2012-08-15,66732.0,117939.0,24368.0,14019.482765092816,,,6660.815048470809
2012-08-16,66388.0,117451.0,24389.0,13988.577622508406,,,6644.862361063805
2012-08-17,66032.0,116913.0,24376.0,13994.68785012,,,6616.147523731196
2012-08-18,65701.0,116428.0,24364.0,14010.184671977986,,,6625.719136175405
2012-08-19,65357.0,115876.0,24311.0,14016.383400721215,,,6619.338061212593
2012-08-20,64975.0,115310.0,24279.0,14022.582129464412,,,6609.766448768401
2012-08-21,64644.0,114795.0,24246.0,14022.582129464412,,,6603.385373805607
2012-08-22,64198.0,114246.0,24205.0,14016.383400721215,,,6597.004298842795
2012-08-23,63816.0,113683.0,24173.0,14010.184671977986,,,6587.844399137102
2012-08-24,63370.0,113140.0,24108.0,14010.184671977986,,,6585.065574394206
2012-08-25,62925.0,112563.0,23858.0,14010.184671977986,,,6585.065574394206
2012-08-26,62492.0,112004.0,23805.0,14010.184671977986,,,6587.844399137102
2012-08-27,62021.0,111447.0,23761.0,14010.184671977986,,,6587.844399137102
2012-08-28,61766.0,111089.0,23717.0,13994.68785012,,,6593.813761361397
2012-08-29,61562.0,110582.0,23701.0,13942.750915421411,,,6593.813761361397
2012-08-30,61231.0,110046.0,23665.0,,,,6593.813761361397
2012-08-31,60817.0,109478.0,23605.0,,,,6590.62322388
2012-09-01,60341.0,108920.0,23413.0,,,,6587.844399137102
2012-09-02,59865.0,108379.0,23366.0,,,,6593.813761361397
2012-09-03,59499.0,107814.0,23310.0,,,,6540.604378507798
2012-09-04,59132.0,107268.0,23282.0,,,,6304.609268225407
2012-09-05,58803.0,106740.0,23294.0,,,,6307.319762013605
2012-09-06,58424.0,106340.0,23389.0,13967.19182586779,,,6332.192522790298
2012-09-07,57960.0,105892.0,23389.0,13936.640687809784,,,6359.980770219304
2012-09-08,57533.0,105415.0,23374.0,13976.357167285216,,,6393.326667134105
2012-09-09,57264.0,105082.0,23429.0,14041.178315693993,,,6454.4608114778985
2012-09-10,56886.0,104606.0,23445.0,14056.675137552014,,,6482.249058906904
2012-09-11,56385.0,104066.0,23437.0,14034.9795869508,,,6498.922007364305
2012-09-12,55872.0,103594.0,23382.0,14025.68149383601,,,6515.594955821705
2012-09-13,55396.0,103090.0,23354.0,14019.482765092816,,,6535.046729022004
2012-09-14,54871.0,102601.0,23306.0,14013.284036349583,,,6557.277326965199
2012-09-15,54288.0,102148.0,23282.0,14025.68149383601,,,6576.729100165498
2012-09-16,53716.0,101648.0,23234.0,14031.880222579202,,,6593.813761361397
2012-09-17,53085.0,101195.0,23199.0,14031.880222579202,,,6603.385373805607
2012-09-18,52724.0,100745.0,23175.0,14208.543991760418,,,6718.244723135993
2012-09-19,52770.0,102476.0,27749.0,14951.07031065,,,7183.447988732397
2012-09-20,53062.0,103105.0,28320.0,14691.802302830714,,,6743.769022987206
2012-09-21,53132.0,103168.0,28587.0,14227.14017799,,,6501.700832107203
2012-09-22,53121.0,102900.0,28641.0,14109.364331869205,,,6512.816131078808
2012-09-23,53132.0,102648.0,28929.0,14053.575773180415,,,6529.489079536193
2012-09-24,53132.0,102320.0,29070.0,13991.632736314205,,,6532.267904279106
2012-09-25,53074.0,101961.0,29163.0,13997.787214491598,,,6554.498502222301
2012-09-26,52840.0,101586.0,29204.0,14003.985943234791,,,6573.9502754226
2012-09-27,52572.0,101211.0,29288.0,14003.985943234791,,,6593.813761361397
2012-09-28,52467.0,100946.0,29342.0,14016.383400721215,,,6625.719136175405
2012-09-29,52992.0,100978.0,29584.0,14016.383400721215,,,6625.719136175405
2012-09-30,53354.0,100838.0,30137.0,14000.886578863196,,,6606.575911287004
2012-10-01,53552.0,100590.0,30287.0,13982.467394896814,,,6590.62322388
2012-10-02,53774.0,100311.0,30433.0,14013.284036349583,,,6660.815048470809
2012-10-03,53961.0,100032.0,30584.0,14038.078951322395,,,6798.008160170993
2012-10-04,54159.0,99675.0,30712.0,14007.085307606389,,,6551.719677479405
2012-10-05,54346.0,99660.0,30882.0,14041.178315693993,,,6557.277326965199
2012-10-06,54544.0,99428.0,31026.0,14041.178315693993,,,6576.729100165498
2012-10-07,54684.0,99197.0,31146.0,14028.780858207603,,,6576.729100165498
2012-10-08,54789.0,98983.0,31257.0,14013.284036349583,,,6565.613801193907
2012-10-09,54895.0,98644.0,31354.0,14000.886578863196,,,6554.498502222301
2012-10-10,55005.0,98352.0,31438.0,14013.284036349583,,,6587.844399137102
2012-10-11,55079.0,98014.0,31518.0,14019.482765092816,,,6606.575911287004
2012-10-12,54969.0,97664.0,31625.0,14013.284036349583,,,6600.194836324192
2012-10-13,54848.0,97389.0,31713.0,14019.482765092816,,,6579.507924908395
2012-10-14,54696.0,96992.0,31789.0,14022.582129464412,,,6560.056151708097
2012-10-15,54568.0,96673.0,31864.0,14031.880222579202,,,6529.489079536193
2012-10-16,54428.0,96325.0,31957.0,14025.68149383601,,,6448.903161992103
2012-10-17,54311.0,95993.0,32009.0,13988.577622508406,,,6351.644295990596
2012-10-18,54159.0,95584.0,32009.0,13994.68785012,,,6253.109886249593
2012-10-19,54101.0,95327.0,32108.0,14109.364331869205,,,6343.307821761903
2012-10-20,56471.0,96279.0,33201.0,14279.829372307186,,,6448.903161992103
2012-10-21,58046.0,97161.0,33644.0,14374.641195054008,,,6223.294454579404
2012-10-22,59059.0,97786.0,33910.0,14361.910848185984,,,5967.119587377608
2012-10-23,59804.0,97953.0,34101.0,14131.059882470418,,,5857.9251902673
2012-10-24,60732.0,98198.0,34365.0,14069.072595038404,,,5751.815200967706
2012-10-25,61562.0,98229.0,34611.0,14025.68149383601,,,5655.005227303805
2012-10-26,62237.0,98260.0,34769.0,14000.886578863196,,,5488.014801248994
2012-10-27,62823.0,98690.0,34848.0,13942.750915421411,,,5266.993130948405
2012-10-28,63344.0,99106.0,34936.0,13878.593525499602,,,4833.336478215
2012-10-29,63802.0,99428.0,35026.0,13820.546363189384,,,4781.296444260005
2012-10-30,64478.0,100962.0,35150.0,13851.097501247392,,,5584.360111386895
2012-10-31,65726.0,102775.0,35329.0,13939.695801615617,,,6179.926553968198
2012-11-01,66363.0,103672.0,35219.0,13994.68785012,,,6152.821616086208
2012-11-02,66885.0,104383.0,35150.0,14000.886578863196,,,5932.496973659693
2012-11-03,67715.0,104827.0,35095.0,14019.482765092816,,,5691.636028149602
2012-11-04,68523.0,105098.0,35065.0,14022.582129464412,,,5410.914218586006
2012-11-05,69225.0,105177.0,35050.0,14013.284036349583,,,5130.519107235
2012-11-06,69768.0,105177.0,35041.0,14010.184671977986,,,5097.708681268501
2012-11-07,70218.0,105129.0,35031.0,13997.787214491598,,,5138.090743996493
2012-11-08,70629.0,105018.0,35016.0,13982.467394896814,,,5180.996685644997
2012-11-09,70788.0,104875.0,34976.0,13994.68785012,,,5231.474264054994
2012-11-10,70801.0,104669.0,34971.0,14000.886578863196,,,5256.71305326
2012-11-11,70761.0,104526.0,34961.0,14000.886578863196,,,5272.133169792601
2012-11-12,70682.0,104240.0,34956.0,13997.787214491598,,,5279.843228058894
2012-11-13,70695.0,104082.0,34961.0,14025.68149383601,,,5323.533558234598
2012-11-14,70881.0,104066.0,35031.0,14010.184671977986,,,5344.0937136113935
2012-11-15,70960.0,103767.0,35026.0,13988.577622508406,,,5287.553286325202
2012-11-16,70973.0,103563.0,35011.0,13988.577622508406,,,5279.843228058894
2012-11-17,70973.0,103452.0,34996.0,14000.886578863196,,,5277.273208636796
2012-11-18,70960.0,103262.0,34981.0,14010.184671977986,,,5272.133169792601
2012-11-19,70907.0,103121.0,34956.0,14016.383400721215,,,5264.423111526293
2012-11-20,70841.0,102916.0,34936.0,14016.383400721215,,,5266.993130948405
2012-11-21,70735.0,102727.0,34912.0,14003.985943234791,,,5259.283072682098
2012-11-22,70629.0,102523.0,34868.0,14007.085307606389,,,5269.563150370503
2012-11-23,70497.0,102289.0,34823.0,14013.284036349583,,,5284.983266903103
2012-11-24,70351.0,102117.0,34784.0,14019.482765092816,,,5292.693325169397
2012-11-25,70218.0,101898.0,34725.0,14022.582129464412,,,5300.403383435704
2012-11-26,70046.0,101617.0,34680.0,14022.582129464412,,,5297.833364013607
2012-11-27,69874.0,101382.0,34645.0,14022.582129464412,,,5292.693325169397
2012-11-28,69689.0,101133.0,34587.0,14013.284036349583,,,5287.553286325202
2012-11-29,69477.0,100823.0,34538.0,14000.886578863196,,,5261.853092104196
2012-11-30,69251.0,100513.0,34365.0,13997.787214491598,,,5259.283072682098
2012-12-01,69013.0,100203.0,34219.0,14003.985943234791,,,5264.423111526293
2012-12-02,68775.0,99955.0,34160.0,14013.284036349583,,,5272.133169792601
2012-12-03,68589.0,99722.0,34101.0,14022.582129464412,,,5274.703189214698
2012-12-04,68364.0,99428.0,33964.0,14016.383400721215,,,5272.133169792601
2012-12-05,68179.0,99197.0,33813.0,14007.085307606389,,,5272.133169792601
2012-12-06,68033.0,98921.0,33746.0,14000.886578863196,,,5264.423111526293
2012-12-07,67874.0,98705.0,33674.0,14000.886578863196,,,5272.133169792601
2012-12-08,67808.0,98583.0,33606.0,14010.184671977986,,,5300.403383435704
2012-12-09,67728.0,98568.0,33679.0,14019.482765092816,,,5323.533558234598
2012-12-10,67689.0,98522.0,33741.0,14028.780858207603,,,5356.9438107218975
2012-12-11,67808.0,98767.0,33784.0,14016.383400721215,,,5344.0937136113935
2012-12-12,68099.0,99044.0,33756.0,13994.68785012,,,5305.5434222799
2012-12-13,68298.0,99305.0,33746.0,13997.787214491598,,,5272.133169792601
2012-12-14,68470.0,99520.0,33713.0,14000.886578863196,,,5277.273208636796
2012-12-15,68603.0,99753.0,33553.0,14003.985943234791,,,5279.843228058894
2012-12-16,68722.0,99908.0,33625.0,14007.085307606389,,,5282.413247481006
2012-12-17,68815.0,100032.0,33693.0,14010.184671977986,,,5277.273208636796
2012-12-18,69027.0,100466.0,33669.0,14022.582129464412,,,5269.563150370503
2012-12-19,69649.0,100993.0,33891.0,14007.085307606389,,,5277.273208636796
2012-12-20,70112.0,101117.0,33910.0,14000.886578863196,,,5251.665295419005
2012-12-21,70616.0,101680.0,33901.0,14174.450983672812,,,5516.331481244698
2012-12-22,72801.0,104224.0,34922.0,14486.031730149016,,,5780.690128896596
2012-12-23,74298.0,105621.0,34996.0,14649.137947113612,,,5788.679962831503
2012-12-24,75472.0,106708.0,35001.0,14731.184785031115,,,5723.033857446003
2012-12-25,76426.0,107557.0,34986.0,14773.849140748212,,,5626.223883782101
2012-12-26,77213.0,108233.0,34917.0,14688.520429314016,,,5495.724859515301
2012-12-27,77945.0,108830.0,34853.0,14273.630643563993,,,5367.223888410302
2012-12-28,78291.0,109429.0,34764.0,14162.05352618639,,,5300.403383435704
2012-12-29,78498.0,109657.0,34660.0,14127.960518098786,,,5272.133169792601
2012-12-30,78692.0,109883.0,34557.0,14087.668781267988,,,5249.141416498507
2012-12-31,78788.0,109916.0,34423.0,14041.178315693993,,,5223.902627293501
2013-01-01,78816.0,109932.0,34276.0,14028.780858207603,,,5249.141416498507
2013-01-02,78844.0,109916.0,34145.0,14019.482765092816,,,5272.133169792601
2013-01-03,78802.0,109900.0,33974.0,14003.985943234791,,,5261.853092104196
2013-01-04,78733.0,109819.0,33813.0,14003.985943234791,,,5254.189174339502
2013-01-05,78664.0,109721.0,33644.0,14019.482765092816,,,5259.283072682098
2013-01-06,78595.0,109673.0,33485.0,14031.880222579202,,,5259.283072682098
2013-01-07,78470.0,109608.0,33321.0,14034.9795869508,,,5259.283072682098
2013-01-08,78374.0,109510.0,33144.0,14016.383400721215,,,5259.283072682098
2013-01-09,78235.0,109396.0,32981.0,13994.68785012,,,5259.283072682098
2013-01-10,78042.0,109251.0,32800.0,14000.886578863196,,,5259.283072682098
2013-01-11,77904.0,109137.0,32628.0,14010.184671977986,,,5264.423111526293
2013-01-12,77752.0,109008.0,32472.0,14034.9795869508,,,5305.5434222799
2013-01-13,77752.0,108992.0,32321.0,14065.973230666808,,,5338.953674767198
2013-01-14,78222.0,109332.0,32241.0,14093.867510011216,,,5362.083849566106
2013-01-15,78996.0,110095.0,32279.0,14062.873866295213,,,5344.0937136113935
2013-01-16,79700.0,110941.0,32250.0,14019.482765092816,,,5364.6538689882045
2013-01-17,80322.0,111579.0,32146.0,14007.085307606389,,,5346.663733033506
2013-01-18,80765.0,112234.0,32036.0,14003.985943234791,,,5300.403383435704
2013-01-19,81062.0,112761.0,31995.0,14013.284036349583,,,5300.403383435704
2013-01-20,81308.0,113239.0,32000.0,14025.68149383601,,,5305.5434222799
2013-01-21,81481.0,113617.0,32009.0,14038.078951322395,,,5287.553286325202
2013-01-22,81597.0,114031.0,31986.0,14031.880222579202,,,5264.423111526293
2013-01-23,81510.0,114197.0,31934.0,13997.787214491598,,,5254.189174339502
2013-01-24,81365.0,114429.0,31868.0,14016.383400721215,,,5274.703189214698
2013-01-25,81177.0,114595.0,31803.0,14031.880222579202,,,5287.553286325202
2013-01-26,81062.0,114795.0,31771.0,14047.377044437188,,,5305.5434222799
2013-01-27,80917.0,114978.0,31742.0,14053.575773180415,,,5318.393519390403
2013-01-28,80778.0,115177.0,31686.0,14056.675137552014,,,5320.9635388125
2013-01-29,80668.0,115343.0,31658.0,14013.284036349583,,,5302.973402857802
2013-01-30,80723.0,115692.0,31643.0,14007.085307606389,,,5277.273208636796
2013-01-31,81755.0,116663.0,32066.0,14155.854797443197,,,5707.334942797802
2013-02-01,83403.0,118056.0,32848.0,14289.127465422014,,,6076.927790016598
2013-02-02,84342.0,118816.0,33033.0,14310.989460713994,,,5977.772699290797
2013-02-03,85109.0,119631.0,33144.0,14298.425558536806,,,5796.669796766396
2013-02-04,85803.0,120259.0,33230.0,14255.03445733441,,,5579.1271398375
2013-02-05,86077.0,120770.0,33278.0,14193.047169902396,,,5359.513830143995
2013-02-06,86091.0,121112.0,33273.0,14115.563060612396,,,5287.553286325202
2013-02-07,85990.0,121146.0,33158.0,14031.880222579202,,,5254.189174339502
2013-02-08,85817.0,121248.0,33029.0,14025.68149383601,,,5244.093658657497
2013-02-09,85701.0,121334.0,32900.0,14038.078951322395,,,5236.522021896004
2013-02-10,85441.0,121351.0,32747.0,14034.9795869508,,,5201.187717008993
2013-02-11,85398.0,121402.0,32600.0,14028.780858207603,,,5193.6160802475
2013-02-12,85383.0,121419.0,32463.0,14007.085307606389,,,5246.617537577995
2013-02-13,85282.0,121402.0,32302.0,14003.985943234791,,,5249.141416498507
2013-02-14,85065.0,121385.0,32146.0,14000.886578863196,,,5246.617537577995
2013-02-15,84632.0,121334.0,31995.0,13997.787214491598,,,5256.71305326
2013-02-16,84227.0,121317.0,31813.0,14019.482765092816,,,5287.553286325202
2013-02-17,83750.0,121231.0,31625.0,14034.9795869508,,,5313.253480546207
2013-02-18,83475.0,121095.0,31415.0,14038.078951322395,,,5313.253480546207
2013-02-19,83273.0,120992.0,31220.0,14038.078951322395,,,5315.8234999683045
2013-02-20,83099.0,120787.0,31053.0,14019.482765092816,,,5300.403383435704
2013-02-21,82868.0,120480.0,30735.0,14013.284036349583,,,5259.283072682098
2013-02-22,82637.0,120225.0,30415.0,14010.184671977986,,,5249.141416498507
2013-02-23,82406.0,119936.0,30100.0,14010.184671977986,,,5246.617537577995
2013-02-24,82175.0,119631.0,29805.0,14013.284036349583,,,5251.665295419005
2013-02-25,81943.0,119359.0,29518.0,14013.284036349583,,,5244.093658657497
2013-02-26,81712.0,119070.0,29252.0,13997.787214491598,,,5226.426506213999
2013-02-27,81495.0,118765.0,28985.0,14007.085307606389,,,5251.665295419005
2013-02-28,81409.0,118394.0,28782.0,14016.383400721215,,,5261.853092104196
2013-03-01,81336.0,118158.0,28530.0,14000.886578863196,,,5251.665295419005
2013-03-02,81206.0,117922.0,28263.0,14016.383400721215,,,5261.853092104196
2013-03-03,81047.0,117635.0,27992.0,14031.880222579202,,,5269.563150370503
2013-03-04,80847.0,117316.0,27714.0,14038.078951322395,,,5269.563150370503
2013-03-05,80654.0,116981.0,27524.0,14022.582129464412,,,5259.283072682098
2013-03-06,80419.0,116646.0,27344.0,14003.985943234791,,,5251.665295419005
2013-03-07,80184.0,116278.0,27219.0,13982.467394896814,,,5254.189174339502
2013-03-08,80004.0,116076.0,27107.0,13994.68785012,,,5254.189174339502
2013-03-09,79783.0,115859.0,26974.0,14007.085307606389,,,5254.189174339502
2013-03-10,79562.0,115592.0,26864.0,14013.284036349583,,,5251.665295419005
2013-03-11,79396.0,115442.0,26749.0,14016.383400721215,,,5254.189174339502
2013-03-12,79603.0,115608.0,26727.0,14087.668781267988,,,5369.7939078324
2013-03-13,82839.0,118934.0,28646.0,14307.806873996997,,,5702.101971248408
2013-03-14,85167.0,120684.0,29168.0,14358.728261468988,,,5847.272078354095
2013-03-15,86756.0,121660.0,29297.0,14349.180501317996,,,5940.4868075946015
2013-03-16,87551.0,122361.0,29428.0,14310.989460713994,,,6015.058590986994
2013-03-17,88071.0,122894.0,29566.0,14255.03445733441,,,6074.217296228401
2013-03-18,88206.0,123256.0,29670.0,,,,6117.585196839593
2013-03-19,88222.0,123722.0,29783.0,,,,6163.6635912389975
2013-03-20,88222.0,124048.0,29892.0,14053.575773180415,,,6207.031491850204
2013-03-21,88206.0,124187.0,29923.0,13991.632736314205,,,6220.583960791207
2013-03-22,87999.0,124274.0,29977.0,13985.522508702608,,,6217.8734670029935
2013-03-23,87739.0,124308.0,30050.0,14000.886578863196,,,6204.320998062006
2013-03-24,87479.0,124291.0,30095.0,14013.284036349583,,,6177.216060180001
2013-03-25,87175.0,124274.0,30141.0,14019.482765092816,,,6160.9530974508
2013-03-26,86843.0,124205.0,30164.0,14003.985943234791,,,6158.242603662601
2013-03-27,86525.0,124153.0,30150.0,13997.787214491598,,,6169.084578815408
2013-03-28,86193.0,124118.0,30086.0,14007.085307606389,,,6193.4790229092005
2013-03-29,85875.0,123911.0,30077.0,14013.284036349583,,,6228.7154421558
2013-03-30,85542.0,123704.0,30114.0,14013.284036349583,,,6258.530873826003
2013-03-31,85297.0,123462.0,30168.0,14013.284036349583,,,6282.925317919796
2013-04-01,85152.0,123325.0,30264.0,14019.482765092816,,,6310.030255801803
2013-04-02,85210.0,123359.0,30410.0,14000.886578863196,,,6337.7501722760935
2013-04-03,85253.0,123394.0,30487.0,13991.632736314205,,,6368.317244447997
2013-04-04,85282.0,123428.0,30547.0,13991.632736314205,,,6393.326667134105
2013-04-05,85311.0,123359.0,30625.0,13991.632736314205,,,6426.672564048907
2013-04-06,85326.0,123308.0,30707.0,13991.632736314205,,,6454.4608114778985
2013-04-07,85369.0,123273.0,30795.0,13991.632736314205,,,6482.249058906904
2013-04-08,85354.0,123290.0,30873.0,13991.632736314205,,,6507.258481592997
2013-04-09,85398.0,123342.0,30993.0,13991.632736314205,,,6535.046729022004
2013-04-10,85571.0,123687.0,31169.0,14003.985943234791,,,6568.392625936805
2013-04-11,85831.0,124014.0,31429.0,14038.078951322395,,,6619.338061212593
2013-04-12,87117.0,125297.0,32137.0,14028.780858207603,,,6619.338061212593
2013-04-13,88252.0,126202.0,32600.0,14069.072595038404,,,6641.671823582408
2013-04-14,89104.0,126760.0,32929.0,14093.867510011216,,,6612.956986249798
2013-04-15,89773.0,127128.0,33158.0,14087.668781267988,,,6590.62322388
2013-04-16,90260.0,127811.0,33341.0,14010.184671977986,,,6612.956986249798
2013-04-17,90823.0,128585.0,33475.0,14010.184671977986,,,6632.100211138199
2013-04-18,91401.0,129236.0,33563.0,14010.184671977986,,,6641.671823582408
2013-04-19,91751.0,129377.0,33713.0,13994.68785012,,,6641.671823582408
2013-04-20,92451.0,130280.0,34091.0,14115.563060612396,,,6743.769022987206
2013-04-21,93592.0,131274.0,34414.0,14224.040813618403,,,6651.2434360266
2013-04-22,94307.0,132308.0,34513.0,14230.239542361596,,,6606.575911287004
2013-04-23,94793.0,133168.0,34533.0,14050.476408808783,,,6609.766448768401
2013-04-24,95234.0,133941.0,34473.0,13997.787214491598,,,6609.766448768401
2013-04-25,95819.0,134588.0,34399.0,13997.787214491598,,,6606.575911287004
2013-04-26,95947.0,135167.0,34238.0,14003.985943234791,,,6597.004298842795
2013-04-27,95899.0,135693.0,34150.0,14007.085307606389,,,6597.004298842795
2013-04-28,95691.0,136181.0,34062.0,14007.085307606389,,,6597.004298842795
2013-04-29,95402.0,136581.0,33964.0,14010.184671977986,,,6603.385373805607
2013-04-30,95341.0,136854.0,33829.0,14022.582129464412,,,6628.909673656802
2013-05-01,95189.0,137018.0,33659.0,14007.085307606389,,,6609.766448768401
2013-05-02,95022.0,137273.0,33446.0,14000.886578863196,,,6587.844399137102
2013-05-03,94885.0,137528.0,33235.0,14000.886578863196,,,6600.194836324192
2013-05-04,94763.0,137510.0,33264.0,14003.985943234791,,,6612.956986249798
2013-05-05,94565.0,137419.0,33321.0,14003.985943234791,,,6625.719136175405
2013-05-06,94383.0,137292.0,33374.0,14000.886578863196,,,6632.100211138199
2013-05-07,94200.0,137145.0,33413.0,14003.985943234791,,,6625.719136175405
2013-05-08,94002.0,137000.0,33475.0,14010.184671977986,,,6769.293322838401
2013-05-09,94200.0,137255.0,33679.0,14010.184671977986,,,6956.506224878698
2013-05-10,94170.0,137346.0,33809.0,13994.68785012,,,6750.150097950001
2013-05-11,94094.0,137328.0,33929.0,14016.383400721215,,,6743.769022987206
2013-05-12,94094.0,137601.0,34175.0,14056.675137552014,,,6775.674397801196
2013-05-13,94002.0,137802.0,34224.0,14059.774501923612,,,6724.625798098805
2013-05-14,93896.0,137966.0,34228.0,14022.582129464412,,,6619.338061212593
2013-05-15,93835.0,138003.0,34204.0,14019.482765092816,,,6585.065574394206
2013-05-16,93759.0,138040.0,34155.0,14007.085307606389,,,6590.62322388
2013-05-17,93637.0,137966.0,34189.0,13994.68785012,,,6606.575911287004
2013-05-18,93501.0,137912.0,34272.0,14003.985943234791,,,6632.100211138199
2013-05-19,93348.0,137766.0,34355.0,14022.582129464412,,,6660.815048470809
2013-05-20,93196.0,137638.0,34458.0,14028.780858207603,,,6673.577198396398
2013-05-21,93059.0,137565.0,34478.0,14010.184671977986,,,6632.100211138199
2013-05-22,92907.0,137601.0,34438.0,14000.886578863196,,,6590.62322388
2013-05-23,93029.0,137912.0,34389.0,14003.985943234791,,,6593.813761361397
2013-05-24,93044.0,138149.0,34518.0,14106.264967497604,,,6622.528598694008
2013-05-25,93333.0,138645.0,34715.0,14069.072595038404,,,6628.909673656802
2013-05-26,94079.0,139730.0,34981.0,13985.522508702608,,,6625.719136175405
2013-05-27,95052.0,140560.0,35001.0,13997.787214491598,,,6622.528598694008
2013-05-28,95722.0,140801.0,35016.0,14022.582129464412,,,6625.719136175405
2013-05-29,96398.0,140838.0,35110.0,14038.078951322395,,,6622.528598694008
2013-05-30,97508.0,141839.0,35115.0,14031.880222579202,,,6603.385373805607
2013-05-31,99279.0,141857.0,35021.0,14013.284036349583,,,6600.194836324192
2013-06-01,98716.0,141672.0,34813.0,14016.383400721215,,,6600.194836324192
2013-06-02,97943.0,141357.0,34710.0,14019.482765092816,,,6597.004298842795
2013-06-03,97895.0,141227.0,34715.0,14022.582129464412,,,6603.385373805607
2013-06-04,97782.0,141098.0,34596.0,14010.184671977986,,,6603.385373805607
2013-06-05,97412.0,140913.0,34448.0,14000.886578863196,,,6597.004298842795
2013-06-06,96977.0,140765.0,34414.0,14000.886578863196,,,6600.194836324192
2013-06-07,96816.0,140838.0,34473.0,14044.27768006559,,,6648.052898545202
2013-06-08,96784.0,140894.0,34695.0,14050.476408808783,,,6686.339348322003
2013-06-09,96591.0,140708.0,34873.0,14000.886578863196,,,6673.577198396398
2013-06-10,96301.0,140505.0,34956.0,14010.184671977986,,,6702.292035729008
2013-06-11,96301.0,141005.0,35404.0,14124.861153727188,,,6769.293322838401
2013-06-12,96768.0,141468.0,35289.0,14065.973230666808,,,6644.862361063805
2013-06-13,96977.0,141506.0,35189.0,13961.081598256198,,,6609.766448768401
2013-06-14,97878.0,142528.0,35503.0,14044.27768006559,,,6638.481286100993
2013-06-15,98442.0,142845.0,35349.0,14109.364331869205,,,6648.052898545202
2013-06-16,98474.0,142453.0,35204.0,14131.059882470418,,,6657.624510989394
2013-06-17,98007.0,142174.0,35145.0,14106.264967497604,,,6651.2434360266
2013-06-18,97396.0,141764.0,35095.0,14019.482765092816,,,6622.528598694008
2013-06-19,96864.0,141098.0,34981.0,14000.886578863196,,,6612.956986249798
2013-06-20,96350.0,140579.0,34887.0,14019.482765092816,,,6606.575911287004
2013-06-21,95630.0,140394.0,34744.0,14028.780858207603,,,6609.766448768401
2013-06-22,95082.0,140246.0,34611.0,14047.377044437188,,,6619.338061212593
2013-06-23,94763.0,140079.0,34492.0,14056.675137552014,,,6628.909673656802
2013-06-24,94428.0,139914.0,34355.0,14053.575773180415,,,6635.290748619596
2013-06-25,94185.0,139840.0,34224.0,14019.482765092816,,,6635.290748619596
2013-06-26,94109.0,139656.0,34214.0,14025.68149383601,,,6619.338061212593
2013-06-27,94048.0,139308.0,34233.0,13997.787214491598,,,6616.147523731196
2013-06-28,94748.0,139619.0,34360.0,14096.966874382812,,,6654.4339735079975
2013-06-29,95931.0,139509.0,34552.0,14189.947805530795,,,6635.290748619596
2013-06-30,96334.0,139418.0,34621.0,14245.736364219583,,,6625.719136175405
2013-07-01,96301.0,139436.0,34710.0,14295.326194165207,,,6641.671823582408
2013-07-02,96494.0,139619.0,34907.0,14610.152612112011,,,6579.507924908395
2013-07-03,96752.0,139804.0,35031.0,14708.211670414195,,,6560.056151708097
2013-07-04,96189.0,139840.0,35065.0,14435.11034267699,,,6573.9502754226
2013-07-05,95584.0,139546.0,35036.0,14134.159246842017,,,6585.065574394206
2013-07-06,95022.0,139105.0,34996.0,14155.854797443197,,,6600.194836324192
2013-07-07,94550.0,138811.0,34808.0,14193.047169902396,,,6609.766448768401
2013-07-08,94124.0,138443.0,34660.0,14186.848441159202,,,6622.528598694008
2013-07-09,94079.0,138058.0,34601.0,14069.072595038404,,,6632.100211138199
2013-07-10,93759.0,137601.0,34533.0,14010.184671977986,,,6651.2434360266
2013-07-11,93455.0,137401.0,34433.0,14007.085307606389,,,6638.481286100993
2013-07-12,93105.0,137218.0,34286.0,14000.886578863196,,,6619.338061212593
2013-07-13,92892.0,136981.0,34032.0,14034.9795869508,,,6699.101498247593
2013-07-14,92679.0,136508.0,33983.0,14056.675137552014,,,6743.769022987206
2013-07-15,92481.0,135928.0,33969.0,14062.873866295213,,,6740.578485505809
2013-07-16,92253.0,135602.0,33688.0,14034.9795869508,,,6679.958273359192
2013-07-17,91918.0,135276.0,33379.0,14000.886578863196,,,6635.290748619596
2013-07-18,91462.0,134714.0,33216.0,13997.787214491598,,,6619.338061212593
2013-07-19,91005.0,134120.0,33086.0,13994.68785012,,,6612.956986249798
2013-07-20,90701.0,133491.0,32953.0,14007.085307606389,,,6616.147523731196
2013-07-21,90427.0,132934.0,32895.0,14019.482765092816,,,6616.147523731196
2013-07-22,90108.0,132326.0,32853.0,14025.68149383601,,,6648.052898545202
2013-07-23,89971.0,131809.0,32824.0,14044.27768006559,,,7405.196958465009
2013-07-24,89788.0,131541.0,32795.0,13991.632736314205,,,6967.312975538409
2013-07-25,89362.0,131060.0,32757.0,13997.787214491598,,,6632.100211138199
2013-07-26,88952.0,130440.0,32600.0,14003.985943234791,,,6576.729100165498
2013-07-27,88419.0,129819.0,32543.0,14003.985943234791,,,6597.004298842795
2013-07-28,87927.0,129183.0,32491.0,14022.582129464412,,,6670.386660915
2013-07-29,87565.0,128831.0,32486.0,14087.668781267988,,,6699.101498247593
2013-07-30,87190.0,128409.0,32472.0,14022.582129464412,,,6657.624510989394
2013-07-31,86901.0,128022.0,32415.0,13997.787214491598,,,6612.956986249798
2013-08-01,86438.0,127670.0,32283.0,14007.085307606389,,,6606.575911287004
2013-08-02,86034.0,127706.0,32213.0,14010.184671977986,,,6612.956986249798
2013-08-03,85528.0,127723.0,31944.0,14019.482765092816,,,6606.575911287004
2013-08-04,85036.0,127723.0,31639.0,14025.68149383601,,,6606.575911287004
2013-08-05,84487.0,127688.0,31322.0,14019.482765092816,,,6597.004298842795
2013-08-06,83938.0,127547.0,30998.0,14010.184671977986,,,6606.575911287004
2013-08-07,83359.0,127477.0,30680.0,14000.886578863196,,,6616.147523731196
2013-08-08,82825.0,127460.0,30383.0,13997.787214491598,,,6654.4339735079975
2013-08-09,82362.0,127635.0,30218.0,14059.774501923612,,,6582.286749651308
2013-08-10,82406.0,128409.0,30670.0,14143.457339956803,,,6579.507924908395
2013-08-11,82247.0,128585.0,30538.0,14165.152890557987,,,6590.62322388
2013-08-12,81885.0,128286.0,30520.0,14137.25861121361,,,6612.956986249798
2013-08-13,81481.0,127794.0,30305.0,14050.476408808783,,,6705.482573210405
2013-08-14,82016.0,127565.0,30055.0,14003.985943234791,,,6772.483860319799
2013-08-15,82175.0,127075.0,29760.0,13994.68785012,,,6715.054185654596
2013-08-16,82030.0,126586.0,29468.0,14007.085307606389,,,6648.052898545202
2013-08-17,81741.0,126079.0,29159.0,14013.284036349583,,,6632.100211138199
2013-08-18,81467.0,125521.0,29119.0,14019.482765092816,,,6619.338061212593
2013-08-19,81148.0,125001.0,29079.0,14022.582129464412,,,6606.575911287004
2013-08-20,80792.0,124447.0,29039.0,14025.68149383601,,,6612.956986249798
2013-08-21,80613.0,123859.0,28888.0,14025.68149383601,,,6619.338061212593
2013-08-22,80226.0,123308.0,28747.0,14041.178315693993,,,6622.528598694008
2013-08-23,79811.0,122739.0,28609.0,14065.973230666808,,,6632.100211138199
2013-08-24,79410.0,122138.0,28570.0,14041.178315693993,,,6635.290748619596
2013-08-25,79231.0,121574.0,28522.0,14003.985943234791,,,6625.719136175405
2013-08-26,78816.0,120992.0,28482.0,13979.412281091016,,,6616.147523731196
2013-08-27,78678.0,120872.0,28517.0,13994.68785012,,,6606.575911287004
2013-08-28,78774.0,120650.0,28455.0,14016.383400721215,,,6606.575911287004
2013-08-29,78788.0,120514.0,28508.0,14050.476408808783,,,6625.719136175405
2013-08-30,78982.0,120378.0,28438.0,14100.066238754407,,,6612.956986249798
2013-08-31,79009.0,120157.0,28320.0,14103.165603126006,,,6619.338061212593
2013-09-01,79203.0,120004.0,28320.0,14096.966874382812,,,6628.909673656802
2013-09-02,79286.0,119851.0,28311.0,14137.25861121361,,,6635.290748619596
2013-09-03,80737.0,120276.0,28373.0,14230.239542361596,,,6635.290748619596
2013-09-04,82073.0,120191.0,28386.0,14171.351619301216,,,6628.909673656802
2013-09-05,82550.0,119970.0,28271.0,14174.450983672812,,,6622.528598694008
2013-09-06,82724.0,119631.0,28236.0,14162.05352618639,,,6609.766448768401
2013-09-07,82839.0,119308.0,28202.0,14118.662424983992,,,6606.575911287004
2013-09-08,82998.0,118951.0,28176.0,14065.973230666808,,,6612.956986249798
2013-09-09,83099.0,118529.0,28149.0,14022.582129464412,,,6616.147523731196
2013-09-10,82955.0,118107.0,28097.0,14025.68149383601,,,6622.528598694008
2013-09-11,82825.0,117770.0,28080.0,14031.880222579202,,,6619.338061212593
2013-09-12,82825.0,118158.0,27970.0,14041.178315693993,,,6606.575911287004
2013-09-13,82984.0,118462.0,27983.0,14062.873866295213,,,6644.862361063805
2013-09-14,83027.0,118596.0,27957.0,14044.27768006559,,,6641.671823582408
2013-09-15,82897.0,118562.0,27944.0,14019.482765092816,,,6632.100211138199
2013-09-16,82666.0,118462.0,27896.0,14003.985943234791,,,6628.909673656802
2013-09-17,82463.0,118344.0,27870.0,13997.787214491598,,,6619.338061212593
2013-09-18,82189.0,118158.0,27835.0,,,,6609.766448768401
2013-09-19,81943.0,117905.0,27796.0,,,,6609.766448768401
2013-09-20,81539.0,117686.0,27757.0,13997.787214491598,,,6606.575911287004
2013-09-21,81279.0,117417.0,27727.0,14003.985943234791,,,6609.766448768401
2013-09-22,81062.0,117081.0,27705.0,14028.780858207603,,,6641.671823582408
2013-09-23,80874.0,116846.0,27675.0,14034.9795869508,,,6648.052898545202
2013-09-24,80460.0,116528.0,27636.0,14034.9795869508,,,6638.481286100993
2013-09-25,80032.0,116194.0,27597.0,14031.880222579202,,,6625.719136175405
2013-09-26,79562.0,115893.0,27546.0,14031.880222579202,,,6612.956986249798
2013-09-27,79078.0,115575.0,27511.0,14028.780858207603,,,6600.194836324192
2013-09-28,78664.0,115144.0,27455.0,14022.582129464412,,,6597.004298842795
2013-09-29,78042.0,114728.0,27417.0,14019.482765092816,,,6597.004298842795
2013-09-30,77379.0,114296.0,27378.0,14007.085307606389,,,6597.004298842795
2013-10-01,76578.0,113914.0,27326.0,13964.136712061993,,,6609.766448768401
2013-10-02,75804.0,113453.0,27296.0,13967.19182586779,,,6619.338061212593
2013-10-03,75099.0,113057.0,27253.0,13973.302053479383,,,6628.909673656802
2013-10-04,74588.0,112958.0,27215.0,13979.412281091016,,,6628.909673656802
2013-10-05,73927.0,112859.0,27189.0,13988.577622508406,,,6625.719136175405
2013-10-06,73305.0,112646.0,27180.0,13997.787214491598,,,6625.719136175405
2013-10-07,72814.0,112299.0,27176.0,14013.284036349583,,,6654.4339735079975
2013-10-08,73066.0,112629.0,27227.0,14038.078951322395,,,6715.054185654596
2013-10-09,73172.0,112448.0,27236.0,14022.582129464412,,,6676.767735877795
2013-10-10,73106.0,112415.0,27202.0,14003.985943234791,,,6612.956986249798
2013-10-11,73013.0,112201.0,27180.0,13994.68785012,,,6836.294609947794
2013-10-12,72881.0,111922.0,27163.0,13997.787214491598,,,6985.324226637892
2013-10-13,72682.0,111611.0,27124.0,14000.886578863196,,,6810.770310096599
2013-10-14,72417.0,111284.0,27090.0,14003.985943234791,,,6648.052898545202
2013-10-15,71993.0,111105.0,27064.0,14007.085307606389,,,6471.133759935299
2013-10-16,71517.0,110892.0,27018.0,14003.985943234791,,,6346.086646504801
2013-10-17,71000.0,110713.0,26996.0,14000.886578863196,,,6255.820380037805
2013-10-18,70589.0,110387.0,26974.0,14007.085307606389,,,6177.216060180001
2013-10-19,70311.0,110063.0,26877.0,14007.085307606389,,,6098.611740322195
2013-10-20,69940.0,109657.0,26851.0,14010.184671977986,,,6025.711702900199
2013-10-21,69689.0,109332.0,26812.0,14007.085307606389,,,5940.4868075946015
2013-10-22,69212.0,109089.0,26782.0,14003.985943234791,,,5855.261912289004
2013-10-23,68682.0,108797.0,26753.0,13997.787214491598,,,5772.747087165302
2013-10-24,68152.0,108476.0,26706.0,13991.632736314205,,,5696.868999698997
2013-10-25,67476.0,108088.0,26680.0,13988.577622508406,,,5623.607398007404
2013-10-26,66796.0,107686.0,26655.0,13985.522508702608,,,5558.195253639904
2013-10-27,66159.0,107252.0,26626.0,13985.522508702608,,,5495.724859515301
2013-10-28,65561.0,106884.0,26600.0,13985.522508702608,,,5434.0443933849
2013-10-29,64937.0,106644.0,26578.0,13985.522508702608,,,5387.784043787098
2013-10-30,64249.0,106372.0,26566.0,13985.522508702608,,,5341.523694189296
2013-10-31,63689.0,106100.0,26557.0,13988.577622508406,,,5284.983266903103
2013-11-01,63332.0,105940.0,26642.0,14010.184671977986,,,5201.187717008993
2013-11-02,63216.0,105844.0,26851.0,14025.68149383601,,,5206.235474850003
2013-11-03,62823.0,105605.0,26936.0,14022.582129464412,,,5203.711595929505
2013-11-04,62505.0,105415.0,26988.0,14016.383400721215,,,5201.187717008993
2013-11-05,62352.0,105304.0,27022.0,14003.985943234791,,,5221.378748373004
2013-11-06,62161.0,105129.0,27073.0,14000.886578863196,,,5249.141416498507
2013-11-07,62021.0,105098.0,27098.0,14007.085307606389,,,5272.133169792601
2013-11-08,62263.0,104970.0,27163.0,14000.886578863196,,,5277.273208636796
2013-11-09,62250.0,104779.0,27215.0,13915.254891169205,,,5274.703189214698
2013-11-10,62072.0,104590.0,27253.0,13826.656590801014,,,5277.273208636796
2013-11-11,61995.0,104431.0,27300.0,13811.381021771993,,,5272.133169792601
2013-11-12,62161.0,104161.0,27331.0,13811.381021771993,,,5269.563150370503
2013-11-13,62275.0,103815.0,27365.0,13808.325907966197,,,5264.423111526293
2013-11-14,62339.0,103531.0,27352.0,13793.050338937212,,,5269.563150370503
2013-11-15,62326.0,103231.0,27378.0,13707.507152374785,,,5277.273208636796
2013-11-16,62212.0,102994.0,27404.0,13577.6250292212,,,5282.413247481006
2013-11-17,62161.0,102743.0,27434.0,13454.01397373281,,,5290.123305747299
2013-11-18,62161.0,102601.0,27507.0,13435.92455097839,,,5300.403383435704
2013-11-19,62224.0,102414.0,27638.0,13444.969262355617,,,5295.263344591494
2013-11-20,62224.0,102210.0,27701.0,13447.984166148011,,,5277.273208636796
2013-11-21,62212.0,101961.0,27745.0,13444.969262355617,,,5264.423111526293
2013-11-22,62173.0,101680.0,27813.0,13444.969262355617,,,5259.283072682098
2013-11-23,62148.0,101523.0,27688.0,13444.969262355617,,,5256.71305326
2013-11-24,62072.0,101273.0,27559.0,13441.954358563187,,,5249.141416498507
2013-11-25,61830.0,101070.0,27567.0,13435.92455097839,,,5239.045900816502
2013-11-26,61613.0,100823.0,27576.0,13441.954358563187,,,5256.71305326
2013-11-27,62072.0,101538.0,27805.0,13541.446183712398,,,5439.184432229095
2013-11-28,64147.0,102932.0,28637.0,13634.908201276814,,,5477.734723560604
2013-11-29,65243.0,103594.0,28964.0,13668.072142993184,,,5426.334335118608
2013-11-30,66019.0,104019.0,29133.0,13692.231583345798,,,5428.904354540705
2013-12-01,66579.0,104288.0,29275.0,13710.562266180616,,,5434.0443933849
2013-12-02,67037.0,104479.0,29387.0,13731.948062821197,,,5421.194296274397
2013-12-03,67437.0,104606.0,29509.0,13750.278745656013,,,5367.223888410302
2013-12-04,67808.0,104685.0,29575.0,13765.554314685,,,5310.683461124095
2013-12-05,68351.0,104827.0,29661.0,13780.829883713988,,,5272.133169792601
2013-12-06,68987.0,105050.0,29810.0,13814.436135577793,,,5279.843228058894
2013-12-07,69582.0,105288.0,30009.0,13887.758866916996,,,5434.0443933849
2013-12-08,69953.0,105352.0,30146.0,13942.750915421411,,,5568.661196738694
2013-12-09,70311.0,105304.0,30273.0,,,,5647.155769979698
2013-12-10,70550.0,105241.0,30350.0,13994.68785012,,,5584.360111386895
2013-12-11,70656.0,105209.0,30401.0,13991.632736314205,,,5418.624276852299
2013-12-12,70669.0,105399.0,30442.0,13988.577622508406,,,5305.5434222799
2013-12-13,70523.0,105446.0,30401.0,13997.787214491598,,,5249.141416498507
2013-12-14,70523.0,105383.0,30346.0,14022.582129464412,,,5264.423111526293
2013-12-15,70602.0,105336.0,30442.0,14065.973230666808,,,5300.403383435704
2013-12-16,70629.0,105241.0,30487.0,14081.470052524792,,,5310.683461124095
2013-12-17,70430.0,105446.0,30510.0,14062.873866295213,,,5290.123305747299
2013-12-18,70271.0,105320.0,30433.0,14031.880222579202,,,5266.993130948405
2013-12-19,70245.0,105209.0,30355.0,14003.985943234791,,,5261.853092104196
2013-12-20,70338.0,105066.0,30255.0,13997.787214491598,,,5269.563150370503
2013-12-21,70616.0,105002.0,30204.0,13997.787214491598,,,5264.423111526293
2013-12-22,72483.0,106596.0,30447.0,14010.184671977986,,,5320.9635388125
2013-12-23,75542.0,108813.0,31113.0,14072.17195941,,,5488.014801248994
2013-12-24,77572.0,110582.0,31765.0,14106.264967497604,,,5532.030395892898
2013-12-25,78885.0,111628.0,31981.0,14096.966874382812,,,5475.164704138507
2013-12-26,79755.0,112299.0,32169.0,14069.072595038404,,,5380.073985520806
2013-12-27,80613.0,112843.0,32173.0,14034.9795869508,,,5287.553286325202
2013-12-28,81062.0,113453.0,32184.0,14034.9795869508,,,5246.617537577995
2013-12-29,81308.0,114047.0,32321.0,14056.675137552014,,,5239.045900816502
2013-12-30,82189.0,115426.0,32667.0,14124.861153727188,,,5346.663733033506
2013-12-31,83013.0,116311.0,32824.0,14056.675137552014,,,5254.189174339502
2014-01-01,83634.0,116763.0,32781.0,14056.675137552014,,,5244.093658657497
2014-01-02,84154.0,117064.0,32866.0,14062.873866295213,,,5233.998142975506
2014-01-03,84516.0,117283.0,32771.0,14038.078951322395,,,5261.853092104196
2014-01-04,84646.0,117400.0,32647.0,14013.284036349583,,,5284.983266903103
2014-01-05,84704.0,117602.0,32705.0,14000.886578863196,,,5320.9635388125
2014-01-06,85109.0,118293.0,32866.0,14038.078951322395,,,5416.054257430202
2014-01-07,87565.0,120684.0,33553.0,14038.078951322395,,,5446.894490495402
2014-01-08,88057.0,121591.0,33403.0,13997.787214491598,,,5318.393519390403
2014-01-09,88587.0,122275.0,33221.0,14013.284036349583,,,5269.563150370503
2014-01-10,89165.0,123050.0,32933.0,14007.085307606389,,,5254.189174339502
2014-01-11,89712.0,123876.0,32943.0,14069.072595038404,,,5395.494102053405
2014-01-12,91736.0,126516.0,34468.0,14387.371541922,,,5977.772699290797
2014-01-13,92618.0,128146.0,34931.0,14505.127250450998,,,5911.190749833297
2014-01-14,93090.0,129183.0,34936.0,14180.649712416009,,,5610.524969133902
2014-01-15,93987.0,130334.0,34966.0,,,,5313.253480546207
2014-01-16,94474.0,131043.0,34892.0,14010.184671977986,,,5221.378748373004
2014-01-17,94763.0,131737.0,34655.0,14013.284036349583,,,5241.569779736999
2014-01-18,94869.0,132200.0,34325.0,14034.9795869508,,,5305.5434222799
2014-01-19,94900.0,132487.0,33988.0,14044.27768006559,,,5346.663733033506
2014-01-20,94763.0,132505.0,33620.0,14041.178315693993,,,5369.7939078324
2014-01-21,94550.0,132361.0,33254.0,14028.780858207603,,,5372.363927254497
2014-01-22,94109.0,132200.0,32834.0,13997.787214491598,,,5318.393519390403
2014-01-23,93561.0,131773.0,32377.0,13997.787214491598,,,5287.553286325202
2014-01-24,93014.0,131434.0,31925.0,14010.184671977986,,,5290.123305747299
2014-01-25,92420.0,130830.0,31658.0,14022.582129464412,,,5315.8234999683045
2014-01-26,91842.0,130387.0,31652.0,14031.880222579202,,,5338.953674767198
2014-01-27,91264.0,129855.0,31545.0,14034.9795869508,,,5344.0937136113935
2014-01-28,90670.0,129306.0,31341.0,14013.284036349583,,,5295.263344591494
2014-01-29,90001.0,128743.0,31141.0,14003.985943234791,,,5266.993130948405
2014-01-30,89332.0,128128.0,31021.0,13997.787214491598,,,5264.423111526293
2014-01-31,88404.0,127618.0,30877.0,14003.985943234791,,,5282.413247481006
2014-02-01,87652.0,127216.0,30721.0,14019.482765092816,,,5300.403383435704
2014-02-02,87175.0,126883.0,30762.0,14034.9795869508,,,5318.393519390403
2014-02-03,86698.0,126533.0,30799.0,14050.476408808783,,,5341.523694189296
2014-02-04,86250.0,126097.0,30657.0,14016.383400721215,,,5308.1134417019975
2014-02-05,86005.0,125870.0,30533.0,14050.476408808783,,,5297.833364013607
2014-02-06,85759.0,125835.0,30538.0,14028.780858207603,,,5318.393519390403
2014-02-07,85499.0,125471.0,30542.0,14022.582129464412,,,5282.413247481006
2014-02-08,85528.0,125140.0,30227.0,14034.9795869508,,,5274.703189214698
2014-02-09,85557.0,124794.0,30232.0,14047.377044437188,,,5264.423111526293
2014-02-10,85629.0,124447.0,30259.0,14056.675137552014,,,5259.283072682098
2014-02-11,85672.0,124065.0,29914.0,14022.582129464412,,,5269.563150370503
2014-02-12,85687.0,123670.0,29571.0,14003.985943234791,,,5277.273208636796
2014-02-13,85701.0,123325.0,29159.0,14019.482765092816,,,5308.1134417019975
2014-02-14,85788.0,123187.0,28879.0,14050.476408808783,,,5351.8037718777005
2014-02-15,85788.0,122860.0,28884.0,14047.377044437188,,,5351.8037718777005
2014-02-16,85658.0,122584.0,28778.0,14034.9795869508,,,5336.383655345101
2014-02-17,85369.0,122395.0,28592.0,14013.284036349583,,,5313.253480546207
2014-02-18,85036.0,122104.0,28451.0,13997.787214491598,,,5292.693325169397
2014-02-19,84501.0,121797.0,28460.0,14000.886578863196,,,5274.703189214698
2014-02-20,84097.0,121609.0,28469.0,13979.412281091016,,,5239.045900816502
2014-02-21,83793.0,121368.0,28478.0,13866.373070276415,,,5112.851954791502
2014-02-22,83620.0,121436.0,28526.0,13872.483297888008,,,5115.375833711999
2014-02-23,83692.0,121540.0,28596.0,13899.979322140218,,,5180.996685644997
2014-02-24,83677.0,121557.0,28623.0,13924.420232586595,,,5254.189174339502
2014-02-25,83533.0,121300.0,28228.0,13918.310004975005,,,5261.853092104196
2014-02-26,83287.0,121043.0,27831.0,13909.14466355761,,,5249.141416498507
2014-02-27,83027.0,120787.0,27417.0,13893.869094528589,,,5246.617537577995
2014-02-28,82767.0,120480.0,27048.0,13869.42818408221,,,5251.665295419005
2014-03-01,82406.0,120225.0,26868.0,13848.042387441594,,,5244.093658657497
2014-03-02,82030.0,119936.0,26864.0,13832.766818412609,,,5233.998142975506
2014-03-03,81683.0,119614.0,26829.0,13811.381021771993,,,5213.807111611496
2014-03-04,81264.0,119325.0,26578.0,13780.829883713988,,,5175.948927804002
2014-03-05,80861.0,119019.0,26329.0,13756.388973267609,,,5138.090743996493
2014-03-06,80474.0,118613.0,26068.0,13728.8929490154,,,5092.660923427506
2014-03-07,79811.0,118293.0,25809.0,13701.396924763189,,,5044.707223938006
2014-03-08,79134.0,117956.0,25562.0,13671.087046785617,,,4999.368967500004
2014-03-09,78774.0,117686.0,25557.0,13649.9827202388,,,4986.978483225002
2014-03-10,78360.0,117350.0,25545.0,13637.923105069214,,,5027.0400714944935
2014-03-11,78097.0,117031.0,25345.0,13659.027431615994,,,5168.377291042494
2014-03-12,78097.0,116880.0,25197.0,13707.507152374785,,,5400.6341408976
2014-03-13,78650.0,116981.0,25027.0,13725.837835209602,,,5462.314607028004
2014-03-14,78968.0,116930.0,24789.0,13762.499200879203,,,5269.563150370503
2014-03-15,79065.0,116863.0,24625.0,13796.105452743008,,,5233.998142975506
2014-03-16,79258.0,116830.0,24649.0,13848.042387441594,,,5239.045900816502
2014-03-17,79341.0,116730.0,24670.0,13884.703753111196,,,5173.425048883504
2014-03-18,79355.0,116511.0,24686.0,13921.365118780795,,,5120.423591552995
2014-03-19,79410.0,116227.0,24670.0,13954.971370644602,,,5102.756439109497
2014-03-20,79424.0,116110.0,24719.0,14000.886578863196,,,5135.566865075995
2014-03-21,79590.0,116093.0,24780.0,14019.482765092816,,,5148.186259678499
2014-03-22,79755.0,116060.0,24826.0,14028.780858207603,,,5175.948927804002
2014-03-23,79811.0,115993.0,24879.0,14047.377044437188,,,5196.139959167997
2014-03-24,79880.0,115959.0,24924.0,14047.377044437188,,,5203.711595929505
2014-03-25,79880.0,115809.0,24949.0,14010.184671977986,,,5216.330990531994
2014-03-26,79838.0,116076.0,24981.0,14013.284036349583,,,5231.474264054994
2014-03-27,79797.0,115993.0,24998.0,14000.886578863196,,,5226.426506213999
2014-03-28,79755.0,115826.0,25023.0,13994.68785012,,,5231.474264054994
2014-03-29,80253.0,116194.0,25097.0,14003.985943234791,,,5284.983266903103
2014-03-30,81698.0,118107.0,25470.0,14158.954161814792,,,5506.004937203707
2014-03-31,84617.0,121009.0,26257.0,14317.354634147989,,,5903.200915898405
2014-04-01,86525.0,122756.0,26684.0,14183.749076787604,,,6179.926553968198
2014-04-02,87898.0,124153.0,27060.0,14081.470052524792,,,6393.326667134105
2014-04-03,89073.0,125539.0,27430.0,14000.886578863196,,,6565.613801193907
2014-04-04,90153.0,126831.0,27844.0,14007.085307606389,,,6657.624510989394
2014-04-05,91127.0,128146.0,28207.0,14010.184671977986,,,6644.862361063805
2014-04-06,92329.0,129430.0,28508.0,13991.632736314205,,,6606.575911287004
2014-04-07,93227.0,130475.0,28650.0,13970.246939673589,,,6590.62322388
2014-04-08,93561.0,131363.0,29057.0,13997.787214491598,,,6657.624510989394
2014-04-09,93637.0,132219.0,29616.0,14000.886578863196,,,6638.481286100993
2014-04-10,93744.0,133096.0,29995.0,13997.787214491598,,,6664.005585952206
2014-04-11,93744.0,133815.0,30324.0,14010.184671977986,,,6676.767735877795
2014-04-12,93866.0,134750.0,30762.0,14065.973230666808,,,6689.5298858034
2014-04-13,93987.0,135421.0,31132.0,14106.264967497604,,,6686.339348322003
2014-04-14,93972.0,136073.0,31512.0,14115.563060612396,,,6664.005585952206
2014-04-15,93911.0,136763.0,31873.0,14096.966874382812,,,6679.958273359192
2014-04-16,96350.0,140301.0,32848.0,14158.954161814792,,,6788.436547726802
2014-04-17,97637.0,141580.0,33062.0,14078.370688153194,,,6664.005585952206
2014-04-18,97878.0,141709.0,33005.0,14087.668781267988,,,6622.528598694008
2014-04-19,97701.0,141468.0,32958.0,14140.357975585208,,,6622.528598694008
2014-04-20,97412.0,141209.0,32871.0,14171.351619301216,,,6600.194836324192
2014-04-21,97058.0,140968.0,32762.0,14171.351619301216,,,6576.729100165498
2014-04-22,96671.0,140634.0,32624.0,14115.563060612396,,,6590.62322388
2014-04-23,96382.0,140431.0,32757.0,14053.575773180415,,,6606.575911287004
2014-04-24,96060.0,140153.0,32876.0,14016.383400721215,,,6597.004298842795
2014-04-25,95554.0,139785.0,32972.0,14007.085307606389,,,6587.844399137102
2014-04-26,95250.0,139455.0,33081.0,14034.9795869508,,,6619.338061212593
2014-04-27,95219.0,139124.0,33201.0,14056.675137552014,,,6625.719136175405
2014-04-28,95143.0,138958.0,33288.0,14056.675137552014,,,6622.528598694008
2014-04-29,94946.0,138737.0,33369.0,14003.985943234791,,,6490.585533135596
2014-04-30,94900.0,138461.0,33461.0,14028.780858207603,,,6421.114914563097
2014-05-01,95037.0,138719.0,33929.0,14891.996587349417,,,8110.343475400206
2014-05-02,95265.0,139252.0,34281.0,15132.669353906987,,,8559.287883990011
2014-05-03,95371.0,139675.0,34321.0,14934.660943066516,,,8118.840496416598
2014-05-04,95478.0,140264.0,34330.0,14603.78743867802,,,7552.088634159008
2014-05-05,95539.0,140671.0,34306.0,14239.53763547639,,,6942.097223999091
2014-05-06,95676.0,140690.0,34286.0,14069.072595038404,,,6641.671823582408
2014-05-07,95867.0,140542.0,34253.0,14044.27768006559,,,6597.004298842795
2014-05-08,95980.0,140486.0,34330.0,14022.582129464412,,,6593.813761361397
2014-05-09,96205.0,140449.0,34301.0,14010.184671977986,,,6597.004298842795
2014-05-10,96317.0,140468.0,34276.0,14038.078951322395,,,6616.147523731196
2014-05-11,96462.0,140357.0,34384.0,14056.675137552014,,,6648.052898545202
2014-05-12,96462.0,140227.0,34492.0,14053.575773180415,,,6641.671823582408
2014-05-13,96414.0,140024.0,34404.0,14019.482765092816,,,6616.147523731196
2014-05-14,96269.0,139877.0,34340.0,13997.787214491598,,,6590.62322388
2014-05-15,96157.0,139840.0,34194.0,13976.357167285216,,,6518.373780564603
2014-05-16,95996.0,139712.0,34121.0,14034.9795869508,,,6376.653718676705
2014-05-17,99166.0,141506.0,35254.0,14396.919302072987,,,6529.489079536193
2014-05-18,99890.0,141894.0,35244.0,14393.736715355992,,,6523.9314300503975
2014-05-19,99441.0,141580.0,35041.0,14202.345263017189,,,6490.585533135596
2014-05-20,98957.0,141320.0,34976.0,14016.383400721215,,,6526.710254793296
2014-05-21,98426.0,141005.0,35021.0,13979.412281091016,,,6579.507924908395
2014-05-22,97943.0,140727.0,35095.0,13982.467394896814,,,6651.2434360266
2014-05-23,97734.0,140727.0,35135.0,14003.985943234791,,,6743.769022987206
2014-05-24,97508.0,140616.0,35110.0,14022.582129464412,,,6772.483860319799
2014-05-25,97170.0,140708.0,35105.0,14025.68149383601,,,6788.436547726802
2014-05-26,96832.0,140653.0,35070.0,14010.184671977986,,,6778.864935282592
2014-05-27,96494.0,140616.0,35045.0,13997.787214491598,,,6756.531172912794
2014-05-28,96269.0,140431.0,35016.0,14003.985943234791,,,6727.816335580202
2014-05-29,95996.0,140153.0,34966.0,14003.985943234791,,,6638.481286100993
2014-05-30,95691.0,139914.0,34892.0,14013.284036349583,,,6616.147523731196
2014-05-31,95417.0,139822.0,34853.0,14016.383400721215,,,6616.147523731196
2014-06-01,95113.0,139693.0,34828.0,14007.085307606389,,,6606.575911287004
2014-06-02,94748.0,139509.0,34833.0,14000.886578863196,,,6600.194836324192
2014-06-03,94322.0,139345.0,34837.0,14010.184671977986,,,6606.575911287004
2014-06-04,94276.0,139345.0,34715.0,14019.482765092816,,,6619.338061212593
2014-06-05,94139.0,139252.0,34759.0,14022.582129464412,,,6644.862361063805
2014-06-06,93744.0,139032.0,34616.0,14003.985943234791,,,6638.481286100993
2014-06-07,93364.0,138848.0,34621.0,14003.985943234791,,,6641.671823582408
2014-06-08,92938.0,138627.0,34626.0,14003.985943234791,,,6641.671823582408
2014-06-09,92527.0,138443.0,34660.0,14013.284036349583,,,6654.4339735079975
2014-06-10,92131.0,138241.0,34675.0,14013.284036349583,,,6625.719136175405
2014-06-11,91736.0,138058.0,34562.0,14010.184671977986,,,6619.338061212593
2014-06-12,91325.0,137857.0,34587.0,14016.383400721215,,,6651.2434360266
2014-06-13,91401.0,137730.0,34306.0,14075.2713237816,,,6791.627085208199
2014-06-14,92390.0,138369.0,34873.0,14146.556704328405,,,6887.343209650202
2014-06-15,93090.0,138811.0,34803.0,14134.159246842017,,,6807.579772615202
2014-06-16,93303.0,139124.0,34621.0,14075.2713237816,,,6683.148810840607
2014-06-17,93394.0,139087.0,34448.0,13997.787214491598,,,6603.385373805607
2014-06-18,93759.0,138976.0,34321.0,14010.184671977986,,,6600.194836324192
2014-06-19,94094.0,138885.0,34276.0,14019.482765092816,,,6644.862361063805
2014-06-20,94170.0,138866.0,34267.0,14016.383400721215,,,6673.577198396398
2014-06-21,94109.0,138682.0,34291.0,14019.482765092816,,,6664.005585952206
2014-06-22,93866.0,138461.0,34325.0,14019.482765092816,,,6644.862361063805
2014-06-23,93577.0,138168.0,34345.0,14013.284036349583,,,6625.719136175405
2014-06-24,93455.0,137875.0,34257.0,14007.085307606389,,,6616.147523731196
2014-06-25,93364.0,137893.0,34047.0,13997.787214491598,,,6612.956986249798
2014-06-26,93759.0,141580.0,34281.0,14022.582129464412,,,6689.5298858034
2014-06-27,94368.0,141727.0,34340.0,14000.886578863196,,,6612.956986249798
2014-06-28,94413.0,141246.0,34443.0,14000.886578863196,,,6619.338061212593
2014-06-29,94307.0,140857.0,34492.0,13997.787214491598,,,6622.528598694008
2014-06-30,94352.0,140597.0,34533.0,13994.68785012,,,6622.528598694008
2014-07-01,94413.0,140468.0,34577.0,13994.68785012,,,6625.719136175405
2014-07-02,94444.0,140209.0,34492.0,13997.787214491598,,,6641.671823582408
2014-07-03,94459.0,140116.0,34582.0,14016.383400721215,,,6721.435260617408
2014-07-04,94596.0,140431.0,34557.0,14143.457339956803,,,6689.5298858034
2014-07-05,94611.0,140653.0,34591.0,14205.444627388784,,,6648.052898545202
2014-07-06,94550.0,140523.0,34513.0,14230.239542361596,,,6625.719136175405
2014-07-07,94428.0,140264.0,34414.0,14202.345263017189,,,6616.147523731196
2014-07-08,94246.0,139822.0,34243.0,14078.370688153194,,,6619.338061212593
2014-07-09,94200.0,139509.0,34096.0,14053.575773180415,,,6628.909673656802
2014-07-10,94139.0,139124.0,34062.0,14041.178315693993,,,6628.909673656802
2014-07-11,93713.0,138645.0,34096.0,13997.787214491598,,,6619.338061212593
2014-07-12,93485.0,138076.0,34106.0,14010.184671977986,,,6638.481286100993
2014-07-13,93029.0,137601.0,34101.0,14022.582129464412,,,6746.959560468603
2014-07-14,92968.0,138040.0,34863.0,14031.880222579202,,,6699.101498247593
2014-07-15,92831.0,138388.0,34996.0,14010.184671977986,,,6585.065574394206
2014-07-16,92786.0,138829.0,35329.0,14112.4636962408,,,6551.719677479405
2014-07-17,92694.0,139068.0,35130.0,14090.768145639584,,,6560.056151708097
2014-07-18,92527.0,139105.0,35070.0,14025.68149383601,,,6590.62322388
2014-07-19,92329.0,139087.0,35060.0,14041.178315693993,,,6619.338061212593
2014-07-20,92070.0,138682.0,35041.0,14053.575773180415,,,6644.862361063805
2014-07-21,91827.0,138205.0,35016.0,14047.377044437188,,,6664.005585952206
2014-07-22,91583.0,137730.0,35001.0,14007.085307606389,,,
2014-07-23,91309.0,136981.0,34863.0,14000.886578863196,,,
2014-07-24,91279.0,136690.0,34749.0,14007.085307606389,,,
2014-07-25,91036.0,136091.0,34734.0,14000.886578863196,,,6664.005585952206
2014-07-26,90594.0,135475.0,34710.0,14010.184671977986,,,6651.2434360266
2014-07-27,90275.0,134877.0,34680.0,14022.582129464412,,,6641.671823582408
2014-07-28,90093.0,134426.0,34680.0,14034.9795869508,,,6676.767735877795
2014-07-29,89712.0,133977.0,34650.0,14013.284036349583,,,6616.147523731196
2014-07-30,89530.0,133437.0,34591.0,13997.787214491598,,,6606.575911287004
2014-07-31,89073.0,132826.0,34547.0,13997.787214491598,,,6612.956986249798
2014-08-01,88526.0,132344.0,34497.0,14003.985943234791,,,6619.338061212593
2014-08-02,88237.0,131987.0,34473.0,14013.284036349583,,,6644.862361063805
2014-08-03,87970.0,131576.0,34419.0,14025.68149383601,,,6660.815048470809
2014-08-04,87710.0,131185.0,34345.0,14034.9795869508,,,6660.815048470809
2014-08-05,87421.0,130777.0,34281.0,14019.482765092816,,,6632.100211138199
2014-08-06,87204.0,130369.0,34101.0,14007.085307606389,,,6619.338061212593
2014-08-07,86886.0,129925.0,34018.0,14000.886578863196,,,6606.575911287004
2014-08-08,86409.0,129501.0,33939.0,13997.787214491598,,,6597.004298842795
2014-08-09,85875.0,129042.0,33853.0,14007.085307606389,,,6597.004298842795
2014-08-10,85340.0,128585.0,33780.0,14016.383400721215,,,6597.004298842795
2014-08-11,84964.0,128110.0,33698.0,14022.582129464412,,,6597.004298842795
2014-08-12,84617.0,127653.0,33465.0,14028.780858207603,,,6616.147523731196
2014-08-13,84342.0,127547.0,33427.0,13948.861143033007,,,6667.196123433603
2014-08-14,84053.0,127163.0,33369.0,13936.640687809784,,,6638.481286100993
2014-08-15,83490.0,126726.0,33302.0,13951.916256838806,,,6606.575911287004
2014-08-16,82854.0,126236.0,33235.0,13964.136712061993,,,6609.766448768401
2014-08-17,82232.0,125747.0,33163.0,13976.357167285216,,,6612.956986249798
2014-08-18,81582.0,125278.0,33101.0,13985.522508702608,,,6616.147523731196
2014-08-19,80888.0,124759.0,32890.0,13994.68785012,,,6612.956986249798
2014-08-20,80419.0,124291.0,32657.0,14003.985943234791,,,6606.575911287004
2014-08-21,80060.0,123825.0,32430.0,14010.184671977986,,,6597.004298842795
2014-08-22,79686.0,123376.0,32396.0,14025.68149383601,,,6590.62322388
2014-08-23,79272.0,122912.0,32330.0,14034.9795869508,,,6606.575911287004
2014-08-24,78996.0,122464.0,32264.0,14050.476408808783,,,6622.528598694008
2014-08-25,78664.0,121968.0,32189.0,14041.178315693993,,,6628.909673656802
2014-08-26,78332.0,121522.0,31990.0,,,,6628.909673656802
2014-08-27,78001.0,120975.0,31771.0,,,,6612.956986249798
2014-08-28,77655.0,120463.0,31541.0,,,,6600.194836324192
2014-08-29,77310.0,120004.0,31211.0,13991.632736314205,,,6597.004298842795
2014-08-30,76923.0,119512.0,30850.0,13991.632736314205,,,6603.385373805607
2014-08-31,76468.0,119019.0,30501.0,13997.787214491598,,,6609.766448768401
2014-09-01,76122.0,118579.0,30164.0,14007.085307606389,,,6619.338061212593
2014-09-02,75887.0,118090.0,29823.0,14013.284036349583,,,6622.528598694008
2014-09-03,75555.0,117719.0,29509.0,14013.284036349583,,,6619.338061212593
2014-09-04,75265.0,117132.0,29181.0,14010.184671977986,,,6609.766448768401
2014-09-05,75058.0,116663.0,28959.0,,,,6600.194836324192
2014-09-06,74837.0,116177.0,28769.0,,,,6609.766448768401
2014-09-07,74602.0,115709.0,28738.0,,,,6641.671823582408
2014-09-08,74368.0,115210.0,28694.0,,,,6644.862361063805
2014-09-09,74022.0,114694.0,28504.0,,,,6635.290748619596
2014-09-10,73569.0,114180.0,28315.0,13701.396924763189,,,6625.719136175405
2014-09-11,73092.0,113683.0,28158.0,13556.520702674385,,,6616.147523731196
2014-09-12,72311.0,113206.0,28105.0,13466.073588902396,,,6603.385373805607
2014-09-13,71437.0,112728.0,28071.0,13438.939454770789,,,6597.004298842795
2014-09-14,70497.0,112250.0,28049.0,13417.835128224007,,,6597.004298842795
2014-09-15,69596.0,111792.0,28005.0,13399.745705469591,,,6590.62322388
2014-09-16,68854.0,111301.0,27957.0,13399.745705469591,,,6590.62322388
2014-09-17,68139.0,110794.0,27909.0,13402.760609261988,,,6587.844399137102
2014-09-18,67241.0,110306.0,27862.0,13405.775513054385,,,6585.065574394206
2014-09-19,66528.0,109916.0,27809.0,13387.686090300002,,,6582.286749651308
2014-09-20,65599.0,109396.0,27757.0,13274.650203165602,,,6582.286749651308
2014-09-21,64619.0,108895.0,27719.0,13149.715801596014,,,6585.065574394206
2014-09-22,63701.0,108443.0,27658.0,13019.801093342398,,,6593.813761361397
2014-09-23,62810.0,107991.0,27606.0,12908.299377886198,,,6585.065574394206
2014-09-24,61906.0,107525.0,27554.0,12893.62809953671,,,6512.816131078808
2014-09-25,61218.0,107060.0,27507.0,12890.693843866817,,,6437.787863020498
2014-09-26,60781.0,106612.0,27442.0,12873.088309847397,,,6371.096069190895
2014-09-27,59987.0,106100.0,27395.0,12759.178881352202,,,6365.5384197051
2014-09-28,59059.0,105605.0,27339.0,12631.853776165786,,,6368.317244447997
2014-09-29,58070.0,105145.0,27288.0,12504.569304599105,,,6373.874893933808
2014-09-30,56971.0,104669.0,27227.0,12379.032078679484,,,6368.317244447997
2014-10-01,55933.0,104192.0,27176.0,12247.788615218107,,,6343.307821761903
2014-10-02,55030.0,103704.0,27141.0,12087.139412548791,,,6310.030255801803
2014-10-03,54217.0,103215.0,27111.0,11949.356380198193,,,6272.083342767006
2014-10-04,53517.0,102727.0,27090.0,11952.16827881759,,,6285.6358117079935
2014-10-05,52910.0,102383.0,27107.0,11966.227771914608,,,6299.188280648997
2014-10-06,52071.0,101945.0,27090.0,11957.792076056385,,,6301.898774437194
2014-10-07,51138.0,101492.0,27064.0,11860.59085309681,,,6310.030255801803
2014-10-08,50227.0,101086.0,27039.0,11702.701184791196,,,6329.4136980474
2014-10-09,49609.0,100683.0,27026.0,11516.655448447813,,,6343.307821761903
2014-10-10,48892.0,100234.0,27009.0,11337.546297851988,,,6348.865471247699
2014-10-11,48147.0,99784.0,26988.0,11235.59136499379,,,6362.759594962202
2014-10-12,47469.0,99351.0,26962.0,11139.002481233383,,,6373.874893933808
2014-10-13,46824.0,98936.0,26923.0,11009.470680489914,,,6376.653718676705
2014-10-14,46124.0,98491.0,26897.0,10896.037027039796,,,6384.990192905398
2014-10-15,45412.0,98061.0,26872.0,10914.502970624711,,,6465.576110449503
2014-10-16,45701.0,97908.0,26919.0,11043.764575719011,,,6785.246010245404
2014-10-17,46435.0,97709.0,27077.0,11114.990358117908,,,6568.392625936805
2014-10-18,46713.0,97725.0,27102.0,11139.002481233383,,,6412.778440334404
2014-10-19,46880.0,97740.0,27107.0,11149.734579429009,,,6239.557417308604
2014-10-20,46980.0,97725.0,27094.0,11155.100628526803,,,6060.664827287398
2014-10-21,47046.0,97298.0,27081.0,11165.832726722392,,,5927.170417703098
2014-10-22,47147.0,96825.0,27090.0,11184.613898564705,,,5828.6291325059965
2014-10-23,47236.0,96400.0,26936.0,11195.345996760298,,,5751.815200967706
2014-10-24,47525.0,96295.0,26846.0,11203.395070406988,,,5694.252513924299
2014-10-25,47869.0,96053.0,26651.0,11208.761119504814,,,5636.689826880907
2014-10-26,48136.0,95720.0,26427.0,11216.810193151508,,,5573.894168288105
2014-10-27,48381.0,95373.0,26169.0,11222.1762422493,,,5506.004937203707
2014-10-28,48603.0,95040.0,25913.0,11230.225315895994,,,5439.184432229095
2014-10-29,48804.0,94755.0,25650.0,11238.274389542688,,,5372.363927254497
2014-10-30,48970.0,94366.0,25379.0,11246.323463189412,,,5302.973402857802
2014-10-31,49119.0,93976.0,25106.0,11251.689512287208,,,5236.522021896004
2014-11-01,49212.0,93572.0,24822.0,11257.055561385,,,5228.950385134497
2014-11-02,49142.0,93110.0,24523.0,11259.738585933896,,,5226.426506213999
2014-11-03,49060.0,92709.0,24242.0,11249.006487738308,,,5221.378748373004
2014-11-04,48937.0,92279.0,23963.0,11181.930874015809,,,5233.998142975506
2014-11-05,48815.0,91792.0,23653.0,11107.076382295814,,,5249.141416498507
2014-11-06,48848.0,91394.0,23385.0,11078.058470948112,,,5269.563150370503
2014-11-07,48603.0,90908.0,23187.0,11070.14449512599,,,5272.133169792601
2014-11-08,48303.0,90614.0,23004.0,11067.50650318529,,,5282.413247481006
2014-11-09,47880.0,90233.0,22818.0,11020.022648252703,,,5297.833364013607
2014-11-10,47436.0,89884.0,22630.0,10972.538793320087,,,5302.973402857802
2014-11-11,46924.0,89491.0,22431.0,10967.262809438693,,,5295.263344591494
2014-11-12,46379.0,89257.0,22427.0,10972.538793320087,,,5287.553286325202
2014-11-13,45801.0,88980.0,22408.0,10975.176785260815,,,5274.703189214698
2014-11-14,45312.0,88720.0,22408.0,10980.45276914221,,,5269.563150370503
2014-11-15,44934.0,88460.0,22400.0,10980.45276914221,,,5264.423111526293
2014-11-16,44567.0,88172.0,22392.0,10983.090761082907,,,5261.853092104196
2014-11-17,44189.0,87955.0,22392.0,10996.280720786395,,,5277.273208636796
2014-11-18,43888.0,87869.0,22501.0,11009.470680489914,,,5300.403383435704
2014-11-19,43644.0,87739.0,22568.0,11012.108672430611,,,5272.133169792601
2014-11-20,43372.0,87466.0,22595.0,11012.108672430611,,,5277.273208636796
2014-11-21,43277.0,87352.0,22611.0,11009.470680489914,,,5279.843228058894
2014-11-22,42930.0,87037.0,22615.0,11006.832688549186,,,5277.273208636796
2014-11-23,42584.0,86708.0,22630.0,11006.832688549186,,,5274.703189214698
2014-11-24,42542.0,86523.0,22665.0,11038.488591837588,,,5292.693325169397
2014-11-25,42783.0,86580.0,22969.0,11070.14449512599,,,5279.843228058894
2014-11-26,43004.0,86508.0,23100.0,11099.162406473692,,,5266.993130948405
2014-11-27,43435.0,86737.0,23195.0,11128.270383037796,,,5344.0937136113935
2014-11-28,43911.0,87066.0,23286.0,11147.05155488011,,,5398.064121475502
2014-11-29,44089.0,87138.0,23346.0,11160.466677624598,,,5398.064121475502
2014-11-30,44166.0,86980.0,23401.0,11171.198775820189,,,5387.784043787098
2014-12-01,44255.0,86737.0,23465.0,11181.930874015809,,,5380.073985520806
2014-12-02,44622.0,86637.0,23557.0,11200.712045858092,,,5369.7939078324
2014-12-03,44867.0,86523.0,23609.0,11232.908340444894,,,5364.6538689882045
2014-12-04,45145.0,86551.0,23721.0,11270.470684129488,,,5349.233752455603
2014-12-05,45356.0,86508.0,23838.0,11299.983954167392,,,5315.8234999683045
2014-12-06,45556.0,86451.0,23938.0,11350.961420596506,,,5349.233752455603
2014-12-07,46112.0,86680.0,24246.0,11429.386815670196,,,5418.624276852299
2014-12-08,46591.0,86751.0,24434.0,11494.838290253398,,,5356.9438107218975
2014-12-09,46980.0,86923.0,24568.0,11557.562620062305,,,5284.983266903103
2014-12-10,47580.0,87281.0,24817.0,11642.10410806559,,,5256.71305326
2014-12-11,48092.0,87509.0,24924.0,11705.471178971997,,,5259.283072682098
2014-12-12,48470.0,87710.0,25047.0,11763.641056768804,,,5264.423111526293
2014-12-13,48726.0,87811.0,25147.0,11810.730957842394,,,5292.693325169397
2014-12-14,48915.0,88129.0,25234.0,11855.050864735213,,,5315.8234999683045
2014-12-15,49084.0,88474.0,25308.0,11893.83078326641,,,5333.813635923003
2014-12-16,49235.0,88489.0,25391.0,11935.380695978403,,,5346.663733033506
2014-12-17,49410.0,88518.0,25491.0,11974.6634677728,,,5362.083849566106
2014-12-18,49959.0,88778.0,25574.0,12011.218149825,,,5315.8234999683045
2014-12-19,50391.0,88907.0,25658.0,12044.9609332578,,,5295.263344591494
2014-12-20,50683.0,89009.0,25725.0,12075.891818071206,,,5284.983266903103
2014-12-21,50928.0,89374.0,25796.0,12104.01080426521,,,5272.133169792601
2014-12-22,51126.0,89723.0,25879.0,12129.317891839788,,,5259.283072682098
2014-12-23,51313.0,89826.0,25955.0,12168.684472511384,,,5272.133169792601
2014-12-24,51639.0,90103.0,26005.0,12219.298647660602,,,5323.533558234598
2014-12-25,52747.0,90790.0,26714.0,12316.263465719712,,,5506.004937203707
2014-12-26,54101.0,92234.0,27378.0,12399.003910075802,,,5647.155769979698
2014-12-27,55140.0,93303.0,27679.0,12467.478760577404,,,5751.815200967706
2014-12-28,56031.0,94276.0,27905.0,12536.359947276009,,,5839.2822444192025
2014-12-29,56971.0,95161.0,28114.0,12600.022499869216,,,5860.588468245598
2014-12-30,57618.0,95856.0,28285.0,12655.003795290597,,,5686.403056600207
2014-12-31,58094.0,96234.0,28416.0,12704.197585930786,,,5495.724859515301
2015-01-01,58412.0,96506.0,28429.0,12750.49762418041,,,5349.233752455603
2015-01-02,58668.0,96992.0,28530.0,12793.903910039404,,,5233.998142975506
2015-01-03,58900.0,97404.0,28632.0,12840.811497478491,,,5221.378748373004
2015-01-04,59242.0,97938.0,28786.0,12908.299377886198,,,5264.423111526293
2015-01-05,60158.0,98844.0,29128.0,12975.787258293904,,,5305.5434222799
2015-01-06,60671.0,99428.0,29279.0,13034.472371691883,,,5279.843228058894
2015-01-07,60976.0,99583.0,29208.0,13081.420462410306,,,5290.123305747299
2015-01-08,61142.0,99753.0,29114.0,13116.994886899209,,,5287.553286325202
2015-01-09,61218.0,99939.0,29008.0,13158.639687422405,,,5315.8234999683045
2015-01-10,61333.0,100125.0,28911.0,13200.2844879456,,,5336.383655345101
2015-01-11,61396.0,100466.0,28985.0,13238.95465986,,,5341.523694189296
2015-01-12,61473.0,100823.0,29088.0,13286.54871760079,,,5362.083849566106
2015-01-13,61613.0,100978.0,29066.0,13340.09203255921,,,5367.223888410302
2015-01-14,61613.0,101024.0,28999.0,13375.787575864812,,,5300.403383435704
2015-01-15,61562.0,101055.0,28911.0,13411.805320639214,,,5266.993130948405
2015-01-16,61536.0,101086.0,28839.0,13447.984166148011,,,5264.423111526293
2015-01-17,61498.0,101086.0,28738.0,13478.133204071986,,,5264.423111526293
2015-01-18,61384.0,101273.0,28791.0,13511.29714578839,,,5264.423111526293
2015-01-19,61307.0,101554.0,28906.0,13547.475991297191,,,5266.993130948405
2015-01-20,61243.0,101773.0,28981.0,13577.6250292212,,,5264.423111526293
2015-01-21,61154.0,101758.0,28888.0,13607.774067145205,,,5264.423111526293
2015-01-22,60976.0,101695.0,28756.0,13637.923105069214,,,5259.283072682098
2015-01-23,60829.0,101648.0,28663.0,13662.04233540839,,,5254.189174339502
2015-01-24,60671.0,101586.0,28561.0,13701.396924763189,,,5277.273208636796
2015-01-25,60512.0,101695.0,28614.0,13731.948062821197,,,5290.123305747299
2015-01-26,60366.0,101804.0,28641.0,13762.499200879203,,,5297.833364013607
2015-01-27,60170.0,101570.0,28416.0,13783.884997519785,,,5287.553286325202
2015-01-28,59950.0,101367.0,28285.0,13802.2156803546,,,5272.133169792601
2015-01-29,59731.0,101133.0,28110.0,13817.491249383587,,,5277.273208636796
2015-01-30,59535.0,100900.0,28009.0,13841.93215983,,,5292.693325169397
2015-01-31,59352.0,100853.0,27909.0,13857.207728858986,,,5295.263344591494
2015-02-01,59120.0,100884.0,27927.0,13872.483297888008,,,5297.833364013607
2015-02-02,58986.0,101070.0,27974.0,13918.310004975005,,,5320.9635388125
2015-02-03,58778.0,100915.0,27857.0,13942.750915421411,,,5313.253480546207
2015-02-04,58546.0,100823.0,27736.0,13958.0264844504,,,5277.273208636796
2015-02-05,58351.0,100730.0,27619.0,13976.357167285216,,,5274.703189214698
2015-02-06,58131.0,100606.0,27507.0,13988.577622508406,,,5261.853092104196
2015-02-07,57899.0,100466.0,27369.0,14000.886578863196,,,5272.133169792601
2015-02-08,57679.0,100528.0,27395.0,14016.383400721215,,,5290.123305747299
2015-02-09,57496.0,100636.0,27438.0,14031.880222579202,,,5297.833364013607
2015-02-10,57301.0,100528.0,27318.0,14013.284036349583,,,5287.553286325202
2015-02-11,57069.0,100342.0,27197.0,13991.632736314205,,,5274.703189214698
2015-02-12,56837.0,100001.0,26957.0,,,,5272.133169792601
2015-02-13,56886.0,99706.0,26757.0,,,,5264.423111526293
2015-02-14,56800.0,99397.0,26549.0,13988.577622508406,,,5266.993130948405
2015-02-15,56861.0,99060.0,26350.0,13997.787214491598,,,5264.423111526293
2015-02-16,56922.0,98659.0,26131.0,14003.985943234791,,,5254.189174339502
2015-02-17,56812.0,98352.0,25934.0,14010.184671977986,,,5261.853092104196
2015-02-18,56886.0,98014.0,25754.0,14007.085307606389,,,5264.423111526293
2015-02-19,56934.0,97694.0,25595.0,14000.886578863196,,,5266.993130948405
2015-02-20,56825.0,97343.0,25354.0,13997.787214491598,,,5259.283072682098
2015-02-21,56703.0,96992.0,25101.0,14000.886578863196,,,5264.423111526293
2015-02-22,56751.0,96856.0,25114.0,14010.184671977986,,,5284.983266903103
2015-02-23,56800.0,96871.0,25114.0,14016.383400721215,,,5292.693325169397
2015-02-24,56690.0,96567.0,24891.0,14000.886578863196,,,5277.273208636796
2015-02-25,56532.0,96144.0,24649.0,14000.886578863196,,,5272.133169792601
2015-02-26,56544.0,95735.0,24426.0,14000.886578863196,,,5269.563150370503
2015-02-27,56361.0,95342.0,24201.0,14000.886578863196,,,5264.423111526293
2015-02-28,56141.0,94980.0,23983.0,13997.787214491598,,,5261.853092104196
2015-03-01,56116.0,94725.0,23785.0,14000.886578863196,,,5261.853092104196
2015-03-02,56129.0,94725.0,23790.0,14003.985943234791,,,5266.993130948405
2015-03-03,55970.0,94351.0,23585.0,14010.184671977986,,,5269.563150370503
2015-03-04,55799.0,94036.0,23405.0,14013.284036349583,,,5269.563150370503
2015-03-05,55579.0,93662.0,23199.0,14000.886578863196,,,5292.693325169397
2015-03-06,55372.0,93288.0,23000.0,13979.412281091016,,,5274.703189214698
2015-03-07,55274.0,92917.0,22795.0,13979.412281091016,,,5233.998142975506
2015-03-08,55262.0,92531.0,22591.0,13982.467394896814,,,5198.663838088495
2015-03-09,55250.0,92531.0,22575.0,13985.522508702608,,,5216.330990531994
2015-03-10,55079.0,92175.0,22373.0,13994.68785012,,,5279.843228058894
2015-03-11,55018.0,91777.0,22190.0,14022.582129464412,,,5589.593082936305
2015-03-12,55176.0,91570.0,22058.0,14056.675137552014,,,5876.568136115398
2015-03-13,55237.0,91394.0,21919.0,13994.68785012,,,5649.772255754396
2015-03-14,55225.0,91555.0,21953.0,13997.787214491598,,,5426.334335118608
2015-03-15,55140.0,91762.0,22000.0,14081.470052524792,,,5508.5749566258055
2015-03-16,55115.0,91968.0,22035.0,14121.76178935559,,,5295.263344591494
2015-03-17,55066.0,92234.0,22073.0,14081.470052524792,,,5080.041528825002
2015-03-18,55152.0,92576.0,22128.0,14059.774501923612,,,5135.566865075995
2015-03-19,55201.0,92858.0,22132.0,14019.482765092816,,,5077.517649904505
2015-03-20,55201.0,93155.0,22182.0,13982.467394896814,,,5080.041528825002
2015-03-21,55237.0,93422.0,22225.0,14000.886578863196,,,5054.802739619997
2015-03-22,55274.0,93662.0,22256.0,14007.085307606389,,,5029.563950415006
2015-03-23,55274.0,93841.0,22275.0,14003.985943234791,,,5004.325161209999
2015-03-24,55286.0,94051.0,22295.0,13988.577622508406,,,5069.946013142997
2015-03-25,55274.0,94231.0,22291.0,13964.136712061993,,,5120.423591552995
2015-03-26,55298.0,94516.0,22314.0,13945.806029227211,,,5165.853412121996
2015-03-27,55713.0,94980.0,22380.0,13964.136712061993,,,5323.533558234598
2015-03-28,56300.0,95222.0,22439.0,13991.632736314205,,,5431.474373962802
2015-03-29,56580.0,95463.0,22482.0,14010.184671977986,,,5488.014801248994
2015-03-30,56825.0,95659.0,22529.0,14019.482765092816,,,5526.797424343504
2015-03-31,57069.0,95917.0,22568.0,14013.284036349583,,,5550.345796315796
2015-04-01,57276.0,96234.0,22579.0,14013.284036349583,,,5576.510654062803
2015-04-02,57460.0,96598.0,22615.0,14007.085307606389,,,5628.8403695568
2015-04-03,58278.0,97450.0,22713.0,14007.085307606389,,,5696.868999698997
2015-04-04,61231.0,99490.0,23044.0,14034.9795869508,,,5780.690128896596
2015-04-05,64899.0,101961.0,23493.0,14065.973230666808,,,5841.9455223975
2015-04-06,67165.0,103594.0,23769.0,14072.17195941,,,5897.874359941795
2015-04-07,69265.0,105225.0,24088.0,14028.780858207603,,,5964.456309399295
2015-04-08,71795.0,107124.0,24633.0,13985.522508702608,,,6033.701536835108
2015-04-09,75086.0,109965.0,25209.0,13973.302053479383,,,6098.611740322195
2015-04-10,78871.0,112794.0,25725.0,13982.467394896814,,,6160.9530974508
2015-04-11,83013.0,116009.0,26757.0,13991.632736314205,,,6220.583960791207
2015-04-12,85889.0,118731.0,27382.0,13982.467394896814,,,6263.951861402398
2015-04-13,87695.0,120633.0,27949.0,13970.246939673589,,,6304.609268225407
2015-04-14,89149.0,122190.0,28628.0,13979.412281091016,,,6346.086646504801
2015-04-15,90397.0,123670.0,29369.0,13985.522508702608,,,6384.990192905398
2015-04-16,91264.0,124794.0,29832.0,13988.577622508406,,,6415.557265077301
2015-04-17,91918.0,125905.0,30213.0,14003.985943234791,,,6446.124337249205
2015-04-18,92466.0,126848.0,30639.0,14028.780858207603,,,6476.691409421093
2015-04-19,92847.0,127565.0,30980.0,14047.377044437188,,,6496.143182621408
2015-04-20,93105.0,128357.0,31243.0,14090.768145639584,,,6560.056151708097
2015-04-21,93516.0,129288.0,31620.0,14137.25861121361,,,6711.863648173199
2015-04-22,94322.0,130280.0,32094.0,14103.165603126006,,,6670.386660915
2015-04-23,94900.0,131256.0,32410.0,14050.476408808783,,,6606.575911287004
2015-04-24,95402.0,132076.0,32686.0,14007.085307606389,,,6609.766448768401
2015-04-25,95754.0,132862.0,32881.0,14025.68149383601,,,6628.909673656802
2015-04-26,96012.0,133527.0,33062.0,14044.27768006559,,,6641.671823582408
2015-04-27,96173.0,134120.0,33221.0,14041.178315693993,,,6641.671823582408
2015-04-28,96253.0,134678.0,33360.0,14010.184671977986,,,6632.100211138199
2015-04-29,96237.0,135058.0,33480.0,13997.787214491598,,,6616.147523731196
2015-04-30,96173.0,135493.0,33582.0,13985.522508702608,,,6600.194836324192
2015-05-01,96044.0,135928.0,33684.0,13979.412281091016,,,6609.766448768401
2015-05-02,95867.0,136181.0,33765.0,13988.577622508406,,,6619.338061212593
2015-05-03,95660.0,136490.0,33838.0,13994.68785012,,,6625.719136175405
2015-05-04,95417.0,136672.0,33920.0,13997.787214491598,,,6625.719136175405
2015-05-05,95143.0,136836.0,33988.0,13991.632736314205,,,6622.528598694008
2015-05-06,94854.0,137018.0,34037.0,13985.522508702608,,,6616.147523731196
2015-05-07,94565.0,137181.0,34096.0,13985.522508702608,,,6609.766448768401
2015-05-08,94413.0,137401.0,34106.0,13994.68785012,,,6600.194836324192
2015-05-09,94261.0,137528.0,34199.0,14000.886578863196,,,6593.813761361397
2015-05-10,94063.0,137730.0,34238.0,14007.085307606389,,,6587.844399137102
2015-05-11,93881.0,137820.0,34281.0,14010.184671977986,,,6585.065574394206
2015-05-12,93653.0,137857.0,34316.0,14000.886578863196,,,6590.62322388
2015-05-13,93409.0,137839.0,34350.0,13994.68785012,,,6587.844399137102
2015-05-14,93196.0,137893.0,34301.0,14003.985943234791,,,6585.065574394206
2015-05-15,92923.0,137784.0,34316.0,14013.284036349583,,,6597.004298842795
2015-05-16,92694.0,137657.0,34374.0,14031.880222579202,,,6616.147523731196
2015-05-17,92573.0,137547.0,34438.0,14053.575773180415,,,6641.671823582408
2015-05-18,92299.0,137401.0,34453.0,14059.774501923612,,,6660.815048470809
2015-05-19,92147.0,137218.0,34478.0,14007.085307606389,,,6673.577198396398
2015-05-20,91903.0,136908.0,34492.0,13985.522508702608,,,6651.2434360266
2015-05-21,91690.0,136617.0,34513.0,13982.467394896814,,,6622.528598694008
2015-05-22,91477.0,136272.0,34296.0,13988.577622508406,,,6625.719136175405
2015-05-23,91248.0,135946.0,34243.0,14000.886578863196,,,6622.528598694008
2015-05-24,91005.0,135602.0,34243.0,14013.284036349583,,,6622.528598694008
2015-05-25,90762.0,135239.0,34238.0,14025.68149383601,,,6622.528598694008
2015-05-26,90503.0,134877.0,34233.0,14031.880222579202,,,6616.147523731196
2015-05-27,90458.0,134498.0,33969.0,14019.482765092816,,,6606.575911287004
2015-05-28,90458.0,134372.0,33906.0,14019.482765092816,,,6609.766448768401
2015-05-29,90442.0,134048.0,33717.0,13997.787214491598,,,6603.385373805607
2015-05-30,90229.0,133671.0,33475.0,13997.787214491598,,,6600.194836324192
2015-05-31,89986.0,133419.0,33499.0,14013.284036349583,,,6603.385373805607
2015-06-01,89925.0,133186.0,33630.0,14090.768145639584,,,6724.625798098805
2015-06-02,89925.0,133329.0,33843.0,13988.577622508406,,,6593.813761361397
2015-06-03,89940.0,133132.0,33504.0,13979.412281091016,,,6622.528598694008
2015-06-04,89910.0,132916.0,33596.0,13982.467394896814,,,6573.9502754226
2015-06-05,89849.0,132611.0,33273.0,13982.467394896814,,,6579.507924908395
2015-06-06,89788.0,132255.0,33297.0,13994.68785012,,,6587.844399137102
2015-06-07,89499.0,131933.0,33389.0,14003.985943234791,,,6585.065574394206
2015-06-08,89180.0,131541.0,33470.0,14016.383400721215,,,6593.813761361397
2015-06-09,89226.0,131844.0,33529.0,14031.880222579202,,,6715.054185654596
2015-06-10,89271.0,132255.0,33509.0,14007.085307606389,,,6573.9502754226
2015-06-11,89058.0,132434.0,33558.0,14000.886578863196,,,6579.507924908395
2015-06-12,88784.0,132344.0,33441.0,14010.184671977986,,,6616.147523731196
2015-06-13,88572.0,132379.0,33360.0,14010.184671977986,,,6651.2434360266
2015-06-14,88359.0,132416.0,33475.0,14007.085307606389,,,6679.958273359192
2015-06-15,88906.0,133258.0,33620.0,14038.078951322395,,,6715.054185654596
2015-06-16,90062.0,134678.0,33876.0,14059.774501923612,,,6679.958273359192
2015-06-17,90777.0,135258.0,33819.0,14019.482765092816,,,6616.147523731196
2015-06-18,91203.0,135711.0,33736.0,14010.184671977986,,,6625.719136175405
2015-06-19,91553.0,136091.0,33639.0,14010.184671977986,,,6673.577198396398
2015-06-20,91614.0,136399.0,33596.0,14003.985943234791,,,6635.290748619596
2015-06-21,91659.0,136836.0,33833.0,14041.178315693993,,,6718.244723135993
2015-06-22,92223.0,137875.0,34582.0,14056.675137552014,,,6699.101498247593
2015-06-23,92679.0,138737.0,34552.0,14010.184671977986,,,6638.481286100993
2015-06-24,92999.0,139124.0,34596.0,14003.985943234791,,,6619.338061212593
2015-06-25,93196.0,139400.0,34503.0,14000.886578863196,,,6597.004298842795
2015-06-26,93303.0,139436.0,34587.0,13994.68785012,,,6612.956986249798
2015-06-27,93379.0,139363.0,34725.0,14007.085307606389,,,6638.481286100993
2015-06-28,93516.0,139363.0,34966.0,14118.662424983992,,,6778.864935282592
2015-06-29,93850.0,139564.0,35160.0,14165.152890557987,,,6740.578485505809
2015-06-30,94155.0,139785.0,35095.0,14118.662424983992,,,6705.482573210405
2015-07-01,95706.0,140209.0,35140.0,14668.829188213796,,,6842.675684910606
2015-07-02,97605.0,140394.0,35135.0,14826.359117015403,,,6702.292035729008
2015-07-03,97943.0,140301.0,34971.0,14783.694761298302,,,6692.720423284799
2015-07-04,97492.0,140190.0,34823.0,14629.446706013394,,,6689.5298858034
2015-07-05,97106.0,140098.0,34710.0,14422.379995809002,,,6670.386660915
2015-07-06,96623.0,139859.0,34552.0,14199.245898645591,,,6635.290748619596
2015-07-07,96173.0,139564.0,34404.0,14081.470052524792,,,6638.481286100993
2015-07-08,95508.0,139271.0,34468.0,14038.078951322395,,,6632.100211138199
2015-07-09,94930.0,138903.0,34528.0,14016.383400721215,,,6635.290748619596
2015-07-10,94733.0,138811.0,34538.0,14168.252254929585,,,6651.2434360266
2015-07-11,94763.0,138553.0,34538.0,14242.636999847986,,,6635.290748619596
2015-07-12,94504.0,138058.0,34591.0,14251.935092962813,,,6609.766448768401
2015-07-13,94276.0,137565.0,34606.0,14217.842084875208,,,6590.62322388
2015-07-14,93790.0,137036.0,34523.0,14087.668781267988,,,6606.575911287004
2015-07-15,93166.0,136763.0,34562.0,14025.68149383601,,,6641.671823582408
2015-07-16,92040.0,136617.0,34582.0,13997.787214491598,,,6543.383203250696
2015-07-17,90838.0,136417.0,34473.0,13997.787214491598,,,6537.8255537649
2015-07-18,89591.0,136055.0,34365.0,14034.9795869508,,,6562.834976450994
2015-07-19,88389.0,135982.0,34365.0,14078.370688153194,,,6585.065574394206
2015-07-20,87334.0,135819.0,34365.0,14087.668781267988,,,6600.194836324192
2015-07-21,86178.0,135493.0,34155.0,14028.780858207603,,,6612.956986249798
2015-07-22,84993.0,135185.0,33993.0,13973.302053479383,,,6638.481286100993
2015-07-23,83721.0,134678.0,33824.0,13982.467394896814,,,6641.671823582408
2015-07-24,82463.0,134192.0,33644.0,14003.985943234791,,,6641.671823582408
2015-07-25,81105.0,133743.0,33437.0,14028.780858207603,,,6641.671823582408
2015-07-26,79908.0,133473.0,33379.0,14050.476408808783,,,6638.481286100993
2015-07-27,78747.0,133509.0,33465.0,14224.040813618403,,,6750.150097950001
2015-07-28,77545.0,133455.0,33437.0,14081.470052524792,,,6576.729100165498
2015-07-29,76260.0,133293.0,33331.0,13997.787214491598,,,6548.940852736507
2015-07-30,74975.0,133060.0,33120.0,13994.68785012,,,6585.065574394206
2015-07-31,73821.0,132934.0,33067.0,14000.886578863196,,,6632.100211138199
2015-08-01,72602.0,132629.0,32933.0,14010.184671977986,,,6648.052898545202
2015-08-02,71238.0,132434.0,32895.0,14010.184671977986,,,6654.4339735079975
2015-08-03,70576.0,132200.0,32857.0,14003.985943234791,,,6657.624510989394
2015-08-04,70099.0,131719.0,32742.0,14007.085307606389,,,6670.386660915
2015-08-05,69768.0,131238.0,32605.0,14007.085307606389,,,6676.767735877795
2015-08-06,69530.0,130688.0,32425.0,14013.284036349583,,,6670.386660915
2015-08-07,69278.0,130209.0,32250.0,14016.383400721215,,,6664.005585952206
2015-08-08,69013.0,129642.0,32056.0,14031.880222579202,,,6657.624510989394
2015-08-09,68722.0,129077.0,32014.0,14041.178315693993,,,6648.052898545202
2015-08-10,68470.0,128549.0,31962.0,14059.774501923612,,,6641.671823582408
2015-08-11,68430.0,128146.0,31850.0,14084.56941689639,,,6644.862361063805
2015-08-12,68338.0,127794.0,31855.0,14078.370688153194,,,6603.385373805607
2015-08-13,68192.0,127337.0,31855.0,14000.886578863196,,,6579.507924908395
2015-08-14,68007.0,126883.0,31826.0,13979.412281091016,,,6576.729100165498
2015-08-15,67768.0,126359.0,31648.0,13985.522508702608,,,6587.844399137102
2015-08-16,67543.0,125870.0,31606.0,13985.522508702608,,,6593.813761361397
2015-08-17,67397.0,125331.0,31565.0,13988.577622508406,,,6603.385373805607
2015-08-18,67190.0,124777.0,31373.0,14000.886578863196,,,6606.575911287004
2015-08-19,66961.0,124291.0,31183.0,14007.085307606389,,,6609.766448768401
2015-08-20,66732.0,123739.0,30993.0,14016.383400721215,,,6648.052898545202
2015-08-21,66656.0,123566.0,30919.0,14084.56941689639,,,6996.130977297603
2015-08-22,66643.0,123273.0,30841.0,14075.2713237816,,,6746.959560468603
2015-08-23,66528.0,122791.0,30818.0,14047.377044437188,,,6628.909673656802
2015-08-24,66337.0,122241.0,30772.0,14019.482765092816,,,6565.613801193907
2015-08-25,66159.0,121848.0,30607.0,14025.68149383601,,,6593.813761361397
2015-08-26,66134.0,121334.0,30415.0,14016.383400721215,,,6616.147523731196
2015-08-27,66006.0,120838.0,30364.0,14007.085307606389,,,6632.100211138199
2015-08-28,65828.0,120310.0,30305.0,14010.184671977986,,,6641.671823582408
2015-08-29,65650.0,119784.0,30105.0,14019.482765092816,,,6648.052898545202
2015-08-30,65421.0,119257.0,30059.0,14028.780858207603,,,6651.2434360266
2015-08-31,65179.0,118731.0,30004.0,14031.880222579202,,,6651.2434360266
2015-09-01,64912.0,118208.0,29787.0,14028.780858207603,,,6651.2434360266
2015-09-02,64644.0,117669.0,29625.0,14028.780858207603,,,6644.862361063805
2015-09-03,64377.0,117182.0,29441.0,14028.780858207603,,,6641.671823582408
2015-09-04,64096.0,116713.0,29261.0,14025.68149383601,,,6635.290748619596
2015-09-05,63713.0,116211.0,29074.0,14022.582129464412,,,6628.909673656802
2015-09-06,63332.0,115742.0,29035.0,14016.383400721215,,,6619.338061212593
2015-09-07,62899.0,115227.0,28977.0,14010.184671977986,,,6609.766448768401
2015-09-08,62416.0,114761.0,28804.0,14003.985943234791,,,6603.385373805607
2015-09-09,61893.0,114246.0,28592.0,14003.985943234791,,,6600.194836324192
2015-09-10,61677.0,113881.0,28434.0,14053.575773180415,,,6641.671823582408
2015-09-11,61575.0,113453.0,28271.0,14177.55034804441,,,6718.244723135993
2015-09-12,61396.0,112975.0,28236.0,14168.252254929585,,,6711.863648173199
2015-09-13,61256.0,112613.0,28346.0,14286.02810105042,,,6858.628372317593
2015-09-14,61091.0,112152.0,28455.0,14286.02810105042,,,6855.437834836196
2015-09-15,60964.0,111677.0,28411.0,14196.146534273994,,,6788.436547726802
2015-09-16,60793.0,111186.0,28241.0,14090.768145639584,,,6702.292035729008
2015-09-17,60622.0,110713.0,28032.0,14003.985943234791,,,6635.290748619596
2015-09-18,60256.0,110241.0,27849.0,13991.632736314205,,,6641.671823582408
2015-09-19,59633.0,109770.0,27662.0,14000.886578863196,,,6638.481286100993
2015-09-20,59083.0,109299.0,27619.0,14010.184671977986,,,6635.290748619596
2015-09-21,58473.0,108813.0,27580.0,14010.184671977986,,,6619.338061212593
2015-09-22,57814.0,108347.0,27528.0,14010.184671977986,,,6606.575911287004
2015-09-23,57166.0,107798.0,27339.0,14010.184671977986,,,6593.813761361397
2015-09-24,56483.0,107412.0,27150.0,14007.085307606389,,,6590.62322388
2015-09-25,55713.0,106916.0,26957.0,14007.085307606389,,,6590.62322388
2015-09-26,54932.0,106404.0,26769.0,14010.184671977986,,,6600.194836324192
2015-09-27,54171.0,105956.0,26723.0,14013.284036349583,,,6603.385373805607
2015-09-28,53447.0,105446.0,26676.0,14016.383400721215,,,6609.766448768401
2015-09-29,53074.0,105002.0,26613.0,14010.184671977986,,,6612.956986249798
2015-09-30,53167.0,104970.0,26574.0,14010.184671977986,,,6743.769022987206
2015-10-01,53681.0,105478.0,26868.0,13884.703753111196,,,6407.2207908485925
2015-10-02,53914.0,105589.0,26966.0,13848.042387441594,,,5993.752367160598
2015-10-03,54042.0,105462.0,27013.0,13872.483297888008,,,5876.568136115398
2015-10-04,54159.0,105257.0,27039.0,13899.979322140218,,,5812.649464636196
2015-10-05,54206.0,105002.0,27064.0,13918.310004975005,,,5751.815200967706
2015-10-06,53891.0,104717.0,27073.0,13942.750915421411,,,5820.639298571104
2015-10-07,53436.0,104320.0,27077.0,13967.19182586779,,,5889.884526006902
2015-10-08,52957.0,103893.0,27056.0,13988.577622508406,,,5945.813363551197
2015-10-09,52432.0,103452.0,26923.0,14013.284036349583,,,5993.752367160598
2015-10-10,52129.0,103152.0,26791.0,14038.078951322395,,,6047.112358346395
2015-10-11,51896.0,102775.0,26786.0,14053.575773180415,,,6085.059271381207
2015-10-12,51627.0,102383.0,26774.0,14065.973230666808,,,6117.585196839593
2015-10-13,51289.0,101976.0,26587.0,14072.17195941,,,6147.400628509797
2015-10-14,50974.0,101507.0,26401.0,14059.774501923612,,,6171.795072603605
2015-10-15,50589.0,101133.0,26202.0,14041.178315693993,,,6177.216060180001
2015-10-16,50087.0,100823.0,26160.0,14025.68149383601,,,6139.269147145204
2015-10-17,49562.0,100544.0,26152.0,14022.582129464412,,,6093.190752745799
2015-10-18,48981.0,100544.0,26135.0,14019.482765092816,,,6047.112358346395
2015-10-19,48414.0,100528.0,26118.0,14016.383400721215,,,5996.415645138896
2015-10-20,47803.0,100450.0,26102.0,14013.284036349583,,,5935.160251638006
2015-10-21,47336.0,100109.0,26089.0,14013.284036349583,,,5876.568136115398
2015-10-22,46869.0,99784.0,26072.0,14013.284036349583,,,5817.976020592806
2015-10-23,46390.0,99413.0,26072.0,14013.284036349583,,,5746.582229418295
2015-10-24,45912.0,99106.0,26064.0,14010.184671977986,,,5670.704141952007
2015-10-25,45501.0,98813.0,26085.0,14010.184671977986,,,5600.059026035096
2015-10-26,45078.0,98537.0,26106.0,14010.184671977986,,,5524.180938568805
2015-10-27,44956.0,98214.0,26110.0,14010.184671977986,,,5446.894490495402
2015-10-28,44956.0,97786.0,26118.0,14038.078951322395,,,5382.644004942903
2015-10-29,45512.0,98214.0,26697.0,14177.55034804441,,,5537.263367442294
2015-10-30,47080.0,98983.0,27318.0,14050.476408808783,,,5382.644004942903
2015-10-31,47914.0,99182.0,27524.0,14075.2713237816,,,5300.403383435704
2015-11-01,48570.0,99213.0,27666.0,14087.668781267988,,,5244.093658657497
2015-11-02,49037.0,99167.0,27809.0,14084.56941689639,,,5221.378748373004
2015-11-03,49469.0,99044.0,27849.0,14038.078951322395,,,5223.902627293501
2015-11-04,49819.0,98890.0,27879.0,13988.577622508406,,,5236.522021896004
2015-11-05,50111.0,98629.0,27949.0,13985.522508702608,,,5266.993130948405
2015-11-06,50367.0,98399.0,28014.0,13991.632736314205,,,5290.123305747299
2015-11-07,50589.0,98184.0,28036.0,14003.985943234791,,,5292.693325169397
2015-11-08,50776.0,97908.0,28080.0,14010.184671977986,,,5287.553286325202
2015-11-09,50951.0,97664.0,28114.0,14013.284036349583,,,5277.273208636796
2015-11-10,51103.0,97282.0,28171.0,14019.482765092816,,,5269.563150370503
2015-11-11,51884.0,97206.0,28359.0,14034.9795869508,,,5282.413247481006
2015-11-12,53541.0,97359.0,28866.0,14031.880222579202,,,5282.413247481006
2015-11-13,54556.0,97359.0,29208.0,14013.284036349583,,,5274.703189214698
2015-11-14,55445.0,97359.0,29482.0,14010.184671977986,,,5274.703189214698
2015-11-15,56177.0,97343.0,29638.0,14003.985943234791,,,5272.133169792601
2015-11-16,56788.0,97282.0,29792.0,14000.886578863196,,,5272.133169792601
2015-11-17,57313.0,97146.0,29946.0,13994.68785012,,,5269.563150370503
2015-11-18,57777.0,96962.0,30064.0,13985.522508702608,,,5261.853092104196
2015-11-19,58168.0,96810.0,30164.0,13997.787214491598,,,5264.423111526293
2015-11-20,58803.0,97084.0,31174.0,14044.27768006559,,,5290.123305747299
2015-11-21,59462.0,97359.0,31771.0,14038.078951322395,,,5305.5434222799
2015-11-22,59999.0,97389.0,32085.0,14016.383400721215,,,5318.393519390403
2015-11-23,60439.0,97786.0,32302.0,14000.886578863196,,,5320.9635388125
2015-11-24,60854.0,97923.0,32468.0,13991.632736314205,,,5302.973402857802
2015-11-25,61218.0,97816.0,32577.0,14000.886578863196,,,5287.553286325202
2015-11-26,61562.0,97832.0,32681.0,13994.68785012,,,5279.843228058894
2015-11-27,61855.0,97786.0,32781.0,13991.632736314205,,,5274.703189214698
2015-11-28,62123.0,97740.0,32890.0,14000.886578863196,,,5277.273208636796
2015-11-29,62377.0,97664.0,32981.0,14010.184671977986,,,5279.843228058894
2015-11-30,62606.0,97556.0,33077.0,14019.482765092816,,,5279.843228058894
2015-12-01,62848.0,97450.0,33177.0,14010.184671977986,,,5292.693325169397
2015-12-02,63103.0,97328.0,33297.0,14007.085307606389,,,5315.8234999683045
2015-12-03,63447.0,97587.0,33269.0,14016.383400721215,,,5284.983266903103
2015-12-04,63765.0,97816.0,33240.0,13994.68785012,,,5266.993130948405
2015-12-05,64033.0,98076.0,33153.0,14013.284036349583,,,5290.123305747299
2015-12-06,64287.0,98291.0,33067.0,14025.68149383601,,,5310.683461124095
2015-12-07,64542.0,98475.0,32972.0,14038.078951322395,,,5315.8234999683045
2015-12-08,64759.0,98690.0,32885.0,14016.383400721215,,,5284.983266903103
2015-12-09,64988.0,98598.0,32767.0,13994.68785012,,,5277.273208636796
2015-12-10,65192.0,98813.0,32628.0,13982.467394896814,,,5269.563150370503
2015-12-11,65408.0,98998.0,32505.0,13982.467394896814,,,5272.133169792601
2015-12-12,65586.0,99151.0,32377.0,13988.577622508406,,,5282.413247481006
2015-12-13,65764.0,99290.0,32245.0,13994.68785012,,,5290.123305747299
2015-12-14,65955.0,99413.0,32108.0,14000.886578863196,,,5292.693325169397
2015-12-15,66019.0,99753.0,32056.0,14022.582129464412,,,5297.833364013607
2015-12-16,66286.0,100078.0,32014.0,14019.482765092816,,,5290.123305747299
2015-12-17,66630.0,100280.0,31914.0,13979.412281091016,,,5282.413247481006
2015-12-18,66707.0,100652.0,32005.0,14013.284036349583,,,5295.263344591494
2015-12-19,66783.0,100993.0,32009.0,14019.482765092816,,,5290.123305747299
2015-12-20,66821.0,101320.0,32122.0,14010.184671977986,,,5277.273208636796
2015-12-21,66847.0,101680.0,32245.0,14003.985943234791,,,5266.993130948405
2015-12-22,66885.0,102023.0,32368.0,14010.184671977986,,,5261.853092104196
2015-12-23,67437.0,102570.0,32519.0,14034.9795869508,,,5284.983266903103
2015-12-24,68020.0,103105.0,32786.0,14239.53763547639,,,5555.578767865207
2015-12-25,68603.0,103767.0,33048.0,14403.284475506984,,,5477.734723560604
2015-12-26,69066.0,104431.0,33101.0,14498.762077017003,,,5326.103577656695
2015-12-27,69675.0,105002.0,33057.0,14568.778984791012,,,5313.253480546207
2015-12-28,70497.0,105621.0,33005.0,14562.413811356982,,,5320.9635388125
2015-12-29,71291.0,106212.0,32948.0,14342.815327884002,,,5369.7939078324
2015-12-30,72033.0,106580.0,32862.0,14152.7554330716,,,5408.344199163895
2015-12-31,72960.0,107204.0,32819.0,14041.178315693993,,,5313.253480546207
2016-01-01,73914.0,107863.0,32834.0,14072.17195941,,,5277.273208636796
2016-01-02,74740.0,108427.0,32786.0,14118.662424983992,,,5287.553286325202
2016-01-03,75500.0,108959.0,32723.0,14149.656068699998,,,5292.693325169397
2016-01-04,76163.0,109461.0,32619.0,14155.854797443197,,,5279.843228058894
2016-01-05,76661.0,109754.0,32444.0,14081.470052524792,,,5256.71305326
2016-01-06,76992.0,109981.0,32203.0,14013.284036349583,,,5279.843228058894
2016-01-07,77034.0,110192.0,32085.0,14013.284036349583,,,5300.403383435704
2016-01-08,77075.0,110485.0,31939.0,14016.383400721215,,,5305.5434222799
2016-01-09,77117.0,110794.0,31914.0,14016.383400721215,,,5292.693325169397
2016-01-10,77255.0,111154.0,32014.0,14131.059882470418,,,5390.354063209195
2016-01-11,78429.0,111824.0,32552.0,14365.093434903018,,,5326.103577656695
2016-01-12,79231.0,112266.0,32767.0,14261.233186077605,,,5201.187717008993
2016-01-13,79631.0,112415.0,32714.0,14090.768145639584,,,5198.663838088495
2016-01-14,79894.0,112712.0,32486.0,14010.184671977986,,,5228.950385134497
2016-01-15,80226.0,113189.0,32363.0,13991.632736314205,,,5251.665295419005
2016-01-16,80543.0,113584.0,32288.0,14016.383400721215,,,5320.9635388125
2016-01-17,80932.0,114113.0,32231.0,14034.9795869508,,,5382.644004942903
2016-01-18,81221.0,114379.0,32118.0,14025.68149383601,,,5408.344199163895
2016-01-19,81365.0,114495.0,31986.0,14003.985943234791,,,5403.204160319698
2016-01-20,81568.0,114628.0,31944.0,14010.184671977986,,,5387.784043787098
2016-01-21,81755.0,114828.0,31881.0,14013.284036349583,,,5354.373791299799
2016-01-22,81828.0,114895.0,31686.0,14003.985943234791,,,5315.8234999683045
2016-01-23,81698.0,114828.0,31560.0,14016.383400721215,,,5310.683461124095
2016-01-24,81597.0,114678.0,31569.0,14019.482765092816,,,5292.693325169397
2016-01-25,81467.0,114545.0,31578.0,14013.284036349583,,,5295.263344591494
2016-01-26,81322.0,114462.0,31591.0,13982.467394896814,,,5261.853092104196
2016-01-27,81192.0,114379.0,31600.0,13970.246939673589,,,5223.902627293501
2016-01-28,81091.0,114329.0,31606.0,13976.357167285216,,,5228.950385134497
2016-01-29,80946.0,114246.0,31582.0,13982.467394896814,,,5244.093658657497
2016-01-30,80778.0,114130.0,31578.0,14000.886578863196,,,5259.283072682098
2016-01-31,80557.0,114031.0,31569.0,14013.284036349583,,,5266.993130948405
2016-02-01,80378.0,113832.0,31560.0,14025.68149383601,,,5277.273208636796
2016-02-02,80226.0,113733.0,31555.0,14013.284036349583,,,5269.563150370503
2016-02-03,80074.0,113338.0,31541.0,14013.284036349583,,,5326.103577656695
2016-02-04,80212.0,113535.0,31813.0,14075.2713237816,,,5678.553599276098
2016-02-05,80350.0,113650.0,31962.0,14084.56941689639,,,5788.679962831503
2016-02-06,80378.0,113848.0,32014.0,14109.364331869205,,,5704.718457023105
2016-02-07,80378.0,114097.0,32066.0,14118.662424983992,,,5511.144976047903
2016-02-08,80364.0,114379.0,32099.0,14090.768145639584,,,5297.833364013607
2016-02-09,80364.0,114429.0,32118.0,14003.985943234791,,,5233.998142975506
2016-02-10,80308.0,114412.0,32131.0,13997.787214491598,,,5233.998142975506
2016-02-11,80253.0,114512.0,32146.0,13991.632736314205,,,5246.617537577995
2016-02-12,80087.0,114545.0,32066.0,13997.787214491598,,,5274.703189214698
2016-02-13,79866.0,114595.0,31953.0,14019.482765092816,,,5292.693325169397
2016-02-14,79645.0,114446.0,31667.0,14025.68149383601,,,5277.273208636796
2016-02-15,79341.0,114279.0,31429.0,14031.880222579202,,,5264.423111526293
2016-02-16,79465.0,114462.0,31429.0,14112.4636962408,,,5315.8234999683045
2016-02-17,81365.0,116160.0,32155.0,14168.252254929585,,,5500.864898359497
2016-02-18,82550.0,116964.0,32368.0,14041.178315693993,,,5338.953674767198
2016-02-19,83302.0,117602.0,32245.0,13982.467394896814,,,5239.045900816502
2016-02-20,83764.0,118175.0,32122.0,13997.787214491598,,,5272.133169792601
2016-02-21,84082.0,118681.0,32222.0,14010.184671977986,,,5315.8234999683045
2016-02-22,84342.0,119172.0,32288.0,14007.085307606389,,,5333.813635923003
2016-02-23,84776.0,119580.0,32349.0,14003.985943234791,,,5302.973402857802
2016-02-24,85167.0,119987.0,32405.0,14050.476408808783,,,5369.7939078324
2016-02-25,86828.0,122464.0,33620.0,14527.405357470016,,,6612.956986249798
2016-02-26,90458.0,125245.0,34587.0,14622.88295898,,,7443.852662594995
2016-02-27,91736.0,126777.0,34720.0,14591.057091809997,,,7093.391733234896
2016-02-28,92405.0,127776.0,34725.0,14498.762077017003,,,6593.813761361397
2016-02-29,92816.0,128479.0,34675.0,14355.54567475199,,,6109.453715475
2016-03-01,92999.0,128937.0,34591.0,14189.947805530795,,,5605.291997584506
2016-03-02,93014.0,129253.0,34483.0,14069.072595038404,,,5155.757896440005
2016-03-03,92892.0,129430.0,34350.0,13964.136712061993,,,5150.710138598996
2016-03-04,92634.0,129412.0,34214.0,13970.246939673589,,,5261.853092104196
2016-03-05,92299.0,129306.0,34052.0,14013.284036349583,,,5344.0937136113935
2016-03-06,91888.0,129148.0,33925.0,14050.476408808783,,,5408.344199163895
2016-03-07,91431.0,129042.0,33775.0,14065.973230666808,,,5441.754451651207
2016-03-08,91036.0,128972.0,33625.0,14041.178315693993,,,5426.334335118608
2016-03-09,90731.0,128813.0,33490.0,14010.184671977986,,,5392.9240826312935
2016-03-10,90610.0,128690.0,33341.0,14003.985943234791,,,5351.8037718777005
2016-03-11,90731.0,128725.0,33235.0,14007.085307606389,,,5320.9635388125
2016-03-12,91005.0,128813.0,33129.0,14022.582129464412,,,5320.9635388125
2016-03-13,91142.0,128849.0,33005.0,14038.078951322395,,,5323.533558234598
2016-03-14,91279.0,128919.0,32862.0,14047.377044437188,,,5351.8037718777005
2016-03-15,91370.0,128937.0,32805.0,14019.482765092816,,,5372.363927254497
2016-03-16,91462.0,128849.0,32647.0,14007.085307606389,,,5377.503966098708
2016-03-17,91416.0,128884.0,32486.0,14016.383400721215,,,5400.6341408976
2016-03-18,91188.0,128866.0,32349.0,14022.582129464412,,,5423.764315696494
2016-03-19,90990.0,128813.0,32377.0,14019.482765092816,,,5431.474373962802
2016-03-20,90868.0,128901.0,32386.0,14016.383400721215,,,5439.184432229095
2016-03-21,90564.0,128866.0,32396.0,14003.985943234791,,,5446.894490495402
2016-03-22,90245.0,128849.0,32405.0,14003.985943234791,,,5454.604548761695
2016-03-23,89895.0,128673.0,32410.0,14003.985943234791,,,5490.584820671106
2016-03-24,89560.0,128497.0,32396.0,14003.985943234791,,,5521.564452794094
2016-03-25,89195.0,128514.0,32396.0,14003.985943234791,,,5555.578767865207
2016-03-26,88845.0,128549.0,32396.0,14007.085307606389,,,5581.743625612198
2016-03-27,88450.0,128532.0,32386.0,14010.184671977986,,,5602.6755118097935
2016-03-28,88042.0,128567.0,32386.0,14019.482765092816,,,5644.5392842050005
2016-03-29,87826.0,128585.0,32481.0,14016.383400721215,,,5689.019542374904
2016-03-30,87666.0,128549.0,32515.0,13997.787214491598,,,5715.184400121895
2016-03-31,87536.0,128532.0,32567.0,13994.68785012,,,5751.815200967706
2016-04-01,87435.0,128532.0,32615.0,13994.68785012,,,5794.006518788097
2016-04-02,87392.0,128585.0,32667.0,14010.184671977986,,,5839.2822444192025
2016-04-03,87421.0,128690.0,32747.0,14025.68149383601,,,5876.568136115398
2016-04-04,87739.0,128884.0,32786.0,14034.9795869508,,,5908.527471855
2016-04-05,87782.0,129007.0,32843.0,14022.582129464412,,,5951.139919507807
2016-04-06,87724.0,128866.0,32838.0,14000.886578863196,,,5977.772699290797
2016-04-07,87695.0,128901.0,32876.0,14003.985943234791,,,6079.638283804797
2016-04-08,89438.0,130138.0,33201.0,14044.27768006559,,,6357.201945476408
2016-04-09,91325.0,131167.0,33307.0,14044.27768006559,,,6512.816131078808
2016-04-10,92542.0,132076.0,33446.0,14038.078951322395,,,6632.100211138199
2016-04-11,93425.0,132826.0,33563.0,14028.780858207603,,,6648.052898545202
2016-04-12,93987.0,133599.0,33746.0,14016.383400721215,,,6635.290748619596
2016-04-13,94428.0,134372.0,33959.0,14000.886578863196,,,6625.719136175405
2016-04-14,94626.0,135004.0,34121.0,13997.787214491598,,,6609.766448768401
2016-04-15,94733.0,135493.0,33843.0,13997.787214491598,,,6612.956986249798
2016-04-16,94733.0,135946.0,33543.0,14007.085307606389,,,6632.100211138199
2016-04-17,94672.0,136381.0,33620.0,14013.284036349583,,,6644.862361063805
2016-04-18,94504.0,136799.0,33717.0,14019.482765092816,,,6648.052898545202
2016-04-19,94291.0,137218.0,33804.0,14025.68149383601,,,6628.909673656802
2016-04-20,94368.0,137310.0,33872.0,14031.880222579202,,,6609.766448768401
2016-04-21,94535.0,137181.0,33925.0,14025.68149383601,,,6609.766448768401
2016-04-22,94459.0,137346.0,33993.0,14019.482765092816,,,6616.147523731196
2016-04-23,94291.0,137638.0,34028.0,14013.284036349583,,,6622.528598694008
2016-04-24,94094.0,137893.0,34067.0,14000.886578863196,,,6616.147523731196
2016-04-25,93820.0,138113.0,34111.0,13991.632736314205,,,6609.766448768401
2016-04-26,93577.0,138296.0,34160.0,14003.985943234791,,,6606.575911287004
2016-04-27,93470.0,138480.0,34228.0,13997.787214491598,,,6600.194836324192
2016-04-28,93303.0,138811.0,34291.0,13988.577622508406,,,6593.813761361397
2016-04-29,93059.0,138664.0,34340.0,13985.522508702608,,,6597.004298842795
2016-04-30,92816.0,138425.0,34443.0,13994.68785012,,,6590.62322388
2016-05-01,92542.0,138572.0,34518.0,14010.184671977986,,,6590.62322388
2016-05-02,92436.0,138885.0,34596.0,14022.582129464412,,,6597.004298842795
2016-05-03,92770.0,139142.0,34665.0,14013.284036349583,,,6619.338061212593
2016-05-04,93166.0,139289.0,34587.0,13997.787214491598,,,6597.004298842795
2016-05-05,93546.0,139308.0,34572.0,13991.632736314205,,,6582.286749651308
2016-05-06,93911.0,139345.0,34533.0,14007.085307606389,,,6616.147523731196
2016-05-07,94398.0,139693.0,34725.0,14031.880222579202,,,6810.770310096599
2016-05-08,94854.0,139969.0,34922.0,14056.675137552014,,,6896.914822094394
2016-05-09,95219.0,140043.0,35011.0,14056.675137552014,,,6820.341922540809
2016-05-10,95554.0,140079.0,35026.0,14007.085307606389,,,6718.244723135993
2016-05-11,95867.0,140061.0,35041.0,13997.787214491598,,,6619.338061212593
2016-05-12,96108.0,140024.0,35055.0,13991.632736314205,,,6590.62322388
2016-05-13,96269.0,139895.0,35065.0,14000.886578863196,,,6593.813761361397
2016-05-14,96623.0,140061.0,35070.0,14019.482765092816,,,6606.575911287004
2016-05-15,96816.0,140024.0,35050.0,14022.582129464412,,,6603.385373805607
2016-05-16,96848.0,139914.0,34892.0,14016.383400721215,,,6593.813761361397
2016-05-17,96848.0,139785.0,34730.0,14000.886578863196,,,6625.719136175405
2016-05-18,96832.0,139601.0,34587.0,13994.68785012,,,6638.481286100993
2016-05-19,96591.0,139472.0,34448.0,13991.632736314205,,,6628.909673656802
2016-05-20,96334.0,139326.0,34428.0,13997.787214491598,,,6612.956986249798
2016-05-21,96108.0,139234.0,34433.0,14003.985943234791,,,6619.338061212593
2016-05-22,95915.0,139087.0,34478.0,14013.284036349583,,,6660.815048470809
2016-05-23,95738.0,138976.0,34523.0,14016.383400721215,,,6667.196123433603
2016-05-24,95554.0,139013.0,34562.0,14010.184671977986,,,6638.481286100993
2016-05-25,95326.0,139197.0,34591.0,14000.886578863196,,,6606.575911287004
2016-05-26,95113.0,139142.0,34487.0,14000.886578863196,,,6600.194836324192
2016-05-27,94854.0,139068.0,34370.0,14003.985943234791,,,6609.766448768401
2016-05-28,94520.0,138976.0,34296.0,14010.184671977986,,,6616.147523731196
2016-05-29,94200.0,138811.0,34291.0,14016.383400721215,,,6622.528598694008
2016-05-30,93820.0,138572.0,34296.0,14193.047169902396,,,6708.673110691801
2016-05-31,93440.0,138425.0,34296.0,14295.326194165207,,,6724.625798098805
2016-06-01,93014.0,137930.0,34072.0,14041.178315693993,,,6644.862361063805
2016-06-02,92558.0,137693.0,34037.0,13970.246939673589,,,6606.575911287004
2016-06-03,92070.0,137437.0,34003.0,13991.632736314205,,,6616.147523731196
2016-06-04,91827.0,137310.0,33993.0,14007.085307606389,,,6628.909673656802
2016-06-05,91690.0,137419.0,33983.0,14028.780858207603,,,6641.671823582408
2016-06-06,92055.0,137875.0,34160.0,14059.774501923612,,,6664.005585952206
2016-06-07,92192.0,137730.0,34204.0,14000.886578863196,,,6625.719136175405
2016-06-08,92223.0,137730.0,34204.0,14007.085307606389,,,6606.575911287004
2016-06-09,92162.0,137492.0,34194.0,14025.68149383601,,,6609.766448768401
2016-06-10,92040.0,137127.0,34126.0,14019.482765092816,,,6616.147523731196
2016-06-11,91659.0,136799.0,34086.0,14031.880222579202,,,6632.100211138199
2016-06-12,91203.0,136508.0,34067.0,14050.476408808783,,,6648.052898545202
2016-06-13,90762.0,136109.0,34032.0,14050.476408808783,,,6651.2434360266
2016-06-14,90321.0,135765.0,33998.0,14025.68149383601,,,6657.624510989394
2016-06-15,89849.0,135294.0,33969.0,14031.880222579202,,,6664.005585952206
2016-06-16,89378.0,134877.0,33929.0,14038.078951322395,,,6686.339348322003
2016-06-17,88861.0,134588.0,33896.0,14025.68149383601,,,6689.5298858034
2016-06-18,88343.0,134318.0,33848.0,14028.780858207603,,,6676.767735877795
2016-06-19,87898.0,134012.0,33809.0,14031.880222579202,,,6664.005585952206
2016-06-20,87435.0,133707.0,33761.0,14025.68149383601,,,6648.052898545202
2016-06-21,86987.0,133401.0,33539.0,14007.085307606389,,,6635.290748619596
2016-06-22,86525.0,133114.0,33379.0,13991.632736314205,,,6628.909673656802
2016-06-23,86063.0,132773.0,33211.0,13988.577622508406,,,6622.528598694008
2016-06-24,85557.0,132469.0,33168.0,13994.68785012,,,6619.338061212593
2016-06-25,85268.0,132022.0,33105.0,13997.787214491598,,,6628.909673656802
2016-06-26,84979.0,131523.0,33048.0,13997.787214491598,,,6638.481286100993
2016-06-27,84689.0,131043.0,32995.0,14007.085307606389,,,6638.481286100993
2016-06-28,84241.0,130759.0,32857.0,14028.780858207603,,,6632.100211138199
2016-06-29,84328.0,130351.0,32738.0,14025.68149383601,,,6616.147523731196
2016-06-30,84212.0,129890.0,32567.0,13994.68785012,,,6597.004298842795
2016-07-01,84126.0,129412.0,32401.0,14000.886578863196,,,6600.194836324192
2016-07-02,83851.0,128954.0,32264.0,14016.383400721215,,,6609.766448768401
2016-07-03,83648.0,128514.0,32194.0,14019.482765092816,,,6609.766448768401
2016-07-04,83403.0,128022.0,32140.0,14019.482765092816,,,6609.766448768401
2016-07-05,83172.0,127565.0,32090.0,14041.178315693993,,,6635.290748619596
2016-07-06,82593.0,127093.0,31929.0,14025.68149383601,,,6606.575911287004
2016-07-07,82333.0,126621.0,31713.0,14003.985943234791,,,6609.766448768401
2016-07-08,82131.0,126307.0,31475.0,13997.787214491598,,,6612.956986249798
2016-07-09,81885.0,126236.0,31313.0,14000.886578863196,,,6622.528598694008
2016-07-10,81871.0,126603.0,31484.0,14010.184671977986,,,6628.909673656802
2016-07-11,81712.0,126673.0,31541.0,14010.184671977986,,,6622.528598694008
2016-07-12,81510.0,126638.0,31438.0,14007.085307606389,,,6612.956986249798
2016-07-13,81250.0,126167.0,31271.0,14003.985943234791,,,6603.385373805607
2016-07-14,81018.0,125747.0,31026.0,14019.482765092816,,,6600.194836324192
2016-07-15,80792.0,125366.0,30795.0,14038.078951322395,,,6593.813761361397
2016-07-16,80530.0,124932.0,30373.0,14038.078951322395,,,6593.813761361397
2016-07-17,80308.0,124551.0,30128.0,14034.9795869508,,,6590.62322388
2016-07-18,79825.0,124135.0,30100.0,14031.880222579202,,,6587.844399137102
2016-07-19,79548.0,123773.0,29910.0,14028.780858207603,,,6600.194836324192
2016-07-20,78857.0,123756.0,29860.0,14016.383400721215,,,6603.385373805607
2016-07-21,78125.0,123722.0,29819.0,14007.085307606389,,,6612.956986249798
2016-07-22,77379.0,123687.0,29760.0,13997.787214491598,,,6622.528598694008
2016-07-23,76633.0,123635.0,29724.0,13997.787214491598,,,6628.909673656802
2016-07-24,75777.0,123583.0,29665.0,13994.68785012,,,6635.290748619596
2016-07-25,74851.0,123514.0,29611.0,14003.985943234791,,,6638.481286100993
2016-07-26,74243.0,123549.0,29589.0,14022.582129464412,,,6641.671823582408
2016-07-27,73874.0,123170.0,29414.0,14013.284036349583,,,6622.528598694008
2016-07-28,73622.0,122670.0,29195.0,14013.284036349583,,,6622.528598694008
2016-07-29,73424.0,122327.0,28977.0,14019.482765092816,,,6705.482573210405
2016-07-30,73159.0,121899.0,28756.0,14031.880222579202,,,6708.673110691801
2016-07-31,73079.0,121660.0,28738.0,14087.668781267988,,,6724.625798098805
2016-08-01,72960.0,121351.0,28716.0,14112.4636962408,,,6699.101498247593
2016-08-02,72894.0,121231.0,28734.0,14059.774501923612,,,6699.101498247593
2016-08-03,72907.0,121060.0,28712.0,14022.582129464412,,,6622.528598694008
2016-08-04,72801.0,120735.0,28646.0,13997.787214491598,,,6587.844399137102
2016-08-05,72642.0,120327.0,28592.0,13997.787214491598,,,6590.62322388
2016-08-06,72430.0,119902.0,28425.0,14003.985943234791,,,6606.575911287004
2016-08-07,72245.0,119580.0,28368.0,14007.085307606389,,,6622.528598694008
2016-08-08,72020.0,119155.0,28311.0,14007.085307606389,,,6625.719136175405
2016-08-09,71781.0,118681.0,28250.0,14007.085307606389,,,6628.909673656802
2016-08-10,71543.0,118192.0,28184.0,14007.085307606389,,,6632.100211138199
2016-08-11,71265.0,117989.0,28154.0,14028.780858207603,,,6635.290748619596
2016-08-12,70828.0,117669.0,27983.0,14196.146534273994,,,6648.052898545202
2016-08-13,71132.0,117736.0,27835.0,14115.563060612396,,,6641.671823582408
2016-08-14,71291.0,118039.0,27896.0,14010.184671977986,,,6635.290748619596
2016-08-15,71371.0,117888.0,27970.0,13985.522508702608,,,6619.338061212593
2016-08-16,71278.0,117635.0,27875.0,,,,6606.575911287004
2016-08-17,71159.0,117366.0,27757.0,,,,6609.766448768401
2016-08-18,71040.0,117048.0,27740.0,14019.482765092816,,,6616.147523731196
2016-08-19,70589.0,116713.0,27653.0,14019.482765092816,,,6606.575911287004
2016-08-20,70099.0,116294.0,27528.0,14016.383400721215,,,6603.385373805607
2016-08-21,69847.0,115893.0,27494.0,14025.68149383601,,,6648.052898545202
2016-08-22,69834.0,115625.0,27472.0,14041.178315693993,,,6775.674397801196
2016-08-23,69450.0,115243.0,27434.0,14003.985943234791,,,6695.910960766196
2016-08-24,68974.0,114812.0,27391.0,13988.577622508406,,,6660.815048470809
2016-08-25,68550.0,114313.0,27331.0,13988.577622508406,,,6628.909673656802
2016-08-26,68099.0,113865.0,27288.0,13994.68785012,,,6625.719136175405
2016-08-27,67689.0,113453.0,27227.0,13997.787214491598,,,6628.909673656802
2016-08-28,67450.0,112975.0,27180.0,13997.787214491598,,,6632.100211138199
2016-08-29,67216.0,112563.0,27124.0,13997.787214491598,,,6632.100211138199
2016-08-30,66681.0,112481.0,27073.0,13994.68785012,,,6632.100211138199
2016-08-31,66095.0,112398.0,27009.0,13994.68785012,,,6628.909673656802
2016-09-01,65535.0,112365.0,26949.0,14003.985943234791,,,6635.290748619596
2016-09-02,64835.0,112316.0,26906.0,14003.985943234791,,,6632.100211138199
2016-09-03,64082.0,111889.0,26864.0,14003.985943234791,,,6628.909673656802
2016-09-04,63408.0,111415.0,26804.0,13997.787214491598,,,6622.528598694008
2016-09-05,62683.0,110941.0,26766.0,13985.522508702608,,,6616.147523731196
2016-09-06,61817.0,110436.0,26710.0,13915.254891169205,,,6606.575911287004
2016-09-07,61053.0,109932.0,26668.0,13832.766818412609,,,6600.194836324192
2016-09-08,60317.0,109883.0,26617.0,13786.940111325615,,,6597.004298842795
2016-09-09,59816.0,109819.0,26511.0,13753.33385946181,,,6579.507924908395
2016-09-10,59145.0,109689.0,26397.0,13731.948062821197,,,6512.816131078808
2016-09-11,58510.0,109624.0,26359.0,13622.848586107191,,,6435.0090382776
2016-09-12,57728.0,109559.0,26312.0,13496.222626826406,,,6343.307821761903
2016-09-13,56825.0,109154.0,26261.0,13366.863690038384,,,6253.109886249593
2016-09-14,55872.0,108669.0,26215.0,13265.726317339211,,,6177.216060180001
2016-09-15,54813.0,108250.0,26156.0,13158.639687422405,,,6101.322234110407
2016-09-16,53646.0,107734.0,26106.0,13022.735349012297,,,6017.721868965306
2016-09-17,52525.0,107220.0,26022.0,12902.430866546403,,,5948.476641529494
2016-09-18,51931.0,106788.0,25959.0,12884.825332526989,,,5913.854027811595
2016-09-19,51954.0,106452.0,25929.0,12952.313212934692,,,6095.901246533997
2016-09-20,52257.0,106084.0,25908.0,12978.7215139638,,,6231.425935943997
2016-09-21,51558.0,105637.0,25862.0,12922.970656235684,,,6266.662355190595
2016-09-22,50717.0,105129.0,25813.0,12849.614264488186,,,6291.056799284404
2016-09-23,49889.0,104653.0,25750.0,12793.903910039404,,,6304.609268225407
2016-09-24,49247.0,104177.0,25703.0,12788.116405258208,,,6312.74074959
2016-09-25,48670.0,103688.0,25642.0,12782.328900477012,,,6277.504330343402
2016-09-26,48103.0,103183.0,25591.0,12764.966386133396,,,6231.425935943997
2016-09-27,47558.0,102822.0,25533.0,12689.7288239778,,,6185.347541544592
2016-09-28,46969.0,102367.0,25487.0,12602.916252259814,,,6136.558653357007
2016-09-29,46435.0,101914.0,25433.0,12559.509966400788,,,6125.7166782042
2016-09-30,46024.0,101523.0,25387.0,12602.916252259814,,,6312.74074959
2016-10-01,45534.0,101117.0,25329.0,12652.1100429,724.7024647002006,1029.3563357885969,6515.594955821705
2016-10-02,45012.0,100761.0,25304.0,12675.260062024814,739.7985549984029,1030.1940661244962,6606.575911287004
2016-10-03,44344.0,100450.0,25275.0,12695.516328758997,715.6034339613009,1032.7072571321935,6622.528598694008
2016-10-04,43699.0,100109.0,25246.0,12707.091338321416,681.486247729501,1036.0581784757908,6612.956986249798
2016-10-05,43309.0,99769.0,25197.0,12712.878843102611,658.2547006844993,1038.5713694835076,6600.194836324192
2016-10-06,42952.0,99428.0,25172.0,12715.772595493208,666.8835610154991,1039.409099819407,6600.194836324192
2016-10-07,42531.0,99106.0,25122.0,12721.560100274404,672.8573873985011,1039.409099819407,6597.004298842795
2016-10-08,42111.0,98690.0,25089.0,12724.453852665,666.8835610154991,1038.5713694835076,6576.729100165498
2016-10-09,41722.0,98229.0,25056.0,12727.347605055596,664.5604063110012,1038.5713694835076,6462.797285706606
2016-10-10,41343.0,97755.0,25014.0,12724.453852665,671.8617496680021,1037.7336391476083,6326.634873304502
2016-10-11,40955.0,97298.0,24977.0,12721.560100274404,694.7744189243966,1036.0581784757908,6228.7154421558
2016-10-12,40514.0,96780.0,24936.0,12718.666347883804,693.0671226098982,1035.2204481398917,6117.585196839593
2016-10-13,40031.0,96234.0,24895.0,12718.666347883804,653.2765120319964,1033.544987468093,5977.772699290797
2016-10-14,39558.0,95750.0,24863.0,12718.666347883804,659.5822176584982,1031.8695267962946,5828.6291325059965
2016-10-15,38570.0,95176.0,24764.0,12707.091338321416,668.5429572329977,1030.1940661244962,5655.005227303805
2016-10-16,37609.0,94635.0,24711.0,12631.853776165786,674.8486628594993,1028.5186054526978,5423.764315696494
2016-10-17,36657.0,94126.0,24682.0,12484.597473202788,679.163093025003,1026.8431447808991,5221.378748373004
2016-10-18,35716.0,93527.0,24645.0,12230.669902592692,670.5342326940033,1025.1676841091007,5168.377291042494
2016-10-19,34904.0,92873.0,24515.0,11949.356380198193,667.8791987459981,1024.3299537732016,5165.853412121996
2016-10-20,34131.0,92264.0,24389.0,11636.649818516991,675.1805421029991,1022.6544931014032,5165.853412121996
2016-10-21,33774.0,91806.0,24173.0,11332.180248754194,687.9452336664028,1020.9790324296048,5160.805654281002
2016-10-22,33102.0,91423.0,23983.0,11120.266341999304,686.2379373518966,1020.9790324296048,5143.138501837503
2016-10-23,32546.0,90863.0,23938.0,10901.313010921192,689.9939892438009,1019.303571757806,5115.375833711999
2016-10-24,31962.0,90219.0,23914.0,10636.175090602796,692.3842040840988,1019.303571757806,5095.184802348003
2016-10-25,31202.0,89462.0,23882.0,10368.079160076608,666.5516817719994,1020.1413020937052,5090.137044506993
2016-10-26,30516.0,88662.0,23705.0,10077.543663360888,655.2677874930021,1021.8167627655038,5087.613165586496
2016-10-27,30182.0,88157.0,23501.0,9939.8413768881,655.2677874930021,1026.0054144449998,5090.137044506993
2016-10-28,29709.0,87681.0,23382.0,9949.677254493292,697.1646337647022,1052.8127851937948,5102.756439109497
2016-10-29,29542.0,87023.0,23207.0,9954.595193295889,717.6810273521991,1079.1628240641094,5107.804196950507
2016-10-30,29144.0,86294.0,23012.0,9954.595193295889,718.0320992195986,1100.8376179566094,5115.375833711999
2016-10-31,28764.0,85611.0,22826.0,9954.595193295889,734.5324769873997,1139.8522469630936,5127.995228314502
2016-11-01,28396.0,85087.0,22811.0,9952.136223894591,716.9788836173998,1132.049321161801,5130.519107235
2016-11-02,28132.0,84594.0,22791.0,9947.218285091994,680.8224892425015,1123.3794036048089,5133.042986155498
2016-11-03,27877.0,84103.0,22768.0,9939.8413768881,665.8879232849999,1117.3104613148944,5138.090743996493
2016-11-04,27375.0,83667.0,22752.0,9925.087560480286,657.5909421975,1111.241519025,5135.566865075995
2016-11-05,26864.0,83165.0,22713.0,9858.695386645191,664.8922855545009,1106.0395684908046,5110.328075871003
2016-11-06,26285.0,82538.0,22694.0,9788.555893725,671.1979911810027,1099.9706262008906,5082.5654077455
2016-11-07,25690.0,81940.0,22669.0,9711.367266121788,671.8617496680021,1094.7686756666951,5049.754981779001
2016-11-08,25009.0,81168.0,22525.0,9593.448632092812,656.2634252235011,1088.6997333768006,5001.847064355003
2016-11-09,24248.0,80533.0,22501.0,9527.198692219192,654.272149762503,1082.630791086906,4979.544192659994
2016-11-10,23505.0,79960.0,22470.0,9517.7344150944,655.5996667365018,1077.428840552691,4986.978483225002
2016-11-11,22755.0,79155.0,22443.0,9513.002276532006,666.2198025284997,1073.093881774195,4989.456580079999
2016-11-12,21989.0,78342.0,22412.0,9508.27013796961,674.8486628594993,1067.8919312399998,4986.978483225002
2016-11-13,21200.0,77521.0,22388.0,9501.17193012599,679.8268515120025,1064.541009896403,4984.500386370004
2016-11-14,20449.0,76702.0,22369.0,9494.073722282395,683.1648039857995,1062.0278188887053,4984.500386370004
2016-11-15,19900.0,75944.0,22186.0,9489.34158372,684.8721003002978,1059.5146278810075,4982.0222895150055
2016-11-16,19408.0,75347.0,21988.0,9484.609445157605,685.8964780889968,1057.001436873291,4979.544192659994
2016-11-17,18951.0,74701.0,21737.0,9479.877306595208,686.2379373518966,1055.3259762014925,4979.544192659994
2016-11-18,18550.0,74124.0,21500.0,9475.145168032814,689.3110707180015,1052.8127851937948,4974.587998949998
2016-11-19,18311.0,73576.0,21237.0,9470.41302947039,696.4817152389028,1050.2995941860968,4969.631805240003
2016-11-20,18093.0,73081.0,20991.0,9468.046960189193,708.4327894403997,1050.2995941860968,4967.153708385005
2016-11-21,17840.0,72574.0,20742.0,9458.5826830644,724.0003209654013,1050.2995941860968,4959.719417819998
2016-11-22,17537.0,72072.0,20484.0,9451.484475220808,707.0669523888009,1049.4618638501977,4949.807030399993
2016-11-23,17376.0,71545.0,20220.0,9439.654128814793,680.1587307555021,1047.7864031783993,4939.894642980003
2016-11-24,17249.0,71172.0,20053.0,9404.163089596796,675.5124213464989,1046.9486728425,4937.416546125004
2016-11-25,17144.0,70765.0,19862.0,9357.116396365813,680.4906099990019,1046.9486728425,4937.416546125004
2016-11-26,17024.0,70371.0,19675.0,9273.586056600609,697.5060930276019,1048.6241335142984,4934.938449270007
2016-11-27,16996.0,70053.0,19485.0,9197.0165784825,719.7874585565971,1052.8127851937948,4939.894642980003
2016-11-28,17319.0,69776.0,19311.0,9192.376004051104,728.564255241597,1062.0278188887053,4944.850836689997
2016-11-29,17755.0,69625.0,19307.0,9220.219450639504,716.2863524871003,1091.3007086438984,4989.456580079999
2016-11-30,18430.0,69763.0,19708.0,9280.546918247705,665.8879232849999,1145.921189253008,5115.375833711999
2016-12-01,19493.0,70613.0,20009.0,9375.770258222396,744.3624892745986,1237.2862252920063,5290.123305747299
2016-12-02,20821.0,71725.0,20238.0,9449.118405939613,700.2377671307994,1259.139422607009,5426.334335118608
2016-12-03,21958.0,72419.0,20205.0,9491.707653001196,686.5793966147962,1228.2976254569942,5454.604548761695
2016-12-04,22855.0,72886.0,20090.0,9524.832622937996,664.5604063110012,1204.9272658859952,5457.174568183794
2016-12-05,23621.0,73250.0,19957.0,9557.95759287479,671.5298704245024,1190.545506150008,5452.034529339598
2016-12-06,24241.0,73497.0,19792.0,9591.082562811587,663.2328893370025,1181.5569063149958,5426.334335118608
2016-12-07,24881.0,73745.0,19635.0,9634.178638518602,678.8312137815034,1179.7591863479977,5439.184432229095
2016-12-08,25494.0,73953.0,19464.0,9672.772952320196,684.1891817744985,1179.7591863479977,5382.644004942903
2016-12-09,26038.0,73967.0,19275.0,9704.130832283994,679.163093025003,1175.2648864305015,5315.8234999683045
2016-12-10,26302.0,74006.0,19079.0,9733.076567635197,684.5306410373981,1167.175146579009,5310.683461124095
2016-12-11,26430.0,74084.0,18875.0,9759.6101583738,678.4993345380036,1159.085406727496,5302.973402857802
2016-12-12,26541.0,74202.0,18689.0,9795.792327562796,737.3410519265971,1157.2876867604975,5315.8234999683045
2016-12-13,26549.0,74281.0,18715.0,9831.974496751787,787.9044594899999,1156.3888267769985,5295.263344591494
2016-12-14,26524.0,74426.0,18771.0,9861.154356046489,730.3196145786035,1154.59110681,5254.189174339502
2016-12-15,26455.0,74439.0,18786.0,9885.744050059497,681.8181269730006,1149.389156275805,5246.617537577995
2016-12-16,26302.0,74413.0,18811.0,9902.956835868608,686.2379373518966,1141.586230474492,5231.474264054994
2016-12-17,26132.0,74439.0,18843.0,9930.00549928291,742.9582018049999,1141.586230474492,5266.993130948405
2016-12-18,26064.0,74596.0,18917.0,9964.431070901106,796.4550178257006,1222.0056055725,5313.253480546207
2016-12-19,27579.0,76702.0,19544.0,9998.856642519302,838.4084318309965,1374.3240364055944,5356.9438107218975
2016-12-20,28430.0,77816.0,19752.0,10020.98736713101,761.5007529599993,1305.0813506075897,5315.8234999683045
2016-12-21,29023.0,78600.0,19909.0,10045.57706114399,692.7256633469985,1261.094398266607,5290.123305747299
2016-12-22,29821.0,79100.0,20042.0,10070.166755156994,645.7407840507032,1234.589645341509,5277.273208636796
2016-12-23,30590.0,79442.0,20157.0,10094.75644917,650.289598840499,1216.612445671505,5269.563150370503
2016-12-24,31053.0,79673.0,20253.0,10124.8040822628,660.5778553889972,1204.9272658859952,5292.693325169397
2016-12-25,31434.0,79891.0,20376.0,10162.363623628797,674.8486628594993,1203.1295459189969,5338.953674767198
2016-12-26,31795.0,80069.0,20488.0,10194.915226145991,686.5793966147962,1201.3318259519983,5372.363927254497
2016-12-27,32203.0,80178.0,20581.0,10227.466828663191,696.8231745018024,1212.118145754009,5385.214024365
2016-12-28,32582.0,80574.0,20720.0,10260.018431180391,727.5110396393981,1251.3195199685938,5336.383655345101
2016-12-29,32926.0,80878.0,20799.0,10297.577972546384,700.5792263936992,1237.2862252920063,5284.983266903103
2016-12-30,33130.0,81154.0,20923.0,10332.633544488011,668.5429572329977,1222.0056055725,5279.843228058894
2016-12-31,33269.0,81374.0,21014.0,10362.984544861813,659.2503384149985,1209.421565803491,5282.413247481006
2017-01-01,33626.0,81540.0,21089.0,10391.004928543189,673.1892666420009,1198.6352460015007,5292.693325169397
2017-01-02,33765.0,81678.0,21169.0,10424.119927439386,676.1761798334982,1189.6466461665088,5305.5434222799
2017-01-03,33883.0,81815.0,21253.0,10464.876849157808,677.503696807497,1189.6466461665088,5328.673597078793
2017-01-04,34320.0,82232.0,21443.0,10531.106846950204,732.074973915602,1249.3645443089956,5362.083849566106
2017-01-05,35152.0,82788.0,21641.0,10592.242229527808,735.234620722199,1274.7792278837946,5318.393519390403
2017-01-06,35706.0,83165.0,21784.0,10643.95172022839,671.8617496680021,1247.4095686493974,5272.133169792601
2017-01-07,36112.0,83443.0,21876.0,10693.203707857205,654.9359082495024,1217.511305655004,5266.993130948405
2017-01-08,36380.0,83625.0,21953.0,10732.086855985195,671.1979911810027,1196.8375260345024,5256.71305326
2017-01-09,36528.0,83780.0,22028.0,10765.785584362797,657.5909421975,1179.7591863479977,5266.993130948405
2017-01-10,36954.0,83948.0,22093.0,10804.66873249079,676.1761798334982,1170.7705865130058,5277.273208636796
2017-01-11,37410.0,84257.0,22182.0,10851.32851024441,706.3840338630015,1172.568306480004,5292.693325169397
2017-01-12,37757.0,84524.0,22236.0,10911.864978684012,751.73499849,1191.4443661335072,5295.263344591494
2017-01-13,39369.0,86423.0,22752.0,10975.176785260815,777.0536211900016,1285.5315940116072,5290.123305747299
2017-01-14,40871.0,87825.0,23155.0,11027.9366240748,675.8443005899986,1276.734203543393,5323.533558234598
2017-01-15,41922.0,88792.0,23389.0,11078.058470948112,711.5059228064969,1247.4095686493974,5354.373791299799
2017-01-16,42720.0,89491.0,23569.0,11120.266341999304,692.0427448211991,1221.1067455890009,5385.214024365
2017-01-17,43309.0,90074.0,23641.0,11165.832726722392,653.9402705190033,1213.017005737508,5385.214024365
2017-01-18,44066.0,90878.0,23813.0,11224.8592667982,657.5909421975,1235.4885053250082,5323.533558234598
2017-01-19,44889.0,91688.0,23987.0,11281.202782325108,695.1158781872963,1252.2970077983928,5259.283072682098
2017-01-20,45556.0,92501.0,24173.0,11334.863273303092,705.7011153372023,1247.4095686493974,5261.853092104196
2017-01-21,46346.0,93155.0,24319.0,11402.115367927192,773.4366750899967,1238.1850852755056,5295.263344591494
2017-01-22,47102.0,93737.0,24523.0,11467.566842510394,864.7209652511985,1240.8816652260032,5326.103577656695
2017-01-23,47880.0,94261.0,24842.0,11538.47260664219,881.504051346601,,5336.383655345101
2017-01-24,48626.0,94920.0,25246.0,11655.73983193711,772.7132858699973,,5356.9438107218975
2017-01-25,49375.0,95508.0,25562.0,11780.26102185359,708.0913301774999,1338.3159368208037,5351.8037718777005
2017-01-26,50029.0,96114.0,25750.0,11891.060789085614,731.3728301808025,1309.968789756607,5295.263344591494
2017-01-27,50717.0,96765.0,25971.0,11991.534859489184,756.4370284200039,1300.1939114585937,5249.141416498507
2017-01-28,51546.0,97343.0,26152.0,12084.327513929396,743.6603455397993,1275.7567157135938,5279.843228058894
2017-01-29,52246.0,97816.0,26303.0,12168.684472511384,680.4906099990019,1252.2970077983928,5308.1134417019975
2017-01-30,52864.0,98260.0,26440.0,12244.935496447211,619.5764802503976,1233.69078535801,5320.9635388125
2017-01-31,53401.0,98552.0,26473.0,12316.263465719712,636.0503011616973,1214.8147257045066,5300.403383435704
2017-02-01,53879.0,98860.0,26591.0,12384.738316221315,670.866111937503,1204.028405902496,5282.413247481006
2017-02-02,54358.0,99213.0,26693.0,12447.506929181089,669.8704742069963,1195.938666051003,5272.133169792601
2017-02-03,54766.0,99551.0,26727.0,12504.569304599105,647.6788806285015,1186.0512062324915,5264.423111526293
2017-02-04,55115.0,99831.0,26799.0,12545.0412044478,669.206715719997,1177.0626063975,5266.993130948405
2017-02-05,55420.0,100048.0,26877.0,12582.659985525595,696.8231745018024,1171.6694464965049,5277.273208636796
2017-02-06,55750.0,100249.0,26945.0,12620.278766603396,715.9448932242005,1170.7705865130058,5282.413247481006
2017-02-07,56080.0,100342.0,26992.0,12663.68505246239,691.3598262953997,1168.9728665460077,5290.123305747299
2017-02-08,56532.0,100683.0,26996.0,12709.985090712013,688.2866929293025,1182.455766298495,5300.403383435704
2017-02-09,57521.0,101382.0,27154.0,12762.0726337428,709.7986264919984,1208.522705819992,5287.553286325202
2017-02-10,58217.0,101758.0,27236.0,12796.79766243,666.8835610154991,1196.8375260345024,5269.563150370503
2017-02-11,58790.0,102101.0,27257.0,12829.074474798905,704.6767375485031,1192.3432261170065,5295.263344591494
2017-02-12,59413.0,102523.0,27344.0,12873.088309847397,746.1178486115971,1191.4443661335072,5338.953674767198
2017-02-13,60060.0,103058.0,27464.0,12928.839167575514,811.6973174676036,1189.6466461665088,5374.933946676595
2017-02-14,60610.0,103294.0,27451.0,12972.853002624006,773.4366750899967,1184.2534862654934,5297.833364013607
2017-02-15,61091.0,103515.0,27447.0,13013.932582002602,704.6767375485031,1180.6580463314967,5279.843228058894
2017-02-16,61587.0,103815.0,27498.0,13052.0779057113,650.9533573274985,1177.9614663809991,5287.553286325202
2017-02-17,61995.0,104019.0,27481.0,13090.22322942,653.6083912755035,1172.568306480004,5290.123305747299
2017-02-18,62390.0,104304.0,27438.0,13125.9187727256,703.3109004968966,1169.8717265295063,5300.403383435704
2017-02-19,62797.0,104638.0,27507.0,13164.58894464,769.8197289899999,,5318.393519390403
2017-02-20,63433.0,105193.0,27632.0,13203.259116554398,821.734929426903,1221.1067455890009,5331.243616500905
2017-02-21,64173.0,105701.0,27727.0,13238.95465986,923.0502493571992,1228.2976254569942,5328.673597078793
2017-02-22,64784.0,106180.0,27805.0,13274.650203165602,1134.6197316051012,1222.9044655559992,5290.123305747299
2017-02-23,65497.0,106580.0,27892.0,13310.345746471205,1356.1906889363945,1241.7805252095025,5226.426506213999
2017-02-24,66516.0,107476.0,27957.0,13346.041289776806,1572.5023459575011,1283.5766183520088,5218.854869452506
2017-02-25,68351.0,109251.0,28486.0,13390.700994092398,1754.7759333696042,,5236.522021896004
2017-02-26,73040.0,112250.0,29652.0,13463.05868511,2440.9819699085992,1608.3872412792018,5318.393519390403
2017-02-27,76315.0,114379.0,30213.0,13514.312049580789,3125.347371903906,1438.5203329368064,5356.9438107218975
2017-02-28,78387.0,115876.0,30533.0,13559.535606466816,3694.4606437734033,1339.293424650603,5382.644004942903
2017-03-01,80004.0,116746.0,30401.0,13616.818778522398,4141.0169881394895,1292.374008820201,5428.904354540705
2017-03-02,81322.0,117501.0,30296.0,13683.146661955208,4460.131833342005,1265.9818374156027,5552.962282090494
2017-03-03,82478.0,118090.0,30510.0,13738.05829043279,4475.215867153192,1238.1850852755056,5634.073341106195
2017-03-04,83374.0,118445.0,30510.0,13789.995225131412,4647.099662845209,1215.7135856880057,5699.485485473695
2017-03-05,84039.0,118579.0,30350.0,13835.821932218409,4777.66985297041,1196.8375260345024,5751.815200967706
2017-03-06,84632.0,118714.0,30186.0,13884.703753111196,4856.281537060799,1189.6466461665088,5794.006518788097
2017-03-07,84935.0,118934.0,30204.0,13939.695801615617,4872.316534430414,1198.6352460015007,5844.608800375797
2017-03-08,85152.0,119175.0,30383.0,13994.68785012,4927.210436613595,1223.8033255394985,5905.864193876702
2017-03-09,85441.0,119444.0,30533.0,14034.9795869508,4996.731855356994,1224.7021855229975,5943.150085572898
2017-03-10,85513.0,119665.0,30657.0,14041.178315693993,4996.731855356994,1214.8147257045066,5975.1094213125
2017-03-11,85542.0,120038.0,30552.0,14038.078951322395,5067.805758604791,1213.915865721007,6004.405479073803
2017-03-12,85441.0,120344.0,30405.0,14025.68149383601,5122.023976154405,1209.421565803491,6023.048424921903
2017-03-13,85282.0,120667.0,30232.0,14013.284036349583,5149.828190282411,1201.3318259519983,6036.364814813404
2017-03-14,85210.0,120872.0,30218.0,14047.377044437188,5184.583457942411,1205.8261258694945,6085.059271381207
2017-03-15,85065.0,121060.0,30314.0,14065.973230666808,5010.363506091013,1198.6352460015007,6117.585196839593
2017-03-16,85152.0,121180.0,30387.0,14059.774501923612,4817.530293417603,1205.8261258694945,6141.9796409334
2017-03-17,85383.0,121248.0,30451.0,14022.582129464412,4640.695713142186,1211.2192857705095,6160.9530974508
2017-03-18,85759.0,121334.0,30273.0,14019.482765092816,4674.348268433114,1210.3204257869902,6185.347541544592
2017-03-19,85875.0,121351.0,30319.0,14016.383400721215,4721.431522146301,1208.522705819992,6212.4524794266
2017-03-20,86005.0,121368.0,30392.0,14019.482765092816,4765.899039542091,1208.522705819992,6285.6358117079935
2017-03-21,85831.0,121626.0,30451.0,14025.68149383601,4804.1677956095855,1213.017005737508,6409.999615591506
2017-03-22,85326.0,121899.0,30492.0,14059.774501923612,4826.884041883195,1226.499905489996,6573.9502754226
2017-03-23,84400.0,121951.0,30529.0,14034.9795869508,4794.814047143994,1226.499905489996,6554.498502222301
2017-03-24,83316.0,122053.0,30570.0,14003.985943234791,4746.281017161608,1230.0953454239925,6554.498502222301
2017-03-25,82305.0,122121.0,30634.0,13973.302053479383,4841.582789472012,1252.2970077983928,6540.604378507798
2017-03-26,81452.0,122207.0,30712.0,13951.916256838806,5141.486926043987,1289.4415453308036,6518.373780564603
2017-03-27,81076.0,122722.0,30822.0,13961.081598256198,5491.020613798493,1331.47352201221,6512.816131078808
2017-03-28,81640.0,124118.0,31099.0,14022.582129464412,5780.439647232901,1412.6347294968066,6548.940852736507
2017-03-29,83215.0,126149.0,31527.0,14047.377044437188,5791.146491975992,1528.2247671095988,6593.813761361397
2017-03-30,85499.0,128339.0,32027.0,14013.284036349583,5202.769071911995,1541.2442089848116,6590.62322388
2017-03-31,87305.0,129890.0,32241.0,14025.68149383601,4341.83097609,,6625.719136175405
2017-04-01,89758.0,131594.0,32439.0,14211.643356132014,5513.175386214007,1647.8523592931915,6772.483860319799
2017-04-02,91979.0,132791.0,32747.0,14381.006368488002,6032.052372338983,1580.197871269202,6702.292035729008
2017-04-03,93333.0,133707.0,33024.0,14428.745169242997,5629.857187602302,1520.6300926824058,6582.286749651308
2017-04-04,94550.0,134768.0,33427.0,14236.438271104793,5044.442632926012,,6619.338061212593
2017-04-05,96543.0,136763.0,34433.0,13991.632736314205,4286.268818675994,1654.617808095611,6597.004298842795
2017-04-06,97637.0,138351.0,34966.0,14000.886578863196,3978.0129906336033,1655.74538289601,6632.100211138199
2017-04-07,99585.0,141116.0,35438.0,14330.084981016014,4861.626536183994,1945.14447424919,7147.425486533409
2017-04-08,100743.0,142285.0,35259.0,14466.936209846996,5195.705143593601,1782.3414942252011,6871.390522243199
2017-04-09,100550.0,142230.0,35180.0,14425.562582526,5392.476330772183,1591.4736192731918,6766.102785357003
2017-04-10,99874.0,141968.0,35135.0,14258.133821706007,5447.461340895,1444.732877762401,6657.624510989394
2017-04-11,99118.0,141524.0,35120.0,14062.873866295213,5469.165950154013,1349.4738571031935,6609.766448768401
2017-04-12,98201.0,141172.0,35095.0,13988.577622508406,5448.908314845598,1295.3064723095983,6600.194836324192
2017-04-13,97637.0,140727.0,35080.0,13988.577622508406,5470.612924104612,1264.0268617560043,6616.147523731196
2017-04-14,97138.0,140560.0,34976.0,13988.577622508406,5542.715082768013,1235.4885053250082,6664.005585952206
2017-04-15,96671.0,140246.0,34853.0,14007.085307606389,5727.725590484415,1214.8147257045066,6695.910960766196
2017-04-16,96301.0,139978.0,34730.0,14019.482765092816,5890.821054366006,1203.1295459189969,6711.863648173199
2017-04-17,96189.0,139877.0,34601.0,14034.9795869508,6094.533193695596,1203.1295459189969,6702.292035729008
2017-04-18,96205.0,139693.0,34567.0,14028.780858207603,6351.935541614418,1197.7363860180017,6638.481286100993
2017-04-19,95931.0,139308.0,34443.0,14007.085307606389,6528.543557689506,1190.545506150008,6593.813761361397
2017-04-20,95770.0,139050.0,34340.0,13988.577622508406,6540.061250060995,1204.9272658859952,6609.766448768401
2017-04-21,96269.0,139271.0,34340.0,14016.383400721215,6606.44674395061,,6641.671823582408
2017-04-22,97186.0,139822.0,34640.0,14041.178315693993,6738.934273944905,1413.6701536344058,6667.196123433603
2017-04-23,97347.0,140171.0,34788.0,14047.377044437188,6762.777247806283,1376.3948846807923,6673.577198396398
2017-04-24,97202.0,140357.0,34759.0,14041.178315693993,6697.007840402405,1329.5185463525893,6660.815048470809
2017-04-25,96929.0,140412.0,34873.0,14022.582129464412,6549.933557807986,1289.4415453308036,6625.719136175405
2017-04-26,96671.0,140227.0,34991.0,14007.085307606389,6306.692303327985,1262.0718860964062,6612.956986249798
2017-04-27,96414.0,139987.0,34922.0,14019.482765092816,6237.435801447612,1239.982805242504,6609.766448768401
2017-04-28,96108.0,139804.0,34828.0,14022.582129464412,6259.833235102791,1222.9044655559992,6612.956986249798
2017-04-29,95787.0,139656.0,34725.0,14038.078951322395,6326.082262593604,1208.522705819992,6632.100211138199
2017-04-30,95523.0,139546.0,34626.0,14050.476408808783,6393.9471200232165,1196.8375260345024,6641.671823582408
2017-05-01,95706.0,139785.0,34518.0,14047.377044437188,6434.756634093016,1189.6466461665088,6635.290748619596
2017-05-02,96848.0,141913.0,34660.0,14025.68149383601,6467.664326582985,1509.780557786391,6641.671823582408
2017-05-03,98056.0,142322.0,34843.0,14003.985943234791,6475.891249705515,1557.646375261197,6612.956986249798
2017-05-04,98233.0,141931.0,34931.0,14003.985943234791,6418.302787847993,1454.447929816792,6573.9502754226
2017-05-05,98184.0,141598.0,35016.0,14028.780858207603,6368.093841002403,1399.1742157079957,6573.9502754226
2017-05-06,98458.0,141672.0,34951.0,14041.178315693993,6554.869711681481,1467.467371692005,6635.290748619596
2017-05-07,98555.0,141468.0,34946.0,14022.582129464412,6759.356920199686,1510.86551127599,6657.624510989394
2017-05-08,98523.0,141246.0,34936.0,14007.085307606389,6827.763472331702,1467.467371692005,6654.4339735079975
2017-05-09,98378.0,141023.0,34853.0,14016.383400721215,6757.646756396388,1397.103367432797,6641.671823582408
2017-05-10,98152.0,140783.0,34848.0,14016.383400721215,6785.009377249202,1332.451009842009,6622.528598694008
2017-05-11,97927.0,140653.0,34936.0,13997.787214491598,6800.400851478888,1282.59913052221,6600.194836324192
2017-05-12,97685.0,140542.0,34996.0,14000.886578863196,6778.168722036007,1245.454592989799,6590.62322388
2017-05-13,97508.0,140560.0,35026.0,14050.476408808783,6755.93659259309,1241.7805252095025,6606.575911287004
2017-05-14,97589.0,140931.0,35100.0,14152.7554330716,6969.58686157169,1316.811204565201,6676.767735877795
2017-05-15,97669.0,140894.0,35075.0,14186.848441159202,6951.972334064706,1353.6155536535896,6699.101498247593
2017-05-16,97669.0,140820.0,34971.0,14115.563060612396,6766.197575412919,1325.608595033393,6664.005585952206
2017-05-17,97557.0,140671.0,34897.0,14069.072595038404,6800.400851478888,1287.4865696712054,6622.528598694008
2017-05-18,97396.0,140486.0,34788.0,14016.383400721215,6788.429704855799,1252.2970077983928,6612.956986249798
2017-05-19,97283.0,140431.0,34769.0,14003.985943234791,6774.748394429412,1226.499905489996,6597.004298842795
2017-05-20,97154.0,140449.0,34823.0,14044.27768006559,6702.039012427501,1205.8261258694945,6587.844399137102
2017-05-21,96977.0,140375.0,34902.0,14081.470052524792,6698.684897744103,1191.4443661335072,6573.9502754226
2017-05-22,96752.0,140264.0,34837.0,14084.56941689639,6713.77841381939,1181.5569063149958,6565.613801193907
2017-05-23,96671.0,140190.0,34868.0,14038.078951322395,6743.9654459700005,1175.2648864305015,6576.729100165498
2017-05-24,96559.0,140043.0,34873.0,14010.184671977986,6745.675609773299,1168.9728665460077,6585.065574394206
2017-05-25,96285.0,140006.0,34887.0,14016.383400721215,6757.646756396388,1167.175146579009,6616.147523731196
2017-05-26,96092.0,140098.0,34863.0,14022.582129464412,6791.850032462396,1177.9614663809991,6609.766448768401
2017-05-27,95963.0,140209.0,34803.0,14025.68149383601,6740.611331286604,1176.1637464140008,6597.004298842795
2017-05-28,95899.0,140171.0,34848.0,14025.68149383601,6648.373177493111,1171.6694464965049,6582.286749651308
2017-05-29,95803.0,139987.0,34833.0,14062.873866295213,6681.914324327118,1177.9614663809991,6679.958273359192
2017-05-30,95787.0,140209.0,34961.0,14081.470052524792,6827.763472331702,1193.2420861005055,6772.483860319799
2017-05-31,96076.0,140486.0,34927.0,14019.482765092816,6773.038230626113,,6731.0068730616
2017-06-01,96494.0,140431.0,34907.0,13997.787214491598,6757.646756396388,1198.6352460015007,6664.005585952206
2017-06-02,96543.0,140301.0,34956.0,14000.886578863196,6755.93659259309,1188.7477861830098,6597.004298842795
2017-06-03,96591.0,140153.0,34966.0,14013.284036349583,6762.777247806283,1177.0626063975,6573.9502754226
2017-06-04,96575.0,139951.0,34912.0,14028.780858207603,6759.356920199686,1168.9728665460077,6551.719677479405
2017-06-05,96607.0,139969.0,34981.0,14041.178315693993,6774.748394429412,1177.0626063975,6537.8255537649
2017-06-06,98184.0,141172.0,35394.0,14050.476408808783,6839.734618954791,,6590.62322388
2017-06-07,99215.0,141524.0,35234.0,14038.078951322395,6962.541050568896,1444.732877762401,6638.481286100993
2017-06-08,99086.0,141283.0,35065.0,14022.582129464412,6844.865110364685,1403.3159122583916,6625.719136175405
2017-06-09,98555.0,140987.0,34981.0,14022.582129464412,6843.154946561388,1336.3609611612053,6622.528598694008
2017-06-10,97959.0,140746.0,34917.0,14034.9795869508,6764.487411609583,1279.6666670327902,6616.147523731196
2017-06-11,97251.0,140449.0,34981.0,14047.377044437188,6681.914324327118,1239.982805242504,6606.575911287004
2017-06-12,96398.0,140264.0,35031.0,14047.377044437188,6668.497865593493,1213.017005737508,6597.004298842795
2017-06-13,95706.0,140153.0,35011.0,14028.780858207603,6725.517815211318,1194.1409460840048,6593.813761361397
2017-06-14,95295.0,140024.0,34956.0,14013.284036349583,6783.299213445904,1179.7591863479977,6593.813761361397
2017-06-15,95265.0,139969.0,34858.0,14013.284036349583,6773.038230626113,1167.175146579009,6597.004298842795
2017-06-16,95113.0,139877.0,34907.0,14013.284036349583,,1157.2876867604975,6600.194836324192
2017-06-17,95113.0,139877.0,34843.0,14028.780858207603,6761.067084002985,1151.1231397872032,6609.766448768401
2017-06-18,94915.0,139840.0,34873.0,14044.27768006559,6791.850032462396,1147.6551727644064,6638.481286100993
2017-06-19,94839.0,139914.0,34927.0,14056.675137552014,,,6654.4339735079975
2017-06-20,95189.0,140394.0,35065.0,14053.575773180415,6743.9654459700005,1179.7591863479977,6657.624510989394
2017-06-21,95478.0,140135.0,34912.0,14000.886578863196,6725.517815211318,1171.6694464965049,6606.575911287004
2017-06-22,95539.0,139859.0,34725.0,14007.085307606389,6733.90310191981,1159.9842667109951,6606.575911287004
2017-06-23,95539.0,139564.0,34538.0,14028.780858207603,6771.328066822814,1149.389156275805,6609.766448768401
2017-06-24,95569.0,139455.0,34306.0,14065.973230666808,6717.132528502786,1142.4532222301914,6924.085972899607
2017-06-25,95584.0,139289.0,34140.0,14078.370688153194,6611.477915975706,1135.5172881845976,6775.674397801196
2017-06-26,95356.0,139032.0,34081.0,14069.072595038404,6613.154973317404,1129.4483458947032,6593.813761361397
2017-06-27,95006.0,138756.0,34067.0,14041.178315693993,6653.404349518206,1125.1133871162072,6597.004298842795
2017-06-28,94641.0,138314.0,34037.0,14028.780858207603,6685.268439010516,1119.911436581992,6606.575911287004
2017-06-29,94215.0,137912.0,34023.0,14025.68149383601,6703.716069769199,1113.8424942920976,6600.194836324192
2017-06-30,93653.0,137547.0,33998.0,14013.284036349583,6705.393127110898,1106.906560246504,6603.385373805607
2017-07-01,93348.0,137492.0,33843.0,14019.482765092816,6676.883152301985,1102.571601468008,6638.481286100993
2017-07-02,93059.0,137492.0,33906.0,14025.68149383601,6680.237266985381,1099.9706262008906,6708.673110691801
2017-07-03,92694.0,137419.0,33910.0,14025.68149383601,6678.560209643683,1095.6356674223944,6708.673110691801
2017-07-04,92283.0,137176.0,33896.0,14025.68149383601,6651.727292176507,1088.6997333768006,6695.910960766196
2017-07-05,91736.0,136981.0,33867.0,14019.482765092816,6601.415571925515,1081.763799331207,6667.196123433603
2017-07-06,91203.0,136708.0,33848.0,14013.284036349583,6536.770480811998,1075.6948570412928,6635.290748619596
2017-07-07,90655.0,136417.0,33824.0,14072.17195941,6502.217403697492,1070.4929065070976,6695.910960766196
2017-07-08,90108.0,136127.0,33799.0,14072.17195941,6431.465864843982,1068.758922995699,6807.579772615202
2017-07-09,89591.0,135964.0,33775.0,14022.582129464412,6306.692303327985,1068.758922995699,6798.008160170993
2017-07-10,88967.0,135674.0,33736.0,14010.184671977986,6240.6114149532095,1064.541009896403,6762.912247875606
2017-07-11,88465.0,135312.0,33630.0,14010.184671977986,6183.450371852389,1060.3523582169069,6721.435260617408
2017-07-12,88071.0,134949.0,33534.0,14010.184671977986,6119.93810174041,1057.001436873291,6673.577198396398
2017-07-13,87840.0,134678.0,33473.0,14013.284036349583,6047.659005984005,1055.3259762014925,6657.624510989394
2017-07-14,88115.0,134787.0,33422.0,14028.780858207603,6058.583649535493,1056.1637065373916,6858.628372317593
2017-07-15,88313.0,134986.0,33480.0,14050.476408808783,6411.721249349999,1067.0542009041003,6676.767735877795
2017-07-16,88252.0,134841.0,33485.0,14053.575773180415,6676.883152301985,1077.428840552691,6702.292035729008
2017-07-17,88071.0,134606.0,33465.0,14047.377044437188,6805.531342888783,1077.428840552691,6711.863648173199
2017-07-18,88100.0,134354.0,33441.0,14022.582129464412,6988.962841829412,1076.561848796992,6683.148810840607
2017-07-19,87941.0,133977.0,33336.0,14013.284036349583,7032.999160596913,1072.226890018496,6635.290748619596
2017-07-20,87666.0,133617.0,33173.0,14007.085307606389,7061.182404608087,1067.8919312399998,6622.528598694008
2017-07-21,87363.0,133293.0,32991.0,14019.482765092816,7020.668991341983,1102.571601468008,6622.528598694008
2017-07-22,87002.0,132952.0,32843.0,14019.482765092816,6872.227731217499,1112.9755025363984,6628.909673656802
2017-07-23,86684.0,132611.0,32800.0,14025.68149383601,6705.393127110898,1109.5075355136016,6753.3406354313975
2017-07-24,86785.0,132952.0,32800.0,14069.072595038404,6829.473636135001,1134.6502964288984,7255.492993130392
2017-07-25,87334.0,133491.0,32853.0,14016.383400721215,6896.170024463717,1194.1409460840048,7064.573731475703
2017-07-26,87623.0,133617.0,32876.0,13994.68785012,6827.763472331702,1197.7363860180017,6731.0068730616
2017-07-27,87666.0,133527.0,32876.0,13994.68785012,6815.792325708612,1185.152346248993,6587.844399137102
2017-07-28,87623.0,133365.0,32843.0,14010.184671977986,6774.748394429412,1172.568306480004,6606.575911287004
2017-07-29,87479.0,133114.0,32795.0,14022.582129464412,6749.095937379896,1161.7819866779937,6718.244723135993
2017-07-30,87262.0,132791.0,32733.0,14025.68149383601,6723.840757869619,1150.256148031504,6731.0068730616
2017-07-31,86973.0,132434.0,32657.0,14025.68149383601,6707.070184452596,1139.8522469630936,6683.148810840607
2017-08-01,86669.0,132058.0,32600.0,14025.68149383601,6730.548987236413,1131.1823294061016,6628.909673656802
2017-08-02,86323.0,131630.0,32491.0,14034.9795869508,6740.611331286604,1126.8473706276056,6654.4339735079975
2017-08-03,86048.0,131702.0,32486.0,14025.68149383601,6749.095937379896,1140.719238718793,6766.102785357003
2017-08-04,85759.0,131487.0,32405.0,14016.383400721215,6767.907739216217,1151.1231397872032,6705.482573210405
2017-08-05,85456.0,131202.0,32453.0,14047.377044437188,6700.361955085801,1161.7819866779937,6769.293322838401
2017-08-06,85109.0,130901.0,32491.0,14050.476408808783,6598.061457242117,1155.4899667934992,6731.0068730616
2017-08-07,84718.0,130546.0,32468.0,14041.178315693993,6579.613826483397,1147.6551727644064,6660.815048470809
2017-08-08,84371.0,130191.0,32410.0,14013.284036349583,6614.832030659102,1147.6551727644064,6616.147523731196
2017-08-09,83981.0,129784.0,32405.0,13997.787214491598,6636.633776101184,1143.3202139858904,6593.813761361397
2017-08-10,83576.0,129430.0,32373.0,14003.985943234791,6629.925546734389,1136.384279940297,6597.004298842795
2017-08-11,83143.0,129007.0,32264.0,14019.482765092816,6609.800858634007,1130.3153376504024,6616.147523731196
2017-08-12,82810.0,128743.0,32382.0,14109.364331869205,6546.642788558989,1165.37742661199,6794.817622689596
2017-08-13,82478.0,128462.0,32557.0,14162.05352618639,6502.217403697492,1169.8717265295063,6810.770310096599
2017-08-14,82175.0,128093.0,32605.0,14177.55034804441,6512.089711444483,1159.9842667109951,6576.729100165498
2017-08-15,81813.0,127741.0,32529.0,14078.370688153194,6520.316634567013,1151.9901315429022,6562.834976450994
2017-08-16,81423.0,127407.0,32449.0,13985.522508702608,6505.508172946489,1145.921189253008,6593.813761361397
2017-08-17,81163.0,127006.0,32311.0,13988.577622508406,6467.664326582985,1139.8522469630936,6616.147523731196
2017-08-18,80961.0,126586.0,32216.0,14016.383400721215,6419.948172472492,1136.384279940297,6721.435260617408
2017-08-19,81134.0,126447.0,32435.0,14034.9795869508,6275.991534490814,1142.4532222301914,6807.579772615202
2017-08-20,81221.0,126184.0,32216.0,14038.078951322395,6094.533193695596,1145.054197497309,6628.909673656802
2017-08-21,81177.0,125888.0,32236.0,14031.880222579202,6016.445738693997,1138.9852552073944,6619.338061212593
2017-08-22,80847.0,125504.0,32047.0,14034.9795869508,5983.671808039491,1132.9163129175,6695.910960766196
2017-08-23,80737.0,125313.0,31850.0,14056.675137552014,5946.215887291491,1148.5221645201054,6711.863648173199
2017-08-24,80599.0,125175.0,31658.0,14016.383400721215,5913.822876455984,1150.256148031504,6579.507924908395
2017-08-25,80308.0,124846.0,31545.0,14003.985943234791,5852.484684216005,1144.1872057416094,6576.729100165498
2017-08-26,79991.0,124515.0,31512.0,14010.184671977986,5474.953845956407,1136.384279940297,6625.719136175405
2017-08-27,79617.0,124153.0,31466.0,14013.284036349583,5166.510718759196,1127.714362383305,6644.862361063805
2017-08-28,79244.0,123756.0,31425.0,14013.284036349583,5045.805797999411,1118.1774530705936,6648.052898545202
2017-08-29,78830.0,123359.0,31308.0,14013.284036349583,4981.737039549607,1108.6405437579024,6641.671823582408
2017-08-30,78401.0,122929.0,31248.0,14007.085307606389,4909.731528292811,1100.8376179566094,6638.481286100993
2017-08-31,77987.0,122481.0,31211.0,14003.985943234791,4837.574040129585,1093.0346921552969,6619.338061212593
2017-09-01,77559.0,122104.0,31090.0,13994.68785012,4775.054116653012,1085.231766354004,6619.338061212593
2017-09-02,77075.0,121677.0,31039.0,13982.467394896814,4356.647551400387,1077.428840552691,6616.147523731196
2017-09-03,76675.0,121334.0,31017.0,14000.886578863196,4023.493057426788,1078.2958323083906,6667.196123433603
2017-09-04,76274.0,121112.0,31035.0,14013.284036349583,3912.940839199509,1089.5667251325,6673.577198396398
2017-09-05,75873.0,120770.0,31012.0,14016.383400721215,3849.08316702749,1091.3007086438984,6695.910960766196
2017-09-06,75486.0,120378.0,30957.0,14041.178315693993,3810.312437494498,1098.236642689492,6868.199984761802
2017-09-07,75196.0,120633.0,31072.0,14013.284036349583,3825.1365399630113,1118.1774530705936,6877.771597205993
2017-09-08,74892.0,120787.0,31132.0,13997.787214491598,3777.967717777203,1126.8473706276056,6695.910960766196
2017-09-09,74561.0,120667.0,31159.0,14010.184671977986,3782.425489797599,1126.8473706276056,6673.577198396398
2017-09-10,74188.0,120395.0,31155.0,14019.482765092816,3732.2755545680943,1122.5124118491094,6651.2434360266
2017-09-11,73795.0,120123.0,31141.0,14022.582129464412,3654.16545292199,1115.576477803496,6619.338061212593
2017-09-12,73410.0,119834.0,31081.0,14007.085307606389,3607.335906797408,1109.5075355136016,6632.100211138199
2017-09-13,73000.0,119495.0,31039.0,13997.787214491598,3564.3850954661984,1102.571601468008,6644.862361063805
2017-09-14,72629.0,119240.0,31012.0,14007.085307606389,3521.8863046421884,1096.5026591780936,6651.2434360266
2017-09-15,72245.0,119002.0,30928.0,14010.184671977986,3497.4494999184103,1092.1677003995976,6628.909673656802
2017-09-16,71848.0,118630.0,30841.0,14019.482765092816,3472.225569519009,1086.9657498654024,6632.100211138199
2017-09-17,71384.0,118276.0,30836.0,14025.68149383601,3457.736474463599,1080.896807575508,6628.909673656802
2017-09-18,71000.0,117905.0,30818.0,14022.582129464412,3448.4220562137075,1075.6948570412928,6628.909673656802
2017-09-19,70775.0,117585.0,30693.0,14010.184671977986,3409.094512491896,1070.4929065070976,6616.147523731196
2017-09-20,70364.0,117216.0,30670.0,13994.68785012,3374.0430788580043,1065.3787402323023,6612.956986249798
2017-09-21,70046.0,116830.0,30538.0,13988.577622508406,3337.767260091592,1059.5146278810075,6609.766448768401
2017-09-22,69477.0,116478.0,30429.0,13988.577622508406,3303.50676459,1054.4882458655932,6612.956986249798
2017-09-23,68775.0,116026.0,30305.0,13994.68785012,3271.4328922239065,1048.6241335142984,6628.909673656802
2017-09-24,68033.0,115608.0,30278.0,13997.787214491598,3236.038044221094,1044.4354818348022,6644.862361063805
2017-09-25,67254.0,115160.0,30250.0,14003.985943234791,3199.660005996004,1040.246830155306,6657.624510989394
2017-09-26,66452.0,114728.0,30073.0,14007.085307606389,3166.5736819877907,1036.895908811709,6641.671823582408
2017-09-27,65663.0,114263.0,29941.0,14007.085307606389,3131.0998802877007,1033.544987468093,6619.338061212593
2017-09-28,64784.0,113782.0,29892.0,14007.085307606389,3094.66732719029,1031.0317964603953,6600.194836324192
2017-09-29,63942.0,113354.0,29783.0,14000.886578863196,3069.1673684087923,1026.8431447808991,6606.575911287004
2017-09-30,63064.0,113024.0,29747.0,13997.787214491598,3042.998404939195,1023.4922234373024,6612.956986249798
2017-10-01,62033.0,112613.0,29715.0,13994.68785012,3017.764047307797,1020.9790324296048,6619.338061212593
2017-10-02,60964.0,112135.0,29692.0,13994.68785012,2992.529689676398,1018.4658414219068,6622.528598694008
2017-10-03,59914.0,111710.0,29652.0,13997.787214491598,2962.421057276405,1016.7903807501084,6632.100211138199
2017-10-04,58876.0,111235.0,29620.0,13997.787214491598,2933.27068749719,1015.1149200782908,6644.862361063805
2017-10-05,57936.0,110827.0,29593.0,14003.985943234791,2902.298419606798,1013.4394594064923,6644.862361063805
2017-10-06,56983.0,110404.0,29477.0,14013.284036349583,2870.3214879132065,1013.4394594064923,6632.100211138199
2017-10-07,56043.0,109965.0,29468.0,14016.383400721215,2068.387122596994,1012.6017290705933,6606.575911287004
2017-10-08,55176.0,109559.0,29464.0,14028.780858207603,1047.537648525,1015.1149200782908,6579.507924908395
2017-10-09,54848.0,109251.0,29509.0,14084.56941689639,886.9683119357961,1030.1940661244962,6606.575911287004
2017-10-10,54591.0,109283.0,29647.0,14109.364331869205,960.0653914575026,1051.9750548578954,6648.052898545202
2017-10-11,54171.0,109251.0,29710.0,14013.284036349583,829.6502738231959,1058.6768975451084,6568.392625936805
2017-10-12,53797.0,109218.0,29710.0,14007.085307606389,683.5062632486992,1061.190088552806,6600.194836324192
2017-10-13,53482.0,109202.0,29710.0,14000.886578863196,668.2110779894979,1060.3523582169069,6635.290748619596
2017-10-14,52980.0,109202.0,29531.0,14000.886578863196,717.6810273521991,1058.6768975451084,6660.815048470809
2017-10-15,52210.0,109202.0,29347.0,14000.886578863196,768.0112559400017,1056.1637065373916,6676.767735877795
2017-10-16,51394.0,109234.0,29159.0,14000.886578863196,785.7342918300019,1054.4882458655932,6654.4339735079975
2017-10-17,50542.0,109234.0,28879.0,13994.68785012,746.4689204789968,1050.2995941860968,6540.604378507798
2017-10-18,49667.0,109218.0,28592.0,13988.577622508406,702.9694412339968,1046.9486728425,6437.787863020498
2017-10-19,48770.0,109170.0,28289.0,13991.632736314205,670.2023534505037,1043.5977514989029,6326.634873304502
2017-10-20,47892.0,109154.0,28001.0,14000.886578863196,675.8443005899986,1040.246830155306,6215.162973214797
2017-10-21,46991.0,109137.0,27727.0,14007.085307606389,661.2416138759967,1036.895908811709,6101.322234110407
2017-10-22,46135.0,109121.0,27417.0,14013.284036349583,678.4993345380036,1033.544987468093,5988.425811204003
2017-10-23,45367.0,109105.0,27107.0,14019.482765092816,687.9452336664028,1031.0317964603953,5876.568136115398
2017-10-24,44900.0,108765.0,26821.0,14019.482765092816,684.8721003002978,1032.7072571321935,5775.363572939999
2017-10-25,44500.0,108653.0,27068.0,14031.880222579202,696.4817152389028,1041.9222908271045,5673.320627726704
2017-10-26,43811.0,108395.0,27146.0,14016.383400721215,688.6281521922023,1044.4354818348022,5560.811739414602
2017-10-27,43130.0,108056.0,27193.0,13997.787214491598,673.8530251290002,1043.5977514989029,5444.324471073304
2017-10-28,42689.0,107750.0,27236.0,13994.68785012,683.8477225115987,1041.0845604912054,5320.9635388125
2017-10-29,42331.0,107428.0,27262.0,14003.985943234791,707.4084116517007,,5203.711595929505
2017-10-30,42573.0,109640.0,29039.0,14056.675137552014,779.2237888499996,,5145.662380758001
2017-10-31,44934.0,111873.0,29950.0,14016.383400721215,708.4327894403997,1241.7805252095025,5140.614622917005
2017-11-01,45968.0,112662.0,30227.0,13997.787214491598,690.3354485067007,1217.511305655004,5143.138501837503
2017-11-02,46668.0,113057.0,30209.0,13997.787214491598,694.7744189243966,1197.7363860180017,5148.186259678499
2017-11-03,47180.0,113322.0,30150.0,14003.985943234791,668.5429572329977,1184.2534862654934,5150.710138598996
2017-11-04,47636.0,113535.0,30191.0,14007.085307606389,683.8477225115987,1172.568306480004,5148.186259678499
2017-11-05,48025.0,113601.0,30296.0,14013.284036349583,697.1646337647022,1164.4785666284909,5153.234017519493
2017-11-06,48325.0,113568.0,30410.0,14016.383400721215,701.9450634452978,1160.8831266944942,5158.281775360503
2017-11-07,48726.0,113683.0,30538.0,14016.383400721215,681.486247729501,1159.085406727496,5165.853412121996
2017-11-08,49107.0,113486.0,30630.0,14016.383400721215,645.0947518580964,1157.2876867604975,5213.807111611496
2017-11-09,49422.0,113420.0,30726.0,14019.482765092816,678.4993345380036,1154.59110681,5241.569779736999
2017-11-10,49679.0,113239.0,30822.0,14022.582129464412,692.7256633469985,1152.8571232986014,5264.423111526293
2017-11-11,49924.0,113090.0,30698.0,14010.184671977986,686.2379373518966,1146.7881810087072,5277.273208636796
2017-11-12,50169.0,112909.0,30781.0,14000.886578863196,662.9010100935027,1142.4532222301914,5284.983266903103
2017-11-13,50367.0,112695.0,30845.0,13997.787214491598,659.5822176584982,1138.9852552073944,5292.693325169397
2017-11-14,50554.0,112481.0,30675.0,13997.787214491598,656.9271837105006,1136.384279940297,5290.123305747299
2017-11-15,50449.0,112250.0,30721.0,13997.787214491598,652.9446327884966,1133.7833046731992,5279.843228058894
2017-11-16,50297.0,112070.0,30795.0,14000.886578863196,658.5865799279991,1132.049321161801,5272.133169792601
2017-11-17,50157.0,111808.0,30744.0,14000.886578863196,667.5473195024986,1131.1823294061016,5269.563150370503
2017-11-18,50017.0,111710.0,30813.0,14007.085307606389,670.5342326940033,1130.3153376504024,5274.703189214698
2017-11-19,49924.0,111710.0,30975.0,14025.68149383601,700.9206856565987,1152.8571232986014,5351.8037718777005
2017-11-20,49982.0,111792.0,31206.0,14034.9795869508,757.5221122500029,1172.568306480004,5387.784043787098
2017-11-21,50297.0,112053.0,31304.0,14022.582129464412,711.5059228064969,1169.8717265295063,5349.233752455603
2017-11-22,50367.0,112119.0,31391.0,14013.284036349583,684.1891817744985,1164.4785666284909,5308.1134417019975
2017-11-23,50309.0,112021.0,31382.0,14016.383400721215,704.6767375485031,1159.085406727496,5282.413247481006
2017-11-24,50251.0,112021.0,31461.0,14016.383400721215,727.8621115067978,1153.724115054301,5266.993130948405
2017-11-25,50146.0,111971.0,31551.0,14022.582129464412,750.6817828878009,1150.256148031504,5279.843228058894
2017-11-26,50052.0,111906.0,31611.0,14028.780858207603,844.8818529671993,1147.6551727644064,5290.123305747299
2017-11-27,49971.0,111808.0,31663.0,14028.780858207603,833.458168609201,1145.054197497309,5295.263344591494
2017-11-28,50006.0,111988.0,31485.0,14022.582129464412,773.7983696999964,1141.586230474492,5297.833364013607
2017-11-29,49866.0,112119.0,31289.0,14010.184671977986,714.9205154355016,1138.1182634516952,5300.403383435704
2017-11-30,50029.0,112316.0,31118.0,14003.985943234791,678.8312137815034,1134.6502964288984,5297.833364013607
2017-12-01,49866.0,112185.0,31179.0,14007.085307606389,681.8181269730006,1133.7833046731992,5297.833364013607
2017-12-02,49725.0,112037.0,31225.0,14007.085307606389,690.6769077696003,1132.9163129175,5292.693325169397
2017-12-03,49562.0,111939.0,31266.0,14007.085307606389,695.4573374502038,1130.3153376504024,5287.553286325202
2017-12-04,49375.0,111857.0,31313.0,14007.085307606389,696.4817152389028,1126.8473706276056,5279.843228058894
2017-12-05,49189.0,111776.0,31193.0,14010.184671977986,696.4817152389028,1123.3794036048089,5274.703189214698
2017-12-06,49037.0,111792.0,31285.0,14019.482765092816,719.4363866891975,1128.581354139004,5277.273208636796
2017-12-07,48959.0,112021.0,31206.0,14019.482765092816,720.1385304239968,1132.9163129175,5269.563150370503
2017-12-08,48826.0,112168.0,31090.0,14016.383400721215,685.8964780889968,1132.049321161801,5261.853092104196
2017-12-09,48781.0,112234.0,31017.0,14019.482765092816,651.9489950579975,1130.3153376504024,5261.853092104196
2017-12-10,48703.0,112135.0,31099.0,14022.582129464412,670.866111937503,1127.714362383305,5264.423111526293
2017-12-11,48614.0,112053.0,31155.0,14022.582129464412,692.3842040840988,1125.9803788719064,5261.853092104196
2017-12-12,48526.0,111922.0,31159.0,14019.482765092816,682.8233447228997,1128.581354139004,5259.283072682098
2017-12-13,48414.0,111726.0,31211.0,14013.284036349583,659.2503384149985,1128.581354139004,5251.665295419005
2017-12-14,48359.0,111513.0,31085.0,14016.383400721215,661.2416138759967,1125.1133871162072,5249.141416498507
2017-12-15,48114.0,111203.0,30900.0,14007.085307606389,657.9228214409997,1120.7784283376914,5254.189174339502
2017-12-16,47814.0,110908.0,30726.0,14003.985943234791,663.2328893370025,1118.1774530705936,5261.853092104196
2017-12-17,47591.0,110680.0,30762.0,14003.985943234791,702.2865227081976,1117.3104613148944,5272.133169792601
2017-12-18,47336.0,110404.0,30818.0,14000.886578863196,735.9367644569984,1115.576477803496,5282.413247481006
2017-12-19,47069.0,110176.0,30854.0,13997.787214491598,724.3513928328009,1115.576477803496,5292.693325169397
2017-12-20,46958.0,109932.0,30914.0,13997.787214491598,716.2863524871003,1124.246395360508,5302.973402857802
2017-12-21,46924.0,109721.0,30887.0,13994.68785012,686.9208558777037,1128.581354139004,5305.5434222799
2017-12-22,46858.0,109526.0,30919.0,13994.68785012,653.9402705190033,1127.714362383305,5300.403383435704
2017-12-23,46780.0,109283.0,30980.0,14013.284036349583,665.8879232849999,,5310.683461124095
2017-12-24,46869.0,109316.0,31215.0,14044.27768006559,790.8785667371973,1181.5569063149958,5351.8037718777005
2017-12-25,47202.0,109251.0,31364.0,14065.973230666808,903.7948013843984,1187.8489261994905,5377.503966098708
2017-12-26,47469.0,109218.0,31443.0,14072.17195941,760.7773637399999,1175.2648864305015,5377.503966098708
2017-12-27,47447.0,108959.0,31053.0,14038.078951322395,644.1257035691973,1161.7819866779937,5351.8037718777005
2017-12-28,47347.0,108733.0,30639.0,14007.085307606389,657.2590629540002,1151.9901315429022,5318.393519390403
2017-12-29,47269.0,108508.0,30236.0,14007.085307606389,679.163093025003,1145.921189253008,5290.123305747299
2017-12-30,47369.0,108282.0,29838.0,14016.383400721215,704.6767375485031,1142.4532222301914,5292.693325169397
2017-12-31,47536.0,108040.0,29441.0,14022.582129464412,729.2663989763964,1139.8522469630936,5295.263344591494
2018-01-01,47669.0,107782.0,29083.0,14028.780858207603,747.1710642137962,1137.251271695996,5292.693325169397
2018-01-02,47780.0,107476.0,28690.0,14028.780858207603,758.9688906900017,1132.9163129175,5290.123305747299
2018-01-03,47925.0,107300.0,28381.0,14028.780858207603,735.5856925895987,1129.4483458947032,5287.553286325202
2018-01-04,48047.0,107156.0,28084.0,14028.780858207603,706.3840338630015,1125.9803788719064,5284.983266903103
2018-01-05,48170.0,107044.0,27783.0,14025.68149383601,679.8268515120025,1123.3794036048089,5277.273208636796
2018-01-06,48236.0,106900.0,27460.0,14019.482765092816,678.4993345380036,1118.1774530705936,5261.853092104196
2018-01-07,48236.0,106708.0,27159.0,14013.284036349583,675.5124213464989,1112.1085107806991,5249.141416498507
2018-01-08,48236.0,106532.0,26970.0,14007.085307606389,676.1761798334982,1105.1725767351054,5241.569779736999
2018-01-09,48314.0,106276.0,27000.0,14007.085307606389,682.4818854600001,1101.7046097123086,5249.141416498507
2018-01-10,48414.0,105988.0,27000.0,14003.985943234791,678.1674552944963,1099.1036344451911,5259.283072682098
2018-01-11,48514.0,105653.0,27031.0,14000.886578863196,668.2110779894979,1097.3696509337929,5272.133169792601
2018-01-12,48703.0,105478.0,27094.0,14044.27768006559,685.5550188260972,,5297.833364013607
2018-01-13,50811.0,107766.0,29369.0,14255.03445733441,1325.7810353825996,,5495.724859515301
2018-01-14,53062.0,109705.0,30396.0,14314.17204743099,,1237.2862252920063,5490.584820671106
2018-01-15,54217.0,110517.0,30693.0,14261.233186077605,,1206.7249858529935,5423.764315696494
2018-01-16,55152.0,111089.0,30914.0,14177.55034804441,1032.404639308504,1191.4443661335072,5382.644004942903
2018-01-17,56104.0,111447.0,31132.0,14090.768145639584,748.2242798160031,1186.0512062324915,5320.9635388125
2018-01-18,56812.0,111644.0,31299.0,14034.9795869508,670.866111937503,1176.1637464140008,5254.189174339502
2018-01-19,57325.0,111759.0,31425.0,14000.886578863196,651.2852365709981,1168.9728665460077,5264.423111526293
2018-01-20,57838.0,111824.0,31560.0,14007.085307606389,682.8233447228997,1167.175146579009,5274.703189214698
2018-01-21,58339.0,111988.0,31681.0,14010.184671977986,689.9939892438009,1166.27628659551,5279.843228058894
2018-01-22,58778.0,112102.0,31808.0,14013.284036349583,677.1718175639973,1166.27628659551,5290.123305747299
2018-01-23,59389.0,112266.0,31958.0,14093.867510011216,858.2094847181959,,5594.826054485701
2018-01-24,62326.0,114230.0,33019.0,14183.749076787604,1379.0610301478966,1379.5011570935897,5905.864193876702
2018-01-25,64033.0,115061.0,33153.0,14093.867510011216,1184.9739102413969,1301.1713992883929,5600.059026035096
2018-01-26,65166.0,115742.0,33101.0,14034.9795869508,838.0276423523968,1248.3870564791964,5367.223888410302
2018-01-27,66057.0,116194.0,33005.0,14078.370688153194,868.6240085292039,1222.0056055725,5315.8234999683045
2018-01-28,66847.0,116846.0,32895.0,14131.059882470418,795.3397276080017,1217.511305655004,5292.693325169397
2018-01-29,67609.0,117451.0,32771.0,14155.854797443197,698.1890115534013,1213.017005737508,5279.843228058894
2018-01-30,68232.0,117888.0,32615.0,14106.264967497604,665.5560440415003,1202.2306859354974,5282.413247481006
2018-01-31,68762.0,118208.0,32386.0,14050.476408808783,655.5996667365018,1186.950066215991,5300.403383435704
2018-02-01,69185.0,118579.0,32222.0,14016.383400721215,702.6279819710973,1178.8603263644984,5313.253480546207
2018-02-02,69609.0,118495.0,32137.0,13994.68785012,693.4085818727978,1174.3660264470025,5300.403383435704
2018-02-03,69874.0,118293.0,32000.0,13988.577622508406,657.2590629540002,1161.7819866779937,5284.983266903103
2018-02-04,70112.0,118124.0,32037.0,13994.68785012,686.2379373518966,1158.1865467439968,5310.683461124095
2018-02-05,70443.0,117972.0,32127.0,14025.68149383601,728.9153271089968,1159.9842667109951,5398.064121475502
2018-02-06,70682.0,117770.0,32155.0,14000.886578863196,702.6279819710973,1153.724115054301,5305.5434222799
2018-02-07,70907.0,117551.0,32160.0,14010.184671977986,676.8399383204977,1153.724115054301,5279.843228058894
2018-02-08,71132.0,117434.0,32232.0,14028.780858207603,686.9208558777037,1154.59110681,5367.223888410302
2018-02-09,71159.0,117199.0,32260.0,14003.985943234791,681.1543684860012,1152.8571232986014,5277.273208636796
2018-02-10,71119.0,116830.0,32307.0,13997.787214491598,653.6083912755035,1151.1231397872032,5231.474264054994
2018-02-11,71172.0,116763.0,32368.0,14031.880222579202,680.1587307555021,1159.085406727496,5382.644004942903
2018-02-12,71569.0,117484.0,32349.0,14152.7554330716,913.8236805368985,1201.3318259519983,5788.679962831503
2018-02-13,72457.0,118208.0,32373.0,14152.7554330716,778.8620942399999,1219.3090256220023,5657.621713078503
2018-02-14,72854.0,118748.0,32217.0,14112.4636962408,709.7986264919984,1209.421565803491,5405.774179741797
2018-02-15,73185.0,119240.0,32037.0,14075.2713237816,777.4153158000013,1220.2078856055016,5284.983266903103
2018-02-16,73954.0,119987.0,31981.0,14078.370688153194,890.4810508860018,1377.4303088183915,5359.513830143995
2018-02-17,75141.0,120855.0,32292.0,14084.56941689639,887.3586162635956,1378.4657329559907,5410.914218586006
2018-02-18,76675.0,121643.0,32505.0,14072.17195941,742.2560580702007,1312.9012532460044,5367.223888410302
2018-02-19,77448.0,122138.0,32647.0,14028.780858207603,830.0310633018041,,5277.273208636796
2018-02-20,78498.0,122877.0,32871.0,13988.577622508406,836.1236949593987,1351.5447053783914,5231.474264054994
2018-02-21,80308.0,123739.0,33062.0,14010.184671977986,780.3088726799987,,5223.902627293501
2018-02-22,81871.0,124603.0,33269.0,14025.68149383601,680.8224892425015,,5292.693325169397
2018-02-23,83504.0,125175.0,33331.0,14075.2713237816,779.2237888499996,1373.2886122679952,5297.833364013607
2018-02-24,84849.0,126149.0,33360.0,14087.668781267988,842.5971160956015,1379.5011570935897,5266.993130948405
2018-02-25,86294.0,127250.0,33693.0,14174.450983672812,1101.4234654695008,,5336.383655345101
2018-02-26,88057.0,128761.0,34340.0,14342.815327884002,1732.7270299439972,1506.5256973175938,5493.154840093204
2018-02-27,89073.0,129731.0,34660.0,14270.531279192395,1300.9739987525995,1386.7491260568067,5331.243616500905
2018-02-28,89667.0,130457.0,34892.0,14118.662424983992,893.2131811805992,1320.7211558843974,5241.569779736999
2018-03-01,90016.0,130972.0,35036.0,14010.184671977986,731.7239020482021,1289.4415453308036,5196.139959167997
2018-03-02,90351.0,131612.0,35145.0,14059.774501923612,820.619639209204,,5380.073985520806
2018-03-03,90640.0,132237.0,35125.0,14137.25861121361,1343.6421017561945,1348.4384329655943,5470.024665294296
2018-03-04,90686.0,132541.0,35075.0,14174.450983672812,2151.9526216850954,1308.013814097009,5444.324471073304
2018-03-05,90579.0,132718.0,35060.0,14143.457339956803,2661.57377757,1277.711691373192,5369.7939078324
2018-03-06,90397.0,132897.0,34882.0,13991.632736314205,2541.098321084398,1256.2069591175891,5305.5434222799
2018-03-07,90199.0,133078.0,34670.0,13967.19182586779,2333.720749025993,1249.3645443089956,5295.263344591494
2018-03-08,89956.0,133132.0,34463.0,13951.916256838806,2120.036233107293,1240.8816652260032,5274.703189214698
2018-03-09,89667.0,133168.0,34219.0,13973.302053479383,1911.4024728588024,1230.0953454239925,5233.998142975506
2018-03-10,89302.0,133078.0,33969.0,14003.985943234791,2134.606758327596,1219.3090256220023,5246.617537577995
2018-03-11,88921.0,132862.0,33756.0,14022.582129464412,2420.830171005,1210.3204257869902,5249.141416498507
2018-03-12,88465.0,132665.0,33534.0,14028.780858207603,2611.0483642332083,1203.1295459189969,5249.141416498507
2018-03-13,88328.0,132629.0,33355.0,14013.284036349583,2605.314494526595,1201.3318259519983,5272.133169792601
2018-03-14,88632.0,132683.0,33173.0,13994.68785012,2431.681139645408,1196.8375260345024,5269.563150370503
2018-03-15,89028.0,132629.0,32972.0,13994.68785012,2139.463600067707,1194.1409460840048,5266.993130948405
2018-03-16,89362.0,132505.0,32767.0,13994.68785012,1896.248055231602,1191.4443661335072,5264.423111526293
2018-03-17,89651.0,132237.0,32557.0,14000.886578863196,1995.7677080561996,1184.2534862654934,5266.993130948405
2018-03-18,89910.0,132004.0,32349.0,14003.985943234791,2131.137585656099,1181.5569063149958,5264.423111526293
2018-03-19,90153.0,131702.0,32132.0,14000.886578863196,2225.9507443919924,1178.8603263644984,5259.283072682098
2018-03-20,90382.0,131416.0,31911.0,14000.886578863196,2233.786157538001,1174.3660264470025,5244.093658657497
2018-03-21,90549.0,131096.0,31747.0,14007.085307606389,2224.5261238199937,1172.568306480004,5244.093658657497
2018-03-22,90655.0,130848.0,31587.0,14010.184671977986,2228.0876752500067,1169.8717265295063,5249.141416498507
2018-03-23,90762.0,130546.0,31378.0,14007.085307606389,2288.874951204301,1168.9728665460077,5244.093658657497
2018-03-24,90640.0,130280.0,31378.0,14000.886578863196,2350.277629357195,1169.8717265295063,5264.423111526293
2018-03-25,90382.0,129890.0,31420.0,13991.632736314205,2413.8545483076064,1171.6694464965049,5290.123305747299
2018-03-26,90153.0,129589.0,31457.0,13988.577622508406,2477.4102217728014,1171.6694464965049,5302.973402857802
2018-03-27,89910.0,129253.0,31490.0,14003.985943234791,2540.3016805595985,1175.2648864305015,5308.1134417019975
2018-03-28,89499.0,129042.0,31537.0,14019.482765092816,2620.8778551588,1188.7477861830098,5320.9635388125
2018-03-29,88952.0,128778.0,31620.0,14007.085307606389,2773.854244331095,1223.8033255394985,5341.523694189296
2018-03-30,88921.0,129095.0,31738.0,14010.184671977986,3233.0884735541968,1285.5315940116072,5362.083849566106
2018-03-31,90944.0,130635.0,32056.0,14010.184671977986,4206.151149018912,1326.586082863192,5374.933946676595
2018-04-01,92755.0,131809.0,32288.0,14010.184671977986,5043.079467852614,1311.9237654162057,5372.363927254497
2018-04-02,94261.0,132773.0,32496.0,14025.68149383601,5609.179400014487,1295.3064723095983,5395.494102053405
2018-04-03,95402.0,133617.0,32496.0,14022.582129464412,5493.974583453891,,5482.874762404799
2018-04-04,96398.0,134444.0,32596.0,14031.880222579202,5364.983825710809,1356.7218260664104,5594.826054485701
2018-04-05,97122.0,135475.0,32962.0,14022.582129464412,5277.945830270991,1335.3834733314063,5681.170085050797
2018-04-06,97396.0,136417.0,33211.0,14016.383400721215,5032.174147265392,1296.283960139397,5757.048172517101
2018-04-07,97573.0,137255.0,33437.0,14031.880222579202,5169.291140171993,1275.7567157135938,5857.9251902673
2018-04-08,97540.0,137784.0,33591.0,14041.178315693993,5268.01682445,1257.1844469474106,5945.813363551197
2018-04-09,97251.0,138149.0,33736.0,14041.178315693993,5393.923304722815,1237.2862252920063,6020.385146943604
2018-04-10,96945.0,138443.0,33639.0,14025.68149383601,5432.991601389013,1222.9044655559992,6095.901246533997
2018-04-11,96478.0,138590.0,33751.0,14007.085307606389,5418.521861882994,1212.118145754009,6163.6635912389975
2018-04-12,96060.0,138645.0,33872.0,14003.985943234791,5382.347513117993,1204.028405902496,6228.7154421558
2018-04-13,95867.0,138682.0,34008.0,14000.886578863196,5393.923304722815,1200.432965968499,6293.767293072602
2018-04-14,95770.0,138921.0,34204.0,14003.985943234791,5550.100006906507,1200.432965968499,6346.086646504801
2018-04-15,95676.0,139509.0,34557.0,14003.985943234791,5726.219474577317,1198.6352460015007,6390.547842391192
2018-04-16,95615.0,140301.0,34818.0,14065.973230666808,5884.687235142012,,6562.834976450994
2018-04-17,96382.0,141894.0,35369.0,14162.05352618639,6099.296613953993,1379.5011570935897,6657.624510989394
2018-04-18,97122.0,141876.0,35199.0,14149.656068699998,5762.366256347684,1337.3384489910047,6593.813761361397
2018-04-19,97669.0,141543.0,35135.0,14100.066238754407,5351.961060155388,1296.283960139397,6635.290748619596
2018-04-20,98088.0,141153.0,35095.0,14050.476408808783,5340.385268550598,1269.891788734799,6651.2434360266
2018-04-21,98023.0,140820.0,35075.0,14041.178315693993,5634.3464042441965,1244.47710516,6644.862361063805
2018-04-22,97396.0,140579.0,35090.0,14025.68149383601,5919.956695680015,1227.398765473495,6625.719136175405
2018-04-23,96881.0,140320.0,35090.0,14007.085307606389,6111.999067976417,1213.915865721007,6600.194836324192
2018-04-24,96446.0,140061.0,35070.0,14003.985943234791,6019.567065422994,1204.028405902496,6597.004298842795
2018-04-25,96108.0,139951.0,35095.0,14038.078951322395,5903.088692813994,,6721.435260617408
2018-04-26,96527.0,140190.0,35214.0,14028.780858207603,5783.479217945998,1309.968789756607,6676.767735877795
2018-04-27,96768.0,140320.0,35155.0,14022.582129464412,5268.01682445,1295.3064723095983,6603.385373805607
2018-04-28,96929.0,140653.0,35145.0,14038.078951322395,5623.949248291507,1293.35149665,6660.815048470809
2018-04-29,96929.0,140727.0,35145.0,14050.476408808783,6096.121000448396,1268.914300905,6702.292035729008
2018-04-30,96848.0,140746.0,35115.0,14041.178315693993,6389.099630206784,1245.454592989799,6715.054185654596
2018-05-01,96848.0,140597.0,35090.0,14022.582129464412,6372.941330818798,1230.0953454239925,6737.387948024394
2018-05-02,96768.0,140542.0,35055.0,14007.085307606389,6261.44906504159,1215.7135856880057,6743.769022987206
2018-05-03,96575.0,140468.0,35060.0,14010.184671977986,6066.386966357987,1204.9272658859952,6746.959560468603
2018-05-04,96478.0,140616.0,35011.0,14031.880222579202,5985.232471403991,1205.8261258694945,6743.769022987206
2018-05-05,96414.0,140634.0,34956.0,14038.078951322395,6092.945386942799,1201.3318259519983,6721.435260617408
2018-05-06,96285.0,140579.0,34902.0,14038.078951322395,6242.199221706007,1195.938666051003,6695.910960766196
2018-05-07,96285.0,140505.0,34843.0,14044.27768006559,6466.018941958488,1205.8261258694945,6670.386660915
2018-05-08,96205.0,140579.0,34774.0,14022.582129464412,6643.342005468015,1203.1295459189969,6628.909673656802
2018-05-09,96108.0,140542.0,34675.0,14007.085307606389,6680.237266985381,1194.1409460840048,6612.956986249798
2018-05-10,96124.0,140431.0,34552.0,14010.184671977986,6683.591381668816,1186.0512062324915,6616.147523731196
2018-05-11,96189.0,140653.0,34562.0,14019.482765092816,6671.851980276889,1179.7591863479977,6619.338061212593
2018-05-12,96108.0,140486.0,34621.0,14038.078951322395,6556.515096306017,1183.354626281994,6648.052898545202
2018-05-13,96076.0,140449.0,34596.0,14062.873866295213,6853.415929381217,1221.1067455890009,6686.339348322003
2018-05-14,96012.0,140357.0,34695.0,14078.370688153194,6978.394125325182,1228.2976254569942,6734.197410542997
2018-05-15,95835.0,140227.0,34626.0,14059.774501923612,6865.387076004306,,6600.194836324192
2018-05-16,95899.0,140412.0,34645.0,14118.662424983992,6860.256584594411,1331.47352201221,6695.910960766196
2018-05-17,95947.0,140486.0,34582.0,14202.345263017189,7121.259195042016,1340.270912480402,6791.627085208199
2018-05-18,95931.0,140653.0,34626.0,14044.27768006559,6633.279661417786,1317.7886923950002,6587.844399137102
2018-05-19,95867.0,140690.0,34611.0,14121.76178935559,6431.465864843982,,6705.482573210405
2018-05-20,96173.0,140968.0,35060.0,14342.815327884002,6981.917030826619,1466.3824182024057,7082.584982575207
2018-05-21,96253.0,140857.0,35145.0,14419.197409092005,6814.082161905315,1425.0598191479953,6934.892723559297
2018-05-22,96221.0,140634.0,35090.0,14186.848441159202,6790.139868659097,,6686.339348322003
2018-05-23,96382.0,140431.0,35070.0,14168.252254929585,7020.668991341983,,6565.613801193907
2018-05-24,96382.0,140320.0,35026.0,14053.575773180415,6992.485747330809,1530.394674088797,6571.171450679702
2018-05-25,96285.0,140171.0,35026.0,14041.178315693993,6810.661834298718,1429.2015156983914,6644.862361063805
2018-05-26,96140.0,139969.0,35006.0,14078.370688153194,6838.0244551514925,1355.6864019288114,6689.5298858034
2018-05-27,96044.0,139767.0,34961.0,14075.2713237816,6822.632980921806,1310.9462775864065,6711.863648173199
2018-05-28,96028.0,139712.0,34764.0,14031.880222579202,6790.139868659097,1288.4640575010044,6715.054185654596
2018-05-29,96044.0,139583.0,34705.0,13982.467394896814,6781.589049642605,1264.0268617560043,6711.863648173199
2018-05-30,95835.0,139418.0,34715.0,13988.577622508406,6767.907739216217,1237.2862252920063,6657.624510989394
2018-05-31,95523.0,139160.0,34778.0,14007.085307606389,6796.980523872291,1214.8147257045066,6622.528598694008
2018-06-01,92973.0,138070.0,34503.0,14016.383400721215,6812.371998102016,1200.432965968499,6619.338061212593
2018-06-02,92851.0,137980.0,34707.0,14013.284036349583,6812.371998102016,1190.545506150008,6600.194836324192
2018-06-03,92622.0,138100.0,34572.0,13991.632736314205,6779.878885839306,1181.5569063149958,6576.729100165498
2018-06-04,92409.0,138200.0,34468.0,13976.357167285216,6738.934273944905,1176.1637464140008,6579.507924908395
2018-06-05,92181.0,138140.0,34374.0,13985.522508702608,6747.385773576598,1172.568306480004,6593.813761361397
2018-06-06,91923.0,138090.0,34295.0,13988.577622508406,6774.748394429412,1167.175146579009,6628.909673656802
2018-06-07,91636.0,137980.0,34290.0,13994.68785012,6774.748394429412,1160.8831266944942,6651.2434360266
2018-06-08,91515.0,137760.0,34231.0,13997.787214491598,6771.328066822814,1153.724115054301,6670.386660915
2018-06-09,91200.0,137540.0,34147.0,14010.184671977986,6708.747241794294,1147.6551727644064,6683.148810840607
2018-06-10,90854.0,137280.0,34063.0,14025.68149383601,6653.404349518206,1140.719238718793,6734.197410542997
2018-06-11,90510.0,137030.0,33980.0,14050.476408808783,6740.611331286604,1134.6502964288984,7428.390380943009
2018-06-12,90166.0,136750.0,33901.0,14010.184671977986,6774.748394429412,1129.4483458947032,6945.699474219008
2018-06-13,89779.0,136480.0,33798.0,13997.787214491598,6759.356920199686,1123.3794036048089,6635.290748619596
2018-06-14,89451.0,136240.0,33818.0,14007.085307606389,6815.792325708612,1117.3104613148944,6651.2434360266
2018-06-15,89065.0,135950.0,33818.0,14003.985943234791,6826.053308528403,1109.5075355136016,6625.719136175405
2018-06-16,88724.0,135720.0,33720.0,14003.985943234791,6771.328066822814,1101.7046097123086,6651.2434360266
2018-06-17,88340.0,135370.0,33573.0,13997.787214491598,6745.675609773299,1093.901683910996,6670.386660915
2018-06-18,87853.0,134920.0,33564.0,13991.632736314205,6722.163700527883,1086.9657498654024,6673.577198396398
2018-06-19,87500.0,134560.0,33573.0,14013.284036349583,6785.009377249202,1083.4977828426054,6683.148810840607
2018-06-20,87147.0,134160.0,33456.0,14013.284036349583,6802.111015282187,1077.428840552691,6644.862361063805
2018-06-21,86810.0,133670.0,33277.0,14013.284036349583,6786.719541052501,1072.226890018496,6622.528598694008
2018-06-22,86415.0,133240.0,33257.0,14007.085307606389,6757.646756396388,1065.3787402323023,6609.766448768401
2018-06-23,86021.0,132740.0,33160.0,14003.985943234791,6675.206094960287,1062.0278188887053,6673.577198396398
2018-06-24,85715.0,132430.0,33150.0,14003.985943234791,6603.092629267214,,6750.150097950001
2018-06-25,85497.0,132130.0,33170.0,13994.68785012,6641.664948126317,1084.3647745983046,6782.055472764007
2018-06-26,85265.0,131680.0,33049.0,13991.632736314205,6686.945496352214,1081.763799331207,6727.816335580202
2018-06-27,84917.0,131200.0,33005.0,14003.985943234791,6715.455471161088,1079.1628240641094,6664.005585952206
2018-06-28,84758.0,131000.0,33073.0,14044.27768006559,6788.429704855799,,6705.482573210405
2018-06-29,84903.0,130880.0,33228.0,14022.582129464412,6872.227731217499,1118.1774530705936,6628.909673656802
2018-06-30,84932.0,130550.0,33247.0,14025.68149383601,6908.141171086805,1119.0444448262929,6609.766448768401
2018-07-01,84772.0,130140.0,33247.0,14022.582129464412,6868.807403610903,1112.9755025363984,6585.065574394206
2018-07-02,84397.0,129720.0,33228.0,14019.482765092816,6793.560196265694,1105.1725767351054,6587.844399137102
2018-07-03,84065.0,129260.0,33199.0,14010.184671977986,6755.93659259309,1097.3696509337929,6609.766448768401
2018-07-04,83821.0,128780.0,33121.0,14007.085307606389,6718.809585844485,1087.8327416211014,6679.958273359192
2018-07-05,83548.0,128280.0,33088.0,14038.078951322395,6795.270360068992,1081.763799331207,6880.962134687407
2018-07-06,83275.0,127930.0,33068.0,13991.632736314205,6776.458558232709,1076.561848796992,6727.816335580202
2018-07-07,83018.0,127540.0,33063.0,13991.632736314205,6675.206094960287,1068.758922995699,6699.101498247593
2018-07-08,82704.0,127100.0,33030.0,13988.577622508406,6530.188942314004,1060.3523582169069,6715.054185654596
2018-07-09,82348.0,126640.0,32996.0,13985.522508702608,6456.146634211496,1053.6505155296938,6715.054185654596
2018-07-10,81978.0,126170.0,32962.0,13994.68785012,6397.1787799008125,1047.7864031783993,6699.101498247593
2018-07-11,81595.0,125660.0,32938.0,14007.085307606389,6339.008902103992,1044.4354818348022,6673.577198396398
2018-07-12,81228.0,125230.0,32870.0,14013.284036349583,6275.991534490814,1038.5713694835076,6648.052898545202
2018-07-13,80847.0,124700.0,32832.0,14022.582129464412,6208.855279897201,1032.7072571321935,6654.4339735079975
2018-07-14,80565.0,124220.0,32793.0,14031.880222579202,6150.106430043582,1028.5186054526978,6670.386660915
2018-07-15,80551.0,123900.0,32769.0,14069.072595038404,6096.121000448396,1029.3563357885969,6746.959560468603
2018-07-16,80270.0,123490.0,32740.0,14090.768145639584,6046.098342619506,1026.8431447808991,6852.247297354798
2018-07-17,79849.0,123000.0,32707.0,14069.072595038404,5993.035788226483,1026.8431447808991,6810.770310096599
2018-07-18,79737.0,122670.0,32687.0,14056.675137552014,5991.475124861985,1026.8431447808991,6836.294609947794
2018-07-19,79597.0,122210.0,32649.0,14007.085307606389,5985.232471403991,1023.4922234373024,6708.673110691801
2018-07-20,79318.0,121780.0,32601.0,14000.886578863196,5944.655223926991,1019.303571757806,6587.844399137102
2018-07-21,78997.0,121280.0,32562.0,14003.985943234791,5771.402951790309,1016.7903807501084,6085.059271381207
2018-07-22,78690.0,120850.0,32529.0,14087.668781267988,5652.419795129415,,5820.639298571104
2018-07-23,78398.0,120760.0,32658.0,14304.62428728,6231.084574436418,,5852.598634310705
2018-07-24,78510.0,121280.0,33852.0,14162.05352618639,6909.851334890104,,6015.058590986994
2018-07-25,78746.0,121900.0,34781.0,14486.031730149016,9458.944345089314,,6291.056799284404
2018-07-26,80017.0,125210.0,35151.0,14591.057091809997,12253.624085266523,,6479.470234164007
2018-07-27,81780.0,127470.0,34946.0,14352.363088034992,11943.44778918539,1254.2519834579912,6310.030255801803
2018-07-28,82490.0,129310.0,34741.0,14251.935092962813,10503.554841496229,1216.612445671505,6337.7501722760935
2018-07-29,82932.0,129950.0,34562.0,14137.25861121361,8539.257627509407,1189.6466461665088,6457.239636220795
2018-07-30,83132.0,130340.0,34340.0,14022.582129464412,6897.880188267015,1170.7705865130058,6540.604378507798
2018-07-31,83233.0,130090.0,34098.0,14007.085307606389,6778.168722036007,1157.2876867604975,6597.004298842795
2018-08-01,83275.0,129740.0,33833.0,14016.383400721215,6819.2126533152095,,6622.528598694008
2018-08-02,83318.0,129880.0,34652.0,14028.780858207603,6820.922817118508,,6625.719136175405
2018-08-03,83390.0,129910.0,34891.0,13921.365118780795,6603.092629267214,,6638.481286100993
2018-08-04,84816.0,133710.0,35256.0,14171.351619301216,7149.5080328594895,1303.126374947991,8318.520490302011
2018-08-05,86328.0,136240.0,35026.0,14527.405357470016,7992.244417672506,1271.8467643943973,8931.12949413
2018-08-06,87118.0,137450.0,34926.0,14616.517785546006,7596.303486689385,1230.0953454239925,7617.803331179992
2018-08-07,87456.0,137830.0,34851.0,14264.3325504492,6839.734618954791,1204.028405902496,6597.004298842795
2018-08-08,87853.0,137880.0,34786.0,14062.873866295213,6750.806101183195,1188.7477861830098,6280.214824131599
2018-08-09,88961.0,139320.0,34821.0,14013.284036349583,6743.9654459700005,1176.1637464140008,6354.423120733494
2018-08-10,89630.0,139960.0,34801.0,14007.085307606389,6727.194872553016,1164.4785666284909,6462.797285706606
2018-08-11,89719.0,139890.0,34786.0,14034.9795869508,6708.747241794294,,6724.625798098805
2018-08-12,90017.0,139960.0,34821.0,14087.668781267988,6670.174922935191,1252.2970077983928,6676.767735877795
2018-08-13,90002.0,139720.0,34811.0,14152.7554330716,6960.7795978181975,,6734.197410542997
2018-08-14,89913.0,140740.0,35166.0,14245.736364219583,9392.202630886522,,7555.954204572004
2018-08-15,90914.0,141350.0,34996.0,14146.556704328405,9373.133569685684,,7017.7444786170045
2018-08-16,91395.0,140940.0,34891.0,14007.085307606389,7943.061282360002,1326.586082863192,6485.027883649802
2018-08-17,91515.0,140400.0,34821.0,13997.787214491598,6421.593557096991,,6376.653718676705
2018-08-18,92653.0,141530.0,35386.0,14078.370688153194,6170.747917830001,,6571.171450679702
2018-08-19,95445.0,142180.0,35016.0,14131.059882470418,6356.783031430814,1236.3873653085072,6727.816335580202
2018-08-20,95852.0,141480.0,34901.0,14146.556704328405,6598.061457242117,1215.7135856880057,6619.338061212593
2018-08-21,95570.0,140920.0,34851.0,14106.264967497604,6732.226044578111,1199.534105985,6565.613801193907
2018-08-22,95134.0,140370.0,34816.0,14087.668781267988,6822.632980921806,,7304.69212772699
2018-08-23,94745.0,140010.0,34836.0,14050.476408808783,6771.328066822814,1200.432965968499,6836.294609947794
2018-08-24,94280.0,139720.0,34806.0,14007.085307606389,6745.675609773299,1186.0512062324915,6648.052898545202
2018-08-25,93817.0,139320.0,34786.0,14022.582129464412,6510.444326819985,1174.3660264470025,6762.912247875606
2018-08-26,93356.0,138840.0,34766.0,14034.9795869508,6316.3872829608135,1166.27628659551,6829.913534985
2018-08-27,92866.0,138380.0,34756.0,14041.178315693993,6285.686514123605,1159.085406727496,6829.913534985
2018-08-28,92318.0,137810.0,34741.0,14044.27768006559,6369.709670941202,1151.9901315429022,6702.292035729008
2018-08-29,91561.0,137170.0,34721.0,14041.178315693993,6433.111249468518,1147.6551727644064,6606.575911287004
2018-08-30,90810.0,136610.0,34687.0,14028.780858207603,6479.182018954512,1141.586230474492,6603.385373805607
2018-08-31,90211.0,135950.0,34652.0,14031.880222579202,6558.160480930516,1135.5172881845976,6782.055472764007
2018-09-01,89570.0,135280.0,34637.0,14069.072595038404,6554.869711681481,1132.049321161801,7733.817691965
2018-09-02,88991.0,134560.0,34587.0,14093.867510011216,6384.252140390388,1126.8473706276056,6938.494973779195
2018-09-03,88443.0,133910.0,34409.0,14115.563060612396,6342.24056198159,1120.7784283376914,6670.386660915
2018-09-04,87897.0,133190.0,34123.0,14124.861153727188,6272.759874613216,1117.3104613148944,6579.507924908395
2018-09-05,87368.0,132470.0,33813.0,14078.370688153194,6022.688392151992,1111.241519025,6476.691409421093
2018-09-06,86840.0,131770.0,33505.0,14034.9795869508,5172.071561584791,1108.6405437579024,6015.058590986994
2018-09-07,86357.0,131340.0,33247.0,14044.27768006559,4248.578089697401,1190.545506150008,5405.774179741797
2018-09-08,85847.0,130700.0,32972.0,14044.27768006559,3338.774921723991,1192.3432261170065,5122.947470473507
2018-09-09,85265.0,129970.0,32856.0,14056.675137552014,2514.0125432412046,1177.9614663809991,5165.853412121996
2018-09-10,84714.0,129260.0,32812.0,14140.357975585208,2189.6229198059928,,5542.496338991705
2018-09-11,84686.0,129200.0,33218.0,14171.351619301216,2465.0091147551952,1630.938737287207,5594.826054485701
2018-09-12,84512.0,128800.0,33369.0,14022.582129464412,2032.786727783396,1463.127557733609,5344.0937136113935
2018-09-13,84166.0,128340.0,33510.0,13945.806029227211,1581.905591190005,1442.6620294872023,5122.947470473507
2018-09-14,83893.0,128000.0,33705.0,13945.806029227211,1547.346062225699,1441.6266053496038,5173.425048883504
2018-09-15,83333.0,127540.0,33813.0,14003.985943234791,1687.9676152223983,1400.2096398455942,5390.354063209195
2018-09-16,82716.0,127034.0,33872.0,14047.377044437188,1735.1106951791949,1346.367584690396,5558.195253639904
2018-09-17,81964.0,126450.0,33896.0,14059.774501923612,1696.091471673604,1297.2614479691963,5694.252513924299
2018-09-18,81482.0,126310.0,34127.0,14106.264967497604,1966.2964076270964,,5863.251746223896
2018-09-19,81638.0,127030.0,34931.0,14155.854797443197,3386.3259345476936,1315.8337167354018,6004.405479073803
2018-09-20,81553.0,126930.0,34886.0,14034.9795869508,3943.028323869609,1290.4190331606026,6095.901246533997
2018-09-21,81411.0,126560.0,34826.0,14003.985943234791,3979.179146192402,1263.0493739262054,6169.084578815408
2018-09-22,81638.0,126520.0,34886.0,14025.68149383601,4008.333035162402,1246.4320808195982,6223.294454579404
2018-09-23,81950.0,126490.0,34876.0,14019.482765092816,3983.843768427598,1233.69078535801,6261.241367614201
2018-09-24,82063.0,126210.0,34826.0,14000.886578863196,3879.871687538988,1218.4101656385033,6291.056799284404
2018-09-25,82134.0,126210.0,34831.0,14031.880222579202,3801.371020884307,,6404.441966105696
2018-09-26,83361.0,127910.0,35201.0,14072.17195941,4049.343729639592,,6683.148810840607
2018-09-27,84368.0,130200.0,35161.0,14028.780858207603,4069.5832802175,1620.7905640835909,6708.673110691801
2018-09-28,85120.0,132110.0,35055.0,14115.563060612396,4080.2983364057914,1648.9799340935908,6775.674397801196
2018-09-29,86429.0,133982.0,35029.0,14227.14017799,4276.458650714703,1612.897540480798,6756.531172912794
2018-09-30,87030.0,135060.0,34926.0,14264.3325504492,4116.015190366812,1520.6300926824058,6644.862361063805
2018-10-01,87319.0,135789.0,34895.0,14230.239542361596,3829.697802261007,1443.6974536248017,6603.385373805607
2018-10-02,87441.0,136530.0,34846.0,14106.264967497604,3769.052173736411,1434.3786363864103,6600.194836324192
2018-10-03,88458.0,137900.0,35031.0,14075.2713237816,4340.596261480801,1623.0457136843886,6600.194836324192
2018-10-04,89035.0,138750.0,34921.0,14031.880222579202,3866.187900645,1576.815146868005,6582.286749651308
2018-10-05,89451.0,139390.0,34891.0,13976.357167285216,2941.4692289976038,1513.035418255188,6619.338061212593
2018-10-06,89600.0,139760.0,34836.0,13976.357167285216,1885.5136760789967,1447.938208879198,6638.481286100993
2018-10-07,89615.0,139740.0,34821.0,13976.357167285216,1199.7826651278046,1389.8553984696036,6641.671823582408
2018-10-08,89511.0,139630.0,34811.0,13979.412281091016,947.6749071825044,1340.270912480402,6737.387948024394
2018-10-09,89258.0,139540.0,34801.0,14013.284036349583,800.1726518846973,1302.148887118192,6804.3892351338045
2018-10-10,88932.0,139300.0,34791.0,14038.078951322395,665.5560440415003,1269.891788734799,6715.054185654596
2018-10-11,88621.0,139320.0,34771.0,14087.668781267988,830.0310633018041,,6648.052898545202
2018-10-12,89006.0,139680.0,34961.0,14307.806873996997,1774.44117156,1352.5801295159906,6753.3406354313975
2018-10-13,89080.0,139680.0,34891.0,14310.989460713994,1485.603260798994,1352.5801295159906,6708.673110691801
2018-10-14,89124.0,139700.0,34836.0,14224.040813618403,977.4120694424962,1339.293424650603,6641.671823582408
2018-10-15,89035.0,139630.0,34821.0,14106.264967497604,764.0326152299968,1316.811204565201,6582.286749651308
2018-10-16,88961.0,139680.0,34821.0,14034.9795869508,766.2027828900033,1302.148887118192,6515.594955821705
2018-10-17,88946.0,139440.0,34811.0,13973.302053479383,660.9097346324969,1281.621642692411,6415.557265077301
2018-10-18,88798.0,139280.0,34781.0,13982.467394896814,642.8336391839985,1259.139422607009,6291.056799284404
2018-10-19,88576.0,139080.0,34771.0,14007.085307606389,689.3110707180015,1238.1850852755056,6158.242603662601
2018-10-20,88266.0,138650.0,34776.0,14041.178315693993,739.7985549984029,1224.7021855229975,6057.9543334992
2018-10-21,88030.0,138250.0,34766.0,14075.2713237816,803.5185225378027,1220.2078856055016,5951.139919507807
2018-10-22,87691.0,137830.0,34736.0,14084.56941689639,809.838500438097,1213.017005737508,5833.955688462607
2018-10-23,87294.0,137280.0,34741.0,14053.575773180415,681.486247729501,1204.028405902496,5707.334942797802
2018-10-24,86854.0,136680.0,34731.0,14022.582129464412,656.2634252235011,1196.8375260345024,5573.894168288105
2018-10-25,86255.0,136130.0,34662.0,14019.482765092816,651.9489950579975,1195.039806067504,5431.474373962802
2018-10-26,85541.0,135550.0,34657.0,14010.184671977986,648.0018967248011,1190.545506150008,5297.833364013607
2018-10-27,85048.0,134920.0,34577.0,14022.582129464412,679.8268515120025,,5269.563150370503
2018-10-28,84967.0,134892.0,34739.0,14044.27768006559,847.9281687959966,1336.3609611612053,5266.993130948405
2018-10-29,84981.0,134749.0,34814.0,14047.377044437188,802.031468914204,1389.8553984696036,5231.474264054994
2018-10-30,84772.0,134540.0,34814.0,14019.482765092816,741.2028424680016,1413.6701536344058,5178.4728067245
2018-10-31,84440.0,134374.0,34804.0,14003.985943234791,651.6171158144979,1386.7491260568067,5143.138501837503
2018-11-01,84022.0,134100.0,34771.0,14000.886578863196,644.1257035691973,1352.5801295159906,5163.329533201499
2018-11-02,83663.0,134030.0,34786.0,14028.780858207603,676.5080590769979,,5211.283232690998
2018-11-03,84080.0,135390.0,35106.0,14279.829372307186,1285.9768368180023,,6047.112358346395
2018-11-04,85033.0,137210.0,34986.0,14559.231224639983,1537.6149131318955,1439.5557570744056,6028.374980878497
2018-11-05,85570.0,138100.0,34916.0,14645.85607359692,970.3907950200028,1420.9181225975992,5493.154840093204
2018-11-06,86138.0,138710.0,34921.0,14330.084981016014,757.1604176400032,,5287.553286325202
2018-11-07,86810.0,139480.0,35031.0,14261.233186077605,814.671424714801,1518.4601857032078,5511.144976047903
2018-11-08,87177.0,139740.0,34941.0,14180.649712416009,691.7012855582993,1483.7416740359902,5256.71305326
2018-11-09,87353.0,139870.0,34871.0,14081.470052524792,646.0638001470029,,5193.6160802475
2018-11-10,87765.0,140240.0,34941.0,14134.159246842017,858.9710636754038,1565.5393988639896,5320.9635388125
2018-11-11,88414.0,140220.0,34896.0,14162.05352618639,859.3518531540035,1559.9015248619949,5300.403383435704
2018-11-12,88665.0,140070.0,34851.0,14149.656068699998,761.5007529599993,1500.0159763799998,5256.71305326
2018-11-13,88858.0,140000.0,34861.0,14146.556704328405,732.7771176504012,,5359.513830143995
2018-11-14,89288.0,139960.0,34901.0,14087.668781267988,800.9161786964966,1508.6956042967922,5313.253480546207
2018-11-15,89421.0,139830.0,34851.0,14010.184671977986,696.8231745018024,1466.3824182024057,5282.413247481006
2018-11-16,89570.0,139830.0,34876.0,14025.68149383601,740.5006987332022,1434.3786363864103,5318.393519390403
2018-11-17,89555.0,139680.0,34826.0,14013.284036349583,758.2455014700022,1407.4576088088113,5380.073985520806
2018-11-18,89466.0,139550.0,34811.0,13982.467394896814,715.9448932242005,1377.4303088183915,5485.444781826897
2018-11-19,89258.0,139430.0,34816.0,13951.916256838806,669.5385949634967,1363.9697950296038,5532.030395892898
2018-11-20,89095.0,139350.0,34821.0,13976.357167285216,724.0003209654013,1375.359460543193,5444.324471073304
2018-11-21,88858.0,139210.0,34816.0,14003.985943234791,728.2131833741975,1381.5720053688117,5338.953674767198
2018-11-22,88561.0,139080.0,34776.0,14028.780858207603,756.075333809996,1363.9697950296038,5313.253480546207
2018-11-23,88133.0,138870.0,34751.0,14031.880222579202,710.1400857548982,1324.631107203594,5274.703189214698
2018-11-24,87647.0,138670.0,34756.0,14038.078951322395,738.0431956613965,1305.0813506075897,5308.1134417019975
2018-11-25,87456.0,138800.0,34861.0,14248.835728591215,1196.543249996397,1425.0598191479953,5825.965854527699
2018-11-26,87514.0,139080.0,34911.0,14412.83223565801,1541.9398682847038,1542.3291624744109,5532.030395892898
2018-11-27,88059.0,139960.0,35096.0,14304.62428728,2510.029340617208,1727.593442949598,5408.344199163895
2018-11-28,88843.0,140290.0,34966.0,14304.62428728,3445.3172501304102,1648.9799340935908,5196.139959167997
2018-11-29,89273.0,140140.0,34886.0,14267.431914820798,3029.9139232044067,1545.584022943208,5211.283232690998
2018-11-30,89496.0,139960.0,34836.0,14165.152890557987,1900.6680937061976,1469.6372786712027,5236.522021896004
2018-12-01,89569.0,139852.0,34819.0,14078.370688153194,1326.277176115199,1413.6701536344058,5277.273208636796
2018-12-02,89649.0,139782.0,34829.0,14019.482765092816,976.9990532999966,1441.6266053496038,5385.214024365
2018-12-03,90289.0,139982.0,34929.0,13979.412281091016,825.4615895585997,1508.6956042967922,5454.604548761695
2018-12-04,91019.0,140162.0,34899.0,13973.302053479383,698.8719300792006,1521.715046172005,5349.233752455603
2018-12-05,91529.0,140162.0,34859.0,13967.19182586779,720.1385304239968,1471.807185650401,5284.983266903103
2018-12-06,91799.0,139922.0,34829.0,13954.971370644602,681.8181269730006,1413.6701536344058,5308.1134417019975
2018-12-07,91919.0,139702.0,34819.0,13985.522508702608,674.1849043725,1368.11149158,5302.973402857802
2018-12-08,91909.0,139502.0,34799.0,14010.184671977986,730.6706864460031,1327.563570692991,5272.133169792601
2018-12-09,91759.0,139352.0,34789.0,14019.482765092816,759.6922799100008,1295.3064723095983,5223.902627293501
2018-12-10,91469.0,139022.0,34779.0,14019.482765092816,748.5753516834028,1269.891788734799,5193.6160802475
2018-12-11,91189.0,138712.0,34769.0,14007.085307606389,710.1400857548982,1246.4320808195982,5251.665295419005
2018-12-12,90769.0,138322.0,34749.0,13994.68785012,660.9097346324969,1231.893065390991,5300.403383435704
2018-12-13,90379.0,137872.0,34739.0,14003.985943234791,651.2852365709981,1219.3090256220023,5290.123305747299
2018-12-14,89899.0,137302.0,34739.0,14003.985943234791,660.2459761454976,1209.421565803491,5266.993130948405
2018-12-15,89439.0,136792.0,34729.0,14016.383400721215,688.2866929293025,1206.7249858529935,5261.853092104196
2018-12-16,89019.0,136302.0,34749.0,14087.668781267988,877.9913123964043,,5328.673597078793
2018-12-17,88709.0,135952.0,34799.0,14183.749076787604,1332.7270056390046,1365.005219167203,5408.344199163895
2018-12-18,88269.0,135442.0,34739.0,14056.675137552014,1011.9561856545032,1356.7218260664104,5323.533558234598
2018-12-19,87789.0,134812.0,34689.0,13994.68785012,681.8181269730006,1318.7661802247992,5251.665295419005
2018-12-20,87289.0,134212.0,34689.0,13991.632736314205,677.503696807497,1289.4415453308036,5282.413247481006
2018-12-21,86989.0,134342.0,34899.0,14242.636999847986,1259.3916312810045,1406.422184671189,5547.729310541099
2018-12-22,88049.0,136552.0,35399.0,14744.3122790979,3757.907743685396,1597.111493275212,5634.073341106195
2018-12-23,88859.0,138052.0,35039.0,14891.996587349417,3707.757808455891,1549.9238369016036,5521.564452794094
2018-12-24,89329.0,138972.0,34929.0,14855.895978665712,2744.5249823529016,1468.552325181604,5521.564452794094
2018-12-25,89599.0,139552.0,34869.0,14747.5941526146,1581.3524591175055,1404.3513363959903,5477.734723560604
2018-12-26,89659.0,139832.0,34819.0,14533.77053090401,815.0431881207006,1352.5801295159906,5398.064121475502
2018-12-27,89569.0,139902.0,34819.0,14137.25861121361,764.3943098399966,1314.8562289056028,5318.393519390403
2018-12-28,89409.0,139922.0,34809.0,14078.370688153194,765.4793936700039,1302.148887118192,5380.073985520806
2018-12-29,89409.0,140032.0,34899.0,14196.146534273994,1011.5330681310032,1320.7211558843974,5652.388741529093
2018-12-30,89299.0,140012.0,34849.0,14248.835728591215,1147.7387209607996,1309.968789756607,5691.636028149602
2018-12-31,89099.0,139942.0,34829.0,14248.835728591215,1140.9530368112955,1300.1939114585937,5623.607398007404
2019-01-01,88989.0,140132.0,34939.0,14282.928736678785,1301.470139485199,1441.6266053496038,5673.320627726704
2019-01-02,89199.0,140032.0,34929.0,14251.935092962813,1367.8799744444952,1460.957650754411,5594.826054485701
2019-01-03,89149.0,139922.0,34849.0,14013.284036349583,799.8008884787976,1415.7410019096037,5434.0443933849
2019-01-04,89069.0,139902.0,34829.0,13973.302053479383,708.0913301774999,1372.2531881303964,5318.393519390403
2019-01-05,88949.0,139682.0,34819.0,13994.68785012,701.9450634452978,1415.7410019096037,5328.673597078793
2019-01-06,88929.0,139722.0,34869.0,14041.178315693993,854.0208004535997,1460.957650754411,5333.813635923003
2019-01-07,88869.0,139442.0,34829.0,14031.880222579202,853.2592214964004,1418.8472743224008,5287.553286325202
2019-01-08,88579.0,139042.0,34819.0,14003.985943234791,678.8312137815034,1373.2886122679952,5284.983266903103
2019-01-09,88439.0,138912.0,34829.0,14000.886578863196,694.7744189243966,1379.5011570935897,5290.123305747299
2019-01-10,88429.0,138752.0,34779.0,13988.577622508406,699.2133893421003,1373.2886122679952,5274.703189214698
2019-01-11,88239.0,138432.0,34739.0,13991.632736314205,651.2852365709981,1333.428497671808,5277.273208636796
2019-01-12,87849.0,138012.0,34709.0,13997.787214491598,654.6040290060027,1292.374008820201,5297.833364013607
2019-01-13,87339.0,137592.0,34719.0,13994.68785012,641.8645908950994,1266.9593252454015,5318.393519390403
2019-01-14,86679.0,137082.0,34729.0,13991.632736314205,632.1741080061008,1241.7805252095025,5323.533558234598
2019-01-15,85959.0,136572.0,34719.0,14003.985943234791,666.5516817719994,1224.7021855229975,5297.833364013607
2019-01-16,85499.0,136022.0,34709.0,14010.184671977986,668.5429572329977,1213.017005737508,5274.703189214698
2019-01-17,85019.0,135482.0,34699.0,14013.284036349583,652.9446327884966,1201.3318259519983,5284.983266903103
2019-01-18,84479.0,134922.0,34689.0,14003.985943234791,647.3558645322017,1193.2420861005055,5292.693325169397
2019-01-19,83949.0,134432.0,34669.0,13994.68785012,662.569130850003,1188.7477861830098,5300.403383435704
2019-01-20,83479.0,134272.0,34689.0,14044.27768006559,713.5546783839028,1195.039806067504,5558.195253639904
2019-01-21,82919.0,133942.0,34699.0,14047.377044437188,758.9688906900017,1195.039806067504,5828.6291325059965
2019-01-22,82249.0,133602.0,34649.0,14010.184671977986,728.2131833741975,1186.0512062324915,5820.639298571104
2019-01-23,81599.0,133042.0,34629.0,14010.184671977986,699.2133893421003,1183.354626281994,5597.442540260398
2019-01-24,81359.0,133262.0,34699.0,14227.14017799,901.7998763922004,1267.936813075201,5421.194296274397
2019-01-25,85049.0,138272.0,35229.0,14951.07031065,2876.524778570401,1561.029099662394,5788.679962831503
2019-01-26,87469.0,139962.0,34939.0,14829.6409905321,3108.0898467524994,1532.564581067995,5749.198715192994
2019-01-27,88469.0,140462.0,34859.0,14489.214316866011,2246.607742686006,1458.787743775188,5586.9765971615925
2019-01-28,88979.0,140402.0,34819.0,14127.960518098786,1293.7107147923953,1393.9970950200002,5382.644004942903
2019-01-29,89189.0,139942.0,34789.0,14019.482765092816,733.1281895178009,1337.3384489910047,5282.413247481006
2019-01-30,89189.0,139682.0,34799.0,14000.886578863196,679.163093025003,1298.2389357989955,5274.703189214698
2019-01-31,88869.0,139302.0,34769.0,13979.412281091016,629.9129953320029,1257.1844469474106,5246.617537577995
2019-02-01,88399.0,138932.0,34769.0,13985.522508702608,671.1979911810027,1228.2976254569942,5282.413247481006
2019-02-02,87939.0,138512.0,34729.0,14016.383400721215,716.62781175,1210.3204257869902,5279.843228058894
2019-02-03,87529.0,138122.0,34739.0,14047.377044437188,785.3725972200021,1207.6238458364926,5266.993130948405
2019-02-04,87209.0,137762.0,34739.0,14056.675137552014,809.0949736262976,1209.421565803491,5254.189174339502
2019-02-05,86959.0,137452.0,34749.0,14038.078951322395,725.404608435,1225.6010455064968,5251.665295419005
2019-02-06,87279.0,137432.0,34789.0,14019.482765092816,702.9694412339968,1306.0588384374107,5254.189174339502
2019-02-07,87679.0,137722.0,34799.0,14019.482765092816,676.8399383204977,1405.3867605335895,5277.273208636796
2019-02-08,88959.0,138752.0,34939.0,14034.9795869508,737.6921237939969,1618.5354144827927,5349.233752455603
2019-02-09,91349.0,140142.0,34969.0,14050.476408808783,880.3331383632021,1661.3832568980051,5426.334335118608
2019-02-10,92429.0,140372.0,34899.0,14038.078951322395,815.7867149325,1523.8849531512028,5418.624276852299
2019-02-11,92999.0,140292.0,34849.0,14016.383400721215,672.1936289115018,1430.2369398359906,5398.064121475502
2019-02-12,93329.0,140052.0,34829.0,14000.886578863196,639.2804621247018,1367.076067442401,5369.7939078324
2019-02-13,93489.0,139942.0,34819.0,13988.577622508406,623.7756895023011,1322.6761315439956,5338.953674767198
2019-02-14,93479.0,139742.0,34789.0,13967.19182586779,636.0503011616973,1289.4415453308036,5295.263344591494
2019-02-15,93329.0,139612.0,34779.0,13979.412281091016,642.8336391839985,1269.891788734799,5287.553286325202
2019-02-16,93139.0,139432.0,34779.0,14007.085307606389,745.7667767441975,1257.1844469474106,5364.6538689882045
2019-02-17,92899.0,139282.0,34759.0,14019.482765092816,819.8761123973962,1238.1850852755056,5421.194296274397
2019-02-18,92549.0,139042.0,34769.0,14031.880222579202,779.5854834599993,1227.398765473495,5470.024665294296
2019-02-19,92109.0,138752.0,34749.0,14034.9795869508,709.4571672290988,1210.3204257869902,5475.164704138507
2019-02-20,91559.0,138312.0,34739.0,14016.383400721215,650.289598840499,1196.8375260345024,5351.8037718777005
2019-02-21,91079.0,137992.0,34729.0,14106.264967497604,646.7098323396024,1196.8375260345024,5269.563150370503
2019-02-22,90619.0,137662.0,34729.0,14236.438271104793,675.5124213464989,1203.1295459189969,5313.253480546207
2019-02-23,90079.0,137262.0,34719.0,14336.450154450004,651.6171158144979,1197.7363860180017,5256.71305326
2019-02-24,89529.0,136922.0,34719.0,14412.83223565801,662.9010100935027,1209.421565803491,5256.71305326
2019-02-25,89199.0,136612.0,34779.0,14400.101888789986,758.9688906900017,1222.0056055725,5338.953674767198
2019-02-26,88799.0,136222.0,34749.0,14498.762077017003,675.1805421029991,1212.118145754009,5320.9635388125
2019-02-27,88249.0,135792.0,34729.0,14571.96157150801,680.8224892425015,1196.8375260345024,5287.553286325202
2019-02-28,87689.0,135322.0,34679.0,14665.5473146971,655.9315459800015,1189.6466461665088,5284.983266903103
2019-03-01,87159.0,134902.0,34669.0,14724.621037997684,641.5415747987997,1184.2534862654934,5266.993130948405
2019-03-02,86669.0,134472.0,34649.0,14603.78743867802,660.9097346324969,1180.6580463314967,5251.665295419005
2019-03-03,86329.0,134002.0,34629.0,14447.840689545012,674.5167836159998,1177.0626063975,5221.378748373004
2019-03-04,86109.0,133582.0,34589.0,14304.62428728,684.8721003002978,1177.0626063975,5206.235474850003
2019-03-05,85919.0,133102.0,34559.0,14143.457339956803,654.9359082495024,1169.8717265295063,5211.283232690998
2019-03-06,85719.0,132562.0,34509.0,14028.780858207603,635.7272850653976,1165.37742661199,5244.093658657497
2019-03-07,85589.0,132022.0,34459.0,13991.632736314205,638.6344299321023,1157.2876867604975,5266.993130948405
2019-03-08,85429.0,131482.0,34409.0,13994.68785012,678.4993345380036,1152.8571232986014,5284.983266903103
2019-03-09,85309.0,130932.0,34349.0,13997.787214491598,688.6281521922023,1152.8571232986014,5284.983266903103
2019-03-10,85249.0,130472.0,34329.0,14031.880222579202,705.3596560743025,1157.2876867604975,5385.214024365
2019-03-11,85149.0,129972.0,34289.0,14069.072595038404,757.8838068600026,1160.8831266944942,5441.754451651207
2019-03-12,85109.0,129562.0,34239.0,14044.27768006559,761.8624475699991,1168.9728665460077,5392.9240826312935
2019-03-13,85059.0,129012.0,34189.0,14010.184671977986,709.4571672290988,1168.0740065625082,5313.253480546207
2019-03-14,84989.0,128602.0,34139.0,13997.787214491598,677.8355760509968,1189.6466461665088,5269.563150370503
2019-03-15,85209.0,128372.0,34099.0,14010.184671977986,821.734929426903,1274.7792278837946,5264.423111526293
2019-03-16,86299.0,128552.0,34269.0,14047.377044437188,1339.672975895398,1418.8472743224008,5277.273208636796
2019-03-17,87179.0,128652.0,34349.0,14084.56941689639,1782.1880835744064,1392.961670882401,5251.665295419005
2019-03-18,87839.0,128812.0,34359.0,14100.066238754407,2039.3972670204048,1341.248400310201,5203.711595929505
2019-03-19,88329.0,129082.0,34329.0,14069.072595038404,2211.704538672005,1300.1939114585937,5150.710138598996
2019-03-20,88709.0,129192.0,34279.0,14022.582129464412,2351.0302148267942,1269.891788734799,5145.662380758001
2019-03-21,88989.0,129522.0,34229.0,14007.085307606389,2491.7066085468064,1273.8017400539957,5228.950385134497
2019-03-22,89449.0,130072.0,34329.0,14189.947805530795,2960.599159165207,1381.5720053688117,5860.588468245598
2019-03-23,89819.0,130662.0,34499.0,14390.554128638993,3341.797906621211,1440.5911812120046,6272.083342767006
2019-03-24,89939.0,131042.0,34569.0,14473.301383280992,3718.902238506906,1402.2804881207924,6359.980770219304
2019-03-25,89989.0,131502.0,34609.0,14451.02327626201,3979.179146192402,1369.146915717599,6412.778440334404
2019-03-26,90049.0,131842.0,34669.0,14282.928736678785,4044.581482444796,1337.3384489910047,6435.0090382776
2019-03-27,90079.0,132072.0,34649.0,14093.867510011216,4026.991524103212,1306.0588384374107,6460.018460963693
2019-03-28,90049.0,132432.0,34659.0,14019.482765092816,4058.86822402921,1281.621642692411,6535.046729022004
2019-03-29,90079.0,132792.0,34689.0,14013.284036349583,4093.3945161915058,1281.621642692411,6585.065574394206
2019-03-30,90499.0,133512.0,34799.0,14003.985943234791,4335.657403044005,1319.7436680545982,6593.813761361397
2019-03-31,91119.0,134302.0,34939.0,13988.577622508406,4639.414923201587,1359.8280984792077,6593.813761361397
2019-04-01,91739.0,135372.0,34979.0,13970.246939673589,4857.617786841597,1367.076067442401,6590.62322388
2019-04-02,92149.0,136262.0,34909.0,13982.467394896814,4724.047258463699,1336.3609611612053,6638.481286100993
2019-04-03,92349.0,137032.0,34839.0,13985.522508702608,4511.668948863588,1305.0813506075897,6657.624510989394
2019-04-04,92489.0,137562.0,34839.0,13991.632736314205,4261.912271053488,1276.734203543393,6648.052898545202
2019-04-05,92469.0,137872.0,34829.0,14000.886578863196,4071.9644038148977,1254.2519834579912,6635.290748619596
2019-04-06,92429.0,138162.0,34829.0,14034.9795869508,4252.214684612698,1250.3420321387946,6638.481286100993
2019-04-07,92349.0,138322.0,34859.0,14053.575773180415,4510.411946045988,1256.2069591175891,6619.338061212593
2019-04-08,92289.0,138472.0,34939.0,14062.873866295213,4710.968576876711,1274.7792278837946,6603.385373805607
2019-04-09,92289.0,138562.0,35009.0,14031.880222579202,4797.486546705592,1305.0813506075897,6590.62322388
2019-04-10,92449.0,138642.0,34979.0,14003.985943234791,4844.25528903361,1311.9237654162057,6590.62322388
2019-04-11,92729.0,138842.0,34919.0,13997.787214491598,4887.015282019201,1296.283960139397,6585.065574394206
2019-04-12,92969.0,139132.0,34859.0,14016.383400721215,4943.568417494411,1278.6891792029912,6579.507924908395
2019-04-13,93069.0,139572.0,34999.0,14224.040813618403,5356.301982007184,,6746.959560468603
2019-04-14,93029.0,139902.0,35009.0,14447.840689545012,6063.26563962899,1382.6074295064102,6868.199984761802
2019-04-15,93489.0,141942.0,35399.0,14441.475516110986,6978.394125325182,1609.514816079601,7024.948979056798
2019-04-16,95349.0,142432.0,35109.0,14096.966874382812,6903.010679676911,1624.1732884847877,6762.912247875606
2019-04-17,95679.0,141462.0,34979.0,13979.412281091016,5969.625837759005,1531.4796275783958,6597.004298842795
2019-04-18,95479.0,140852.0,34909.0,13973.302053479383,4880.334033115208,1452.278022837594,6529.489079536193
2019-04-19,95169.0,140442.0,34869.0,13958.0264844504,4511.668948863588,1396.067943295198,6321.077223818693
2019-04-20,95729.0,140552.0,34969.0,14013.284036349583,4972.194884035785,1508.6956042967922,6304.609268225407
2019-04-21,96479.0,141532.0,35159.0,14162.05352618639,5675.011533735894,1572.3048476664092,6301.898774437194
2019-04-22,96249.0,141052.0,34989.0,14211.643356132014,6028.931045609986,1521.715046172005,6334.971347533196
2019-04-23,95819.0,140552.0,34929.0,14103.165603126006,5769.896835883211,1454.447929816792,6365.5384197051
2019-04-24,95369.0,140142.0,34899.0,14022.582129464412,5412.733966080598,1401.2450639831934,6407.2207908485925
2019-04-25,94989.0,139782.0,34849.0,13976.357167285216,5293.548553704009,1353.6155536535896,6440.566687763394
2019-04-26,94589.0,139682.0,34839.0,14000.886578863196,5285.037977285984,1361.8989467544056,6485.027883649802
2019-04-27,94749.0,139962.0,34949.0,14124.861153727188,5804.947585230014,1648.9799340935908,6576.729100165498
2019-04-28,94959.0,139922.0,34909.0,14217.842084875208,6429.820480219483,1610.6423908799998,6612.956986249798
2019-04-29,94889.0,139782.0,34899.0,14251.935092962813,6790.139868659097,1542.3291624744109,6644.862361063805
2019-04-30,94699.0,139762.0,34859.0,14196.146534273994,6619.863202684199,1479.401860077594,6648.052898545202
2019-05-01,94529.0,139652.0,34849.0,14121.76178935559,6242.199221706007,1421.953546735198,6622.528598694008
2019-05-02,94279.0,139392.0,34839.0,14041.178315693993,5864.752322663995,1374.3240364055944,6590.62322388
2019-05-03,94019.0,139212.0,34829.0,14000.886578863196,5781.94576314,1338.3159368208037,6573.9502754226
2019-05-04,93939.0,139352.0,34839.0,13997.787214491598,5933.757788934002,1322.6761315439956,6609.766448768401
2019-05-05,93989.0,139412.0,34849.0,14078.370688153194,6199.32843938041,,6641.671823582408
2019-05-06,93959.0,139462.0,34859.0,14233.338906733194,6665.143750910096,1415.7410019096037,6679.958273359192
2019-05-07,93819.0,139212.0,34849.0,14177.55034804441,6773.038230626113,1385.7137019192076,6579.507924908395
2019-05-08,93479.0,139062.0,34839.0,14075.2713237816,6683.591381668816,1347.403008827995,6571.171450679702
2019-05-09,93079.0,138892.0,34779.0,14010.184671977986,6686.945496352214,1312.9012532460044,6576.729100165498
2019-05-10,92699.0,138622.0,34769.0,14003.985943234791,6665.143750910096,1283.5766183520088,6597.004298842795
2019-05-11,92389.0,138362.0,34789.0,13979.412281091016,6559.805865555014,1267.936813075201,6632.100211138199
2019-05-12,92079.0,137992.0,34779.0,14031.880222579202,6759.356920199686,1298.2389357989955,6756.531172912794
2019-05-13,92119.0,138252.0,34889.0,14230.239542361596,6971.348314322388,1462.04260424401,6798.008160170993
2019-05-14,92879.0,138952.0,34949.0,14377.823781771003,7138.208497732499,1694.9775826152008,6782.055472764007
2019-05-15,93859.0,139502.0,34919.0,14454.205862979008,6808.9516704954185,1662.5108316984042,6565.613801193907
2019-05-16,94339.0,139832.0,34859.0,14371.458608337012,6498.926634448495,1559.9015248619949,6641.671823582408
2019-05-17,94479.0,139792.0,34669.0,14121.76178935559,6515.380480693518,1478.316906587995,6648.052898545202
2019-05-18,94469.0,139762.0,34769.0,14106.264967497604,6608.1238012923095,1426.0952432855945,6689.5298858034
2019-05-19,94229.0,139572.0,34789.0,14075.2713237816,6703.716069769199,1375.359460543193,6734.197410542997
2019-05-20,94449.0,139432.0,34839.0,14121.76178935559,6771.328066822814,1342.22588814,6981.721976417996
2019-05-21,95039.0,139392.0,34819.0,14038.078951322395,6776.458558232709,1315.8337167354018,6622.528598694008
2019-05-22,94809.0,139082.0,34799.0,13961.081598256198,6778.168722036007,1284.554106181808,6628.909673656802
2019-05-23,94509.0,138542.0,34789.0,13988.577622508406,6785.009377249202,1261.094398266607,6660.815048470809
2019-05-24,94169.0,138122.0,34799.0,14078.370688153194,6800.400851478888,1248.3870564791964,6686.339348322003
2019-05-25,93819.0,138072.0,34779.0,14124.861153727188,6767.907739216217,1231.893065390991,6667.196123433603
2019-05-26,93759.0,138072.0,34779.0,14152.7554330716,6730.548987236413,1231.893065390991,6632.100211138199
2019-05-27,93759.0,138092.0,34769.0,14165.152890557987,6767.907739216217,1231.893065390991,6625.719136175405
2019-05-28,93589.0,137992.0,34749.0,14152.7554330716,6781.589049642605,1226.499905489996,6593.813761361397
2019-05-29,93649.0,137902.0,34769.0,14096.966874382812,6807.241506692081,,6695.910960766196
2019-05-30,93679.0,137902.0,34819.0,14090.768145639584,6960.7795978181975,1406.422184671189,6826.722997503603
2019-05-31,93799.0,137882.0,34799.0,14078.370688153194,6948.44942856331,1406.422184671189,6660.815048470809
2019-06-01,93759.0,137832.0,34759.0,14087.668781267988,6889.329369250484,1370.1823398551985,6590.62322388
2019-06-02,93619.0,137992.0,34749.0,14084.56941689639,6911.561498693402,1339.293424650603,6612.956986249798
2019-06-03,93539.0,138232.0,34729.0,14059.774501923612,6909.851334890104,1313.8787410758036,6597.004298842795
2019-06-04,93369.0,138422.0,34669.0,14031.880222579202,6861.966748397709,1280.6441548625894,6597.004298842795
2019-06-05,93079.0,138432.0,34589.0,14013.284036349583,6779.878885839306,1252.2970077983928,6585.065574394206
2019-06-06,92839.0,138652.0,34529.0,13997.787214491598,6795.270360068992,1239.982805242504,6597.004298842795
2019-06-07,92779.0,138732.0,34479.0,14003.985943234791,6812.371998102016,1229.1964854404937,6635.290748619596
2019-06-08,92619.0,138862.0,34489.0,14019.482765092816,6771.328066822814,1204.9272658859952,6654.4339735079975
2019-06-09,92409.0,138932.0,34489.0,14025.68149383601,6700.361955085801,1186.950066215991,6657.624510989394
2019-06-10,92139.0,138912.0,34459.0,14044.27768006559,6666.820808251794,1177.0626063975,6670.386660915
2019-06-11,92139.0,139432.0,34759.0,14115.563060612396,6717.132528502786,1225.6010455064968,6686.339348322003
2019-06-12,92549.0,139412.0,34819.0,14041.178315693993,6740.611331286604,1223.8033255394985,6560.056151708097
2019-06-13,92639.0,139192.0,34709.0,14007.085307606389,6755.93659259309,1215.7135856880057,6568.392625936805
2019-06-14,92809.0,139152.0,34729.0,14010.184671977986,6798.690687675589,1216.612445671505,6593.813761361397
2019-06-15,92749.0,139132.0,34709.0,14025.68149383601,6786.719541052501,1199.534105985,6587.844399137102
2019-06-16,92619.0,139082.0,34749.0,14038.078951322395,6762.777247806283,1192.3432261170065,6582.286749651308
2019-06-17,93109.0,139572.0,34809.0,14038.078951322395,6738.934273944905,1202.2306859354974,6590.62322388
2019-06-18,93389.0,139672.0,34809.0,14038.078951322395,6769.617903019516,,6603.385373805607
2019-06-19,93489.0,139482.0,34749.0,14115.563060612396,6827.763472331702,1344.2967364151984,6632.100211138199
2019-06-20,93139.0,139172.0,34729.0,14081.470052524792,6766.197575412919,1315.8337167354018,7835.60539809
2019-06-21,92709.0,139092.0,34829.0,14050.476408808783,6927.311995554889,1371.2177639927972,7463.18051466
2019-06-22,92529.0,139222.0,34819.0,14056.675137552014,7041.806424350404,1340.270912480402,6740.578485505809
2019-06-23,92059.0,138972.0,34769.0,14041.178315693993,7032.999160596913,1284.554106181808,6746.959560468603
2019-06-24,91459.0,138602.0,34739.0,14022.582129464412,6749.095937379896,1246.4320808195982,6746.959560468603
2019-06-25,90899.0,138162.0,34739.0,14047.377044437188,6766.197575412919,1222.9044655559992,6746.959560468603
2019-06-26,90589.0,137682.0,34799.0,14028.780858207603,6728.8719298947135,1204.9272658859952,6619.338061212593
2019-06-27,90419.0,137502.0,34659.0,14025.68149383601,6757.646756396388,1193.2420861005055,6560.056151708097
2019-06-28,90299.0,137122.0,34559.0,14028.780858207603,6776.458558232709,1183.354626281994,6568.392625936805
2019-06-29,90199.0,136682.0,34419.0,14044.27768006559,6803.821179085485,1177.0626063975,6635.290748619596
2019-06-30,90169.0,136302.0,34289.0,14044.27768006559,6817.50248951191,1192.3432261170065,6711.863648173199
2019-07-01,90109.0,136012.0,34129.0,14034.9795869508,6812.371998102016,1183.354626281994,6737.387948024394
2019-07-02,89999.0,135702.0,33959.0,14025.68149383601,6812.371998102016,1171.6694464965049,6734.197410542997
2019-07-03,89849.0,135332.0,33819.0,14038.078951322395,6795.270360068992,1162.6808466614923,6740.578485505809
2019-07-04,89529.0,135102.0,33659.0,14044.27768006559,6793.560196265694,1156.3888267769985,6654.4339735079975
2019-07-05,89129.0,134862.0,33519.0,14041.178315693993,6785.009377249202,1149.389156275805,6731.0068730616
2019-07-06,88649.0,134652.0,33369.0,14038.078951322395,6690.299611035611,1145.054197497309,6782.055472764007
2019-07-07,88239.0,134432.0,33269.0,14041.178315693993,6628.248489392691,1139.8522469630936,6865.009447280405
2019-07-08,87789.0,134142.0,33149.0,14062.873866295213,6728.8719298947135,1138.1182634516952,7028.551229276693
2019-07-09,87339.0,133852.0,32989.0,14065.973230666808,6802.111015282187,1134.6502964288984,6702.292035729008
2019-07-10,86799.0,133492.0,32879.0,14028.780858207603,6761.067084002985,1127.714362383305,6644.862361063805
2019-07-11,86259.0,133102.0,32839.0,14031.880222579202,6755.93659259309,1120.7784283376914,6699.101498247593
2019-07-12,85799.0,132792.0,32759.0,14050.476408808783,6757.646756396388,1113.8424942920976,6852.247297354798
2019-07-13,85369.0,132402.0,32609.0,14034.9795869508,6767.907739216217,1106.0395684908046,6695.910960766196
2019-07-14,84929.0,131952.0,32579.0,14007.085307606389,6766.197575412919,1099.1036344451911,6705.482573210405
2019-07-15,84589.0,131522.0,32529.0,13988.577622508406,6745.675609773299,1091.3007086438984,6679.958273359192
2019-07-16,84069.0,131042.0,32499.0,14003.985943234791,6703.716069769199,1084.3647745983046,6648.052898545202
2019-07-17,83589.0,130542.0,32399.0,14022.582129464412,6665.143750910096,1081.763799331207,6619.338061212593
2019-07-18,83609.0,130382.0,32289.0,14044.27768006559,6712.101356477691,1104.305584979406,6664.005585952206
2019-07-19,83519.0,130072.0,32299.0,14044.27768006559,6800.400851478888,1107.7735520022031,6651.2434360266
2019-07-20,83019.0,129752.0,32129.0,14025.68149383601,6717.132528502786,1103.4385932237071,6632.100211138199
2019-07-21,82489.0,129382.0,31923.0,14000.886578863196,6594.707342558682,1098.236642689492,6648.052898545202
2019-07-22,81979.0,128942.0,31738.0,14007.085307606389,6639.987890784619,1094.7686756666951,6673.577198396398
2019-07-23,81939.0,128882.0,31790.0,14041.178315693993,6981.917030826619,1118.1774530705936,6772.483860319799
2019-07-24,81719.0,128652.0,31771.0,14022.582129464412,6730.548987236413,1125.9803788719064,6612.956986249798
2019-07-25,81299.0,128322.0,31747.0,14003.985943234791,6708.747241794294,1120.7784283376914,6606.575911287004
2019-07-26,80819.0,127952.0,31705.0,14010.184671977986,6708.747241794294,1112.9755025363984,6628.909673656802
2019-07-27,80309.0,127542.0,31681.0,14019.482765092816,6685.268439010516,1106.0395684908046,6635.290748619596
2019-07-28,79749.0,127122.0,31639.0,14025.68149383601,6616.509088000802,1096.5026591780936,6632.100211138199
2019-07-29,79249.0,126782.0,31511.0,14031.880222579202,6616.509088000802,1089.5667251325,6625.719136175405
2019-07-30,78679.0,126362.0,31356.0,14034.9795869508,6626.571432050992,1086.098758109703,6635.290748619596
2019-07-31,78189.0,125912.0,31192.0,14034.9795869508,6614.832030659102,1087.8327416211014,6648.052898545202
2019-08-01,77749.0,125542.0,31140.0,14022.582129464412,6599.738514583817,1095.6356674223944,6686.339348322003
2019-08-02,77279.0,125102.0,31084.0,14019.482765092816,6577.936769141697,1096.5026591780936,6699.101498247593
2019-08-03,76779.0,124652.0,31028.0,14022.582129464412,6484.118172828009,1090.4337168881991,6715.054185654596
2019-08-04,76339.0,124322.0,30972.0,14025.68149383601,6347.088051797986,1082.630791086906,6743.769022987206
2019-08-05,75929.0,123922.0,30930.0,14025.68149383601,6290.534003940001,1076.561848796992,6731.0068730616
2019-08-06,75469.0,123472.0,30864.0,14028.780858207603,6251.754085408799,1073.9608735298943,6699.101498247593
2019-08-07,75229.0,123162.0,30930.0,14078.370688153194,6259.833235102791,1130.3153376504024,6676.767735877795
2019-08-08,74869.0,122862.0,30925.0,14044.27768006559,6343.856391920388,1162.6808466614923,6679.958273359192
2019-08-09,74489.0,122712.0,30883.0,13997.787214491598,6452.855864962499,1182.455766298495,6648.052898545202
2019-08-10,74069.0,122332.0,30836.0,13997.787214491598,6419.948172472492,1169.8717265295063,6648.052898545202
2019-08-11,73609.0,121982.0,30780.0,13997.787214491598,6298.613153633993,1155.4899667934992,6651.2434360266
2019-08-12,73149.0,121552.0,30720.0,13997.787214491598,6251.754085408799,1143.3202139858904,6651.2434360266
2019-08-13,72669.0,121002.0,30655.0,13994.68785012,6218.382120413993,1133.7833046731992,6651.2434360266
2019-08-14,72209.0,120492.0,30604.0,14000.886578863196,6172.335724582798,1125.1133871162072,6654.4339735079975
2019-08-15,71749.0,120032.0,30543.0,14016.383400721215,6119.93810174041,1116.4434695591954,6657.624510989394
2019-08-16,71379.0,119582.0,30492.0,14031.880222579202,6071.068956451482,1111.241519025,6625.719136175405
2019-08-17,70919.0,119172.0,30460.0,14038.078951322395,5913.822876455984,1109.5075355136016,6632.100211138199
2019-08-18,70499.0,118872.0,30428.0,14044.27768006559,5788.079582363994,1107.7735520022031,6635.290748619596
2019-08-19,70119.0,118612.0,30330.0,14056.675137552014,5823.349042901997,1110.3745272693009,6657.624510989394
2019-08-20,69749.0,118122.0,30178.0,14053.575773180415,5854.018139022005,1113.8424942920976,6632.100211138199
2019-08-21,69279.0,117632.0,29967.0,14034.9795869508,5846.350864992011,1122.5124118491094,6625.719136175405
2019-08-22,68839.0,117272.0,29875.0,14022.582129464412,5817.215223678003,1115.576477803496,6635.290748619596
2019-08-23,68509.0,116882.0,29656.0,14041.178315693993,5783.479217945998,1106.0395684908046,6673.577198396398
2019-08-24,68069.0,116462.0,29610.0,14044.27768006559,5441.673445092605,1095.6356674223944,6695.910960766196
2019-08-25,67529.0,115972.0,29551.0,14041.178315693993,5149.828190282411,1085.231766354004,6699.101498247593
2019-08-26,66989.0,115522.0,29487.0,14034.9795869508,5043.079467852614,1075.6948570412928,6689.5298858034
2019-08-27,66539.0,115052.0,29423.0,14022.582129464412,4965.379058668791,1067.0542009041003,6651.2434360266
2019-08-28,66049.0,114512.0,29360.0,14013.284036349583,4901.714029607988,1061.190088552806,6622.528598694008
2019-08-29,65519.0,114112.0,29274.0,14010.184671977986,4836.237790348787,1056.1637065373916,6632.100211138199
2019-08-30,64999.0,113662.0,29143.0,14010.184671977986,4764.591171383391,1051.137324521996,6632.100211138199
2019-08-31,64379.0,113202.0,28980.0,14013.284036349583,4352.9434075727895,1046.9486728425,6622.528598694008
2019-09-01,63749.0,112682.0,28917.0,14013.284036349583,3993.173012897989,1041.9222908271045,6609.766448768401
2019-09-02,63209.0,112232.0,28859.0,14041.178315693993,3888.9942121350055,1040.246830155306,6638.481286100993
2019-09-03,62889.0,111872.0,28832.0,14065.973230666808,3859.346007198006,1041.0845604912054,6679.958273359192
2019-09-04,62389.0,111492.0,28787.0,14022.582129464412,3780.196603787401,1041.9222908271045,6628.909673656802
2019-09-05,61829.0,111062.0,28724.0,14016.383400721215,3696.638762197801,1040.246830155306,6609.766448768401
2019-09-06,61169.0,110622.0,28666.0,14019.482765092816,3630.206150253612,1037.7336391476083,6597.004298842795
2019-09-07,60659.0,110142.0,28599.0,14019.482765092816,3558.010276842604,1034.3827178039924,6597.004298842795
2019-09-08,60069.0,109632.0,28545.0,14019.482765092816,3477.4002463245047,1031.0317964603953,6593.813761361397
2019-09-09,59309.0,109192.0,28496.0,14022.582129464412,3409.094512491896,1027.6808751167985,6587.844399137102
2019-09-10,58549.0,108702.0,28434.0,14019.482765092816,3375.050740490404,1024.3299537732016,6585.065574394206
2019-09-11,57749.0,108312.0,28269.0,14016.383400721215,3341.797906621211,1022.6544931014032,6585.065574394206
2019-09-12,57049.0,107922.0,28225.0,14022.582129464412,3313.583380913991,1022.6544931014032,6600.194836324192
2019-09-13,56429.0,107512.0,28185.0,14025.68149383601,3289.3995017363904,1022.6544931014032,6606.575911287004
2019-09-14,55689.0,107032.0,28127.0,14022.582129464412,3242.9203757772098,1022.6544931014032,6609.766448768401
2019-09-15,54969.0,106582.0,28101.0,14022.582129464412,3203.592766885201,1023.4922234373024,6612.956986249798
2019-09-16,54289.0,106122.0,28048.0,14022.582129464412,3166.5736819877907,1023.4922234373024,6612.956986249798
2019-09-17,53599.0,105642.0,27986.0,14019.482765092816,3129.182377493102,1023.4922234373024,6609.766448768401
2019-09-18,52959.0,105102.0,27920.0,14013.284036349583,3096.5848299849104,1022.6544931014032,6603.385373805607
2019-09-19,52369.0,104602.0,27876.0,14007.085307606389,3072.9057917616096,1020.9790324296048,6597.004298842795
2019-09-20,51769.0,104142.0,27660.0,14007.085307606389,3037.39076991,1019.303571757806,6593.813761361397
2019-09-21,51299.0,103632.0,27380.0,13991.632736314205,3001.87574805839,1017.6281110860076,6600.194836324192
2019-09-22,50749.0,103122.0,27101.0,13927.475346392392,2980.640038388409,1015.9526504142092,6612.956986249798
2019-09-23,50229.0,102662.0,26811.0,13866.373070276415,2956.95536294281,1014.2771897423916,6622.528598694008
2019-09-24,49709.0,102262.0,26544.0,13857.207728858986,2923.250247885599,1013.4394594064923,6625.719136175405
2019-09-25,49249.0,101792.0,26261.0,13857.207728858986,2890.703728644008,1012.6017290705933,6622.528598694008
2019-09-26,48749.0,101322.0,25976.0,13860.262842664784,2857.9149065987976,1011.763998734694,6619.338061212593
2019-09-27,48329.0,100912.0,25721.0,13860.262842664784,2831.3293752108016,1011.763998734694,6616.147523731196
2019-09-28,47779.0,100442.0,25439.0,13863.317956470615,2807.4966330708025,1011.763998734694,6609.766448768401
2019-09-29,47069.0,99952.0,25171.0,13866.373070276415,2780.755247149508,1011.763998734694,6612.956986249798
2019-09-30,46439.0,99052.0,24887.0,13866.373070276415,2750.563359818996,1011.763998734694,6609.766448768401
2019-10-01,45879.0,99052.0,24618.0,13866.373070276415,2718.794255893205,1010.9262683987946,6606.575911287004
2019-10-02,45409.0,98592.0,24351.0,13872.483297888008,2689.3425391091937,1011.763998734694,6603.385373805607
2019-10-03,45069.0,98172.0,24090.0,13896.924208334389,2678.403330018004,1011.763998734694,6603.385373805607
2019-10-04,44709.0,97882.0,23867.0,13909.14466355761,2662.4152551923994,1019.303571757806,
2019-10-05,44229.0,97462.0,23624.0,13912.199777363405,2626.611724865394,1026.8431447808991,
2019-10-06,43769.0,97012.0,23363.0,13915.254891169205,2576.645145993602,1026.8431447808991,6560.056151708097
2019-10-07,43609.0,96622.0,23140.0,13924.420232586595,2538.70839951,1027.6808751167985,6537.8255537649
2019-10-08,43709.0,96522.0,23036.0,13945.806029227211,2575.006897506004,1034.3827178039924,6554.498502222301
2019-10-09,43609.0,96112.0,23088.0,13954.971370644602,2577.4642702374017,1041.0845604912054,
2019-10-10,43149.0,95792.0,23036.0,13958.0264844504,2578.283394481201,1042.7600211630038,6562.834976450994
2019-10-11,42649.0,95402.0,23016.0,13958.0264844504,2583.1981399439965,1041.9222908271045,6562.834976450994
2019-10-12,42239.0,95022.0,22996.0,13958.0264844504,1962.4172818125,1040.246830155306,6560.056151708097
2019-10-13,41839.0,94622.0,22977.0,13958.0264844504,1257.4581617873953,1037.7336391476083,6557.277326965199
2019-10-14,41179.0,94222.0,22957.0,13958.0264844504,960.0653914575026,1035.2204481398917,6551.719677479405
2019-10-15,40699.0,93812.0,22873.0,13958.0264844504,732.7771176504012,1032.7072571321935,6540.604378507798
2019-10-16,40349.0,93352.0,22798.0,13979.412281091016,680.1587307555021,,6532.267904279106
2019-10-17,40809.0,94462.0,23236.0,14047.377044437188,809.4667370321972,1137.251271695996,6593.813761361397
2019-10-18,42589.0,96192.0,23677.0,13991.632736314205,799.4291250728979,1177.9614663809991,6382.2113681625
2019-10-19,43489.0,96832.0,23846.0,13991.632736314205,839.9315897454037,1172.568306480004,6250.399392461394
2019-10-20,43919.0,97172.0,23939.0,14007.085307606389,825.4615895585997,1161.7819866779937,6125.7166782042
2019-10-21,44169.0,97312.0,24004.0,14025.68149383601,769.4580343800003,1152.8571232986014,6012.395313008697
2019-10-22,44339.0,97272.0,24061.0,14038.078951322395,694.432959661497,1147.6551727644064,5892.547803985199
2019-10-23,44559.0,97322.0,24175.0,14078.370688153194,671.8617496680021,1193.2420861005055,5852.598634310705
2019-10-24,45109.0,97402.0,24339.0,14072.17195941,677.1718175639973,1199.534105985,5759.664658291799
2019-10-25,45519.0,97432.0,24433.0,14053.575773180415,642.1876069913991,1184.2534862654934,5649.772255754396
2019-10-26,45899.0,97382.0,24511.0,14031.880222579202,653.2765120319964,1170.7705865130058,5532.030395892898
2019-10-27,46269.0,97342.0,24589.0,14069.072595038404,676.1761798334982,,5526.797424343504
2019-10-28,46979.0,97692.0,24995.0,14168.252254929585,840.6931687026031,1266.9593252454015,5634.073341106195
2019-10-29,47599.0,98092.0,25200.0,14155.854797443197,687.2623151406034,1235.4885053250082,5372.363927254497
2019-10-30,48069.0,98522.0,25346.0,14118.662424983992,641.2185587025,1209.421565803491,5125.471349394004
2019-10-31,48339.0,99072.0,25510.0,14143.457339956803,683.5062632486992,,5244.093658657497
2019-11-01,50019.0,101132.0,27713.0,14476.48396999799,1887.407978282396,1371.2177639927972,5673.320627726704
2019-11-02,54149.0,103452.0,28908.0,14501.944663734,2644.7442251219964,1329.5185463525893,5634.073341106195
2019-11-03,56219.0,104852.0,29342.0,14333.267567733012,2338.988847313205,1272.8242522241965,5410.914218586006
2019-11-04,57589.0,105832.0,29605.0,14115.563060612396,1690.8689925263957,1236.3873653085072,5287.553286325202
2019-11-05,58609.0,106592.0,29802.0,13982.467394896814,1104.9596005214976,1214.8147257045066,5272.133169792601
2019-11-06,59429.0,107062.0,29815.0,13973.302053479383,873.6979647905993,1200.432965968499,5264.423111526293
2019-11-07,60089.0,107582.0,29751.0,13970.246939673589,673.5211458855007,1190.545506150008,5259.283072682098
2019-11-08,60729.0,107742.0,29902.0,13973.302053479383,727.8621115067978,1195.039806067504,5308.1134417019975
2019-11-09,61279.0,107762.0,30003.0,13954.971370644602,782.8407349499964,1188.7477861830098,5315.8234999683045
2019-11-10,61719.0,107662.0,30086.0,13930.53046019819,783.9258187800035,1180.6580463314967,5313.253480546207
2019-11-11,62119.0,107552.0,30164.0,13915.254891169205,753.1817769299986,1175.2648864305015,5302.973402857802
2019-11-12,62509.0,107452.0,30247.0,13967.19182586779,712.5303005952037,1171.6694464965049,5292.693325169397
2019-11-13,62569.0,107302.0,30303.0,14016.383400721215,675.8443005899986,1167.175146579009,5269.563150370503
2019-11-14,62549.0,107092.0,30349.0,14050.476408808783,677.8355760509968,1160.8831266944942,5249.141416498507
2019-11-15,62499.0,106882.0,30395.0,14034.9795869508,683.5062632486992,1157.2876867604975,5259.283072682098
2019-11-16,62419.0,106692.0,30432.0,14034.9795869508,714.2375969097021,1154.59110681,5264.423111526293
2019-11-17,62349.0,106492.0,30478.0,14031.880222579202,739.4474831310031,1151.1231397872032,5259.283072682098
2019-11-18,62229.0,106302.0,30525.0,14028.780858207603,743.6603455397993,1149.389156275805,5261.853092104196
2019-11-19,62169.0,106302.0,30571.0,14025.68149383601,712.1888413322963,1150.256148031504,5272.133169792601
2019-11-20,62359.0,106352.0,30738.0,14016.383400721215,680.4906099990019,1151.1231397872032,5274.703189214698
2019-11-21,62459.0,106352.0,30818.0,14007.085307606389,652.9446327884966,1149.389156275805,5274.703189214698
2019-11-22,62509.0,106402.0,30776.0,14010.184671977986,657.5909421975,1148.5221645201054,5279.843228058894
2019-11-23,62599.0,106532.0,30664.0,14013.284036349583,664.8922855545009,1148.5221645201054,5287.553286325202
2019-11-24,62779.0,106672.0,30752.0,14059.774501923612,718.734242954398,1169.8717265295063,5369.7939078324
2019-11-25,63109.0,107032.0,31079.0,14093.867510011216,841.4547476598024,1196.8375260345024,5398.064121475502
2019-11-26,63469.0,107402.0,31262.0,14062.873866295213,734.18140512,1198.6352460015007,5333.813635923003
2019-11-27,63849.0,107712.0,31412.0,14028.780858207603,681.486247729501,1193.2420861005055,5272.133169792601
2019-11-28,64259.0,108152.0,31582.0,14025.68149383601,706.3840338630015,1193.2420861005055,5277.273208636796
2019-11-29,64819.0,108652.0,31743.0,14025.68149383601,727.8621115067978,1193.2420861005055,5274.703189214698
2019-11-30,65269.0,109082.0,31733.0,14022.582129464412,724.0003209654013,1185.152346248993,5269.563150370503
2019-12-01,66588.0,112888.0,32091.0,14031.880222579202,703.9938190227036,1180.6580463314967,5266.993130948405
2019-12-02,67014.0,113328.0,32020.0,14053.575773180415,704.3352782856034,1181.5569063149958,5295.263344591494
2019-12-03,67440.0,113678.0,32063.0,14050.476408808783,703.6523597597962,1181.5569063149958,5266.993130948405
2019-12-04,67906.0,114018.0,32091.0,14041.178315693993,670.2023534505037,1177.9614663809991,5279.843228058894
2019-12-05,68179.0,114198.0,32138.0,14025.68149383601,675.5124213464989,1176.1637464140008,5302.973402857802
2019-12-06,68348.0,114368.0,32166.0,14013.284036349583,662.9010100935027,1173.4671664635032,5305.5434222799
2019-12-07,68478.0,114478.0,32072.0,14003.985943234791,672.8573873985011,1169.8717265295063,5302.973402857802
2019-12-08,68543.0,114598.0,31954.0,13994.68785012,656.2634252235011,1161.7819866779937,5292.693325169397
2019-12-09,68556.0,114648.0,31836.0,13991.632736314205,675.1805421029991,1164.4785666284909,5290.123305747299
2019-12-10,69105.0,115748.0,32271.0,14034.9795869508,801.6597055082959,1224.7021855229975,5336.383655345101
2019-12-11,72032.0,118148.0,32761.0,14053.575773180415,747.5221360812037,1313.8787410758036,5308.1134417019975
2019-12-12,74052.0,119658.0,32890.0,14053.575773180415,671.5298704245024,1277.711691373192,5261.853092104196
2019-12-13,75471.0,120608.0,32928.0,14025.68149383601,663.8966478240018,1243.5782451765008,5254.189174339502
2019-12-14,76643.0,121498.0,33053.0,14019.482765092816,691.3598262953997,1246.4320808195982,5282.413247481006
2019-12-15,78249.0,122708.0,33801.0,14025.68149383601,887.7489205914043,1295.3064723095983,5349.233752455603
2019-12-16,79593.0,123478.0,34103.0,14016.383400721215,968.3257143075044,1273.8017400539957,5369.7939078324
2019-12-17,80654.0,124148.0,34235.0,14010.184671977986,787.1810702700006,1249.3645443089956,5377.503966098708
2019-12-18,81651.0,124628.0,34284.0,14003.985943234791,684.8721003002978,1234.589645341509,5367.223888410302
2019-12-19,82131.0,124898.0,34255.0,14000.886578863196,657.9228214409997,1216.612445671505,5302.973402857802
2019-12-20,82427.0,125248.0,34171.0,14013.284036349583,650.289598840499,1201.3318259519983,5277.273208636796
2019-12-21,82611.0,125328.0,34015.0,14028.780858207603,677.503696807497,1190.545506150008,5292.693325169397
2019-12-22,82767.0,125348.0,33961.0,14041.178315693993,699.554848605,1184.2534862654934,5295.263344591494
2019-12-23,82938.0,125348.0,33908.0,14050.476408808783,712.5303005952037,1183.354626281994,5290.123305747299
2019-12-24,83009.0,125368.0,33777.0,14044.27768006559,691.7012855582993,1184.2534862654934,5292.693325169397
2019-12-25,82952.0,125328.0,33602.0,14031.880222579202,698.5304708163009,1182.455766298495,5279.843228058894
2019-12-26,82781.0,125278.0,33457.0,14016.383400721215,695.4573374502038,1177.0626063975,5266.993130948405
2019-12-27,82569.0,125208.0,33303.0,13997.787214491598,684.8721003002978,1174.3660264470025,5277.273208636796
2019-12-28,82484.0,125208.0,33158.0,13979.412281091016,701.9450634452978,1185.152346248993,5287.553286325202
2019-12-29,82470.0,125318.0,33005.0,13961.081598256198,729.2663989763964,1195.039806067504,5292.693325169397
2019-12-30,82484.0,125518.0,32923.0,13982.467394896814,765.4793936700039,1262.0718860964062,5341.523694189296
2019-12-31,83137.0,126088.0,32957.0,14044.27768006559,814.2996613089014,1316.811204565201,5364.6538689882045
2020-01-01,83649.0,126248.0,32851.0,14044.27768006559,837.2660633951975,1290.4190331606026,5284.983266903103
2020-01-02,84135.0,126628.0,32741.0,14031.880222579202,785.7342918300019,1258.1619347772098,5292.693325169397
2020-01-03,84536.0,126918.0,32603.0,14019.482765092816,707.4084116517007,1238.1850852755056,5297.833364013607
2020-01-04,84680.0,127438.0,32479.0,14041.178315693993,779.2237888499996,1247.4095686493974,5315.8234999683045
2020-01-05,84881.0,127928.0,32422.0,14059.774501923612,916.631766699596,1269.891788734799,5326.103577656695
2020-01-06,84967.0,128368.0,32299.0,14056.675137552014,975.7600048724978,1254.2519834579912,5315.8234999683045
2020-01-07,84996.0,128728.0,32157.0,14031.880222579202,855.9247478465979,1236.3873653085072,5305.5434222799
2020-01-08,84924.0,128838.0,32138.0,14013.284036349583,727.1599677719984,1224.7021855229975,5300.403383435704
2020-01-09,84780.0,129058.0,31968.0,14003.985943234791,690.6769077696003,1211.2192857705095,5277.273208636796
2020-01-10,84522.0,129338.0,31803.0,13997.787214491598,703.6523597597962,1202.2306859354974,5272.133169792601
2020-01-11,84335.0,129398.0,31761.0,14000.886578863196,733.4792613852006,1206.7249858529935,5297.833364013607
2020-01-12,84321.0,129608.0,31907.0,14019.482765092816,867.0627912179965,,5359.513830143995
2020-01-13,84493.0,130248.0,32399.0,14028.780858207603,955.5222138899971,1274.7792278837946,5408.344199163895
2020-01-14,84493.0,130588.0,32451.0,14019.482765092816,761.8624475699991,1251.3195199685938,5372.363927254497
2020-01-15,84407.0,131198.0,32413.0,14007.085307606389,674.5167836159998,1232.79192537449,5328.673597078793
2020-01-16,84364.0,131468.0,32337.0,13997.787214491598,699.8963078678997,1227.398765473495,5290.123305747299
2020-01-17,84092.0,131538.0,32204.0,13994.68785012,697.5060930276019,1222.0056055725,5282.413247481006
2020-01-18,84092.0,131538.0,32204.0,14000.886578863196,694.432959661497,1204.028405902496,5274.703189214698
2020-01-19,83749.0,131578.0,32228.0,14016.383400721215,715.2619746984013,1199.534105985,5282.413247481006
2020-01-20,83464.0,131578.0,32261.0,14025.68149383601,727.1599677719984,1195.938666051003,5272.133169792601
2020-01-21,83080.0,131518.0,32143.0,14025.68149383601,696.8231745018024,1185.152346248993,5261.853092104196
2020-01-22,82611.0,131348.0,32025.0,14025.68149383601,682.8233447228997,1179.7591863479977,5272.133169792601
2020-01-23,82258.0,130888.0,31987.0,14025.68149383601,668.8748364764972,1176.1637464140008,5282.413247481006
2020-01-24,81905.0,130688.0,31973.0,14025.68149383601,675.5124213464989,1176.1637464140008,5261.853092104196
2020-01-25,81721.0,130498.0,31954.0,14078.370688153194,692.7256633469985,1187.8489261994905,5231.474264054994
2020-01-26,82003.0,130658.0,32114.0,14230.239542361596,967.499682022496,1244.47710516,5259.283072682098
2020-01-27,82272.0,130758.0,32200.0,14273.630643563993,918.6375425301032,1252.2970077983928,5310.683461124095
2020-01-28,82371.0,130708.0,32233.0,14100.066238754407,721.5428178936036,1236.3873653085072,5269.563150370503
2020-01-29,82356.0,130518.0,32218.0,14013.284036349583,682.8233447228997,1221.1067455890009,5251.665295419005
2020-01-30,82131.0,130358.0,32200.0,14010.184671977986,677.1718175639973,1204.9272658859952,5264.423111526293
2020-01-31,81764.0,130168.0,32176.0,14007.085307606389,667.8791987459981,1195.938666051003,5261.853092104196
2020-02-01,81412.0,129988.0,32162.0,14016.383400721215,706.7254931259013,1191.4443661335072,5264.423111526293
2020-02-02,81061.0,129918.0,32143.0,14028.780858207603,748.9264235508024,1187.8489261994905,5259.283072682098
2020-02-03,80696.0,129848.0,32114.0,14041.178315693993,778.5003996300003,1187.8489261994905,5246.617537577995
2020-02-04,80319.0,129748.0,32091.0,14022.582129464412,744.011417407199,1193.2420861005055,5249.141416498507
2020-02-05,79928.0,129538.0,32067.0,14000.886578863196,687.2623151406034,1206.7249858529935,5244.093658657497
2020-02-06,79635.0,129468.0,31926.0,13976.357167285216,639.2804621247018,,5239.045900816502
2020-02-07,79496.0,129498.0,31818.0,13982.467394896814,711.1644635435972,1255.22947128779,5282.413247481006
2020-02-08,80878.0,130888.0,31949.0,14041.178315693993,1015.3411258425,1310.9462775864065,5367.223888410302
2020-02-09,81482.0,131498.0,32034.0,14078.370688153194,1136.4292473782996,1279.6666670327902,5377.503966098708
2020-02-10,81736.0,131838.0,31959.0,14103.165603126006,1035.4312411518013,1258.1619347772098,5374.933946676595
2020-02-11,81876.0,131928.0,31879.0,14069.072595038404,751.0328547552006,1267.936813075201,5351.8037718777005
2020-02-12,82003.0,132228.0,31752.0,14022.582129464412,,1275.7567157135938,5279.843228058894
2020-02-13,82003.0,132638.0,31803.0,14028.780858207603,667.2154402589988,1272.8242522241965,5297.833364013607
2020-02-14,81961.0,132868.0,31865.0,14053.575773180415,757.5221122500029,1274.7792278837946,5302.973402857802
2020-02-15,81665.0,132938.0,31634.0,14072.17195941,830.4118527804038,1240.8816652260032,5328.673597078793
2020-02-16,81384.0,133008.0,31611.0,14090.768145639584,857.0671162823969,1228.2976254569942,5367.223888410302
2020-02-17,81313.0,133058.0,31620.0,14106.264967497604,824.7090366741003,1219.3090256220023,5392.9240826312935
2020-02-18,81201.0,132968.0,31611.0,14103.165603126006,764.0326152299968,1212.118145754009,5392.9240826312935
2020-02-19,81215.0,132798.0,31630.0,14059.774501923612,815.4149515266004,1212.118145754009,5349.233752455603
2020-02-20,81299.0,132668.0,31527.0,14007.085307606389,718.3831710869985,1207.6238458364926,5295.263344591494
2020-02-21,81327.0,132408.0,31265.0,14000.886578863196,666.2198025284997,1195.039806067504,5290.123305747299
2020-02-22,81356.0,132158.0,31168.0,14007.085307606389,728.9153271089968,1187.8489261994905,5279.843228058894
2020-02-23,81356.0,131978.0,31205.0,14016.383400721215,789.0197497076989,1183.354626281994,5266.993130948405
2020-02-24,81384.0,131728.0,31228.0,14022.582129464412,804.6338127555016,1181.5569063149958,5254.189174339502
2020-02-25,81426.0,131518.0,31261.0,14025.68149383601,734.18140512,1184.2534862654934,5261.853092104196
2020-02-26,81538.0,131348.0,31312.0,14013.284036349583,676.5080590769979,1194.1409460840048,5264.423111526293
2020-02-27,81975.0,131428.0,31475.0,14019.482765092816,713.5546783839028,1269.891788734799,5292.693325169397
2020-02-28,83051.0,131728.0,31761.0,14019.482765092816,765.8410882800035,1297.2614479691963,5300.403383435704
2020-02-29,83720.0,131958.0,31733.0,14013.284036349583,796.0832544198009,1265.0043495858035,5290.123305747299
2020-03-01,84221.0,131978.0,31808.0,14000.886578863196,762.947531399998,1238.1850852755056,5272.133169792601
2020-03-02,84651.0,132048.0,31888.0,13991.632736314205,705.7011153372023,1224.7021855229975,5256.71305326
2020-03-03,85126.0,131998.0,31982.0,14007.085307606389,688.2866929293025,1230.0953454239925,5272.133169792601
2020-03-04,85892.0,132248.0,32200.0,14028.780858207603,721.5428178936036,1273.8017400539957,5313.253480546207
2020-03-05,86487.0,132498.0,32413.0,14019.482765092816,750.6817828878009,1273.8017400539957,5313.253480546207
2020-03-06,86938.0,132758.0,32560.0,14000.886578863196,751.0328547552006,1255.22947128779,5308.1134417019975
2020-03-07,87244.0,132988.0,32551.0,14003.985943234791,820.619639209204,1239.0839452590048,5308.1134417019975
2020-03-08,87390.0,133188.0,32636.0,14003.985943234791,881.1137470188014,1223.8033255394985,5292.693325169397
2020-03-09,87463.0,133288.0,32722.0,14000.886578863196,940.7010766656016,1214.8147257045066,5282.413247481006
2020-03-10,87565.0,133668.0,32832.0,14000.886578863196,1064.4001445091044,1211.2192857705095,5282.413247481006
2020-03-11,87946.0,133858.0,33009.0,14000.886578863196,1200.7082123082037,1214.8147257045066,5211.283232690998
2020-03-12,88313.0,134328.0,33163.0,13997.787214491598,1329.2540205107964,1211.2192857705095,5130.519107235
2020-03-13,88607.0,134828.0,33178.0,14010.184671977986,1463.3707729200023,1219.3090256220023,5135.566865075995
2020-03-14,88961.0,135378.0,33641.0,14025.68149383601,1619.6236264823958,1230.0953454239925,5155.757896440005
2020-03-15,89094.0,135918.0,33869.0,14019.482765092816,1723.3644183312056,1219.3090256220023,5165.853412121996
2020-03-16,89138.0,136238.0,34035.0,14013.284036349583,1801.6282238940028,1207.6238458364926,5173.425048883504
2020-03-17,89182.0,136548.0,33961.0,14003.985943234791,1928.151670450202,1201.3318259519983,5201.187717008993
2020-03-18,89153.0,136818.0,34074.0,13997.787214491598,2040.7193748678037,1195.039806067504,5231.474264054994
2020-03-19,89138.0,137248.0,34083.0,14025.68149383601,2221.676882675996,1233.69078535801,5328.673597078793
2020-03-20,89552.0,137648.0,34240.0,14034.9795869508,2592.208506625807,1271.8467643943973,5385.214024365
2020-03-21,89996.0,138058.0,34436.0,14025.68149383601,2855.25635346,1281.621642692411,5387.784043787098
2020-03-22,90323.0,138348.0,34658.0,14007.085307606389,3016.829441469597,1259.139422607009,5380.073985520806
2020-03-23,90590.0,138588.0,34811.0,14000.886578863196,3148.357405439107,1244.47710516,5380.073985520806
2020-03-24,90888.0,138858.0,34830.0,14034.9795869508,3407.024641769698,1248.3870564791964,5431.474373962802
2020-03-25,91202.0,138878.0,34801.0,14031.880222579202,3714.44446648651,1252.2970077983928,5449.4645099175
2020-03-26,91471.0,139108.0,34924.0,14019.482765092816,3997.837635133212,1249.3645443089956,5459.7445876059055
2020-03-27,91711.0,139198.0,34939.0,14010.184671977986,4223.1219252902965,1246.4320808195982,5457.174568183794
2020-03-28,91890.0,139288.0,34924.0,14022.582129464412,4362.821124446409,1238.1850852755056,5498.2948789374
2020-03-29,92236.0,139548.0,35143.0,14056.675137552014,4643.257293023414,,5783.353406874892
2020-03-30,92703.0,139878.0,35267.0,14059.774501923612,4921.75777632,1293.35149665,5791.343240809801
2020-03-31,93234.0,140498.0,35277.0,14028.780858207603,4913.740277635207,1289.4415453308036,5778.026850918297
2020-04-01,93675.0,140618.0,35247.0,14003.985943234791,4921.75777632,1276.734203543393,5812.649464636196
2020-04-02,93950.0,141128.0,35282.0,14000.886578863196,4924.484106466797,1256.2069591175891,5855.261912289004
2020-04-03,94118.0,141498.0,35257.0,14000.886578863196,4931.299931833792,1238.1850852755056,5881.894692071994
2020-04-04,94210.0,141808.0,35262.0,14007.085307606389,5030.810982191993,1225.6010455064968,5921.843861746504
2020-04-05,94195.0,142118.0,35257.0,14013.284036349583,5127.58481898,1215.7135856880057,5956.466475464402
2020-04-06,93980.0,142248.0,35247.0,14016.383400721215,5190.144300768006,1206.7249858529935,5985.762533225705
2020-04-07,93690.0,142228.0,35202.0,14013.284036349583,5183.193247236012,1197.7363860180017,6041.6913707700005
2020-04-08,93462.0,142118.0,35207.0,14025.68149383601,5187.363879355209,1195.039806067504,6152.821616086208
2020-04-09,93143.0,141978.0,35207.0,14010.184671977986,5174.8519829975885,1198.6352460015007,6255.820380037805
2020-04-10,92900.0,141918.0,35282.0,13991.632736314205,5188.754090061607,1214.8147257045066,6321.077223818693
2020-04-11,92703.0,141808.0,35237.0,13994.68785012,5276.527400867992,1211.2192857705095,6368.317244447997
2020-04-12,92416.0,141628.0,35232.0,13997.787214491598,5354.855008056586,1200.432965968499,6418.336089820199
2020-04-13,92131.0,141778.0,35277.0,14112.4636962408,5419.968835833592,,6600.194836324192
2020-04-14,92718.0,143758.0,35867.0,14412.83223565801,5619.51829380841,1298.2389357989955,6743.769022987206
2020-04-15,93158.0,143978.0,35457.0,14199.245898645591,5604.748445531391,1273.8017400539957,6635.290748619596
2020-04-16,93401.0,143818.0,35377.0,14041.178315693993,5579.639703460513,1247.4095686493974,6603.385373805607
2020-04-17,93523.0,143498.0,35332.0,14019.482765092816,5665.974838293303,1229.1964854404937,6573.9502754226
2020-04-18,93584.0,143358.0,35297.0,14059.774501923612,5947.77655065599,1230.0953454239925,6573.9502754226
2020-04-19,93568.0,143208.0,35307.0,14072.17195941,6308.308133266784,1236.3873653085072,6554.498502222301
2020-04-20,93492.0,143038.0,35312.0,14056.675137552014,6384.252140390388,1241.7805252095025,6529.489079536193
2020-04-21,93340.0,142818.0,35227.0,14019.482765092816,6288.918174001202,1231.893065390991,6551.719677479405
2020-04-22,93127.0,142558.0,35217.0,13997.787214491598,6126.289328751604,1224.7021855229975,6593.813761361397
2020-04-23,92915.0,142288.0,35068.0,13997.787214491598,5873.953051499986,1214.8147257045066,6622.528598694008
2020-04-24,92628.0,142008.0,35019.0,14010.184671977986,5843.283955380015,1213.017005737508,6644.862361063805
2020-04-25,92311.0,141758.0,34984.0,14025.68149383601,6019.567065422994,1218.4101656385033,6628.909673656802
2020-04-26,91935.0,141408.0,34939.0,14041.178315693993,6119.93810174041,1235.4885053250082,6606.575911287004
2020-04-27,92131.0,141958.0,35083.0,14090.768145639584,6274.375704552015,1352.5801295159906,6660.815048470809
2020-04-28,92673.0,142488.0,35038.0,14047.377044437188,6104.060034212388,1343.2613122775992,6673.577198396398
2020-04-29,93173.0,142878.0,34880.0,13997.787214491598,5801.8806756180165,1303.126374947991,6638.481286100993
2020-04-30,93523.0,143318.0,34875.0,13988.577622508406,5662.9626064791055,1282.59913052221,6571.171450679702
2020-05-01,94333.0,144408.0,35657.0,14158.954161814792,6385.867970329186,1407.4576088088113,6715.054185654596
2020-05-02,95925.0,145208.0,35617.0,14273.630643563993,6633.279661417786,1381.5720053688117,6807.579772615202
2020-05-03,96330.0,144778.0,35437.0,14317.354634147989,6673.5290376185885,1324.631107203594,6871.390522243199
2020-05-04,96267.0,144368.0,35367.0,14295.326194165207,6695.330783060706,1287.4865696712054,6839.485147429192
2020-05-05,96002.0,143838.0,35252.0,14174.450983672812,6738.934273944905,1260.116910436808,6667.196123433603
2020-05-06,95832.0,143448.0,35158.0,14041.178315693993,6786.719541052501,1239.0839452590048,6667.196123433603
2020-05-07,96034.0,143118.0,35098.0,13961.081598256198,6718.809585844485,1225.6010455064968,6641.671823582408
2020-05-08,96002.0,142948.0,35033.0,13964.136712061993,6523.6074038160095,1215.7135856880057,6635.290748619596
2020-05-09,95645.0,142908.0,34964.0,14022.582129464412,6554.869711681481,1217.511305655004,6699.101498247593
2020-05-10,95335.0,142858.0,35058.0,14041.178315693993,6663.466693568396,1213.017005737508,6695.910960766196
2020-05-11,95010.0,142788.0,35019.0,14044.27768006559,6718.809585844485,1206.7249858529935,6676.767735877795
2020-05-12,94640.0,142638.0,35118.0,14019.482765092816,6773.038230626113,1209.421565803491,6648.052898545202
2020-05-13,94363.0,142468.0,34989.0,13991.632736314205,6778.168722036007,1203.1295459189969,6638.481286100993
2020-05-14,94103.0,142248.0,34880.0,13985.522508702608,6798.690687675589,1193.2420861005055,6632.100211138199
2020-05-15,93843.0,142108.0,34830.0,13997.787214491598,6802.111015282187,1187.8489261994905,6644.862361063805
2020-05-16,93904.0,142448.0,34949.0,14016.383400721215,6808.9516704954185,1200.432965968499,6664.005585952206
2020-05-17,94011.0,142438.0,35033.0,14025.68149383601,6827.763472331702,1204.028405902496,6664.005585952206
2020-05-18,93767.0,142288.0,34910.0,14022.582129464412,6841.44478275809,1195.938666051003,6657.624510989394
2020-05-19,93599.0,142118.0,34890.0,14016.383400721215,6745.675609773299,1187.8489261994905,6648.052898545202
2020-05-20,93523.0,141938.0,34929.0,14013.284036349583,6773.038230626113,1179.7591863479977,6635.290748619596
2020-05-21,93538.0,141808.0,34979.0,14010.184671977986,6796.980523872291,1172.568306480004,6628.909673656802
2020-05-22,93706.0,141648.0,35019.0,14022.582129464412,6791.850032462396,1168.0740065625082,6648.052898545202
2020-05-23,93812.0,141588.0,35078.0,14047.377044437188,6733.90310191981,1172.568306480004,6727.816335580202
2020-05-24,94287.0,141518.0,34905.0,14062.873866295213,6749.095937379896,1187.8489261994905,6746.959560468603
2020-05-25,94287.0,141318.0,34722.0,14069.072595038404,6767.907739216217,1180.6580463314967,6753.3406354313975
2020-05-26,94195.0,141058.0,34529.0,14062.873866295213,6769.617903019516,1173.4671664635032,6753.3406354313975
2020-05-27,94042.0,140948.0,34525.0,14031.880222579202,6785.009377249202,1166.27628659551,6737.387948024394
2020-05-28,93736.0,140948.0,34554.0,13997.787214491598,6786.719541052501,1159.085406727496,6695.910960766196
2020-05-29,93446.0,141038.0,34623.0,13982.467394896814,6798.690687675589,1155.4899667934992,6673.577198396398
2020-05-30,93401.0,141478.0,34717.0,14031.880222579202,6781.589049642605,1165.37742661199,6746.959560468603
2020-05-31,93203.0,141428.0,34559.0,14050.476408808783,6712.101356477691,1164.4785666284909,6766.102785357003
2020-06-01,92945.0,141338.0,34313.0,14044.27768006559,6690.299611035611,1156.3888267769985,6756.531172912794
2020-06-02,92733.0,141278.0,34255.0,14010.184671977986,6697.007840402405,1149.389156275805,6715.054185654596
2020-06-03,92507.0,141188.0,34264.0,14003.985943234791,6738.934273944905,1173.4671664635032,6699.101498247593
2020-06-04,92296.0,141058.0,34294.0,14013.284036349583,6793.560196265694,1244.47710516,6740.578485505809
2020-06-05,92055.0,140768.0,34299.0,14072.17195941,6807.241506692081,1232.79192537449,6858.628372317593
2020-06-06,91770.0,140528.0,34299.0,14062.873866295213,6831.183799938298,1211.2192857705095,6657.624510989394
2020-06-07,91426.0,140238.0,34294.0,14028.780858207603,6814.082161905315,1195.938666051003,6689.5298858034
2020-06-08,91067.0,139948.0,34274.0,13994.68785012,6781.589049642605,1181.5569063149958,6692.720423284799
2020-06-09,90888.0,139788.0,34259.0,14003.985943234791,6774.748394429412,1170.7705865130058,6667.196123433603
2020-06-10,90680.0,139508.0,34225.0,14010.184671977986,6757.646756396388,1162.6808466614923,6635.290748619596
2020-06-11,90650.0,139528.0,34308.0,14044.27768006559,7575.842324846403,,6644.862361063805
2020-06-12,90650.0,139748.0,34594.0,14016.383400721215,7938.784487985006,1215.7135856880057,6651.2434360266
2020-06-13,90293.0,139528.0,34623.0,14013.284036349583,6913.2716624967015,1193.2420861005055,6648.052898545202
2020-06-14,89789.0,139238.0,34475.0,14000.886578863196,6790.139868659097,1175.2648864305015,6638.481286100993
2020-06-15,89300.0,138878.0,34456.0,13991.632736314205,6776.458558232709,1163.5797066449918,6625.719136175405
2020-06-16,88887.0,138568.0,34441.0,14000.886578863196,6773.038230626113,1154.59110681,6625.719136175405
2020-06-17,88666.0,138328.0,34411.0,14010.184671977986,6757.646756396388,1147.6551727644064,6619.338061212593
2020-06-18,88475.0,138098.0,34387.0,14019.482765092816,6791.850032462396,1140.719238718793,6619.338061212593
2020-06-19,88284.0,137848.0,34362.0,14031.880222579202,6844.865110364685,1135.5172881845976,6635.290748619596
2020-06-20,88093.0,137588.0,34338.0,14034.9795869508,6844.865110364685,1133.7833046731992,6667.196123433603
2020-06-21,87844.0,137358.0,34304.0,14028.780858207603,6849.995601774582,1128.581354139004,6782.055472764007
2020-06-22,87595.0,137048.0,34274.0,14019.482765092816,6824.343144725105,1121.6454200933904,6804.3892351338045
2020-06-23,87054.0,136668.0,34230.0,14003.985943234791,6815.792325708612,1112.9755025363984,6775.674397801196
2020-06-24,86632.0,136278.0,34074.0,14028.780858207603,6814.082161905315,1105.1725767351054,6756.531172912794
2020-06-25,86428.0,135958.0,34039.0,14013.284036349583,6841.44478275809,1096.5026591780936,6673.577198396398
2020-06-26,86152.0,135628.0,34000.0,13988.577622508406,6829.473636135001,1088.6997333768006,6582.286749651308
2020-06-27,86152.0,135198.0,33952.0,13997.787214491598,6742.288388628303,1085.231766354004,6573.9502754226
2020-06-28,85097.0,135078.0,33961.0,14016.383400721215,6624.894374709294,,6579.507924908395
2020-06-29,84708.0,134768.0,33981.0,14022.582129464412,6608.1238012923095,1106.0395684908046,6576.729100165498
2020-06-30,84522.0,134578.0,33879.0,14022.582129464412,6661.789636226698,1107.7735520022031,6593.813761361397
2020-07-01,84192.0,134268.0,33888.0,14025.68149383601,6693.653725719008,1106.0395684908046,6616.147523731196
2020-07-02,83692.0,133938.0,33859.0,14016.383400721215,6676.883152301985,1100.8376179566094,6632.100211138199
2020-07-03,83208.0,133538.0,33709.0,14010.184671977986,6648.373177493111,1094.7686756666951,6632.100211138199
2020-07-04,82753.0,133348.0,33689.0,14003.985943234791,6613.154973317404,1086.9657498654024,6648.052898545202
2020-07-05,82258.0,133058.0,33655.0,13997.787214491598,6558.160480930516,1080.0298158198086,6644.862361063805
2020-07-06,81693.0,132728.0,33607.0,13991.632736314205,6482.4727882035095,,6638.481286100993
2020-07-07,81187.0,132248.0,33452.0,13997.787214491598,6421.593557096991,,6654.4339735079975
2020-07-08,80654.0,131748.0,33298.0,14019.482765092816,6356.783031430814,,6651.2434360266
2020-07-09,80360.0,131418.0,33168.0,14047.377044437188,6305.0764733891865,,6673.577198396398
2020-07-10,79970.0,131128.0,33125.0,14041.178315693993,6266.296554857986,1112.1085107806991,6622.528598694008
2020-07-11,79844.0,131048.0,33221.0,14140.357975585208,6686.945496352214,1212.118145754009,6705.482573210405
2020-07-12,79663.0,131008.0,33496.0,14189.947805530795,6959.018145067499,1222.0056055725,6711.863648173199
2020-07-13,79482.0,130868.0,33588.0,14205.444627388784,6838.0244551514925,1195.938666051003,6791.627085208199
2020-07-14,79260.0,130398.0,33443.0,14118.662424983992,6785.009377249202,1174.3660264470025,6686.339348322003
2020-07-15,78802.0,129938.0,33404.0,14028.780858207603,6785.009377249202,1158.1865467439968,6644.862361063805
2020-07-16,78305.0,129608.0,33385.0,14003.985943234791,6781.589049642605,1145.921189253008,6616.147523731196
2020-07-17,77781.0,129188.0,33356.0,14000.886578863196,6774.748394429412,1137.251271695996,6612.956986249798
2020-07-18,77218.0,128838.0,33336.0,14007.085307606389,6755.93659259309,1128.581354139004,6606.575911287004
2020-07-19,76889.0,128398.0,33192.0,14007.085307606389,6722.163700527883,1120.7784283376914,6590.62322388
2020-07-20,76615.0,128068.0,33000.0,14007.085307606389,6685.268439010516,1122.5124118491094,6576.729100165498
2020-07-21,76206.0,127578.0,32732.0,14003.985943234791,6639.987890784619,1121.6454200933904,6579.507924908395
2020-07-22,75743.0,127058.0,32484.0,14022.582129464412,6563.096634804011,1114.7094860477969,6587.844399137102
2020-07-23,75363.0,126658.0,32342.0,14050.476408808783,6493.990480574999,1107.7735520022031,6603.385373805607
2020-07-24,74929.0,126228.0,32308.0,14022.582129464412,6438.047403342013,1102.571601468008,6600.194836324192
2020-07-25,74389.0,125758.0,32275.0,14013.284036349583,6288.918174001202,1095.6356674223944,6625.719136175405
2020-07-26,73864.0,125318.0,32228.0,14000.886578863196,6099.296613953993,1087.8327416211014,6622.528598694008
2020-07-27,73314.0,124818.0,32077.0,13991.632736314205,6011.7637486005015,1079.1628240641094,6609.766448768401
2020-07-28,72832.0,124298.0,31860.0,14000.886578863196,5954.019204113984,1072.226890018496,6606.575911287004
2020-07-29,72338.0,123788.0,31663.0,14007.085307606389,5893.887963978003,1065.3787402323023,6600.194836324192
2020-07-30,71926.0,123388.0,31438.0,14013.284036349583,5831.01631693199,1062.0278188887053,6590.62322388
2020-07-31,71726.0,122998.0,31293.0,14013.284036349583,5759.354024533487,1057.839167209209,6597.004298842795
2020-08-01,71261.0,122604.0,31152.0,13988.577622508406,5557.484931044999,1052.8127851937948,6606.575911287004
2020-08-02,70786.0,122228.0,31084.0,13985.522508702608,4892.360281142396,1048.6241335142984,6750.150097950001
2020-08-03,70325.0,121928.0,31051.0,13912.199777363405,2683.4521957524,1045.2732121707015,5836.618966440904
2020-08-04,69891.0,121568.0,30852.0,13826.656590801014,2106.9865848444047,,5173.425048883504
2020-08-05,70812.0,123908.0,31667.0,14196.146534273994,3695.549702985602,1252.2970077983928,5921.843861746504
2020-08-06,71209.0,124288.0,31663.0,14034.9795869508,4949.021077788007,1223.8033255394985,6244.978404885001
2020-08-07,71567.0,124288.0,31545.0,13958.0264844504,5424.309757685388,1193.2420861005055,6523.9314300503975
2020-08-08,72658.0,124658.0,31480.0,14003.985943234791,5541.238097940314,1174.3660264470025,6845.866222392004
2020-08-09,72992.0,124628.0,31489.0,14025.68149383601,5496.928553109287,1159.9842667109951,6890.5337471316
2020-08-10,72966.0,124458.0,31480.0,14028.780858207603,5492.4975986261925,1148.5221645201054,6852.247297354798
2020-08-11,72792.0,124218.0,31256.0,14022.582129464412,5472.059898055211,1138.9852552073944,6734.197410542997
2020-08-12,73233.0,124198.0,31038.0,14010.184671977986,5443.120419043204,1145.921189253008,6622.528598694008
2020-08-13,73528.0,124128.0,30838.0,13994.68785012,5412.733966080598,1149.389156275805,6625.719136175405
2020-08-14,73542.0,123868.0,30640.0,13994.68785012,5370.771721513203,1142.4532222301914,6606.575911287004
2020-08-15,73421.0,123598.0,30488.0,13994.68785012,5179.022615116785,1132.9163129175,6606.575911287004
2020-08-16,73193.0,123338.0,30438.0,13994.68785012,4923.120941393398,1123.3794036048089,6612.956986249798
2020-08-17,72899.0,122998.0,30392.0,13994.68785012,4792.141547582397,1113.8424942920976,6609.766448768401
2020-08-18,72658.0,122688.0,30360.0,14010.184671977986,4769.822644018187,1108.6405437579024,6606.575911287004
2020-08-19,72325.0,122288.0,30296.0,14019.482765092816,4764.591171383391,1100.8376179566094,6612.956986249798
2020-08-20,71979.0,121958.0,30268.0,14013.284036349583,4725.355126622398,1092.1677003995976,6616.147523731196
2020-08-21,71593.0,121588.0,30227.0,14000.886578863196,4659.961718687398,1083.4977828426054,6606.575911287004
2020-08-22,71130.0,121168.0,30190.0,14003.985943234791,4465.159844612401,1076.561848796992,6600.194836324192
2020-08-23,70654.0,120788.0,30154.0,14010.184671977986,4225.546321900494,1068.758922995699,6587.844399137102
2020-08-24,70180.0,120388.0,30117.0,14013.284036349583,4118.39631396421,1062.8655492246046,6579.507924908395
2020-08-25,69681.0,119968.0,30067.0,14019.482765092816,4073.1549656135967,1057.839167209209,6579.507924908395
2020-08-26,69196.0,119558.0,30013.0,14003.985943234791,4008.333035162402,1051.9750548578954,6585.065574394206
2020-08-27,68739.0,119118.0,29963.0,13991.632736314205,3950.025257222402,1048.6241335142984,6590.62322388
2020-08-28,68491.0,118868.0,29990.0,13988.577622508406,3898.1167367309968,1053.6505155296938,6609.766448768401
2020-08-29,68244.0,118618.0,29976.0,13988.577622508406,3526.1361837246086,1053.6505155296938,6676.767735877795
2020-08-30,67893.0,118648.0,30054.0,13994.68785012,3220.3070006643084,1051.9750548578954,6699.101498247593
2020-08-31,67608.0,118348.0,30049.0,13988.577622508406,3104.254841163304,1046.9486728425,6702.292035729008
2020-09-01,67194.0,117978.0,30003.0,13988.577622508406,3040.194587424597,1042.7600211630038,6689.5298858034
2020-09-02,66807.0,117748.0,29972.0,14019.482765092816,2980.640038388409,1046.1109425066008,6657.624510989394
2020-09-03,66511.0,117648.0,30186.0,14121.76178935559,2946.023974275599,1055.3259762014925,6667.196123433603
2020-09-04,66190.0,117478.0,30168.0,14041.178315693993,2916.8736044964053,1057.001436873291,6689.5298858034
2020-09-05,65780.0,117248.0,30085.0,14022.582129464412,2547.471445282792,1053.6505155296938,6651.2434360266
2020-09-06,65345.0,117068.0,30072.0,14019.482765092816,2250.1692941160027,1049.4618638501977,6609.766448768401
2020-09-07,64912.0,116848.0,30058.0,14007.085307606389,2162.360139699602,1045.2732121707015,6616.147523731196
2020-09-08,64454.0,116568.0,30017.0,14000.886578863196,2119.3423985729937,1041.9222908271045,6625.719136175405
2020-09-09,63973.0,116278.0,29899.0,14000.886578863196,2085.993894850193,1037.7336391476083,6628.909673656802
2020-09-10,63505.0,115988.0,29731.0,14013.284036349583,2038.075159173006,1035.2204481398917,6641.671823582408
2020-09-11,63064.0,115788.0,29641.0,14034.9795869508,2010.310894377601,1032.7072571321935,6641.671823582408
2020-09-12,62625.0,115508.0,29623.0,14022.582129464412,1987.8350609718068,1028.5186054526978,6609.766448768401
2020-09-13,62137.0,115238.0,29595.0,14003.985943234791,1959.8311979361024,1026.0054144449998,6616.147523731196
2020-09-14,61651.0,115008.0,29559.0,13988.577622508406,1922.332981728307,1024.3299537732016,6625.719136175405
2020-09-15,61154.0,114728.0,29532.0,13985.522508702608,1887.407978282396,1020.1413020937052,6622.528598694008
2020-09-16,60622.0,114428.0,29348.0,13991.632736314205,1856.467708960195,1017.6281110860076,6619.338061212593
2020-09-17,60153.0,114088.0,29298.0,13997.787214491598,1818.833026353601,1015.9526504142092,6616.147523731196
2020-09-18,59661.0,113708.0,29133.0,14003.985943234791,1782.783999883206,1015.1149200782908,6616.147523731196
2020-09-19,59145.0,113348.0,29079.0,14007.085307606389,1753.5841007520053,1012.6017290705933,6612.956986249798
2020-09-20,58595.0,112968.0,29039.0,14007.085307606389,1721.0433164879946,1010.9262683987946,6606.575911287004
2020-09-21,58084.0,112598.0,28999.0,14007.085307606389,1686.8070643007993,1009.2508077269962,6600.194836324192
2020-09-22,57574.0,112198.0,28954.0,14003.985943234791,1651.3344030792057,1007.5753470551977,6597.004298842795
2020-09-23,57030.0,111808.0,28905.0,14003.985943234791,1613.987251395001,1006.7376167192986,6597.004298842795
2020-09-24,56548.0,111438.0,28865.0,14003.985943234791,1580.799327045006,1005.8998863833992,6582.286749651308
2020-09-25,56020.0,111098.0,28692.0,14003.985943234791,1557.0772113195026,1005.0621560475,6582.286749651308
2020-09-26,55410.0,110718.0,28505.0,14007.085307606389,1529.505622220403,1005.0621560475,6587.844399137102
2020-09-27,54755.0,110368.0,28470.0,14013.284036349583,1501.483609284004,1005.0621560475,6593.813761361397
2020-09-28,54211.0,110048.0,28430.0,14022.582129464412,1480.309811303999,1005.8998863833992,6600.194836324192
2020-09-29,53704.0,109718.0,28408.0,13985.522508702608,1460.1947032230053,1007.5753470551977,6606.575911287004
2020-09-30,53363.0,110028.0,28625.0,14044.27768006559,1539.236771314194,,6654.4339735079975
2020-10-01,53457.0,110268.0,28811.0,14028.780858207603,1718.7222146447968,1038.5713694835076,6597.004298842795
2020-10-02,53352.0,110168.0,28847.0,13988.577622508406,1800.3993094326038,1039.409099819407,6600.194836324192
2020-10-03,53152.0,110028.0,28869.0,13985.522508702608,1809.001710662396,1037.7336391476083,6606.575911287004
2020-10-04,52919.0,109768.0,28847.0,13985.522508702608,1779.804418339195,1035.2204481398917,6606.575911287004
2020-10-05,52673.0,109458.0,28847.0,13988.577622508406,1742.261690884802,1031.8695267962946,6606.575911287004
2020-10-06,52452.0,108978.0,28820.0,13994.68785012,1718.1419391839972,1029.3563357885969,6609.766448768401
2020-10-07,52243.0,108528.0,28785.0,13997.787214491598,1722.2038674095936,1026.8431447808991,6609.766448768401
2020-10-08,51941.0,108158.0,28785.0,13991.632736314205,1728.5868974784012,1024.3299537732016,6606.575911287004
2020-10-09,51340.0,107908.0,28714.0,13985.522508702608,1733.918862561596,1021.8167627655038,6603.385373805607
2020-10-10,50650.0,107638.0,28479.0,13988.577622508406,1289.3604084317992,1019.303571757806,6603.385373805607
2020-10-11,50147.0,107328.0,28408.0,13994.68785012,828.1271159087972,1017.6281110860076,6606.575911287004
2020-10-12,49759.0,107058.0,28386.0,14016.383400721215,631.8510919098012,1016.7903807501084,6628.909673656802
2020-10-13,49022.0,106758.0,28325.0,14025.68149383601,648.9709450137003,1015.9526504142092,6651.2434360266
2020-10-14,48334.0,106408.0,28228.0,14016.383400721215,649.2939611099999,1015.9526504142092,6635.290748619596
2020-10-15,47607.0,106108.0,28004.0,14007.085307606389,659.5822176584982,1015.1149200782908,6600.194836324192
2020-10-16,47095.0,105798.0,27825.0,13997.787214491598,656.5953044670009,1014.2771897423916,6515.594955821705
2020-10-17,46410.0,105558.0,27685.0,14000.886578863196,659.2503384149985,1014.2771897423916,6412.778440334404
2020-10-18,45630.0,105268.0,27672.0,14000.886578863196,661.9053723630036,1013.4394594064923,6304.609268225407
2020-10-19,44847.0,104938.0,27655.0,13997.787214491598,660.2459761454976,1011.763998734694,6198.900010485596
2020-10-20,44112.0,104608.0,27642.0,14000.886578863196,652.612753544997,1010.9262683987946,6093.190752745799
2020-10-21,43383.0,104298.0,27629.0,14003.985943234791,653.2765120319964,1011.763998734694,5988.425811204003
2020-10-22,42660.0,104028.0,27477.0,14007.085307606389,651.6171158144979,1011.763998734694,5884.557970050307
2020-10-23,41879.0,103748.0,27468.0,14007.085307606389,649.2939611099999,1011.763998734694,5778.026850918297
2020-10-24,41324.0,103418.0,27451.0,14007.085307606389,661.9053723630036,1012.6017290705933,5673.320627726704
2020-10-25,40792.0,103108.0,27434.0,14003.985943234791,669.8704742069963,1010.9262683987946,5560.811739414602
2020-10-26,40244.0,102788.0,27425.0,14007.085307606389,659.2503384149985,1010.9262683987946,5475.164704138507
2020-10-27,39668.0,102468.0,27416.0,14010.184671977986,653.9402705190033,1011.763998734694,5444.324471073304
2020-10-28,39158.0,102158.0,27403.0,14013.284036349583,662.569130850003,1014.2771897423916,5416.054257430202
2020-10-29,38955.0,101898.0,27416.0,14041.178315693993,705.3596560743025,1041.0845604912054,5410.914218586006
2020-10-30,39270.0,102198.0,27603.0,14146.556704328405,960.4784076000022,1117.3104613148944,5444.324471073304
2020-10-31,39956.0,102458.0,27755.0,14186.848441159202,1063.9677728172046,1140.719238718793,5408.344199163895
2020-11-01,40430.0,102518.0,27842.0,14183.749076787604,924.6548700215976,1149.389156275805,5346.663733033506
2020-11-02,40834.0,102648.0,27938.0,14165.152890557987,742.6071299376002,1148.5221645201054,5326.103577656695
2020-11-03,41250.0,102768.0,28030.0,14075.2713237816,733.8303332526002,1141.586230474492,5259.283072682098
2020-11-04,41627.0,102828.0,28061.0,14047.377044437188,697.5060930276019,1133.7833046731992,5193.6160802475
2020-11-05,41953.0,102878.0,28118.0,14025.68149383601,704.6767375485031,1126.8473706276056,5191.092201327003
2020-11-06,42226.0,102888.0,28171.0,14003.985943234791,694.0915003985972,1118.1774530705936,5201.187717008993
2020-11-07,42490.0,102888.0,28215.0,14007.085307606389,709.1157079661991,1110.3745272693009,5211.283232690998
2020-11-08,42724.0,102848.0,28272.0,14013.284036349583,726.1067521697993,1102.571601468008,5218.854869452506
2020-11-09,42936.0,102738.0,28307.0,14013.284036349583,726.1067521697993,1093.901683910996,5223.902627293501
2020-11-10,43117.0,102628.0,28351.0,14010.184671977986,695.4573374502038,1086.9657498654024,5228.950385134497
2020-11-11,43298.0,102518.0,28382.0,14019.482765092816,660.2459761454976,1083.4977828426054,5239.045900816502
2020-11-12,43640.0,102658.0,28422.0,14053.575773180415,702.2865227081976,1103.4385932237071,5295.263344591494
2020-11-13,43951.0,102628.0,28501.0,14022.582129464412,665.8879232849999,1112.9755025363984,5251.665295419005
2020-11-14,44188.0,102568.0,28563.0,14022.582129464412,686.2379373518966,1114.7094860477969,5251.665295419005
2020-11-15,44414.0,102508.0,28612.0,14025.68149383601,690.6769077696003,,5249.141416498507
2020-11-16,44652.0,102518.0,28798.0,14044.27768006559,756.4370284200039,,5254.189174339502
2020-11-17,44944.0,102628.0,28972.0,14031.880222579202,709.7986264919984,1129.4483458947032,5256.71305326
2020-11-18,45227.0,102518.0,29092.0,14019.482765092816,668.5429572329977,1130.3153376504024,5259.283072682098
2020-11-19,45456.0,102508.0,29052.0,14019.482765092816,680.4906099990019,1125.9803788719064,5261.853092104196
2020-11-20,45652.0,102468.0,28994.0,14022.582129464412,687.2623151406034,1122.5124118491094,5266.993130948405
2020-11-21,45871.0,102568.0,29070.0,14031.880222579202,721.1917460262038,1119.911436581992,5269.563150370503
2020-11-22,46069.0,102688.0,29142.0,14034.9795869508,751.0328547552006,1115.576477803496,5269.563150370503
2020-11-23,46311.0,102858.0,29245.0,14038.078951322395,778.5003996300003,,5272.133169792601
2020-11-24,46752.0,103208.0,29361.0,14019.482765092816,741.2028424680016,1158.1865467439968,5264.423111526293
2020-11-25,47129.0,103328.0,29379.0,14025.68149383601,686.5793966147962,1160.8831266944942,5256.71305326
2020-11-26,47473.0,103628.0,29402.0,14056.675137552014,723.6492490980015,1177.0626063975,5256.71305326
2020-11-27,47897.0,104078.0,29709.0,14078.370688153194,797.9420714492993,1189.6466461665088,5259.283072682098
2020-11-28,48323.0,104278.0,29890.0,14069.072595038404,802.4032323201037,1185.152346248993,5254.189174339502
2020-11-29,48717.0,104538.0,30031.0,14044.27768006559,785.7342918300019,1177.0626063975,5244.093658657497
2020-11-30,49078.0,104688.0,30149.0,14081.470052524792,757.8838068600026,,5302.973402857802
2020-12-01,49770.0,105918.0,31522.0,14251.935092962813,795.3397276080017,1272.8242522241965,5518.947967019395
2020-12-02,50535.0,107128.0,32077.0,14255.03445733441,748.2242798160031,1257.1844469474106,5475.164704138507
2020-12-03,51121.0,108078.0,32214.0,14134.159246842017,714.2375969097021,1229.1964854404937,5362.083849566106
2020-12-04,51687.0,108888.0,32446.0,14022.582129464412,659.2503384149985,1210.3204257869902,5269.563150370503
2020-12-05,52197.0,109398.0,32503.0,14022.582129464412,712.5303005952037,1197.7363860180017,5323.533558234598
2020-12-06,52673.0,109768.0,32675.0,14016.383400721215,755.3519445899966,1186.950066215991,5367.223888410302
2020-12-07,53094.0,110008.0,32708.0,13997.787214491598,734.5324769873997,1177.9614663809991,5380.073985520806
2020-12-08,53457.0,110188.0,32675.0,13997.787214491598,697.8475522905015,1170.7705865130058,5349.233752455603
2020-12-09,53786.0,110158.0,32632.0,14034.9795869508,666.8835610154991,1166.27628659551,5300.403383435704
2020-12-10,54140.0,110288.0,32570.0,14072.17195941,664.2285270675015,1162.6808466614923,5264.423111526293
2020-12-11,54435.0,110218.0,32541.0,14100.066238754407,673.1892666420009,1165.37742661199,5277.273208636796
2020-12-12,54696.0,110158.0,32408.0,14081.470052524792,681.486247729501,1164.4785666284909,5284.983266903103
2020-12-13,54957.0,110088.0,32323.0,14059.774501923612,690.6769077696003,1163.5797066449918,5287.553286325202
2020-12-14,55219.0,110028.0,32237.0,14038.078951322395,695.1158781872963,1162.6808466614923,5292.693325169397
2020-12-15,55469.0,110208.0,32138.0,14019.482765092816,675.5124213464989,1159.085406727496,5292.693325169397
2020-12-16,55673.0,110318.0,31940.0,14016.383400721215,671.1979911810027,1152.8571232986014,5284.983266903103
2020-12-17,55996.0,110448.0,31855.0,14031.880222579202,657.5909421975,1150.256148031504,5287.553286325202
2020-12-18,56056.0,110348.0,31761.0,14022.582129464412,720.1385304239968,1149.389156275805,5287.553286325202
2020-12-19,56248.0,110288.0,31513.0,14007.085307606389,712.5303005952037,1149.389156275805,5274.703189214698
2020-12-20,56416.0,110208.0,31298.0,13988.577622508406,699.8963078678997,1148.5221645201054,5259.283072682098
2020-12-21,56644.0,110168.0,31098.0,13973.302053479383,692.7256633469985,1149.389156275805,5246.617537577995
2020-12-22,56873.0,110108.0,30922.0,,698.8719300792006,1149.389156275805,5256.71305326
2020-12-23,57103.0,109958.0,30760.0,,701.2621449194984,1147.6551727644064,5266.993130948405
2020-12-24,57296.0,110028.0,30668.0,14022.582129464412,741.9049862028008,1159.085406727496,5287.553286325202
2020-12-25,60919.0,115078.0,33158.0,14757.43977316469,4146.969797133011,1626.428438085611,6133.848159568794
2020-12-26,70470.0,122928.0,35337.0,15575.71794484321,9280.171896331816,1576.815146868005,6817.151385059394
2020-12-27,74362.0,125328.0,35327.0,15325.125361462804,8885.225364845403,1399.1742157079957,6462.797285706606
2020-12-28,76479.0,127218.0,35217.0,14836.204737565493,6564.742019428511,1315.8337167354018,5964.456309399295
2020-12-29,77946.0,128278.0,35178.0,14286.02810105042,4154.113167925205,1275.7567157135938,5470.024665294296
2020-12-30,79052.0,128728.0,35227.0,13832.766818412609,1845.8691445044044,1242.6793851930015,5269.563150370503
2020-12-31,79886.0,129148.0,35257.0,13823.601476995216,1189.1388725532038,1227.398765473495,5266.993130948405
2021-01-01,80710.0,129498.0,35252.0,13878.593525499602,1083.3007733279971,1218.4101656385033,5272.133169792601
2021-01-02,81468.0,129638.0,35267.0,13951.916256838806,1011.9561856545032,1231.893065390991,5380.073985520806
2021-01-03,82498.0,130028.0,35297.0,14013.284036349583,988.2616043384955,1261.094398266607,5459.7445876059055
2021-01-04,83165.0,130248.0,35292.0,14056.675137552014,937.4918353368045,1248.3870564791964,5508.5749566258055
2021-01-05,83621.0,130338.0,35257.0,14084.56941689639,820.2478758032959,1231.893065390991,5344.0937136113935
2021-01-06,84063.0,130248.0,35222.0,14078.370688153194,741.9049862028008,1219.3090256220023,5193.6160802475
2021-01-07,84307.0,130148.0,35192.0,14062.873866295213,668.5429572329977,1208.522705819992,5218.854869452506
2021-01-08,84536.0,130038.0,35168.0,14044.27768006559,657.5909421975,1199.534105985,5228.950385134497
2021-01-09,84694.0,129868.0,35153.0,14056.675137552014,679.8268515120025,1189.6466461665088,5226.426506213999
2021-01-10,84766.0,129638.0,35128.0,14062.873866295213,696.4817152389028,1184.2534862654934,5211.283232690998
2021-01-11,84824.0,129398.0,35103.0,14062.873866295213,694.432959661497,1177.9614663809991,5193.6160802475
2021-01-12,84881.0,129118.0,35073.0,14050.476408808783,682.4818854600001,1176.1637464140008,5208.759353770501
2021-01-13,84924.0,128838.0,34949.0,14038.078951322395,685.2135595631976,1173.4671664635032,5221.378748373004
2021-01-14,84982.0,128608.0,34816.0,14028.780858207603,688.6281521922023,1170.7705865130058,5228.950385134497
2021-01-15,84982.0,128258.0,34672.0,14022.582129464412,696.4817152389028,1168.9728665460077,5244.093658657497
2021-01-16,84982.0,127928.0,34525.0,14062.873866295213,779.2237888499996,1176.1637464140008,5284.983266903103
2021-01-17,85039.0,127668.0,34353.0,14103.165603126006,967.9126981649956,1185.152346248993,5326.103577656695
2021-01-18,85039.0,127368.0,34176.0,14127.960518098786,1116.524573873097,1183.354626281994,5341.523694189296
2021-01-19,85025.0,127038.0,33996.0,14131.059882470418,1161.3724571411974,1178.8603263644984,5338.953674767198
2021-01-20,84967.0,126628.0,33801.0,14084.56941689639,1021.6878886950036,1174.3660264470025,5313.253480546207
2021-01-21,84895.0,126348.0,33612.0,14041.178315693993,855.9247478465979,1166.27628659551,5284.983266903103
2021-01-22,84780.0,125938.0,33452.0,14034.9795869508,737.6921237939969,1167.175146579009,5284.983266903103
2021-01-23,84565.0,125538.0,33274.0,14044.27768006559,743.6603455397993,1162.6808466614923,5284.983266903103
2021-01-24,84221.0,125108.0,33077.0,14056.675137552014,748.9264235508024,1154.59110681,5272.133169792601
2021-01-25,83849.0,124698.0,32875.0,14056.675137552014,753.5434715399982,1150.256148031504,5261.853092104196
2021-01-26,83478.0,124248.0,32665.0,14038.078951322395,758.9688906900017,1151.1231397872032,5261.853092104196
2021-01-27,83165.0,123738.0,32503.0,14016.383400721215,736.287836324398,1151.9901315429022,5261.853092104196
2021-01-28,82824.0,123288.0,32290.0,14019.482765092816,704.6767375485031,1151.1231397872032,5272.133169792601
2021-01-29,82456.0,122868.0,32091.0,14022.582129464412,673.8530251290002,1145.921189253008,5277.273208636796
2021-01-30,82046.0,122348.0,31883.0,14022.582129464412,685.8964780889968,1141.586230474492,5282.413247481006
2021-01-31,81651.0,121908.0,31686.0,14031.880222579202,703.9938190227036,1138.9852552073944,5290.123305747299
2021-02-01,81271.0,121438.0,31485.0,14053.575773180415,721.8938897610032,1140.719238718793,5313.253480546207
2021-02-02,81004.0,121128.0,31321.0,14034.9795869508,735.234620722199,1145.054197497309,5320.9635388125
2021-02-03,80668.0,120758.0,31200.0,14010.184671977986,718.0320992195986,1146.7881810087072,5310.683461124095
2021-02-04,80319.0,120468.0,31070.0,14007.085307606389,683.5062632486992,1146.7881810087072,5279.843228058894
2021-02-05,80011.0,120128.0,30949.0,14010.184671977986,661.9053723630036,1145.921189253008,5264.423111526293
2021-02-06,79816.0,119848.0,30917.0,14010.184671977986,672.8573873985011,1145.054197497309,5251.665295419005
2021-02-07,79677.0,119658.0,30889.0,14013.284036349583,659.2503384149985,1142.4532222301914,5233.998142975506
2021-02-08,79552.0,119458.0,30866.0,14010.184671977986,643.8026874728977,1139.8522469630936,5218.854869452506
2021-02-09,79399.0,119068.0,30741.0,14013.284036349583,673.8530251290002,1139.8522469630936,5223.902627293501
2021-02-10,79288.0,118688.0,30617.0,14013.284036349583,691.3598262953997,1138.9852552073944,5244.093658657497
2021-02-11,79163.0,118368.0,30465.0,14016.383400721215,693.0671226098982,1138.1182634516952,5261.853092104196
2021-02-12,78996.0,117978.0,30314.0,14013.284036349583,662.2372516065034,1134.6502964288984,5256.71305326
2021-02-13,78719.0,117668.0,30090.0,14007.085307606389,678.4993345380036,1132.9163129175,5264.423111526293
2021-02-14,78498.0,117448.0,29972.0,14000.886578863196,695.7987967131035,1130.3153376504024,5274.703189214698
2021-02-15,78236.0,117248.0,29958.0,13994.68785012,709.7986264919984,1129.4483458947032,5284.983266903103
2021-02-16,78029.0,117128.0,29876.0,14010.184671977986,733.4792613852006,1143.3202139858904,5359.513830143995
2021-02-17,77946.0,117098.0,29958.0,14003.985943234791,741.5539143354013,1180.6580463314967,5387.784043787098
2021-02-18,77905.0,117078.0,29999.0,14010.184671977986,731.0217583134029,1195.039806067504,5305.5434222799
2021-02-19,77822.0,117098.0,30063.0,14013.284036349583,686.5793966147962,1195.039806067504,5251.665295419005
2021-02-20,77712.0,117018.0,30072.0,14003.985943234791,691.7012855582993,1188.7477861830098,5254.189174339502
2021-02-21,77588.0,116978.0,29967.0,13991.632736314205,667.2154402589988,1182.455766298495,5241.569779736999
2021-02-22,77437.0,116868.0,29840.0,13985.522508702608,646.3868162433026,1177.0626063975,5236.522021896004
2021-02-23,77314.0,116798.0,29641.0,13994.68785012,670.866111937503,1176.1637464140008,5259.283072682098
2021-02-24,77231.0,116648.0,29510.0,13997.787214491598,673.1892666420009,1175.2648864305015,5254.189174339502
2021-02-25,77108.0,116518.0,29411.0,14007.085307606389,680.8224892425015,1184.2534862654934,5279.843228058894
2021-02-26,77081.0,116548.0,29307.0,14019.482765092816,663.8966478240018,1191.4443661335072,5305.5434222799
2021-02-27,76998.0,116598.0,29218.0,14047.377044437188,662.9010100935027,1193.2420861005055,5323.533558234598
2021-02-28,76916.0,116818.0,29245.0,14100.066238754407,696.4817152389028,1196.8375260345024,5444.324471073304
2021-03-01,76916.0,116998.0,29289.0,14193.047169902396,729.2663989763964,1222.9044655559992,5839.2822444192025
2021-03-02,77094.0,117398.0,29370.0,14149.656068699998,736.287836324398,1254.2519834579912,5767.514115615906
2021-03-03,77204.0,117678.0,29289.0,14062.873866295213,678.8312137815034,1248.3870564791964,5579.1271398375
2021-03-04,77341.0,118028.0,29316.0,14019.482765092816,639.9264943173011,1239.0839452590048,5457.174568183794
2021-03-05,77437.0,118338.0,29330.0,14010.184671977986,640.8955426062003,1222.0056055725,5302.973402857802
2021-03-06,77478.0,118598.0,29357.0,14016.383400721215,733.4792613852006,1213.017005737508,5308.1134417019975
2021-03-07,77492.0,118858.0,29370.0,14013.284036349583,793.1091471726037,1202.2306859354974,5305.5434222799
2021-03-08,77492.0,119138.0,29218.0,14003.985943234791,789.0197497076989,1191.4443661335072,5282.413247481006
2021-03-09,77465.0,119408.0,28976.0,14003.985943234791,686.9208558777037,1190.545506150008,5290.123305747299
2021-03-10,77492.0,119578.0,28731.0,14016.383400721215,682.8233447228997,1205.8261258694945,5310.683461124095
2021-03-11,77657.0,120018.0,28559.0,14013.284036349583,732.074973915602,1254.2519834579912,5320.9635388125
2021-03-12,78747.0,121148.0,28550.0,14025.68149383601,986.9922517679968,1424.024395010396,5295.263344591494
2021-03-13,80752.0,122948.0,28878.0,14019.482765092816,1098.3293472990038,1468.552325181604,5295.263344591494
2021-03-14,82187.0,124168.0,29092.0,14000.886578863196,897.1162244585958,1381.5720053688117,5274.703189214698
2021-03-15,83307.0,124938.0,29249.0,13985.522508702608,680.4906099990019,1320.7211558843974,5213.807111611496
2021-03-16,84035.0,125418.0,29236.0,14013.284036349583,712.5303005952037,1281.621642692411,5145.662380758001
2021-03-17,84579.0,125608.0,29168.0,14003.985943234791,669.206715719997,1254.2519834579912,5168.377291042494
2021-03-18,85039.0,125888.0,29070.0,14016.383400721215,726.4578240371991,1275.7567157135938,5251.665295419005
2021-03-19,86283.0,126868.0,29361.0,14087.668781267988,1084.1848070909964,1391.926246744802,5452.034529339598
2021-03-20,87200.0,127438.0,29568.0,14025.68149383601,1135.0721105484008,1341.248400310201,5416.054257430202
2021-03-21,87858.0,127998.0,29731.0,13970.246939673589,908.2075082115036,1306.0588384374107,5338.953674767198
2021-03-22,88460.0,128538.0,29926.0,13988.577622508406,706.0425746001018,1291.3965209904018,5256.71305326
2021-03-23,89035.0,129168.0,30190.0,14010.184671977986,733.4792613852006,1284.554106181808,5249.141416498507
2021-03-24,89626.0,129708.0,30507.0,14028.780858207603,779.5854834599993,1293.35149665,5315.8234999683045
2021-03-25,90546.0,130728.0,31513.0,14090.768145639584,796.8267812316003,1377.4303088183915,5513.714995470001
2021-03-26,91591.0,132478.0,32780.0,14044.27768006559,886.9683119357961,1365.005219167203,5618.374426457994
2021-03-27,92718.0,134308.0,34000.0,14100.066238754407,1323.7964724522012,1321.6986437141966,5678.553599276098
2021-03-28,93568.0,135598.0,34544.0,14199.245898645591,1704.2153281247963,,5767.514115615906
2021-03-29,94394.0,137018.0,35382.0,14310.989460713994,2281.5573152973075,1317.7886923950002,6028.374980878497
2021-03-30,94733.0,137918.0,35402.0,14180.649712416009,2852.597800321202,1288.4640575010044,6185.347541544592
2021-03-31,94471.0,138548.0,35322.0,14041.178315693993,3172.3261903716066,1260.116910436808,6291.056799284404
2021-04-01,94440.0,139418.0,35407.0,13988.577622508406,3484.699862671198,1253.274495628192,6384.990192905398
2021-04-02,94563.0,140128.0,35322.0,13967.19182586779,3852.504113751013,1246.4320808195982,6443.345512506307
2021-04-03,94502.0,140568.0,35133.0,14010.184671977986,4200.09015749339,1232.79192537449,6465.576110449503
2021-04-04,94333.0,140788.0,34994.0,14044.27768006559,4477.729872788389,1220.2078856055016,6473.912584678195
2021-04-05,94088.0,140838.0,34825.0,14056.675137552014,4699.197763448392,1209.421565803491,6465.576110449503
2021-04-06,93629.0,140838.0,34890.0,14031.880222579202,4874.989033992012,1199.534105985,6468.354935192401
2021-04-07,93249.0,140788.0,34825.0,14003.985943234791,5014.453001311209,1190.545506150008,6482.249058906904
2021-04-08,92870.0,140708.0,34860.0,14007.085307606389,5135.926083218393,1183.354626281994,6498.922007364305
2021-04-09,92658.0,140548.0,34786.0,14016.383400721215,5231.137659972001,1177.9614663809991,6512.816131078808
2021-04-10,92597.0,140548.0,34702.0,14019.482765092816,5307.732847733995,1173.4671664635032,6523.9314300503975
2021-04-11,92552.0,140568.0,34732.0,14031.880222579202,5386.688434969789,1183.354626281994,6582.286749651308
2021-04-12,92567.0,140658.0,34816.0,14056.675137552014,5516.129355869404,1305.0813506075897,6759.721710394191
2021-04-13,92628.0,140768.0,34949.0,14016.383400721215,5597.363521392897,1319.7436680545982,6644.862361063805
2021-04-14,92658.0,140728.0,34959.0,14000.886578863196,5635.852520151296,1295.3064723095983,6606.575911287004
2021-04-15,92658.0,140748.0,35029.0,14010.184671977986,5688.566576899817,1273.8017400539957,6603.385373805607
2021-04-16,92703.0,141038.0,35058.0,14000.886578863196,5766.884604069013,1261.094398266607,6603.385373805607
2021-04-17,92900.0,141168.0,35058.0,13997.787214491598,5887.754144754008,1253.274495628192,6597.004298842795
2021-04-18,93051.0,141188.0,35033.0,13991.632736314205,6018.006402058496,1241.7805252095025,6579.507924908395
2021-04-19,93143.0,141228.0,35014.0,13988.577622508406,6113.586874729216,1227.398765473495,6562.834976450994
2021-04-20,93249.0,141258.0,35103.0,14000.886578863196,6189.801598863583,1214.8147257045066,6576.729100165498
2021-04-21,93294.0,141128.0,35083.0,14013.284036349583,6287.302344062403,1204.9272658859952,6587.844399137102
2021-04-22,93355.0,141098.0,35108.0,14007.085307606389,6382.636310451589,1197.7363860180017,6593.813761361397
2021-04-23,93385.0,141058.0,35128.0,14019.482765092816,6461.082788084993,1191.4443661335072,6597.004298842795
2021-04-24,93385.0,141028.0,35163.0,14034.9795869508,6492.345095950501,1185.152346248993,6600.194836324192
2021-04-25,93370.0,141028.0,35133.0,14056.675137552014,6515.380480693518,1180.6580463314967,6612.956986249798
2021-04-26,93310.0,141028.0,35098.0,14059.774501923612,6536.770480811998,1176.1637464140008,6616.147523731196
2021-04-27,93234.0,140988.0,35048.0,14044.27768006559,6589.676170533588,1170.7705865130058,6603.385373805607
2021-04-28,93310.0,140898.0,35078.0,14034.9795869508,6638.310833442882,1167.175146579009,6593.813761361397
2021-04-29,93401.0,140988.0,35024.0,14022.582129464412,6697.007840402405,1171.6694464965049,6587.844399137102
2021-04-30,94933.0,142228.0,35098.0,13985.522508702608,6750.806101183195,1226.499905489996,6587.844399137102
2021-05-01,96189.0,143118.0,35153.0,14000.886578863196,6785.009377249202,1230.9942054074918,6568.392625936805
2021-05-02,96501.0,143478.0,35187.0,14016.383400721215,6796.980523872291,1215.7135856880057,6551.719677479405
2021-05-03,96501.0,143538.0,35212.0,14025.68149383601,6788.429704855799,1202.2306859354974,6540.604378507798
2021-05-04,96533.0,143578.0,35257.0,14044.27768006559,6791.850032462396,,6585.065574394206
2021-05-05,96501.0,143688.0,35457.0,14003.985943234791,7003.054463835,,6562.834976450994
2021-05-06,96501.0,143848.0,35407.0,14106.264967497604,7020.668991341983,1388.819974332005,6543.383203250696
2021-05-07,96158.0,143758.0,35327.0,14087.668781267988,6848.285437971283,1329.5185463525893,6554.498502222301
2021-05-08,95956.0,143608.0,35292.0,14078.370688153194,6914.9818263,1295.3064723095983,6590.62322388
2021-05-09,96018.0,143518.0,35292.0,14075.2713237816,6930.834901056285,1275.7567157135938,6622.528598694008
2021-05-10,96345.0,143558.0,35352.0,14062.873866295213,6769.617903019516,1341.248400310201,6641.671823582408
2021-05-11,96548.0,143498.0,35347.0,14022.582129464412,6836.314291348194,1336.3609611612053,6612.956986249798
2021-05-12,96221.0,143168.0,35297.0,14016.383400721215,6822.632980921806,1297.2614479691963,6616.147523731196
2021-05-13,95754.0,143018.0,35267.0,14007.085307606389,6776.458558232709,1267.936813075201,6619.338061212593
2021-05-14,95304.0,143008.0,35242.0,14013.284036349583,6740.611331286604,1243.5782451765008,6616.147523731196
2021-05-15,95072.0,142948.0,35173.0,14034.9795869508,6742.288388628303,1224.7021855229975,6609.766448768401
2021-05-16,94964.0,142898.0,35143.0,14050.476408808783,6808.9516704954185,1208.522705819992,6603.385373805607
2021-05-17,94933.0,142818.0,35202.0,14059.774501923612,6855.126093184515,1196.8375260345024,6597.004298842795
2021-05-18,94764.0,142678.0,35133.0,14050.476408808783,6808.9516704954185,1187.8489261994905,6590.62322388
2021-05-19,94548.0,142558.0,35098.0,14034.9795869508,6752.516264986492,1178.8603263644984,6600.194836324192
2021-05-20,94287.0,142508.0,35009.0,14013.284036349583,6742.288388628303,1170.7705865130058,6606.575911287004
2021-05-21,94026.0,142338.0,34964.0,14000.886578863196,6749.095937379896,1163.5797066449918,6609.766448768401
2021-05-22,93736.0,142118.0,34994.0,14016.383400721215,6661.789636226698,1157.2876867604975,6606.575911287004
2021-05-23,93385.0,141918.0,35019.0,14038.078951322395,6634.956718759485,1152.8571232986014,6600.194836324192
2021-05-24,93051.0,141668.0,35029.0,14047.377044437188,6648.373177493111,1145.921189253008,6590.62322388
2021-05-25,92794.0,141448.0,34934.0,14053.575773180415,6707.070184452596,1140.719238718793,6593.813761361397
2021-05-26,92507.0,141148.0,34919.0,14053.575773180415,6740.611331286604,1136.384279940297,6603.385373805607
2021-05-27,92296.0,141118.0,34850.0,14044.27768006559,6762.777247806283,1149.389156275805,6628.909673656802
2021-05-28,92055.0,141058.0,34850.0,14016.383400721215,6764.487411609583,1152.8571232986014,6603.385373805607
2021-05-29,92281.0,141538.0,34974.0,14093.867510011216,6793.560196265694,1206.7249858529935,6695.910960766196
2021-05-30,92613.0,142088.0,35103.0,14146.556704328405,6819.2126533152095,1232.79192537449,6778.864935282592
2021-05-31,92809.0,142528.0,35173.0,14189.947805530795,6783.299213445904,1232.79192537449,6833.104072466397
2021-06-01,93036.0,142708.0,35123.0,14186.848441159202,6762.777247806283,1214.8147257045066,6839.485147429192
2021-06-02,93127.0,142618.0,35043.0,14034.9795869508,6773.038230626113,1195.938666051003,6727.816335580202
2021-06-03,93203.0,142598.0,34974.0,13912.199777363405,6785.009377249202,1184.2534862654934,6635.290748619596
2021-06-04,93401.0,142578.0,35009.0,13921.365118780795,6819.2126533152095,1177.9614663809991,6651.2434360266
2021-06-05,93767.0,142528.0,35033.0,13961.081598256198,6870.517567414201,1171.6694464965049,6692.720423284799
2021-06-06,93904.0,142468.0,35038.0,13985.522508702608,6844.865110364685,1162.6808466614923,6686.339348322003
2021-06-07,93965.0,142118.0,34954.0,14007.085307606389,6803.821179085485,1155.4899667934992,6670.386660915
2021-06-08,93827.0,141788.0,34806.0,14050.476408808783,6849.995601774582,1158.1865467439968,6664.005585952206
2021-06-09,93751.0,141758.0,34638.0,14103.165603126006,6884.1988778405885,1168.0740065625082,6667.196123433603
2021-06-10,93782.0,141828.0,34520.0,14016.383400721215,6796.980523872291,1166.27628659551,6641.671823582408
2021-06-11,93599.0,141778.0,34411.0,13991.632736314205,6718.809585844485,1157.2876867604975,6622.528598694008
2021-06-12,93340.0,141588.0,34387.0,14019.482765092816,6643.342005468015,1149.389156275805,6635.290748619596
2021-06-13,93067.0,141318.0,34362.0,14050.476408808783,6536.770480811998,1144.1872057416094,6641.671823582408
2021-06-14,92824.0,141028.0,34338.0,14056.675137552014,6513.735096068982,1139.8522469630936,6648.052898545202
2021-06-15,92597.0,140748.0,34264.0,14003.985943234791,6538.415865436497,1136.384279940297,6673.577198396398
2021-06-16,92356.0,140528.0,34142.0,14000.886578863196,6559.805865555014,1130.3153376504024,6635.290748619596
2021-06-17,92191.0,140608.0,34108.0,14003.985943234791,6591.353227875286,1123.3794036048089,6612.956986249798
2021-06-18,91905.0,140588.0,34069.0,14007.085307606389,6618.1861453425,1114.7094860477969,6609.766448768401
2021-06-19,91546.0,140328.0,33957.0,14013.284036349583,6641.664948126317,1106.906560246504,6616.147523731196
2021-06-20,91217.0,140058.0,33927.0,14019.482765092816,6670.174922935191,1100.8376179566094,6632.100211138199
2021-06-21,90859.0,139788.0,33806.0,14022.582129464412,6690.299611035611,,6638.481286100993
2021-06-22,90442.0,139568.0,33655.0,14038.078951322395,6725.517815211318,1112.1085107806991,6651.2434360266
2021-06-23,90055.0,139288.0,33559.0,14022.582129464412,6766.197575412919,1120.7784283376914,6660.815048470809
2021-06-24,89611.0,138988.0,33501.0,13991.632736314205,6774.748394429412,1117.3104613148944,6660.815048470809
2021-06-25,89153.0,138658.0,33462.0,14003.985943234791,6774.748394429412,1110.3745272693009,6651.2434360266
2021-06-26,88637.0,138368.0,33414.0,14022.582129464412,6663.466693568396,1102.571601468008,6644.862361063805
2021-06-27,88166.0,138028.0,33370.0,14041.178315693993,6517.025865318016,1095.6356674223944,6638.481286100993
2021-06-28,87551.0,137698.0,33332.0,14050.476408808783,6487.408942077006,1088.6997333768006,6635.290748619596
2021-06-29,86996.0,137288.0,33163.0,14038.078951322395,6492.345095950501,,6628.909673656802
2021-06-30,86487.0,136888.0,32985.0,14019.482765092816,6497.281249823996,,6619.338061212593
2021-07-01,86109.0,136838.0,32827.0,14013.284036349583,6472.600480456482,1089.5667251325,6622.528598694008
2021-07-02,85790.0,136818.0,32804.0,14038.078951322395,6406.873759533604,1097.3696509337929,6670.386660915
2021-07-03,85573.0,136598.0,32918.0,14059.774501923612,6337.393072165194,1100.8376179566094,6657.624510989394
2021-07-04,85487.0,136488.0,32990.0,14090.768145639584,6296.997323695194,1119.0444448262929,6635.290748619596
2021-07-05,85212.0,136208.0,32990.0,14096.966874382812,6245.3748352116045,1125.9803788719064,6603.385373805607
2021-07-06,84824.0,135878.0,32961.0,14087.668781267988,6180.274758346792,1123.3794036048089,6590.62322388
2021-07-07,84622.0,135778.0,32823.0,14056.675137552014,6134.228362515597,,6593.813761361397
2021-07-08,84493.0,136168.0,32761.0,14025.68149383601,6094.533193695596,,6609.766448768401
2021-07-09,84407.0,136818.0,33927.0,14044.27768006559,6123.113715246007,1217.511305655004,6664.005585952206
2021-07-10,84551.0,137408.0,35307.0,14069.072595038404,6134.228362515597,1207.6238458364926,6635.290748619596
2021-07-11,84594.0,137808.0,35352.0,14081.470052524792,6096.121000448396,1186.0512062324915,6603.385373805607
2021-07-12,85472.0,138618.0,35482.0,14084.56941689639,6196.152825874813,,6660.815048470809
2021-07-13,89241.0,140168.0,35477.0,14003.985943234791,6403.642099656007,,6670.386660915
2021-07-14,91306.0,141478.0,35377.0,14010.184671977986,6623.217317367595,,6622.528598694008
2021-07-15,92552.0,142198.0,35322.0,14025.68149383601,6773.038230626113,1361.8989467544056,6590.62322388
2021-07-16,93097.0,142578.0,35272.0,14019.482765092816,6773.038230626113,1295.3064723095983,6587.844399137102
2021-07-17,93112.0,142818.0,35242.0,14050.476408808783,6779.878885839306,1259.139422607009,6587.844399137102
2021-07-18,93143.0,143598.0,35762.0,14078.370688153194,6832.893963741597,1311.9237654162057,6600.194836324192
2021-07-19,93751.0,143648.0,35502.0,14087.668781267988,6873.937895020798,1288.4640575010044,6600.194836324192
2021-07-20,93797.0,143358.0,35367.0,14053.575773180415,6846.575274167984,1252.2970077983928,6593.813761361397
2021-07-21,94210.0,143258.0,35317.0,14022.582129464412,6820.922817118508,1229.1964854404937,6600.194836324192
2021-07-22,94933.0,143138.0,35282.0,14013.284036349583,6778.168722036007,1210.3204257869902,6622.528598694008
2021-07-23,94949.0,142858.0,35252.0,14016.383400721215,6722.163700527883,1193.2420861005055,6619.338061212593
2021-07-24,94610.0,142528.0,35232.0,14028.780858207603,6558.160480930516,1179.7591863479977,6609.766448768401
2021-07-25,94149.0,142328.0,35024.0,14041.178315693993,6358.398861369611,1170.7705865130058,6600.194836324192
2021-07-26,93812.0,142228.0,34821.0,14053.575773180415,6263.064894980388,1163.5797066449918,6590.62322388
2021-07-27,93462.0,142008.0,34835.0,14041.178315693993,6194.565019122015,1156.3888267769985,6582.286749651308
2021-07-28,93264.0,141668.0,34870.0,14050.476408808783,6197.740632627612,1153.724115054301,6576.729100165498
2021-07-29,93325.0,141678.0,34870.0,14050.476408808783,6212.030893402798,,6579.507924908395
2021-07-30,93340.0,141568.0,34791.0,14072.17195941,6318.0031128996125,1147.6551727644064,6603.385373805607
2021-07-31,93006.0,141318.0,34801.0,14053.575773180415,6334.161412287596,1141.586230474492,6597.004298842795
2021-08-01,92597.0,141058.0,34791.0,14031.880222579202,6245.3748352116045,1135.5172881845976,6593.813761361397
2021-08-02,92356.0,140878.0,34776.0,14016.383400721215,6253.369915347597,1133.7833046731992,6609.766448768401
2021-08-03,92101.0,140638.0,34638.0,14016.383400721215,6274.375704552015,1127.714362383305,6606.575911287004
2021-08-04,91995.0,140568.0,34466.0,14019.482765092816,6258.217405163992,1121.6454200933904,6603.385373805607
2021-08-05,91621.0,140348.0,34446.0,14025.68149383601,6219.969927166791,1113.8424942920976,6609.766448768401
2021-08-06,91172.0,139998.0,34416.0,14034.9795869508,6164.396690818805,1106.0395684908046,6612.956986249798
2021-08-07,90680.0,139568.0,34377.0,14041.178315693993,5988.353798132987,1099.1036344451911,6606.575911287004
2021-08-08,90174.0,139108.0,34343.0,14047.377044437188,5774.415183604506,1092.1677003995976,6600.194836324192
2021-08-09,89655.0,138618.0,34304.0,14047.377044437188,5670.493186014598,1084.3647745983046,6593.813761361397
2021-08-10,89123.0,138078.0,34264.0,14025.68149383601,5616.564324153014,1077.428840552691,6593.813761361397
2021-08-11,88548.0,137588.0,34220.0,14013.284036349583,5589.978597254403,1075.6948570412928,6619.338061212593
2021-08-12,88020.0,137108.0,34181.0,14003.985943234791,5578.162718632815,1071.3598982627968,6632.100211138199
2021-08-13,87639.0,136748.0,34010.0,13997.787214491598,5582.593673115911,1075.6948570412928,6609.766448768401
2021-08-14,87565.0,136618.0,33840.0,14000.886578863196,5476.400819907007,1078.2958323083906,6590.62322388
2021-08-15,87171.0,136138.0,33675.0,14003.985943234791,5299.222271316004,1073.9608735298943,6576.729100165498
2021-08-16,86676.0,135608.0,33602.0,14007.085307606389,5209.861218926989,1067.8919312399998,6576.729100165498
2021-08-17,86196.0,135398.0,33539.0,14016.383400721215,5142.877136750386,1063.703279560504,6579.507924908395
2021-08-18,85703.0,135008.0,33394.0,14019.482765092816,5094.219762026399,,6600.194836324192
2021-08-19,85342.0,134578.0,33443.0,14072.17195941,5456.143184598592,,6651.2434360266
2021-08-20,84996.0,134218.0,33559.0,14007.085307606389,6099.296613953993,1159.9842667109951,6585.065574394206
2021-08-21,84780.0,134358.0,33452.0,14031.880222579202,6371.325500879999,1160.8831266944942,6571.171450679702
2021-08-22,85068.0,134328.0,33496.0,14127.960518098786,6520.316634567013,1191.4443661335072,6573.9502754226
2021-08-23,85544.0,134878.0,33772.0,15142.758189643517,12062.547730844706,1419.88269846,6616.147523731196
2021-08-24,86894.0,136098.0,34367.0,15496.764117202803,16079.40939457053,1351.5447053783914,6625.719136175405
2021-08-25,87565.0,136478.0,34299.0,15146.121134889012,14292.704005997984,1272.8242522241965,6600.194836324192
2021-08-26,87917.0,136328.0,34215.0,14645.85607359692,11291.969681407523,1228.2976254569942,6593.813761361397
2021-08-27,88122.0,136188.0,34049.0,14358.728261468988,8118.665970620988,,6616.147523731196
2021-08-28,88357.0,136028.0,33840.0,14171.351619301216,7015.384633089889,1204.028405902496,6861.818909799008
2021-08-29,88445.0,135848.0,33578.0,13988.577622508406,6914.9818263,1195.039806067504,6593.813761361397
2021-08-30,88460.0,135648.0,33288.0,13826.656590801014,6318.0031128996125,1201.3318259519983,6362.759594962202
2021-08-31,88210.0,135438.0,33269.0,13796.105452743008,4126.730246555103,1191.4443661335072,5709.9514285725
2021-09-01,88137.0,135188.0,33173.0,13936.640687809784,2994.398901352797,1285.5315940116072,5439.184432229095
2021-09-02,88357.0,135958.0,33918.0,15294.230385429591,12437.677601180989,1574.5599972672069,9050.917730856596
2021-09-03,88710.0,136308.0,34416.0,16112.3279053137,16013.388723460515,1428.1660915607922,10179.765761454002
2021-09-04,88799.0,136658.0,34549.0,15868.538080675184,14104.856574305417,1324.631107203594,9133.848048590398
2021-09-05,88813.0,136868.0,34633.0,15424.675839791991,10897.38057588302,1268.914300905,7590.744338288994
2021-09-06,88828.0,137028.0,34697.0,14914.969701966296,8365.912846273812,1237.2862252920063,6807.579772615202
2021-09-07,88872.0,137178.0,34529.0,14454.205862979008,7155.157800422984,1213.017005737508,6686.339348322003
2021-09-08,88858.0,136798.0,34098.0,14239.53763547639,6882.488714037291,1195.938666051003,6582.286749651308
2021-09-09,88858.0,137228.0,34020.0,14171.351619301216,6783.299213445904,1222.0056055725,6868.199984761802
2021-09-10,88902.0,137588.0,33952.0,14059.774501923612,6769.617903019516,1222.0056055725,6603.385373805607
2021-09-11,88755.0,137628.0,33704.0,14010.184671977986,6783.299213445904,1204.028405902496,6587.844399137102
2021-09-12,88416.0,137568.0,33423.0,13970.246939673589,6743.9654459700005,1188.7477861830098,6548.940852736507
2021-09-13,88078.0,137428.0,33134.0,14000.886578863196,6727.194872553016,1178.8603263644984,6554.498502222301
2021-09-14,87756.0,137158.0,33153.0,14065.973230666808,6803.821179085485,1171.6694464965049,6562.834976450994
2021-09-15,87259.0,136398.0,33153.0,14034.9795869508,6781.589049642605,1171.6694464965049,6582.286749651308
2021-09-16,87011.0,136048.0,33433.0,14016.383400721215,6831.183799938298,1250.3420321387946,6660.815048470809
2021-09-17,86807.0,135558.0,33505.0,13991.632736314205,6836.314291348194,1254.2519834579912,6587.844399137102
2021-09-18,86312.0,134928.0,33559.0,14007.085307606389,6856.836256987814,1228.2976254569942,6657.624510989394
2021-09-19,85776.0,134268.0,33617.0,14016.383400721215,6827.763472331702,1208.522705819992,6721.435260617408
2021-09-20,85198.0,133528.0,33646.0,14007.085307606389,6678.560209643683,1192.3432261170065,6740.578485505809
2021-09-21,84594.0,132798.0,33443.0,13988.577622508406,5643.383099686789,1180.6580463314967,6573.9502754226
2021-09-22,84063.0,132048.0,33192.0,13988.577622508406,4051.7248532369895,1172.568306480004,6004.405479073803
2021-09-23,83621.0,131768.0,32947.0,14062.873866295213,3681.3919332269897,1236.3873653085072,5913.854027811595
2021-09-24,84680.0,133758.0,34157.0,14304.62428728,4381.341843584391,1444.732877762401,6144.690134721599
2021-09-25,86065.0,134918.0,34544.0,14326.902394299015,4377.637699756795,1354.6509777911888,6266.662355190595
2021-09-26,86370.0,135438.0,34382.0,14273.630643563993,4011.831501838799,1291.3965209904018,6362.759594962202
2021-09-27,86385.0,135468.0,34103.0,14183.749076787604,3930.2006127227937,1249.3645443089956,6440.566687763394
2021-09-28,86225.0,135348.0,33777.0,14072.17195941,3951.1914127812015,1229.1964854404937,6504.479656850101
2021-09-29,85935.0,134988.0,33452.0,13973.302053479383,3951.1914127812015,1222.9044655559992,6562.834976450994
2021-09-30,85544.0,134678.0,33067.0,13976.357167285216,3939.529857193212,1208.522705819992,6573.9502754226
2021-10-01,85039.0,134258.0,32665.0,13991.632736314205,3941.86216831081,1195.938666051003,6582.286749651308
2021-10-02,84508.0,133668.0,32247.0,14022.582129464412,3945.360634987207,1185.152346248993,6603.385373805607
2021-10-03,83935.0,133098.0,31822.0,14053.575773180415,3934.8652349579897,1177.9614663809991,6622.528598694008
2021-10-04,83364.0,132528.0,31452.0,14069.072595038404,3999.0037906920106,1252.2970077983928,6644.862361063805
2021-10-05,83293.0,133328.0,31780.0,14022.582129464412,4230.39511512089,1391.926246744802,6609.766448768401
2021-10-06,83165.0,133278.0,31926.0,13961.081598256198,4229.182916815791,1336.3609611612053,6606.575911287004
2021-10-07,82767.0,133028.0,31992.0,13997.787214491598,4186.755976137302,1291.3965209904018,6619.338061212593
2021-10-08,82385.0,132638.0,32058.0,14053.575773180415,3048.60603996839,1259.139422607009,6609.766448768401
2021-10-09,81961.0,132178.0,32096.0,14093.867510011216,1858.3620111635933,1236.3873653085072,6616.147523731196
2021-10-10,81581.0,131628.0,32110.0,14124.861153727188,1383.1268685855048,1221.1067455890009,6619.338061212593
2021-10-11,81229.0,131008.0,32114.0,14149.656068699998,1053.1584805197049,1210.3204257869902,6619.338061212593
2021-10-12,80836.0,130428.0,32114.0,14152.7554330716,770.904812819999,1202.2306859354974,6612.956986249798
2021-10-13,80430.0,129778.0,32110.0,14090.768145639584,700.9206856565987,1195.039806067504,6609.766448768401
2021-10-14,79997.0,129098.0,32077.0,14028.780858207603,663.5647685805021,1188.7477861830098,6616.147523731196
2021-10-15,79733.0,128368.0,32048.0,14003.985943234791,674.8486628594993,1182.455766298495,6587.844399137102
2021-10-16,79454.0,127688.0,32029.0,14016.383400721215,689.3110707180015,1179.7591863479977,6510.037306335895
2021-10-17,79719.0,127318.0,32091.0,14034.9795869508,754.9902499799969,1192.3432261170065,6432.230213534702
2021-10-18,80081.0,126778.0,32105.0,14031.880222579202,802.031468914204,1191.4443661335072,6334.971347533196
2021-10-19,80207.0,126228.0,31850.0,13997.787214491598,716.62781175,1183.354626281994,6217.8734670029935
2021-10-20,80291.0,125488.0,31550.0,14000.886578863196,664.2285270675015,1176.1637464140008,6101.322234110407
2021-10-21,80291.0,124828.0,31275.0,14010.184671977986,662.9010100935027,1170.7705865130058,5983.099255247393
2021-10-22,80263.0,124248.0,30996.0,14016.383400721215,660.2459761454976,1166.27628659551,5863.251746223896
2021-10-23,80053.0,123598.0,30931.0,14019.482765092816,674.1849043725,1162.6808466614923,5746.582229418295
2021-10-24,79788.0,122898.0,30880.0,14022.582129464412,688.2866929293025,1159.9842667109951,5631.4568553314975
2021-10-25,79538.0,122518.0,30866.0,14025.68149383601,696.4817152389028,1166.27628659551,5518.947967019395
2021-10-26,79705.0,122578.0,31084.0,14059.774501923612,762.5858367899982,1460.957650754411,5498.2948789374
2021-10-27,83949.0,129868.0,34603.0,14050.476408808783,1056.185082363002,2017.792694018408,5470.024665294296
2021-10-28,87171.0,133558.0,35332.0,13997.787214491598,775.9685373600025,1845.7883334563976,5385.214024365
2021-10-29,88799.0,135328.0,35357.0,14028.780858207603,764.0326152299968,1615.152690081596,5313.253480546207
2021-10-30,89744.0,136478.0,35332.0,14121.76178935559,905.3994220487972,1583.580595670399,5626.223883782101
2021-10-31,90263.0,137198.0,35327.0,14267.431914820798,1049.699506984498,1567.7945484647876,5464.884626450101
2021-11-01,90531.0,137768.0,35287.0,14336.450154450004,793.4809105785033,1498.931022890401,5155.757896440005
2021-11-02,90576.0,138078.0,35267.0,14134.159246842017,604.7569071107969,1424.024395010396,5130.519107235
2021-11-03,90561.0,137938.0,35247.0,13988.577622508406,739.7985549984029,1361.8989467544056,5201.187717008993
2021-11-04,90352.0,137558.0,35252.0,14003.985943234791,726.8088959045987,1317.7886923950002,5244.093658657497
2021-11-05,90055.0,137088.0,35242.0,14025.68149383601,662.9010100935027,1286.5090818414062,5277.273208636796
2021-11-06,89700.0,136568.0,35222.0,14028.780858207603,678.4993345380036,1265.9818374156027,5284.983266903103
2021-11-07,89286.0,135958.0,35212.0,14025.68149383601,680.4906099990019,1252.2970077983928,5284.983266903103
2021-11-08,88813.0,135308.0,35207.0,14016.383400721215,657.9228214409997,1240.8816652260032,5277.273208636796
2021-11-09,88284.0,134648.0,35192.0,14003.985943234791,647.6788806285015,1230.9942054074918,5264.423111526293
2021-11-10,87727.0,133918.0,35173.0,13991.632736314205,658.5865799279991,1222.9044655559992,5261.853092104196
2021-11-11,87186.0,133398.0,35009.0,13997.787214491598,703.6523597597962,1218.4101656385033,5259.283072682098
2021-11-12,86690.0,132868.0,34855.0,14072.17195941,896.3356158029964,1335.3834733314063,5349.233752455603
2021-11-13,87595.0,133398.0,35237.0,14152.7554330716,1485.603260798994,1536.904395026391,5457.174568183794
2021-11-14,88475.0,134098.0,35302.0,14146.556704328405,1798.5559377405054,1591.4736192731918,5444.324471073304
2021-11-15,89108.0,134398.0,35262.0,14109.364331869205,1668.8885829810024,1572.3048476664092,5400.6341408976
2021-11-16,89404.0,134598.0,35158.0,14053.575773180415,1120.5959843628036,1530.394674088797,5313.253480546207
2021-11-17,89492.0,134428.0,35038.0,13997.787214491598,770.904812819999,1481.571767056792,5259.283072682098
2021-11-18,89404.0,134258.0,34944.0,13991.632736314205,682.4818854600001,1434.3786363864103,5274.703189214698
2021-11-19,89389.0,134128.0,34885.0,14010.184671977986,664.8922855545009,1414.7055777720047,5292.693325169397
2021-11-20,89300.0,133918.0,34781.0,14016.383400721215,664.5604063110012,1398.1387915703965,5292.693325169397
2021-11-21,89123.0,133558.0,34682.0,14019.482765092816,641.5415747987997,1376.3948846807923,5287.553286325202
2021-11-22,88946.0,133308.0,34579.0,14016.383400721215,675.5124213464989,1363.9697950296038,5284.983266903103
2021-11-23,88710.0,133058.0,34485.0,14000.886578863196,694.432959661497,1357.7572502040096,5269.563150370503
2021-11-24,88445.0,132618.0,34230.0,13997.787214491598,679.8268515120025,1346.367584690396,5264.423111526293
2021-11-25,88005.0,132228.0,34020.0,14016.383400721215,700.9206856565987,1335.3834733314063,5277.273208636796
2021-11-26,87639.0,131878.0,33888.0,14028.780858207603,716.62781175,1328.5410585227903,5284.983266903103
2021-11-27,87303.0,131518.0,33757.0,14010.184671977986,739.7985549984029,1331.47352201221,5272.133169792601
2021-11-28,86981.0,131058.0,33617.0,13988.577622508406,738.7453393962038,1325.608595033393,5256.71305326
2021-11-29,86559.0,130588.0,33612.0,13967.19182586779,721.8938897610032,1317.7886923950002,5246.617537577995
2021-11-30,86123.0,130078.0,33496.0,13973.302053479383,689.9939892438009,1307.03632626721,5259.283072682098
2021-12-01,87068.0,135280.0,34657.0,13985.522508702608,699.2133893421003,1296.283960139397,5269.563150370503
2021-12-02,86607.0,134820.0,34652.0,14000.886578863196,724.3513928328009,1291.3965209904018,5266.993130948405
2021-12-03,86190.0,134510.0,34686.0,13991.632736314205,745.4157048767977,1308.991301926808,5264.423111526293
2021-12-04,85674.0,134140.0,34686.0,14003.985943234791,740.5006987332022,1313.8787410758036,5261.853092104196
2021-12-05,85089.0,133800.0,34662.0,14016.383400721215,696.4817152389028,1309.968789756607,5256.71305326
2021-12-06,84463.0,133550.0,34647.0,14019.482765092816,653.2765120319964,1303.126374947991,5256.71305326
2021-12-07,83925.0,133400.0,34686.0,13997.787214491598,664.8922855545009,1304.1038627777905,5266.993130948405
2021-12-08,83375.0,133190.0,34700.0,14010.184671977986,661.2416138759967,1301.1713992883929,5272.133169792601
2021-12-09,82784.0,132980.0,34695.0,14022.582129464412,672.8573873985011,1295.3064723095983,5274.703189214698
2021-12-10,82153.0,132740.0,34681.0,14010.184671977986,697.8475522905015,1287.4865696712054,5282.413247481006
2021-12-11,81678.0,132680.0,34695.0,14010.184671977986,701.2621449194984,1291.3965209904018,5290.123305747299
2021-12-12,81608.0,132840.0,34796.0,14010.184671977986,737.6921237939969,1322.6761315439956,5292.693325169397
2021-12-13,81302.0,132820.0,34840.0,14013.284036349583,751.0328547552006,1327.563570692991,5292.693325169397
2021-12-14,80927.0,132770.0,34859.0,14019.482765092816,698.1890115534013,1324.631107203594,5279.843228058894
2021-12-15,80511.0,132680.0,34869.0,14003.985943234791,702.2865227081976,1317.7886923950002,5261.853092104196
2021-12-16,80109.0,132630.0,34878.0,14003.985943234791,702.9694412339968,1313.8787410758036,5266.993130948405
2021-12-17,79640.0,132510.0,34888.0,14007.085307606389,676.1761798334982,1308.991301926808,5272.133169792601
2021-12-18,79103.0,132360.0,34888.0,14016.383400721215,692.0427448211991,1303.126374947991,5277.273208636796
2021-12-19,78651.0,132290.0,34941.0,14022.582129464412,736.287836324398,1328.5410585227903,5287.553286325202
2021-12-20,78145.0,132130.0,34970.0,14022.582129464412,764.7560044499963,1338.3159368208037,5287.553286325202
2021-12-21,77545.0,131940.0,34970.0,14010.184671977986,721.8938897610032,1333.428497671808,5290.123305747299
2021-12-22,77001.0,131730.0,34975.0,14000.886578863196,699.554848605,1327.563570692991,5287.553286325202
2021-12-23,76541.0,131490.0,34960.0,14003.985943234791,678.8312137815034,1319.7436680545982,5282.413247481006
2021-12-24,76203.0,131230.0,34951.0,14022.582129464412,680.8224892425015,1310.9462775864065,5287.553286325202
2021-12-25,76135.0,131060.0,34951.0,14044.27768006559,691.7012855582993,1316.811204565201,5300.403383435704
2021-12-26,76324.0,131060.0,34994.0,14062.873866295213,739.0964112636035,1370.1823398551985,5308.1134417019975
2021-12-27,76460.0,130920.0,35009.0,14069.072595038404,769.8197289899999,1390.8908226072028,5292.693325169397
2021-12-28,76500.0,130800.0,35014.0,14031.880222579202,722.9471053632022,1390.8908226072028,5251.665295419005
2021-12-29,76581.0,130680.0,35023.0,14007.085307606389,701.9450634452978,1390.8908226072028,5254.189174339502
2021-12-30,76676.0,130580.0,35023.0,14013.284036349583,685.8964780889968,1395.032519157599,5266.993130948405
2021-12-31,76798.0,130510.0,35043.0,14007.085307606389,674.1849043725,1401.2450639831934,5266.993130948405
2022-01-01,76893.0,130410.0,35072.0,14003.985943234791,655.5996667365018,1400.2096398455942,5272.133169792601
2022-01-02,77015.0,130370.0,35139.0,14022.582129464412,695.1158781872963,1408.4930329464105,5362.083849566106
2022-01-03,77110.0,130310.0,35207.0,14022.582129464412,762.2241421799986,1408.4930329464105,5400.6341408976
2022-01-04,77123.0,130190.0,35227.0,13997.787214491598,707.0669523888009,1390.8908226072028,5315.8234999683045
2022-01-05,77096.0,130070.0,35241.0,13994.68785012,670.5342326940033,1376.3948846807923,5241.569779736999
2022-01-06,77083.0,129930.0,35251.0,14000.886578863196,661.5734931194963,1354.6509777911888,5261.853092104196
2022-01-07,77042.0,129790.0,35256.0,14013.284036349583,670.866111937503,1334.4059855016071,5290.123305747299
2022-01-08,76907.0,129550.0,35232.0,14016.383400721215,659.9140969019978,1311.9237654162057,5284.983266903103
2022-01-09,76757.0,129350.0,35227.0,14016.383400721215,653.6083912755035,1294.3289844797991,5282.413247481006
2022-01-10,76649.0,129140.0,35212.0,14016.383400721215,682.1500062165003,1283.5766183520088,5287.553286325202
2022-01-11,76406.0,128800.0,35144.0,14000.886578863196,663.5647685805021,1264.0268617560043,5277.273208636796
2022-01-12,76135.0,128420.0,34985.0,14007.085307606389,633.4661723912997,1241.7805252095025,5259.283072682098
2022-01-13,76014.0,128130.0,34883.0,14025.68149383601,675.5124213464989,1232.79192537449,5269.563150370503
2022-01-14,75947.0,127810.0,34835.0,14010.184671977986,667.8791987459981,1226.499905489996,5282.413247481006
2022-01-15,75543.0,127400.0,34676.0,13982.467394896814,614.7962460804019,1211.2192857705095,5287.553286325202
2022-01-16,75073.0,127000.0,34522.0,13958.0264844504,607.5804711960014,1194.1409460840048,5284.983266903103
2022-01-17,74778.0,126790.0,34513.0,14003.985943234791,650.6214780839987,1188.7477861830098,
2022-01-18,74631.0,126540.0,34479.0,14031.880222579202,725.7556803023997,1186.0512062324915,
2022-01-19,74497.0,126250.0,34426.0,14016.383400721215,720.8406741587962,1182.455766298495,5318.393519390403
2022-01-20,74363.0,125980.0,34345.0,14000.886578863196,708.4327894403997,1179.7591863479977,
2022-01-21,74177.0,125650.0,34173.0,13997.787214491598,669.206715719997,1173.4671664635032,
2022-01-22,73950.0,125290.0,34001.0,14003.985943234791,689.9939892438009,1164.4785666284909,
2022-01-23,73737.0,124970.0,33859.0,14022.582129464412,727.1599677719984,1157.2876867604975,
2022-01-24,73564.0,124650.0,33802.0,14038.078951322395,754.6285553699973,1153.724115054301,
2022-01-25,73391.0,124320.0,33745.0,14013.284036349583,712.8717598581035,1151.1231397872032,
2022-01-26,73192.0,123950.0,33646.0,13991.632736314205,672.8573873985011,1147.6551727644064,5282.413247481006
2022-01-27,72887.0,123580.0,33466.0,13997.787214491598,672.1936289115018,1141.586230474492,
2022-01-28,72675.0,123250.0,33292.0,14010.184671977986,686.9208558777037,1137.251271695996,
2022-01-29,72675.0,122880.0,33128.0,14016.383400721215,693.4085818727978,1134.6502964288984,
2022-01-30,72702.0,122480.0,32936.0,14007.085307606389,677.503696807497,1128.581354139004,
2022-01-31,72715.0,122130.0,32777.0,14000.886578863196,670.2023534505037,1123.3794036048089,
2022-02-01,72741.0,121850.0,32698.0,13994.68785012,661.2416138759967,1117.3104613148944,
2022-02-02,72781.0,121600.0,32624.0,14003.985943234791,659.2503384149985,1112.1085107806991,
2022-02-03,72874.0,121390.0,32568.0,14022.582129464412,671.5298704245024,1120.7784283376914,
2022-02-04,73458.0,122070.0,32829.0,14258.133821706007,976.9990532999966,1244.47710516,6015.058590986994
2022-02-05,74323.0,122720.0,33133.0,14409.649648941013,1282.1098978307946,1361.8989467544056,5823.302576549402
2022-02-06,74711.0,122820.0,33076.0,14352.363088034992,1214.7994432926016,1371.2177639927972,5413.484238008104
2022-02-07,74992.0,122900.0,33006.0,14236.438271104793,992.9158970970012,1357.7572502040096,5310.683461124095
2022-02-08,75301.0,122970.0,33015.0,14096.966874382812,768.7346451600008,1346.367584690396,5302.973402857802
2022-02-09,75556.0,122950.0,33006.0,13976.357167285216,662.9010100935027,1327.563570692991,5261.853092104196
2022-02-10,75825.0,122950.0,32983.0,13976.357167285216,674.8486628594993,1311.9237654162057,5277.273208636796
2022-02-11,76095.0,123050.0,32959.0,14016.383400721215,655.9315459800015,1301.1713992883929,5272.133169792601
2022-02-12,76392.0,123330.0,32927.0,14038.078951322395,698.5304708163009,1300.1939114585937,5272.133169792601
2022-02-13,76744.0,123670.0,32875.0,14056.675137552014,760.0539745200006,1310.9462775864065,5272.133169792601
2022-02-14,76988.0,123900.0,32717.0,14059.774501923612,738.0431956613965,1299.2164236287947,5261.853092104196
2022-02-15,77137.0,124050.0,32549.0,14031.880222579202,673.8530251290002,1277.711691373192,5264.423111526293
2022-02-16,77314.0,124240.0,32415.0,14007.085307606389,646.0638001470029,1261.094398266607,5266.993130948405
2022-02-17,77558.0,124520.0,32373.0,14022.582129464412,649.6258403534996,1266.9593252454015,5274.703189214698
2022-02-18,79709.0,126810.0,32871.0,14093.867510011216,1023.3803587890022,1434.3786363864103,5333.813635923003
2022-02-19,82587.0,128920.0,33353.0,14115.563060612396,1333.7192871042037,1509.780557786391,5323.533558234598
2022-02-20,83925.0,130120.0,33367.0,14096.966874382812,1137.334005264899,1464.2125112232077,5284.983266903103
2022-02-21,84946.0,131030.0,33330.0,14069.072595038404,799.4291250728979,1428.1660915607922,5302.973402857802
2022-02-22,85917.0,131910.0,33349.0,14041.178315693993,704.6767375485031,1408.4930329464105,5308.1134417019975
2022-02-23,87908.0,133970.0,34436.0,14072.17195941,903.7948013843984,1457.7027902855891,5274.703189214698
2022-02-24,89835.0,135750.0,35110.0,14056.675137552014,948.9139556100032,1479.401860077594,5261.853092104196
2022-02-25,91162.0,137020.0,,14022.582129464412,771.989896649998,1454.447929816792,5287.553286325202
2022-02-26,92096.0,137880.0,,14038.078951322395,842.2163266170018,1424.024395010396,5338.953674767198
2022-02-27,92722.0,138540.0,35178.0,14041.178315693993,847.5473793173969,1397.103367432797,5362.083849566106
2022-02-28,93156.0,139000.0,35091.0,14034.9795869508,769.0963397700006,1371.2177639927972,5362.083849566106
2022-03-01,93455.0,139000.0,35139.0,14013.284036349583,676.1761798334982,1347.403008827995,5318.393519390403
2022-03-02,93696.0,138870.0,35198.0,13988.577622508406,659.9140969019978,1334.4059855016071,5272.133169792601
2022-03-03,93876.0,138710.0,35232.0,13991.632736314205,682.8233447228997,1335.3834733314063,5256.71305326
2022-03-04,93680.0,138470.0,35222.0,13985.522508702608,712.5303005952037,1319.7436680545982,5239.045900816502
2022-03-05,93171.0,138220.0,35212.0,13985.522508702608,844.1202740100001,1302.148887118192,5259.283072682098
2022-03-06,92707.0,138060.0,35217.0,13985.522508702608,970.3907950200028,1294.3289844797991,5287.553286325202
2022-03-07,92946.0,138400.0,35348.0,13985.522508702608,1126.4769106256983,1358.7926743416083,5302.973402857802
2022-03-08,94132.0,139780.0,35871.0,14000.886578863196,1245.9962876921948,1503.2708368487968,5277.273208636796
2022-03-09,94935.0,140890.0,36132.0,14010.184671977986,1252.14112068,1509.780557786391,5231.474264054994
2022-03-10,95575.0,141500.0,36260.0,14016.383400721215,1270.5090808692053,1481.571767056792,5264.423111526293
2022-03-11,96327.0,141860.0,36354.0,14022.582129464412,1287.9103063116004,1462.04260424401,5259.283072682098
2022-03-12,96960.0,142160.0,36448.0,14028.780858207603,1579.1399308274952,1455.532883306391,5272.133169792601
2022-03-13,97270.0,142320.0,36508.0,14028.780858207603,1923.626023666506,1433.3432122488111,5284.983266903103
2022-03-14,97457.0,142480.0,36527.0,14022.582129464412,2142.238938204905,1412.6347294968066,5287.553286325202
2022-03-15,97783.0,142970.0,36542.0,14016.383400721215,2145.708110876401,1413.6701536344058,5277.273208636796
2022-03-16,98126.0,143620.0,36577.0,14010.184671977986,2190.3352300919923,1436.4494846616085,5264.423111526293
2022-03-17,98158.0,144290.0,36587.0,14010.184671977986,2081.930793560997,1443.6974536248017,5259.283072682098
2022-03-18,97752.0,144960.0,36592.0,14016.383400721215,1751.7963518255935,1438.5203329368064,5279.843228058894
2022-03-19,97379.0,145740.0,36612.0,14019.482765092816,1908.245302519805,1438.5203329368064,5297.833364013607
2022-03-20,97301.0,146690.0,36662.0,14031.880222579202,2400.7008558204006,1478.316906587995,5305.5434222799
2022-03-21,97131.0,147580.0,36632.0,14031.880222579202,2691.866971976392,1482.656720546391,5290.123305747299
2022-03-22,96635.0,148230.0,36607.0,14019.482765092816,2341.999189191603,1458.787743775188,5259.283072682098
2022-03-23,96111.0,148580.0,36582.0,13997.787214491598,1803.471595586101,1411.5993053592074,5246.617537577995
2022-03-24,95590.0,148870.0,36587.0,13994.68785012,1507.880846456398,1387.7845501944057,5264.423111526293
2022-03-25,95300.0,149130.0,36572.0,14016.383400721215,1554.374114349005,1383.6428536440094,5290.123305747299
2022-03-26,95452.0,149290.0,36458.0,14025.68149383601,1766.098343236794,1378.4657329559907,5284.983266903103
2022-03-27,95605.0,149400.0,36334.0,14025.68149383601,1970.1755334416928,1371.2177639927972,5269.563150370503
2022-03-28,95590.0,149350.0,36221.0,14016.383400721215,2097.506015169598,1355.6864019288114,5254.189174339502
2022-03-29,95407.0,149270.0,36245.0,14010.184671977986,2111.049686133601,1336.3609611612053,5251.665295419005
2022-03-30,95361.0,149180.0,36265.0,14013.284036349583,2106.9865848444047,1319.7436680545982,5239.045900816502
2022-03-31,95559.0,149200.0,36265.0,14028.780858207603,2106.9865848444047,1318.7661802247992,5211.283232690998
2022-04-01,96883.0,150250.0,36542.0,14171.351619301216,2285.9478968415037,1476.146999608797,5434.0443933849
2022-04-02,97986.0,150440.0,36602.0,14217.842084875208,2787.6562499679017,1527.13981362,5584.360111386895
2022-04-03,98205.0,150230.0,36552.0,14236.438271104793,3318.6216890760093,1497.8460694008018,5675.937113501401
2022-04-04,98236.0,150050.0,36557.0,14220.941449246806,3681.3919332269897,1480.4868135671932,5738.732772094204
2022-04-05,98126.0,149770.0,36577.0,14137.25861121361,3733.389997573193,1447.938208879198,5786.016684853204
2022-04-06,97846.0,149620.0,36582.0,14069.072595038404,3744.534427624208,1425.0598191479953,5895.211081963496
2022-04-07,97830.0,149880.0,36701.0,14059.774501923612,3907.239261326989,1519.5451391928068,6076.927790016598
2022-04-08,102040.0,152970.0,37246.0,14511.492423884994,5855.551593828003,2061.764983064397,6568.392625936805
2022-04-09,103390.0,152190.0,36836.0,14829.6409905321,6826.053308528403,1778.8469377608044,6622.528598694008
2022-04-10,102180.0,151350.0,36726.0,14898.56033438281,6492.345095950501,1606.132091678404,6600.194836324192
2022-04-11,101010.0,150770.0,36666.0,14767.28539371482,5803.414130424016,1491.3363484632075,6651.2434360266
2022-04-12,100170.0,150460.0,36642.0,14393.736715355992,5313.40656534599,1437.4849087992072,6603.385373805607
2022-04-13,99460.0,150200.0,36617.0,14199.245898645591,5225.463942360007,1397.103367432797,6616.147523731196
2022-04-14,98768.0,149960.0,36597.0,14041.178315693993,5201.350642508996,1345.3321605527972,6609.766448768401
2022-04-15,98158.0,149740.0,36572.0,14010.184671977986,5222.627083554009,1272.8242522241965,6622.528598694008
2022-04-16,97565.0,149570.0,36567.0,14007.085307606389,5432.991601389013,1239.0839452590048,6625.719136175405
2022-04-17,97193.0,149530.0,36572.0,13997.787214491598,5723.207242763086,1234.589645341509,6619.338061212593
2022-04-18,96852.0,149420.0,36557.0,13988.577622508406,5936.851907104499,1222.0056055725,6609.766448768401
2022-04-19,96744.0,149570.0,36597.0,14118.662424983992,6162.808884066008,1280.6441548625894,6750.150097950001
2022-04-20,96666.0,149590.0,36572.0,14103.165603126006,6129.464942257202,1313.8787410758036,6628.909673656802
2022-04-21,96790.0,149640.0,36587.0,13979.412281091016,6025.809718880989,1349.4738571031935,6616.147523731196
2022-04-22,97255.0,149720.0,36627.0,14010.184671977986,5961.822520936511,1339.293424650603,6600.194836324192
2022-04-23,97612.0,149660.0,36642.0,14038.078951322395,5980.550481310494,1311.9237654162057,6590.62322388
2022-04-24,97721.0,149640.0,36622.0,14050.476408808783,5943.094560562493,1281.621642692411,6587.844399137102
2022-04-25,97581.0,149530.0,36602.0,14041.178315693993,5952.458540749485,1256.2069591175891,6585.065574394206
2022-04-26,97332.0,149420.0,36592.0,14007.085307606389,5952.458540749485,1238.1850852755056,6590.62322388
2022-04-27,97100.0,149370.0,36592.0,14025.68149383601,5971.186501123503,1236.3873653085072,6587.844399137102
2022-04-28,96821.0,149160.0,36557.0,14031.880222579202,5950.897877384987,1224.7021855229975,6582.286749651308
2022-04-29,96496.0,148960.0,36532.0,14025.68149383601,5949.337214020488,1209.421565803491,6606.575911287004
2022-04-30,96142.0,148760.0,36522.0,14031.880222579202,6036.734362432514,1197.7363860180017,6622.528598694008
2022-05-01,95774.0,148540.0,36522.0,14034.9795869508,6118.350294987611,1187.8489261994905,6635.290748619596
2022-05-02,95361.0,148320.0,36527.0,14044.27768006559,6186.625985357986,1183.354626281994,6635.290748619596
2022-05-03,94935.0,148080.0,36532.0,14038.078951322395,6226.321154177986,1180.6580463314967,6597.004298842795
2022-05-04,94464.0,147900.0,36537.0,14028.780858207603,6253.369915347597,1180.6580463314967,6609.766448768401
2022-05-05,94056.0,147730.0,36532.0,14000.886578863196,6263.064894980388,1182.455766298495,6628.909673656802
2022-05-06,93756.0,147530.0,36513.0,14034.9795869508,6254.985745286396,1179.7591863479977,6648.052898545202
2022-05-07,93620.0,147350.0,36448.0,14174.450983672812,6554.869711681481,1202.2306859354974,6900.105359575809
2022-05-08,93560.0,147090.0,36196.0,14361.910848185984,7260.620128275017,1201.3318259519983,7136.618735873698
2022-05-09,93515.0,146870.0,35989.0,14320.537220864986,7015.384633089889,1188.7477861830098,7032.153479496591
2022-05-10,93455.0,146850.0,35950.0,14137.25861121361,6796.980523872291,1177.9614663809991,6826.722997503603
2022-05-11,93395.0,146850.0,35881.0,14053.575773180415,6702.039012427501,1169.8717265295063,6644.862361063805
2022-05-12,93321.0,146850.0,35665.0,14022.582129464412,6743.9654459700005,1163.5797066449918,6622.528598694008
2022-05-13,93306.0,146800.0,35499.0,14016.383400721215,6774.748394429412,1159.085406727496,6603.385373805607
2022-05-14,93306.0,146560.0,35509.0,14010.184671977986,6680.237266985381,1156.3888267769985,6600.194836324192
2022-05-15,93366.0,146360.0,35548.0,14000.886578863196,6790.139868659097,1152.8571232986014,6585.065574394206
2022-05-16,93470.0,146290.0,35587.0,13997.787214491598,6798.690687675589,1154.59110681,6603.385373805607
2022-05-17,93650.0,146410.0,35621.0,14047.377044437188,6745.675609773299,1185.152346248993,6715.054185654596
2022-05-18,93771.0,146340.0,35636.0,13988.577622508406,6752.516264986492,1180.6580463314967,6625.719136175405
2022-05-19,93891.0,146320.0,35631.0,14010.184671977986,6737.257216603206,1172.568306480004,6673.577198396398
2022-05-20,94056.0,146340.0,35484.0,14031.880222579202,6757.646756396388,1174.3660264470025,6660.815048470809
2022-05-21,93936.0,146300.0,35480.0,14100.066238754407,6955.495239566103,1178.8603263644984,6791.627085208199
2022-05-22,93726.0,146250.0,35470.0,14146.556704328405,6962.541050568896,1171.6694464965049,6769.293322838401
2022-05-23,93575.0,146270.0,35455.0,14152.7554330716,6838.0244551514925,1172.568306480004,6711.863648173199
2022-05-24,93336.0,146180.0,35441.0,14081.470052524792,6796.980523872291,1168.9728665460077,6644.862361063805
2022-05-25,93051.0,146050.0,35431.0,14016.383400721215,6745.675609773299,1159.9842667109951,6619.338061212593
2022-05-26,92737.0,145900.0,35416.0,14016.383400721215,6752.516264986492,1151.9901315429022,6597.004298842795
2022-05-27,92454.0,145760.0,35382.0,14044.27768006559,6749.095937379896,1146.7881810087072,6616.147523731196
2022-05-28,92230.0,145500.0,35164.0,14121.76178935559,6722.163700527883,1144.1872057416094,6651.2434360266
2022-05-29,91992.0,145210.0,34753.0,14205.444627388784,6752.516264986492,1140.719238718793,6664.005585952206
2022-05-30,91725.0,144890.0,34316.0,14143.457339956803,6749.095937379896,1134.6502964288984,6664.005585952206
2022-05-31,91399.0,144560.0,33878.0,14053.575773180415,6743.9654459700005,1128.581354139004,6648.052898545202
2022-06-01,91088.0,144290.0,33542.0,13973.302053479383,6743.9654459700005,1125.1133871162072,6609.766448768401
2022-06-02,90866.0,144290.0,33547.0,14019.482765092816,6894.459860660418,1152.8571232986014,6638.481286100993
2022-06-03,90586.0,144070.0,33485.0,14010.184671977986,6863.676912201008,1162.6808466614923,6641.671823582408
2022-06-04,90232.0,143710.0,33320.0,14038.078951322395,6868.807403610903,1154.59110681,6616.147523731196
2022-06-05,89850.0,143290.0,33179.0,14044.27768006559,6827.763472331702,1144.1872057416094,6593.813761361397
2022-06-06,89469.0,142900.0,33076.0,14031.880222579202,6793.560196265694,1133.7833046731992,6603.385373805607
2022-06-07,89103.0,142630.0,33034.0,14022.582129464412,6788.429704855799,1125.1133871162072,6603.385373805607
2022-06-08,88986.0,142970.0,33086.0,14050.476408808783,6839.734618954791,1138.1182634516952,6632.100211138199
2022-06-09,89030.0,143510.0,33217.0,14022.582129464412,6838.0244551514925,1193.2420861005055,6635.290748619596
2022-06-10,89103.0,143980.0,33334.0,13979.412281091016,6800.400851478888,1199.534105985,6603.385373805607
2022-06-11,88855.0,143930.0,33358.0,13967.19182586779,6769.617903019516,1181.5569063149958,6616.147523731196
2022-06-12,88548.0,143760.0,33353.0,13945.806029227211,6747.385773576598,1166.27628659551,6632.100211138199
2022-06-13,88228.0,143570.0,33372.0,13967.19182586779,6752.516264986492,1157.2876867604975,6660.815048470809
2022-06-14,87792.0,143280.0,33363.0,13994.68785012,6745.675609773299,1151.1231397872032,6619.338061212593
2022-06-15,87314.0,142950.0,33339.0,14000.886578863196,6743.9654459700005,1141.586230474492,6597.004298842795
2022-06-16,87011.0,142700.0,33339.0,14053.575773180415,6764.487411609583,1202.2306859354974,6593.813761361397
2022-06-17,86693.0,142430.0,33349.0,14100.066238754407,6793.560196265694,1228.2976254569942,6593.813761361397
2022-06-18,86262.0,142070.0,33325.0,14121.76178935559,6788.429704855799,1201.3318259519983,6600.194836324192
2022-06-19,85803.0,141680.0,33292.0,14124.861153727188,6755.93659259309,1178.8603263644984,6603.385373805607
2022-06-20,85317.0,141260.0,33259.0,14112.4636962408,6761.067084002985,1161.7819866779937,6600.194836324192
2022-06-21,84804.0,140800.0,33226.0,14087.668781267988,6771.328066822814,1150.256148031504,6600.194836324192
2022-06-22,84321.0,140350.0,33203.0,14059.774501923612,6762.777247806283,1142.4532222301914,6597.004298842795
2022-06-23,84236.0,140120.0,33212.0,14109.364331869205,6851.705765577919,1372.2531881303964,6644.862361063805
2022-06-24,84336.0,139910.0,33245.0,14140.357975585208,6988.962841829412,1464.2125112232077,6619.338061212593
2022-06-25,84194.0,139510.0,33226.0,14109.364331869205,6953.7337868154045,1343.2613122775992,6606.575911287004
2022-06-26,83925.0,139090.0,33193.0,14047.377044437188,6815.792325708612,1283.5766183520088,6590.62322388
2022-06-27,83671.0,138710.0,33165.0,13994.68785012,6745.675609773299,1252.2970077983928,6593.813761361397
2022-06-28,83403.0,138480.0,33147.0,13979.412281091016,6737.257216603206,1231.893065390991,6609.766448768401
2022-06-29,83079.0,138180.0,33114.0,13994.68785012,6759.356920199686,1207.6238458364926,6597.004298842795
2022-06-30,82658.0,137760.0,33072.0,14003.985943234791,6762.777247806283,1188.7477861830098,6590.62322388
2022-07-01,82195.0,137320.0,32997.0,14007.085307606389,6757.646756396388,1174.3660264470025,6597.004298842795
2022-07-02,81860.0,137050.0,32913.0,14034.9795869508,6774.748394429412,1171.6694464965049,6619.338061212593
2022-07-03,81511.0,136680.0,32913.0,14053.575773180415,6786.719541052501,1168.9728665460077,6628.909673656802
2022-07-04,81052.0,136240.0,32880.0,14065.973230666808,6773.038230626113,1159.085406727496,6632.100211138199
2022-07-05,80594.0,135800.0,32838.0,14072.17195941,6727.194872553016,1149.389156275805,6628.909673656802
2022-07-06,80137.0,135380.0,32801.0,14056.675137552014,6680.237266985381,1143.3202139858904,6625.719136175405
2022-07-07,79668.0,134950.0,32759.0,14034.9795869508,6629.925546734389,1135.5172881845976,6609.766448768401
2022-07-08,79186.0,134490.0,32717.0,14013.284036349583,6579.613826483397,1127.714362383305,6597.004298842795
2022-07-09,78692.0,134040.0,32666.0,14007.085307606389,6426.529710970486,1119.0444448262929,6597.004298842795
2022-07-10,78172.0,133550.0,32610.0,14003.985943234791,6246.962641964404,1109.5075355136016,6585.065574394206
2022-07-11,77626.0,133080.0,32559.0,13997.787214491598,6156.457657054813,1099.9706262008906,6568.392625936805
2022-07-12,77083.0,132620.0,32512.0,14000.886578863196,6089.796916825501,1091.3007086438984,6560.056151708097
2022-07-13,76608.0,132250.0,32498.0,14013.284036349583,6044.537679255008,1083.4977828426054,6568.392625936805
2022-07-14,76149.0,131870.0,32443.0,14019.482765092816,5983.671808039491,1077.428840552691,6582.286749651308
2022-07-15,75664.0,131410.0,32341.0,14007.085307606389,5918.423240874016,1070.4929065070976,6597.004298842795
2022-07-16,75153.0,130940.0,32290.0,14010.184671977986,5860.151958245999,1063.703279560504,6616.147523731196
2022-07-17,74617.0,130460.0,32239.0,14016.383400721215,5803.414130424016,1057.839167209209,6695.910960766196
2022-07-18,74123.0,129980.0,32193.0,14022.582129464412,5747.305097276697,1053.6505155296938,6702.292035729008
2022-07-19,73657.0,129520.0,32189.0,13973.302053479383,5705.133851877901,1051.9750548578954,6686.339348322003
2022-07-20,73086.0,129020.0,32124.0,13967.19182586779,5656.938142850711,1047.7864031783993,6657.624510989394
2022-07-21,72490.0,128540.0,31972.0,13985.522508702608,5597.363521392897,1042.7600211630038,6635.290748619596
2022-07-22,71884.0,128050.0,31816.0,14007.085307606389,5530.89920414639,1038.5713694835076,6622.528598694008
2022-07-23,71148.0,127560.0,31642.0,14031.880222579202,5364.983825710809,1034.3827178039924,6609.766448768401
2022-07-24,70403.0,127080.0,31469.0,14050.476408808783,5166.510718759196,1030.1940661244962,6600.194836324192
2022-07-25,69921.0,126640.0,31342.0,14069.072595038404,5081.70786566881,1029.3563357885969,6606.575911287004
2022-07-26,69454.0,126170.0,31247.0,14062.873866295213,5033.537312338791,1029.3563357885969,6612.956986249798
2022-07-27,68948.0,125680.0,31193.0,14041.178315693993,4959.926398375196,1026.8431447808991,6616.147523731196
2022-07-28,68458.0,125190.0,31138.0,14019.482765092816,4892.360281142396,1031.0317964603953,6641.671823582408
2022-07-29,67969.0,124700.0,31084.0,14013.284036349583,4832.229041006391,1035.2204481398917,6667.196123433603
2022-07-30,67443.0,124200.0,31030.0,14016.383400721215,4656.065192429402,1034.3827178039924,6660.815048470809
2022-07-31,66919.0,123680.0,30967.0,14022.582129464412,4447.5618051659885,1030.1940661244962,6648.052898545202
2022-08-01,66397.0,123180.0,30908.0,14025.68149383601,4357.882266009614,1027.6808751167985,6648.052898545202
2022-08-02,65901.0,122680.0,30850.0,13997.787214491598,4301.085393986408,1025.1676841091007,6632.100211138199
2022-08-03,65383.0,122180.0,30751.0,13997.787214491598,4232.819511731088,1021.8167627655038,6609.766448768401
2022-08-04,64815.0,121700.0,30563.0,14010.184671977986,4164.936406645495,1018.4658414219068,6593.813761361397
2022-08-05,64363.0,121220.0,30371.0,14031.880222579202,4130.3019319512,1015.1149200782908,6600.194836324192
2022-08-06,63862.0,120730.0,30207.0,14047.377044437188,4112.443504970688,1014.2771897423916,6609.766448768401
2022-08-07,63338.0,120230.0,30038.0,14053.575773180415,3971.0160572808095,1013.4394594064923,6616.147523731196
2022-08-08,62804.0,119740.0,29866.0,14053.575773180415,3919.782732646504,1013.4394594064923,6619.338061212593
2022-08-09,62321.0,119280.0,29703.0,14044.27768006559,3877.5910563899897,1013.4394594064923,6622.528598694008
2022-08-10,61815.0,118760.0,29576.0,14028.780858207603,3818.294646515992,1013.4394594064923,6628.909673656802
2022-08-11,61286.0,118250.0,29475.0,14013.284036349583,3757.907743685396,1010.9262683987946,6622.528598694008
2022-08-12,60734.0,117730.0,29326.0,14007.085307606389,3694.4606437734033,1008.413077391097,6612.956986249798
2022-08-13,60147.0,117190.0,29248.0,14007.085307606389,3513.386546477396,1005.0621560475,6603.385373805607
2022-08-14,59575.0,116670.0,29156.0,14007.085307606389,3305.5220878547984,1002.5489650398024,6593.813761361397
2022-08-15,58921.0,116170.0,29065.0,14003.985943234791,3226.2061419981023,1000.8735043680038,6571.171450679702
2022-08-16,58137.0,115670.0,28970.0,14007.085307606389,3176.161195960803,1000.0357740321048,6468.354935192401
2022-08-17,57202.0,115160.0,28870.0,13988.577622508406,3126.3061233012054,999.1980436962052,6351.644295990596
2022-08-18,56274.0,114660.0,28758.0,13890.81398072279,3080.382638467204,1001.7112347039032,6304.609268225407
2022-08-19,55376.0,114160.0,28551.0,13838.877046024205,3035.521558233602,1000.8735043680038,6296.4777868608
2022-08-20,54544.0,113670.0,28413.0,13802.2156803546,2861.459644117195,1000.0357740321048,6288.346305496207
2022-08-21,53903.0,113220.0,28358.0,13796.105452743008,2653.159001346008,999.1980436962052,6280.214824131599
2022-08-22,53416.0,112850.0,28251.0,13829.711704606812,2612.686612720807,1000.8735043680038,6280.214824131599
2022-08-23,52988.0,112390.0,28084.0,13872.483297888008,2642.2197922547984,1007.5753470551977,6299.188280648997
2022-08-24,52447.0,111950.0,27905.0,13887.758866916996,2626.611724865394,1010.0885380628956,6299.188280648997
2022-08-25,51874.0,111470.0,27706.0,13884.703753111196,2588.112885406792,1010.0885380628956,6293.767293072602
2022-08-26,51248.0,110970.0,27503.0,13829.711704606812,2549.064726332409,1008.413077391097,6293.767293072602
2022-08-27,50579.0,110470.0,27348.0,13799.160566548806,2323.999603557902,1006.7376167192986,6299.188280648997
2022-08-28,49892.0,109950.0,27272.0,13799.160566548806,2089.3798125912053,1004.2244257116008,6304.609268225407
2022-08-29,49243.0,109450.0,27142.0,13780.829883713988,2012.2940561486996,1002.5489650398024,6307.319762013605
2022-08-30,48632.0,109030.0,26909.0,13662.04233540839,1970.822054410807,1002.5489650398024,6310.030255801803
2022-08-31,48244.0,108720.0,26755.0,13523.356760958017,1955.3055511524065,1009.2508077269962,6310.030255801803
2022-09-01,47617.0,108270.0,26606.0,13357.939804211994,1916.5142930063976,1010.0885380628956,6291.056799284404
2022-09-02,46819.0,107770.0,26474.0,13241.929288468797,1875.4107309942065,1007.5753470551977,6269.372848978794
2022-09-03,46147.0,107280.0,26413.0,13230.030774033608,1705.956154507195,1005.0621560475,6261.241367614201
2022-09-04,45705.0,106810.0,26359.0,13233.005402642406,1521.396331308898,1005.0621560475,6258.530873826003
2022-09-05,45469.0,106430.0,26347.0,13247.878545686392,1509.5027046386967,1014.2771897423916,6261.241367614201
2022-09-06,45533.0,107400.0,26614.0,13331.168146732783,1788.7431629712005,1165.37742661199,6340.528997019007
2022-09-07,45856.0,108560.0,26971.0,13393.715897884797,2388.659488306794,1288.4640575010044,6423.893739305993
2022-09-08,45996.0,108700.0,26938.0,13420.850032016404,2965.1539044432025,1306.0588384374107,6468.354935192401
2022-09-09,45856.0,108620.0,26817.0,13435.92455097839,3383.2211284643963,1244.47710516,6493.364357878494
2022-09-10,45619.0,108440.0,26739.0,13441.954358563187,3583.509551337005,1204.028405902496,6510.037306335895
2022-09-11,45351.0,108190.0,26710.0,13463.05868511,3666.145104256204,1177.9614663809991,6548.940852736507
2022-09-12,45083.0,107940.0,26693.0,13487.177915449212,3717.787795501807,1167.175146579009,6603.385373805607
2022-09-13,45040.0,108360.0,26780.0,13544.461087504797,3908.379576901488,1171.6694464965049,6635.290748619596
2022-09-14,45243.0,109070.0,26959.0,13589.684644390789,4164.936406645495,1166.27628659551,6597.004298842795
2022-09-15,45243.0,109320.0,27013.0,13610.788970937603,4309.728396250801,1155.4899667934992,6609.766448768401
2022-09-16,45115.0,109400.0,27030.0,13622.848586107191,4371.464126710801,1144.1872057416094,6609.766448768401
2022-09-17,44976.0,109400.0,27034.0,13634.908201276814,4382.576558193591,1133.7833046731992,6603.385373805607
2022-09-18,44784.0,109360.0,27038.0,13646.967816446404,4365.290553664807,1124.246395360508,6593.813761361397
2022-09-19,44603.0,109290.0,27034.0,13656.012527823596,4340.596261480801,1114.7094860477969,6587.844399137102
2022-09-20,44455.0,109260.0,27046.0,13665.057239200789,4329.483829998011,1108.6405437579024,6590.62322388
2022-09-21,44296.0,109170.0,27046.0,13674.101950578011,4297.381250158813,1102.571601468008,6587.844399137102
2022-09-22,44232.0,109510.0,27084.0,13683.146661955208,4280.09524563,1110.3745272693009,6587.844399137102
2022-09-23,44285.0,110120.0,27188.0,13689.17646954,4286.268818675994,1148.5221645201054,6582.286749651308
2022-09-24,44264.0,110360.0,27218.0,13689.17646954,4263.124469358588,1151.9901315429022,6579.507924908395
2022-09-25,44168.0,110500.0,27230.0,13695.286697151594,4227.970718510692,1147.6551727644064,6590.62322388
2022-09-26,44115.0,110620.0,27247.0,13704.452038568988,4197.665760883193,1145.921189253008,6619.338061212593
2022-09-27,44063.0,110690.0,27205.0,13707.507152374785,4169.785199865891,1147.6551727644064,6612.956986249798
2022-09-28,43978.0,110610.0,27121.0,13710.562266180616,4129.1113701525,1145.054197497309,6603.385373805607
2022-09-29,43883.0,110470.0,27063.0,13713.617379986414,4099.347325185,1138.9852552073944,6593.813761361397
2022-09-30,43756.0,110290.0,26967.0,13713.617379986414,4051.7248532369895,1131.1823294061016,6593.813761361397
2022-10-01,43620.0,110110.0,26963.0,13722.782721403804,4012.9976573975982,1124.246395360508,6606.575911287004
2022-10-02,43514.0,109870.0,26959.0,13722.782721403804,3992.006857339191,1116.4434695591954,6622.528598694008
2022-10-03,43388.0,109620.0,26955.0,13722.782721403804,3957.022190575197,1108.6405437579024,6635.290748619596
2022-10-04,43252.0,109360.0,26955.0,13768.609428490798,3995.505324015587,1120.7784283376914,6651.2434360266
2022-10-05,43273.0,109180.0,26930.0,13933.585574003988,4505.383934775593,1297.2614479691963,6766.102785357003
2022-10-06,43263.0,108980.0,26801.0,13976.357167285216,4654.784402488803,1296.283960139397,6635.290748619596
2022-10-07,43210.0,108730.0,26797.0,13979.412281091016,3586.6969606488024,1250.3420321387946,6625.719136175405
2022-10-08,43105.0,108440.0,26809.0,13994.68785012,2422.3803093821984,1216.612445671505,6625.719136175405
2022-10-09,42980.0,108140.0,26817.0,14000.886578863196,1494.0727799909987,1195.039806067504,6609.766448768401
2022-10-10,42844.0,107830.0,26822.0,14000.886578863196,904.195956550498,1180.6580463314967,6587.844399137102
2022-10-11,42688.0,107520.0,26822.0,13997.787214491598,805.377339567301,1169.8717265295063,6568.392625936805
2022-10-12,42532.0,107290.0,26822.0,13997.787214491598,736.6389081917978,1161.7819866779937,6568.392625936805
2022-10-13,42365.0,107150.0,26880.0,14019.482765092816,701.9450634452978,1156.3888267769985,6579.507924908395
2022-10-14,42282.0,107880.0,27820.0,14053.575773180415,725.7556803023997,1168.0740065625082,6606.575911287004
2022-10-15,42345.0,108510.0,28311.0,14056.675137552014,750.6817828878009,1167.175146579009,6565.613801193907
2022-10-16,42334.0,108830.0,28521.0,14050.476408808783,728.2131833741975,1160.8831266944942,6501.700832107203
2022-10-17,42262.0,109040.0,28680.0,14041.178315693993,681.1543684860012,1153.724115054301,6437.787863020498
2022-10-18,42200.0,109250.0,28848.0,14013.284036349583,664.8922855545009,1149.389156275805,6368.317244447997
2022-10-19,42179.0,109360.0,28970.0,14010.184671977986,668.5429572329977,1145.054197497309,6301.898774437194
2022-10-20,42251.0,109400.0,29065.0,14013.284036349583,669.8704742069963,1139.8522469630936,6231.425935943997
2022-10-21,42314.0,109460.0,29104.0,14013.284036349583,675.8443005899986,1134.6502964288984,6152.821616086208
2022-10-22,42396.0,109650.0,29056.0,14019.482765092816,671.8617496680021,1129.4483458947032,6066.0858148637935
2022-10-23,42469.0,109840.0,28978.0,14022.582129464412,652.2808743014972,1124.246395360508,5977.772699290797
2022-10-24,42521.0,110030.0,28892.0,14031.880222579202,668.2110779894979,1121.6454200933904,5903.200915898405
2022-10-25,42438.0,110230.0,28827.0,14025.68149383601,714.5790561726019,1125.9803788719064,5839.2822444192025
2022-10-26,42334.0,110420.0,28792.0,14019.482765092816,718.734242954398,1131.1823294061016,5767.514115615906
2022-10-27,42220.0,110550.0,28745.0,14007.085307606389,707.7498709146004,1147.6551727644064,5689.019542374904
2022-10-28,42106.0,110330.0,28654.0,13991.632736314205,684.5306410373981,1151.1231397872032,5602.6755118097935
2022-10-29,42127.0,110040.0,28568.0,13994.68785012,676.5080590769979,1148.5221645201054,5521.564452794094
2022-10-30,42168.0,109760.0,28473.0,13997.787214491598,654.272149762503,1145.054197497309,5441.754451651207
2022-10-31,42210.0,109460.0,28375.0,14000.886578863196,620.2225124429971,1141.586230474492,5359.513830143995
2022-11-01,42251.0,109200.0,28285.0,14019.482765092816,587.5017932567982,1140.719238718793,5300.403383435704
2022-11-02,42293.0,108930.0,28204.0,14025.68149383601,577.3836309303006,1139.8522469630936,5186.044443486007
2022-11-03,42324.0,108620.0,28080.0,14016.383400721215,513.1179281360983,1138.9852552073944,5153.234017519493
2022-11-04,42303.0,108310.0,28024.0,14016.383400721215,547.7074679775,1137.251271695996,5158.281775360503
2022-11-05,42148.0,108030.0,28050.0,14019.482765092816,558.7768545431967,1134.6502964288984,5180.996685644997
2022-11-06,41972.0,107770.0,28084.0,14031.880222579202,586.5606052283991,1132.049321161801,5208.759353770501
2022-11-07,41807.0,107490.0,28139.0,14044.27768006559,639.2804621247018,1130.3153376504024,5241.569779736999
2022-11-08,41611.0,107170.0,28182.0,14034.9795869508,658.5865799279991,1125.1133871162072,5259.283072682098
2022-11-09,41406.0,106880.0,28208.0,14019.482765092816,657.2590629540002,1119.911436581992,5266.993130948405
2022-11-10,41222.0,106570.0,28233.0,14007.085307606389,671.8617496680021,1114.7094860477969,5274.703189214698
2022-11-11,41109.0,106310.0,28285.0,14025.68149383601,682.1500062165003,1115.576477803496,5295.263344591494
2022-11-12,41447.0,106600.0,28931.0,14146.556704328405,1009.8405980369954,1195.938666051003,5400.6341408976
2022-11-13,42096.0,107080.0,29584.0,14236.438271104793,1459.665358273506,1243.5782451765008,5475.164704138507
2022-11-14,42563.0,107250.0,29817.0,14267.431914820798,1521.9369507029978,1228.2976254569942,5488.014801248994
2022-11-15,42938.0,107320.0,29857.0,14171.351619301216,1102.3074992325,1212.118145754009,5385.214024365
2022-11-16,43367.0,107550.0,29932.0,14093.867510011216,776.6919265800019,1218.4101656385033,5328.673597078793
2022-11-17,43957.0,107860.0,30047.0,14016.383400721215,781.7556511199973,1232.79192537449,5241.569779736999
2022-11-18,44465.0,108030.0,30105.0,13988.577622508406,693.4085818727978,1226.499905489996,5272.133169792601
2022-11-19,44902.0,108160.0,30109.0,14019.482765092816,722.5960334958024,1213.915865721007,5323.533558234598
2022-11-20,45276.0,108250.0,30113.0,14044.27768006559,735.9367644569984,1202.2306859354974,5369.7939078324
2022-11-21,45608.0,108280.0,30087.0,14056.675137552014,705.3596560743025,1191.4443661335072,5390.354063209195
2022-11-22,45899.0,108280.0,30029.0,14034.9795869508,688.2866929293025,1184.2534862654934,5367.223888410302
2022-11-23,46179.0,108270.0,29967.0,14010.184671977986,670.866111937503,1179.7591863479977,5323.533558234598
2022-11-24,46428.0,108220.0,29888.0,14007.085307606389,683.1648039857995,1176.1637464140008,5279.843228058894
2022-11-25,46667.0,108170.0,29809.0,14007.085307606389,692.0427448211991,1175.2648864305015,5254.189174339502
2022-11-26,46895.0,108130.0,29738.0,14013.284036349583,696.4817152389028,1177.9614663809991,5259.283072682098
2022-11-27,47168.0,108080.0,29659.0,14025.68149383601,700.5792263936992,1182.455766298495,5269.563150370503
2022-11-28,48057.0,108640.0,29738.0,14056.675137552014,774.160064309996,1277.711691373192,5300.403383435704
2022-11-29,49043.0,109090.0,29769.0,14016.383400721215,740.851770600602,1277.711691373192,5266.993130948405
2022-11-30,49769.0,109560.0,29804.0,14007.085307606389,670.866111937503,1257.1844469474106,5266.993130948405
2022-12-01,50715.0,110700.0,30251.0,14047.377044437188,705.0181968114028,1273.8017400539957,5318.393519390403
2022-12-02,51532.0,111510.0,30456.0,14044.27768006559,673.5211458855007,1254.2519834579912,5287.553286325202
2022-12-03,52115.0,112150.0,30550.0,14044.27768006559,725.0535365676002,1238.1850852755056,5284.983266903103
2022-12-04,52781.0,112820.0,30769.0,14050.476408808783,806.1208663791003,1233.69078535801,5305.5434222799
2022-12-05,53335.0,113300.0,30877.0,14041.178315693993,744.7135611419984,1220.2078856055016,5295.263344591494
2022-12-06,53763.0,113750.0,30989.0,14041.178315693993,668.8748364764972,1211.2192857705095,5272.133169792601
2022-12-07,54287.0,114470.0,32332.0,14118.662424983992,785.7342918300019,1276.734203543393,5302.973402857802
2022-12-08,55035.0,115270.0,33086.0,14090.768145639584,728.9153271089968,1282.59913052221,5290.123305747299
2022-12-09,55706.0,115880.0,33363.0,14028.780858207603,652.2808743014972,1258.1619347772098,5259.283072682098
2022-12-10,56309.0,116480.0,33476.0,14031.880222579202,720.1385304239968,1236.3873653085072,5256.71305326
2022-12-11,56856.0,117010.0,33495.0,14047.377044437188,726.8088959045987,1222.9044655559992,5254.189174339502
2022-12-12,57369.0,117550.0,33528.0,14056.675137552014,709.4571672290988,1215.7135856880057,5256.71305326
2022-12-13,57657.0,117970.0,33542.0,14047.377044437188,707.0669523888009,1206.7249858529935,5244.093658657497
2022-12-14,57861.0,118280.0,33537.0,14031.880222579202,701.9450634452978,1197.7363860180017,5228.950385134497
2022-12-15,58029.0,118500.0,33523.0,14044.27768006559,684.5306410373981,1190.545506150008,5261.853092104196
2022-12-16,58318.0,118870.0,33584.0,14081.470052524792,706.0425746001018,1198.6352460015007,5511.144976047903
2022-12-17,58764.0,119350.0,33721.0,14109.364331869205,777.0536211900016,1211.2192857705095,5636.689826880907
2022-12-18,59018.0,119720.0,33627.0,14118.662424983992,809.838500438097,1209.421565803491,5641.922798430303
2022-12-19,59212.0,119970.0,33433.0,14112.4636962408,774.8834535300035,1201.3318259519983,5573.894168288105
2022-12-20,59490.0,120150.0,33429.0,14106.264967497604,689.9939892438009,1193.2420861005055,5403.204160319698
2022-12-21,59770.0,120400.0,33499.0,14090.768145639584,661.5734931194963,1186.0512062324915,5277.273208636796
2022-12-22,60038.0,120650.0,33542.0,14059.774501923612,676.5080590769979,1181.5569063149958,5290.123305747299
2022-12-23,61101.0,121820.0,33902.0,14158.954161814792,929.8698871809022,1298.2389357989955,5764.897629841194
2022-12-24,63762.0,123880.0,34551.0,14355.54567475199,1618.4910987467968,1389.8553984696036,5972.446143334203
2022-12-25,65307.0,125090.0,34551.0,14495.579490300008,1853.310538621198,1328.5410585227903,5812.649464636196
2022-12-26,66422.0,126030.0,34345.0,14575.14415822501,1778.0166694127968,1280.6441548625894,5563.4282251893
2022-12-27,67354.0,126730.0,34073.0,14600.604851960985,1554.9147337431043,1252.2970077983928,5310.683461124095
2022-12-28,68149.0,127220.0,33774.0,14482.849143431982,1270.9924482426047,1236.3873653085072,5251.665295419005
2022-12-29,68806.0,127620.0,33476.0,14233.338906733194,1024.2265938360017,1223.8033255394985,5264.423111526293
2022-12-30,69389.0,128030.0,33363.0,14038.078951322395,760.4156691300003,1217.511305655004,5264.423111526293
2022-12-31,70103.0,128580.0,33476.0,13970.246939673589,818.017295367898,1239.0839452590048,5272.133169792601
2023-01-01,71057.0,129360.0,33547.0,13982.467394896814,1047.537648525,1315.8337167354018,5305.5434222799
2023-01-02,72015.0,130010.0,33551.0,13994.68785012,1250.7230822982012,1351.5447053783914,5315.8234999683045
2023-01-03,72927.0,130580.0,33509.0,14013.284036349583,969.5647627350032,1370.1823398551985,5344.0937136113935
2023-01-04,74083.0,131370.0,33627.0,14044.27768006559,1002.647600137502,1442.6620294872023,5421.194296274397
2023-01-05,75193.0,132150.0,33764.0,14013.284036349583,927.864111350404,1395.032519157599,5328.673597078793
2023-01-06,76149.0,132810.0,33821.0,14007.085307606389,803.5185225378027,1337.3384489910047,5277.273208636796
2023-01-07,76988.0,133380.0,33797.0,14010.184671977986,885.0167902967979,1296.283960139397,5269.563150370503
2023-01-08,77722.0,133850.0,33717.0,14007.085307606389,902.19018072,1265.9818374156027,5256.71305326
2023-01-09,78363.0,134270.0,33608.0,14000.886578863196,833.8389580878006,1243.5782451765008,5277.273208636796
2023-01-10,78925.0,134600.0,33528.0,14013.284036349583,735.234620722199,1228.2976254569942,5284.983266903103
2023-01-11,79420.0,134720.0,33613.0,14007.085307606389,684.5306410373981,1217.511305655004,5284.983266903103
2023-01-12,79874.0,134810.0,33712.0,14000.886578863196,663.5647685805021,1209.421565803491,5282.413247481006
2023-01-13,80511.0,135240.0,34030.0,14031.880222579202,781.7556511199973,1249.3645443089956,5320.9635388125
2023-01-14,81344.0,135720.0,34422.0,14059.774501923612,1057.9145691306005,1267.936813075201,5354.373791299799
2023-01-15,81944.0,135930.0,34618.0,14069.072595038404,1141.8577946979049,1241.7805252095025,5359.513830143995
2023-01-16,82461.0,136050.0,34767.0,14069.072595038404,1091.257077195,1221.1067455890009,5354.373791299799
2023-01-17,82938.0,136150.0,34893.0,14065.973230666808,960.4784076000022,1210.3204257869902,5333.813635923003
2023-01-18,83417.0,136260.0,35009.0,14044.27768006559,768.0112559400017,1204.028405902496,5279.843228058894
2023-01-19,83727.0,136380.0,35135.0,14034.9795869508,716.9788836173998,1228.2976254569942,5264.423111526293
2023-01-20,84336.0,136890.0,35348.0,14062.873866295213,894.7743984917978,1317.7886923950002,5326.103577656695
2023-01-21,85003.0,137280.0,35523.0,14041.178315693993,851.7360635820017,1307.03632626721,5223.902627293501
2023-01-22,85474.0,137630.0,35641.0,14003.985943234791,830.0310633018041,1275.7567157135938,5218.854869452506
2023-01-23,85975.0,138090.0,35758.0,13997.787214491598,779.5854834599993,1268.914300905,5274.703189214698
2023-01-24,86405.0,138450.0,35846.0,14000.886578863196,721.5428178936036,1259.139422607009,5313.253480546207
2023-01-25,86736.0,138700.0,35905.0,14016.383400721215,684.8721003002978,1242.6793851930015,5266.993130948405
2023-01-26,87083.0,139030.0,36013.0,14084.56941689639,727.8621115067978,1248.3870564791964,5374.933946676595
2023-01-27,87488.0,139350.0,36117.0,14112.4636962408,740.5006987332022,1248.3870564791964,5354.373791299799
2023-01-28,87763.0,139570.0,36181.0,14103.165603126006,734.8835488547993,1234.589645341509,5318.393519390403
2023-01-29,87966.0,139750.0,36225.0,14072.17195941,679.4949722685027,1224.7021855229975,5277.273208636796
2023-01-30,88155.0,139920.0,36230.0,14028.780858207603,629.2669631394035,1218.4101656385033,5256.71305326
2023-01-31,88373.0,140100.0,36196.0,13997.787214491598,682.4818854600001,1221.1067455890009,5254.189174339502
2023-02-01,88534.0,140230.0,36132.0,13994.68785012,695.7987967131035,1214.8147257045066,5251.665295419005
2023-02-02,88592.0,140280.0,36038.0,14000.886578863196,669.8704742069963,1201.3318259519983,5244.093658657497
2023-02-03,88636.0,140280.0,35989.0,14000.886578863196,661.5734931194963,1195.039806067504,5264.423111526293
2023-02-04,88475.0,139920.0,35925.0,13997.787214491598,646.3868162433026,1177.9614663809991,5254.189174339502
2023-02-05,88388.0,139710.0,35895.0,14000.886578863196,676.5080590769979,1171.6694464965049,5282.413247481006
2023-02-06,88432.0,139550.0,35900.0,13997.787214491598,708.7742487032993,1175.2648864305015,5305.5434222799
2023-02-07,88286.0,139300.0,35895.0,14003.985943234791,666.2198025284997,1174.3660264470025,5297.833364013607
2023-02-08,88097.0,139000.0,35881.0,14010.184671977986,647.3558645322017,1171.6694464965049,5272.133169792601
2023-02-09,87908.0,138680.0,35807.0,14013.284036349583,655.5996667365018,1171.6694464965049,5259.283072682098
2023-02-10,87821.0,138450.0,35655.0,14010.184671977986,660.9097346324969,1176.1637464140008,5259.283072682098
2023-02-11,87836.0,138240.0,35582.0,14003.985943234791,665.5560440415003,1182.455766298495,5261.853092104196
2023-02-12,87734.0,137940.0,35548.0,13994.68785012,654.6040290060027,1177.9614663809991,5259.283072682098
2023-02-13,87618.0,137650.0,35494.0,13985.522508702608,640.2495104136009,1174.3660264470025,5256.71305326
2023-02-14,87473.0,137370.0,35402.0,14003.985943234791,643.1566552802982,1170.7705865130058,5254.189174339502
2023-02-15,87242.0,137140.0,35304.0,14016.383400721215,646.7098323396024,1168.0740065625082,5259.283072682098
2023-02-16,87011.0,136950.0,35217.0,14000.886578863196,652.612753544997,1168.0740065625082,5272.133169792601
2023-02-17,86823.0,136820.0,35144.0,13991.632736314205,654.9359082495024,1169.8717265295063,5292.693325169397
2023-02-18,86664.0,136740.0,35110.0,14003.985943234791,701.2621449194984,1170.7705865130058,5297.833364013607
2023-02-19,86477.0,136810.0,35135.0,14013.284036349583,740.851770600602,1167.175146579009,5287.553286325202
2023-02-20,86276.0,136960.0,35120.0,14022.582129464412,760.4156691300003,1164.4785666284909,5277.273208636796
2023-02-21,86090.0,137140.0,35023.0,14028.780858207603,757.5221122500029,1165.37742661199,5277.273208636796
2023-02-22,85932.0,137300.0,34907.0,14010.184671977986,726.1067521697993,1171.6694464965049,5279.843228058894
2023-02-23,86075.0,137600.0,34729.0,13997.787214491598,697.1646337647022,1177.9614663809991,5282.413247481006
2023-02-24,86592.0,138080.0,34532.0,13997.787214491598,683.5062632486992,1192.3432261170065,5269.563150370503
2023-02-25,87054.0,138410.0,34417.0,14003.985943234791,699.2133893421003,1188.7477861830098,5264.423111526293
2023-02-26,87386.0,138750.0,34431.0,14010.184671977986,687.9452336664028,1182.455766298495,5264.423111526293
2023-02-27,87734.0,139070.0,34445.0,14013.284036349583,666.8835610154991,1184.2534862654934,5264.423111526293
2023-02-28,88053.0,139410.0,34484.0,14010.184671977986,662.2372516065034,1186.950066215991,5284.983266903103
2023-03-01,88315.0,139670.0,34498.0,13988.577622508406,664.5604063110012,1185.152346248993,5269.563150370503
2023-03-02,88504.0,139940.0,34517.0,14003.985943234791,667.8791987459981,1193.2420861005055,5251.665295419005
2023-03-03,88752.0,140230.0,34565.0,14025.68149383601,700.5792263936992,1206.7249858529935,5261.853092104196
2023-03-04,89132.0,140660.0,34637.0,14121.76178935559,853.2592214964004,1219.3090256220023,5500.864898359497
2023-03-05,89396.0,140940.0,34666.0,14227.14017799,1299.0277558998012,1222.9044655559992,5521.564452794094
2023-03-06,89586.0,141170.0,34686.0,14276.730007935588,1631.515167706198,1226.499905489996,5395.494102053405
2023-03-07,89777.0,141410.0,34700.0,14239.53763547639,1827.4354275833928,1230.0953454239925,5261.853092104196
2023-03-08,89909.0,141590.0,34710.0,14177.55034804441,1854.5734067567969,1222.9044655559992,5223.902627293501
2023-03-09,89997.0,141750.0,34710.0,14084.56941689639,1848.3269734272023,1213.017005737508,5236.522021896004
2023-03-10,90056.0,141910.0,34719.0,14019.482765092816,1867.2020881128,1205.8261258694945,5264.423111526293
2023-03-11,90173.0,142120.0,34748.0,14000.886578863196,1912.665340994401,1206.7249858529935,5318.393519390403
2023-03-12,90232.0,142270.0,34753.0,13985.522508702608,1946.254257585,1202.2306859354974,5338.953674767198
2023-03-13,90262.0,142410.0,34763.0,13964.136712061993,1954.0125092141927,1202.2306859354974,5336.383655345101
2023-03-14,90380.0,142680.0,34796.0,13964.136712061993,1967.5894495652956,1208.522705819992,5302.973402857802
2023-03-15,90497.0,142900.0,34811.0,13976.357167285216,1965.649886657997,1201.3318259519983,5254.189174339502
2023-03-16,90512.0,142990.0,34695.0,13985.522508702608,1987.1740070481076,1194.1409460840048,5206.235474850003
2023-03-17,90600.0,143040.0,34503.0,13997.787214491598,2007.666678682804,1214.8147257045066,5153.234017519493
2023-03-18,90970.0,143240.0,34426.0,14010.184671977986,2169.2984850425955,1276.734203543393,5092.660923427506
2023-03-19,91458.0,143440.0,34469.0,14016.383400721215,2387.154317367596,1288.4640575010044,5021.992313653498
2023-03-20,91799.0,143530.0,34460.0,14016.383400721215,2537.1151184604014,1261.094398266607,5004.325161209999
2023-03-21,92111.0,143640.0,34393.0,13994.68785012,2706.1720915571977,1246.4320808195982,5014.420676892005
2023-03-22,92543.0,143850.0,34345.0,13976.357167285216,2853.483984700802,1257.1844469474106,5016.944555812503
2023-03-23,93366.0,144290.0,34374.0,13976.357167285216,2984.283834610806,1295.3064723095983,5027.0400714944935
2023-03-24,95163.0,145340.0,34609.0,13982.467394896814,3146.439902644509,1368.11149158,5032.087829335503
2023-03-25,97053.0,146400.0,34825.0,14003.985943234791,3309.5527343843946,1363.9697950296038,5009.372919050995
2023-03-26,98283.0,147240.0,35004.0,14034.9795869508,3461.876215907995,1348.4384329655943,4999.368967500004
2023-03-27,98690.0,147770.0,35212.0,14041.178315693993,3588.82190019,1324.631107203594,4996.890870645007
2023-03-28,98674.0,148150.0,35411.0,14007.085307606389,3693.371584561204,1308.991301926808,5006.849040130498
2023-03-29,98345.0,148390.0,35548.0,13994.68785012,3801.371020884307,1289.4415453308036,5014.420676892005
2023-03-30,97955.0,148540.0,35665.0,14003.985943234791,3919.782732646504,1271.8467643943973,5014.420676892005
2023-03-31,97612.0,148560.0,35748.0,14010.184671977986,4018.8284351915927,1254.2519834579912,5016.944555812503
2023-04-01,97519.0,148780.0,35950.0,14028.780858207603,4106.490695977193,1272.8242522241965,5057.326618540495
2023-04-02,98001.0,149330.0,36483.0,14050.476408808783,4259.487874443292,1304.1038627777905,5115.375833711999
2023-04-03,98361.0,149440.0,36612.0,14047.377044437188,4383.811272802789,1278.6891792029912,5150.710138598996
2023-04-04,98564.0,149330.0,36627.0,14010.184671977986,4475.215867153192,1254.2519834579912,5198.663838088495
2023-04-05,98580.0,149200.0,36617.0,13991.632736314205,4586.902535637006,1236.3873653085072,5244.093658657497
2023-04-06,98330.0,149160.0,36612.0,13988.577622508406,4717.507917670205,1225.6010455064968,5292.693325169397
2023-04-07,97846.0,149130.0,36587.0,14003.985943234791,4833.565290787189,1218.4101656385033,5341.523694189296
2023-04-08,97286.0,148920.0,36522.0,14016.383400721215,4878.997783334408,1208.522705819992,5385.214024365
2023-04-09,96790.0,148700.0,36478.0,14028.780858207603,4895.032780703994,1199.534105985,5426.334335118608
2023-04-10,96373.0,148450.0,36408.0,14034.9795869508,4916.412777196805,1189.6466461665088,5464.884626450101
2023-04-11,95988.0,148100.0,36309.0,14016.383400721215,4968.105388815588,1181.5569063149958,5508.5749566258055
2023-04-12,95575.0,147730.0,36196.0,13997.787214491598,5011.726671164412,1176.1637464140008,5552.962282090494
2023-04-13,95102.0,147290.0,36087.0,14000.886578863196,5077.537233549614,1169.8717265295063,5592.209568711002
2023-04-14,94813.0,146960.0,35974.0,14003.985943234791,5128.975029686399,1164.4785666284909,5636.689826880907
2023-04-15,94737.0,146800.0,35866.0,14016.383400721215,5141.486926043987,1159.9842667109951,5675.937113501401
2023-04-16,94813.0,146690.0,35797.0,14041.178315693993,5160.949875933601,1156.3888267769985,5723.033857446003
2023-04-17,94874.0,146600.0,35788.0,14056.675137552014,5194.314932887202,1155.4899667934992,5780.690128896596
2023-04-18,94904.0,146490.0,35846.0,14031.880222579202,5232.556089375,1153.724115054301,5820.639298571104
2023-04-19,94889.0,146340.0,35945.0,14003.985943234791,5269.435253852998,1150.256148031504,5855.261912289004
2023-04-20,94828.0,146160.0,35964.0,13997.787214491598,5303.477559524999,1145.921189253008,5887.221248028603
2023-04-21,94752.0,145960.0,35895.0,14007.085307606389,5330.427718182007,1141.586230474492,5921.843861746504
2023-04-22,94661.0,145760.0,35827.0,14019.482765092816,5356.301982007184,1138.1182634516952,5953.803197486104
2023-04-23,94980.0,146470.0,36043.0,14062.873866295213,5428.650679537184,1157.2876867604975,6004.405479073803
2023-04-24,95682.0,147530.0,36285.0,14075.2713237816,5533.853173801787,1168.9728665460077,6036.364814813404
2023-04-25,96173.0,148150.0,36290.0,14041.178315693993,5626.903217946904,1165.37742661199,6063.375321075596
2023-04-26,96527.0,148610.0,36221.0,14013.284036349583,5703.627735970803,1159.085406727496,6093.190752745799
2023-04-27,96759.0,148940.0,36206.0,14003.985943234791,5769.896835883211,1161.7819866779937,6123.006184416004
2023-04-28,96852.0,149130.0,36260.0,14000.886578863196,5827.949407319993,1167.175146579009,6155.532109874404
2023-04-29,96883.0,149110.0,36319.0,14022.582129464412,5873.953051499986,1180.6580463314967,6236.846923520408
2023-04-30,97100.0,149160.0,36443.0,14072.17195941,6088.236253461003,1348.4384329655943,6329.4136980474
2023-05-01,98988.0,150030.0,36811.0,14349.180501317996,8105.57946861,1749.725633890804,6540.604378507798
2023-05-02,100040.0,150440.0,36716.0,14342.815327884002,9211.474522182323,1571.1772728660103,6600.194836324192
2023-05-03,99950.0,150290.0,36647.0,14090.768145639584,8107.760552278498,1439.5557570744056,6585.065574394206
2023-05-04,99571.0,150160.0,36627.0,14007.085307606389,7185.289894095001,1359.8280984792077,6582.286749651308
2023-05-05,99098.0,149990.0,36612.0,14000.886578863196,7040.044971599706,1308.991301926808,6587.844399137102
2023-05-06,98690.0,149860.0,36592.0,14013.284036349583,7091.12710137,1274.7792278837946,6585.065574394206
2023-05-07,98314.0,149720.0,36567.0,14016.383400721215,7108.0764040604845,1247.4095686493974,6576.729100165498
2023-05-08,98267.0,149610.0,36547.0,14003.985943234791,7054.1365936052935,1233.69078535801,6568.392625936805
2023-05-09,98220.0,149440.0,36498.0,13988.577622508406,6932.596353806984,1220.2078856055016,6573.9502754226
2023-05-10,98048.0,149200.0,36408.0,14000.886578863196,6832.893963741597,1204.028405902496,6587.844399137102
2023-05-11,97627.0,148940.0,36344.0,14028.780858207603,6759.356920199686,1192.3432261170065,6603.385373805607
2023-05-12,97100.0,148690.0,36305.0,14047.377044437188,6747.385773576598,1182.455766298495,6612.956986249798
2023-05-13,96666.0,148580.0,36290.0,14041.178315693993,6680.237266985381,1174.3660264470025,6619.338061212593
2023-05-14,96281.0,148410.0,36329.0,14022.582129464412,6668.497865593493,1166.27628659551,6619.338061212593
2023-05-15,95927.0,148240.0,36314.0,14010.184671977986,6685.268439010516,1159.085406727496,6616.147523731196
2023-05-16,95636.0,148150.0,36250.0,14031.880222579202,6742.288388628303,1152.8571232986014,6612.956986249798
2023-05-17,95361.0,148020.0,36206.0,14034.9795869508,6755.93659259309,1146.7881810087072,6612.956986249798
2023-05-18,95056.0,147880.0,36186.0,14013.284036349583,6749.095937379896,1138.9852552073944,6603.385373805607
2023-05-19,94737.0,147730.0,36132.0,13991.632736314205,6759.356920199686,1132.9163129175,6600.194836324192
2023-05-20,94404.0,147570.0,36151.0,13994.68785012,6656.758464201604,1128.581354139004,6603.385373805607
2023-05-21,94071.0,147400.0,36171.0,14003.985943234791,6598.061457242117,1125.1133871162072,6612.956986249798
2023-05-22,93696.0,147200.0,36142.0,14003.985943234791,6599.738514583817,1119.0444448262929,6612.956986249798
2023-05-23,93306.0,147000.0,36033.0,14003.985943234791,6636.633776101184,1112.9755025363984,6609.766448768401
2023-05-24,92887.0,146670.0,35925.0,14000.886578863196,6670.174922935191,1107.7735520022031,6603.385373805607
2023-05-25,92439.0,146290.0,35812.0,14007.085307606389,6700.361955085801,1100.8376179566094,6597.004298842795
2023-05-26,92007.0,145890.0,35690.0,14016.383400721215,6723.840757869619,1093.901683910996,6593.813761361397
2023-05-27,91547.0,145490.0,35553.0,14019.482765092816,6616.509088000802,1086.9657498654024,6600.194836324192
2023-05-28,91103.0,145090.0,35402.0,14025.68149383601,6466.018941958488,1080.896807575508,6609.766448768401
2023-05-29,90630.0,144670.0,35246.0,14028.780858207603,6434.756634093016,1075.6948570412928,6616.147523731196
2023-05-30,90173.0,144310.0,35081.0,14025.68149383601,6436.402018717515,1069.6259147513983,6619.338061212593
2023-05-31,89703.0,143980.0,34825.0,14016.383400721215,6431.465864843982,1064.541009896403,6612.956986249798
2023-06-01,89205.0,143580.0,34618.0,14010.184671977986,6431.465864843982,1059.5146278810075,6603.385373805607
2023-06-02,88708.0,143220.0,34570.0,14019.482765092816,6441.33817259101,1056.1637065373916,6597.004298842795
2023-06-03,88271.0,142900.0,34527.0,14034.9795869508,6456.146634211496,1056.1637065373916,6593.813761361397
2023-06-04,87807.0,142500.0,34484.0,14047.377044437188,6479.182018954512,1054.4882458655932,6597.004298842795
2023-06-05,87314.0,142090.0,34436.0,14044.27768006559,6497.281249823996,1050.2995941860968,6590.62322388
2023-06-06,86794.0,141680.0,34388.0,14028.780858207603,6505.508172946489,1046.1109425066008,6587.844399137102
2023-06-07,86290.0,141260.0,34335.0,14010.184671977986,6508.798942195486,1041.9222908271045,6587.844399137102
2023-06-08,85774.0,140850.0,34288.0,13994.68785012,6508.798942195486,1038.5713694835076,6585.065574394206
2023-06-09,85260.0,140460.0,34240.0,13994.68785012,6507.153557570988,1036.895908811709,6587.844399137102
2023-06-10,84719.0,140030.0,34197.0,14000.886578863196,6413.366633974498,1035.2204481398917,6593.813761361397
2023-06-11,84222.0,139570.0,34149.0,14007.085307606389,6316.3872829608135,1033.544987468093,6593.813761361397
2023-06-12,83756.0,139120.0,34101.0,14022.582129464412,6296.997323695194,1035.2204481398917,6622.528598694008
2023-06-13,83431.0,138860.0,34116.0,14059.774501923612,6400.410439778409,1065.3787402323023,6785.246010245404
2023-06-14,83065.0,138470.0,34087.0,14010.184671977986,6480.827403579012,1078.2958323083906,6762.912247875606
2023-06-15,82714.0,138060.0,34073.0,14000.886578863196,6554.869711681481,1089.5667251325,6705.482573210405
2023-06-16,82321.0,137630.0,34035.0,14000.886578863196,6611.477915975706,1093.0346921552969,6641.671823582408
2023-06-17,81971.0,137230.0,34001.0,14016.383400721215,6655.081406859905,1092.1677003995976,6638.481286100993
2023-06-18,81539.0,136810.0,33963.0,14025.68149383601,6681.914324327118,1086.098758109703,6632.100211138199
2023-06-19,81135.0,136380.0,33916.0,14028.780858207603,6688.622553693913,1079.1628240641094,6619.338061212593
2023-06-20,80718.0,135930.0,33864.0,14025.68149383601,6685.268439010516,1076.561848796992,6600.194836324192
2023-06-21,80344.0,135470.0,33811.0,14013.284036349583,6681.914324327118,1070.4929065070976,6587.844399137102
2023-06-22,79874.0,135000.0,33707.0,13997.787214491598,6678.560209643683,1062.8655492246046,6579.507924908395
2023-06-23,79406.0,134540.0,33556.0,13997.787214491598,6703.716069769199,1057.839167209209,6587.844399137102
2023-06-24,79021.0,134200.0,33443.0,14028.780858207603,6616.509088000802,1061.190088552806,6721.435260617408
2023-06-25,78610.0,133830.0,33400.0,14053.575773180415,6492.345095950501,1074.8278652855936,6817.151385059394
2023-06-26,78295.0,133600.0,33363.0,14096.966874382812,6456.146634211496,1086.9657498654024,6766.102785357003
2023-06-27,78459.0,133780.0,33386.0,14093.867510011216,6546.642788558989,1166.27628659551,6660.815048470809
2023-06-28,78582.0,133670.0,33353.0,14075.2713237816,6730.548987236413,1175.2648864305015,6625.719136175405
2023-06-29,78432.0,133480.0,33222.0,14022.582129464412,6769.617903019516,1165.37742661199,6593.813761361397
2023-06-30,78199.0,133240.0,33072.0,13985.522508702608,6771.328066822814,1152.8571232986014,6576.729100165498
2023-07-01,77831.0,132930.0,32950.0,13991.632736314205,6761.067084002985,1141.586230474492,6571.171450679702
2023-07-02,77463.0,132680.0,32922.0,14010.184671977986,6752.516264986492,1137.251271695996,6573.9502754226
2023-07-03,77722.0,132680.0,32959.0,14031.880222579202,6803.821179085485,1145.054197497309,6587.844399137102
2023-07-04,78035.0,132620.0,32894.0,14010.184671977986,6861.966748397709,1167.175146579009,6597.004298842795
2023-07-05,78008.0,132440.0,32782.0,13991.632736314205,6838.0244551514925,1173.4671664635032,6600.194836324192
2023-07-06,77776.0,132220.0,32619.0,13994.68785012,6796.980523872291,1162.6808466614923,6603.385373805607
2023-07-07,77613.0,132040.0,32466.0,14000.886578863196,6779.878885839306,1153.724115054301,6632.100211138199
2023-07-08,77763.0,132180.0,32438.0,14007.085307606389,6668.497865593493,1151.9901315429022,6667.196123433603
2023-07-09,77885.0,132290.0,32480.0,14124.861153727188,6683.591381668816,1150.256148031504,6766.102785357003
2023-07-10,77995.0,132700.0,33011.0,14435.11034267699,7230.488034603001,1175.2648864305015,6934.892723559297
2023-07-11,78104.0,133120.0,33358.0,14109.364331869205,6943.165070311215,1176.1637464140008,6600.194836324192
2023-07-12,78090.0,133290.0,33414.0,13933.585574003988,6810.661834298718,1165.37742661199,6557.277326965199
2023-07-13,77858.0,133260.0,33358.0,13893.869094528589,6795.270360068992,1159.9842667109951,6557.277326965199
2023-07-14,77667.0,133500.0,33391.0,13927.475346392392,6934.357806557682,1157.2876867604975,6573.9502754226
2023-07-15,77926.0,134630.0,33532.0,14081.470052524792,7485.813212737193,1159.085406727496,6585.065574394206
2023-07-16,78268.0,135750.0,33807.0,14339.632741167004,7166.457335550016,1155.4899667934992,6606.575911287004
2023-07-17,78486.0,137120.0,34288.0,14533.77053090401,7299.270292937982,1151.1231397872032,6619.338061212593
2023-07-18,78610.0,137920.0,34388.0,14320.537220864986,6839.734618954791,1151.9901315429022,6609.766448768401
2023-07-19,78760.0,138360.0,34369.0,14081.470052524792,6718.809585844485,1147.6551727644064,6600.194836324192
2023-07-20,78829.0,138590.0,34264.0,13988.577622508406,6730.548987236413,1139.8522469630936,6606.575911287004
2023-07-21,78856.0,138800.0,34106.0,13970.246939673589,6790.139868659097,1138.9852552073944,6648.052898545202
2023-07-22,78856.0,138860.0,33925.0,13991.632736314205,6817.50248951191,1132.9163129175,6651.2434360266
2023-07-23,78802.0,138820.0,33731.0,13997.787214491598,6771.328066822814,1123.3794036048089,6622.528598694008
2023-07-24,78760.0,138730.0,33532.0,14000.886578863196,6754.226428789791,1114.7094860477969,6600.194836324192
2023-07-25,78843.0,138640.0,33377.0,14019.482765092816,6778.168722036007,1108.6405437579024,6616.147523731196
2023-07-26,78843.0,138520.0,33302.0,14044.27768006559,6786.719541052501,1103.4385932237071,6628.909673656802
2023-07-27,78843.0,138470.0,33203.0,14025.68149383601,6771.328066822814,1113.8424942920976,6603.385373805607
2023-07-28,78966.0,138700.0,33151.0,14016.383400721215,6827.763472331702,1125.9803788719064,6603.385373805607
2023-07-29,79021.0,138630.0,33034.0,14013.284036349583,6779.878885839306,1126.8473706276056,6609.766448768401
2023-07-30,79103.0,138950.0,32978.0,14000.886578863196,6742.288388628303,1147.6551727644064,6603.385373805607
2023-07-31,79117.0,138930.0,32936.0,13988.577622508406,6737.257216603206,1151.9901315429022,6593.813761361397
2023-08-01,79049.0,138800.0,32791.0,13994.68785012,6749.095937379896,1145.054197497309,6590.62322388
2023-08-02,78952.0,138590.0,32680.0,14000.886578863196,6755.93659259309,1134.6502964288984,6590.62322388
2023-08-03,78815.0,138340.0,32619.0,14016.383400721215,6764.487411609583,1125.1133871162072,6590.62322388
2023-08-04,78678.0,138130.0,32503.0,14025.68149383601,6766.197575412919,1115.576477803496,6590.62322388
2023-08-05,78555.0,138150.0,32503.0,14028.780858207603,6641.664948126317,1106.906560246504,6597.004298842795
2023-08-06,78432.0,137950.0,32489.0,14031.880222579202,6457.792018835996,1097.3696509337929,6603.385373805607
2023-08-07,78377.0,137850.0,32475.0,14065.973230666808,6444.628941840007,1099.9706262008906,6625.719136175405
2023-08-08,78500.0,138770.0,32675.0,14152.7554330716,6691.976668377309,1342.22588814,6628.909673656802
2023-08-09,78651.0,139350.0,32675.0,14044.27768006559,6769.617903019516,1321.6986437141966,6609.766448768401
2023-08-10,78651.0,139620.0,32526.0,14003.985943234791,6774.748394429412,1259.139422607009,6600.194836324192
2023-08-11,78610.0,139730.0,32355.0,14003.985943234791,6754.226428789791,1222.0056055725,6600.194836324192
2023-08-12,78528.0,139730.0,32262.0,14025.68149383601,6681.914324327118,1199.534105985,6597.004298842795
2023-08-13,78473.0,139710.0,32475.0,14078.370688153194,6626.571432050992,1184.2534862654934,6660.815048470809
2023-08-14,78336.0,139530.0,32563.0,14096.966874382812,6651.727292176507,1168.9728665460077,6679.958273359192
2023-08-15,78514.0,139960.0,32796.0,14096.966874382812,6829.473636135001,1312.9012532460044,6699.101498247593
2023-08-16,78829.0,140370.0,33104.0,14053.575773180415,6939.642164809817,1368.11149158,6673.577198396398
2023-08-17,78911.0,140390.0,33334.0,14007.085307606389,6861.966748397709,1315.8337167354018,6616.147523731196
2023-08-18,79681.0,141260.0,33736.0,14041.178315693993,6872.227731217499,1359.8280984792077,6606.575911287004
2023-08-19,80816.0,142290.0,34130.0,14013.284036349583,6873.937895020798,1348.4384329655943,6603.385373805607
2023-08-20,81372.0,142840.0,34297.0,13985.522508702608,6793.560196265694,1289.4415453308036,6593.813761361397
2023-08-21,81706.0,143150.0,34398.0,13985.522508702608,6776.458558232709,1245.454592989799,6585.065574394206
2023-08-22,81902.0,143220.0,34460.0,14003.985943234791,6738.934273944905,1217.511305655004,6582.286749651308
2023-08-23,81999.0,143240.0,34498.0,14013.284036349583,6740.611331286604,1196.8375260345024,6565.613801193907
2023-08-24,82027.0,143280.0,34522.0,14025.68149383601,6762.777247806283,1185.152346248993,6565.613801193907
2023-08-25,82125.0,143370.0,34609.0,14053.575773180415,6827.763472331702,1291.3965209904018,6582.286749651308
2023-08-26,82181.0,143420.0,34705.0,14065.973230666808,6750.806101183195,1298.2389357989955,6593.813761361397
2023-08-27,82153.0,143370.0,34739.0,14044.27768006559,6681.914324327118,1260.116910436808,6597.004298842795
2023-08-28,82083.0,143280.0,34743.0,14016.383400721215,6643.342005468015,1226.499905489996,6597.004298842795
2023-08-29,81999.0,143150.0,34753.0,13994.68785012,6666.820808251794,1207.6238458364926,6597.004298842795
2023-08-30,81958.0,143200.0,35028.0,14022.582129464412,6752.516264986492,1373.2886122679952,6603.385373805607
2023-08-31,81902.0,143220.0,35338.0,14000.886578863196,6844.865110364685,1397.103367432797,6600.194836324192
2023-09-01,81790.0,142880.0,35363.0,13991.632736314205,6795.270360068992,1313.8787410758036,6593.813761361397
2023-09-02,81678.0,142480.0,35421.0,14010.184671977986,6548.288173183487,1258.1619347772098,6590.62322388
2023-09-03,81553.0,142050.0,35465.0,14028.780858207603,6410.1054194112,1224.7021855229975,6590.62322388
2023-09-04,81413.0,141620.0,35436.0,14050.476408808783,6428.175095594985,1204.028405902496,6590.62322388
2023-09-05,81260.0,141170.0,35309.0,14059.774501923612,6472.600480456482,1188.7477861830098,6587.844399137102
2023-09-06,81066.0,140730.0,35086.0,14038.078951322395,6505.508172946489,1177.0626063975,6585.065574394206
2023-09-07,80913.0,140280.0,34898.0,14022.582129464412,6530.188942314004,1168.9728665460077,6587.844399137102
2023-09-08,80829.0,139940.0,34758.0,14034.9795869508,6582.967941166794,1172.568306480004,6603.385373805607
2023-09-09,80718.0,139620.0,34623.0,14031.880222579202,6618.1861453425,1171.6694464965049,6622.528598694008
2023-09-10,80635.0,139230.0,34498.0,14065.973230666808,6773.038230626113,1170.7705865130058,6817.151385059394
2023-09-11,80538.0,138890.0,34436.0,14090.768145639584,6831.183799938298,1168.9728665460077,6826.722997503603
2023-09-12,80455.0,138520.0,34465.0,14106.264967497604,6769.617903019516,1162.6808466614923,6708.673110691801
2023-09-13,80497.0,138170.0,34335.0,14044.27768006559,6750.806101183195,1164.4785666284909,6641.671823582408
2023-09-14,80524.0,137810.0,34249.0,13982.467394896814,6779.878885839306,1175.2648864305015,6606.575911287004
2023-09-15,80455.0,137390.0,34183.0,13979.412281091016,6660.112578885,1166.27628659551,6562.834976450994
2023-09-16,80358.0,136960.0,34030.0,13994.68785012,6603.092629267214,1157.2876867604975,6554.498502222301
2023-09-17,80261.0,136520.0,33883.0,14016.383400721215,6628.248489392691,1149.389156275805,6554.498502222301
2023-09-18,80275.0,136190.0,33792.0,14034.9795869508,6671.851980276889,1156.3888267769985,6616.147523731196
2023-09-19,80275.0,135790.0,33698.0,14010.184671977986,6634.956718759485,1159.085406727496,6644.862361063805
2023-09-20,80220.0,135310.0,33565.0,13994.68785012,6569.678173302005,1152.8571232986014,6635.290748619596
2023-09-21,80123.0,134820.0,33419.0,14007.085307606389,6497.281249823996,1145.054197497309,6619.338061212593
2023-09-22,80013.0,134340.0,33259.0,14016.383400721215,6224.733347425187,1137.251271695996,6510.037306335895
2023-09-23,79902.0,133850.0,33029.0,14025.68149383601,5252.414101017014,1132.049321161801,6109.453715475
2023-09-24,79861.0,133410.0,32847.0,14056.675137552014,4657.3459823700005,1203.1295459189969,6104.032727898606
2023-09-25,79943.0,133080.0,32899.0,14143.457339956803,4949.021077788007,1442.6620294872023,6293.767293072602
2023-09-26,80054.0,132810.0,33076.0,14062.873866295213,4912.404027854408,1422.9889708727972,6404.441966105696
2023-09-27,80095.0,132530.0,33165.0,14007.085307606389,4576.656216112186,1340.270912480402,6471.133759935299
2023-09-28,80082.0,132290.0,33217.0,13997.787214491598,4570.252266409192,1282.59913052221,6510.037306335895
2023-09-29,80040.0,132150.0,33255.0,14003.985943234791,4592.025695399401,1250.3420321387946,6535.046729022004
2023-09-30,79999.0,132010.0,33292.0,14013.284036349583,4597.148855161797,1230.9942054074918,6551.719677479405
2023-10-01,79985.0,131850.0,33320.0,14010.184671977986,4547.198047478412,1213.915865721007,6554.498502222301
2023-10-02,80068.0,131700.0,33339.0,14007.085307606389,4510.411946045988,1198.6352460015007,6554.498502222301
2023-10-03,80151.0,131530.0,33349.0,14013.284036349583,4554.8827871220055,1186.950066215991,6565.613801193907
2023-10-04,80206.0,131320.0,33353.0,14013.284036349583,4526.752982674802,1177.9614663809991,6573.9502754226
2023-10-05,80247.0,131150.0,33349.0,14013.284036349583,4491.556903782005,1169.8717265295063,6582.286749651308
2023-10-06,80317.0,130980.0,33344.0,14010.184671977986,3374.0430788580043,1169.8717265295063,6593.813761361397
2023-10-07,80483.0,131490.0,33537.0,14028.780858207603,2143.626607273503,1190.545506150008,6635.290748619596
2023-10-08,81093.0,133200.0,34030.0,14038.078951322395,1657.563305625,1201.3318259519983,6708.673110691801
2023-10-09,81581.0,134070.0,34202.0,14038.078951322395,1383.635098390204,1192.3432261170065,6737.387948024394
2023-10-10,81930.0,134670.0,34307.0,14034.9795869508,1125.1197737957996,1180.6580463314967,6743.769022987206
2023-10-11,82223.0,135100.0,34378.0,14028.780858207603,917.835232197904,1172.568306480004,6715.054185654596
2023-10-12,82461.0,135440.0,34431.0,14019.482765092816,764.0326152299968,1165.37742661199,6673.577198396398
2023-10-13,82672.0,135680.0,34469.0,14010.184671977986,698.8719300792006,1159.085406727496,6625.719136175405
2023-10-14,82868.0,135910.0,34508.0,14025.68149383601,699.2133893421003,1161.7819866779937,6619.338061212593
2023-10-15,83065.0,136120.0,34551.0,14065.973230666808,1005.6094228019992,1191.4443661335072,6676.767735877795
2023-10-16,83234.0,136280.0,34575.0,14075.2713237816,1221.4169557409955,1193.2420861005055,6673.577198396398
2023-10-17,83431.0,136450.0,34599.0,14059.774501923612,975.7600048724978,1190.545506150008,6585.065574394206
2023-10-18,83600.0,136580.0,34613.0,14038.078951322395,777.4153158000013,1183.354626281994,6485.027883649802
2023-10-19,83756.0,136650.0,34623.0,14016.383400721215,710.4815450177978,1179.7591863479977,6371.096069190895
2023-10-20,83897.0,136720.0,34633.0,14010.184671977986,727.1599677719984,1173.4671664635032,6250.399392461394
2023-10-21,83812.0,136770.0,34642.0,14031.880222579202,837.6468528737972,1168.9728665460077,6133.848159568794
2023-10-22,83600.0,136840.0,34652.0,14038.078951322395,973.2819080175,1165.37742661199,6009.732035030399
2023-10-23,83403.0,136860.0,34642.0,14038.078951322395,977.825085584996,1162.6808466614923,5876.568136115398
2023-10-24,83192.0,136880.0,34637.0,14038.078951322395,872.1367474794007,1158.1865467439968,5746.582229418295
2023-10-25,82966.0,136880.0,34628.0,14034.9795869508,750.6817828878009,1152.8571232986014,5644.5392842050005
2023-10-26,82742.0,136890.0,34618.0,14034.9795869508,733.4792613852006,1148.5221645201054,5566.044710963997
2023-10-27,82503.0,136820.0,34609.0,14034.9795869508,723.6492490980015,1145.054197497309,5493.154840093204
2023-10-28,82265.0,136470.0,34594.0,14034.9795869508,725.7556803023997,1142.4532222301914,5423.764315696494
2023-10-29,82055.0,136080.0,34604.0,14038.078951322395,727.5110396393981,1165.37742661199,5349.233752455603
2023-10-30,81999.0,135930.0,34714.0,14041.178315693993,763.6709206199973,1301.1713992883929,5295.263344591494
2023-10-31,82139.0,136070.0,34849.0,14000.886578863196,812.440844279403,1341.248400310201,5274.703189214698
2023-11-01,82209.0,136120.0,34898.0,13994.68785012,761.8624475699991,1302.148887118192,5259.283072682098
2023-11-02,82223.0,136150.0,34927.0,13994.68785012,741.2028424680016,1262.0718860964062,5251.665295419005
2023-11-03,82209.0,136150.0,34941.0,14010.184671977986,693.0671226098982,1233.69078535801,5254.189174339502
2023-11-04,82167.0,136150.0,34951.0,14025.68149383601,674.1849043725,1214.8147257045066,5264.423111526293
2023-11-05,82125.0,136140.0,34960.0,14041.178315693993,658.2547006844993,1202.2306859354974,5272.133169792601
2023-11-06,82041.0,136080.0,34965.0,14050.476408808783,671.8617496680021,1192.3432261170065,5279.843228058894
2023-11-07,81958.0,136030.0,34985.0,14047.377044437188,667.2154402589988,1186.0512062324915,5284.983266903103
2023-11-08,81846.0,135940.0,34985.0,14041.178315693993,656.9271837105006,1180.6580463314967,5282.413247481006
2023-11-09,81692.0,135840.0,34985.0,14028.780858207603,655.9315459800015,1174.3660264470025,5279.843228058894
2023-11-10,81400.0,135730.0,34980.0,14025.68149383601,670.866111937503,1168.9728665460077,5279.843228058894
2023-11-11,81246.0,135590.0,34975.0,14022.582129464412,679.4949722685027,1164.4785666284909,5274.703189214698
2023-11-12,81177.0,135440.0,34965.0,14019.482765092816,679.163093025003,1159.9842667109951,5272.133169792601
2023-11-13,81121.0,135280.0,34907.0,14016.383400721215,672.1936289115018,1159.085406727496,5264.423111526293
2023-11-14,81205.0,135120.0,34753.0,14010.184671977986,661.2416138759967,1157.2876867604975,5259.283072682098
2023-11-15,81302.0,134960.0,34599.0,14003.985943234791,649.9577195969994,1152.8571232986014,5256.71305326
2023-11-16,81413.0,134790.0,34441.0,14000.886578863196,646.3868162433026,1149.389156275805,5254.189174339502
2023-11-17,81483.0,134560.0,34283.0,14000.886578863196,634.7582367764985,1145.921189253008,5264.423111526293
2023-11-18,81441.0,134320.0,34178.0,14010.184671977986,650.289598840499,1145.054197497309,5277.273208636796
2023-11-19,81344.0,134060.0,34159.0,14016.383400721215,665.8879232849999,1141.586230474492,5287.553286325202
2023-11-20,81232.0,133780.0,34082.0,14019.482765092816,670.866111937503,1138.9852552073944,5287.553286325202
2023-11-21,81121.0,133500.0,33921.0,14016.383400721215,658.2547006844993,1136.384279940297,5290.123305747299
2023-11-22,81135.0,133460.0,33830.0,14096.966874382812,763.3092260099977,1215.7135856880057,5449.4645099175
2023-11-23,81191.0,133360.0,33755.0,14050.476408808783,990.3771919560036,1238.1850852755056,5408.344199163895
2023-11-24,81135.0,133200.0,33660.0,13982.467394896814,1094.7932122469967,1217.511305655004,5310.683461124095
2023-11-25,81038.0,133010.0,33584.0,13997.787214491598,1063.1030294333957,1197.7363860180017,5313.253480546207
2023-11-26,80954.0,132840.0,33584.0,14028.780858207603,954.696181604998,1191.4443661335072,5326.103577656695
2023-11-27,81344.0,133100.0,33721.0,14158.954161814792,1004.3400702315004,1325.608595033393,5377.503966098708
2023-11-28,81944.0,133310.0,33774.0,14183.749076787604,877.9913123964043,1320.7211558843974,5308.1134417019975
2023-11-29,82293.0,133400.0,33740.0,14155.854797443197,760.4156691300003,1273.8017400539957,5249.141416498507
2023-11-30,82559.0,133460.0,33684.0,14115.563060612396,652.2808743014972,1240.8816652260032,5249.141416498507
2023-12-01,82784.0,133570.0,33641.0,14103.165603126006,670.2023534505037,1220.2078856055016,5256.71305326
2023-12-02,82981.0,133670.0,33684.0,14112.4636962408,687.2623151406034,1211.2192857705095,5269.563150370503
2023-12-03,83220.0,133810.0,33740.0,14124.861153727188,715.9448932242005,1220.2078856055016,5292.693325169397
2023-12-04,83897.0,134250.0,33897.0,14143.457339956803,828.1271159087972,1286.5090818414062,5331.243616500905
2023-12-05,84406.0,134530.0,34016.0,14078.370688153194,832.6965896520018,1274.7792278837946,5295.263344591494
2023-12-06,84548.0,134750.0,34092.0,14044.27768006559,808.3514468144982,1246.4320808195982,5246.617537577995
2023-12-07,84605.0,134950.0,34149.0,14019.482765092816,746.4689204789968,1226.499905489996,5203.711595929505
2023-12-08,84634.0,135100.0,34192.0,14007.085307606389,685.2135595631976,1212.118145754009,5211.283232690998
2023-12-09,84690.0,135350.0,34192.0,14022.582129464412,660.2459761454976,1202.2306859354974,5233.998142975506
2023-12-10,84733.0,135680.0,34202.0,14059.774501923612,646.7098323396024,1207.6238458364926,5272.133169792601
2023-12-11,85560.0,137090.0,34714.0,14211.643356132014,951.3920524650013,1307.03632626721,5558.195253639904
2023-12-12,86405.0,138220.0,35052.0,14143.457339956803,898.2871374420034,1303.126374947991,5589.593082936305
2023-12-13,86924.0,139070.0,35154.0,14069.072595038404,776.6919265800019,1269.891788734799,5449.4645099175
2023-12-14,87299.0,139750.0,35101.0,14050.476408808783,727.1599677719984,1239.982805242504,5279.843228058894
2023-12-15,87560.0,140300.0,35018.0,14041.178315693993,676.1761798334982,1222.0056055725,5201.187717008993
2023-12-16,87618.0,140730.0,34960.0,14019.482765092816,681.486247729501,1211.2192857705095,5198.663838088495
2023-12-17,87517.0,141170.0,35023.0,13991.632736314205,675.1805421029991,1207.6238458364926,5191.092201327003
2023-12-18,90188.0,144670.0,36309.0,14505.127250450998,2327.7000652691986,1651.2350836943883,6169.084578815408
2023-12-19,96852.0,149810.0,36881.0,15338.85646192199,6369.709670941202,1677.5048002931906,7405.196958465009
2023-12-20,98847.0,150640.0,36696.0,15459.00359094,5446.0143669444005,1468.552325181604,6823.532460022206
2023-12-21,98784.0,150400.0,36627.0,15397.213638873616,3176.161195960803,1362.9343708920048,6117.585196839593
2023-12-22,98361.0,149980.0,36592.0,15152.847025380006,1700.1533998992004,1300.1939114585937,5529.413910118201
2023-12-23,97814.0,149590.0,36567.0,14908.4059549329,1745.837188737599,1266.9593252454015,5290.123305747299
2023-12-24,97394.0,149330.0,36552.0,14665.5473146971,1910.7710387910029,1246.4320808195982,5290.123305747299
2023-12-25,97037.0,149160.0,36542.0,14409.649648941013,1997.7508698272975,1231.893065390991,5284.983266903103
2023-12-26,96682.0,148980.0,36527.0,14155.854797443197,1869.727824383997,1220.2078856055016,5261.853092104196
2023-12-27,96435.0,148740.0,36527.0,14038.078951322395,1293.2273474189956,1219.3090256220023,5269.563150370503
2023-12-28,96790.0,148650.0,36617.0,14193.047169902396,1059.2116842062992,1296.283960139397,5449.4645099175
2023-12-29,96991.0,148560.0,36627.0,14239.53763547639,1017.8798309834976,1314.8562289056028,5534.646881667596
2023-12-30,96759.0,148370.0,36577.0,14214.742720503613,1102.7495161139996,1302.148887118192,5563.4282251893
2023-12-31,96558.0,148150.0,36522.0,14155.854797443197,1056.6174540549016,1274.7792278837946,5560.811739414602
2024-01-01,96327.0,147880.0,36443.0,14131.059882470418,1136.4292473782996,1249.3645443089956,5537.263367442294
2024-01-02,96081.0,147550.0,36339.0,14090.768145639584,1069.5982500014995,1230.0953454239925,5493.154840093204
2024-01-03,95789.0,147200.0,36122.0,14028.780858207603,810.5820272498962,1215.7135856880057,5398.064121475502
2024-01-04,95452.0,146820.0,35964.0,14010.184671977986,771.2665074299986,1205.8261258694945,5305.5434222799
2024-01-05,95041.0,146380.0,35827.0,13997.787214491598,766.2027828900033,1195.938666051003,5251.665295419005
2024-01-06,94616.0,146050.0,35719.0,14025.68149383601,756.7987230300034,1186.950066215991,5266.993130948405
2024-01-07,94207.0,145890.0,35743.0,14078.370688153194,759.6922799100008,1186.950066215991,5341.523694189296
2024-01-08,93741.0,145780.0,35734.0,14087.668781267988,705.3596560743025,1185.152346248993,5369.7939078324
2024-01-09,93276.0,145720.0,35729.0,14069.072595038404,667.8791987459981,1191.4443661335072,5320.9635388125
2024-01-10,94102.0,147360.0,36423.0,14852.614105149016,2594.6658793572046,1375.359460543193,6510.037306335895
2024-01-11,95498.0,148940.0,36696.0,15434.974165136382,4143.398111736887,1411.5993053592074,6949.301724438906
2024-01-12,96050.0,149480.0,36627.0,15452.138040710404,2239.484639825996,1355.6864019288114,6291.056799284404
2024-01-13,96589.0,150010.0,36791.0,15548.255743924798,2826.0122689332065,1460.957650754411,5969.7828653559045
2024-01-14,97146.0,150360.0,36761.0,15802.067213823604,3667.234163468403,1496.761115911203,5636.689826880907
2024-01-15,97131.0,150140.0,36642.0,15662.128546767612,2406.878925610195,1382.6074295064102,5464.884626450101
2024-01-16,96976.0,149720.0,36567.0,15362.885887725608,1190.989966914002,1310.9462775864065,5408.344199163895
2024-01-17,96697.0,149310.0,36463.0,14957.796201140996,809.4667370321972,1263.0493739262054,5297.833364013607
2024-01-18,96389.0,148920.0,36329.0,14508.309837167995,739.4474831310031,1230.0953454239925,5246.617537577995
2024-01-19,96142.0,148670.0,36181.0,14149.656068699998,736.287836324398,1218.4101656385033,5266.993130948405
2024-01-20,95789.0,148340.0,36053.0,14050.476408808783,698.8719300792006,1207.6238458364926,5279.843228058894
2024-01-21,95376.0,147950.0,35925.0,13994.68785012,627.0058504652982,1194.1409460840048,5259.283072682098
2024-01-22,94935.0,147510.0,35788.0,14000.886578863196,635.7272850653976,1183.354626281994,5239.045900816502
2024-01-23,94464.0,147090.0,35670.0,14003.985943234791,678.8312137815034,1183.354626281994,5261.853092104196
2024-01-24,94011.0,146690.0,35558.0,13997.787214491598,653.6083912755035,1195.938666051003,5266.993130948405
2024-01-25,94192.0,146980.0,35743.0,14013.284036349583,662.2372516065034,1382.6074295064102,5308.1134417019975
2024-01-26,95315.0,147880.0,36245.0,14044.27768006559,760.4156691300003,1536.904395026391,5364.6538689882045
2024-01-27,96666.0,148960.0,36632.0,14115.563060612396,835.742905480799,1520.6300926824058,5459.7445876059055
2024-01-28,97332.0,149570.0,36676.0,14248.835728591215,813.556134497102,1459.872697264812,5668.087656177293
2024-01-29,97799.0,149620.0,36652.0,14425.562582526,964.6085690249984,1433.3432122488111,5951.139919507807
2024-01-30,98126.0,149380.0,36582.0,14137.25861121361,775.606842750003,1374.3240364055944,5709.9514285725
2024-01-31,98048.0,149350.0,36562.0,13994.68785012,748.5753516834028,1318.7661802247992,5395.494102053405
2024-02-01,97534.0,149090.0,36517.0,13988.577622508406,676.8399383204977,1284.554106181808,5223.902627293501
2024-02-02,97115.0,148870.0,36438.0,14010.184671977986,672.1936289115018,1262.0718860964062,5308.1134417019975
2024-02-03,96620.0,148650.0,36399.0,14019.482765092816,773.4366750899967,1248.3870564791964,5313.253480546207
2024-02-04,96158.0,148370.0,36438.0,14007.085307606389,834.9813265235996,1233.69078535801,5287.553286325202
2024-02-05,95667.0,148040.0,36418.0,13991.632736314205,820.619639209204,1220.2078856055016,5254.189174339502
2024-02-06,95102.0,147660.0,36290.0,14010.184671977986,728.2131833741975,1208.522705819992,5246.617537577995
2024-02-07,94479.0,147240.0,36156.0,14019.482765092816,682.8233447228997,1197.7363860180017,5254.189174339502
2024-02-08,93831.0,146800.0,36018.0,14003.985943234791,687.6037744035032,1191.4443661335072,5277.273208636796
2024-02-09,93171.0,146340.0,35881.0,14000.886578863196,691.3598262953997,1187.8489261994905,5297.833364013607
2024-02-10,92513.0,145920.0,35788.0,14013.284036349583,728.564255241597,1186.950066215991,5310.683461124095
2024-02-11,91918.0,145610.0,35817.0,14028.780858207603,770.5431182099993,1197.7363860180017,5315.8234999683045
2024-02-12,91295.0,145250.0,35783.0,14031.880222579202,778.8620942399999,1196.8375260345024,5305.5434222799
2024-02-13,90615.0,144850.0,35641.0,14044.27768006559,726.4578240371991,1192.3432261170065,5295.263344591494
2024-02-14,90232.0,144450.0,35484.0,14047.377044437188,697.5060930276019,1187.8489261994905,5290.123305747299
2024-02-15,90041.0,144000.0,35309.0,14028.780858207603,660.2459761454976,1177.9614663809991,5261.853092104196
2024-02-16,89880.0,143600.0,35154.0,14007.085307606389,670.2023534505037,1175.2648864305015,5261.853092104196
2024-02-17,89703.0,143350.0,35033.0,14022.582129464412,717.6810273521991,1172.568306480004,5290.123305747299
2024-02-18,89483.0,143100.0,34994.0,14038.078951322395,766.2027828900033,1167.175146579009,5310.683461124095
2024-02-19,89249.0,142830.0,34912.0,14047.377044437188,802.4032323201037,1165.37742661199,5328.673597078793
2024-02-20,88971.0,142540.0,34719.0,14047.377044437188,799.4291250728979,1159.9842667109951,5336.383655345101
2024-02-21,88694.0,142290.0,34537.0,14022.582129464412,748.2242798160031,1156.3888267769985,5318.393519390403
2024-02-22,88417.0,141980.0,34355.0,14007.085307606389,697.5060930276019,1157.2876867604975,5295.263344591494
2024-02-23,88213.0,141680.0,34183.0,14025.68149383601,667.8791987459981,,5295.263344591494
2024-02-24,88126.0,141350.0,34054.0,14050.476408808783,711.8473820693966,1167.175146579009,5323.533558234598
2024-02-25,88010.0,140960.0,33987.0,14065.973230666808,746.1178486115971,1159.9842667109951,5341.523694189296
2024-02-26,87879.0,140600.0,33892.0,14069.072595038404,749.9796391530015,1157.2876867604975,5344.0937136113935
2024-02-27,87763.0,140250.0,33702.0,14022.582129464412,731.0217583134029,1155.4899667934992,5290.123305747299
2024-02-28,87748.0,140030.0,33613.0,14022.582129464412,879.9428340354026,1186.0512062324915,5282.413247481006
2024-02-29,88010.0,140120.0,33849.0,14069.072595038404,1461.782738071504,1248.3870564791964,5356.9438107218975
2024-03-01,88155.0,140030.0,33916.0,14065.973230666808,1754.7759333696042,1228.2976254569942,5346.663733033506
2024-03-02,88315.0,140030.0,33906.0,14106.264967497604,1862.150615570404,1250.3420321387946,5405.774179741797
2024-03-03,88811.0,140260.0,34163.0,14211.643356132014,2126.9745784503025,1347.403008827995,5568.661196738694
2024-03-04,89278.0,140370.0,34302.0,14245.736364219583,2283.020842478706,1330.4960341824108,5600.059026035096
2024-03-05,89777.0,140760.0,34374.0,14075.2713237816,1985.190845276994,1327.563570692991,5400.6341408976
2024-03-06,91014.0,142180.0,34777.0,14013.284036349583,1997.7508698272975,1408.4930329464105,5254.189174339502
2024-03-07,93111.0,144780.0,35494.0,14003.985943234791,2064.324021307797,1471.807185650401,5269.563150370503
2024-03-08,95498.0,147140.0,35969.0,13997.787214491598,1999.734031598396,1445.7683019,5277.273208636796
2024-03-09,96666.0,148580.0,36201.0,14022.582129464412,1925.565586573804,1405.3867605335895,5290.123305747299
2024-03-10,98580.0,150510.0,36766.0,14298.425558536806,2421.605240193599,1645.5972096923938,5689.019542374904
2024-03-11,99634.0,150850.0,36711.0,14406.467062224016,2819.808978275992,1556.5188004607978,5665.471170402596
2024-03-12,99303.0,150550.0,36637.0,14336.450154450004,2926.8940441079963,1455.532883306391,5452.034529339598
2024-03-13,98658.0,150180.0,36607.0,14149.656068699998,2915.0517063852067,1374.3240364055944,5256.71305326
2024-03-14,98079.0,149810.0,36592.0,14103.165603126006,2923.250247885599,1317.7886923950002,5226.426506213999
2024-03-15,97596.0,149570.0,36587.0,14065.973230666808,2900.4765214956,1278.6891792029912,5254.189174339502
2024-03-16,97255.0,149420.0,36572.0,14053.575773180415,2986.1057327220046,1249.3645443089956,5256.71305326
2024-03-17,96929.0,149330.0,36562.0,14031.880222579202,3080.382638467204,1232.79192537449,5233.998142975506
2024-03-18,96697.0,149240.0,36537.0,14000.886578863196,3127.264874698504,1221.1067455890009,5233.998142975506
2024-03-19,96389.0,149090.0,36453.0,13994.68785012,3125.347371903906,1209.421565803491,5323.533558234598
2024-03-20,96111.0,148780.0,36324.0,13997.787214491598,3093.7085757929917,1201.3318259519983,5320.9635388125
2024-03-21,95789.0,148480.0,36181.0,14010.184671977986,3060.755915865,1197.7363860180017,5284.983266903103
2024-03-22,95422.0,148130.0,36028.0,14003.985943234791,3024.3062881751903,1189.6466461665088,5254.189174339502
2024-03-23,95270.0,148350.0,36102.0,14056.675137552014,3251.769087777902,1299.2164236287947,5344.0937136113935
2024-03-24,95942.0,149480.0,36607.0,14214.742720503613,3879.871687538988,1392.961670882401,5529.413910118201
2024-03-25,96188.0,149680.0,36617.0,14264.3325504492,3932.532923840392,1346.367584690396,5462.314607028004
2024-03-26,96389.0,149620.0,36587.0,14186.848441159202,3914.081154774009,1300.1939114585937,5344.0937136113935
2024-03-27,96512.0,149510.0,36577.0,14090.768145639584,3946.5267905460055,1267.936813075201,5236.522021896004
2024-03-28,96666.0,149500.0,36572.0,14034.9795869508,3976.846835074805,1254.2519834579912,5203.711595929505
2024-03-29,96682.0,149380.0,36547.0,14022.582129464412,3852.504113751013,1238.1850852755056,5218.854869452506
2024-03-30,96574.0,149270.0,36503.0,14044.27768006559,3918.6424170720047,1222.9044655559992,5239.045900816502
2024-03-31,96404.0,149150.0,36508.0,14072.17195941,4116.015190366812,1210.3204257869902,5261.853092104196
2024-04-01,96173.0,149020.0,36532.0,14084.56941689639,4184.331579527105,1200.432965968499,5308.1134417019975
2024-04-02,95942.0,148920.0,36592.0,14078.370688153194,4164.936406645495,1233.69078535801,5506.004937203707
2024-04-03,95942.0,149040.0,36676.0,14165.152890557987,4278.883047324901,1415.7410019096037,6144.690134721599
2024-04-04,96419.0,149240.0,36696.0,14731.184785031115,5101.170815558393,1579.070296468803,7179.845738512499
2024-04-05,96759.0,149260.0,36612.0,15008.240379823486,4830.892791225591,1528.2247671095988,7312.423268553005
2024-04-06,96883.0,149220.0,36572.0,15018.329215560016,4958.5632333017975,1455.532883306391,6893.7242846129975
2024-04-07,96929.0,149180.0,36562.0,14918.251575482993,5696.097156435309,1386.7491260568067,6791.627085208199
2024-04-08,96898.0,149150.0,36562.0,14695.084176347407,5808.01449484201,1330.4960341824108,6813.960847577997
2024-04-09,96790.0,149090.0,36587.0,14286.02810105042,5598.840506220596,1290.4190331606026,6772.483860319799
2024-04-10,96682.0,149130.0,36632.0,14059.774501923612,5338.9382946,1258.1619347772098,6628.909673656802
2024-04-11,96744.0,149350.0,36612.0,14038.078951322395,5192.924722180804,1246.4320808195982,6579.507924908395
2024-04-12,97208.0,150140.0,37006.0,14072.17195941,5326.172429973011,1343.2613122775992,6600.194836324192
2024-04-13,98251.0,150980.0,36946.0,14022.582129464412,6173.9235313355975,1420.9181225975992,6625.719136175405
2024-04-14,98580.0,150850.0,36756.0,13961.081598256198,6449.565095713502,1396.067943295198,6606.575911287004
2024-04-15,98502.0,150610.0,36711.0,14019.482765092816,6146.930816537985,1361.8989467544056,6590.62322388
2024-04-16,98173.0,150180.0,36647.0,14056.675137552014,5858.6185034400005,1315.8337167354018,6565.613801193907
2024-04-17,98173.0,149740.0,36612.0,14031.880222579202,5603.271460703692,1279.6666670327902,6573.9502754226
2024-04-18,98470.0,149640.0,36632.0,14003.985943234791,5457.590158549191,1262.0718860964062,6597.004298842795
2024-04-19,98611.0,149400.0,36642.0,14000.886578863196,5344.726190402394,1258.1619347772098,6612.956986249798
2024-04-20,98158.0,149150.0,36612.0,14034.9795869508,5532.376188974089,1243.5782451765008,6622.528598694008
2024-04-21,97457.0,148940.0,36572.0,14059.774501923612,5741.280633648303,1229.1964854404937,6616.147523731196
2024-04-22,96929.0,148740.0,36557.0,14062.873866295213,5881.620325530014,1216.612445671505,6606.575911287004
2024-04-23,96496.0,148500.0,36542.0,14034.9795869508,5912.289421649986,1204.9272658859952,6603.385373805607
2024-04-24,96111.0,148150.0,36527.0,14000.886578863196,5919.956695680015,1195.938666051003,6600.194836324192
2024-04-25,95912.0,147910.0,36513.0,13979.412281091016,5929.157424516006,1190.545506150008,6590.62322388
2024-04-26,95820.0,147730.0,36508.0,14003.985943234791,5932.224334128003,1183.354626281994,6582.286749651308
2024-04-27,95667.0,147570.0,36493.0,14025.68149383601,5988.353798132987,1176.1637464140008,6587.844399137102
2024-04-28,95513.0,147420.0,36493.0,14044.27768006559,6042.977015890509,1172.568306480004,6597.004298842795
2024-04-29,95315.0,147270.0,36488.0,14059.774501923612,6100.884420706791,1173.4671664635032,6603.385373805607
2024-04-30,94950.0,147160.0,36478.0,14059.774501923612,6158.045463807611,1176.1637464140008,6600.194836324192
2024-05-01,94722.0,147240.0,36493.0,14081.470052524792,6251.754085408799,1189.6466461665088,6597.004298842795
2024-05-02,94570.0,147380.0,36473.0,14038.078951322395,6313.155623083217,1188.7477861830098,6587.844399137102
2024-05-03,94434.0,147400.0,36438.0,13994.68785012,6368.093841002403,1180.6580463314967,6585.065574394206
2024-05-04,94343.0,147250.0,36408.0,13997.787214491598,6397.1787799008125,1172.568306480004,6597.004298842795
2024-05-05,94298.0,147160.0,36433.0,14025.68149383601,6441.33817259101,1202.2306859354974,6635.290748619596
2024-05-06,94298.0,147110.0,36503.0,14050.476408808783,6546.642788558989,1308.991301926808,6670.386660915
2024-05-07,94268.0,146980.0,36498.0,14022.582129464412,6650.050234834809,1296.283960139397,6641.671823582408
2024-05-08,94207.0,146850.0,36438.0,13997.787214491598,6693.653725719008,1273.8017400539957,6625.719136175405
2024-05-09,94132.0,146650.0,36280.0,14010.184671977986,6715.455471161088,1256.2069591175891,6644.862361063805
2024-05-10,94117.0,146580.0,36171.0,14047.377044437188,6767.907739216217,1274.7792278837946,6721.435260617408
2024-05-11,94132.0,146490.0,36063.0,14069.072595038404,6827.763472331702,1298.2389357989955,6807.579772615202
2024-05-12,94102.0,146380.0,35935.0,14078.370688153194,6795.270360068992,1313.8787410758036,6845.866222392004
2024-05-13,94026.0,146250.0,35797.0,14072.17195941,6764.487411609583,1328.5410585227903,6829.913534985
2024-05-14,93771.0,146140.0,35690.0,14038.078951322395,6747.385773576598,1298.2389357989955,6699.101498247593
2024-05-15,93620.0,146140.0,35675.0,14025.68149383601,6786.719541052501,1317.7886923950002,6635.290748619596
2024-05-16,93575.0,146180.0,35675.0,14022.582129464412,6812.371998102016,1327.563570692991,6571.171450679702
2024-05-17,93470.0,146140.0,35650.0,14019.482765092816,6795.270360068992,1296.283960139397,6571.171450679702
2024-05-18,93351.0,146070.0,35655.0,14034.9795869508,6712.101356477691,1266.9593252454015,6585.065574394206
2024-05-19,93231.0,145980.0,35724.0,14053.575773180415,6757.646756396388,1246.4320808195982,6603.385373805607
2024-05-20,93066.0,145850.0,35739.0,14056.675137552014,6796.980523872291,1229.1964854404937,6606.575911287004
2024-05-21,92857.0,145740.0,35646.0,14031.880222579202,6769.617903019516,1213.915865721007,6603.385373805607
2024-05-22,92603.0,145670.0,35548.0,14016.383400721215,6747.385773576598,1200.432965968499,6600.194836324192
2024-05-23,92335.0,145590.0,35445.0,14038.078951322395,6916.743279050698,1200.432965968499,6616.147523731196
2024-05-24,92052.0,145500.0,35304.0,14050.476408808783,7151.391288713988,1196.8375260345024,6619.338061212593
2024-05-25,91740.0,145390.0,35110.0,14065.973230666808,7132.558730169005,1186.950066215991,6612.956986249798
2024-05-26,91428.0,145270.0,34917.0,14075.2713237816,7008.338822087095,1176.1637464140008,6619.338061212593
2024-05-27,91162.0,145210.0,34758.0,14100.066238754407,6892.749696857081,1169.8717265295063,6619.338061212593
2024-05-28,91162.0,145300.0,34941.0,14146.556704328405,6877.358222627396,1192.3432261170065,6619.338061212593
2024-05-29,91073.0,145210.0,35081.0,14038.078951322395,6802.111015282187,1246.4320808195982,6590.62322388
2024-05-30,90851.0,144940.0,35173.0,13997.787214491598,6831.183799938298,1253.274495628192,6590.62322388
2024-05-31,90542.0,144600.0,35241.0,14007.085307606389,6791.850032462396,1209.421565803491,6597.004298842795
2024-06-01,90129.0,144250.0,35275.0,14025.68149383601,6800.400851478888,1188.7477861830098,6612.956986249798
2024-06-02,89703.0,144000.0,35300.0,14047.377044437188,6686.945496352214,1175.2648864305015,6616.147523731196
2024-06-03,89278.0,143750.0,35319.0,14056.675137552014,6683.591381668816,1163.5797066449918,6619.338061212593
2024-06-04,88928.0,143490.0,35324.0,14038.078951322395,6710.424299135993,1154.59110681,6622.528598694008
2024-06-05,88563.0,143290.0,35329.0,14031.880222579202,6727.194872553016,1146.7881810087072,6622.528598694008
2024-06-06,88184.0,143130.0,35348.0,14031.880222579202,6737.257216603206,1143.3202139858904,6683.148810840607
2024-06-07,87821.0,142950.0,35338.0,14028.780858207603,6769.617903019516,1149.389156275805,6676.767735877795
2024-06-08,87459.0,142660.0,35207.0,14038.078951322395,6728.8719298947135,1150.256148031504,6644.862361063805
2024-06-09,87126.0,142430.0,35072.0,14047.377044437188,6653.404349518206,1147.6551727644064,6609.766448768401
2024-06-10,86823.0,142210.0,34927.0,14050.476408808783,6646.696120151412,1145.921189253008,6582.286749651308
2024-06-11,86477.0,141950.0,34782.0,14047.377044437188,6658.435521543302,1140.719238718793,6585.065574394206
2024-06-12,86118.0,141640.0,34637.0,14041.178315693993,6680.237266985381,1133.7833046731992,6597.004298842795
2024-06-13,85731.0,141350.0,34479.0,14034.9795869508,6695.330783060706,1127.714362383305,6603.385373805607
2024-06-14,85331.0,141070.0,34321.0,14028.780858207603,6722.163700527883,1120.7784283376914,6609.766448768401
2024-06-15,84961.0,140730.0,34149.0,14031.880222579202,6766.197575412919,1115.576477803496,6622.528598694008
2024-06-16,84719.0,140250.0,33892.0,14028.780858207603,6788.429704855799,1107.7735520022031,6628.909673656802
2024-06-17,84492.0,139780.0,33650.0,14022.582129464412,6785.009377249202,1099.9706262008906,6628.909673656802
2024-06-18,84151.0,139300.0,33410.0,14016.383400721215,6779.878885839306,1092.1677003995976,6632.100211138199
2024-06-19,83657.0,138820.0,33156.0,14019.482765092816,6812.371998102016,1085.231766354004,6628.909673656802
2024-06-20,83149.0,138340.0,32894.0,14025.68149383601,6832.893963741597,1078.2958323083906,6625.719136175405
2024-06-21,82658.0,137880.0,32642.0,14028.780858207603,6839.734618954791,1071.3598982627968,6622.528598694008
2024-06-22,82209.0,137460.0,32410.0,14053.575773180415,6774.748394429412,1070.4929065070976,6616.147523731196
2024-06-23,82083.0,137390.0,32281.0,14062.873866295213,6725.517815211318,1070.4929065070976,6609.766448768401
2024-06-24,81902.0,137120.0,32184.0,14056.675137552014,6720.486643186184,1067.8919312399998,6603.385373805607
2024-06-25,81692.0,137020.0,32106.0,14031.880222579202,6712.101356477691,1061.190088552806,6593.813761361397
2024-06-26,81483.0,136980.0,32069.0,14010.184671977986,6725.517815211318,1057.839167209209,6600.194836324192
2024-06-27,81302.0,136980.0,32041.0,14019.482765092816,6824.343144725105,1072.226890018496,6638.481286100993
2024-06-28,81024.0,136880.0,31949.0,14022.582129464412,6868.807403610903,1076.561848796992,6638.481286100993
2024-06-29,80566.0,136490.0,31748.0,14019.482765092816,6826.053308528403,1072.226890018496,6641.671823582408
2024-06-30,80137.0,136150.0,31665.0,14022.582129464412,6773.038230626113,1101.7046097123086,6718.244723135993
2024-07-01,79626.0,135750.0,31583.0,14022.582129464412,6791.850032462396,1133.7833046731992,6737.387948024394
2024-07-02,79117.0,135300.0,31433.0,14016.383400721215,6791.850032462396,1127.714362383305,6708.673110691801
2024-07-03,78582.0,134820.0,31256.0,14010.184671977986,6769.617903019516,1120.7784283376914,6673.577198396398
2024-07-04,78063.0,134350.0,31084.0,14013.284036349583,6723.840757869619,1112.9755025363984,6657.624510989394
2024-07-05,77654.0,133930.0,30904.0,14038.078951322395,6713.77841381939,1106.906560246504,6660.815048470809
2024-07-06,77246.0,133740.0,30738.0,14031.880222579202,6761.067084002985,1108.6405437579024,6644.862361063805
2024-07-07,76744.0,133460.0,30567.0,14013.284036349583,6846.575274167984,1116.4434695591954,6625.719136175405
2024-07-08,76149.0,133030.0,30367.0,13988.577622508406,6838.0244551514925,1112.9755025363984,6606.575911287004
2024-07-09,75529.0,132600.0,30176.0,13988.577622508406,6802.111015282187,1109.5075355136016,6590.62322388
2024-07-10,74979.0,132150.0,29985.0,14003.985943234791,6767.907739216217,1099.1036344451911,6590.62322388
2024-07-11,74444.0,131770.0,29817.0,14031.880222579202,6738.934273944905,1093.0346921552969,6603.385373805607
2024-07-12,73923.0,131350.0,29716.0,14016.383400721215,6708.747241794294,1092.1677003995976,6612.956986249798
2024-07-13,73404.0,130910.0,29663.0,14022.582129464412,6561.451250179513,1088.6997333768006,6635.290748619596
2024-07-14,72741.0,130440.0,29558.0,14031.880222579202,6379.4046505739925,1081.763799331207,6651.2434360266
2024-07-15,72095.0,129980.0,29357.0,14034.9795869508,6301.84481351159,1078.2958323083906,6654.4339735079975
2024-07-16,71411.0,129620.0,29195.0,14031.880222579202,6242.199221706007,1150.256148031504,6622.528598694008
2024-07-17,70873.0,129230.0,29061.0,14034.9795869508,6188.213792110784,1178.8603263644984,6616.147523731196
2024-07-18,70494.0,128850.0,29004.0,14084.56941689639,6194.565019122015,1278.6891792029912,6644.862361063805
2024-07-19,70012.0,128390.0,28948.0,14062.873866295213,6172.335724582798,1245.454592989799,6612.956986249798
2024-07-20,69479.0,127910.0,28892.0,14062.873866295213,6021.127728787493,1203.1295459189969,6619.338061212593
2024-07-21,68948.0,127440.0,28848.0,14069.072595038404,5829.482862125992,1177.0626063975,6628.909673656802
2024-07-22,68394.0,126980.0,28749.0,14069.072595038404,5739.774517741203,1160.8831266944942,6638.481286100993
2024-07-23,68175.0,126730.0,28577.0,14072.17195941,5679.52988145719,1171.6694464965049,6616.147523731196
2024-07-24,67943.0,126440.0,28461.0,14038.078951322395,5634.3464042441965,1198.6352460015007,6606.575911287004
2024-07-25,68265.0,126370.0,28413.0,14025.68149383601,5783.479217945998,1211.2192857705095,6606.575911287004
2024-07-26,68213.0,126070.0,28353.0,14016.383400721215,5870.88614188799,1207.6238458364926,6603.385373805607
2024-07-27,67905.0,125660.0,28306.0,14022.582129464412,5772.909067697408,1192.3432261170065,6603.385373805607
2024-07-28,67520.0,125240.0,28242.0,14031.880222579202,5615.087339325315,1177.9614663809991,6603.385373805607
2024-07-29,67098.0,124810.0,28186.0,14038.078951322395,5532.376188974089,1161.7819866779937,
2024-07-30,66639.0,124370.0,28118.0,14044.27768006559,5483.63568966,1145.921189253008,6603.385373805607
2024-07-31,66193.0,123950.0,28080.0,14041.178315693993,5581.116688288213,1134.6502964288984,6606.575911287004
2024-08-01,65750.0,123580.0,27995.0,14028.780858207603,5769.896835883211,1125.1133871162072,6606.575911287004
2024-08-02,65193.0,123130.0,27803.0,14022.582129464412,5858.6185034400005,1133.7833046731992,6616.147523731196
2024-08-03,64727.0,122750.0,27702.0,14047.377044437188,5875.486506305985,1201.3318259519983,6644.862361063805
2024-08-04,64300.0,122450.0,27685.0,14065.973230666808,5924.55706009801,1247.4095686493974,6673.577198396398
2024-08-05,63937.0,122300.0,27634.0,14065.973230666808,5999.2784416845125,1222.9044655559992,6664.005585952206
2024-08-06,63600.0,122040.0,27685.0,14041.178315693993,5232.556089375,1230.9942054074918,6155.532109874404
2024-08-07,63513.0,122620.0,27799.0,14019.482765092816,4014.1638129563967,1240.8816652260032,5434.0443933849
2024-08-08,64062.0,123500.0,27905.0,14016.383400721215,3389.430740630991,1308.991301926808,5105.280318029994
2024-08-09,65648.0,125360.0,28186.0,14047.377044437188,3705.528922445693,1500.0159763799998,5211.283232690998
2024-08-10,71266.0,131730.0,29148.0,14124.861153727188,5733.75005411281,1693.812730460402,5434.0443933849
2024-08-11,74337.0,133950.0,29449.0,14140.357975585208,6548.288173183487,1443.6974536248017,5526.797424343504
2024-08-12,75650.0,135160.0,29256.0,14121.76178935559,6663.466693568396,1397.103367432797,5584.360111386895
2024-08-13,76460.0,136000.0,28887.0,14075.2713237816,6670.174922935191,1353.6155536535896,5631.4568553314975
2024-08-14,76974.0,136560.0,28504.0,14050.476408808783,6757.646756396388,1310.9462775864065,5675.937113501401
2024-08-15,77341.0,136820.0,28353.0,14028.780858207603,6769.617903019516,1280.6441548625894,5720.417371671306
2024-08-16,77558.0,136630.0,28037.0,14019.482765092816,6757.646756396388,1258.1619347772098,5759.664658291799
2024-08-17,77681.0,136470.0,27604.0,14031.880222579202,6660.112578885,1236.3873653085072,5799.333074744693
2024-08-18,77736.0,136310.0,27243.0,14087.668781267988,6574.614327175502,1235.4885053250082,5841.9455223975
2024-08-19,77817.0,136210.0,26930.0,14258.133821706007,6702.039012427501,1570.0496980656112,5879.231414093697
2024-08-20,77817.0,136000.0,26520.0,14131.059882470418,6759.356920199686,1428.1660915607922,
2024-08-21,77776.0,135720.0,26098.0,14047.377044437188,6761.067084002985,1327.563570692991,5927.170417703098
2024-08-22,77749.0,135450.0,25672.0,14022.582129464412,6757.646756396388,1268.914300905,5945.813363551197
2024-08-23,77667.0,135120.0,25290.0,14038.078951322395,6757.646756396388,1230.9942054074918,5961.793031420996
2024-08-24,77558.0,134790.0,24991.0,14056.675137552014,6474.245865081018,1206.7249858529935,5975.1094213125
2024-08-25,77436.0,134420.0,24694.0,14069.072595038404,6254.985745286396,1190.545506150008,5991.089089182301
2024-08-26,77287.0,134040.0,24390.0,14069.072595038404,6226.321154177986,1177.0626063975,6004.405479073803
2024-08-27,77110.0,133660.0,24096.0,14050.476408808783,6234.260187942015,1167.175146579009,6015.058590986994
2024-08-28,76934.0,133260.0,23784.0,14025.68149383601,6221.55773391959,1159.9842667109951,6025.711702900199
2024-08-29,76717.0,132860.0,23505.0,14010.184671977986,6229.496767683583,1153.724115054301,6033.701536835108
2024-08-30,76352.0,132460.0,23228.0,14031.880222579202,6311.539793144418,1207.6238458364926,6041.6913707700005
2024-08-31,75974.0,132040.0,22987.0,14047.377044437188,6088.236253461003,1200.432965968499,6049.822852134594
2024-09-01,75610.0,131610.0,22926.0,14056.675137552014,5938.412570468998,1190.545506150008,6060.664827287398
2024-09-02,75220.0,131180.0,22872.0,14059.774501923612,6050.780332713001,1177.0626063975,6068.796308652007
2024-09-03,74791.0,130670.0,22834.0,14050.476408808783,6143.755203032388,1162.6808466614923,6068.796308652007
2024-09-04,74217.0,129880.0,22739.0,14028.780858207603,6186.625985357986,1151.1231397872032,6074.217296228401
2024-09-05,73604.0,129070.0,22649.0,14010.184671977986,6194.565019122015,1140.719238718793,6079.638283804797
2024-09-06,72993.0,128270.0,22546.0,14013.284036349583,6178.6869515939925,1132.049321161801,6082.348777592994
2024-09-07,72424.0,127510.0,22456.0,14041.178315693993,6131.052749009999,1125.1133871162072,6093.190752745799
2024-09-08,71871.0,126780.0,22362.0,14072.17195941,6092.945386942799,1121.6454200933904,6101.322234110407
2024-09-09,71279.0,125980.0,22276.0,14078.370688153194,6052.3409960775,1115.576477803496,6104.032727898606
2024-09-10,70769.0,125230.0,22156.0,14056.675137552014,6025.809718880989,1110.3745272693009,6106.743221686803
2024-09-11,70442.0,124420.0,21895.0,14038.078951322395,5989.914461497487,1104.305584979406,6106.743221686803
2024-09-12,70142.0,123600.0,21609.0,14022.582129464412,5944.655223926991,1097.3696509337929,6106.743221686803
2024-09-13,69830.0,122780.0,21318.0,14022.582129464412,5889.287599560008,1090.4337168881991,6106.743221686803
2024-09-14,69505.0,121970.0,21026.0,14022.582129464412,5804.947585230014,1084.3647745983046,6106.743221686803
2024-09-15,69168.0,121160.0,20754.0,14016.383400721215,5712.664431413395,1077.428840552691,6106.743221686803
2024-09-16,68845.0,120350.0,20463.0,14013.284036349583,5622.472263463807,1071.3598982627968,6106.743221686803
2024-09-17,68497.0,119530.0,20171.0,14007.085307606389,5550.100006906507,1065.3787402323023,6104.032727898606
2024-09-18,68162.0,118710.0,19883.0,14003.985943234791,5479.294767808205,1061.190088552806,6104.032727898606
2024-09-19,67828.0,117880.0,19590.0,14003.985943234791,5422.862783734789,1056.1637065373916,6101.322234110407
2024-09-20,67482.0,117050.0,19304.0,14003.985943234791,5360.642903859013,1051.9750548578954,6095.901246533997
2024-09-21,67136.0,116220.0,19014.0,14003.985943234791,5258.087818629008,1048.6241335142984,6093.190752745799
2024-09-22,66791.0,115380.0,18730.0,14000.886578863196,5147.047768869614,1044.4354818348022,6093.190752745799
2024-09-23,66435.0,114560.0,18441.0,14000.886578863196,5052.6216233664045,1041.9222908271045,6098.611740322195
2024-09-24,66104.0,113730.0,18155.0,14013.284036349583,5000.82135057719,1039.409099819407,6112.164209263197
2024-09-25,65750.0,112900.0,17878.0,14019.482765092816,4940.842087347613,1037.7336391476083,6128.427171992398
2024-09-26,65446.0,112080.0,17613.0,14028.780858207603,4884.342782457604,1041.9222908271045,6144.690134721599
2024-09-27,65130.0,111290.0,17353.0,14013.284036349583,4850.936537937604,1047.7864031783993,6158.242603662601
2024-09-28,64815.0,110470.0,17128.0,14025.68149383601,4813.521544075207,1049.4618638501977,6174.505566391802
2024-09-29,64501.0,109670.0,17042.0,14034.9795869508,4775.054116653012,1051.9750548578954,6179.926553968198
2024-09-30,64188.0,108970.0,16933.0,14034.9795869508,4730.5865992571935,1054.4882458655932,6182.637047756395
2024-10-01,63862.0,108550.0,16831.0,14034.9795869508,4690.0426863375005,1053.6505155296938,6188.058035332806
2024-10-02,63525.0,108130.0,16727.0,14025.68149383601,4662.577455004795,1051.137324521996,6190.768529121003
2024-10-03,63189.0,107710.0,16600.0,14016.383400721215,4641.976503082814,1049.4618638501977,6188.058035332806
2024-10-04,62854.0,107290.0,16484.0,14010.184671977986,4622.7646539738025,1046.9486728425,6179.926553968198
2024-10-05,62507.0,106880.0,16368.0,14013.284036349583,4613.799124389611,1044.4354818348022,6171.795072603605
2024-10-06,62148.0,106440.0,16265.0,14013.284036349583,4602.272014924192,1041.0845604912054,6160.9530974508
2024-10-07,61802.0,106020.0,16150.0,14016.383400721215,4586.902535637006,1038.5713694835076,6144.690134721599
2024-10-08,61433.0,105590.0,16036.0,14013.284036349583,4565.129106646797,1036.0581784757908,6128.427171992398
2024-10-09,61064.0,105160.0,15921.0,14013.284036349583,4538.232517894192,1033.544987468093,6109.453715475
2024-10-10,60709.0,104740.0,15799.0,14010.184671977986,4453.846819254011,1031.0317964603953,6082.348777592994
2024-10-11,60343.0,104300.0,15689.0,14007.085307606389,3300.4837796928027,1028.5186054526978,6041.6913707700005
2024-10-12,59989.0,103870.0,15576.0,14007.085307606389,2000.395085522095,1026.8431447808991,5999.078923117194
2024-10-13,59661.0,103500.0,15485.0,14007.085307606389,1407.1391872115944,1028.5186054526978,5956.466475464402
2024-10-14,59405.0,103230.0,15407.0,14007.085307606389,1119.6912264762043,1048.6241335142984,5916.517305789893
2024-10-15,59115.0,102880.0,15319.0,14003.985943234791,979.4771501550038,1064.541009896403,5868.5783021805055
2024-10-16,58812.0,102480.0,15218.0,13997.787214491598,892.8228768527996,1068.758922995699,5820.639298571104
2024-10-17,58498.0,102070.0,15125.0,13994.68785012,831.1734317376031,1067.8919312399998,5775.363572939999
2024-10-18,58173.0,101660.0,15030.0,13991.632736314205,787.9044594899999,1063.703279560504,5730.883314770096
2024-10-19,57825.0,101260.0,14962.0,13988.577622508406,755.3519445899966,1060.3523582169069,5689.019542374904
2024-10-20,57441.0,100900.0,14918.0,13985.522508702608,725.404608435,1056.1637065373916,5644.5392842050005
2024-10-21,57047.0,100550.0,14891.0,13985.522508702608,698.1890115534013,1051.9750548578954,5602.6755118097935
2024-10-22,56618.0,100240.0,14867.0,13982.467394896814,682.1500062165003,1048.6241335142984,5558.195253639904
2024-10-23,56167.0,99943.0,14838.0,13982.467394896814,669.5385949634967,1045.2732121707015,5513.714995470001
2024-10-24,55718.0,99664.0,14797.0,13979.412281091016,660.2459761454976,1042.7600211630038,5472.594684716394
2024-10-25,55282.0,99414.0,14779.0,13973.302053479383,659.2503384149985,1039.409099819407,5434.0443933849
2024-10-26,54848.0,99166.0,14738.0,13958.0264844504,670.2023534505037,1036.895908811709,5398.064121475502
2024-10-27,54392.0,98946.0,14712.0,13899.979322140218,685.8964780889968,1033.544987468093,5359.513830143995
2024-10-28,53903.0,98757.0,14694.0,13835.821932218409,697.8475522905015,1031.0317964603953,5323.533558234598
2024-10-29,53404.0,98597.0,14662.0,13768.609428490798,699.554848605,1029.3563357885969,5297.833364013607
2024-10-30,52931.0,98480.0,14639.0,13710.562266180616,694.7744189243966,1028.5186054526978,5279.843228058894
2024-10-31,52447.0,98378.0,14604.0,13671.087046785617,690.3354485067007,1027.6808751167985,5264.423111526293
2024-11-01,51966.0,98291.0,14569.0,13604.759163352808,685.8964780889968,1026.8431447808991,5259.283072682098
2024-11-02,51464.0,98218.0,14531.0,13517.326953373184,681.1543684860012,1025.1676841091007,5249.141416498507
2024-11-03,50986.0,98175.0,14520.0,13420.850032016404,674.5167836159998,1023.4922234373024,5241.569779736999
2024-11-04,50466.0,98131.0,14488.0,13286.54871760079,668.5429572329977,1022.6544931014032,5233.998142975506
2024-11-05,49892.0,98102.0,14456.0,13075.551951070514,669.5385949634967,1021.8167627655038,5226.426506213999
2024-11-06,49299.0,98059.0,14421.0,12840.811497478491,670.2023534505037,1021.8167627655038,5226.426506213999
2024-11-07,48654.0,98030.0,14389.0,12597.128747478584,671.5298704245024,1022.6544931014032,5226.426506213999
2024-11-08,47936.0,97986.0,14352.0,12364.766484825,668.8748364764972,1021.8167627655038,5226.426506213999
2024-11-09,47223.0,97928.0,14317.0,12149.001182175603,664.8922855545009,1020.1413020937052,5221.378748373004
2024-11-10,46569.0,97884.0,14297.0,12047.772831877195,659.5822176584982,1019.303571757806,5216.330990531994
2024-11-11,46007.0,97870.0,14260.0,12044.9609332578,663.2328893370025,1021.8167627655038,5221.378748373004
2024-11-12,45436.0,97797.0,14228.0,12044.9609332578,672.5255081550016,1023.4922234373024,5216.330990531994
2024-11-13,44806.0,97739.0,14217.0,12008.406251205604,665.5560440415003,1022.6544931014032,5203.711595929505
2024-11-14,44073.0,97696.0,14188.0,11785.801010215217,659.9140969019978,1022.6544931014032,5196.139959167997
2024-11-15,43242.0,97667.0,14142.0,11606.65122599969,655.5996667365018,1022.6544931014032,5191.092201327003
2024-11-16,42396.0,97609.0,14094.0,11437.56824999309,657.9228214409997,1021.8167627655038,5186.044443486007
2024-11-17,41550.0,97566.0,14080.0,11326.8141996564,659.9140969019978,1020.9790324296048,5178.4728067245
2024-11-18,40681.0,97522.0,14037.0,11235.59136499379,661.5734931194963,1020.9790324296048,5173.425048883504
2024-11-19,39933.0,97421.0,14020.0,11171.198775820189,655.5996667365018,1020.9790324296048,5168.377291042494
2024-11-20,39541.0,97003.0,14008.0,11163.149702173494,648.9709450137003,1020.1413020937052,5163.329533201499
2024-11-21,39082.0,96672.0,13983.0,11184.613898564705,664.2285270675015,1029.3563357885969,5193.6160802475
2024-11-22,38754.0,96457.0,14000.0,11208.761119504814,719.4363866891975,1057.839167209209,5218.854869452506
2024-11-23,38437.0,96128.0,13997.0,11227.542291347096,796.4550178257006,1084.3647745983046,5231.474264054994
2024-11-24,38122.0,95799.0,14000.0,11235.59136499379,846.0242214029983,1111.241519025,5239.045900816502
2024-11-25,37886.0,95528.0,14014.0,11238.274389542688,904.597111716598,1132.9163129175,5244.093658657497
2024-11-26,37965.0,95685.0,14043.0,11246.323463189412,960.8914237425018,1177.9614663809991,5251.665295419005
2024-11-27,38427.0,96113.0,14102.0,11251.689512287208,1101.8654823510003,1230.9942054074918,5254.189174339502
2024-11-28,38823.0,96457.0,14162.0,11270.470684129488,1168.7768345844013,1239.982805242504,5282.413247481006
2024-11-29,39172.0,96830.0,14211.0,11294.617905069596,1335.7038500346018,1239.0839452590048,5320.9635388125
2024-11-30,39411.0,97061.0,14251.0,11299.983954167392,1395.324383898305,1224.7021855229975,5331.243616500905
2024-12-01,39561.0,97234.0,14289.0,11302.66697871629,1342.6498202909954,1206.7249858529935,5333.813635923003
2024-12-02,39682.0,97378.0,14294.0,11305.350003265186,1250.7230822982012,1192.3432261170065,5331.243616500905
2024-12-03,39913.0,97508.0,14300.0,11302.66697871629,1215.744802213801,1181.5569063149958,5323.533558234598
2024-12-04,40135.0,97624.0,14317.0,11302.66697871629,1163.6863250921954,1172.568306480004,5313.253480546207
2024-12-05,40367.0,97754.0,14323.0,11302.66697871629,1102.7495161139996,1169.8717265295063,5308.1134417019975
2024-12-06,40560.0,97855.0,14326.0,11299.983954167392,1039.3225863788978,1165.37742661199,5297.833364013607
2024-12-07,40742.0,97942.0,14335.0,11294.617905069596,979.064134012504,1159.9842667109951,5290.123305747299
2024-12-08,40936.0,98044.0,14343.0,11291.9348805207,921.4456286928006,1156.3888267769985,5282.413247481006
2024-12-09,41150.0,98175.0,14372.0,11294.617905069596,873.6979647905993,1164.4785666284909,5279.843228058894
2024-12-10,41683.0,98538.0,14450.0,11302.66697871629,875.6494864295975,1210.3204257869902,5284.983266903103
2024-12-11,43294.0,100050.0,14971.0,11353.644445145404,990.800309479503,1370.1823398551985,5338.953674767198
2024-12-12,48831.0,105010.0,16981.0,11516.655448447813,1987.1740070481076,1566.6669736643887,5472.594684716394
2024-12-13,52758.0,107450.0,17545.0,11595.7426469025,1876.042165062006,1421.953546735198,5431.474373962802
2024-12-14,54637.0,108690.0,17786.0,11633.922673742696,1809.001710662396,1314.8562289056028,5395.494102053405
2024-12-15,55907.0,109180.0,17947.0,11661.194121485703,1632.0814315739974,1261.094398266607,5356.9438107218975
2024-12-16,56951.0,109540.0,18109.0,11697.161196429604,1335.2077093020025,1236.3873653085072,5320.9635388125
2024-12-17,57969.0,109950.0,18368.0,11733.17112078,992.4927795735016,1243.5782451765008,5279.843228058894
2024-12-18,58873.0,110340.0,18696.0,11774.721033491993,959.2393591725032,1265.0043495858035,5256.71305326
2024-12-19,59612.0,110660.0,18946.0,11827.350922927208,963.7825367399992,1275.7567157135938,5264.423111526293
2024-12-20,60220.0,110860.0,19130.0,11871.67082982,914.6259908690976,1260.116910436808,5272.133169792601
2024-12-21,60746.0,111000.0,19284.0,11913.220742531994,949.326971752503,1242.6793851930015,5279.843228058894
2024-12-22,61126.0,111000.0,19377.0,11943.732582959396,915.8294563673968,1222.0056055725,5272.133169792601
2024-12-23,61322.0,110890.0,19432.0,11966.227771914608,823.2219830505016,1200.432965968499,5261.853092104196
2024-12-24,61581.0,110880.0,19528.0,11994.346758108615,907.806353045404,1196.8375260345024,5274.703189214698
2024-12-25,61889.0,110830.0,19622.0,12022.46574430259,956.3482461749968,1196.8375260345024,5292.693325169397
2024-12-26,62086.0,110690.0,19705.0,12047.772831877195,917.835232197904,1188.7477861830098,5300.403383435704
2024-12-27,62210.0,110530.0,19768.0,12067.456122213012,785.3725972200021,1181.5569063149958,5287.553286325202
2024-12-28,62383.0,110390.0,19830.0,12092.76320978759,763.6709206199973,1183.354626281994,5272.133169792601
2024-12-29,62643.0,110340.0,19939.0,12126.505993220391,810.5820272498962,1204.9272658859952,5279.843228058894
2024-12-30,63351.0,111020.0,20909.0,12185.5558642278,954.696181604998,1283.5766183520088,5292.693325169397
2024-12-31,64175.0,111930.0,21809.0,12244.935496447211,968.3257143075044,1290.4190331606026,5292.693325169397
2025-01-01,65130.0,112820.0,22283.0,12350.500890970514,1096.1192628914955,1370.1823398551985,5333.813635923003
2025-01-02,66295.0,113650.0,22705.0,12447.506929181089,1260.3583660278034,1377.4303088183915,5359.513830143995
2025-01-03,67174.0,114220.0,22956.0,12527.678690104214,955.5222138899971,1325.608595033393,5349.233752455603
2025-01-04,67892.0,114670.0,23159.0,12594.234995087989,923.4514045232988,1284.554106181808,5346.663733033506
2025-01-05,68445.0,114990.0,23312.0,12652.1100429,831.1734317376031,1252.2970077983928,5338.953674767198
2025-01-06,68897.0,115220.0,23424.0,12704.197585930786,726.8088959045987,1230.9942054074918,5331.243616500905
2025-01-07,69233.0,115380.0,23544.0,12750.49762418041,713.8961376468025,1213.915865721007,5320.9635388125
2025-01-08,69479.0,115360.0,23629.0,12788.116405258208,701.2621449194984,1200.432965968499,5300.403383435704
2025-01-09,69648.0,115300.0,23714.0,12823.20596345911,716.62781175,1187.8489261994905,5272.133169792601
2025-01-10,69804.0,115200.0,23796.0,12858.417031497913,730.3196145786035,1179.7591863479977,5251.665295419005
2025-01-11,69986.0,115090.0,23858.0,12896.562355206608,773.074980479997,1177.0626063975,5256.71305326
2025-01-12,70129.0,114930.0,23912.0,12931.773423245411,806.492629785,1174.3660264470025,5261.853092104196
2025-01-13,70234.0,114750.0,23955.0,12961.115979944385,812.440844279403,1170.7705865130058,5264.423111526293
2025-01-14,70220.0,114530.0,24018.0,12987.524280973494,751.73499849,1167.175146579009,5261.853092104196
2025-01-15,70129.0,114290.0,24061.0,13010.998326332705,688.2866929293025,1159.9842667109951,5254.189174339502
2025-01-16,70012.0,114030.0,24096.0,13034.472371691883,694.432959661497,1155.4899667934992,5254.189174339502
2025-01-17,69921.0,113780.0,24112.0,13057.946417051096,693.0671226098982,1152.8571232986014,5261.853092104196
2025-01-18,69817.0,113510.0,24147.0,13081.420462410306,691.7012855582993,1150.256148031504,5266.993130948405
2025-01-19,69687.0,113230.0,24217.0,13105.096372463986,688.2866929293025,1149.389156275805,5277.273208636796
2025-01-20,69531.0,112980.0,24221.0,13125.9187727256,665.8879232849999,1145.921189253008,5284.983266903103
2025-01-21,69285.0,112660.0,24190.0,13137.81728716079,680.8224892425015,1138.1182634516952,5279.843228058894
2025-01-22,69039.0,112310.0,24217.0,13149.715801596014,694.7744189243966,1132.049321161801,5279.843228058894
2025-01-23,68819.0,112000.0,24206.0,13164.58894464,672.5255081550016,1127.714362383305,5277.273208636796
2025-01-24,68613.0,111660.0,24209.0,13182.436716292785,655.2677874930021,1125.1133871162072,5274.703189214698
2025-01-25,68406.0,111330.0,24264.0,13197.309859336803,662.9010100935027,1120.7784283376914,5272.133169792601
2025-01-26,68200.0,110940.0,24284.0,13215.157630989588,672.1936289115018,1117.3104613148944,5274.703189214698
2025-01-27,67982.0,110580.0,24300.0,13230.030774033608,684.5306410373981,1113.8424942920976,5277.273208636796
2025-01-28,67764.0,110290.0,24315.0,13247.878545686392,675.8443005899986,1110.3745272693009,5279.843228058894
2025-01-29,67546.0,110010.0,24331.0,13262.751688730414,664.5604063110012,1108.6405437579024,5282.413247481006
2025-01-30,67315.0,109650.0,24347.0,13274.650203165602,650.6214780839987,1106.906560246504,5282.413247481006
2025-01-31,67111.0,109320.0,24351.0,13292.497974818383,656.9271837105006,1112.9755025363984,5282.413247481006
2025-02-01,66957.0,109070.0,24359.0,13313.32037508,693.4085818727978,1119.911436581992,5297.833364013607
2025-02-02,66791.0,108760.0,24351.0,13325.218889515188,719.0853148217977,1120.7784283376914,5305.5434222799
2025-02-03,66639.0,108450.0,24351.0,13343.066661168008,736.9899800591975,1122.5124118491094,5310.683461124095
2025-02-04,66473.0,108140.0,24386.0,13354.965175603196,707.4084116517007,1128.581354139004,5305.5434222799
2025-02-05,66295.0,107820.0,24398.0,13366.863690038384,673.5211458855007,1125.1133871162072,5297.833364013607
2025-02-06,66104.0,107510.0,24402.0,13387.686090300002,658.9184591714987,1123.3794036048089,5290.123305747299
2025-02-07,65914.0,107180.0,24414.0,13405.775513054385,668.5429572329977,1122.5124118491094,5292.693325169397
2025-02-08,65699.0,106840.0,24425.0,13420.850032016404,654.272149762503,1118.1774530705936,5302.973402857802
2025-02-09,65509.0,106540.0,24485.0,,658.9184591714987,1115.576477803496,5320.9635388125
2025-02-10,65294.0,106210.0,24488.0,,655.9315459800015,1112.1085107806991,5323.533558234598
2025-02-11,65105.0,106000.0,24465.0,13466.073588902396,637.0193494505965,1106.0395684908046,5302.973402857802
2025-02-12,64966.0,105790.0,24469.0,13475.11830027959,650.289598840499,1102.571601468008,5279.843228058894
2025-02-13,64878.0,105590.0,24477.0,13496.222626826406,635.0812528727982,1106.906560246504,5264.423111526293
2025-02-14,64727.0,105390.0,24449.0,13520.341857165617,650.289598840499,1106.906560246504,5277.273208636796
2025-02-15,64576.0,105190.0,24410.0,13541.446183712398,660.9097346324969,1106.0395684908046,5261.853092104196
2025-02-16,64551.0,105100.0,24520.0,13592.699548183184,661.9053723630036,1116.4434695591954,5297.833364013607
2025-02-17,64664.0,105100.0,24398.0,13695.286697151594,656.9271837105006,1137.251271695996,5526.797424343504
2025-02-18,64740.0,105010.0,24449.0,13750.278745656013,669.5385949634967,1147.6551727644064,5610.524969133902
2025-02-19,64727.0,104890.0,24441.0,13783.884997519785,674.1849043725,1148.5221645201054,5511.144976047903
2025-02-20,64740.0,104780.0,24355.0,13814.436135577793,653.9402705190033,1145.921189253008,5392.9240826312935
2025-02-21,64727.0,104660.0,24331.0,13838.877046024205,628.9439470430965,1140.719238718793,5326.103577656695
2025-02-22,64639.0,104520.0,24378.0,13860.262842664784,630.2360114283026,1134.6502964288984,5302.973402857802
2025-02-23,64539.0,104370.0,24386.0,13878.593525499602,635.4042689690979,1130.3153376504024,5282.413247481006
2025-02-24,64438.0,104220.0,24394.0,13903.034435946014,640.8955426062003,1126.8473706276056,5261.853092104196
2025-02-25,64338.0,104080.0,24481.0,13927.475346392392,659.2503384149985,1130.3153376504024,5266.993130948405
2025-02-26,64325.0,104020.0,24500.0,13954.971370644602,678.8312137815034,1146.7881810087072,5272.133169792601
2025-02-27,64489.0,104100.0,24536.0,13982.467394896814,708.0913301774999,1200.432965968499,5277.273208636796
2025-02-28,65029.0,104420.0,24603.0,13988.577622508406,813.9278979030016,1281.621642692411,5284.983266903103
2025-03-01,65534.0,104720.0,24650.0,13991.632736314205,932.2768181775,1284.554106181808,5284.983266903103
2025-03-02,65825.0,104930.0,24717.0,13991.632736314205,1005.6094228019992,1260.116910436808,5279.843228058894
2025-03-03,66054.0,105090.0,24710.0,13988.577622508406,1042.3491882222047,1230.9942054074918,5266.993130948405
2025-03-04,66308.0,105220.0,24698.0,13985.522508702608,1085.0688408539957,1213.915865721007,5254.189174339502
2025-03-05,66702.0,105630.0,24737.0,14000.886578863196,1131.453079002004,1224.7021855229975,5251.665295419005
2025-03-06,69479.0,107800.0,25242.0,14103.165603126006,1702.4745017423982,1481.571767056792,5313.253480546207
2025-03-07,72556.0,109890.0,25700.0,14081.470052524792,2124.8930748474045,1451.1930693479949,5300.403383435704
2025-03-08,74470.0,111250.0,25923.0,14084.56941689639,2280.825551706608,1365.005219167203,5287.553286325202
2025-03-09,75839.0,112230.0,26073.0,14093.867510011216,2253.7502988506994,1308.013814097009,5264.423111526293
2025-03-10,76907.0,113030.0,26191.0,14087.668781267988,2201.732194667998,1277.711691373192,5246.617537577995
2025-03-11,77872.0,113750.0,26318.0,14044.27768006559,2327.7000652691986,1272.8242522241965,5254.189174339502
2025-03-12,78760.0,114450.0,26540.0,13997.787214491598,2465.0091147551952,1275.7567157135938,5261.853092104196
2025-03-13,79365.0,115080.0,26751.0,13985.522508702608,2549.861366857208,1259.139422607009,5264.423111526293
2025-03-14,79833.0,115650.0,26917.0,13979.412281091016,2538.70839951,1242.6793851930015,5269.563150370503
2025-03-15,80247.0,116200.0,27109.0,14007.085307606389,2532.335275311605,1231.893065390991,5272.133169792601
2025-03-16,80691.0,116840.0,27339.0,14038.078951322395,2532.335275311605,1229.1964854404937,5279.843228058894
2025-03-17,81902.0,118810.0,28358.0,14100.066238754407,2781.617872501807,1310.9462775864065,5313.253480546207
2025-03-18,83361.0,120760.0,29017.0,14047.377044437188,2904.120317717996,1304.1038627777905,5328.673597078793
2025-03-19,84435.0,122090.0,29370.0,13982.467394896814,2642.2197922547984,1270.869276564598,5344.0937136113935
2025-03-20,85331.0,123120.0,29633.0,13973.302053479383,2561.0817853613976,1245.454592989799,5359.513830143995
2025-03-21,86147.0,124130.0,29879.0,14022.582129464412,2546.6748047579927,1241.7805252095025,5377.503966098708
2025-03-22,86866.0,124990.0,30118.0,14069.072595038404,2790.2441260247992,1230.9942054074918,5387.784043787098
2025-03-23,87401.0,125700.0,30220.0,14109.364331869205,3000.0065363819917,1219.3090256220023,5395.494102053405
2025-03-24,87850.0,126320.0,30425.0,14131.059882470418,3145.4811512472093,1207.6238458364926,5408.344199163895
2025-03-25,88213.0,126850.0,30559.0,14090.768145639584,3183.9289624391963,1197.7363860180017,5431.474373962802
2025-03-26,88519.0,127320.0,30666.0,14041.178315693993,3185.895342883795,1188.7477861830098,5452.034529339598
2025-03-27,88752.0,127730.0,30764.0,14003.985943234791,3177.1199473581023,1181.5569063149958,5467.454645872199
2025-03-28,88913.0,128080.0,30863.0,14016.383400721215,3179.99620155,1176.1637464140008,5485.444781826897
2025-03-29,89074.0,128460.0,30949.0,14031.880222579202,3218.3406202197098,1174.3660264470025,5498.2948789374
2025-03-30,89278.0,128830.0,31039.0,14047.377044437188,3263.567370445491,1173.4671664635032,5516.331481244698
2025-03-31,89469.0,129160.0,31120.0,14059.774501923612,3300.4837796928027,1171.6694464965049,5537.263367442294
2025-04-01,89483.0,129480.0,31193.0,14050.476408808783,3360.943477636794,1171.6694464965049,5589.593082936305
2025-04-02,89396.0,129710.0,31279.0,14007.085307606389,3415.3041246584908,1165.37742661199,5613.141454908599
2025-04-03,89454.0,130000.0,31351.0,14003.985943234791,3409.094512491896,1160.8831266944942,5644.5392842050005
2025-04-04,89220.0,130290.0,31406.0,14000.886578863196,3392.535546714312,1159.9842667109951,5694.252513924299
2025-04-05,88971.0,130580.0,31501.0,14016.383400721215,3414.269189297391,1166.27628659551,5746.582229418295
2025-04-06,88957.0,130960.0,31624.0,14041.178315693993,3537.823351201198,1204.9272658859952,5892.547803985199
2025-04-07,88986.0,131350.0,31770.0,14056.675137552014,3808.057678914901,1211.2192857705095,6012.395313008697
2025-04-08,89088.0,131720.0,31885.0,14028.780858207603,3908.379576901488,1205.8261258694945,6087.769765169405
2025-04-09,89220.0,132030.0,31958.0,14022.582129464412,3999.0037906920106,1194.1409460840048,6131.137665780597
2025-04-10,89440.0,132340.0,32050.0,14022.582129464412,4051.7248532369895,1185.152346248993,6163.6635912389975
2025-04-11,89674.0,132650.0,32138.0,14022.582129464412,4087.441707198011,1182.455766298495,6196.189516697399
2025-04-12,89953.0,133100.0,32276.0,14069.072595038404,4220.697528680099,1206.7249858529935,6250.399392461394
2025-04-13,90335.0,133600.0,32429.0,14121.76178935559,4561.286736825,1241.7805252095025,6304.609268225407
2025-04-14,90645.0,134060.0,32600.0,14090.768145639584,4849.600288156805,1230.9942054074918,6346.086646504801
2025-04-15,90881.0,134510.0,32759.0,14028.780858207603,4928.573601686994,1213.915865721007,6387.769017648296
2025-04-16,90837.0,134980.0,32903.0,14003.985943234791,5006.274010870785,1199.534105985,6421.114914563097
2025-04-17,90763.0,135420.0,33020.0,14010.184671977986,5112.292501209614,1194.1409460840048,6454.4608114778985
2025-04-18,90645.0,135800.0,33133.0,14019.482765092816,5214.116507135984,1186.0512062324915,6485.027883649802
2025-04-19,90674.0,136190.0,33231.0,14025.68149383601,5279.364259673989,1185.152346248993,6515.594955821705
2025-04-20,90748.0,136610.0,33325.0,14028.780858207603,5330.427718182007,1186.0512062324915,6540.604378507798
2025-04-21,90778.0,136950.0,33414.0,14025.68149383601,5373.665669414401,1179.7591863479977,6560.056151708097
2025-04-22,90778.0,137260.0,33490.0,14022.582129464412,5443.120419043204,1177.9614663809991,6579.507924908395
2025-04-23,90748.0,137550.0,33556.0,14016.383400721215,5520.5603103525,1176.1637464140008,6593.813761361397
2025-04-24,90704.0,137790.0,33627.0,14010.184671977986,5597.363521392897,1174.3660264470025,6606.575911287004
2025-04-25,90630.0,138020.0,33679.0,14013.284036349583,5656.938142850711,1169.8717265295063,6606.575911287004
2025-04-26,90792.0,138520.0,33859.0,14047.377044437188,5781.94576314,1197.7363860180017,6632.100211138199
2025-04-27,91221.0,139300.0,34187.0,14069.072595038404,6175.511338088396,1238.1850852755056,6654.4339735079975
2025-04-28,91576.0,139850.0,34364.0,14072.17195941,6480.827403579012,1222.0056055725,6657.624510989394
2025-04-29,91992.0,140370.0,34489.0,14069.072595038404,6655.081406859905,1205.8261258694945,6648.052898545202
2025-04-30,92409.0,140910.0,34609.0,14056.675137552014,6720.486643186184,1196.8375260345024,6638.481286100993
2025-05-01,92558.0,141340.0,34705.0,14038.078951322395,6728.8719298947135,1186.0512062324915,6622.528598694008
2025-05-02,92663.0,141710.0,34772.0,14019.482765092816,6715.455471161088,1177.9614663809991,6616.147523731196
2025-05-03,92991.0,142050.0,34849.0,14010.184671977986,6715.455471161088,1171.6694464965049,6616.147523731196
2025-05-04,93515.0,142500.0,34970.0,14016.383400721215,6793.560196265694,1191.4443661335072,6660.815048470809
2025-05-05,95331.0,143710.0,35402.0,14019.482765092816,7230.488034603001,1551.0087903912029,6731.0068730616
2025-05-06,97317.0,145030.0,36097.0,14025.68149383601,7211.655476058018,1700.801843389196,6715.054185654596
2025-05-07,99744.0,146910.0,36766.0,14078.370688153194,7434.030014540394,1843.392872415,6660.815048470809
2025-05-08,100230.0,148460.0,36721.0,14025.68149383601,6930.834901056285,1656.872957696409,6600.194836324192
2025-05-09,100140.0,149990.0,36901.0,14062.873866295213,7222.955011185008,1670.5156873643966,6769.293322838401
2025-05-10,101140.0,151400.0,36916.0,14255.03445733441,7854.029860842587,1778.8469377608044,6949.301724438906
2025-05-11,101030.0,151070.0,36741.0,14242.636999847986,7219.188499476012,1686.8236175316083,6845.866222392004
2025-05-12,100350.0,150570.0,36671.0,14134.159246842017,6783.299213445904,1562.1566744627926,6705.482573210405
2025-05-13,99523.0,150200.0,36657.0,14022.582129464412,6752.516264986492,1459.872697264812,6679.958273359192
2025-05-14,98894.0,149880.0,36676.0,14090.768145639584,6773.038230626113,1418.8472743224008,6762.912247875606
2025-05-15,98439.0,149660.0,36696.0,14233.338906733194,6930.834901056285,1420.9181225975992,6734.197410542997
2025-05-16,98048.0,149510.0,36647.0,14245.736364219583,6695.330783060706,1411.5993053592074,6750.150097950001
2025-05-17,97737.0,149380.0,36617.0,14217.842084875208,6822.632980921806,1396.067943295198,7024.948979056798
2025-05-18,97472.0,149310.0,36587.0,14115.563060612396,6693.653725719008,1354.6509777911888,6916.881472459794
2025-05-19,97270.0,149240.0,36557.0,13997.787214491598,6643.342005468015,1317.7886923950002,6756.531172912794
2025-05-20,97068.0,149130.0,36542.0,13997.787214491598,6624.894374709294,1286.5090818414062,6654.4339735079975
2025-05-21,96867.0,149050.0,36552.0,13997.787214491598,6609.800858634007,1265.0043495858035,6590.62322388
2025-05-22,96790.0,149050.0,36582.0,14016.383400721215,6671.851980276889,1351.5447053783914,6644.862361063805
2025-05-23,96759.0,149070.0,36552.0,14034.9795869508,6757.646756396388,1444.732877762401,6689.5298858034
2025-05-24,96744.0,148920.0,36547.0,14044.27768006559,6820.922817118508,1521.715046172005,6686.339348322003
2025-05-25,96775.0,148800.0,36542.0,14041.178315693993,6834.604127544895,1524.9699066408018,6657.624510989394
2025-05-26,96759.0,148690.0,36537.0,14025.68149383601,6771.328066822814,1481.571767056792,6622.528598694008
2025-05-27,96666.0,148560.0,36537.0,14007.085307606389,6737.257216603206,1422.9889708727972,6628.909673656802
2025-05-28,96512.0,148460.0,36532.0,14019.482765092816,6693.653725719008,1366.040643304802,6641.671823582408
2025-05-29,96188.0,148280.0,36527.0,14034.9795869508,6658.435521543302,1320.7211558843974,6651.2434360266
2025-05-30,95942.0,148170.0,36522.0,14028.780858207603,6676.883152301985,1281.621642692411,6600.194836324192
2025-05-31,96250.0,148910.0,36657.0,14096.966874382812,6932.596353806984,1453.3629763271929,6874.581059724595
2025-06-01,97410.0,149830.0,36691.0,14152.7554330716,7424.121211481403,1630.938737287207,6651.2434360266
2025-06-02,97799.0,149720.0,36607.0,14158.954161814792,7173.99035896801,1592.6011940735907,6587.844399137102
2025-06-03,97814.0,149460.0,36572.0,14109.364331869205,6826.053308528403,1519.5451391928068,6587.844399137102
2025-06-04,97690.0,149310.0,36547.0,14053.575773180415,6752.516264986492,1447.938208879198,6625.719136175405
2025-06-05,97519.0,149160.0,36532.0,14034.9795869508,6757.646756396388,1377.4303088183915,6635.290748619596
2025-06-06,97425.0,149070.0,36522.0,14022.582129464412,6754.226428789791,1356.7218260664104,6632.100211138199
2025-06-07,97627.0,149130.0,36527.0,14047.377044437188,6752.516264986492,1352.5801295159906,6651.2434360266
2025-06-08,98611.0,149110.0,36517.0,14081.470052524792,6812.371998102016,1297.2614479691963,6667.196123433603
2025-06-09,98658.0,148960.0,36532.0,14103.165603126006,6802.111015282187,1323.6536193737948,6667.196123433603
2025-06-10,98549.0,148890.0,36542.0,14081.470052524792,6827.763472331702,1349.4738571031935,6673.577198396398
2025-06-11,98314.0,149000.0,36527.0,14038.078951322395,6853.415929381217,1354.6509777911888,6660.815048470809
2025-06-12,97892.0,149040.0,36498.0,14003.985943234791,6766.197575412919,1318.7661802247992,6612.956986249798
2025-06-13,97457.0,149000.0,36473.0,14034.9795869508,6713.77841381939,1279.6666670327902,6628.909673656802
2025-06-14,97084.0,148890.0,36478.0,14078.370688153194,6853.415929381217,1259.139422607009,6632.100211138199
2025-06-15,96852.0,148800.0,36478.0,14137.25861121361,7078.79693211511,1249.3645443089956,6670.386660915
2025-06-16,96558.0,148670.0,36428.0,14168.252254929585,7059.420951857388,1233.69078535801,6699.101498247593
2025-06-17,96188.0,148500.0,36384.0,14149.656068699998,6964.302503319595,1235.4885053250082,6721.435260617408
2025-06-18,95912.0,148350.0,36513.0,14121.76178935559,6875.648058824097,1259.139422607009,6679.958273359192
2025-06-19,95835.0,148260.0,36637.0,14075.2713237816,6941.403617560515,1256.2069591175891,6670.386660915
2025-06-20,95789.0,148170.0,36552.0,14022.582129464412,6834.604127544895,1242.6793851930015,6638.481286100993
2025-06-21,95621.0,148080.0,36433.0,14025.68149383601,6702.039012427501,1225.6010455064968,6638.481286100993
2025-06-22,96450.0,148280.0,36389.0,14041.178315693993,6671.851980276889,1305.0813506075897,6632.100211138199
2025-06-23,97690.0,148500.0,36369.0,14050.476408808783,6710.424299135993,1402.2804881207924,6616.147523731196
2025-06-24,97394.0,148430.0,36295.0,14034.9795869508,6720.486643186184,1357.7572502040096,6593.813761361397
2025-06-25,96914.0,148260.0,36196.0,14019.482765092816,6698.684897744103,1308.991301926808,6606.575911287004
2025-06-26,96527.0,148080.0,36107.0,14016.383400721215,6702.039012427501,1270.869276564598,6616.147523731196
2025-06-27,96204.0,147860.0,36068.0,14019.482765092816,6779.878885839306,1255.22947128779,6625.719136175405
2025-06-28,95866.0,147600.0,36053.0,14025.68149383601,6791.850032462396,1236.3873653085072,6641.671823582408
2025-06-29,95575.0,147350.0,36038.0,14031.880222579202,6757.646756396388,1219.3090256220023,6644.862361063805
2025-06-30,95239.0,147050.0,36013.0,14034.9795869508,6732.226044578111,1203.1295459189969,6632.100211138199
2025-07-01,94904.0,146780.0,35994.0,14050.476408808783,6774.748394429412,1195.039806067504,6927.688223119505
2025-07-02,94707.0,146540.0,35979.0,14044.27768006559,6783.299213445904,1189.6466461665088,6893.7242846129975
2025-07-03,94419.0,146230.0,35954.0,13991.632736314205,6785.009377249202,1179.7591863479977,6554.498502222301
2025-07-04,94056.0,145940.0,35920.0,14038.078951322395,6805.531342888783,1181.5569063149958,6628.909673656802
2025-07-05,93635.0,145590.0,35876.0,14065.973230666808,6810.661834298718,1175.2648864305015,6676.767735877795
2025-07-06,93216.0,145320.0,35832.0,14084.56941689639,6786.719541052501,1164.4785666284909,6679.958273359192
2025-07-07,92767.0,145030.0,35783.0,14087.668781267988,6778.168722036007,1153.724115054301,6660.815048470809
2025-07-08,92305.0,144720.0,35729.0,14059.774501923612,6766.197575412919,1145.054197497309,6635.290748619596
2025-07-09,91844.0,144340.0,35690.0,14028.780858207603,6767.907739216217,1138.1182634516952,6683.148810840607
2025-07-10,91369.0,143910.0,35660.0,14007.085307606389,6767.907739216217,1130.3153376504024,6628.909673656802
2025-07-11,90822.0,143460.0,35655.0,13994.68785012,6757.646756396388,1122.5124118491094,6628.909673656802
2025-07-12,90335.0,143010.0,35665.0,14010.184671977986,6629.925546734389,1116.4434695591954,6641.671823582408
2025-07-13,89909.0,142560.0,35670.0,14025.68149383601,6626.571432050992,1118.1774530705936,6648.052898545202
2025-07-14,90173.0,142360.0,35704.0,14056.675137552014,6743.9654459700005,1197.7363860180017,6648.052898545202
2025-07-15,90291.0,142050.0,35729.0,14084.56941689639,6997.770105582905,1294.3289844797991,6609.766448768401
2025-07-16,90350.0,141710.0,35719.0,14022.582129464412,6880.778550233993,1277.711691373192,6571.171450679702
2025-07-17,90262.0,141340.0,35714.0,14000.886578863196,6810.661834298718,1240.8816652260032,6582.286749651308
2025-07-18,89894.0,140820.0,35699.0,14003.985943234791,6796.980523872291,1212.118145754009,6593.813761361397
2025-07-19,89542.0,140320.0,35670.0,14013.284036349583,6732.226044578111,1187.8489261994905,6616.147523731196
2025-07-20,89176.0,139910.0,35646.0,14038.078951322395,6678.560209643683,1171.6694464965049,6641.671823582408
2025-07-21,88781.0,139370.0,35611.0,14050.476408808783,6713.77841381939,1163.5797066449918,6654.4339735079975
2025-07-22,88373.0,138890.0,35572.0,14038.078951322395,6755.93659259309,1152.8571232986014,6635.290748619596
2025-07-23,87952.0,138500.0,35465.0,14022.582129464412,6762.777247806283,1142.4532222301914,6616.147523731196
2025-07-24,87444.0,138150.0,35227.0,14013.284036349583,6750.806101183195,1132.9163129175,6619.338061212593
2025-07-25,86895.0,137810.0,35154.0,14019.482765092816,6733.90310191981,1123.3794036048089,6628.909673656802
2025-07-26,86362.0,137460.0,35096.0,14041.178315693993,6666.820808251794,1114.7094860477969,6644.862361063805
2025-07-27,85903.0,137180.0,35052.0,14053.575773180415,6591.353227875286,1106.906560246504,6737.387948024394
2025-07-28,85374.0,136880.0,35004.0,14050.476408808783,6636.633776101184,1099.9706262008906,6778.864935282592
2025-07-29,84776.0,136540.0,34941.0,14013.284036349583,6680.237266985381,1092.1677003995976,6705.482573210405
2025-07-30,84137.0,136210.0,34820.0,14007.085307606389,6688.622553693913,1084.3647745983046,6628.909673656802
2025-07-31,83628.0,135910.0,34758.0,14007.085307606389,6712.101356477691,1089.5667251325,6625.719136175405
2025-08-01,83220.0,135680.0,34791.0,14010.184671977986,6788.429704855799,1105.1725767351054,6727.816335580202
2025-08-02,82812.0,135350.0,34652.0,14007.085307606389,6752.516264986492,1107.7735520022031,6695.910960766196
2025-08-03,82391.0,135020.0,34508.0,13997.787214491598,6641.664948126317,1102.571601468008,6644.862361063805
2025-08-04,81930.0,134650.0,34359.0,13994.68785012,6613.154973317404,1094.7686756666951,6603.385373805607
2025-08-05,81483.0,134300.0,34202.0,13997.787214491598,6598.061457242117,1085.231766354004,6603.385373805607
2025-08-06,81024.0,133950.0,34044.0,14000.886578863196,6566.387404053008,1077.428840552691,6616.147523731196
2025-08-07,80580.0,133600.0,33887.0,14003.985943234791,6526.898173065007,1069.6259147513983,6625.719136175405
2025-08-08,80137.0,133270.0,33745.0,14003.985943234791,6480.827403579012,1062.8655492246046,6628.909673656802
2025-08-09,79681.0,132910.0,33584.0,14003.985943234791,6313.155623083217,1056.1637065373916,6628.909673656802
2025-08-10,79172.0,132550.0,33424.0,14003.985943234791,6099.296613953993,1050.2995941860968,6625.719136175405
2025-08-11,78596.0,132180.0,33264.0,14000.886578863196,5997.717778320014,1044.4354818348022,6619.338061212593
2025-08-12,78035.0,131820.0,33090.0,13997.787214491598,5936.851907104499,1039.409099819407,6609.766448768401
2025-08-13,77613.0,131490.0,32889.0,14038.078951322395,5898.488328396,1036.0581784757908,6609.766448768401
2025-08-14,77287.0,131180.0,32712.0,14137.25861121361,5936.851907104499,1033.544987468093,6644.862361063805
2025-08-15,76839.0,130820.0,32549.0,14050.476408808783,5915.356331261984,1030.1940661244962,6625.719136175405
2025-08-16,76311.0,130440.0,32415.0,14031.880222579202,5780.439647232901,1027.6808751167985,6625.719136175405
2025-08-17,75758.0,130080.0,32350.0,14016.383400721215,5613.610354497617,1025.1676841091007,6612.956986249798
2025-08-18,75207.0,129690.0,32253.0,14000.886578863196,5527.945234490993,1023.4922234373024,6600.194836324192
2025-08-19,74631.0,129290.0,32078.0,13997.787214491598,5466.272002252816,1020.1413020937052,6590.62322388
2025-08-20,74217.0,129020.0,31917.0,14016.383400721215,5402.605148426408,1018.4658414219068,6597.004298842795
2025-08-21,73923.0,128770.0,31770.0,14038.078951322395,5366.430799661408,1020.1413020937052,6600.194836324192
2025-08-22,73511.0,128370.0,31606.0,14038.078951322395,5324.754000570012,1020.9790324296048,6597.004298842795
2025-08-23,73046.0,127880.0,31460.0,14038.078951322395,4954.473738081601,1020.1413020937052,6597.004298842795
2025-08-24,72556.0,127370.0,31406.0,14034.9795869508,4634.291763439192,1018.4658414219068,6597.004298842795
2025-08-25,72134.0,126900.0,31301.0,14028.780858207603,4516.696960134012,1017.6281110860076,6597.004298842795
2025-08-26,71765.0,126370.0,31125.0,14019.482765092816,4452.589816436413,1016.7903807501084,6593.813761361397
2025-08-27,71371.0,125870.0,30949.0,14007.085307606389,4383.811272802789,1015.1149200782908,6597.004298842795
2025-08-28,71004.0,125360.0,30782.0,13997.787214491598,4319.606113124392,1013.4394594064923,6593.813761361397
2025-08-29,70612.0,124840.0,30576.0,14000.886578863196,4251.002486307599,1011.763998734694,6543.383203250696
2025-08-30,70168.0,124300.0,30376.0,14003.985943234791,3836.539695708001,1010.0885380628956,6512.816131078808
2025-08-31,69687.0,123780.0,30189.0,14007.085307606389,3486.824802212396,1008.413077391097,6518.373780564603
2025-09-01,69156.0,123270.0,29998.0,14013.284036349583,3367.99710906361,1006.7376167192986,6526.710254793296
2025-09-02,68587.0,122770.0,29804.0,14019.482765092816,3304.5144262223994,1005.0621560475,6535.046729022004
2025-09-03,68097.0,122250.0,29597.0,14022.582129464412,3236.038044221094,1004.2244257116008,6535.046729022004
2025-09-04,67751.0,121770.0,29392.0,14028.780858207603,3166.5736819877907,1002.5489650398024,6510.037306335895
2025-09-05,67546.0,121360.0,29200.0,14034.9795869508,3109.048598149799,1002.5489650398024,6585.065574394206
2025-09-06,67315.0,120860.0,29022.0,14034.9795869508,3019.633258984195,1003.3866953757016,6582.286749651308
2025-09-07,67111.0,120370.0,28835.0,14038.078951322395,2914.140757329608,1005.0621560475,6562.834976450994
2025-09-08,66791.0,119860.0,28633.0,14034.9795869508,2870.3214879132065,1005.8998863833992,6543.383203250696
2025-09-09,66346.0,119330.0,28435.0,14028.780858207603,2834.8741127291983,1005.0621560475,6543.383203250696
2025-09-10,65863.0,118890.0,28233.0,14025.68149383601,2804.046131661606,1003.3866953757016,6512.816131078808
2025-09-11,65395.0,118450.0,28029.0,14019.482765092816,2770.403742921897,1002.5489650398024,6435.0090382776
2025-09-12,65042.0,117940.0,27850.0,14016.383400721215,2735.036103477591,1001.7112347039032,6351.644295990596
2025-09-13,64639.0,117420.0,27680.0,14010.184671977986,2647.268657989194,1000.0357740321048,6272.083342767006
2025-09-14,64163.0,116920.0,27507.0,14007.085307606389,2517.1991053404013,999.1980436962052,6188.058035332806
2025-09-15,63675.0,116410.0,27348.0,14003.985943234791,2470.434599075408,998.360313360306,6101.322234110407
2025-09-16,63202.0,115900.0,27184.0,14000.886578863196,2437.106623965603,997.5225830244068,6007.068757052101
2025-09-17,62705.0,115450.0,27059.0,14000.886578863196,2401.45344129,996.6848526885076,5929.833695681396
2025-09-18,62012.0,114980.0,26988.0,13997.787214491598,2366.834509688397,995.8471223526084,5924.5071397248
2025-09-19,61187.0,114480.0,26921.0,13994.68785012,2330.710407147596,994.1716616807907,5929.833695681396
2025-09-20,60245.0,113970.0,26880.0,13991.632736314205,2241.6215706839944,993.3339313448917,5919.180583768205
2025-09-21,59333.0,113460.0,26822.0,13988.577622508406,2109.6953190372024,991.6584706730932,5849.935356332392
2025-09-22,58498.0,112960.0,26776.0,13982.467394896814,2060.9381035668007,990.820740337194,5764.897629841194
2025-09-23,57729.0,112470.0,26718.0,13985.522508702608,2025.5151346227024,989.9830100012946,5743.965743643598
2025-09-24,57238.0,112080.0,26681.0,13994.68785012,1993.7845462851008,989.1452796653956,5668.087656177293
2025-09-25,57071.0,111960.0,26772.0,14016.383400721215,1983.207683505896,1005.0621560475,5597.442540260398
2025-09-26,57489.0,112310.0,27063.0,14041.178315693993,2046.0400655063988,1050.2995941860968,5607.908483359203
2025-09-27,57477.0,112010.0,27113.0,14044.27768006559,2059.5837364704016,1073.093881774195,5615.7579406832965
2025-09-28,57214.0,111600.0,27084.0,14044.27768006559,2043.3635905626013,1074.8278652855936,5623.607398007404
2025-09-29,56630.0,111170.0,27059.0,14044.27768006559,1997.7508698272975,1068.758922995699,5626.223883782101
2025-09-30,56072.0,110720.0,26984.0,14041.178315693993,1908.245302519805,1061.190088552806,5628.8403695568
2025-10-01,55435.0,110260.0,26826.0,14038.078951322395,1808.3872534316963,1052.8127851937948,5628.8403695568
2025-10-02,54719.0,109840.0,26697.0,14031.880222579202,1706.5364299679943,1044.4354818348022,5628.8403695568
2025-10-03,53984.0,109420.0,26586.0,14013.284036349583,1612.327855177503,1036.895908811709,5626.223883782101
2025-10-04,53057.0,108970.0,26561.0,13921.365118780795,1525.1806670675949,1030.1940661244962,5626.223883782101
2025-10-05,52034.0,108510.0,26532.0,13820.546363189384,1438.2605645196013,1025.1676841091007,5626.223883782101
2025-10-06,51111.0,108060.0,26503.0,13735.003176626997,1356.1906889363945,1020.1413020937052,5623.607398007404
2025-10-07,50421.0,107620.0,26474.0,13722.782721403804,1288.8770410583995,1015.9526504142092,5623.607398007404
2025-10-08,50162.0,107350.0,26474.0,13765.554314685,1242.214852007398,1020.9790324296048,5644.5392842050005
2025-10-09,49881.0,107000.0,26483.0,13783.884997519785,1213.381404910803,1030.1940661244962,5657.621713078503
2025-10-10,49310.0,106580.0,26470.0,13768.609428490798,1135.976868435,1032.7072571321935,5657.621713078503
2025-10-11,48943.0,106170.0,26417.0,13683.146661955208,1058.3469408224998,1031.8695267962946,5660.2381988532
2025-10-12,48765.0,105740.0,26285.0,13604.759163352808,983.1942954375004,1030.1940661244962,5670.704141952007
2025-10-13,48399.0,105340.0,26212.0,13595.714451975618,916.2306115334964,1030.1940661244962,5683.786570825494
2025-10-14,48145.0,105010.0,26347.0,13598.729355768017,871.746443151601,1031.8695267962946,5733.499800544793
2025-10-15,47749.0,104640.0,26339.0,13598.729355768017,831.9350106948025,1031.8695267962946,5746.582229418295
2025-10-16,47266.0,104240.0,26265.0,13595.714451975618,784.649208000003,1031.0317964603953,5717.800885896593
2025-10-17,46830.0,103830.0,26175.0,13589.684644390789,751.3839266226001,1027.6808751167985,5675.937113501401
2025-10-18,46461.0,103410.0,26085.0,13586.669740598392,724.0003209654013,1024.3299537732016,5634.073341106195
2025-10-19,46233.0,103020.0,25984.0,13586.669740598392,690.6769077696003,1021.8167627655038,5589.593082936305
2025-10-20,46050.0,102700.0,25886.0,13589.684644390789,673.8530251290002,1020.9790324296048,5550.345796315796
2025-10-21,45769.0,102400.0,25830.0,13571.595221636406,702.2865227081976,1021.8167627655038,5503.434917781595
2025-10-22,45394.0,102060.0,25717.0,13457.028877525208,716.9788836173998,1024.3299537732016,5462.314607028004
2025-10-23,44795.0,101700.0,25584.0,13325.218889515188,713.2132191210031,1026.0054144449998,5423.764315696494
2025-10-24,44190.0,101330.0,25467.0,13197.309859336803,703.6523597597962,1025.1676841091007,5395.494102053405
2025-10-25,43683.0,100960.0,25351.0,13105.096372463986,700.2377671307994,1023.4922234373024,5367.223888410302
2025-10-26,43179.0,100590.0,25210.0,13090.22322942,694.7744189243966,1021.8167627655038,5341.523694189296
2025-10-27,42604.0,100210.0,25083.0,13087.288973750105,685.8964780889968,1020.1413020937052,5313.253480546207
2025-10-28,42013.0,99810.0,24932.0,13081.420462410306,677.8355760509968,1017.6281110860076,5282.413247481006
2025-10-29,41581.0,99429.0,24844.0,13075.551951070514,681.486247729501,1015.9526504142092,5254.189174339502
2025-10-30,41529.0,99122.0,24872.0,13114.020258290411,690.6769077696003,1026.8431447808991,5284.983266903103
2025-10-31,41920.0,99005.0,25047.0,13194.335230728007,898.2871374420034,1074.8278652855936,5356.9438107218975
2025-11-01,42500.0,98815.0,25159.0,13218.132259598384,995.8777197614984,1116.4434695591954,5292.693325169397
2025-11-02,42761.0,98582.0,25238.0,13230.030774033608,962.5434883125004,1138.9852552073944,5221.378748373004
2025-11-03,42813.0,98334.0,25234.0,13235.980031251203,860.1134321112028,1146.7881810087072,5196.139959167997
2025-11-04,42896.0,98088.0,25135.0,13235.980031251203,820.619639209204,1146.7881810087072,5178.4728067245
2025-11-05,43126.0,97826.0,25047.0,13235.980031251203,835.742905480799,1144.1872057416094,5160.805654281002
2025-11-06,43420.0,97595.0,24959.0,13238.95465986,840.6931687026031,1138.9852552073944,5140.614622917005
2025-11-07,43630.0,97392.0,25023.0,13238.95465986,837.2660633951975,1133.7833046731992,5122.947470473507
2025-11-08,43746.0,97161.0,25051.0,13247.878545686392,839.9315897454037,1128.581354139004,5135.566865075995
2025-11-09,43894.0,96974.0,25123.0,13259.777060121616,849.0705372318041,1154.59110681,5155.757896440005
2025-11-10,44084.0,97032.0,25266.0,13286.54871760079,901.7998763922004,1270.869276564598,5196.139959167997
2025-11-11,44317.0,97104.0,25423.0,13298.447232036016,925.0560251876974,1180.6580463314967,5216.330990531994
2025-11-12,44529.0,97118.0,25527.0,13304.39648925361,907.0040427131956,1153.724115054301,5226.426506213999
2025-11-13,44710.0,97104.0,25604.0,13307.371117862407,877.6010080685958,1149.389156275805,5236.522021896004
2025-11-14,44955.0,97061.0,25676.0,13310.345746471205,869.0143128570036,1149.389156275805,5241.569779736999
2025-11-15,45340.0,96989.0,25765.0,13316.295003688798,866.6724868901969,1147.6551727644064,5246.617537577995
2025-11-16,46017.0,97205.0,25854.0,13322.244260906393,868.6240085292039,1214.8147257045066,5256.71305326
2025-11-17,47135.0,97624.0,25976.0,13328.193518123986,876.0397907573972,1195.938666051003,5259.283072682098
2025-11-18,47782.0,98204.0,26028.0,13328.193518123986,855.5439583679982,1174.3660264470025,5254.189174339502
2025-11-19,48255.0,98757.0,25963.0,13334.142775341616,823.5937464564013,1164.4785666284909,5266.993130948405
2025-11-20,48621.0,99209.0,25890.0,13340.09203255921,806.8643931908996,1157.2876867604975,5279.843228058894
2025-11-21,48954.0,99590.0,25834.0,13343.066661168008,799.8008884787976,1151.1231397872032,5290.123305747299
2025-11-22,49455.0,99649.0,25878.0,13351.9905469944,796.4550178257006,1149.389156275805,5305.5434222799
2025-11-23,49937.0,99590.0,25931.0,13357.939804211994,809.838500438097,1144.1872057416094,5320.9635388125
2025-11-24,50353.0,99590.0,25919.0,13363.889061429589,812.8126076853026,1138.1182634516952,5331.243616500905
2025-11-25,50726.0,99561.0,25878.0,13372.812947256016,796.4550178257006,1133.7833046731992,5333.813635923003
2025-11-26,51123.0,99502.0,25951.0,13387.686090300002,793.4809105785033,1156.3888267769985,5344.0937136113935
2025-11-27,51543.0,99414.0,26024.0,13396.730801677191,794.5962007962023,1164.4785666284909,5344.0937136113935
2025-11-28,51932.0,99297.0,26053.0,13396.730801677191,786.8193756600009,1151.1231397872032,5328.673597078793
2025-11-29,52275.0,99136.0,26004.0,13402.760609261988,781.3939565099977,1142.4532222301914,5305.5434222799
2025-11-30,52585.0,98976.0,26061.0,13405.775513054385,770.1814235999996,1136.384279940297,5282.413247481006
2025-12-01,52815.0,98800.0,26085.0,13411.805320639214,760.0539745200006,1132.049321161801,5261.853092104196
2025-12-02,52931.0,98655.0,26146.0,13426.8798396012,758.6071960800019,1129.4483458947032,5261.853092104196
2025-12-03,53011.0,98495.0,26204.0,13441.954358563187,771.2665074299986,1128.581354139004,5282.413247481006
2025-12-04,52977.0,98291.0,26236.0,13444.969262355617,781.0322618999979,1127.714362383305,5292.693325169397
2025-12-05,52884.0,98030.0,26273.0,13447.984166148011,749.6285672856019,1121.6454200933904,5297.833364013607
2025-12-06,52804.0,97812.0,26294.0,13450.999069940412,753.905166149998,1115.576477803496,5302.973402857802
2025-12-07,52723.0,97551.0,26322.0,13454.01397373281,778.5003996300003,1113.8424942920976,5308.1134417019975
2025-12-08,52597.0,97262.0,26339.0,13457.028877525208,782.1173457299969,1111.241519025,5313.253480546207
2025-12-09,52413.0,96931.0,26359.0,13457.028877525208,740.851770600602,1101.7046097123086,5313.253480546207
2025-12-10,52252.0,96672.0,26380.0,13444.969262355617,728.2131833741975,1096.5026591780936,5315.8234999683045
2025-12-11,52115.0,96428.0,26396.0,13331.168146732783,738.0431956613965,1094.7686756666951,5320.9635388125
2025-12-12,51909.0,96085.0,26404.0,13161.614316031202,738.0431956613965,1091.3007086438984,5308.1134417019975
2025-12-13,51646.0,95771.0,26429.0,13028.603860352088,723.2981772306019,1085.231766354004,5297.833364013607
2025-12-14,51441.0,95471.0,26437.0,12908.299377886198,726.1067521697993,1083.4977828426054,5295.263344591494
2025-12-15,51236.0,95131.0,26445.0,12793.903910039404,716.2863524871003,1080.0298158198086,5284.983266903103
2025-12-16,51020.0,94805.0,26462.0,12779.435148086415,710.8230042806974,1076.561848796992,5279.843228058894
2025-12-17,50850.0,94564.0,26478.0,12776.541395695784,710.8230042806974,1073.9608735298943,5279.843228058894
2025-12-18,50760.0,94635.0,26499.0,12779.435148086415,708.4327894403997,1072.226890018496,5284.983266903103
2025-12-19,50975.0,95273.0,26672.0,12837.877241808595,838.0276423523968,1204.9272658859952,5341.523694189296
2025-12-20,52539.0,96916.0,27234.0,12955.24746860459,1316.354361463197,1311.9237654162057,5421.194296274397
2025-12-21,53694.0,97855.0,27440.0,13016.8668376725,1316.8505021957965,1251.3195199685938,5444.324471073304
2025-12-22,54555.0,98480.0,27558.0,13060.880672720992,1033.7017543842028,1207.6238458364926,5439.184432229095
2025-12-23,55247.0,98961.0,27676.0,13099.147115246393,875.6494864295975,1192.3432261170065,5408.344199163895
2025-12-24,55706.0,99385.0,27761.0,13131.868029943196,826.2231685157989,1185.152346248993,5385.214024365
2025-12-25,56049.0,99664.0,27837.0,13161.614316031202,797.5703080433996,1179.7591863479977,5351.8037718777005
2025-12-26,56297.0,99869.0,27905.0,13188.385973510412,761.8624475699991,1168.9728665460077,5320.9635388125
2025-12-27,56523.0,100120.0,27956.0,13227.05614542481,797.1985446374999,1160.8831266944942,5331.243616500905
2025-12-28,56689.0,100310.0,28012.0,13250.85317429519,824.7090366741003,1160.8831266944942,5333.813635923003
2025-12-29,57082.0,100710.0,28135.0,13274.650203165602,831.1734317376031,1195.039806067504,5341.523694189296
2025-12-30,58149.0,101450.0,28263.0,13298.447232036016,834.9813265235996,1230.9942054074918,5351.8037718777005
2025-12-31,58824.0,101900.0,28268.0,13316.295003688798,799.0573616669983,1203.1295459189969,5341.523694189296
2026-01-01,59333.0,102280.0,28439.0,13334.142775341616,794.9679642021019,1189.6466461665088,5320.9635388125
2026-01-02,59685.0,102610.0,28439.0,13349.015918385605,766.9261721100025,1177.0626063975,5302.973402857802
2026-01-03,59892.0,103030.0,28512.0,13360.914432820791,773.7983696999964,1167.175146579009,5310.683461124095
2026-01-04,60099.0,103440.0,28521.0,13375.787575864812,777.7770104100008,1159.9842667109951,5320.9635388125
2026-01-05,60269.0,103800.0,28615.0,13387.686090300002,773.074980479997,1156.3888267769985,5326.103577656695
2026-01-06,60428.0,104150.0,28607.0,13399.745705469591,763.3092260099977,1153.724115054301,5320.9635388125
2026-01-07,60599.0,104520.0,28547.0,13411.805320639214,757.5221122500029,1168.0740065625082,5313.253480546207
2026-01-08,60881.0,104920.0,28585.0,13426.8798396012,764.7560044499963,1226.499905489996,5302.973402857802
2026-01-09,61150.0,105300.0,28572.0,13447.984166148011,762.947531399998,1257.1844469474106,5295.263344591494
2026-01-10,61753.0,105820.0,28715.0,13475.11830027959,781.3939565099977,1286.5090818414062,5310.683461124095
2026-01-11,62643.0,106460.0,28844.0,13508.282241995994,796.4550178257006,1320.7211558843974,5349.233752455603
2026-01-12,63513.0,107060.0,28926.0,13538.43127992,770.904812819999,1268.914300905,5362.083849566106
2026-01-13,64250.0,107580.0,28883.0,13562.550510259212,741.2028424680016,1228.2976254569942,5320.9635388125
2026-01-14,64916.0,108100.0,28823.0,13586.669740598392,730.6706864460031,1209.421565803491,5290.123305747299
2026-01-15,65560.0,108720.0,28758.0,13610.788970937603,719.4363866891975,1223.8033255394985,5290.123305747299
2026-01-16,66219.0,109250.0,28684.0,13631.893297484385,697.8475522905015,1219.3090256220023,5269.563150370503
2026-01-17,66689.0,109700.0,28624.0,13659.027431615994,709.1157079661991,1203.1295459189969,5277.273208636796
2026-01-18,67085.0,110140.0,28551.0,13686.161565747603,722.5960334958024,1193.2420861005055,5295.263344591494
2026-01-19,67430.0,110510.0,28452.0,13710.562266180616,725.7556803023997,1184.2534862654934,5300.403383435704
2026-01-20,67661.0,110810.0,28349.0,13725.837835209602,698.5304708163009,1173.4671664635032,5300.403383435704
2026-01-21,67764.0,111030.0,28272.0,13738.05829043279,671.5298704245024,1160.8831266944942,5292.693325169397
2026-01-22,67918.0,111350.0,28169.0,13756.388973267609,702.9694412339968,1159.085406727496,5300.403383435704
2026-01-23,68072.0,111620.0,28071.0,13774.719656102392,703.3109004968966,1159.085406727496,5297.833364013607
2026-01-24,68110.0,111770.0,27926.0,13783.884997519785,652.9446327884966,1149.389156275805,5290.123305747299
2026-01-25,68123.0,111980.0,27846.0,13814.436135577793,624.4217216949006,1142.4532222301914,5295.263344591494
2026-01-26,68162.0,112270.0,27731.0,13841.93215983,633.7891884875994,1139.8522469630936,5295.263344591494
2026-01-27,68136.0,112460.0,27588.0,13863.317956470615,702.2865227081976,1138.1182634516952,5300.403383435704
2026-01-28,68059.0,112650.0,27516.0,13881.6486393054,715.6034339613009,1139.8522469630936,5297.833364013607
2026-01-29,67969.0,112800.0,27503.0,13893.869094528589,718.0320992195986,1138.1182634516952,5287.553286325202
2026-01-30,67879.0,112960.0,27411.0,13903.034435946014,709.4571672290988,1134.6502964288984,5274.703189214698
2026-01-31,67764.0,113110.0,27335.0,13912.199777363405,690.3354485067007,1130.3153376504024,5277.273208636796
2026-02-01,67635.0,113230.0,27243.0,13921.365118780795,671.5298704245024,1125.9803788719064,5282.413247481006
2026-02-02,67482.0,113360.0,27176.0,13930.53046019819,664.8922855545009,1119.911436581992,5287.553286325202
2026-02-03,67315.0,113470.0,27192.0,13936.640687809784,674.1849043725,1114.7094860477969,5287.553286325202
2026-02-04,67149.0,113590.0,27209.0,13945.806029227211,683.8477225115987,1108.6405437579024,5279.843228058894
2026-02-05,66970.0,113680.0,27222.0,13954.971370644602,671.5298704245024,1104.305584979406,5272.133169792601
2026-02-06,66779.0,113760.0,26950.0,13967.19182586779,654.272149762503,1099.1036344451911,5266.993130948405
2026-02-07,66575.0,113700.0,27205.0,13976.357167285216,670.5342326940033,1095.6356674223944,5269.563150370503
2026-02-08,66358.0,113570.0,27230.0,13982.467394896814,681.1543684860012,1090.4337168881991,5269.563150370503
2026-02-09,66143.0,113470.0,27239.0,13988.577622508406,683.8477225115987,1084.3647745983046,5274.703189214698
2026-02-10,65927.0,113330.0,27247.0,13994.68785012,687.2623151406034,1079.1628240641094,5284.983266903103
2026-02-11,65686.0,113220.0,27105.0,14000.886578863196,683.1648039857995,1075.6948570412928,5287.553286325202
2026-02-12,65395.0,113110.0,26950.0,13997.787214491598,678.8312137815034,1073.093881774195,5279.843228058894
2026-02-13,65105.0,113000.0,26996.0,13994.68785012,672.1936289115018,1070.4929065070976,5269.563150370503
2026-02-14,64841.0,112880.0,26751.0,13997.787214491598,663.5647685805021,1067.0542009041003,5269.563150370503
2026-02-15,64576.0,112770.0,26739.0,14003.985943234791,656.5953044670009,1064.541009896403,5269.563150370503
2026-02-16,64350.0,112660.0,26635.0,14016.383400721215,654.9359082495024,1062.8655492246046,5277.273208636796
2026-02-17,64113.0,112530.0,26565.0,14019.482765092816,664.5604063110012,1062.0278188887053,5282.413247481006
2026-02-18,63900.0,112440.0,26573.0,14031.880222579202,675.1805421029991,1070.4929065070976,5274.703189214698
2026-02-19,63737.0,112410.0,26594.0,14028.780858207603,678.8312137815034,1085.231766354004,5279.843228058894
2026-02-20,63663.0,112530.0,26614.0,14038.078951322395,690.6769077696003,1105.1725767351054,5323.533558234598
2026-02-21,63613.0,112690.0,26639.0,14044.27768006559,755.7136391999964,1132.9163129175,5464.884626450101
2026-02-22,63525.0,112820.0,26639.0,14047.377044437188,787.5427648800004,1143.3202139858904,5573.894168288105
2026-02-23,63426.0,112950.0,26643.0,14047.377044437188,763.3092260099977,1147.6551727644064,5586.9765971615925
2026-02-24,63289.0,113040.0,26697.0,14016.383400721215,684.5306410373981,1145.921189253008,5362.083849566106
2026-02-25,63139.0,113140.0,26689.0,13988.577622508406,662.9010100935027,1141.586230474492,5284.983266903103
2026-02-26,63003.0,113270.0,26697.0,13997.787214491598,681.1543684860012,1142.4532222301914,5264.423111526293
2026-02-27,62866.0,113330.0,26685.0,14010.184671977986,654.6040290060027,1151.9901315429022,5277.273208636796
2026-02-28,62730.0,113310.0,26693.0,14025.68149383601,637.6653816432032,1188.7477861830098,5315.8234999683045
2026-03-01,62655.0,113280.0,26705.0,14044.27768006559,696.4817152389028,1233.69078535801,5346.663733033506
2026-03-02,62593.0,113220.0,26714.0,14056.675137552014,757.8838068600026,1186.0512062324915,5349.233752455603
2026-03-03,62507.0,113200.0,26701.0,14031.880222579202,743.3092736723997,1168.0740065625082,5310.683461124095
2026-03-04,62730.0,113410.0,26743.0,14019.482765092816,729.6174708437961,1283.5766183520088,5284.983266903103
2026-03-05,63251.0,113700.0,26813.0,14038.078951322395,799.4291250728979,1367.076067442401,5284.983266903103
2026-03-06,64740.0,114640.0,26984.0,14217.842084875208,1505.71836888,1444.732877762401,5508.5749566258055
2026-03-07,66919.0,115930.0,27159.0,14267.431914820798,2420.830171005,1447.938208879198,5485.444781826897
2026-03-08,70481.0,118810.0,27478.0,14220.941449246806,3299.476118060404,1493.506255442406,5354.373791299799
2026-03-09,75073.0,122330.0,28174.0,14140.357975585208,4269.1854608841095,1528.2247671095988,5233.998142975506
2026-03-10,78473.0,124770.0,28844.0,14121.76178935559,4724.047258463699,1459.872697264812,5251.665295419005
2026-03-11,80954.0,126900.0,29839.0,14106.264967497604,4924.484106466797,1427.1306674231937,5300.403383435704
2026-03-12,83290.0,129310.0,31238.0,14103.165603126006,5386.688434969789,1435.4140605240095,5395.494102053405
2026-03-13,85146.0,131060.0,32004.0,14041.178315693993,5419.968835833592,1400.2096398455942,5295.263344591494
2026-03-14,86607.0,132270.0,32373.0,14044.27768006559,5369.324747562606,1335.3834733314063,5261.853092104196
2026-03-15,87748.0,133190.0,32619.0,14025.68149383601,5145.657558163215,1281.621642692411,5254.189174339502
2026-03-16,88708.0,134130.0,32922.0,14034.9795869508,4870.980284649586,1292.374008820201,5269.563150370503
2026-03-17,90660.0,136280.0,33821.0,14171.351619301216,6013.324411965,1440.5911812120046,5421.194296274397
2026-03-18,92603.0,137740.0,34345.0,14239.53763547639,6586.32205585019,1401.2450639831934,5305.5434222799
2026-03-19,93575.0,138800.0,34623.0,14152.7554330716,6066.386966357987,1332.451009842009,5302.973402857802
2026-03-20,94222.0,139730.0,34845.0,14075.2713237816,5929.157424516006,1297.2614479691963,5277.273208636796
2026-03-21,95407.0,140980.0,35139.0,14087.668781267988,6014.885075329498,1407.4576088088113,5272.133169792601
2026-03-22,96281.0,142000.0,35397.0,14075.2713237816,5966.504511030008,1375.359460543193,5236.522021896004
2026-03-23,97177.0,143310.0,35763.0,14158.954161814792,6428.175095594985,1414.7055777720047,5231.474264054994
2026-03-24,97721.0,144320.0,36063.0,14239.53763547639,7013.62318033919,1366.040643304802,5249.141416498507
2026-03-25,97861.0,145160.0,36260.0,14199.245898645591,6363.246351186007,1296.283960139397,5254.189174339502
2026-03-26,97924.0,145890.0,36423.0,14124.861153727188,5694.59104052821,1251.3195199685938,5277.273208636796
2026-03-27,98377.0,146760.0,36587.0,14069.072595038404,5817.215223678003,1232.79192537449,5310.683461124095
2026-03-28,98361.0,147350.0,36711.0,14044.27768006559,5952.458540749485,1210.3204257869902,5320.9635388125
2026-03-29,97939.0,147730.0,36791.0,14000.886578863196,5877.019961111983,1191.4443661335072,5302.973402857802
2026-03-30,97550.0,147900.0,36851.0,13973.302053479383,5671.999301921697,1178.8603263644984,5292.693325169397
2026-03-31,97239.0,148080.0,36851.0,14010.184671977986,5476.400819907007,1179.7591863479977,5326.103577656695
2026-04-01,97705.0,148690.0,36911.0,14038.078951322395,5461.9310804009865,1208.522705819992,5395.494102053405
2026-04-02,98048.0,148940.0,36961.0,14025.68149383601,5496.928553109287,1404.3513363959903,5475.164704138507
2026-04-03,98205.0,149070.0,36926.0,14010.184671977986,5508.74443173091,1419.88269846,5547.729310541099
2026-04-04,98048.0,148940.0,37015.0,14047.377044437188,5612.133369669883,1365.005219167203,5615.7579406832965
2026-04-05,97799.0,148810.0,37056.0,14093.867510011216,5826.415952513995,1333.428497671808,5683.786570825494
2026-04-06,97581.0,148720.0,37051.0,14127.960518098786,5993.035788226483,1352.5801295159906,5762.281144066496
2026-04-07,97270.0,148590.0,37030.0,14106.264967497604,5960.261857572013,1295.3064723095983,5820.639298571104
2026-04-08,96960.0,148590.0,37010.0,14072.17195941,5886.22068994801,1247.4095686493974,5884.557970050307
2026-04-09,96620.0,148720.0,36986.0,14038.078951322395,5831.01631693199,1214.8147257045066,5953.803197486104
2026-04-10,96312.0,148580.0,36896.0,14007.085307606389,5820.28213329,1195.039806067504,6020.385146943604
2026-04-11,96004.0,148260.0,36766.0,14019.482765092816,5887.754144754008,1185.152346248993,6087.769765169405
2026-04-12,95667.0,148100.0,36632.0,14028.780858207603,5955.579867478517,1178.8603263644984,6147.400628509797
2026-04-13,95285.0,147910.0,36503.0,14038.078951322395,5989.914461497487,1168.9728665460077,6207.031491850204
2026-04-14,95209.0,147840.0,36423.0,14038.078951322395,5991.475124861985,1165.37742661199,6266.662355190595
2026-04-15,95132.0,147820.0,36403.0,14034.9795869508,5996.157114955516,1166.27628659551,6321.077223818693
2026-04-16,95331.0,148100.0,36527.0,14022.582129464412,6016.445738693997,1174.3660264470025,6371.096069190895
2026-04-17,95483.0,148260.0,36632.0,14007.085307606389,6052.3409960775,1177.9614663809991,6426.672564048907
2026-04-18,95590.0,148410.0,36706.0,14010.184671977986,6096.121000448396,1169.8717265295063,6479.470234164007
2026-04-19,95759.0,148670.0,36791.0,14031.880222579202,6145.343009785187,1165.37742661199,6546.162027993593
2026-04-20,96142.0,148850.0,36886.0,14047.377044437188,6282.454854246007,1170.7705865130058,6612.956986249798
2026-04-21,96404.0,148740.0,36891.0,14041.178315693993,6392.331290084418,1163.5797066449918,6641.671823582408
2026-04-22,96543.0,148610.0,36841.0,14041.178315693993,6472.600480456482,1156.3888267769985,6648.052898545202
2026-04-23,96635.0,148480.0,36751.0,14038.078951322395,6544.997403934492,1150.256148031504,6635.290748619596
2026-04-24,96651.0,148320.0,36662.0,14034.9795869508,6571.323557926505,1144.1872057416094,6619.338061212593
2026-04-25,96651.0,148170.0,36637.0,14044.27768006559,6599.738514583817,1147.6551727644064,6616.147523731196
2026-04-26,96898.0,148210.0,36831.0,14100.066238754407,6877.358222627396,1233.69078535801,6648.052898545202
2026-04-27,96960.0,148120.0,36896.0,14115.563060612396,7117.492683333019,1223.8033255394985,6651.2434360266
2026-04-28,96852.0,147970.0,36836.0,14078.370688153194,6925.550542804191,1193.2420861005055,6632.100211138199
2026-04-29,96697.0,147800.0,36791.0,14047.377044437188,6718.809585844485,1179.7591863479977,6622.528598694008
2026-04-30,96666.0,147750.0,36891.0,14041.178315693993,6754.226428789791,1244.47710516,6651.2434360266
2026-05-01,96620.0,147640.0,36941.0,14019.482765092816,6728.8719298947135,1229.1964854404937,6622.528598694008
2026-05-02,96543.0,147510.0,36971.0,14031.880222579202,6802.111015282187,1222.0056055725,6622.528598694008
2026-05-03,96435.0,147330.0,37001.0,14047.377044437188,6867.097239807606,1198.6352460015007,6612.956986249798
2026-05-04,96312.0,147110.0,36971.0,14053.575773180415,6856.836256987814,1178.8603263644984,6600.194836324192
