reservoir,GRanD_ID,GRanD_NAME,GRanD_CAP_MCM,GRanD_MEANFLOW_CUMECS,Obs_MEANFLOW_CUMECS,fit,match,NORhi_alpha,NORhi_beta,NORhi_max,NORhi_min,NORhi_mu,NORlo_alpha,NORlo_beta,NORlo_max,NORlo_min,NORlo_mu,Release_alpha1,Release_alpha2,Release_beta1,Release_beta2,Release_c,Release_max,Release_min,Release_p1,Release_p2,GRanD_CAP_MG,GRanD_MEANFLOW_MGD
cannonsville,1550,Cannonsville Dam,555.1,24.605,NA,extrapolated,1615,-0.23,-2.01,Inf,-Inf,15.08,0.2,-4.08,15.52,12.31,12.58,0.2118,-0.0357,0.1302,-0.0248,-0.123,1.774,-0.804,0.183,0.732,146641.8772,561.5959692
pepacton,2192,Downsville Dam,752.1,20.799,NA,extrapolated,1615,-0.23,-2.01,Inf,-Inf,15.08,0.2,-4.08,15.52,12.31,12.58,0.2118,-0.0357,0.1302,-0.0248,-0.123,1.774,-0.804,0.183,0.732,198683.7612,474.7260542
neversink,2200,Neversink Reservoir Dam,175.2,5.169,NA,extrapolated,1615,-0.23,-2.01,Inf,-Inf,15.08,0.2,-4.08,15.52,12.31,12.58,0.2118,-0.0357,0.1302,-0.0248,-0.123,1.774,-0.804,0.183,0.732,46282.9344,117.9796612
wallenpaupack_actual,1560,Wallenpaupack,333,10.777,NA,extrapolated,1615,-0.23,-2.01,Inf,-Inf,15.08,0.2,-4.08,15.52,12.31,12.58,0.2118,-0.0357,0.1302,-0.0248,-0.123,1.774,-0.804,0.183,0.732,87969.276,245.9792628
bluemarsh,1615,Blue Marsh Dam,160.2,8.768,8.164,full,NA,-0.23,-2.01,Inf,-Inf,15.08,0.2,-4.08,15.52,12.31,12.58,0.2118,-0.0357,0.1302,-0.0248,-0.123,1.774,-0.804,0.183,0.732,42320.3544,200.124912
beltzville,1585,Beltzville Dam,127.8,5.106,5.017,full,NA,0,0,Inf,-Inf,100,2.28,-0.56,41.31,-Inf,40.9,0.2824,-0.0585,0.1903,0.005,-0.338,1.878,-0.807,17.016,0.788,33761.1816,116.5417199
wallenpaupack,1560,Wallenpaupack,333,10.777,NA,extrapolated,1585,0,0,Inf,-Inf,100,2.28,-0.56,41.31,-Inf,40.9,0.2824,-0.0585,0.1903,0.005,-0.338,1.878,-0.807,17.016,0.788,87969.276,245.9792628
