Timestamp (UTC-05:00),Corrected date,Value,Approval Level,Grade,Qualifiers
12/2/2009 0:00,12/1/2009,0,Working,50,
12/3/2009 0:00,12/2/2009,0,Working,50,
12/4/2009 0:00,12/3/2009,0,Working,50,
12/5/2009 0:00,12/4/2009,0,Working,50,
12/6/2009 0:00,12/5/2009,0,Working,50,
12/7/2009 0:00,12/6/2009,0,Working,50,
12/8/2009 0:00,12/7/2009,0,Working,50,
12/9/2009 0:00,12/8/2009,0,Working,50,
12/10/2009 0:00,12/9/2009,0,Working,50,
12/11/2009 0:00,12/10/2009,0,Working,50,
12/12/2009 0:00,12/11/2009,0,Working,50,
12/13/2009 0:00,12/12/2009,0,Working,50,
12/14/2009 0:00,12/13/2009,0,Working,50,
12/15/2009 0:00,12/14/2009,0,Working,50,
12/16/2009 0:00,12/15/2009,0,Working,50,
12/17/2009 0:00,12/16/2009,0,Working,50,
12/18/2009 0:00,12/17/2009,0,Working,50,
12/19/2009 0:00,12/18/2009,0,Working,50,
12/20/2009 0:00,12/19/2009,0,Working,50,
12/21/2009 0:00,12/20/2009,0,Working,50,
12/22/2009 0:00,12/21/2009,0,Working,50,
12/23/2009 0:00,12/22/2009,0,Working,50,
12/24/2009 0:00,12/23/2009,0,Working,50,
12/25/2009 0:00,12/24/2009,0,Working,50,
12/26/2009 0:00,12/25/2009,0,Working,50,
12/27/2009 0:00,12/26/2009,0,Working,50,
12/28/2009 0:00,12/27/2009,0,Working,50,
12/29/2009 0:00,12/28/2009,0,Working,50,
12/30/2009 0:00,12/29/2009,0,Working,50,
12/31/2009 0:00,12/30/2009,0,Working,50,
1/1/2010 0:00,12/31/2009,0,Working,50,
1/2/2010 0:00,1/1/2010,0,Working,50,
1/3/2010 0:00,1/2/2010,0,Working,50,
1/4/2010 0:00,1/3/2010,0,Working,50,
1/5/2010 0:00,1/4/2010,0,Working,50,
1/6/2010 0:00,1/5/2010,0,Working,50,
1/7/2010 0:00,1/6/2010,0,Working,50,
1/8/2010 0:00,1/7/2010,0,Working,50,
1/9/2010 0:00,1/8/2010,0,Working,50,
1/10/2010 0:00,1/9/2010,0,Working,50,
1/11/2010 0:00,1/10/2010,0,Working,50,
1/12/2010 0:00,1/11/2010,0,Working,50,
1/13/2010 0:00,1/12/2010,0,Working,50,
1/14/2010 0:00,1/13/2010,0,Working,50,
1/15/2010 0:00,1/14/2010,0,Working,50,
1/16/2010 0:00,1/15/2010,0,Working,50,
1/17/2010 0:00,1/16/2010,0,Working,50,
1/18/2010 0:00,1/17/2010,0,Working,50,
1/19/2010 0:00,1/18/2010,0,Working,50,
1/20/2010 0:00,1/19/2010,0,Working,50,
1/21/2010 0:00,1/20/2010,0,Working,50,
1/22/2010 0:00,1/21/2010,0,Working,50,
1/23/2010 0:00,1/22/2010,0,Working,50,
1/24/2010 0:00,1/23/2010,0,Working,50,
1/25/2010 0:00,1/24/2010,0,Working,50,
1/26/2010 0:00,1/25/2010,0,Working,50,
1/27/2010 0:00,1/26/2010,0,Working,50,
1/28/2010 0:00,1/27/2010,0,Working,50,
1/29/2010 0:00,1/28/2010,0,Working,50,
1/30/2010 0:00,1/29/2010,0,Working,50,
1/31/2010 0:00,1/30/2010,0,Working,50,
2/1/2010 0:00,1/31/2010,0,Working,50,
2/2/2010 0:00,2/1/2010,0,Working,50,
2/3/2010 0:00,2/2/2010,0,Working,50,
2/4/2010 0:00,2/3/2010,0,Working,50,
2/5/2010 0:00,2/4/2010,0,Working,50,
2/6/2010 0:00,2/5/2010,0,Working,50,
2/7/2010 0:00,2/6/2010,0,Working,50,
2/8/2010 0:00,2/7/2010,0,Working,50,
2/9/2010 0:00,2/8/2010,0,Working,50,
2/10/2010 0:00,2/9/2010,0,Working,50,
2/11/2010 0:00,2/10/2010,0,Working,50,
2/12/2010 0:00,2/11/2010,0,Working,50,
2/13/2010 0:00,2/12/2010,0,Working,50,
2/14/2010 0:00,2/13/2010,0,Working,50,
2/15/2010 0:00,2/14/2010,0,Working,50,
2/16/2010 0:00,2/15/2010,0,Working,50,
2/17/2010 0:00,2/16/2010,0,Working,50,
2/18/2010 0:00,2/17/2010,0,Working,50,
2/19/2010 0:00,2/18/2010,0,Working,50,
2/20/2010 0:00,2/19/2010,0,Working,50,
2/21/2010 0:00,2/20/2010,0,Working,50,
2/22/2010 0:00,2/21/2010,0,Working,50,
2/23/2010 0:00,2/22/2010,0,Working,50,
2/24/2010 0:00,2/23/2010,0,Working,50,
2/25/2010 0:00,2/24/2010,0,Working,50,
2/26/2010 0:00,2/25/2010,0,Working,50,
2/27/2010 0:00,2/26/2010,0,Working,50,
2/28/2010 0:00,2/27/2010,0,Working,50,
3/1/2010 0:00,2/28/2010,0,Working,50,
3/2/2010 0:00,3/1/2010,0,Working,50,
3/3/2010 0:00,3/2/2010,0,Working,50,
3/4/2010 0:00,3/3/2010,0,Working,50,
3/5/2010 0:00,3/4/2010,0,Working,50,
3/6/2010 0:00,3/5/2010,0,Working,50,
3/7/2010 0:00,3/6/2010,0,Working,50,
3/8/2010 0:00,3/7/2010,0,Working,50,
3/9/2010 0:00,3/8/2010,0,Working,50,
3/10/2010 0:00,3/9/2010,0,Working,50,
3/11/2010 0:00,3/10/2010,0,Working,50,
3/12/2010 0:00,3/11/2010,0,Working,50,
3/13/2010 0:00,3/12/2010,0,Working,50,
3/14/2010 0:00,3/13/2010,0,Working,50,
3/15/2010 0:00,3/14/2010,0,Working,50,
3/16/2010 0:00,3/15/2010,0,Working,50,
3/17/2010 0:00,3/16/2010,0,Working,50,
3/18/2010 0:00,3/17/2010,0,Working,50,
3/19/2010 0:00,3/18/2010,0,Working,50,
3/20/2010 0:00,3/19/2010,0,Working,50,
3/21/2010 0:00,3/20/2010,0,Working,50,
3/22/2010 0:00,3/21/2010,0,Working,50,
3/23/2010 0:00,3/22/2010,0,Working,50,
3/24/2010 0:00,3/23/2010,0,Working,50,
3/25/2010 0:00,3/24/2010,0,Working,50,
3/26/2010 0:00,3/25/2010,0,Working,50,
3/27/2010 0:00,3/26/2010,0,Working,50,
3/28/2010 0:00,3/27/2010,0,Working,50,
3/29/2010 0:00,3/28/2010,0,Working,50,
3/30/2010 0:00,3/29/2010,0,Working,50,
3/31/2010 0:00,3/30/2010,0,Working,50,
4/1/2010 0:00,3/31/2010,0,Working,50,
4/2/2010 0:00,4/1/2010,0,Working,50,
4/3/2010 0:00,4/2/2010,0,Working,50,
4/4/2010 0:00,4/3/2010,0,Working,50,
4/5/2010 0:00,4/4/2010,0,Working,50,
4/6/2010 0:00,4/5/2010,0,Working,50,
4/7/2010 0:00,4/6/2010,0,Working,50,
4/8/2010 0:00,4/7/2010,0,Working,50,
4/9/2010 0:00,4/8/2010,0,Working,50,
4/10/2010 0:00,4/9/2010,0,Working,50,
4/11/2010 0:00,4/10/2010,0,Working,50,
4/12/2010 0:00,4/11/2010,0,Working,50,
4/13/2010 0:00,4/12/2010,0,Working,50,
4/14/2010 0:00,4/13/2010,0,Working,50,
4/15/2010 0:00,4/14/2010,0,Working,50,
4/16/2010 0:00,4/15/2010,0,Working,50,
4/17/2010 0:00,4/16/2010,0,Working,50,
4/18/2010 0:00,4/17/2010,0,Working,50,
4/19/2010 0:00,4/18/2010,0,Working,50,
4/20/2010 0:00,4/19/2010,0,Working,50,
4/21/2010 0:00,4/20/2010,0,Working,50,
4/22/2010 0:00,4/21/2010,0,Working,50,
4/23/2010 0:00,4/22/2010,0,Working,50,
4/24/2010 0:00,4/23/2010,0,Working,50,
4/25/2010 0:00,4/24/2010,0,Working,50,
4/26/2010 0:00,4/25/2010,0,Working,50,
4/27/2010 0:00,4/26/2010,0,Working,50,
4/28/2010 0:00,4/27/2010,0,Working,50,
4/29/2010 0:00,4/28/2010,0,Working,50,
4/30/2010 0:00,4/29/2010,0,Working,50,
5/1/2010 0:00,4/30/2010,0,Working,50,
5/2/2010 0:00,5/1/2010,0,Working,50,
5/3/2010 0:00,5/2/2010,0,Working,50,
5/4/2010 0:00,5/3/2010,0,Working,50,
5/5/2010 0:00,5/4/2010,0,Working,50,
5/6/2010 0:00,5/5/2010,0,Working,50,
5/7/2010 0:00,5/6/2010,0,Working,50,
5/8/2010 0:00,5/7/2010,0,Working,50,
5/9/2010 0:00,5/8/2010,0,Working,50,
5/10/2010 0:00,5/9/2010,0,Working,50,
5/11/2010 0:00,5/10/2010,0,Working,50,
5/12/2010 0:00,5/11/2010,0,Working,50,
5/13/2010 0:00,5/12/2010,0,Working,50,
5/14/2010 0:00,5/13/2010,0,Working,50,
5/15/2010 0:00,5/14/2010,0,Working,50,
5/16/2010 0:00,5/15/2010,0,Working,50,
5/17/2010 0:00,5/16/2010,0,Working,50,
5/18/2010 0:00,5/17/2010,0,Working,50,
5/19/2010 0:00,5/18/2010,0,Working,50,
5/20/2010 0:00,5/19/2010,0,Working,50,
5/21/2010 0:00,5/20/2010,0,Working,50,
5/22/2010 0:00,5/21/2010,0,Working,50,
5/23/2010 0:00,5/22/2010,0,Working,50,
5/24/2010 0:00,5/23/2010,0,Working,50,
5/25/2010 0:00,5/24/2010,0,Working,50,
5/26/2010 0:00,5/25/2010,0,Working,50,
5/27/2010 0:00,5/26/2010,0,Working,50,
5/28/2010 0:00,5/27/2010,0,Working,50,
5/29/2010 0:00,5/28/2010,0,Working,50,
5/30/2010 0:00,5/29/2010,0,Working,50,
5/31/2010 0:00,5/30/2010,0,Working,50,
6/1/2010 0:00,5/31/2010,0,Working,50,
6/2/2010 0:00,6/1/2010,0,Working,50,
6/3/2010 0:00,6/2/2010,0,Working,50,
6/4/2010 0:00,6/3/2010,0,Working,50,
6/5/2010 0:00,6/4/2010,0,Working,50,
6/6/2010 0:00,6/5/2010,0,Working,50,
6/7/2010 0:00,6/6/2010,0,Working,50,
6/8/2010 0:00,6/7/2010,0,Working,50,
6/9/2010 0:00,6/8/2010,0,Working,50,
6/10/2010 0:00,6/9/2010,0,Working,50,
6/11/2010 0:00,6/10/2010,0,Working,50,
6/12/2010 0:00,6/11/2010,0,Working,50,
6/13/2010 0:00,6/12/2010,0,Working,50,
6/14/2010 0:00,6/13/2010,0,Working,50,
6/15/2010 0:00,6/14/2010,0,Working,50,
6/16/2010 0:00,6/15/2010,0,Working,50,
6/17/2010 0:00,6/16/2010,0,Working,50,
6/18/2010 0:00,6/17/2010,0,Working,50,
6/19/2010 0:00,6/18/2010,0,Working,50,
6/20/2010 0:00,6/19/2010,0,Working,50,
6/21/2010 0:00,6/20/2010,0,Working,50,
6/22/2010 0:00,6/21/2010,0,Working,50,
6/23/2010 0:00,6/22/2010,0,Working,50,
6/24/2010 0:00,6/23/2010,0,Working,50,
6/25/2010 0:00,6/24/2010,0,Working,50,
6/26/2010 0:00,6/25/2010,0,Working,50,
6/27/2010 0:00,6/26/2010,0,Working,50,
6/28/2010 0:00,6/27/2010,0,Working,50,
6/29/2010 0:00,6/28/2010,0,Working,50,
6/30/2010 0:00,6/29/2010,0,Working,50,
7/1/2010 0:00,6/30/2010,0,Working,50,
7/2/2010 0:00,7/1/2010,0,Working,50,
7/3/2010 0:00,7/2/2010,0,Working,50,
7/4/2010 0:00,7/3/2010,0,Working,50,
7/5/2010 0:00,7/4/2010,0,Working,50,
7/6/2010 0:00,7/5/2010,0,Working,50,
7/7/2010 0:00,7/6/2010,0,Working,50,
7/8/2010 0:00,7/7/2010,0,Working,50,
7/9/2010 0:00,7/8/2010,0,Working,50,
7/10/2010 0:00,7/9/2010,0,Working,50,
7/11/2010 0:00,7/10/2010,0,Working,50,
7/12/2010 0:00,7/11/2010,0,Working,50,
7/13/2010 0:00,7/12/2010,0,Working,50,
7/14/2010 0:00,7/13/2010,0,Working,50,
7/15/2010 0:00,7/14/2010,0,Working,50,
7/16/2010 0:00,7/15/2010,0,Working,50,
7/17/2010 0:00,7/16/2010,0,Working,50,
7/18/2010 0:00,7/17/2010,0,Working,50,
7/19/2010 0:00,7/18/2010,0,Working,50,
7/20/2010 0:00,7/19/2010,0,Working,50,
7/21/2010 0:00,7/20/2010,0,Working,50,
7/22/2010 0:00,7/21/2010,0,Working,50,
7/23/2010 0:00,7/22/2010,0,Working,50,
7/24/2010 0:00,7/23/2010,0,Working,50,
7/25/2010 0:00,7/24/2010,0,Working,50,
7/26/2010 0:00,7/25/2010,0,Working,50,
7/27/2010 0:00,7/26/2010,0,Working,50,
7/28/2010 0:00,7/27/2010,0,Working,50,
7/29/2010 0:00,7/28/2010,0,Working,50,
7/30/2010 0:00,7/29/2010,0,Working,50,
7/31/2010 0:00,7/30/2010,0,Working,50,
8/1/2010 0:00,7/31/2010,0,Working,50,
8/2/2010 0:00,8/1/2010,0,Working,50,
8/3/2010 0:00,8/2/2010,0,Working,50,
8/4/2010 0:00,8/3/2010,0,Working,50,
8/5/2010 0:00,8/4/2010,100,Working,50,
8/6/2010 0:00,8/5/2010,100,Working,50,
8/7/2010 0:00,8/6/2010,100,Working,50,
8/8/2010 0:00,8/7/2010,150,Working,50,
8/9/2010 0:00,8/8/2010,100,Working,50,
8/10/2010 0:00,8/9/2010,100,Working,50,
8/11/2010 0:00,8/10/2010,100,Working,50,
8/12/2010 0:00,8/11/2010,150,Working,50,
8/13/2010 0:00,8/12/2010,100,Working,50,
8/14/2010 0:00,8/13/2010,200,Working,50,
8/15/2010 0:00,8/14/2010,200,Working,50,
8/16/2010 0:00,8/15/2010,0,Working,50,
8/17/2010 0:00,8/16/2010,250,Working,50,
8/18/2010 0:00,8/17/2010,100,Working,50,
8/19/2010 0:00,8/18/2010,100,Working,50,
8/20/2010 0:00,8/19/2010,100,Working,50,
8/21/2010 0:00,8/20/2010,100,Working,50,
8/22/2010 0:00,8/21/2010,0,Working,50,
8/23/2010 0:00,8/22/2010,0,Working,50,
8/24/2010 0:00,8/23/2010,100,Working,50,
8/25/2010 0:00,8/24/2010,100,Working,50,
8/26/2010 0:00,8/25/2010,100,Working,50,
8/27/2010 0:00,8/26/2010,0,Working,50,
8/28/2010 0:00,8/27/2010,0,Working,50,
8/29/2010 0:00,8/28/2010,0,Working,50,
8/30/2010 0:00,8/29/2010,0,Working,50,
8/31/2010 0:00,8/30/2010,0,Working,50,
9/1/2010 0:00,8/31/2010,0,Working,50,
9/2/2010 0:00,9/1/2010,0,Working,50,
9/3/2010 0:00,9/2/2010,0,Working,50,
9/4/2010 0:00,9/3/2010,0,Working,50,
9/5/2010 0:00,9/4/2010,100,Working,50,
9/6/2010 0:00,9/5/2010,200,Working,50,
9/7/2010 0:00,9/6/2010,200,Working,50,
9/8/2010 0:00,9/7/2010,200,Working,50,
9/9/2010 0:00,9/8/2010,200,Working,50,
9/10/2010 0:00,9/9/2010,200,Working,50,
9/11/2010 0:00,9/10/2010,200,Working,50,
9/12/2010 0:00,9/11/2010,200,Working,50,
9/13/2010 0:00,9/12/2010,200,Working,50,
9/14/2010 0:00,9/13/2010,200,Working,50,
9/15/2010 0:00,9/14/2010,200,Working,50,
9/16/2010 0:00,9/15/2010,200,Working,50,
9/17/2010 0:00,9/16/2010,200,Working,50,
9/18/2010 0:00,9/17/2010,100,Working,50,
9/19/2010 0:00,9/18/2010,0,Working,50,
9/20/2010 0:00,9/19/2010,0,Working,50,
9/21/2010 0:00,9/20/2010,100,Working,50,
9/22/2010 0:00,9/21/2010,100,Working,50,
9/23/2010 0:00,9/22/2010,100,Working,50,
9/24/2010 0:00,9/23/2010,100,Working,50,
9/25/2010 0:00,9/24/2010,200,Working,50,
9/26/2010 0:00,9/25/2010,200,Working,50,
9/27/2010 0:00,9/26/2010,200,Working,50,
9/28/2010 0:00,9/27/2010,200,Working,50,
9/29/2010 0:00,9/28/2010,200,Working,50,
9/30/2010 0:00,9/29/2010,0,Working,50,
10/1/2010 0:00,9/30/2010,0,Working,50,
10/2/2010 0:00,10/1/2010,0,Working,50,
10/3/2010 0:00,10/2/2010,0,Working,50,
10/4/2010 0:00,10/3/2010,0,Working,50,
10/5/2010 0:00,10/4/2010,0,Working,50,
10/6/2010 0:00,10/5/2010,0,Working,50,
10/7/2010 0:00,10/6/2010,0,Working,50,
10/8/2010 0:00,10/7/2010,0,Working,50,
10/9/2010 0:00,10/8/2010,0,Working,50,
10/10/2010 0:00,10/9/2010,0,Working,50,
10/11/2010 0:00,10/10/2010,0,Working,50,
10/12/2010 0:00,10/11/2010,0,Working,50,
10/13/2010 0:00,10/12/2010,0,Working,50,
10/14/2010 0:00,10/13/2010,0,Working,50,
10/15/2010 0:00,10/14/2010,0,Working,50,
10/16/2010 0:00,10/15/2010,0,Working,50,
10/17/2010 0:00,10/16/2010,0,Working,50,
10/18/2010 0:00,10/17/2010,0,Working,50,
10/19/2010 0:00,10/18/2010,0,Working,50,
10/20/2010 0:00,10/19/2010,0,Working,50,
10/21/2010 0:00,10/20/2010,0,Working,50,
10/22/2010 0:00,10/21/2010,0,Working,50,
10/23/2010 0:00,10/22/2010,0,Working,50,
10/24/2010 0:00,10/23/2010,0,Working,50,
10/25/2010 0:00,10/24/2010,0,Working,50,
10/26/2010 0:00,10/25/2010,0,Working,50,
10/27/2010 0:00,10/26/2010,0,Working,50,
10/28/2010 0:00,10/27/2010,0,Working,50,
10/29/2010 0:00,10/28/2010,0,Working,50,
10/30/2010 0:00,10/29/2010,0,Working,50,
10/31/2010 0:00,10/30/2010,0,Working,50,
11/1/2010 0:00,10/31/2010,0,Working,50,
11/2/2010 0:00,11/1/2010,0,Working,50,
11/3/2010 0:00,11/2/2010,0,Working,50,
11/4/2010 0:00,11/3/2010,0,Working,50,
11/5/2010 0:00,11/4/2010,0,Working,50,
11/6/2010 0:00,11/5/2010,0,Working,50,
11/7/2010 0:00,11/6/2010,0,Working,50,
11/8/2010 0:00,11/7/2010,0,Working,50,
11/9/2010 0:00,11/8/2010,0,Working,50,
11/10/2010 0:00,11/9/2010,0,Working,50,
11/11/2010 0:00,11/10/2010,0,Working,50,
11/12/2010 0:00,11/11/2010,0,Working,50,
11/13/2010 0:00,11/12/2010,0,Working,50,
11/14/2010 0:00,11/13/2010,0,Working,50,
11/15/2010 0:00,11/14/2010,0,Working,50,
11/16/2010 0:00,11/15/2010,0,Working,50,
11/17/2010 0:00,11/16/2010,0,Working,50,
11/18/2010 0:00,11/17/2010,0,Working,50,
11/19/2010 0:00,11/18/2010,0,Working,50,
11/20/2010 0:00,11/19/2010,0,Working,50,
11/21/2010 0:00,11/20/2010,0,Working,50,
11/22/2010 0:00,11/21/2010,0,Working,50,
11/23/2010 0:00,11/22/2010,0,Working,50,
11/24/2010 0:00,11/23/2010,0,Working,50,
11/25/2010 0:00,11/24/2010,0,Working,50,
11/26/2010 0:00,11/25/2010,0,Working,50,
11/27/2010 0:00,11/26/2010,0,Working,50,
11/28/2010 0:00,11/27/2010,0,Working,50,
11/29/2010 0:00,11/28/2010,0,Working,50,
11/30/2010 0:00,11/29/2010,0,Working,50,
12/1/2010 0:00,11/30/2010,0,Working,50,
12/2/2010 0:00,12/1/2010,0,Working,50,
12/3/2010 0:00,12/2/2010,0,Working,50,
12/4/2010 0:00,12/3/2010,0,Working,50,
12/5/2010 0:00,12/4/2010,0,Working,50,
12/6/2010 0:00,12/5/2010,0,Working,50,
12/7/2010 0:00,12/6/2010,0,Working,50,
12/8/2010 0:00,12/7/2010,0,Working,50,
12/9/2010 0:00,12/8/2010,0,Working,50,
12/10/2010 0:00,12/9/2010,0,Working,50,
12/11/2010 0:00,12/10/2010,0,Working,50,
12/12/2010 0:00,12/11/2010,0,Working,50,
12/13/2010 0:00,12/12/2010,0,Working,50,
12/14/2010 0:00,12/13/2010,0,Working,50,
12/15/2010 0:00,12/14/2010,0,Working,50,
12/16/2010 0:00,12/15/2010,0,Working,50,
12/17/2010 0:00,12/16/2010,0,Working,50,
12/18/2010 0:00,12/17/2010,0,Working,50,
12/19/2010 0:00,12/18/2010,0,Working,50,
12/20/2010 0:00,12/19/2010,0,Working,50,
12/21/2010 0:00,12/20/2010,0,Working,50,
12/22/2010 0:00,12/21/2010,0,Working,50,
12/23/2010 0:00,12/22/2010,0,Working,50,
12/24/2010 0:00,12/23/2010,0,Working,50,
12/25/2010 0:00,12/24/2010,0,Working,50,
12/26/2010 0:00,12/25/2010,0,Working,50,
12/27/2010 0:00,12/26/2010,0,Working,50,
12/28/2010 0:00,12/27/2010,0,Working,50,
12/29/2010 0:00,12/28/2010,0,Working,50,
12/30/2010 0:00,12/29/2010,0,Working,50,
12/31/2010 0:00,12/30/2010,0,Working,50,
1/1/2011 0:00,12/31/2010,0,Working,50,
1/2/2011 0:00,1/1/2011,0,Working,50,
1/3/2011 0:00,1/2/2011,0,Working,50,
1/4/2011 0:00,1/3/2011,0,Working,50,
1/5/2011 0:00,1/4/2011,0,Working,50,
1/6/2011 0:00,1/5/2011,0,Working,50,
1/7/2011 0:00,1/6/2011,0,Working,50,
1/8/2011 0:00,1/7/2011,0,Working,50,
1/9/2011 0:00,1/8/2011,0,Working,50,
1/10/2011 0:00,1/9/2011,0,Working,50,
1/11/2011 0:00,1/10/2011,0,Working,50,
1/12/2011 0:00,1/11/2011,0,Working,50,
1/13/2011 0:00,1/12/2011,0,Working,50,
1/14/2011 0:00,1/13/2011,0,Working,50,
1/15/2011 0:00,1/14/2011,0,Working,50,
1/16/2011 0:00,1/15/2011,0,Working,50,
1/17/2011 0:00,1/16/2011,0,Working,50,
1/18/2011 0:00,1/17/2011,0,Working,50,
1/19/2011 0:00,1/18/2011,0,Working,50,
1/20/2011 0:00,1/19/2011,0,Working,50,
1/21/2011 0:00,1/20/2011,0,Working,50,
1/22/2011 0:00,1/21/2011,0,Working,50,
1/23/2011 0:00,1/22/2011,0,Working,50,
1/24/2011 0:00,1/23/2011,0,Working,50,
1/25/2011 0:00,1/24/2011,0,Working,50,
1/26/2011 0:00,1/25/2011,0,Working,50,
1/27/2011 0:00,1/26/2011,0,Working,50,
1/28/2011 0:00,1/27/2011,0,Working,50,
1/29/2011 0:00,1/28/2011,0,Working,50,
1/30/2011 0:00,1/29/2011,0,Working,50,
1/31/2011 0:00,1/30/2011,0,Working,50,
2/1/2011 0:00,1/31/2011,0,Working,50,
2/2/2011 0:00,2/1/2011,0,Working,50,
2/3/2011 0:00,2/2/2011,0,Working,50,
2/4/2011 0:00,2/3/2011,0,Working,50,
2/5/2011 0:00,2/4/2011,0,Working,50,
2/6/2011 0:00,2/5/2011,0,Working,50,
2/7/2011 0:00,2/6/2011,0,Working,50,
2/8/2011 0:00,2/7/2011,0,Working,50,
2/9/2011 0:00,2/8/2011,0,Working,50,
2/10/2011 0:00,2/9/2011,0,Working,50,
2/11/2011 0:00,2/10/2011,0,Working,50,
2/12/2011 0:00,2/11/2011,0,Working,50,
2/13/2011 0:00,2/12/2011,0,Working,50,
2/14/2011 0:00,2/13/2011,0,Working,50,
2/15/2011 0:00,2/14/2011,0,Working,50,
2/16/2011 0:00,2/15/2011,0,Working,50,
2/17/2011 0:00,2/16/2011,0,Working,50,
2/18/2011 0:00,2/17/2011,0,Working,50,
2/19/2011 0:00,2/18/2011,0,Working,50,
2/20/2011 0:00,2/19/2011,0,Working,50,
2/21/2011 0:00,2/20/2011,0,Working,50,
2/22/2011 0:00,2/21/2011,0,Working,50,
2/23/2011 0:00,2/22/2011,0,Working,50,
2/24/2011 0:00,2/23/2011,0,Working,50,
2/25/2011 0:00,2/24/2011,0,Working,50,
2/26/2011 0:00,2/25/2011,0,Working,50,
2/27/2011 0:00,2/26/2011,0,Working,50,
2/28/2011 0:00,2/27/2011,0,Working,50,
3/1/2011 0:00,2/28/2011,0,Working,50,
3/2/2011 0:00,3/1/2011,0,Working,50,
3/3/2011 0:00,3/2/2011,0,Working,50,
3/4/2011 0:00,3/3/2011,0,Working,50,
3/5/2011 0:00,3/4/2011,0,Working,50,
3/6/2011 0:00,3/5/2011,0,Working,50,
3/7/2011 0:00,3/6/2011,0,Working,50,
3/8/2011 0:00,3/7/2011,0,Working,50,
3/9/2011 0:00,3/8/2011,0,Working,50,
3/10/2011 0:00,3/9/2011,0,Working,50,
3/11/2011 0:00,3/10/2011,0,Working,50,
3/12/2011 0:00,3/11/2011,0,Working,50,
3/13/2011 0:00,3/12/2011,0,Working,50,
3/14/2011 0:00,3/13/2011,0,Working,50,
3/15/2011 0:00,3/14/2011,0,Working,50,
3/16/2011 0:00,3/15/2011,0,Working,50,
3/17/2011 0:00,3/16/2011,0,Working,50,
3/18/2011 0:00,3/17/2011,0,Working,50,
3/19/2011 0:00,3/18/2011,0,Working,50,
3/20/2011 0:00,3/19/2011,0,Working,50,
3/21/2011 0:00,3/20/2011,0,Working,50,
3/22/2011 0:00,3/21/2011,0,Working,50,
3/23/2011 0:00,3/22/2011,0,Working,50,
3/24/2011 0:00,3/23/2011,0,Working,50,
3/25/2011 0:00,3/24/2011,0,Working,50,
3/26/2011 0:00,3/25/2011,0,Working,50,
3/27/2011 0:00,3/26/2011,0,Working,50,
3/28/2011 0:00,3/27/2011,0,Working,50,
3/29/2011 0:00,3/28/2011,0,Working,50,
3/30/2011 0:00,3/29/2011,0,Working,50,
3/31/2011 0:00,3/30/2011,0,Working,50,
4/1/2011 0:00,3/31/2011,0,Working,50,
4/2/2011 0:00,4/1/2011,0,Working,50,
4/3/2011 0:00,4/2/2011,0,Working,50,
4/4/2011 0:00,4/3/2011,0,Working,50,
4/5/2011 0:00,4/4/2011,0,Working,50,
4/6/2011 0:00,4/5/2011,0,Working,50,
4/7/2011 0:00,4/6/2011,0,Working,50,
4/8/2011 0:00,4/7/2011,0,Working,50,
4/9/2011 0:00,4/8/2011,0,Working,50,
4/10/2011 0:00,4/9/2011,0,Working,50,
4/11/2011 0:00,4/10/2011,0,Working,50,
4/12/2011 0:00,4/11/2011,0,Working,50,
4/13/2011 0:00,4/12/2011,0,Working,50,
4/14/2011 0:00,4/13/2011,0,Working,50,
4/15/2011 0:00,4/14/2011,0,Working,50,
4/16/2011 0:00,4/15/2011,0,Working,50,
4/17/2011 0:00,4/16/2011,0,Working,50,
4/18/2011 0:00,4/17/2011,0,Working,50,
4/19/2011 0:00,4/18/2011,0,Working,50,
4/20/2011 0:00,4/19/2011,0,Working,50,
4/21/2011 0:00,4/20/2011,0,Working,50,
4/22/2011 0:00,4/21/2011,0,Working,50,
4/23/2011 0:00,4/22/2011,0,Working,50,
4/24/2011 0:00,4/23/2011,0,Working,50,
4/25/2011 0:00,4/24/2011,0,Working,50,
4/26/2011 0:00,4/25/2011,0,Working,50,
4/27/2011 0:00,4/26/2011,0,Working,50,
4/28/2011 0:00,4/27/2011,0,Working,50,
4/29/2011 0:00,4/28/2011,0,Working,50,
4/30/2011 0:00,4/29/2011,0,Working,50,
5/1/2011 0:00,4/30/2011,0,Working,50,
5/2/2011 0:00,5/1/2011,0,Working,50,
5/3/2011 0:00,5/2/2011,0,Working,50,
5/4/2011 0:00,5/3/2011,0,Working,50,
5/5/2011 0:00,5/4/2011,0,Working,50,
5/6/2011 0:00,5/5/2011,0,Working,50,
5/7/2011 0:00,5/6/2011,0,Working,50,
5/8/2011 0:00,5/7/2011,0,Working,50,
5/9/2011 0:00,5/8/2011,0,Working,50,
5/10/2011 0:00,5/9/2011,0,Working,50,
5/11/2011 0:00,5/10/2011,0,Working,50,
5/12/2011 0:00,5/11/2011,0,Working,50,
5/13/2011 0:00,5/12/2011,0,Working,50,
5/14/2011 0:00,5/13/2011,0,Working,50,
5/15/2011 0:00,5/14/2011,0,Working,50,
5/16/2011 0:00,5/15/2011,0,Working,50,
5/17/2011 0:00,5/16/2011,0,Working,50,
5/18/2011 0:00,5/17/2011,0,Working,50,
5/19/2011 0:00,5/18/2011,0,Working,50,
5/20/2011 0:00,5/19/2011,0,Working,50,
5/21/2011 0:00,5/20/2011,0,Working,50,
5/22/2011 0:00,5/21/2011,0,Working,50,
5/23/2011 0:00,5/22/2011,0,Working,50,
5/24/2011 0:00,5/23/2011,0,Working,50,
5/25/2011 0:00,5/24/2011,0,Working,50,
5/26/2011 0:00,5/25/2011,0,Working,50,
5/27/2011 0:00,5/26/2011,0,Working,50,
5/28/2011 0:00,5/27/2011,0,Working,50,
5/29/2011 0:00,5/28/2011,0,Working,50,
5/30/2011 0:00,5/29/2011,0,Working,50,
5/31/2011 0:00,5/30/2011,0,Working,50,
6/1/2011 0:00,5/31/2011,0,Working,50,
6/2/2011 0:00,6/1/2011,0,Working,50,
6/3/2011 0:00,6/2/2011,0,Working,50,
6/4/2011 0:00,6/3/2011,0,Working,50,
6/5/2011 0:00,6/4/2011,0,Working,50,
6/6/2011 0:00,6/5/2011,0,Working,50,
6/7/2011 0:00,6/6/2011,0,Working,50,
6/8/2011 0:00,6/7/2011,0,Working,50,
6/9/2011 0:00,6/8/2011,0,Working,50,
6/10/2011 0:00,6/9/2011,0,Working,50,
6/11/2011 0:00,6/10/2011,0,Working,50,
6/12/2011 0:00,6/11/2011,0,Working,50,
6/13/2011 0:00,6/12/2011,0,Working,50,
6/14/2011 0:00,6/13/2011,0,Working,50,
6/15/2011 0:00,6/14/2011,0,Working,50,
6/16/2011 0:00,6/15/2011,0,Working,50,
6/17/2011 0:00,6/16/2011,0,Working,50,
6/18/2011 0:00,6/17/2011,0,Working,50,
6/19/2011 0:00,6/18/2011,0,Working,50,
6/20/2011 0:00,6/19/2011,0,Working,50,
6/21/2011 0:00,6/20/2011,0,Working,50,
6/22/2011 0:00,6/21/2011,0,Working,50,
6/23/2011 0:00,6/22/2011,0,Working,50,
6/24/2011 0:00,6/23/2011,0,Working,50,
6/25/2011 0:00,6/24/2011,0,Working,50,
6/26/2011 0:00,6/25/2011,0,Working,50,
6/27/2011 0:00,6/26/2011,0,Working,50,
6/28/2011 0:00,6/27/2011,0,Working,50,
6/29/2011 0:00,6/28/2011,0,Working,50,
6/30/2011 0:00,6/29/2011,0,Working,50,
7/1/2011 0:00,6/30/2011,0,Working,50,
7/2/2011 0:00,7/1/2011,0,Working,50,
7/3/2011 0:00,7/2/2011,0,Working,50,
7/4/2011 0:00,7/3/2011,0,Working,50,
7/5/2011 0:00,7/4/2011,0,Working,50,
7/6/2011 0:00,7/5/2011,0,Working,50,
7/7/2011 0:00,7/6/2011,0,Working,50,
7/8/2011 0:00,7/7/2011,0,Working,50,
7/9/2011 0:00,7/8/2011,0,Working,50,
7/10/2011 0:00,7/9/2011,0,Working,50,
7/11/2011 0:00,7/10/2011,0,Working,50,
7/12/2011 0:00,7/11/2011,0,Working,50,
7/13/2011 0:00,7/12/2011,0,Working,50,
7/14/2011 0:00,7/13/2011,0,Working,50,
7/15/2011 0:00,7/14/2011,0,Working,50,
7/16/2011 0:00,7/15/2011,0,Working,50,
7/17/2011 0:00,7/16/2011,0,Working,50,
7/18/2011 0:00,7/17/2011,0,Working,50,
7/19/2011 0:00,7/18/2011,0,Working,50,
7/20/2011 0:00,7/19/2011,0,Working,50,
7/21/2011 0:00,7/20/2011,0,Working,50,
7/22/2011 0:00,7/21/2011,0,Working,50,
7/23/2011 0:00,7/22/2011,0,Working,50,
7/24/2011 0:00,7/23/2011,0,Working,50,
7/25/2011 0:00,7/24/2011,0,Working,50,
7/26/2011 0:00,7/25/2011,0,Working,50,
7/27/2011 0:00,7/26/2011,0,Working,50,
7/28/2011 0:00,7/27/2011,0,Working,50,
7/29/2011 0:00,7/28/2011,0,Working,50,
7/30/2011 0:00,7/29/2011,0,Working,50,
7/31/2011 0:00,7/30/2011,0,Working,50,
8/1/2011 0:00,7/31/2011,0,Working,50,
8/2/2011 0:00,8/1/2011,0,Working,50,
8/3/2011 0:00,8/2/2011,0,Working,50,
8/4/2011 0:00,8/3/2011,0,Working,50,
8/5/2011 0:00,8/4/2011,0,Working,50,
8/6/2011 0:00,8/5/2011,0,Working,50,
8/7/2011 0:00,8/6/2011,0,Working,50,
8/8/2011 0:00,8/7/2011,0,Working,50,
8/9/2011 0:00,8/8/2011,0,Working,50,
8/10/2011 0:00,8/9/2011,0,Working,50,
8/11/2011 0:00,8/10/2011,0,Working,50,
8/12/2011 0:00,8/11/2011,0,Working,50,
8/13/2011 0:00,8/12/2011,0,Working,50,
8/14/2011 0:00,8/13/2011,0,Working,50,
8/15/2011 0:00,8/14/2011,0,Working,50,
8/16/2011 0:00,8/15/2011,0,Working,50,
8/17/2011 0:00,8/16/2011,0,Working,50,
8/18/2011 0:00,8/17/2011,0,Working,50,
8/19/2011 0:00,8/18/2011,0,Working,50,
8/20/2011 0:00,8/19/2011,0,Working,50,
8/21/2011 0:00,8/20/2011,0,Working,50,
8/22/2011 0:00,8/21/2011,0,Working,50,
8/23/2011 0:00,8/22/2011,0,Working,50,
8/24/2011 0:00,8/23/2011,0,Working,50,
8/25/2011 0:00,8/24/2011,0,Working,50,
8/26/2011 0:00,8/25/2011,0,Working,50,
8/27/2011 0:00,8/26/2011,0,Working,50,
8/28/2011 0:00,8/27/2011,0,Working,50,
8/29/2011 0:00,8/28/2011,0,Working,50,
8/30/2011 0:00,8/29/2011,0,Working,50,
8/31/2011 0:00,8/30/2011,0,Working,50,
9/1/2011 0:00,8/31/2011,0,Working,50,
9/2/2011 0:00,9/1/2011,0,Working,50,
9/3/2011 0:00,9/2/2011,0,Working,50,
9/4/2011 0:00,9/3/2011,0,Working,50,
9/5/2011 0:00,9/4/2011,0,Working,50,
9/6/2011 0:00,9/5/2011,0,Working,50,
9/7/2011 0:00,9/6/2011,0,Working,50,
9/8/2011 0:00,9/7/2011,0,Working,50,
9/9/2011 0:00,9/8/2011,0,Working,50,
9/10/2011 0:00,9/9/2011,0,Working,50,
9/11/2011 0:00,9/10/2011,0,Working,50,
9/12/2011 0:00,9/11/2011,0,Working,50,
9/13/2011 0:00,9/12/2011,0,Working,50,
9/14/2011 0:00,9/13/2011,0,Working,50,
9/15/2011 0:00,9/14/2011,0,Working,50,
9/16/2011 0:00,9/15/2011,0,Working,50,
9/17/2011 0:00,9/16/2011,0,Working,50,
9/18/2011 0:00,9/17/2011,0,Working,50,
9/19/2011 0:00,9/18/2011,0,Working,50,
9/20/2011 0:00,9/19/2011,0,Working,50,
9/21/2011 0:00,9/20/2011,0,Working,50,
9/22/2011 0:00,9/21/2011,0,Working,50,
9/23/2011 0:00,9/22/2011,0,Working,50,
9/24/2011 0:00,9/23/2011,0,Working,50,
9/25/2011 0:00,9/24/2011,0,Working,50,
9/26/2011 0:00,9/25/2011,0,Working,50,
9/27/2011 0:00,9/26/2011,0,Working,50,
9/28/2011 0:00,9/27/2011,0,Working,50,
9/29/2011 0:00,9/28/2011,0,Working,50,
9/30/2011 0:00,9/29/2011,0,Working,50,
10/1/2011 0:00,9/30/2011,0,Working,50,
10/2/2011 0:00,10/1/2011,0,Working,50,
10/3/2011 0:00,10/2/2011,0,Working,50,
10/4/2011 0:00,10/3/2011,0,Working,50,
10/5/2011 0:00,10/4/2011,0,Working,50,
10/6/2011 0:00,10/5/2011,0,Working,50,
10/7/2011 0:00,10/6/2011,0,Working,50,
10/8/2011 0:00,10/7/2011,0,Working,50,
10/9/2011 0:00,10/8/2011,0,Working,50,
10/10/2011 0:00,10/9/2011,0,Working,50,
10/11/2011 0:00,10/10/2011,0,Working,50,
10/12/2011 0:00,10/11/2011,0,Working,50,
10/13/2011 0:00,10/12/2011,0,Working,50,
10/14/2011 0:00,10/13/2011,0,Working,50,
10/15/2011 0:00,10/14/2011,0,Working,50,
10/16/2011 0:00,10/15/2011,0,Working,50,
10/17/2011 0:00,10/16/2011,0,Working,50,
10/18/2011 0:00,10/17/2011,0,Working,50,
10/19/2011 0:00,10/18/2011,0,Working,50,
10/20/2011 0:00,10/19/2011,0,Working,50,
10/21/2011 0:00,10/20/2011,0,Working,50,
10/22/2011 0:00,10/21/2011,0,Working,50,
10/23/2011 0:00,10/22/2011,0,Working,50,
10/24/2011 0:00,10/23/2011,0,Working,50,
10/25/2011 0:00,10/24/2011,0,Working,50,
10/26/2011 0:00,10/25/2011,0,Working,50,
10/27/2011 0:00,10/26/2011,0,Working,50,
10/28/2011 0:00,10/27/2011,0,Working,50,
10/29/2011 0:00,10/28/2011,0,Working,50,
10/30/2011 0:00,10/29/2011,0,Working,50,
10/31/2011 0:00,10/30/2011,0,Working,50,
11/1/2011 0:00,10/31/2011,0,Working,50,
11/2/2011 0:00,11/1/2011,0,Working,50,
11/3/2011 0:00,11/2/2011,0,Working,50,
11/4/2011 0:00,11/3/2011,0,Working,50,
11/5/2011 0:00,11/4/2011,0,Working,50,
11/6/2011 0:00,11/5/2011,0,Working,50,
11/7/2011 0:00,11/6/2011,0,Working,50,
11/8/2011 0:00,11/7/2011,0,Working,50,
11/9/2011 0:00,11/8/2011,0,Working,50,
11/10/2011 0:00,11/9/2011,0,Working,50,
11/11/2011 0:00,11/10/2011,0,Working,50,
11/12/2011 0:00,11/11/2011,0,Working,50,
11/13/2011 0:00,11/12/2011,0,Working,50,
11/14/2011 0:00,11/13/2011,0,Working,50,
11/15/2011 0:00,11/14/2011,0,Working,50,
11/16/2011 0:00,11/15/2011,0,Working,50,
11/17/2011 0:00,11/16/2011,0,Working,50,
11/18/2011 0:00,11/17/2011,0,Working,50,
11/19/2011 0:00,11/18/2011,0,Working,50,
11/20/2011 0:00,11/19/2011,0,Working,50,
11/21/2011 0:00,11/20/2011,0,Working,50,
11/22/2011 0:00,11/21/2011,0,Working,50,
11/23/2011 0:00,11/22/2011,0,Working,50,
11/24/2011 0:00,11/23/2011,0,Working,50,
11/25/2011 0:00,11/24/2011,0,Working,50,
11/26/2011 0:00,11/25/2011,0,Working,50,
11/27/2011 0:00,11/26/2011,0,Working,50,
11/28/2011 0:00,11/27/2011,0,Working,50,
11/29/2011 0:00,11/28/2011,0,Working,50,
11/30/2011 0:00,11/29/2011,0,Working,50,
12/1/2011 0:00,11/30/2011,0,Working,50,
12/2/2011 0:00,12/1/2011,0,Working,50,
12/3/2011 0:00,12/2/2011,0,Working,50,
12/4/2011 0:00,12/3/2011,0,Working,50,
12/5/2011 0:00,12/4/2011,0,Working,50,
12/6/2011 0:00,12/5/2011,0,Working,50,
12/7/2011 0:00,12/6/2011,0,Working,50,
12/8/2011 0:00,12/7/2011,0,Working,50,
12/9/2011 0:00,12/8/2011,0,Working,50,
12/10/2011 0:00,12/9/2011,0,Working,50,
12/11/2011 0:00,12/10/2011,0,Working,50,
12/12/2011 0:00,12/11/2011,0,Working,50,
12/13/2011 0:00,12/12/2011,0,Working,50,
12/14/2011 0:00,12/13/2011,0,Working,50,
12/15/2011 0:00,12/14/2011,0,Working,50,
12/16/2011 0:00,12/15/2011,0,Working,50,
12/17/2011 0:00,12/16/2011,0,Working,50,
12/18/2011 0:00,12/17/2011,0,Working,50,
12/19/2011 0:00,12/18/2011,0,Working,50,
12/20/2011 0:00,12/19/2011,0,Working,50,
12/21/2011 0:00,12/20/2011,0,Working,50,
12/22/2011 0:00,12/21/2011,0,Working,50,
12/23/2011 0:00,12/22/2011,0,Working,50,
12/24/2011 0:00,12/23/2011,0,Working,50,
12/25/2011 0:00,12/24/2011,0,Working,50,
12/26/2011 0:00,12/25/2011,0,Working,50,
12/27/2011 0:00,12/26/2011,0,Working,50,
12/28/2011 0:00,12/27/2011,0,Working,50,
12/29/2011 0:00,12/28/2011,0,Working,50,
12/30/2011 0:00,12/29/2011,0,Working,50,
12/31/2011 0:00,12/30/2011,0,Working,50,
1/1/2012 0:00,12/31/2011,0,Working,50,
1/2/2012 0:00,1/1/2012,0,Working,50,
1/3/2012 0:00,1/2/2012,0,Working,50,
1/4/2012 0:00,1/3/2012,0,Working,50,
1/5/2012 0:00,1/4/2012,0,Working,50,
1/6/2012 0:00,1/5/2012,0,Working,50,
1/7/2012 0:00,1/6/2012,0,Working,50,
1/8/2012 0:00,1/7/2012,0,Working,50,
1/9/2012 0:00,1/8/2012,0,Working,50,
1/10/2012 0:00,1/9/2012,0,Working,50,
1/11/2012 0:00,1/10/2012,0,Working,50,
1/12/2012 0:00,1/11/2012,0,Working,50,
1/13/2012 0:00,1/12/2012,0,Working,50,
1/14/2012 0:00,1/13/2012,0,Working,50,
1/15/2012 0:00,1/14/2012,0,Working,50,
1/16/2012 0:00,1/15/2012,0,Working,50,
1/17/2012 0:00,1/16/2012,0,Working,50,
1/18/2012 0:00,1/17/2012,0,Working,50,
1/19/2012 0:00,1/18/2012,0,Working,50,
1/20/2012 0:00,1/19/2012,0,Working,50,
1/21/2012 0:00,1/20/2012,0,Working,50,
1/22/2012 0:00,1/21/2012,0,Working,50,
1/23/2012 0:00,1/22/2012,0,Working,50,
1/24/2012 0:00,1/23/2012,0,Working,50,
1/25/2012 0:00,1/24/2012,0,Working,50,
1/26/2012 0:00,1/25/2012,0,Working,50,
1/27/2012 0:00,1/26/2012,0,Working,50,
1/28/2012 0:00,1/27/2012,0,Working,50,
1/29/2012 0:00,1/28/2012,0,Working,50,
1/30/2012 0:00,1/29/2012,0,Working,50,
1/31/2012 0:00,1/30/2012,0,Working,50,
2/1/2012 0:00,1/31/2012,0,Working,50,
2/2/2012 0:00,2/1/2012,0,Working,50,
2/3/2012 0:00,2/2/2012,0,Working,50,
2/4/2012 0:00,2/3/2012,0,Working,50,
2/5/2012 0:00,2/4/2012,0,Working,50,
2/6/2012 0:00,2/5/2012,0,Working,50,
2/7/2012 0:00,2/6/2012,0,Working,50,
2/8/2012 0:00,2/7/2012,0,Working,50,
2/9/2012 0:00,2/8/2012,0,Working,50,
2/10/2012 0:00,2/9/2012,0,Working,50,
2/11/2012 0:00,2/10/2012,0,Working,50,
2/12/2012 0:00,2/11/2012,0,Working,50,
2/13/2012 0:00,2/12/2012,0,Working,50,
2/14/2012 0:00,2/13/2012,0,Working,50,
2/15/2012 0:00,2/14/2012,0,Working,50,
2/16/2012 0:00,2/15/2012,0,Working,50,
2/17/2012 0:00,2/16/2012,0,Working,50,
2/18/2012 0:00,2/17/2012,0,Working,50,
2/19/2012 0:00,2/18/2012,0,Working,50,
2/20/2012 0:00,2/19/2012,0,Working,50,
2/21/2012 0:00,2/20/2012,0,Working,50,
2/22/2012 0:00,2/21/2012,0,Working,50,
2/23/2012 0:00,2/22/2012,0,Working,50,
2/24/2012 0:00,2/23/2012,0,Working,50,
2/25/2012 0:00,2/24/2012,0,Working,50,
2/26/2012 0:00,2/25/2012,0,Working,50,
2/27/2012 0:00,2/26/2012,0,Working,50,
2/28/2012 0:00,2/27/2012,0,Working,50,
2/29/2012 0:00,2/28/2012,0,Working,50,
3/1/2012 0:00,2/29/2012,0,Working,50,
3/2/2012 0:00,3/1/2012,0,Working,50,
3/3/2012 0:00,3/2/2012,0,Working,50,
3/4/2012 0:00,3/3/2012,0,Working,50,
3/5/2012 0:00,3/4/2012,0,Working,50,
3/6/2012 0:00,3/5/2012,0,Working,50,
3/7/2012 0:00,3/6/2012,0,Working,50,
3/8/2012 0:00,3/7/2012,0,Working,50,
3/9/2012 0:00,3/8/2012,0,Working,50,
3/10/2012 0:00,3/9/2012,0,Working,50,
3/11/2012 0:00,3/10/2012,0,Working,50,
3/12/2012 0:00,3/11/2012,0,Working,50,
3/13/2012 0:00,3/12/2012,0,Working,50,
3/14/2012 0:00,3/13/2012,0,Working,50,
3/15/2012 0:00,3/14/2012,0,Working,50,
3/16/2012 0:00,3/15/2012,0,Working,50,
3/17/2012 0:00,3/16/2012,0,Working,50,
3/18/2012 0:00,3/17/2012,0,Working,50,
3/19/2012 0:00,3/18/2012,0,Working,50,
3/20/2012 0:00,3/19/2012,0,Working,50,
3/21/2012 0:00,3/20/2012,0,Working,50,
3/22/2012 0:00,3/21/2012,0,Working,50,
3/23/2012 0:00,3/22/2012,0,Working,50,
3/24/2012 0:00,3/23/2012,0,Working,50,
3/25/2012 0:00,3/24/2012,0,Working,50,
3/26/2012 0:00,3/25/2012,0,Working,50,
3/27/2012 0:00,3/26/2012,0,Working,50,
3/28/2012 0:00,3/27/2012,0,Working,50,
3/29/2012 0:00,3/28/2012,0,Working,50,
3/30/2012 0:00,3/29/2012,0,Working,50,
3/31/2012 0:00,3/30/2012,0,Working,50,
4/1/2012 0:00,3/31/2012,0,Working,50,
4/2/2012 0:00,4/1/2012,0,Working,50,
4/3/2012 0:00,4/2/2012,0,Working,50,
4/4/2012 0:00,4/3/2012,0,Working,50,
4/5/2012 0:00,4/4/2012,0,Working,50,
4/6/2012 0:00,4/5/2012,0,Working,50,
4/7/2012 0:00,4/6/2012,0,Working,50,
4/8/2012 0:00,4/7/2012,0,Working,50,
4/9/2012 0:00,4/8/2012,0,Working,50,
4/10/2012 0:00,4/9/2012,0,Working,50,
4/11/2012 0:00,4/10/2012,0,Working,50,
4/12/2012 0:00,4/11/2012,0,Working,50,
4/13/2012 0:00,4/12/2012,0,Working,50,
4/14/2012 0:00,4/13/2012,0,Working,50,
4/15/2012 0:00,4/14/2012,0,Working,50,
4/16/2012 0:00,4/15/2012,0,Working,50,
4/17/2012 0:00,4/16/2012,0,Working,50,
4/18/2012 0:00,4/17/2012,0,Working,50,
4/19/2012 0:00,4/18/2012,0,Working,50,
4/20/2012 0:00,4/19/2012,0,Working,50,
4/21/2012 0:00,4/20/2012,0,Working,50,
4/22/2012 0:00,4/21/2012,0,Working,50,
4/23/2012 0:00,4/22/2012,0,Working,50,
4/24/2012 0:00,4/23/2012,0,Working,50,
4/25/2012 0:00,4/24/2012,0,Working,50,
4/26/2012 0:00,4/25/2012,0,Working,50,
4/27/2012 0:00,4/26/2012,0,Working,50,
4/28/2012 0:00,4/27/2012,0,Working,50,
4/29/2012 0:00,4/28/2012,0,Working,50,
4/30/2012 0:00,4/29/2012,0,Working,50,
5/1/2012 0:00,4/30/2012,0,Working,50,
5/2/2012 0:00,5/1/2012,0,Working,50,
5/3/2012 0:00,5/2/2012,0,Working,50,
5/4/2012 0:00,5/3/2012,0,Working,50,
5/5/2012 0:00,5/4/2012,0,Working,50,
5/6/2012 0:00,5/5/2012,0,Working,50,
5/7/2012 0:00,5/6/2012,0,Working,50,
5/8/2012 0:00,5/7/2012,0,Working,50,
5/9/2012 0:00,5/8/2012,0,Working,50,
5/10/2012 0:00,5/9/2012,0,Working,50,
5/11/2012 0:00,5/10/2012,0,Working,50,
5/12/2012 0:00,5/11/2012,0,Working,50,
5/13/2012 0:00,5/12/2012,0,Working,50,
5/14/2012 0:00,5/13/2012,0,Working,50,
5/15/2012 0:00,5/14/2012,0,Working,50,
5/16/2012 0:00,5/15/2012,0,Working,50,
5/17/2012 0:00,5/16/2012,0,Working,50,
5/18/2012 0:00,5/17/2012,0,Working,50,
5/19/2012 0:00,5/18/2012,0,Working,50,
5/20/2012 0:00,5/19/2012,0,Working,50,
5/21/2012 0:00,5/20/2012,0,Working,50,
5/22/2012 0:00,5/21/2012,0,Working,50,
5/23/2012 0:00,5/22/2012,0,Working,50,
5/24/2012 0:00,5/23/2012,0,Working,50,
5/25/2012 0:00,5/24/2012,0,Working,50,
5/26/2012 0:00,5/25/2012,0,Working,50,
5/27/2012 0:00,5/26/2012,0,Working,50,
5/28/2012 0:00,5/27/2012,0,Working,50,
5/29/2012 0:00,5/28/2012,0,Working,50,
5/30/2012 0:00,5/29/2012,0,Working,50,
5/31/2012 0:00,5/30/2012,0,Working,50,
6/1/2012 0:00,5/31/2012,0,Working,50,
6/2/2012 0:00,6/1/2012,0,Working,50,
6/3/2012 0:00,6/2/2012,0,Working,50,
6/4/2012 0:00,6/3/2012,0,Working,50,
6/5/2012 0:00,6/4/2012,0,Working,50,
6/6/2012 0:00,6/5/2012,0,Working,50,
6/7/2012 0:00,6/6/2012,0,Working,50,
6/8/2012 0:00,6/7/2012,0,Working,50,
6/9/2012 0:00,6/8/2012,0,Working,50,
6/10/2012 0:00,6/9/2012,0,Working,50,
6/11/2012 0:00,6/10/2012,0,Working,50,
6/12/2012 0:00,6/11/2012,0,Working,50,
6/13/2012 0:00,6/12/2012,0,Working,50,
6/14/2012 0:00,6/13/2012,0,Working,50,
6/15/2012 0:00,6/14/2012,0,Working,50,
6/16/2012 0:00,6/15/2012,0,Working,50,
6/17/2012 0:00,6/16/2012,0,Working,50,
6/18/2012 0:00,6/17/2012,0,Working,50,
6/19/2012 0:00,6/18/2012,0,Working,50,
6/20/2012 0:00,6/19/2012,0,Working,50,
6/21/2012 0:00,6/20/2012,0,Working,50,
6/22/2012 0:00,6/21/2012,97,Working,50,
6/23/2012 0:00,6/22/2012,196,Working,50,
6/24/2012 0:00,6/23/2012,0,Working,50,
6/25/2012 0:00,6/24/2012,0,Working,50,
6/26/2012 0:00,6/25/2012,0,Working,50,
6/27/2012 0:00,6/26/2012,0,Working,50,
6/28/2012 0:00,6/27/2012,0,Working,50,
6/29/2012 0:00,6/28/2012,0,Working,50,
6/30/2012 0:00,6/29/2012,0,Working,50,
7/1/2012 0:00,6/30/2012,0,Working,50,
7/2/2012 0:00,7/1/2012,0,Working,50,
7/3/2012 0:00,7/2/2012,0,Working,50,
7/4/2012 0:00,7/3/2012,0,Working,50,
7/5/2012 0:00,7/4/2012,0,Working,50,
7/6/2012 0:00,7/5/2012,0,Working,50,
7/7/2012 0:00,7/6/2012,0,Working,50,
7/8/2012 0:00,7/7/2012,0,Working,50,
7/9/2012 0:00,7/8/2012,0,Working,50,
7/10/2012 0:00,7/9/2012,0,Working,50,
7/11/2012 0:00,7/10/2012,0,Working,50,
7/12/2012 0:00,7/11/2012,0,Working,50,
7/13/2012 0:00,7/12/2012,0,Working,50,
7/14/2012 0:00,7/13/2012,0,Working,50,
7/15/2012 0:00,7/14/2012,0,Working,50,
7/16/2012 0:00,7/15/2012,0,Working,50,
7/17/2012 0:00,7/16/2012,0,Working,50,
7/18/2012 0:00,7/17/2012,0,Working,50,
7/19/2012 0:00,7/18/2012,0,Working,50,
7/20/2012 0:00,7/19/2012,0,Working,50,
7/21/2012 0:00,7/20/2012,0,Working,50,
7/22/2012 0:00,7/21/2012,0,Working,50,
7/23/2012 0:00,7/22/2012,0,Working,50,
7/24/2012 0:00,7/23/2012,0,Working,50,
7/25/2012 0:00,7/24/2012,0,Working,50,
7/26/2012 0:00,7/25/2012,0,Working,50,
7/27/2012 0:00,7/26/2012,0,Working,50,
7/28/2012 0:00,7/27/2012,0,Working,50,
7/29/2012 0:00,7/28/2012,0,Working,50,
7/30/2012 0:00,7/29/2012,0,Working,50,
7/31/2012 0:00,7/30/2012,0,Working,50,
8/1/2012 0:00,7/31/2012,0,Working,50,
8/2/2012 0:00,8/1/2012,0,Working,50,
8/3/2012 0:00,8/2/2012,0,Working,50,
8/4/2012 0:00,8/3/2012,0,Working,50,
8/5/2012 0:00,8/4/2012,0,Working,50,
8/6/2012 0:00,8/5/2012,0,Working,50,
8/7/2012 0:00,8/6/2012,0,Working,50,
8/8/2012 0:00,8/7/2012,0,Working,50,
8/9/2012 0:00,8/8/2012,0,Working,50,
8/10/2012 0:00,8/9/2012,0,Working,50,
8/11/2012 0:00,8/10/2012,0,Working,50,
8/12/2012 0:00,8/11/2012,0,Working,50,
8/13/2012 0:00,8/12/2012,0,Working,50,
8/14/2012 0:00,8/13/2012,0,Working,50,
8/15/2012 0:00,8/14/2012,0,Working,50,
8/16/2012 0:00,8/15/2012,0,Working,50,
8/17/2012 0:00,8/16/2012,0,Working,50,
8/18/2012 0:00,8/17/2012,0,Working,50,
8/19/2012 0:00,8/18/2012,0,Working,50,
8/20/2012 0:00,8/19/2012,0,Working,50,
8/21/2012 0:00,8/20/2012,0,Working,50,
8/22/2012 0:00,8/21/2012,0,Working,50,
8/23/2012 0:00,8/22/2012,0,Working,50,
8/24/2012 0:00,8/23/2012,0,Working,50,
8/25/2012 0:00,8/24/2012,0,Working,50,
8/26/2012 0:00,8/25/2012,0,Working,50,
8/27/2012 0:00,8/26/2012,0,Working,50,
8/28/2012 0:00,8/27/2012,0,Working,50,
8/29/2012 0:00,8/28/2012,0,Working,50,
8/30/2012 0:00,8/29/2012,0,Working,50,
8/31/2012 0:00,8/30/2012,50,Working,50,
9/1/2012 0:00,8/31/2012,0,Working,50,
9/2/2012 0:00,9/1/2012,0,Working,50,
9/3/2012 0:00,9/2/2012,100,Working,50,
9/4/2012 0:00,9/3/2012,100,Working,50,
9/5/2012 0:00,9/4/2012,0,Working,50,
9/6/2012 0:00,9/5/2012,0,Working,50,
9/7/2012 0:00,9/6/2012,0,Working,50,
9/8/2012 0:00,9/7/2012,0,Working,50,
9/9/2012 0:00,9/8/2012,0,Working,50,
9/10/2012 0:00,9/9/2012,0,Working,50,
9/11/2012 0:00,9/10/2012,0,Working,50,
9/12/2012 0:00,9/11/2012,0,Working,50,
9/13/2012 0:00,9/12/2012,0,Working,50,
9/14/2012 0:00,9/13/2012,0,Working,50,
9/15/2012 0:00,9/14/2012,0,Working,50,
9/16/2012 0:00,9/15/2012,0,Working,50,
9/17/2012 0:00,9/16/2012,0,Working,50,
9/18/2012 0:00,9/17/2012,50,Working,50,
9/19/2012 0:00,9/18/2012,0,Working,50,
9/20/2012 0:00,9/19/2012,0,Working,50,
9/21/2012 0:00,9/20/2012,0,Working,50,
9/22/2012 0:00,9/21/2012,0,Working,50,
9/23/2012 0:00,9/22/2012,0,Working,50,
9/24/2012 0:00,9/23/2012,0,Working,50,
9/25/2012 0:00,9/24/2012,0,Working,50,
9/26/2012 0:00,9/25/2012,0,Working,50,
9/27/2012 0:00,9/26/2012,0,Working,50,
9/28/2012 0:00,9/27/2012,0,Working,50,
9/29/2012 0:00,9/28/2012,0,Working,50,
9/30/2012 0:00,9/29/2012,0,Working,50,
10/1/2012 0:00,9/30/2012,0,Working,50,
10/2/2012 0:00,10/1/2012,0,Working,50,
10/3/2012 0:00,10/2/2012,0,Working,50,
10/4/2012 0:00,10/3/2012,0,Working,50,
10/5/2012 0:00,10/4/2012,0,Working,50,
10/6/2012 0:00,10/5/2012,0,Working,50,
10/7/2012 0:00,10/6/2012,0,Working,50,
10/8/2012 0:00,10/7/2012,0,Working,50,
10/9/2012 0:00,10/8/2012,0,Working,50,
10/10/2012 0:00,10/9/2012,0,Working,50,
10/11/2012 0:00,10/10/2012,0,Working,50,
10/12/2012 0:00,10/11/2012,0,Working,50,
10/13/2012 0:00,10/12/2012,0,Working,50,
10/14/2012 0:00,10/13/2012,0,Working,50,
10/15/2012 0:00,10/14/2012,0,Working,50,
10/16/2012 0:00,10/15/2012,0,Working,50,
10/17/2012 0:00,10/16/2012,0,Working,50,
10/18/2012 0:00,10/17/2012,0,Working,50,
10/19/2012 0:00,10/18/2012,0,Working,50,
10/20/2012 0:00,10/19/2012,0,Working,50,
10/21/2012 0:00,10/20/2012,0,Working,50,
10/22/2012 0:00,10/21/2012,0,Working,50,
10/23/2012 0:00,10/22/2012,0,Working,50,
10/24/2012 0:00,10/23/2012,0,Working,50,
10/25/2012 0:00,10/24/2012,0,Working,50,
10/26/2012 0:00,10/25/2012,0,Working,50,
10/27/2012 0:00,10/26/2012,0,Working,50,
10/28/2012 0:00,10/27/2012,0,Working,50,
10/29/2012 0:00,10/28/2012,0,Working,50,
10/30/2012 0:00,10/29/2012,0,Working,50,
10/31/2012 0:00,10/30/2012,0,Working,50,
11/1/2012 0:00,10/31/2012,0,Working,50,
11/2/2012 0:00,11/1/2012,0,Working,50,
11/3/2012 0:00,11/2/2012,0,Working,50,
11/4/2012 0:00,11/3/2012,0,Working,50,
11/5/2012 0:00,11/4/2012,0,Working,50,
11/6/2012 0:00,11/5/2012,0,Working,50,
11/7/2012 0:00,11/6/2012,0,Working,50,
11/8/2012 0:00,11/7/2012,0,Working,50,
11/9/2012 0:00,11/8/2012,0,Working,50,
11/10/2012 0:00,11/9/2012,0,Working,50,
11/11/2012 0:00,11/10/2012,0,Working,50,
11/12/2012 0:00,11/11/2012,0,Working,50,
11/13/2012 0:00,11/12/2012,0,Working,50,
11/14/2012 0:00,11/13/2012,0,Working,50,
11/15/2012 0:00,11/14/2012,0,Working,50,
11/16/2012 0:00,11/15/2012,0,Working,50,
11/17/2012 0:00,11/16/2012,0,Working,50,
11/18/2012 0:00,11/17/2012,0,Working,50,
11/19/2012 0:00,11/18/2012,0,Working,50,
11/20/2012 0:00,11/19/2012,0,Working,50,
11/21/2012 0:00,11/20/2012,0,Working,50,
11/22/2012 0:00,11/21/2012,0,Working,50,
11/23/2012 0:00,11/22/2012,0,Working,50,
11/24/2012 0:00,11/23/2012,0,Working,50,
11/25/2012 0:00,11/24/2012,0,Working,50,
11/26/2012 0:00,11/25/2012,0,Working,50,
11/27/2012 0:00,11/26/2012,0,Working,50,
11/28/2012 0:00,11/27/2012,0,Working,50,
11/29/2012 0:00,11/28/2012,0,Working,50,
11/30/2012 0:00,11/29/2012,0,Working,50,
12/1/2012 0:00,11/30/2012,0,Working,50,
12/2/2012 0:00,12/1/2012,0,Working,50,
12/3/2012 0:00,12/2/2012,0,Working,50,
12/4/2012 0:00,12/3/2012,0,Working,50,
12/5/2012 0:00,12/4/2012,0,Working,50,
12/6/2012 0:00,12/5/2012,0,Working,50,
12/7/2012 0:00,12/6/2012,0,Working,50,
12/8/2012 0:00,12/7/2012,0,Working,50,
12/9/2012 0:00,12/8/2012,0,Working,50,
12/10/2012 0:00,12/9/2012,0,Working,50,
12/11/2012 0:00,12/10/2012,0,Working,50,
12/12/2012 0:00,12/11/2012,0,Working,50,
12/13/2012 0:00,12/12/2012,0,Working,50,
12/14/2012 0:00,12/13/2012,0,Working,50,
12/15/2012 0:00,12/14/2012,0,Working,50,
12/16/2012 0:00,12/15/2012,0,Working,50,
12/17/2012 0:00,12/16/2012,0,Working,50,
12/18/2012 0:00,12/17/2012,0,Working,50,
12/19/2012 0:00,12/18/2012,0,Working,50,
12/20/2012 0:00,12/19/2012,0,Working,50,
12/21/2012 0:00,12/20/2012,0,Working,50,
12/22/2012 0:00,12/21/2012,0,Working,50,
12/23/2012 0:00,12/22/2012,0,Working,50,
12/24/2012 0:00,12/23/2012,0,Working,50,
12/25/2012 0:00,12/24/2012,0,Working,50,
12/26/2012 0:00,12/25/2012,0,Working,50,
12/27/2012 0:00,12/26/2012,0,Working,50,
12/28/2012 0:00,12/27/2012,0,Working,50,
12/29/2012 0:00,12/28/2012,0,Working,50,
12/30/2012 0:00,12/29/2012,0,Working,50,
12/31/2012 0:00,12/30/2012,0,Working,50,
1/1/2013 0:00,12/31/2012,0,Working,50,
1/2/2013 0:00,1/1/2013,0,Working,50,
1/3/2013 0:00,1/2/2013,0,Working,50,
1/4/2013 0:00,1/3/2013,0,Working,50,
1/5/2013 0:00,1/4/2013,0,Working,50,
1/6/2013 0:00,1/5/2013,0,Working,50,
1/7/2013 0:00,1/6/2013,0,Working,50,
1/8/2013 0:00,1/7/2013,0,Working,50,
1/9/2013 0:00,1/8/2013,0,Working,50,
1/10/2013 0:00,1/9/2013,0,Working,50,
1/11/2013 0:00,1/10/2013,0,Working,50,
1/12/2013 0:00,1/11/2013,0,Working,50,
1/13/2013 0:00,1/12/2013,0,Working,50,
1/14/2013 0:00,1/13/2013,0,Working,50,
1/15/2013 0:00,1/14/2013,0,Working,50,
1/16/2013 0:00,1/15/2013,0,Working,50,
1/17/2013 0:00,1/16/2013,0,Working,50,
1/18/2013 0:00,1/17/2013,0,Working,50,
1/19/2013 0:00,1/18/2013,0,Working,50,
1/20/2013 0:00,1/19/2013,0,Working,50,
1/21/2013 0:00,1/20/2013,0,Working,50,
1/22/2013 0:00,1/21/2013,0,Working,50,
1/23/2013 0:00,1/22/2013,0,Working,50,
1/24/2013 0:00,1/23/2013,0,Working,50,
1/25/2013 0:00,1/24/2013,0,Working,50,
1/26/2013 0:00,1/25/2013,0,Working,50,
1/27/2013 0:00,1/26/2013,0,Working,50,
1/28/2013 0:00,1/27/2013,0,Working,50,
1/29/2013 0:00,1/28/2013,0,Working,50,
1/30/2013 0:00,1/29/2013,0,Working,50,
1/31/2013 0:00,1/30/2013,0,Working,50,
2/1/2013 0:00,1/31/2013,0,Working,50,
2/2/2013 0:00,2/1/2013,0,Working,50,
2/3/2013 0:00,2/2/2013,0,Working,50,
2/4/2013 0:00,2/3/2013,0,Working,50,
2/5/2013 0:00,2/4/2013,0,Working,50,
2/6/2013 0:00,2/5/2013,0,Working,50,
2/7/2013 0:00,2/6/2013,0,Working,50,
2/8/2013 0:00,2/7/2013,0,Working,50,
2/9/2013 0:00,2/8/2013,0,Working,50,
2/10/2013 0:00,2/9/2013,0,Working,50,
2/11/2013 0:00,2/10/2013,0,Working,50,
2/12/2013 0:00,2/11/2013,0,Working,50,
2/13/2013 0:00,2/12/2013,0,Working,50,
2/14/2013 0:00,2/13/2013,0,Working,50,
2/15/2013 0:00,2/14/2013,0,Working,50,
2/16/2013 0:00,2/15/2013,0,Working,50,
2/17/2013 0:00,2/16/2013,0,Working,50,
2/18/2013 0:00,2/17/2013,0,Working,50,
2/19/2013 0:00,2/18/2013,0,Working,50,
2/20/2013 0:00,2/19/2013,0,Working,50,
2/21/2013 0:00,2/20/2013,0,Working,50,
2/22/2013 0:00,2/21/2013,0,Working,50,
2/23/2013 0:00,2/22/2013,0,Working,50,
2/24/2013 0:00,2/23/2013,0,Working,50,
2/25/2013 0:00,2/24/2013,0,Working,50,
2/26/2013 0:00,2/25/2013,0,Working,50,
2/27/2013 0:00,2/26/2013,0,Working,50,
2/28/2013 0:00,2/27/2013,0,Working,50,
3/1/2013 0:00,2/28/2013,0,Working,50,
3/2/2013 0:00,3/1/2013,0,Working,50,
3/3/2013 0:00,3/2/2013,0,Working,50,
3/4/2013 0:00,3/3/2013,0,Working,50,
3/5/2013 0:00,3/4/2013,0,Working,50,
3/6/2013 0:00,3/5/2013,0,Working,50,
3/7/2013 0:00,3/6/2013,0,Working,50,
3/8/2013 0:00,3/7/2013,0,Working,50,
3/9/2013 0:00,3/8/2013,0,Working,50,
3/10/2013 0:00,3/9/2013,0,Working,50,
3/11/2013 0:00,3/10/2013,0,Working,50,
3/12/2013 0:00,3/11/2013,0,Working,50,
3/13/2013 0:00,3/12/2013,0,Working,50,
3/14/2013 0:00,3/13/2013,0,Working,50,
3/15/2013 0:00,3/14/2013,0,Working,50,
3/16/2013 0:00,3/15/2013,0,Working,50,
3/17/2013 0:00,3/16/2013,0,Working,50,
3/18/2013 0:00,3/17/2013,0,Working,50,
3/19/2013 0:00,3/18/2013,0,Working,50,
3/20/2013 0:00,3/19/2013,0,Working,50,
3/21/2013 0:00,3/20/2013,0,Working,50,
3/22/2013 0:00,3/21/2013,0,Working,50,
3/23/2013 0:00,3/22/2013,0,Working,50,
3/24/2013 0:00,3/23/2013,0,Working,50,
3/25/2013 0:00,3/24/2013,0,Working,50,
3/26/2013 0:00,3/25/2013,0,Working,50,
3/27/2013 0:00,3/26/2013,0,Working,50,
3/28/2013 0:00,3/27/2013,0,Working,50,
3/29/2013 0:00,3/28/2013,0,Working,50,
3/30/2013 0:00,3/29/2013,0,Working,50,
3/31/2013 0:00,3/30/2013,0,Working,50,
4/1/2013 0:00,3/31/2013,0,Working,50,
4/2/2013 0:00,4/1/2013,0,Working,50,
4/3/2013 0:00,4/2/2013,0,Working,50,
4/4/2013 0:00,4/3/2013,0,Working,50,
4/5/2013 0:00,4/4/2013,0,Working,50,
4/6/2013 0:00,4/5/2013,0,Working,50,
4/7/2013 0:00,4/6/2013,0,Working,50,
4/8/2013 0:00,4/7/2013,0,Working,50,
4/9/2013 0:00,4/8/2013,0,Working,50,
4/10/2013 0:00,4/9/2013,0,Working,50,
4/11/2013 0:00,4/10/2013,0,Working,50,
4/12/2013 0:00,4/11/2013,0,Working,50,
4/13/2013 0:00,4/12/2013,0,Working,50,
4/14/2013 0:00,4/13/2013,0,Working,50,
4/15/2013 0:00,4/14/2013,0,Working,50,
4/16/2013 0:00,4/15/2013,0,Working,50,
4/17/2013 0:00,4/16/2013,0,Working,50,
4/18/2013 0:00,4/17/2013,0,Working,50,
4/19/2013 0:00,4/18/2013,0,Working,50,
4/20/2013 0:00,4/19/2013,0,Working,50,
4/21/2013 0:00,4/20/2013,0,Working,50,
4/22/2013 0:00,4/21/2013,0,Working,50,
4/23/2013 0:00,4/22/2013,0,Working,50,
4/24/2013 0:00,4/23/2013,0,Working,50,
4/25/2013 0:00,4/24/2013,0,Working,50,
4/26/2013 0:00,4/25/2013,0,Working,50,
4/27/2013 0:00,4/26/2013,0,Working,50,
4/28/2013 0:00,4/27/2013,0,Working,50,
4/29/2013 0:00,4/28/2013,0,Working,50,
4/30/2013 0:00,4/29/2013,0,Working,50,
5/1/2013 0:00,4/30/2013,0,Working,50,
5/2/2013 0:00,5/1/2013,0,Working,50,
5/3/2013 0:00,5/2/2013,0,Working,50,
5/4/2013 0:00,5/3/2013,0,Working,50,
5/5/2013 0:00,5/4/2013,0,Working,50,
5/6/2013 0:00,5/5/2013,0,Working,50,
5/7/2013 0:00,5/6/2013,0,Working,50,
5/8/2013 0:00,5/7/2013,0,Working,50,
5/9/2013 0:00,5/8/2013,0,Working,50,
5/10/2013 0:00,5/9/2013,0,Working,50,
5/11/2013 0:00,5/10/2013,0,Working,50,
5/12/2013 0:00,5/11/2013,0,Working,50,
5/13/2013 0:00,5/12/2013,0,Working,50,
5/14/2013 0:00,5/13/2013,0,Working,50,
5/15/2013 0:00,5/14/2013,0,Working,50,
5/16/2013 0:00,5/15/2013,0,Working,50,
5/17/2013 0:00,5/16/2013,0,Working,50,
5/18/2013 0:00,5/17/2013,0,Working,50,
5/19/2013 0:00,5/18/2013,0,Working,50,
5/20/2013 0:00,5/19/2013,0,Working,50,
5/21/2013 0:00,5/20/2013,0,Working,50,
5/22/2013 0:00,5/21/2013,0,Working,50,
5/23/2013 0:00,5/22/2013,0,Working,50,
5/24/2013 0:00,5/23/2013,0,Working,50,
5/25/2013 0:00,5/24/2013,0,Working,50,
5/26/2013 0:00,5/25/2013,0,Working,50,
5/27/2013 0:00,5/26/2013,0,Working,50,
5/28/2013 0:00,5/27/2013,0,Working,50,
5/29/2013 0:00,5/28/2013,0,Working,50,
5/30/2013 0:00,5/29/2013,0,Working,50,
5/31/2013 0:00,5/30/2013,0,Working,50,
6/1/2013 0:00,5/31/2013,0,Working,50,
6/2/2013 0:00,6/1/2013,0,Working,50,
6/3/2013 0:00,6/2/2013,0,Working,50,
6/4/2013 0:00,6/3/2013,0,Working,50,
6/5/2013 0:00,6/4/2013,0,Working,50,
6/6/2013 0:00,6/5/2013,0,Working,50,
6/7/2013 0:00,6/6/2013,0,Working,50,
6/8/2013 0:00,6/7/2013,0,Working,50,
6/9/2013 0:00,6/8/2013,0,Working,50,
6/10/2013 0:00,6/9/2013,0,Working,50,
6/11/2013 0:00,6/10/2013,0,Working,50,
6/12/2013 0:00,6/11/2013,0,Working,50,
6/13/2013 0:00,6/12/2013,0,Working,50,
6/14/2013 0:00,6/13/2013,0,Working,50,
6/15/2013 0:00,6/14/2013,0,Working,50,
6/16/2013 0:00,6/15/2013,0,Working,50,
6/17/2013 0:00,6/16/2013,0,Working,50,
6/18/2013 0:00,6/17/2013,0,Working,50,
6/19/2013 0:00,6/18/2013,0,Working,50,
6/20/2013 0:00,6/19/2013,0,Working,50,
6/21/2013 0:00,6/20/2013,0,Working,50,
6/22/2013 0:00,6/21/2013,0,Working,50,
6/23/2013 0:00,6/22/2013,0,Working,50,
6/24/2013 0:00,6/23/2013,0,Working,50,
6/25/2013 0:00,6/24/2013,0,Working,50,
6/26/2013 0:00,6/25/2013,0,Working,50,
6/27/2013 0:00,6/26/2013,0,Working,50,
6/28/2013 0:00,6/27/2013,0,Working,50,
6/29/2013 0:00,6/28/2013,0,Working,50,
6/30/2013 0:00,6/29/2013,0,Working,50,
7/1/2013 0:00,6/30/2013,0,Working,50,
7/2/2013 0:00,7/1/2013,0,Working,50,
7/3/2013 0:00,7/2/2013,0,Working,50,
7/4/2013 0:00,7/3/2013,0,Working,50,
7/5/2013 0:00,7/4/2013,0,Working,50,
7/6/2013 0:00,7/5/2013,0,Working,50,
7/7/2013 0:00,7/6/2013,0,Working,50,
7/8/2013 0:00,7/7/2013,0,Working,50,
7/9/2013 0:00,7/8/2013,0,Working,50,
7/10/2013 0:00,7/9/2013,0,Working,50,
7/11/2013 0:00,7/10/2013,0,Working,50,
7/12/2013 0:00,7/11/2013,0,Working,50,
7/13/2013 0:00,7/12/2013,0,Working,50,
7/14/2013 0:00,7/13/2013,0,Working,50,
7/15/2013 0:00,7/14/2013,0,Working,50,
7/16/2013 0:00,7/15/2013,0,Working,50,
7/17/2013 0:00,7/16/2013,0,Working,50,
7/18/2013 0:00,7/17/2013,0,Working,50,
7/19/2013 0:00,7/18/2013,0,Working,50,
7/20/2013 0:00,7/19/2013,0,Working,50,
7/21/2013 0:00,7/20/2013,0,Working,50,
7/22/2013 0:00,7/21/2013,0,Working,50,
7/23/2013 0:00,7/22/2013,0,Working,50,
7/24/2013 0:00,7/23/2013,0,Working,50,
7/25/2013 0:00,7/24/2013,0,Working,50,
7/26/2013 0:00,7/25/2013,0,Working,50,
7/27/2013 0:00,7/26/2013,0,Working,50,
7/28/2013 0:00,7/27/2013,0,Working,50,
7/29/2013 0:00,7/28/2013,0,Working,50,
7/30/2013 0:00,7/29/2013,0,Working,50,
7/31/2013 0:00,7/30/2013,0,Working,50,
8/1/2013 0:00,7/31/2013,0,Working,50,
8/2/2013 0:00,8/1/2013,0,Working,50,
8/3/2013 0:00,8/2/2013,0,Working,50,
8/4/2013 0:00,8/3/2013,0,Working,50,
8/5/2013 0:00,8/4/2013,0,Working,50,
8/6/2013 0:00,8/5/2013,0,Working,50,
8/7/2013 0:00,8/6/2013,0,Working,50,
8/8/2013 0:00,8/7/2013,0,Working,50,
8/9/2013 0:00,8/8/2013,0,Working,50,
8/10/2013 0:00,8/9/2013,0,Working,50,
8/11/2013 0:00,8/10/2013,0,Working,50,
8/12/2013 0:00,8/11/2013,0,Working,50,
8/13/2013 0:00,8/12/2013,0,Working,50,
8/14/2013 0:00,8/13/2013,0,Working,50,
8/15/2013 0:00,8/14/2013,0,Working,50,
8/16/2013 0:00,8/15/2013,0,Working,50,
8/17/2013 0:00,8/16/2013,0,Working,50,
8/18/2013 0:00,8/17/2013,0,Working,50,
8/19/2013 0:00,8/18/2013,0,Working,50,
8/20/2013 0:00,8/19/2013,0,Working,50,
8/21/2013 0:00,8/20/2013,0,Working,50,
8/22/2013 0:00,8/21/2013,0,Working,50,
8/23/2013 0:00,8/22/2013,0,Working,50,
8/24/2013 0:00,8/23/2013,0,Working,50,
8/25/2013 0:00,8/24/2013,0,Working,50,
8/26/2013 0:00,8/25/2013,0,Working,50,
8/27/2013 0:00,8/26/2013,0,Working,50,
8/28/2013 0:00,8/27/2013,0,Working,50,
8/29/2013 0:00,8/28/2013,0,Working,50,
8/30/2013 0:00,8/29/2013,0,Working,50,
8/31/2013 0:00,8/30/2013,0,Working,50,
9/1/2013 0:00,8/31/2013,0,Working,50,
9/2/2013 0:00,9/1/2013,0,Working,50,
9/3/2013 0:00,9/2/2013,0,Working,50,
9/4/2013 0:00,9/3/2013,0,Working,50,
9/5/2013 0:00,9/4/2013,0,Working,50,
9/6/2013 0:00,9/5/2013,0,Working,50,
9/7/2013 0:00,9/6/2013,0,Working,50,
9/8/2013 0:00,9/7/2013,0,Working,50,
9/9/2013 0:00,9/8/2013,0,Working,50,
9/10/2013 0:00,9/9/2013,0,Working,50,
9/11/2013 0:00,9/10/2013,0,Working,50,
9/12/2013 0:00,9/11/2013,0,Working,50,
9/13/2013 0:00,9/12/2013,0,Working,50,
9/14/2013 0:00,9/13/2013,0,Working,50,
9/15/2013 0:00,9/14/2013,0,Working,50,
9/16/2013 0:00,9/15/2013,0,Working,50,
9/17/2013 0:00,9/16/2013,0,Working,50,
9/18/2013 0:00,9/17/2013,0,Working,50,
9/19/2013 0:00,9/18/2013,0,Working,50,
9/20/2013 0:00,9/19/2013,0,Working,50,
9/21/2013 0:00,9/20/2013,0,Working,50,
9/22/2013 0:00,9/21/2013,0,Working,50,
9/23/2013 0:00,9/22/2013,0,Working,50,
9/24/2013 0:00,9/23/2013,0,Working,50,
9/25/2013 0:00,9/24/2013,0,Working,50,
9/26/2013 0:00,9/25/2013,0,Working,50,
9/27/2013 0:00,9/26/2013,0,Working,50,
9/28/2013 0:00,9/27/2013,0,Working,50,
9/29/2013 0:00,9/28/2013,0,Working,50,
9/30/2013 0:00,9/29/2013,0,Working,50,
10/1/2013 0:00,9/30/2013,0,Working,50,
10/2/2013 0:00,10/1/2013,0,Working,50,
10/3/2013 0:00,10/2/2013,0,Working,50,
10/4/2013 0:00,10/3/2013,0,Working,50,
10/5/2013 0:00,10/4/2013,0,Working,50,
10/6/2013 0:00,10/5/2013,0,Working,50,
10/7/2013 0:00,10/6/2013,0,Working,50,
10/8/2013 0:00,10/7/2013,0,Working,50,
10/9/2013 0:00,10/8/2013,0,Working,50,
10/10/2013 0:00,10/9/2013,0,Working,50,
10/11/2013 0:00,10/10/2013,0,Working,50,
10/12/2013 0:00,10/11/2013,0,Working,50,
10/13/2013 0:00,10/12/2013,0,Working,50,
10/14/2013 0:00,10/13/2013,0,Working,50,
10/15/2013 0:00,10/14/2013,0,Working,50,
10/16/2013 0:00,10/15/2013,0,Working,50,
10/17/2013 0:00,10/16/2013,0,Working,50,
10/18/2013 0:00,10/17/2013,0,Working,50,
10/19/2013 0:00,10/18/2013,0,Working,50,
10/20/2013 0:00,10/19/2013,0,Working,50,
10/21/2013 0:00,10/20/2013,0,Working,50,
10/22/2013 0:00,10/21/2013,0,Working,50,
10/23/2013 0:00,10/22/2013,0,Working,50,
10/24/2013 0:00,10/23/2013,0,Working,50,
10/25/2013 0:00,10/24/2013,0,Working,50,
10/26/2013 0:00,10/25/2013,0,Working,50,
10/27/2013 0:00,10/26/2013,0,Working,50,
10/28/2013 0:00,10/27/2013,0,Working,50,
10/29/2013 0:00,10/28/2013,0,Working,50,
10/30/2013 0:00,10/29/2013,0,Working,50,
10/31/2013 0:00,10/30/2013,0,Working,50,
11/1/2013 0:00,10/31/2013,0,Working,50,
11/2/2013 0:00,11/1/2013,0,Working,50,
11/3/2013 0:00,11/2/2013,0,Working,50,
11/4/2013 0:00,11/3/2013,0,Working,50,
11/5/2013 0:00,11/4/2013,0,Working,50,
11/6/2013 0:00,11/5/2013,0,Working,50,
11/7/2013 0:00,11/6/2013,0,Working,50,
11/8/2013 0:00,11/7/2013,0,Working,50,
11/9/2013 0:00,11/8/2013,0,Working,50,
11/10/2013 0:00,11/9/2013,0,Working,50,
11/11/2013 0:00,11/10/2013,0,Working,50,
11/12/2013 0:00,11/11/2013,0,Working,50,
11/13/2013 0:00,11/12/2013,0,Working,50,
11/14/2013 0:00,11/13/2013,0,Working,50,
11/15/2013 0:00,11/14/2013,0,Working,50,
11/16/2013 0:00,11/15/2013,0,Working,50,
11/17/2013 0:00,11/16/2013,0,Working,50,
11/18/2013 0:00,11/17/2013,0,Working,50,
11/19/2013 0:00,11/18/2013,0,Working,50,
11/20/2013 0:00,11/19/2013,0,Working,50,
11/21/2013 0:00,11/20/2013,0,Working,50,
11/22/2013 0:00,11/21/2013,0,Working,50,
11/23/2013 0:00,11/22/2013,0,Working,50,
11/24/2013 0:00,11/23/2013,0,Working,50,
11/25/2013 0:00,11/24/2013,0,Working,50,
11/26/2013 0:00,11/25/2013,0,Working,50,
11/27/2013 0:00,11/26/2013,0,Working,50,
11/28/2013 0:00,11/27/2013,0,Working,50,
11/29/2013 0:00,11/28/2013,0,Working,50,
11/30/2013 0:00,11/29/2013,0,Working,50,
12/1/2013 0:00,11/30/2013,0,Working,50,
12/2/2013 0:00,12/1/2013,0,Working,50,
12/3/2013 0:00,12/2/2013,0,Working,50,
12/4/2013 0:00,12/3/2013,0,Working,50,
12/5/2013 0:00,12/4/2013,0,Working,50,
12/6/2013 0:00,12/5/2013,0,Working,50,
12/7/2013 0:00,12/6/2013,0,Working,50,
12/8/2013 0:00,12/7/2013,0,Working,50,
12/9/2013 0:00,12/8/2013,0,Working,50,
12/10/2013 0:00,12/9/2013,0,Working,50,
12/11/2013 0:00,12/10/2013,0,Working,50,
12/12/2013 0:00,12/11/2013,0,Working,50,
12/13/2013 0:00,12/12/2013,0,Working,50,
12/14/2013 0:00,12/13/2013,0,Working,50,
12/15/2013 0:00,12/14/2013,0,Working,50,
12/16/2013 0:00,12/15/2013,0,Working,50,
12/17/2013 0:00,12/16/2013,0,Working,50,
12/18/2013 0:00,12/17/2013,0,Working,50,
12/19/2013 0:00,12/18/2013,0,Working,50,
12/20/2013 0:00,12/19/2013,0,Working,50,
12/21/2013 0:00,12/20/2013,0,Working,50,
12/22/2013 0:00,12/21/2013,0,Working,50,
12/23/2013 0:00,12/22/2013,0,Working,50,
12/24/2013 0:00,12/23/2013,0,Working,50,
12/25/2013 0:00,12/24/2013,0,Working,50,
12/26/2013 0:00,12/25/2013,0,Working,50,
12/27/2013 0:00,12/26/2013,0,Working,50,
12/28/2013 0:00,12/27/2013,0,Working,50,
12/29/2013 0:00,12/28/2013,0,Working,50,
12/30/2013 0:00,12/29/2013,0,Working,50,
12/31/2013 0:00,12/30/2013,0,Working,50,
1/1/2014 0:00,12/31/2013,0,Working,50,
1/2/2014 0:00,1/1/2014,0,Working,50,
1/3/2014 0:00,1/2/2014,0,Working,50,
1/4/2014 0:00,1/3/2014,0,Working,50,
1/5/2014 0:00,1/4/2014,0,Working,50,
1/6/2014 0:00,1/5/2014,0,Working,50,
1/7/2014 0:00,1/6/2014,0,Working,50,
1/8/2014 0:00,1/7/2014,0,Working,50,
1/9/2014 0:00,1/8/2014,0,Working,50,
1/10/2014 0:00,1/9/2014,0,Working,50,
1/11/2014 0:00,1/10/2014,0,Working,50,
1/12/2014 0:00,1/11/2014,0,Working,50,
1/13/2014 0:00,1/12/2014,0,Working,50,
1/14/2014 0:00,1/13/2014,0,Working,50,
1/15/2014 0:00,1/14/2014,0,Working,50,
1/16/2014 0:00,1/15/2014,0,Working,50,
1/17/2014 0:00,1/16/2014,0,Working,50,
1/18/2014 0:00,1/17/2014,0,Working,50,
1/19/2014 0:00,1/18/2014,0,Working,50,
1/20/2014 0:00,1/19/2014,0,Working,50,
1/21/2014 0:00,1/20/2014,0,Working,50,
1/22/2014 0:00,1/21/2014,0,Working,50,
1/23/2014 0:00,1/22/2014,0,Working,50,
1/24/2014 0:00,1/23/2014,0,Working,50,
1/25/2014 0:00,1/24/2014,0,Working,50,
1/26/2014 0:00,1/25/2014,0,Working,50,
1/27/2014 0:00,1/26/2014,0,Working,50,
1/28/2014 0:00,1/27/2014,0,Working,50,
1/29/2014 0:00,1/28/2014,0,Working,50,
1/30/2014 0:00,1/29/2014,0,Working,50,
1/31/2014 0:00,1/30/2014,0,Working,50,
2/1/2014 0:00,1/31/2014,0,Working,50,
2/2/2014 0:00,2/1/2014,0,Working,50,
2/3/2014 0:00,2/2/2014,0,Working,50,
2/4/2014 0:00,2/3/2014,0,Working,50,
2/5/2014 0:00,2/4/2014,0,Working,50,
2/6/2014 0:00,2/5/2014,0,Working,50,
2/7/2014 0:00,2/6/2014,0,Working,50,
2/8/2014 0:00,2/7/2014,0,Working,50,
2/9/2014 0:00,2/8/2014,0,Working,50,
2/10/2014 0:00,2/9/2014,0,Working,50,
2/11/2014 0:00,2/10/2014,0,Working,50,
2/12/2014 0:00,2/11/2014,0,Working,50,
2/13/2014 0:00,2/12/2014,0,Working,50,
2/14/2014 0:00,2/13/2014,0,Working,50,
2/15/2014 0:00,2/14/2014,0,Working,50,
2/16/2014 0:00,2/15/2014,0,Working,50,
2/17/2014 0:00,2/16/2014,0,Working,50,
2/18/2014 0:00,2/17/2014,0,Working,50,
2/19/2014 0:00,2/18/2014,0,Working,50,
2/20/2014 0:00,2/19/2014,0,Working,50,
2/21/2014 0:00,2/20/2014,0,Working,50,
2/22/2014 0:00,2/21/2014,0,Working,50,
2/23/2014 0:00,2/22/2014,0,Working,50,
2/24/2014 0:00,2/23/2014,0,Working,50,
2/25/2014 0:00,2/24/2014,0,Working,50,
2/26/2014 0:00,2/25/2014,0,Working,50,
2/27/2014 0:00,2/26/2014,0,Working,50,
2/28/2014 0:00,2/27/2014,0,Working,50,
3/1/2014 0:00,2/28/2014,0,Working,50,
3/2/2014 0:00,3/1/2014,0,Working,50,
3/3/2014 0:00,3/2/2014,0,Working,50,
3/4/2014 0:00,3/3/2014,0,Working,50,
3/5/2014 0:00,3/4/2014,0,Working,50,
3/6/2014 0:00,3/5/2014,0,Working,50,
3/7/2014 0:00,3/6/2014,0,Working,50,
3/8/2014 0:00,3/7/2014,0,Working,50,
3/9/2014 0:00,3/8/2014,0,Working,50,
3/10/2014 0:00,3/9/2014,0,Working,50,
3/11/2014 0:00,3/10/2014,0,Working,50,
3/12/2014 0:00,3/11/2014,0,Working,50,
3/13/2014 0:00,3/12/2014,0,Working,50,
3/14/2014 0:00,3/13/2014,0,Working,50,
3/15/2014 0:00,3/14/2014,0,Working,50,
3/16/2014 0:00,3/15/2014,0,Working,50,
3/17/2014 0:00,3/16/2014,0,Working,50,
3/18/2014 0:00,3/17/2014,0,Working,50,
3/19/2014 0:00,3/18/2014,0,Working,50,
3/20/2014 0:00,3/19/2014,0,Working,50,
3/21/2014 0:00,3/20/2014,0,Working,50,
3/22/2014 0:00,3/21/2014,0,Working,50,
3/23/2014 0:00,3/22/2014,0,Working,50,
3/24/2014 0:00,3/23/2014,0,Working,50,
3/25/2014 0:00,3/24/2014,0,Working,50,
3/26/2014 0:00,3/25/2014,0,Working,50,
3/27/2014 0:00,3/26/2014,0,Working,50,
3/28/2014 0:00,3/27/2014,0,Working,50,
3/29/2014 0:00,3/28/2014,0,Working,50,
3/30/2014 0:00,3/29/2014,0,Working,50,
3/31/2014 0:00,3/30/2014,0,Working,50,
4/1/2014 0:00,3/31/2014,0,Working,50,
4/2/2014 0:00,4/1/2014,0,Working,50,
4/3/2014 0:00,4/2/2014,0,Working,50,
4/4/2014 0:00,4/3/2014,0,Working,50,
4/5/2014 0:00,4/4/2014,0,Working,50,
4/6/2014 0:00,4/5/2014,0,Working,50,
4/7/2014 0:00,4/6/2014,0,Working,50,
4/8/2014 0:00,4/7/2014,0,Working,50,
4/9/2014 0:00,4/8/2014,0,Working,50,
4/10/2014 0:00,4/9/2014,0,Working,50,
4/11/2014 0:00,4/10/2014,0,Working,50,
4/12/2014 0:00,4/11/2014,0,Working,50,
4/13/2014 0:00,4/12/2014,0,Working,50,
4/14/2014 0:00,4/13/2014,0,Working,50,
4/15/2014 0:00,4/14/2014,0,Working,50,
4/16/2014 0:00,4/15/2014,0,Working,50,
4/17/2014 0:00,4/16/2014,0,Working,50,
4/18/2014 0:00,4/17/2014,0,Working,50,
4/19/2014 0:00,4/18/2014,0,Working,50,
4/20/2014 0:00,4/19/2014,0,Working,50,
4/21/2014 0:00,4/20/2014,0,Working,50,
4/22/2014 0:00,4/21/2014,0,Working,50,
4/23/2014 0:00,4/22/2014,0,Working,50,
4/24/2014 0:00,4/23/2014,0,Working,50,
4/25/2014 0:00,4/24/2014,0,Working,50,
4/26/2014 0:00,4/25/2014,0,Working,50,
4/27/2014 0:00,4/26/2014,0,Working,50,
4/28/2014 0:00,4/27/2014,0,Working,50,
4/29/2014 0:00,4/28/2014,0,Working,50,
4/30/2014 0:00,4/29/2014,0,Working,50,
5/1/2014 0:00,4/30/2014,0,Working,50,
5/2/2014 0:00,5/1/2014,0,Working,50,
5/3/2014 0:00,5/2/2014,0,Working,50,
5/4/2014 0:00,5/3/2014,0,Working,50,
5/5/2014 0:00,5/4/2014,0,Working,50,
5/6/2014 0:00,5/5/2014,0,Working,50,
5/7/2014 0:00,5/6/2014,0,Working,50,
5/8/2014 0:00,5/7/2014,0,Working,50,
5/9/2014 0:00,5/8/2014,0,Working,50,
5/10/2014 0:00,5/9/2014,0,Working,50,
5/11/2014 0:00,5/10/2014,0,Working,50,
5/12/2014 0:00,5/11/2014,0,Working,50,
5/13/2014 0:00,5/12/2014,0,Working,50,
5/14/2014 0:00,5/13/2014,0,Working,50,
5/15/2014 0:00,5/14/2014,0,Working,50,
5/16/2014 0:00,5/15/2014,0,Working,50,
5/17/2014 0:00,5/16/2014,0,Working,50,
5/18/2014 0:00,5/17/2014,0,Working,50,
5/19/2014 0:00,5/18/2014,0,Working,50,
5/20/2014 0:00,5/19/2014,0,Working,50,
5/21/2014 0:00,5/20/2014,0,Working,50,
5/22/2014 0:00,5/21/2014,0,Working,50,
5/23/2014 0:00,5/22/2014,0,Working,50,
5/24/2014 0:00,5/23/2014,0,Working,50,
5/25/2014 0:00,5/24/2014,0,Working,50,
5/26/2014 0:00,5/25/2014,0,Working,50,
5/27/2014 0:00,5/26/2014,0,Working,50,
5/28/2014 0:00,5/27/2014,0,Working,50,
5/29/2014 0:00,5/28/2014,0,Working,50,
5/30/2014 0:00,5/29/2014,0,Working,50,
5/31/2014 0:00,5/30/2014,0,Working,50,
6/1/2014 0:00,5/31/2014,0,Working,50,
6/2/2014 0:00,6/1/2014,0,Working,50,
6/3/2014 0:00,6/2/2014,0,Working,50,
6/4/2014 0:00,6/3/2014,0,Working,50,
6/5/2014 0:00,6/4/2014,0,Working,50,
6/6/2014 0:00,6/5/2014,0,Working,50,
6/7/2014 0:00,6/6/2014,0,Working,50,
6/8/2014 0:00,6/7/2014,0,Working,50,
6/9/2014 0:00,6/8/2014,0,Working,50,
6/10/2014 0:00,6/9/2014,0,Working,50,
6/11/2014 0:00,6/10/2014,0,Working,50,
6/12/2014 0:00,6/11/2014,0,Working,50,
6/13/2014 0:00,6/12/2014,0,Working,50,
6/14/2014 0:00,6/13/2014,0,Working,50,
6/15/2014 0:00,6/14/2014,0,Working,50,
6/16/2014 0:00,6/15/2014,0,Working,50,
6/17/2014 0:00,6/16/2014,0,Working,50,
6/18/2014 0:00,6/17/2014,0,Working,50,
6/19/2014 0:00,6/18/2014,0,Working,50,
6/20/2014 0:00,6/19/2014,0,Working,50,
6/21/2014 0:00,6/20/2014,0,Working,50,
6/22/2014 0:00,6/21/2014,0,Working,50,
6/23/2014 0:00,6/22/2014,0,Working,50,
6/24/2014 0:00,6/23/2014,0,Working,50,
6/25/2014 0:00,6/24/2014,0,Working,50,
6/26/2014 0:00,6/25/2014,0,Working,50,
6/27/2014 0:00,6/26/2014,0,Working,50,
6/28/2014 0:00,6/27/2014,0,Working,50,
6/29/2014 0:00,6/28/2014,0,Working,50,
6/30/2014 0:00,6/29/2014,0,Working,50,
7/1/2014 0:00,6/30/2014,0,Working,50,
7/2/2014 0:00,7/1/2014,0,Working,50,
7/3/2014 0:00,7/2/2014,0,Working,50,
7/4/2014 0:00,7/3/2014,0,Working,50,
7/5/2014 0:00,7/4/2014,0,Working,50,
7/6/2014 0:00,7/5/2014,0,Working,50,
7/7/2014 0:00,7/6/2014,0,Working,50,
7/8/2014 0:00,7/7/2014,0,Working,50,
7/9/2014 0:00,7/8/2014,0,Working,50,
7/10/2014 0:00,7/9/2014,0,Working,50,
7/11/2014 0:00,7/10/2014,0,Working,50,
7/12/2014 0:00,7/11/2014,0,Working,50,
7/13/2014 0:00,7/12/2014,0,Working,50,
7/14/2014 0:00,7/13/2014,0,Working,50,
7/15/2014 0:00,7/14/2014,0,Working,50,
7/16/2014 0:00,7/15/2014,0,Working,50,
7/17/2014 0:00,7/16/2014,0,Working,50,
7/18/2014 0:00,7/17/2014,0,Working,50,
7/19/2014 0:00,7/18/2014,0,Working,50,
7/20/2014 0:00,7/19/2014,0,Working,50,
7/21/2014 0:00,7/20/2014,0,Working,51,
7/22/2014 0:00,7/21/2014,0,Working,50,
7/23/2014 0:00,7/22/2014,0,Working,50,
7/24/2014 0:00,7/23/2014,0,Working,50,
7/25/2014 0:00,7/24/2014,0,Working,50,
7/26/2014 0:00,7/25/2014,0,Working,50,
7/27/2014 0:00,7/26/2014,0,Working,50,
7/28/2014 0:00,7/27/2014,0,Working,50,
7/29/2014 0:00,7/28/2014,0,Working,50,
7/30/2014 0:00,7/29/2014,0,Working,50,
7/31/2014 0:00,7/30/2014,0,Working,50,
8/1/2014 0:00,7/31/2014,0,Working,50,
8/2/2014 0:00,8/1/2014,0,Working,50,
8/3/2014 0:00,8/2/2014,0,Working,50,
8/4/2014 0:00,8/3/2014,0,Working,50,
8/5/2014 0:00,8/4/2014,0,Working,50,
8/6/2014 0:00,8/5/2014,0,Working,50,
8/7/2014 0:00,8/6/2014,0,Working,50,
8/8/2014 0:00,8/7/2014,0,Working,50,
8/9/2014 0:00,8/8/2014,0,Working,50,
8/10/2014 0:00,8/9/2014,0,Working,50,
8/11/2014 0:00,8/10/2014,0,Working,50,
8/12/2014 0:00,8/11/2014,0,Working,50,
8/13/2014 0:00,8/12/2014,0,Working,50,
8/14/2014 0:00,8/13/2014,0,Working,50,
8/15/2014 0:00,8/14/2014,0,Working,50,
8/16/2014 0:00,8/15/2014,0,Working,50,
8/17/2014 0:00,8/16/2014,0,Working,50,
8/18/2014 0:00,8/17/2014,0,Working,50,
8/19/2014 0:00,8/18/2014,0,Working,50,
8/20/2014 0:00,8/19/2014,0,Working,50,
8/21/2014 0:00,8/20/2014,0,Working,50,
8/22/2014 0:00,8/21/2014,0,Working,50,
8/23/2014 0:00,8/22/2014,0,Working,50,
8/24/2014 0:00,8/23/2014,0,Working,50,
8/25/2014 0:00,8/24/2014,0,Working,50,
8/26/2014 0:00,8/25/2014,0,Working,50,
8/27/2014 0:00,8/26/2014,0,Working,50,
8/28/2014 0:00,8/27/2014,0,Working,50,
8/29/2014 0:00,8/28/2014,0,Working,50,
8/30/2014 0:00,8/29/2014,0,Working,50,
8/31/2014 0:00,8/30/2014,0,Working,50,
9/1/2014 0:00,8/31/2014,0,Working,50,
9/2/2014 0:00,9/1/2014,0,Working,50,
9/3/2014 0:00,9/2/2014,0,Working,50,
9/4/2014 0:00,9/3/2014,0,Working,50,
9/5/2014 0:00,9/4/2014,0,Working,50,
9/6/2014 0:00,9/5/2014,0,Working,50,
9/7/2014 0:00,9/6/2014,0,Working,50,
9/8/2014 0:00,9/7/2014,0,Working,50,
9/9/2014 0:00,9/8/2014,0,Working,50,
9/10/2014 0:00,9/9/2014,0,Working,50,
9/11/2014 0:00,9/10/2014,0,Working,50,
9/12/2014 0:00,9/11/2014,0,Working,50,
9/13/2014 0:00,9/12/2014,0,Working,50,
9/14/2014 0:00,9/13/2014,200,Working,50,
9/15/2014 0:00,9/14/2014,200,Working,50,
9/16/2014 0:00,9/15/2014,200,Working,50,
9/17/2014 0:00,9/16/2014,100,Working,50,
9/18/2014 0:00,9/17/2014,200,Working,50,
9/19/2014 0:00,9/18/2014,300,Working,50,
9/20/2014 0:00,9/19/2014,300,Working,50,
9/21/2014 0:00,9/20/2014,0,Working,50,
9/22/2014 0:00,9/21/2014,100,Working,50,
9/23/2014 0:00,9/22/2014,200,Working,50,
9/24/2014 0:00,9/23/2014,250,Working,50,
9/25/2014 0:00,9/24/2014,250,Working,50,
9/26/2014 0:00,9/25/2014,250,Working,50,
9/27/2014 0:00,9/26/2014,250,Working,50,
9/28/2014 0:00,9/27/2014,0,Working,50,
9/29/2014 0:00,9/28/2014,0,Working,50,
9/30/2014 0:00,9/29/2014,150,Working,50,
10/1/2014 0:00,9/30/2014,150,Working,50,
10/2/2014 0:00,10/1/2014,200,Working,50,
10/3/2014 0:00,10/2/2014,200,Working,50,
10/4/2014 0:00,10/3/2014,100,Working,50,
10/5/2014 0:00,10/4/2014,50,Working,50,
10/6/2014 0:00,10/5/2014,0,Working,50,
10/7/2014 0:00,10/6/2014,0,Working,50,
10/8/2014 0:00,10/7/2014,0,Working,50,
10/9/2014 0:00,10/8/2014,0,Working,50,
10/10/2014 0:00,10/9/2014,0,Working,50,
10/11/2014 0:00,10/10/2014,50,Working,50,
10/12/2014 0:00,10/11/2014,100,Working,50,
10/13/2014 0:00,10/12/2014,100,Working,50,
10/14/2014 0:00,10/13/2014,50,Working,50,
10/15/2014 0:00,10/14/2014,0,Working,50,
10/16/2014 0:00,10/15/2014,0,Working,50,
10/17/2014 0:00,10/16/2014,0,Working,50,
10/18/2014 0:00,10/17/2014,0,Working,50,
10/19/2014 0:00,10/18/2014,0,Working,50,
10/20/2014 0:00,10/19/2014,0,Working,50,
10/21/2014 0:00,10/20/2014,0,Working,50,
10/22/2014 0:00,10/21/2014,0,Working,50,
10/23/2014 0:00,10/22/2014,0,Working,50,
10/24/2014 0:00,10/23/2014,0,Working,50,
10/25/2014 0:00,10/24/2014,0,Working,50,
10/26/2014 0:00,10/25/2014,0,Working,50,
10/27/2014 0:00,10/26/2014,0,Working,50,
10/28/2014 0:00,10/27/2014,0,Working,50,
10/29/2014 0:00,10/28/2014,0,Working,50,
10/30/2014 0:00,10/29/2014,0,Working,50,
10/31/2014 0:00,10/30/2014,0,Working,50,
11/1/2014 0:00,10/31/2014,0,Working,50,
11/2/2014 0:00,11/1/2014,0,Working,50,
11/3/2014 0:00,11/2/2014,0,Working,50,
11/4/2014 0:00,11/3/2014,0,Working,50,
11/5/2014 0:00,11/4/2014,0,Working,50,
11/6/2014 0:00,11/5/2014,0,Working,50,
11/7/2014 0:00,11/6/2014,0,Working,50,
11/8/2014 0:00,11/7/2014,0,Working,50,
11/9/2014 0:00,11/8/2014,0,Working,50,
11/10/2014 0:00,11/9/2014,60,Working,50,
11/11/2014 0:00,11/10/2014,60,Working,50,
11/12/2014 0:00,11/11/2014,60,Working,50,
11/13/2014 0:00,11/12/2014,110,Working,50,
11/14/2014 0:00,11/13/2014,150,Working,50,
11/15/2014 0:00,11/14/2014,250,Working,50,
11/16/2014 0:00,11/15/2014,150,Working,50,
11/17/2014 0:00,11/16/2014,50,Working,50,
11/18/2014 0:00,11/17/2014,0,Working,50,
11/19/2014 0:00,11/18/2014,0,Working,50,
11/20/2014 0:00,11/19/2014,0,Working,50,
11/21/2014 0:00,11/20/2014,0,Working,50,
11/22/2014 0:00,11/21/2014,0,Working,50,
11/23/2014 0:00,11/22/2014,0,Working,50,
11/24/2014 0:00,11/23/2014,0,Working,50,
11/25/2014 0:00,11/24/2014,0,Working,50,
11/26/2014 0:00,11/25/2014,0,Working,50,
11/27/2014 0:00,11/26/2014,0,Working,50,
11/28/2014 0:00,11/27/2014,0,Working,50,
11/29/2014 0:00,11/28/2014,0,Working,50,
11/30/2014 0:00,11/29/2014,0,Working,50,
12/1/2014 0:00,11/30/2014,0,Working,50,
12/2/2014 0:00,12/1/2014,0,Working,50,
12/3/2014 0:00,12/2/2014,0,Working,50,
12/4/2014 0:00,12/3/2014,0,Working,50,
12/5/2014 0:00,12/4/2014,0,Working,50,
12/6/2014 0:00,12/5/2014,0,Working,50,
12/7/2014 0:00,12/6/2014,0,Working,50,
12/8/2014 0:00,12/7/2014,0,Working,50,
12/9/2014 0:00,12/8/2014,0,Working,50,
12/10/2014 0:00,12/9/2014,0,Working,50,
12/11/2014 0:00,12/10/2014,0,Working,50,
12/12/2014 0:00,12/11/2014,0,Working,50,
12/13/2014 0:00,12/12/2014,0,Working,50,
12/14/2014 0:00,12/13/2014,0,Working,50,
12/15/2014 0:00,12/14/2014,0,Working,50,
12/16/2014 0:00,12/15/2014,0,Working,50,
12/17/2014 0:00,12/16/2014,0,Working,50,
12/18/2014 0:00,12/17/2014,0,Working,50,
12/19/2014 0:00,12/18/2014,0,Working,50,
12/20/2014 0:00,12/19/2014,0,Working,50,
12/21/2014 0:00,12/20/2014,0,Working,50,
12/22/2014 0:00,12/21/2014,0,Working,50,
12/23/2014 0:00,12/22/2014,0,Working,50,
12/24/2014 0:00,12/23/2014,0,Working,50,
12/25/2014 0:00,12/24/2014,0,Working,50,
12/26/2014 0:00,12/25/2014,0,Working,50,
12/27/2014 0:00,12/26/2014,0,Working,50,
12/28/2014 0:00,12/27/2014,0,Working,50,
12/29/2014 0:00,12/28/2014,0,Working,50,
12/30/2014 0:00,12/29/2014,0,Working,50,
12/31/2014 0:00,12/30/2014,0,Working,50,
1/1/2015 0:00,12/31/2014,0,Working,50,
1/2/2015 0:00,1/1/2015,0,Working,50,
1/3/2015 0:00,1/2/2015,0,Working,50,
1/4/2015 0:00,1/3/2015,0,Working,50,
1/5/2015 0:00,1/4/2015,0,Working,50,
1/6/2015 0:00,1/5/2015,0,Working,50,
1/7/2015 0:00,1/6/2015,0,Working,50,
1/8/2015 0:00,1/7/2015,0,Working,50,
1/9/2015 0:00,1/8/2015,0,Working,50,
1/10/2015 0:00,1/9/2015,0,Working,50,
1/11/2015 0:00,1/10/2015,0,Working,50,
1/12/2015 0:00,1/11/2015,0,Working,50,
1/13/2015 0:00,1/12/2015,0,Working,50,
1/14/2015 0:00,1/13/2015,0,Working,50,
1/15/2015 0:00,1/14/2015,0,Working,50,
1/16/2015 0:00,1/15/2015,0,Working,50,
1/17/2015 0:00,1/16/2015,0,Working,50,
1/18/2015 0:00,1/17/2015,0,Working,50,
1/19/2015 0:00,1/18/2015,0,Working,50,
1/20/2015 0:00,1/19/2015,0,Working,50,
1/21/2015 0:00,1/20/2015,0,Working,50,
1/22/2015 0:00,1/21/2015,0,Working,50,
1/23/2015 0:00,1/22/2015,0,Working,50,
1/24/2015 0:00,1/23/2015,0,Working,50,
1/25/2015 0:00,1/24/2015,0,Working,50,
1/26/2015 0:00,1/25/2015,0,Working,50,
1/27/2015 0:00,1/26/2015,0,Working,50,
1/28/2015 0:00,1/27/2015,0,Working,50,
1/29/2015 0:00,1/28/2015,0,Working,50,
1/30/2015 0:00,1/29/2015,0,Working,50,
1/31/2015 0:00,1/30/2015,0,Working,50,
2/1/2015 0:00,1/31/2015,0,Working,50,
2/2/2015 0:00,2/1/2015,0,Working,50,
2/3/2015 0:00,2/2/2015,0,Working,50,
2/4/2015 0:00,2/3/2015,0,Working,50,
2/5/2015 0:00,2/4/2015,0,Working,50,
2/6/2015 0:00,2/5/2015,0,Working,50,
2/7/2015 0:00,2/6/2015,0,Working,50,
2/8/2015 0:00,2/7/2015,0,Working,50,
2/9/2015 0:00,2/8/2015,0,Working,50,
2/10/2015 0:00,2/9/2015,0,Working,50,
2/11/2015 0:00,2/10/2015,0,Working,50,
2/12/2015 0:00,2/11/2015,0,Working,50,
2/13/2015 0:00,2/12/2015,0,Working,50,
2/14/2015 0:00,2/13/2015,0,Working,50,
2/15/2015 0:00,2/14/2015,0,Working,50,
2/16/2015 0:00,2/15/2015,0,Working,50,
2/17/2015 0:00,2/16/2015,0,Working,50,
2/18/2015 0:00,2/17/2015,0,Working,50,
2/19/2015 0:00,2/18/2015,0,Working,50,
2/20/2015 0:00,2/19/2015,0,Working,50,
2/21/2015 0:00,2/20/2015,0,Working,50,
2/22/2015 0:00,2/21/2015,0,Working,50,
2/23/2015 0:00,2/22/2015,0,Working,50,
2/24/2015 0:00,2/23/2015,0,Working,50,
2/25/2015 0:00,2/24/2015,0,Working,50,
2/26/2015 0:00,2/25/2015,0,Working,50,
2/27/2015 0:00,2/26/2015,0,Working,50,
2/28/2015 0:00,2/27/2015,0,Working,50,
3/1/2015 0:00,2/28/2015,0,Working,50,
3/2/2015 0:00,3/1/2015,0,Working,50,
3/3/2015 0:00,3/2/2015,0,Working,50,
3/4/2015 0:00,3/3/2015,0,Working,50,
3/5/2015 0:00,3/4/2015,0,Working,50,
3/6/2015 0:00,3/5/2015,0,Working,50,
3/7/2015 0:00,3/6/2015,0,Working,50,
3/8/2015 0:00,3/7/2015,0,Working,50,
3/9/2015 0:00,3/8/2015,0,Working,50,
3/10/2015 0:00,3/9/2015,0,Working,50,
3/11/2015 0:00,3/10/2015,0,Working,50,
3/12/2015 0:00,3/11/2015,0,Working,50,
3/13/2015 0:00,3/12/2015,0,Working,50,
3/14/2015 0:00,3/13/2015,0,Working,50,
3/15/2015 0:00,3/14/2015,0,Working,50,
3/16/2015 0:00,3/15/2015,0,Working,50,
3/17/2015 0:00,3/16/2015,0,Working,50,
3/18/2015 0:00,3/17/2015,0,Working,50,
3/19/2015 0:00,3/18/2015,0,Working,50,
3/20/2015 0:00,3/19/2015,0,Working,50,
3/21/2015 0:00,3/20/2015,0,Working,50,
3/22/2015 0:00,3/21/2015,0,Working,50,
3/23/2015 0:00,3/22/2015,0,Working,50,
3/24/2015 0:00,3/23/2015,0,Working,50,
3/25/2015 0:00,3/24/2015,0,Working,50,
3/26/2015 0:00,3/25/2015,0,Working,50,
3/27/2015 0:00,3/26/2015,0,Working,50,
3/28/2015 0:00,3/27/2015,0,Working,50,
3/29/2015 0:00,3/28/2015,0,Working,50,
3/30/2015 0:00,3/29/2015,0,Working,50,
3/31/2015 0:00,3/30/2015,0,Working,50,
4/1/2015 0:00,3/31/2015,0,Working,50,
4/2/2015 0:00,4/1/2015,0,Working,50,
4/3/2015 0:00,4/2/2015,0,Working,50,
4/4/2015 0:00,4/3/2015,0,Working,50,
4/5/2015 0:00,4/4/2015,0,Working,50,
4/6/2015 0:00,4/5/2015,0,Working,50,
4/7/2015 0:00,4/6/2015,0,Working,50,
4/8/2015 0:00,4/7/2015,0,Working,50,
4/9/2015 0:00,4/8/2015,0,Working,50,
4/10/2015 0:00,4/9/2015,0,Working,50,
4/11/2015 0:00,4/10/2015,0,Working,50,
4/12/2015 0:00,4/11/2015,0,Working,50,
4/13/2015 0:00,4/12/2015,0,Working,50,
4/14/2015 0:00,4/13/2015,0,Working,50,
4/15/2015 0:00,4/14/2015,0,Working,50,
4/16/2015 0:00,4/15/2015,0,Working,50,
4/17/2015 0:00,4/16/2015,0,Working,50,
4/18/2015 0:00,4/17/2015,0,Working,50,
4/19/2015 0:00,4/18/2015,0,Working,50,
4/20/2015 0:00,4/19/2015,0,Working,50,
4/21/2015 0:00,4/20/2015,0,Working,50,
4/22/2015 0:00,4/21/2015,0,Working,50,
4/23/2015 0:00,4/22/2015,0,Working,50,
4/24/2015 0:00,4/23/2015,0,Working,50,
4/25/2015 0:00,4/24/2015,0,Working,50,
4/26/2015 0:00,4/25/2015,0,Working,50,
4/27/2015 0:00,4/26/2015,0,Working,50,
4/28/2015 0:00,4/27/2015,0,Working,50,
4/29/2015 0:00,4/28/2015,0,Working,50,
4/30/2015 0:00,4/29/2015,0,Working,50,
5/1/2015 0:00,4/30/2015,0,Working,50,
5/2/2015 0:00,5/1/2015,0,Working,50,
5/3/2015 0:00,5/2/2015,0,Working,50,
5/4/2015 0:00,5/3/2015,0,Working,50,
5/5/2015 0:00,5/4/2015,0,Working,50,
5/6/2015 0:00,5/5/2015,0,Working,50,
5/7/2015 0:00,5/6/2015,0,Working,50,
5/8/2015 0:00,5/7/2015,0,Working,50,
5/9/2015 0:00,5/8/2015,0,Working,50,
5/10/2015 0:00,5/9/2015,0,Working,50,
5/11/2015 0:00,5/10/2015,0,Working,50,
5/12/2015 0:00,5/11/2015,0,Working,50,
5/13/2015 0:00,5/12/2015,0,Working,50,
5/14/2015 0:00,5/13/2015,0,Working,50,
5/15/2015 0:00,5/14/2015,0,Working,50,
5/16/2015 0:00,5/15/2015,0,Working,50,
5/17/2015 0:00,5/16/2015,0,Working,50,
5/18/2015 0:00,5/17/2015,0,Working,50,
5/19/2015 0:00,5/18/2015,0,Working,50,
5/20/2015 0:00,5/19/2015,0,Working,50,
5/21/2015 0:00,5/20/2015,0,Working,50,
5/22/2015 0:00,5/21/2015,0,Working,50,
5/23/2015 0:00,5/22/2015,0,Working,50,
5/24/2015 0:00,5/23/2015,0,Working,50,
5/25/2015 0:00,5/24/2015,0,Working,50,
5/26/2015 0:00,5/25/2015,0,Working,50,
5/27/2015 0:00,5/26/2015,0,Working,50,
5/28/2015 0:00,5/27/2015,0,Working,50,
5/29/2015 0:00,5/28/2015,0,Working,50,
5/30/2015 0:00,5/29/2015,0,Working,50,
5/31/2015 0:00,5/30/2015,0,Working,50,
6/1/2015 0:00,5/31/2015,0,Working,50,
6/2/2015 0:00,6/1/2015,0,Working,50,
6/3/2015 0:00,6/2/2015,0,Working,50,
6/4/2015 0:00,6/3/2015,0,Working,50,
6/5/2015 0:00,6/4/2015,0,Working,50,
6/6/2015 0:00,6/5/2015,0,Working,50,
6/7/2015 0:00,6/6/2015,0,Working,50,
6/8/2015 0:00,6/7/2015,0,Working,50,
6/9/2015 0:00,6/8/2015,0,Working,50,
6/10/2015 0:00,6/9/2015,0,Working,50,
6/11/2015 0:00,6/10/2015,0,Working,50,
6/12/2015 0:00,6/11/2015,0,Working,50,
6/13/2015 0:00,6/12/2015,0,Working,50,
6/14/2015 0:00,6/13/2015,0,Working,50,
6/15/2015 0:00,6/14/2015,0,Working,50,
6/16/2015 0:00,6/15/2015,0,Working,50,
6/17/2015 0:00,6/16/2015,0,Working,50,
6/18/2015 0:00,6/17/2015,0,Working,50,
6/19/2015 0:00,6/18/2015,0,Working,50,
6/20/2015 0:00,6/19/2015,0,Working,50,
6/21/2015 0:00,6/20/2015,0,Working,50,
6/22/2015 0:00,6/21/2015,0,Working,50,
6/23/2015 0:00,6/22/2015,0,Working,50,
6/24/2015 0:00,6/23/2015,0,Working,50,
6/25/2015 0:00,6/24/2015,0,Working,50,
6/26/2015 0:00,6/25/2015,0,Working,50,
6/27/2015 0:00,6/26/2015,0,Working,50,
6/28/2015 0:00,6/27/2015,0,Working,50,
6/29/2015 0:00,6/28/2015,0,Working,50,
6/30/2015 0:00,6/29/2015,0,Working,50,
7/1/2015 0:00,6/30/2015,0,Working,50,
7/2/2015 0:00,7/1/2015,0,Working,50,
7/3/2015 0:00,7/2/2015,0,Working,50,
7/4/2015 0:00,7/3/2015,0,Working,50,
7/5/2015 0:00,7/4/2015,0,Working,50,
7/6/2015 0:00,7/5/2015,0,Working,50,
7/7/2015 0:00,7/6/2015,0,Working,50,
7/8/2015 0:00,7/7/2015,0,Working,50,
7/9/2015 0:00,7/8/2015,0,Working,50,
7/10/2015 0:00,7/9/2015,0,Working,50,
7/11/2015 0:00,7/10/2015,0,Working,50,
7/12/2015 0:00,7/11/2015,0,Working,50,
7/13/2015 0:00,7/12/2015,0,Working,50,
7/14/2015 0:00,7/13/2015,0,Working,50,
7/15/2015 0:00,7/14/2015,0,Working,50,
7/16/2015 0:00,7/15/2015,0,Working,50,
7/17/2015 0:00,7/16/2015,0,Working,50,
7/18/2015 0:00,7/17/2015,0,Working,50,
7/19/2015 0:00,7/18/2015,0,Working,50,
7/20/2015 0:00,7/19/2015,0,Working,50,
7/21/2015 0:00,7/20/2015,0,Working,50,
7/22/2015 0:00,7/21/2015,0,Working,50,
7/23/2015 0:00,7/22/2015,0,Working,50,
7/24/2015 0:00,7/23/2015,0,Working,50,
7/25/2015 0:00,7/24/2015,0,Working,50,
7/26/2015 0:00,7/25/2015,0,Working,50,
7/27/2015 0:00,7/26/2015,0,Working,50,
7/28/2015 0:00,7/27/2015,0,Working,50,
7/29/2015 0:00,7/28/2015,0,Working,50,
7/30/2015 0:00,7/29/2015,0,Working,50,
7/31/2015 0:00,7/30/2015,0,Working,50,
8/1/2015 0:00,7/31/2015,0,Working,50,
8/2/2015 0:00,8/1/2015,0,Working,50,
8/3/2015 0:00,8/2/2015,0,Working,50,
8/4/2015 0:00,8/3/2015,0,Working,50,
8/5/2015 0:00,8/4/2015,0,Working,50,
8/6/2015 0:00,8/5/2015,0,Working,50,
8/7/2015 0:00,8/6/2015,0,Working,50,
8/8/2015 0:00,8/7/2015,0,Working,50,
8/9/2015 0:00,8/8/2015,0,Working,50,
8/10/2015 0:00,8/9/2015,0,Working,50,
8/11/2015 0:00,8/10/2015,0,Working,50,
8/12/2015 0:00,8/11/2015,0,Working,50,
8/13/2015 0:00,8/12/2015,0,Working,50,
8/14/2015 0:00,8/13/2015,0,Working,50,
8/15/2015 0:00,8/14/2015,0,Working,50,
8/16/2015 0:00,8/15/2015,0,Working,50,
8/17/2015 0:00,8/16/2015,0,Working,50,
8/18/2015 0:00,8/17/2015,0,Working,50,
8/19/2015 0:00,8/18/2015,0,Working,50,
8/20/2015 0:00,8/19/2015,0,Working,50,
8/21/2015 0:00,8/20/2015,0,Working,50,
8/22/2015 0:00,8/21/2015,0,Working,50,
8/23/2015 0:00,8/22/2015,0,Working,50,
8/24/2015 0:00,8/23/2015,0,Working,50,
8/25/2015 0:00,8/24/2015,0,Working,50,
8/26/2015 0:00,8/25/2015,0,Working,50,
8/27/2015 0:00,8/26/2015,0,Working,50,
8/28/2015 0:00,8/27/2015,0,Working,50,
8/29/2015 0:00,8/28/2015,0,Working,50,
8/30/2015 0:00,8/29/2015,0,Working,50,
8/31/2015 0:00,8/30/2015,0,Working,50,
9/1/2015 0:00,8/31/2015,0,Working,50,
9/2/2015 0:00,9/1/2015,0,Working,50,
9/3/2015 0:00,9/2/2015,0,Working,50,
9/4/2015 0:00,9/3/2015,0,Working,50,
9/5/2015 0:00,9/4/2015,0,Working,50,
9/6/2015 0:00,9/5/2015,0,Working,50,
9/7/2015 0:00,9/6/2015,0,Working,50,
9/8/2015 0:00,9/7/2015,0,Working,50,
9/9/2015 0:00,9/8/2015,0,Working,50,
9/10/2015 0:00,9/9/2015,0,Working,50,
9/11/2015 0:00,9/10/2015,0,Working,50,
9/12/2015 0:00,9/11/2015,0,Working,50,
9/13/2015 0:00,9/12/2015,0,Working,50,
9/14/2015 0:00,9/13/2015,0,Working,50,
9/15/2015 0:00,9/14/2015,0,Working,50,
9/16/2015 0:00,9/15/2015,0,Working,50,
9/17/2015 0:00,9/16/2015,0,Working,50,
9/18/2015 0:00,9/17/2015,0,Working,50,
9/19/2015 0:00,9/18/2015,0,Working,50,
9/20/2015 0:00,9/19/2015,0,Working,50,
9/21/2015 0:00,9/20/2015,100,Working,50,
9/22/2015 0:00,9/21/2015,0,Working,50,
9/23/2015 0:00,9/22/2015,0,Working,50,
9/24/2015 0:00,9/23/2015,0,Working,50,
9/25/2015 0:00,9/24/2015,0,Working,50,
9/26/2015 0:00,9/25/2015,0,Working,50,
9/27/2015 0:00,9/26/2015,0,Working,50,
9/28/2015 0:00,9/27/2015,0,Working,50,
9/29/2015 0:00,9/28/2015,0,Working,50,
9/30/2015 0:00,9/29/2015,0,Working,50,
10/1/2015 0:00,9/30/2015,0,Working,50,
10/2/2015 0:00,10/1/2015,0,Working,50,
10/3/2015 0:00,10/2/2015,0,Working,50,
10/4/2015 0:00,10/3/2015,0,Working,50,
10/5/2015 0:00,10/4/2015,0,Working,50,
10/6/2015 0:00,10/5/2015,0,Working,50,
10/7/2015 0:00,10/6/2015,0,Working,50,
10/8/2015 0:00,10/7/2015,0,Working,50,
10/9/2015 0:00,10/8/2015,0,Working,50,
10/10/2015 0:00,10/9/2015,0,Working,50,
10/11/2015 0:00,10/10/2015,0,Working,50,
10/12/2015 0:00,10/11/2015,0,Working,50,
10/13/2015 0:00,10/12/2015,0,Working,50,
10/14/2015 0:00,10/13/2015,0,Working,50,
10/15/2015 0:00,10/14/2015,0,Working,50,
10/16/2015 0:00,10/15/2015,0,Working,50,
10/17/2015 0:00,10/16/2015,0,Working,50,
10/18/2015 0:00,10/17/2015,0,Working,50,
10/19/2015 0:00,10/18/2015,0,Working,50,
10/20/2015 0:00,10/19/2015,0,Working,50,
10/21/2015 0:00,10/20/2015,0,Working,50,
10/22/2015 0:00,10/21/2015,0,Working,50,
10/23/2015 0:00,10/22/2015,0,Working,50,
10/24/2015 0:00,10/23/2015,0,Working,50,
10/25/2015 0:00,10/24/2015,0,Working,50,
10/26/2015 0:00,10/25/2015,0,Working,50,
10/27/2015 0:00,10/26/2015,0,Working,50,
10/28/2015 0:00,10/27/2015,0,Working,50,
10/29/2015 0:00,10/28/2015,0,Working,50,
10/30/2015 0:00,10/29/2015,0,Working,50,
10/31/2015 0:00,10/30/2015,0,Working,50,
11/1/2015 0:00,10/31/2015,0,Working,50,
11/2/2015 0:00,11/1/2015,0,Working,50,
11/3/2015 0:00,11/2/2015,0,Working,50,
11/4/2015 0:00,11/3/2015,0,Working,50,
11/5/2015 0:00,11/4/2015,0,Working,50,
11/6/2015 0:00,11/5/2015,0,Working,50,
11/7/2015 0:00,11/6/2015,0,Working,50,
11/8/2015 0:00,11/7/2015,0,Working,50,
11/9/2015 0:00,11/8/2015,0,Working,50,
11/10/2015 0:00,11/9/2015,0,Working,50,
11/11/2015 0:00,11/10/2015,0,Working,50,
11/12/2015 0:00,11/11/2015,0,Working,50,
11/13/2015 0:00,11/12/2015,0,Working,50,
11/14/2015 0:00,11/13/2015,0,Working,50,
11/15/2015 0:00,11/14/2015,0,Working,50,
11/16/2015 0:00,11/15/2015,0,Working,50,
11/17/2015 0:00,11/16/2015,0,Working,50,
11/18/2015 0:00,11/17/2015,0,Working,50,
11/19/2015 0:00,11/18/2015,0,Working,50,
11/20/2015 0:00,11/19/2015,0,Working,50,
11/21/2015 0:00,11/20/2015,0,Working,50,
11/22/2015 0:00,11/21/2015,0,Working,50,
11/23/2015 0:00,11/22/2015,0,Working,50,
11/24/2015 0:00,11/23/2015,0,Working,50,
11/25/2015 0:00,11/24/2015,0,Working,50,
11/26/2015 0:00,11/25/2015,0,Working,50,
11/27/2015 0:00,11/26/2015,0,Working,50,
11/28/2015 0:00,11/27/2015,0,Working,50,
11/29/2015 0:00,11/28/2015,0,Working,50,
11/30/2015 0:00,11/29/2015,0,Working,50,
12/1/2015 0:00,11/30/2015,0,Working,50,
12/2/2015 0:00,12/1/2015,0,Working,50,
12/3/2015 0:00,12/2/2015,0,Working,50,
12/4/2015 0:00,12/3/2015,0,Working,50,
12/5/2015 0:00,12/4/2015,0,Working,50,
12/6/2015 0:00,12/5/2015,0,Working,50,
12/7/2015 0:00,12/6/2015,0,Working,50,
12/8/2015 0:00,12/7/2015,0,Working,50,
12/9/2015 0:00,12/8/2015,0,Working,50,
12/10/2015 0:00,12/9/2015,0,Working,50,
12/11/2015 0:00,12/10/2015,0,Working,50,
12/12/2015 0:00,12/11/2015,0,Working,50,
12/13/2015 0:00,12/12/2015,0,Working,50,
12/14/2015 0:00,12/13/2015,0,Working,50,
12/15/2015 0:00,12/14/2015,0,Working,50,
12/16/2015 0:00,12/15/2015,0,Working,50,
12/17/2015 0:00,12/16/2015,0,Working,50,
12/18/2015 0:00,12/17/2015,0,Working,50,
12/19/2015 0:00,12/18/2015,0,Working,50,
12/20/2015 0:00,12/19/2015,0,Working,50,
12/21/2015 0:00,12/20/2015,0,Working,50,
12/22/2015 0:00,12/21/2015,0,Working,50,
12/23/2015 0:00,12/22/2015,0,Working,50,
12/24/2015 0:00,12/23/2015,0,Working,50,
12/25/2015 0:00,12/24/2015,0,Working,50,
12/26/2015 0:00,12/25/2015,0,Working,50,
12/27/2015 0:00,12/26/2015,0,Working,50,
12/28/2015 0:00,12/27/2015,0,Working,50,
12/29/2015 0:00,12/28/2015,0,Working,50,
12/30/2015 0:00,12/29/2015,0,Working,50,
12/31/2015 0:00,12/30/2015,0,Working,50,
1/1/2016 0:00,12/31/2015,0,Working,50,
1/2/2016 0:00,1/1/2016,0,Working,50,
1/3/2016 0:00,1/2/2016,0,Working,50,
1/4/2016 0:00,1/3/2016,0,Working,50,
1/5/2016 0:00,1/4/2016,0,Working,50,
1/6/2016 0:00,1/5/2016,0,Working,50,
1/7/2016 0:00,1/6/2016,0,Working,50,
1/8/2016 0:00,1/7/2016,0,Working,50,
1/9/2016 0:00,1/8/2016,0,Working,50,
1/10/2016 0:00,1/9/2016,0,Working,50,
1/11/2016 0:00,1/10/2016,0,Working,50,
1/12/2016 0:00,1/11/2016,0,Working,50,
1/13/2016 0:00,1/12/2016,0,Working,50,
1/14/2016 0:00,1/13/2016,0,Working,50,
1/15/2016 0:00,1/14/2016,0,Working,50,
1/16/2016 0:00,1/15/2016,0,Working,50,
1/17/2016 0:00,1/16/2016,0,Working,50,
1/18/2016 0:00,1/17/2016,0,Working,50,
1/19/2016 0:00,1/18/2016,0,Working,50,
1/20/2016 0:00,1/19/2016,0,Working,50,
1/21/2016 0:00,1/20/2016,0,Working,50,
1/22/2016 0:00,1/21/2016,0,Working,50,
1/23/2016 0:00,1/22/2016,0,Working,50,
1/24/2016 0:00,1/23/2016,0,Working,50,
1/25/2016 0:00,1/24/2016,0,Working,50,
1/26/2016 0:00,1/25/2016,0,Working,50,
1/27/2016 0:00,1/26/2016,0,Working,50,
1/28/2016 0:00,1/27/2016,0,Working,50,
1/29/2016 0:00,1/28/2016,0,Working,50,
1/30/2016 0:00,1/29/2016,0,Working,50,
1/31/2016 0:00,1/30/2016,0,Working,50,
2/1/2016 0:00,1/31/2016,0,Working,50,
2/2/2016 0:00,2/1/2016,0,Working,50,
2/3/2016 0:00,2/2/2016,0,Working,50,
2/4/2016 0:00,2/3/2016,0,Working,50,
2/5/2016 0:00,2/4/2016,0,Working,50,
2/6/2016 0:00,2/5/2016,0,Working,50,
2/7/2016 0:00,2/6/2016,0,Working,50,
2/8/2016 0:00,2/7/2016,0,Working,50,
2/9/2016 0:00,2/8/2016,0,Working,50,
2/10/2016 0:00,2/9/2016,0,Working,50,
2/11/2016 0:00,2/10/2016,0,Working,50,
2/12/2016 0:00,2/11/2016,0,Working,50,
2/13/2016 0:00,2/12/2016,0,Working,50,
2/14/2016 0:00,2/13/2016,0,Working,50,
2/15/2016 0:00,2/14/2016,0,Working,50,
2/16/2016 0:00,2/15/2016,0,Working,50,
2/17/2016 0:00,2/16/2016,0,Working,50,
2/18/2016 0:00,2/17/2016,0,Working,50,
2/19/2016 0:00,2/18/2016,0,Working,50,
2/20/2016 0:00,2/19/2016,0,Working,50,
2/21/2016 0:00,2/20/2016,0,Working,50,
2/22/2016 0:00,2/21/2016,0,Working,50,
2/23/2016 0:00,2/22/2016,0,Working,50,
2/24/2016 0:00,2/23/2016,0,Working,50,
2/25/2016 0:00,2/24/2016,0,Working,50,
2/26/2016 0:00,2/25/2016,0,Working,50,
2/27/2016 0:00,2/26/2016,0,Working,50,
2/28/2016 0:00,2/27/2016,0,Working,50,
2/29/2016 0:00,2/28/2016,0,Working,50,
3/1/2016 0:00,2/29/2016,0,Working,50,
3/2/2016 0:00,3/1/2016,0,Working,50,
3/3/2016 0:00,3/2/2016,0,Working,50,
3/4/2016 0:00,3/3/2016,0,Working,50,
3/5/2016 0:00,3/4/2016,0,Working,50,
3/6/2016 0:00,3/5/2016,0,Working,50,
3/7/2016 0:00,3/6/2016,0,Working,50,
3/8/2016 0:00,3/7/2016,0,Working,50,
3/9/2016 0:00,3/8/2016,0,Working,50,
3/10/2016 0:00,3/9/2016,0,Working,50,
3/11/2016 0:00,3/10/2016,0,Working,50,
3/12/2016 0:00,3/11/2016,0,Working,50,
3/13/2016 0:00,3/12/2016,0,Working,50,
3/14/2016 0:00,3/13/2016,0,Working,50,
3/15/2016 0:00,3/14/2016,0,Working,50,
3/16/2016 0:00,3/15/2016,0,Working,50,
3/17/2016 0:00,3/16/2016,0,Working,50,
3/18/2016 0:00,3/17/2016,0,Working,50,
3/19/2016 0:00,3/18/2016,0,Working,50,
3/20/2016 0:00,3/19/2016,0,Working,50,
3/21/2016 0:00,3/20/2016,0,Working,50,
3/22/2016 0:00,3/21/2016,0,Working,50,
3/23/2016 0:00,3/22/2016,0,Working,50,
3/24/2016 0:00,3/23/2016,0,Working,50,
3/25/2016 0:00,3/24/2016,0,Working,50,
3/26/2016 0:00,3/25/2016,0,Working,50,
3/27/2016 0:00,3/26/2016,0,Working,50,
3/28/2016 0:00,3/27/2016,0,Working,50,
3/29/2016 0:00,3/28/2016,0,Working,50,
3/30/2016 0:00,3/29/2016,0,Working,50,
3/31/2016 0:00,3/30/2016,0,Working,50,
4/1/2016 0:00,3/31/2016,0,Working,50,
4/2/2016 0:00,4/1/2016,0,Working,50,
4/3/2016 0:00,4/2/2016,0,Working,50,
4/4/2016 0:00,4/3/2016,0,Working,50,
4/5/2016 0:00,4/4/2016,0,Working,50,
4/6/2016 0:00,4/5/2016,0,Working,50,
4/7/2016 0:00,4/6/2016,0,Working,50,
4/8/2016 0:00,4/7/2016,0,Working,50,
4/9/2016 0:00,4/8/2016,0,Working,50,
4/10/2016 0:00,4/9/2016,0,Working,50,
4/11/2016 0:00,4/10/2016,0,Working,50,
4/12/2016 0:00,4/11/2016,0,Working,50,
4/13/2016 0:00,4/12/2016,0,Working,50,
4/14/2016 0:00,4/13/2016,0,Working,50,
4/15/2016 0:00,4/14/2016,0,Working,50,
4/16/2016 0:00,4/15/2016,0,Working,50,
4/17/2016 0:00,4/16/2016,0,Working,50,
4/18/2016 0:00,4/17/2016,0,Working,50,
4/19/2016 0:00,4/18/2016,0,Working,50,
4/20/2016 0:00,4/19/2016,0,Working,50,
4/21/2016 0:00,4/20/2016,0,Working,50,
4/22/2016 0:00,4/21/2016,0,Working,50,
4/23/2016 0:00,4/22/2016,0,Working,50,
4/24/2016 0:00,4/23/2016,0,Working,50,
4/25/2016 0:00,4/24/2016,0,Working,50,
4/26/2016 0:00,4/25/2016,0,Working,50,
4/27/2016 0:00,4/26/2016,0,Working,50,
4/28/2016 0:00,4/27/2016,0,Working,50,
4/29/2016 0:00,4/28/2016,0,Working,50,
4/30/2016 0:00,4/29/2016,0,Working,50,
5/1/2016 0:00,4/30/2016,0,Working,50,
5/2/2016 0:00,5/1/2016,0,Working,50,
5/3/2016 0:00,5/2/2016,0,Working,50,
5/4/2016 0:00,5/3/2016,0,Working,50,
5/5/2016 0:00,5/4/2016,0,Working,50,
5/6/2016 0:00,5/5/2016,0,Working,50,
5/7/2016 0:00,5/6/2016,0,Working,50,
5/8/2016 0:00,5/7/2016,0,Working,50,
5/9/2016 0:00,5/8/2016,0,Working,50,
5/10/2016 0:00,5/9/2016,0,Working,50,
5/11/2016 0:00,5/10/2016,0,Working,50,
5/12/2016 0:00,5/11/2016,0,Working,50,
5/13/2016 0:00,5/12/2016,0,Working,50,
5/14/2016 0:00,5/13/2016,0,Working,50,
5/15/2016 0:00,5/14/2016,0,Working,50,
5/16/2016 0:00,5/15/2016,0,Working,50,
5/17/2016 0:00,5/16/2016,0,Working,50,
5/18/2016 0:00,5/17/2016,0,Working,50,
5/19/2016 0:00,5/18/2016,0,Working,50,
5/20/2016 0:00,5/19/2016,0,Working,50,
5/21/2016 0:00,5/20/2016,0,Working,50,
5/22/2016 0:00,5/21/2016,0,Working,50,
5/23/2016 0:00,5/22/2016,0,Working,50,
5/24/2016 0:00,5/23/2016,0,Working,50,
5/25/2016 0:00,5/24/2016,0,Working,50,
5/26/2016 0:00,5/25/2016,0,Working,50,
5/27/2016 0:00,5/26/2016,0,Working,50,
5/28/2016 0:00,5/27/2016,0,Working,50,
5/29/2016 0:00,5/28/2016,0,Working,50,
5/30/2016 0:00,5/29/2016,0,Working,50,
5/31/2016 0:00,5/30/2016,0,Working,50,
6/1/2016 0:00,5/31/2016,0,Working,50,
6/2/2016 0:00,6/1/2016,0,Working,50,
6/3/2016 0:00,6/2/2016,0,Working,50,
6/4/2016 0:00,6/3/2016,0,Working,50,
6/5/2016 0:00,6/4/2016,0,Working,50,
6/6/2016 0:00,6/5/2016,0,Working,50,
6/7/2016 0:00,6/6/2016,0,Working,50,
6/8/2016 0:00,6/7/2016,0,Working,50,
6/9/2016 0:00,6/8/2016,0,Working,50,
6/10/2016 0:00,6/9/2016,0,Working,50,
6/11/2016 0:00,6/10/2016,0,Working,50,
6/12/2016 0:00,6/11/2016,0,Working,50,
6/13/2016 0:00,6/12/2016,0,Working,50,
6/14/2016 0:00,6/13/2016,0,Working,50,
6/15/2016 0:00,6/14/2016,0,Working,50,
6/16/2016 0:00,6/15/2016,0,Working,50,
6/17/2016 0:00,6/16/2016,0,Working,50,
6/18/2016 0:00,6/17/2016,0,Working,50,
6/19/2016 0:00,6/18/2016,0,Working,50,
6/20/2016 0:00,6/19/2016,0,Working,50,
6/21/2016 0:00,6/20/2016,0,Working,50,
6/22/2016 0:00,6/21/2016,0,Working,50,
6/23/2016 0:00,6/22/2016,0,Working,50,
6/24/2016 0:00,6/23/2016,0,Working,50,
6/25/2016 0:00,6/24/2016,0,Working,50,
6/26/2016 0:00,6/25/2016,0,Working,50,
6/27/2016 0:00,6/26/2016,0,Working,50,
6/28/2016 0:00,6/27/2016,0,Working,50,
6/29/2016 0:00,6/28/2016,0,Working,50,
6/30/2016 0:00,6/29/2016,0,Working,50,
7/1/2016 0:00,6/30/2016,0,Working,50,
7/2/2016 0:00,7/1/2016,0,Working,50,
7/3/2016 0:00,7/2/2016,0,Working,50,
7/4/2016 0:00,7/3/2016,0,Working,50,
7/5/2016 0:00,7/4/2016,0,Working,50,
7/6/2016 0:00,7/5/2016,0,Working,50,
7/7/2016 0:00,7/6/2016,0,Working,50,
7/8/2016 0:00,7/7/2016,0,Working,50,
7/9/2016 0:00,7/8/2016,0,Working,50,
7/10/2016 0:00,7/9/2016,0,Working,50,
7/11/2016 0:00,7/10/2016,0,Working,50,
7/12/2016 0:00,7/11/2016,0,Working,50,
7/13/2016 0:00,7/12/2016,0,Working,50,
7/14/2016 0:00,7/13/2016,0,Working,50,
7/15/2016 0:00,7/14/2016,0,Working,50,
7/16/2016 0:00,7/15/2016,0,Working,50,
7/17/2016 0:00,7/16/2016,0,Working,50,
7/18/2016 0:00,7/17/2016,0,Working,50,
7/19/2016 0:00,7/18/2016,0,Working,50,
7/20/2016 0:00,7/19/2016,0,Working,50,
7/21/2016 0:00,7/20/2016,0,Working,50,
7/22/2016 0:00,7/21/2016,0,Working,50,
7/23/2016 0:00,7/22/2016,0,Working,50,
7/24/2016 0:00,7/23/2016,0,Working,50,
7/25/2016 0:00,7/24/2016,0,Working,50,
7/26/2016 0:00,7/25/2016,0,Working,50,
7/27/2016 0:00,7/26/2016,0,Working,50,
7/28/2016 0:00,7/27/2016,0,Working,50,
7/29/2016 0:00,7/28/2016,0,Working,50,
7/30/2016 0:00,7/29/2016,0,Working,50,
7/31/2016 0:00,7/30/2016,0,Working,50,
8/1/2016 0:00,7/31/2016,0,Working,50,
8/2/2016 0:00,8/1/2016,0,Working,50,
8/3/2016 0:00,8/2/2016,0,Working,50,
8/4/2016 0:00,8/3/2016,0,Working,50,
8/5/2016 0:00,8/4/2016,0,Working,50,
8/6/2016 0:00,8/5/2016,0,Working,50,
8/7/2016 0:00,8/6/2016,0,Working,50,
8/8/2016 0:00,8/7/2016,0,Working,50,
8/9/2016 0:00,8/8/2016,0,Working,50,
8/10/2016 0:00,8/9/2016,0,Working,50,
8/11/2016 0:00,8/10/2016,0,Working,50,
8/12/2016 0:00,8/11/2016,0,Working,50,
8/13/2016 0:00,8/12/2016,0,Working,50,
8/14/2016 0:00,8/13/2016,0,Working,50,
8/15/2016 0:00,8/14/2016,0,Working,50,
8/16/2016 0:00,8/15/2016,0,Working,50,
8/17/2016 0:00,8/16/2016,0,Working,50,
8/18/2016 0:00,8/17/2016,0,Working,50,
8/19/2016 0:00,8/18/2016,0,Working,50,
8/20/2016 0:00,8/19/2016,0,Working,50,
8/21/2016 0:00,8/20/2016,0,Working,50,
8/22/2016 0:00,8/21/2016,0,Working,50,
8/23/2016 0:00,8/22/2016,0,Working,50,
8/24/2016 0:00,8/23/2016,0,Working,50,
8/25/2016 0:00,8/24/2016,0,Working,50,
8/26/2016 0:00,8/25/2016,0,Working,50,
8/27/2016 0:00,8/26/2016,0,Working,50,
8/28/2016 0:00,8/27/2016,0,Working,50,
8/29/2016 0:00,8/28/2016,0,Working,50,
8/30/2016 0:00,8/29/2016,0,Working,50,
8/31/2016 0:00,8/30/2016,0,Working,50,
9/1/2016 0:00,8/31/2016,0,Working,50,
9/2/2016 0:00,9/1/2016,0,Working,50,
9/3/2016 0:00,9/2/2016,0,Working,50,
9/4/2016 0:00,9/3/2016,0,Working,50,
9/5/2016 0:00,9/4/2016,0,Working,50,
9/6/2016 0:00,9/5/2016,0,Working,50,
9/7/2016 0:00,9/6/2016,0,Working,50,
9/8/2016 0:00,9/7/2016,200,Working,50,
9/9/2016 0:00,9/8/2016,200,Working,50,
9/10/2016 0:00,9/9/2016,200,Working,50,
9/11/2016 0:00,9/10/2016,250,Working,50,
9/12/2016 0:00,9/11/2016,250,Working,50,
9/13/2016 0:00,9/12/2016,150,Working,50,
9/14/2016 0:00,9/13/2016,300,Working,50,
9/15/2016 0:00,9/14/2016,150,Working,50,
9/16/2016 0:00,9/15/2016,15,Working,50,
9/17/2016 0:00,9/16/2016,150,Working,50,
9/18/2016 0:00,9/17/2016,15,Working,50,
9/19/2016 0:00,9/18/2016,100,Working,50,
9/20/2016 0:00,9/19/2016,0,Working,50,
9/21/2016 0:00,9/20/2016,0,Working,50,
9/22/2016 0:00,9/21/2016,0,Working,50,
9/23/2016 0:00,9/22/2016,0,Working,50,
9/24/2016 0:00,9/23/2016,200,Working,50,
9/25/2016 0:00,9/24/2016,200,Working,50,
9/26/2016 0:00,9/25/2016,200,Working,50,
9/27/2016 0:00,9/26/2016,0,Working,50,
9/28/2016 0:00,9/27/2016,0,Working,50,
9/29/2016 0:00,9/28/2016,100,Working,50,
9/30/2016 0:00,9/29/2016,0,Working,50,
10/1/2016 0:00,9/30/2016,0,Working,50,
10/2/2016 0:00,10/1/2016,0,Working,50,
10/3/2016 0:00,10/2/2016,0,Working,50,
10/4/2016 0:00,10/3/2016,0,Working,50,
10/5/2016 0:00,10/4/2016,0,Working,50,
10/6/2016 0:00,10/5/2016,0,Working,50,
10/7/2016 0:00,10/6/2016,0,Working,50,
10/8/2016 0:00,10/7/2016,0,Working,50,
10/9/2016 0:00,10/8/2016,0,Working,50,
10/10/2016 0:00,10/9/2016,0,Working,50,
10/11/2016 0:00,10/10/2016,0,Working,50,
10/12/2016 0:00,10/11/2016,0,Working,50,
10/13/2016 0:00,10/12/2016,0,Working,50,
10/14/2016 0:00,10/13/2016,0,Working,50,
10/15/2016 0:00,10/14/2016,100,Working,50,
10/16/2016 0:00,10/15/2016,100,Working,50,
10/17/2016 0:00,10/16/2016,100,Working,50,
10/18/2016 0:00,10/17/2016,100,Working,50,
10/19/2016 0:00,10/18/2016,0,Working,50,
10/20/2016 0:00,10/19/2016,0,Working,50,
10/21/2016 0:00,10/20/2016,0,Working,50,
10/22/2016 0:00,10/21/2016,0,Working,50,
10/23/2016 0:00,10/22/2016,0,Working,50,
10/24/2016 0:00,10/23/2016,0,Working,50,
10/25/2016 0:00,10/24/2016,0,Working,50,
10/26/2016 0:00,10/25/2016,0,Working,50,
10/27/2016 0:00,10/26/2016,200,Working,50,
10/28/2016 0:00,10/27/2016,200,Working,50,
10/29/2016 0:00,10/28/2016,300,Working,50,
10/30/2016 0:00,10/29/2016,0,Working,50,
10/31/2016 0:00,10/30/2016,0,Working,50,
11/1/2016 0:00,10/31/2016,0,Working,50,
11/2/2016 0:00,11/1/2016,0,Working,50,
11/3/2016 0:00,11/2/2016,0,Working,50,
11/4/2016 0:00,11/3/2016,0,Working,50,
11/5/2016 0:00,11/4/2016,0,Working,50,
11/6/2016 0:00,11/5/2016,0,Working,50,
11/7/2016 0:00,11/6/2016,300,Working,50,
11/8/2016 0:00,11/7/2016,300,Working,50,
11/9/2016 0:00,11/8/2016,400,Working,50,
11/10/2016 0:00,11/9/2016,400,Working,50,
11/11/2016 0:00,11/10/2016,400,Working,50,
11/12/2016 0:00,11/11/2016,400,Working,50,
11/13/2016 0:00,11/12/2016,350,Working,50,
11/14/2016 0:00,11/13/2016,230,Working,50,
11/15/2016 0:00,11/14/2016,350,Working,50,
11/16/2016 0:00,11/15/2016,350,Working,50,
11/17/2016 0:00,11/16/2016,350,Working,50,
11/18/2016 0:00,11/17/2016,350,Working,50,
11/19/2016 0:00,11/18/2016,350,Working,50,
11/20/2016 0:00,11/19/2016,344,Working,50,
11/21/2016 0:00,11/20/2016,0,Working,50,
11/22/2016 0:00,11/21/2016,0,Working,50,
11/23/2016 0:00,11/22/2016,0,Working,50,
11/24/2016 0:00,11/23/2016,0,Working,50,
11/25/2016 0:00,11/24/2016,0,Working,50,
11/26/2016 0:00,11/25/2016,0,Working,50,
11/27/2016 0:00,11/26/2016,0,Working,50,
11/28/2016 0:00,11/27/2016,0,Working,50,
11/29/2016 0:00,11/28/2016,0,Working,50,
11/30/2016 0:00,11/29/2016,0,Working,50,
12/1/2016 0:00,11/30/2016,0,Working,50,
12/2/2016 0:00,12/1/2016,0,Working,50,
12/3/2016 0:00,12/2/2016,0,Working,50,
12/4/2016 0:00,12/3/2016,0,Working,50,
12/5/2016 0:00,12/4/2016,0,Working,50,
12/6/2016 0:00,12/5/2016,0,Working,50,
12/7/2016 0:00,12/6/2016,0,Working,50,
12/8/2016 0:00,12/7/2016,0,Working,50,
12/9/2016 0:00,12/8/2016,0,Working,50,
12/10/2016 0:00,12/9/2016,0,Working,50,
12/11/2016 0:00,12/10/2016,0,Working,50,
12/12/2016 0:00,12/11/2016,0,Working,50,
12/13/2016 0:00,12/12/2016,0,Working,50,
12/14/2016 0:00,12/13/2016,0,Working,50,
12/15/2016 0:00,12/14/2016,0,Working,50,
12/16/2016 0:00,12/15/2016,0,Working,50,
12/17/2016 0:00,12/16/2016,0,Working,50,
12/18/2016 0:00,12/17/2016,0,Working,50,
12/19/2016 0:00,12/18/2016,0,Working,50,
12/20/2016 0:00,12/19/2016,0,Working,50,
12/21/2016 0:00,12/20/2016,0,Working,50,
12/22/2016 0:00,12/21/2016,0,Working,50,
12/23/2016 0:00,12/22/2016,0,Working,50,
12/24/2016 0:00,12/23/2016,0,Working,50,
12/25/2016 0:00,12/24/2016,0,Working,50,
12/26/2016 0:00,12/25/2016,0,Working,50,
12/27/2016 0:00,12/26/2016,0,Working,50,
12/28/2016 0:00,12/27/2016,0,Working,50,
12/29/2016 0:00,12/28/2016,0,Working,50,
12/30/2016 0:00,12/29/2016,0,Working,50,
12/31/2016 0:00,12/30/2016,0,Working,50,
1/1/2017 0:00,12/31/2016,0,Working,50,
1/2/2017 0:00,1/1/2017,0,Working,50,
1/3/2017 0:00,1/2/2017,0,Working,50,
1/4/2017 0:00,1/3/2017,0,Working,50,
1/5/2017 0:00,1/4/2017,0,Working,50,
1/6/2017 0:00,1/5/2017,0,Working,50,
1/7/2017 0:00,1/6/2017,0,Working,50,
1/8/2017 0:00,1/7/2017,0,Working,50,
1/9/2017 0:00,1/8/2017,0,Working,50,
1/10/2017 0:00,1/9/2017,0,Working,50,
1/11/2017 0:00,1/10/2017,0,Working,50,
1/12/2017 0:00,1/11/2017,0,Working,50,
1/13/2017 0:00,1/12/2017,0,Working,50,
1/14/2017 0:00,1/13/2017,0,Working,50,
1/15/2017 0:00,1/14/2017,0,Working,50,
1/16/2017 0:00,1/15/2017,0,Working,50,
1/17/2017 0:00,1/16/2017,0,Working,50,
1/18/2017 0:00,1/17/2017,0,Working,50,
1/19/2017 0:00,1/18/2017,0,Working,50,
1/20/2017 0:00,1/19/2017,0,Working,50,
1/21/2017 0:00,1/20/2017,0,Working,50,
1/22/2017 0:00,1/21/2017,0,Working,50,
1/23/2017 0:00,1/22/2017,0,Working,50,
1/24/2017 0:00,1/23/2017,0,Working,50,
1/25/2017 0:00,1/24/2017,0,Working,50,
1/26/2017 0:00,1/25/2017,0,Working,50,
1/27/2017 0:00,1/26/2017,0,Working,50,
1/28/2017 0:00,1/27/2017,0,Working,50,
1/29/2017 0:00,1/28/2017,0,Working,50,
1/30/2017 0:00,1/29/2017,0,Working,50,
1/31/2017 0:00,1/30/2017,0,Working,50,
2/1/2017 0:00,1/31/2017,0,Working,50,
2/2/2017 0:00,2/1/2017,0,Working,50,
2/3/2017 0:00,2/2/2017,0,Working,50,
2/4/2017 0:00,2/3/2017,0,Working,50,
2/5/2017 0:00,2/4/2017,0,Working,50,
2/6/2017 0:00,2/5/2017,0,Working,50,
2/7/2017 0:00,2/6/2017,0,Working,50,
2/8/2017 0:00,2/7/2017,0,Working,50,
2/9/2017 0:00,2/8/2017,0,Working,50,
2/10/2017 0:00,2/9/2017,0,Working,50,
2/11/2017 0:00,2/10/2017,0,Working,50,
2/12/2017 0:00,2/11/2017,0,Working,50,
2/13/2017 0:00,2/12/2017,0,Working,50,
2/14/2017 0:00,2/13/2017,0,Working,50,
2/15/2017 0:00,2/14/2017,0,Working,50,
2/16/2017 0:00,2/15/2017,0,Working,50,
2/17/2017 0:00,2/16/2017,0,Working,50,
2/18/2017 0:00,2/17/2017,0,Working,50,
2/19/2017 0:00,2/18/2017,0,Working,50,
2/20/2017 0:00,2/19/2017,0,Working,50,
2/21/2017 0:00,2/20/2017,0,Working,50,
2/22/2017 0:00,2/21/2017,0,Working,50,
2/23/2017 0:00,2/22/2017,0,Working,50,
2/24/2017 0:00,2/23/2017,0,Working,50,
2/25/2017 0:00,2/24/2017,0,Working,50,
2/26/2017 0:00,2/25/2017,0,Working,50,
2/27/2017 0:00,2/26/2017,0,Working,50,
2/28/2017 0:00,2/27/2017,0,Working,50,
3/1/2017 0:00,2/28/2017,0,Working,50,
3/2/2017 0:00,3/1/2017,0,Working,50,
3/3/2017 0:00,3/2/2017,0,Working,50,
3/4/2017 0:00,3/3/2017,0,Working,50,
3/5/2017 0:00,3/4/2017,0,Working,50,
3/6/2017 0:00,3/5/2017,0,Working,50,
3/7/2017 0:00,3/6/2017,0,Working,50,
3/8/2017 0:00,3/7/2017,0,Working,50,
3/9/2017 0:00,3/8/2017,0,Working,50,
3/10/2017 0:00,3/9/2017,0,Working,50,
3/11/2017 0:00,3/10/2017,0,Working,50,
3/12/2017 0:00,3/11/2017,0,Working,50,
3/13/2017 0:00,3/12/2017,0,Working,50,
3/14/2017 0:00,3/13/2017,0,Working,50,
3/15/2017 0:00,3/14/2017,0,Working,50,
3/16/2017 0:00,3/15/2017,0,Working,50,
3/17/2017 0:00,3/16/2017,0,Working,50,
3/18/2017 0:00,3/17/2017,0,Working,50,
3/19/2017 0:00,3/18/2017,0,Working,50,
3/20/2017 0:00,3/19/2017,0,Working,50,
3/21/2017 0:00,3/20/2017,0,Working,50,
3/22/2017 0:00,3/21/2017,0,Working,50,
3/23/2017 0:00,3/22/2017,0,Working,50,
3/24/2017 0:00,3/23/2017,0,Working,50,
3/25/2017 0:00,3/24/2017,0,Working,50,
3/26/2017 0:00,3/25/2017,0,Working,50,
3/27/2017 0:00,3/26/2017,0,Working,50,
3/28/2017 0:00,3/27/2017,0,Working,50,
3/29/2017 0:00,3/28/2017,0,Working,50,
3/30/2017 0:00,3/29/2017,0,Working,50,
3/31/2017 0:00,3/30/2017,0,Working,50,
4/1/2017 0:00,3/31/2017,0,Working,50,
4/2/2017 0:00,4/1/2017,0,Working,50,
4/3/2017 0:00,4/2/2017,0,Working,50,
4/4/2017 0:00,4/3/2017,0,Working,50,
4/5/2017 0:00,4/4/2017,0,Working,50,
4/6/2017 0:00,4/5/2017,0,Working,50,
4/7/2017 0:00,4/6/2017,0,Working,50,
4/8/2017 0:00,4/7/2017,0,Working,50,
4/9/2017 0:00,4/8/2017,0,Working,50,
4/10/2017 0:00,4/9/2017,0,Working,50,
4/11/2017 0:00,4/10/2017,0,Working,50,
4/12/2017 0:00,4/11/2017,0,Working,50,
4/13/2017 0:00,4/12/2017,0,Working,50,
4/14/2017 0:00,4/13/2017,0,Working,50,
4/15/2017 0:00,4/14/2017,0,Working,50,
4/16/2017 0:00,4/15/2017,0,Working,50,
4/17/2017 0:00,4/16/2017,0,Working,50,
4/18/2017 0:00,4/17/2017,0,Working,50,
4/19/2017 0:00,4/18/2017,0,Working,50,
4/20/2017 0:00,4/19/2017,0,Working,50,
4/21/2017 0:00,4/20/2017,0,Working,50,
4/22/2017 0:00,4/21/2017,0,Working,50,
4/23/2017 0:00,4/22/2017,0,Working,50,
4/24/2017 0:00,4/23/2017,0,Working,50,
4/25/2017 0:00,4/24/2017,0,Working,50,
4/26/2017 0:00,4/25/2017,0,Working,50,
4/27/2017 0:00,4/26/2017,0,Working,50,
4/28/2017 0:00,4/27/2017,0,Working,50,
4/29/2017 0:00,4/28/2017,0,Working,50,
4/30/2017 0:00,4/29/2017,0,Working,50,
5/1/2017 0:00,4/30/2017,0,Working,50,
5/2/2017 0:00,5/1/2017,0,Working,50,
5/3/2017 0:00,5/2/2017,0,Working,50,
5/4/2017 0:00,5/3/2017,0,Working,50,
5/5/2017 0:00,5/4/2017,0,Working,50,
5/6/2017 0:00,5/5/2017,0,Working,50,
5/7/2017 0:00,5/6/2017,0,Working,50,
5/8/2017 0:00,5/7/2017,0,Working,50,
5/9/2017 0:00,5/8/2017,0,Working,50,
5/10/2017 0:00,5/9/2017,0,Working,50,
5/11/2017 0:00,5/10/2017,0,Working,50,
5/12/2017 0:00,5/11/2017,0,Working,50,
5/13/2017 0:00,5/12/2017,0,Working,50,
5/14/2017 0:00,5/13/2017,0,Working,50,
5/15/2017 0:00,5/14/2017,0,Working,50,
5/16/2017 0:00,5/15/2017,0,Working,50,
5/17/2017 0:00,5/16/2017,0,Working,50,
5/18/2017 0:00,5/17/2017,0,Working,50,
5/19/2017 0:00,5/18/2017,0,Working,50,
5/20/2017 0:00,5/19/2017,0,Working,50,
5/21/2017 0:00,5/20/2017,0,Working,50,
5/22/2017 0:00,5/21/2017,0,Working,50,
5/23/2017 0:00,5/22/2017,0,Working,50,
5/24/2017 0:00,5/23/2017,0,Working,50,
5/25/2017 0:00,5/24/2017,0,Working,50,
5/26/2017 0:00,5/25/2017,0,Working,50,
5/27/2017 0:00,5/26/2017,0,Working,50,
5/28/2017 0:00,5/27/2017,0,Working,50,
5/29/2017 0:00,5/28/2017,0,Working,50,
5/30/2017 0:00,5/29/2017,0,Working,50,
5/31/2017 0:00,5/30/2017,0,Working,50,
6/1/2017 0:00,5/31/2017,0,Working,50,
6/2/2017 0:00,6/1/2017,0,Working,50,
6/3/2017 0:00,6/2/2017,0,Working,50,
6/4/2017 0:00,6/3/2017,0,Working,50,
6/5/2017 0:00,6/4/2017,0,Working,50,
6/6/2017 0:00,6/5/2017,0,Working,50,
6/7/2017 0:00,6/6/2017,0,Working,50,
6/8/2017 0:00,6/7/2017,0,Working,50,
6/9/2017 0:00,6/8/2017,0,Working,50,
6/10/2017 0:00,6/9/2017,0,Working,50,
6/11/2017 0:00,6/10/2017,0,Working,50,
6/12/2017 0:00,6/11/2017,0,Working,50,
6/13/2017 0:00,6/12/2017,0,Working,50,
6/14/2017 0:00,6/13/2017,0,Working,50,
6/15/2017 0:00,6/14/2017,0,Working,50,
6/16/2017 0:00,6/15/2017,0,Working,50,
6/17/2017 0:00,6/16/2017,0,Working,50,
6/18/2017 0:00,6/17/2017,0,Working,50,
6/19/2017 0:00,6/18/2017,0,Working,50,
6/20/2017 0:00,6/19/2017,0,Working,50,
6/21/2017 0:00,6/20/2017,0,Working,50,
6/22/2017 0:00,6/21/2017,0,Working,50,
6/23/2017 0:00,6/22/2017,0,Working,50,
6/24/2017 0:00,6/23/2017,0,Working,50,
6/25/2017 0:00,6/24/2017,0,Working,50,
6/26/2017 0:00,6/25/2017,0,Working,50,
6/27/2017 0:00,6/26/2017,0,Working,50,
6/28/2017 0:00,6/27/2017,0,Working,50,
6/29/2017 0:00,6/28/2017,0,Working,50,
6/30/2017 0:00,6/29/2017,0,Working,50,
7/1/2017 0:00,6/30/2017,0,Working,50,
7/2/2017 0:00,7/1/2017,0,Working,50,
7/3/2017 0:00,7/2/2017,0,Working,50,
7/4/2017 0:00,7/3/2017,0,Working,50,
7/5/2017 0:00,7/4/2017,0,Working,50,
7/6/2017 0:00,7/5/2017,0,Working,50,
7/7/2017 0:00,7/6/2017,0,Working,50,
7/8/2017 0:00,7/7/2017,0,Working,50,
7/9/2017 0:00,7/8/2017,0,Working,50,
7/10/2017 0:00,7/9/2017,0,Working,50,
7/11/2017 0:00,7/10/2017,0,Working,50,
7/12/2017 0:00,7/11/2017,0,Working,50,
7/13/2017 0:00,7/12/2017,0,Working,50,
7/14/2017 0:00,7/13/2017,0,Working,50,
7/15/2017 0:00,7/14/2017,0,Working,50,
7/16/2017 0:00,7/15/2017,0,Working,50,
7/17/2017 0:00,7/16/2017,0,Working,50,
7/18/2017 0:00,7/17/2017,0,Working,50,
7/19/2017 0:00,7/18/2017,0,Working,50,
7/20/2017 0:00,7/19/2017,0,Working,50,
7/21/2017 0:00,7/20/2017,0,Working,50,
7/22/2017 0:00,7/21/2017,0,Working,50,
7/23/2017 0:00,7/22/2017,0,Working,50,
7/24/2017 0:00,7/23/2017,0,Working,50,
7/25/2017 0:00,7/24/2017,0,Working,50,
7/26/2017 0:00,7/25/2017,0,Working,50,
7/27/2017 0:00,7/26/2017,0,Working,50,
7/28/2017 0:00,7/27/2017,0,Working,50,
7/29/2017 0:00,7/28/2017,0,Working,50,
7/30/2017 0:00,7/29/2017,0,Working,50,
7/31/2017 0:00,7/30/2017,0,Working,50,
8/1/2017 0:00,7/31/2017,0,Working,50,
8/2/2017 0:00,8/1/2017,0,Working,50,
8/3/2017 0:00,8/2/2017,0,Working,50,
8/4/2017 0:00,8/3/2017,0,Working,50,
8/5/2017 0:00,8/4/2017,0,Working,50,
8/6/2017 0:00,8/5/2017,0,Working,50,
8/7/2017 0:00,8/6/2017,0,Working,50,
8/8/2017 0:00,8/7/2017,0,Working,50,
8/9/2017 0:00,8/8/2017,0,Working,50,
8/10/2017 0:00,8/9/2017,0,Working,50,
8/11/2017 0:00,8/10/2017,0,Working,50,
8/12/2017 0:00,8/11/2017,0,Working,50,
8/13/2017 0:00,8/12/2017,0,Working,50,
8/14/2017 0:00,8/13/2017,0,Working,50,
8/15/2017 0:00,8/14/2017,0,Working,50,
8/16/2017 0:00,8/15/2017,0,Working,50,
8/17/2017 0:00,8/16/2017,0,Working,50,
8/18/2017 0:00,8/17/2017,0,Working,50,
8/19/2017 0:00,8/18/2017,0,Working,50,
8/20/2017 0:00,8/19/2017,0,Working,50,
8/21/2017 0:00,8/20/2017,0,Working,50,
8/22/2017 0:00,8/21/2017,0,Working,50,
8/23/2017 0:00,8/22/2017,0,Working,50,
8/24/2017 0:00,8/23/2017,0,Working,50,
8/25/2017 0:00,8/24/2017,0,Working,50,
8/26/2017 0:00,8/25/2017,0,Working,50,
8/27/2017 0:00,8/26/2017,0,Working,50,
8/28/2017 0:00,8/27/2017,0,Working,50,
8/29/2017 0:00,8/28/2017,0,Working,50,
8/30/2017 0:00,8/29/2017,0,Working,50,
8/31/2017 0:00,8/30/2017,0,Working,50,
9/1/2017 0:00,8/31/2017,0,Working,50,
9/2/2017 0:00,9/1/2017,0,Working,50,
9/3/2017 0:00,9/2/2017,0,Working,50,
9/4/2017 0:00,9/3/2017,0,Working,50,
9/5/2017 0:00,9/4/2017,0,Working,50,
9/6/2017 0:00,9/5/2017,0,Working,50,
9/7/2017 0:00,9/6/2017,0,Working,50,
9/8/2017 0:00,9/7/2017,0,Working,50,
9/9/2017 0:00,9/8/2017,0,Working,50,
9/10/2017 0:00,9/9/2017,0,Working,50,
9/11/2017 0:00,9/10/2017,0,Working,50,
9/12/2017 0:00,9/11/2017,0,Working,50,
9/13/2017 0:00,9/12/2017,0,Working,50,
9/14/2017 0:00,9/13/2017,0,Working,50,
9/15/2017 0:00,9/14/2017,0,Working,50,
9/16/2017 0:00,9/15/2017,0,Working,50,
9/17/2017 0:00,9/16/2017,0,Working,50,
9/18/2017 0:00,9/17/2017,0,Working,50,
9/19/2017 0:00,9/18/2017,0,Working,50,
9/20/2017 0:00,9/19/2017,0,Working,50,
9/21/2017 0:00,9/20/2017,0,Working,50,
9/22/2017 0:00,9/21/2017,0,Working,50,
9/23/2017 0:00,9/22/2017,0,Working,50,
9/24/2017 0:00,9/23/2017,0,Working,50,
9/25/2017 0:00,9/24/2017,0,Working,50,
9/26/2017 0:00,9/25/2017,0,Working,50,
9/27/2017 0:00,9/26/2017,0,Working,50,
9/28/2017 0:00,9/27/2017,0,Working,50,
9/29/2017 0:00,9/28/2017,0,Working,50,
9/30/2017 0:00,9/29/2017,0,Working,50,
10/1/2017 0:00,9/30/2017,0,Working,50,
10/2/2017 0:00,10/1/2017,0,Working,50,
10/3/2017 0:00,10/2/2017,0,Working,50,
10/4/2017 0:00,10/3/2017,0,Working,50,
10/5/2017 0:00,10/4/2017,0,Working,50,
10/6/2017 0:00,10/5/2017,0,Working,50,
10/7/2017 0:00,10/6/2017,0,Working,50,
10/8/2017 0:00,10/7/2017,0,Working,50,
10/9/2017 0:00,10/8/2017,0,Working,50,
10/10/2017 0:00,10/9/2017,0,Working,50,
10/11/2017 0:00,10/10/2017,0,Working,50,
10/12/2017 0:00,10/11/2017,0,Working,50,
10/13/2017 0:00,10/12/2017,0,Working,50,
10/14/2017 0:00,10/13/2017,0,Working,50,
10/15/2017 0:00,10/14/2017,0,Working,50,
10/16/2017 0:00,10/15/2017,0,Working,50,
10/17/2017 0:00,10/16/2017,0,Working,50,
10/18/2017 0:00,10/17/2017,0,Working,50,
10/19/2017 0:00,10/18/2017,0,Working,50,
10/20/2017 0:00,10/19/2017,0,Working,50,
10/21/2017 0:00,10/20/2017,0,Working,50,
10/22/2017 0:00,10/21/2017,0,Working,50,
10/23/2017 0:00,10/22/2017,0,Working,50,
10/24/2017 0:00,10/23/2017,0,Working,50,
10/25/2017 0:00,10/24/2017,0,Working,50,
10/26/2017 0:00,10/25/2017,0,Working,50,
10/27/2017 0:00,10/26/2017,0,Working,50,
10/28/2017 0:00,10/27/2017,0,Working,50,
10/29/2017 0:00,10/28/2017,0,Working,50,
10/30/2017 0:00,10/29/2017,0,Working,50,
10/31/2017 0:00,10/30/2017,0,Working,50,
11/1/2017 0:00,10/31/2017,0,Working,50,
11/2/2017 0:00,11/1/2017,0,Working,50,
11/3/2017 0:00,11/2/2017,0,Working,50,
11/4/2017 0:00,11/3/2017,0,Working,50,
11/5/2017 0:00,11/4/2017,0,Working,50,
11/6/2017 0:00,11/5/2017,0,Working,50,
11/7/2017 0:00,11/6/2017,0,Working,50,
11/8/2017 0:00,11/7/2017,0,Working,50,
11/9/2017 0:00,11/8/2017,0,Working,50,
11/10/2017 0:00,11/9/2017,0,Working,50,
11/11/2017 0:00,11/10/2017,0,Working,50,
11/12/2017 0:00,11/11/2017,0,Working,50,
11/13/2017 0:00,11/12/2017,0,Working,50,
11/14/2017 0:00,11/13/2017,0,Working,50,
11/15/2017 0:00,11/14/2017,0,Working,50,
11/16/2017 0:00,11/15/2017,0,Working,50,
11/17/2017 0:00,11/16/2017,0,Working,50,
11/18/2017 0:00,11/17/2017,0,Working,50,
11/19/2017 0:00,11/18/2017,0,Working,50,
11/20/2017 0:00,11/19/2017,0,Working,50,
11/21/2017 0:00,11/20/2017,0,Working,50,
11/22/2017 0:00,11/21/2017,0,Working,50,
11/23/2017 0:00,11/22/2017,0,Working,50,
11/24/2017 0:00,11/23/2017,0,Working,50,
11/25/2017 0:00,11/24/2017,0,Working,50,
11/26/2017 0:00,11/25/2017,0,Working,50,
11/27/2017 0:00,11/26/2017,0,Working,50,
11/28/2017 0:00,11/27/2017,0,Working,50,
11/29/2017 0:00,11/28/2017,0,Working,50,
11/30/2017 0:00,11/29/2017,0,Working,50,
12/1/2017 0:00,11/30/2017,0,Working,50,
12/2/2017 0:00,12/1/2017,,,,
12/3/2017 0:00,12/2/2017,,,,
12/4/2017 0:00,12/3/2017,,,,
12/5/2017 0:00,12/4/2017,,,,
12/6/2017 0:00,12/5/2017,,,,
12/7/2017 0:00,12/6/2017,,,,
12/8/2017 0:00,12/7/2017,,,,
12/9/2017 0:00,12/8/2017,,,,
12/10/2017 0:00,12/9/2017,,,,
12/11/2017 0:00,12/10/2017,,,,
12/12/2017 0:00,12/11/2017,,,,
12/13/2017 0:00,12/12/2017,,,,
12/14/2017 0:00,12/13/2017,,,,
12/15/2017 0:00,12/14/2017,,,,
12/16/2017 0:00,12/15/2017,,,,
12/17/2017 0:00,12/16/2017,,,,
12/18/2017 0:00,12/17/2017,,,,
12/19/2017 0:00,12/18/2017,,,,
12/20/2017 0:00,12/19/2017,,,,
12/21/2017 0:00,12/20/2017,,,,
12/22/2017 0:00,12/21/2017,,,,
12/23/2017 0:00,12/22/2017,,,,
12/24/2017 0:00,12/23/2017,,,,
12/25/2017 0:00,12/24/2017,,,,
12/26/2017 0:00,12/25/2017,,,,
12/27/2017 0:00,12/26/2017,,,,
12/28/2017 0:00,12/27/2017,,,,
12/29/2017 0:00,12/28/2017,,,,
12/30/2017 0:00,12/29/2017,,,,
12/31/2017 0:00,12/30/2017,,,,
1/1/2018 0:00,12/31/2017,,,,
1/2/2018 0:00,1/1/2018,,,,
1/3/2018 0:00,1/2/2018,,,,
1/4/2018 0:00,1/3/2018,,,,
1/5/2018 0:00,1/4/2018,,,,
1/6/2018 0:00,1/5/2018,,,,
1/7/2018 0:00,1/6/2018,,,,
1/8/2018 0:00,1/7/2018,,,,
1/9/2018 0:00,1/8/2018,,,,
1/10/2018 0:00,1/9/2018,,,,
1/11/2018 0:00,1/10/2018,,,,
1/12/2018 0:00,1/11/2018,,,,
1/13/2018 0:00,1/12/2018,,,,
1/14/2018 0:00,1/13/2018,,,,
1/15/2018 0:00,1/14/2018,,,,
1/16/2018 0:00,1/15/2018,,,,
1/17/2018 0:00,1/16/2018,,,,
1/18/2018 0:00,1/17/2018,,,,
1/19/2018 0:00,1/18/2018,,,,
1/20/2018 0:00,1/19/2018,,,,
1/21/2018 0:00,1/20/2018,,,,
1/22/2018 0:00,1/21/2018,,,,
1/23/2018 0:00,1/22/2018,,,,
1/24/2018 0:00,1/23/2018,,,,
1/25/2018 0:00,1/24/2018,,,,
1/26/2018 0:00,1/25/2018,,,,
1/27/2018 0:00,1/26/2018,,,,
1/28/2018 0:00,1/27/2018,,,,
1/29/2018 0:00,1/28/2018,,,,
1/30/2018 0:00,1/29/2018,,,,
1/31/2018 0:00,1/30/2018,,,,
2/1/2018 0:00,1/31/2018,,,,
2/2/2018 0:00,2/1/2018,,,,
2/3/2018 0:00,2/2/2018,,,,
2/4/2018 0:00,2/3/2018,,,,
2/5/2018 0:00,2/4/2018,,,,
2/6/2018 0:00,2/5/2018,,,,
2/7/2018 0:00,2/6/2018,,,,
2/8/2018 0:00,2/7/2018,,,,
2/9/2018 0:00,2/8/2018,,,,
2/10/2018 0:00,2/9/2018,,,,
2/11/2018 0:00,2/10/2018,,,,
2/12/2018 0:00,2/11/2018,,,,
2/13/2018 0:00,2/12/2018,,,,
2/14/2018 0:00,2/13/2018,,,,
2/15/2018 0:00,2/14/2018,,,,
2/16/2018 0:00,2/15/2018,,,,
2/17/2018 0:00,2/16/2018,,,,
2/18/2018 0:00,2/17/2018,,,,
2/19/2018 0:00,2/18/2018,,,,
2/20/2018 0:00,2/19/2018,,,,
2/21/2018 0:00,2/20/2018,,,,
2/22/2018 0:00,2/21/2018,,,,
2/23/2018 0:00,2/22/2018,,,,
2/24/2018 0:00,2/23/2018,,,,
2/25/2018 0:00,2/24/2018,,,,
2/26/2018 0:00,2/25/2018,,,,
2/27/2018 0:00,2/26/2018,,,,
2/28/2018 0:00,2/27/2018,,,,
3/1/2018 0:00,2/28/2018,,,,
3/2/2018 0:00,3/1/2018,,,,
3/3/2018 0:00,3/2/2018,,,,
3/4/2018 0:00,3/3/2018,,,,
3/5/2018 0:00,3/4/2018,,,,
3/6/2018 0:00,3/5/2018,,,,
3/7/2018 0:00,3/6/2018,,,,
3/8/2018 0:00,3/7/2018,,,,
3/9/2018 0:00,3/8/2018,,,,
3/10/2018 0:00,3/9/2018,,,,
3/11/2018 0:00,3/10/2018,,,,
3/12/2018 0:00,3/11/2018,,,,
3/13/2018 0:00,3/12/2018,,,,
3/14/2018 0:00,3/13/2018,,,,
3/15/2018 0:00,3/14/2018,,,,
3/16/2018 0:00,3/15/2018,,,,
3/17/2018 0:00,3/16/2018,,,,
3/18/2018 0:00,3/17/2018,,,,
3/19/2018 0:00,3/18/2018,,,,
3/20/2018 0:00,3/19/2018,,,,
3/21/2018 0:00,3/20/2018,,,,
3/22/2018 0:00,3/21/2018,,,,
3/23/2018 0:00,3/22/2018,,,,
3/24/2018 0:00,3/23/2018,,,,
3/25/2018 0:00,3/24/2018,,,,
3/26/2018 0:00,3/25/2018,,,,
3/27/2018 0:00,3/26/2018,,,,
3/28/2018 0:00,3/27/2018,,,,
3/29/2018 0:00,3/28/2018,,,,
3/30/2018 0:00,3/29/2018,,,,
3/31/2018 0:00,3/30/2018,,,,
4/1/2018 0:00,3/31/2018,,,,
4/2/2018 0:00,4/1/2018,,,,
4/3/2018 0:00,4/2/2018,,,,
4/4/2018 0:00,4/3/2018,,,,
4/5/2018 0:00,4/4/2018,,,,
4/6/2018 0:00,4/5/2018,,,,
4/7/2018 0:00,4/6/2018,,,,
4/8/2018 0:00,4/7/2018,,,,
4/9/2018 0:00,4/8/2018,,,,
4/10/2018 0:00,4/9/2018,,,,
4/11/2018 0:00,4/10/2018,,,,
4/12/2018 0:00,4/11/2018,,,,
4/13/2018 0:00,4/12/2018,,,,
4/14/2018 0:00,4/13/2018,,,,
4/15/2018 0:00,4/14/2018,,,,
4/16/2018 0:00,4/15/2018,,,,
4/17/2018 0:00,4/16/2018,,,,
4/18/2018 0:00,4/17/2018,,,,
4/19/2018 0:00,4/18/2018,,,,
4/20/2018 0:00,4/19/2018,,,,
4/21/2018 0:00,4/20/2018,,,,
4/22/2018 0:00,4/21/2018,,,,
4/23/2018 0:00,4/22/2018,,,,
4/24/2018 0:00,4/23/2018,,,,
4/25/2018 0:00,4/24/2018,,,,
4/26/2018 0:00,4/25/2018,,,,
4/27/2018 0:00,4/26/2018,,,,
4/28/2018 0:00,4/27/2018,,,,
4/29/2018 0:00,4/28/2018,,,,
4/30/2018 0:00,4/29/2018,,,,
5/1/2018 0:00,4/30/2018,,,,
5/2/2018 0:00,5/1/2018,,,,
5/3/2018 0:00,5/2/2018,,,,
5/4/2018 0:00,5/3/2018,,,,
5/5/2018 0:00,5/4/2018,,,,
5/6/2018 0:00,5/5/2018,,,,
5/7/2018 0:00,5/6/2018,,,,
5/8/2018 0:00,5/7/2018,,,,
5/9/2018 0:00,5/8/2018,,,,
5/10/2018 0:00,5/9/2018,,,,
5/11/2018 0:00,5/10/2018,,,,
5/12/2018 0:00,5/11/2018,,,,
5/13/2018 0:00,5/12/2018,,,,
5/14/2018 0:00,5/13/2018,,,,
5/15/2018 0:00,5/14/2018,,,,
5/16/2018 0:00,5/15/2018,,,,
5/17/2018 0:00,5/16/2018,,,,
5/18/2018 0:00,5/17/2018,,,,
5/19/2018 0:00,5/18/2018,,,,
5/20/2018 0:00,5/19/2018,,,,
5/21/2018 0:00,5/20/2018,,,,
5/22/2018 0:00,5/21/2018,,,,
5/23/2018 0:00,5/22/2018,,,,
5/24/2018 0:00,5/23/2018,,,,
5/25/2018 0:00,5/24/2018,,,,
5/26/2018 0:00,5/25/2018,,,,
5/27/2018 0:00,5/26/2018,,,,
5/28/2018 0:00,5/27/2018,,,,
5/29/2018 0:00,5/28/2018,,,,
5/30/2018 0:00,5/29/2018,,,,
5/31/2018 0:00,5/30/2018,,,,
6/1/2018 0:00,5/31/2018,,,,
6/2/2018 0:00,6/1/2018,,,,
6/3/2018 0:00,6/2/2018,,,,
6/4/2018 0:00,6/3/2018,,,,
6/5/2018 0:00,6/4/2018,,,,
6/6/2018 0:00,6/5/2018,,,,
6/7/2018 0:00,6/6/2018,,,,
6/8/2018 0:00,6/7/2018,,,,
6/9/2018 0:00,6/8/2018,,,,
6/10/2018 0:00,6/9/2018,,,,
6/11/2018 0:00,6/10/2018,,,,
6/12/2018 0:00,6/11/2018,,,,
6/13/2018 0:00,6/12/2018,,,,
6/14/2018 0:00,6/13/2018,,,,
6/15/2018 0:00,6/14/2018,,,,
6/16/2018 0:00,6/15/2018,,,,
6/17/2018 0:00,6/16/2018,,,,
6/18/2018 0:00,6/17/2018,,,,
6/19/2018 0:00,6/18/2018,,,,
6/20/2018 0:00,6/19/2018,,,,
6/21/2018 0:00,6/20/2018,,,,
6/22/2018 0:00,6/21/2018,,,,
6/23/2018 0:00,6/22/2018,,,,
6/24/2018 0:00,6/23/2018,,,,
6/25/2018 0:00,6/24/2018,,,,
6/26/2018 0:00,6/25/2018,,,,
6/27/2018 0:00,6/26/2018,,,,
6/28/2018 0:00,6/27/2018,,,,
6/29/2018 0:00,6/28/2018,,,,
6/30/2018 0:00,6/29/2018,,,,
7/1/2018 0:00,6/30/2018,,,,
7/2/2018 0:00,7/1/2018,,,,
7/3/2018 0:00,7/2/2018,,,,
7/4/2018 0:00,7/3/2018,,,,
7/5/2018 0:00,7/4/2018,,,,
7/6/2018 0:00,7/5/2018,,,,
7/7/2018 0:00,7/6/2018,,,,
7/8/2018 0:00,7/7/2018,,,,
7/9/2018 0:00,7/8/2018,,,,
7/10/2018 0:00,7/9/2018,,,,
7/11/2018 0:00,7/10/2018,,,,
7/12/2018 0:00,7/11/2018,,,,
7/13/2018 0:00,7/12/2018,,,,
7/14/2018 0:00,7/13/2018,,,,
7/15/2018 0:00,7/14/2018,,,,
7/16/2018 0:00,7/15/2018,,,,
7/17/2018 0:00,7/16/2018,,,,
7/18/2018 0:00,7/17/2018,,,,
7/19/2018 0:00,7/18/2018,,,,
7/20/2018 0:00,7/19/2018,,,,
7/21/2018 0:00,7/20/2018,,,,
7/22/2018 0:00,7/21/2018,,,,
7/23/2018 0:00,7/22/2018,,,,
7/24/2018 0:00,7/23/2018,,,,
7/25/2018 0:00,7/24/2018,,,,
7/26/2018 0:00,7/25/2018,,,,
7/27/2018 0:00,7/26/2018,,,,
7/28/2018 0:00,7/27/2018,,,,
7/29/2018 0:00,7/28/2018,,,,
7/30/2018 0:00,7/29/2018,,,,
7/31/2018 0:00,7/30/2018,,,,
8/1/2018 0:00,7/31/2018,,,,
8/2/2018 0:00,8/1/2018,,,,
8/3/2018 0:00,8/2/2018,,,,
8/4/2018 0:00,8/3/2018,,,,
8/5/2018 0:00,8/4/2018,,,,
8/6/2018 0:00,8/5/2018,,,,
8/7/2018 0:00,8/6/2018,,,,
8/8/2018 0:00,8/7/2018,,,,
8/9/2018 0:00,8/8/2018,,,,
8/10/2018 0:00,8/9/2018,,,,
8/11/2018 0:00,8/10/2018,,,,
8/12/2018 0:00,8/11/2018,,,,
8/13/2018 0:00,8/12/2018,,,,
8/14/2018 0:00,8/13/2018,,,,
8/15/2018 0:00,8/14/2018,,,,
8/16/2018 0:00,8/15/2018,,,,
8/17/2018 0:00,8/16/2018,,,,
8/18/2018 0:00,8/17/2018,,,,
8/19/2018 0:00,8/18/2018,,,,
8/20/2018 0:00,8/19/2018,,,,
8/21/2018 0:00,8/20/2018,,,,
8/22/2018 0:00,8/21/2018,,,,
8/23/2018 0:00,8/22/2018,,,,
8/24/2018 0:00,8/23/2018,,,,
8/25/2018 0:00,8/24/2018,,,,
8/26/2018 0:00,8/25/2018,,,,
8/27/2018 0:00,8/26/2018,,,,
8/28/2018 0:00,8/27/2018,,,,
8/29/2018 0:00,8/28/2018,,,,
8/30/2018 0:00,8/29/2018,,,,
8/31/2018 0:00,8/30/2018,,,,
9/1/2018 0:00,8/31/2018,,,,
9/2/2018 0:00,9/1/2018,,,,
9/3/2018 0:00,9/2/2018,,,,
9/4/2018 0:00,9/3/2018,,,,
9/5/2018 0:00,9/4/2018,,,,
9/6/2018 0:00,9/5/2018,,,,
9/7/2018 0:00,9/6/2018,,,,
9/8/2018 0:00,9/7/2018,,,,
9/9/2018 0:00,9/8/2018,,,,
9/10/2018 0:00,9/9/2018,,,,
9/11/2018 0:00,9/10/2018,,,,
9/12/2018 0:00,9/11/2018,,,,
9/13/2018 0:00,9/12/2018,,,,
9/14/2018 0:00,9/13/2018,,,,
9/15/2018 0:00,9/14/2018,,,,
9/16/2018 0:00,9/15/2018,,,,
9/17/2018 0:00,9/16/2018,,,,
9/18/2018 0:00,9/17/2018,,,,
9/19/2018 0:00,9/18/2018,,,,
9/20/2018 0:00,9/19/2018,,,,
9/21/2018 0:00,9/20/2018,,,,
9/22/2018 0:00,9/21/2018,,,,
9/23/2018 0:00,9/22/2018,,,,
9/24/2018 0:00,9/23/2018,,,,
9/25/2018 0:00,9/24/2018,,,,
9/26/2018 0:00,9/25/2018,,,,
9/27/2018 0:00,9/26/2018,,,,
9/28/2018 0:00,9/27/2018,,,,
9/29/2018 0:00,9/28/2018,,,,
9/30/2018 0:00,9/29/2018,,,,
10/1/2018 0:00,9/30/2018,,,,
10/2/2018 0:00,10/1/2018,,,,
10/3/2018 0:00,10/2/2018,,,,
10/4/2018 0:00,10/3/2018,,,,
10/5/2018 0:00,10/4/2018,,,,
10/6/2018 0:00,10/5/2018,,,,
10/7/2018 0:00,10/6/2018,,,,
10/8/2018 0:00,10/7/2018,,,,
10/9/2018 0:00,10/8/2018,,,,
10/10/2018 0:00,10/9/2018,,,,
10/11/2018 0:00,10/10/2018,,,,
10/12/2018 0:00,10/11/2018,,,,
10/13/2018 0:00,10/12/2018,,,,
10/14/2018 0:00,10/13/2018,,,,
10/15/2018 0:00,10/14/2018,,,,
10/16/2018 0:00,10/15/2018,,,,
10/17/2018 0:00,10/16/2018,,,,
10/18/2018 0:00,10/17/2018,,,,
10/19/2018 0:00,10/18/2018,,,,
10/20/2018 0:00,10/19/2018,,,,
10/21/2018 0:00,10/20/2018,,,,
10/22/2018 0:00,10/21/2018,,,,
10/23/2018 0:00,10/22/2018,,,,
10/24/2018 0:00,10/23/2018,,,,
10/25/2018 0:00,10/24/2018,,,,
10/26/2018 0:00,10/25/2018,,,,
10/27/2018 0:00,10/26/2018,,,,
10/28/2018 0:00,10/27/2018,,,,
10/29/2018 0:00,10/28/2018,,,,
10/30/2018 0:00,10/29/2018,,,,
10/31/2018 0:00,10/30/2018,,,,
11/1/2018 0:00,10/31/2018,,,,
11/2/2018 0:00,11/1/2018,,,,
11/3/2018 0:00,11/2/2018,,,,
11/4/2018 0:00,11/3/2018,,,,
11/5/2018 0:00,11/4/2018,,,,
11/6/2018 0:00,11/5/2018,,,,
11/7/2018 0:00,11/6/2018,,,,
11/8/2018 0:00,11/7/2018,,,,
11/9/2018 0:00,11/8/2018,,,,
11/10/2018 0:00,11/9/2018,,,,
11/11/2018 0:00,11/10/2018,,,,
11/12/2018 0:00,11/11/2018,,,,
11/13/2018 0:00,11/12/2018,,,,
11/14/2018 0:00,11/13/2018,,,,
11/15/2018 0:00,11/14/2018,,,,
11/16/2018 0:00,11/15/2018,,,,
11/17/2018 0:00,11/16/2018,,,,
11/18/2018 0:00,11/17/2018,,,,
11/19/2018 0:00,11/18/2018,,,,
11/20/2018 0:00,11/19/2018,,,,
11/21/2018 0:00,11/20/2018,,,,
11/22/2018 0:00,11/21/2018,,,,
11/23/2018 0:00,11/22/2018,,,,
11/24/2018 0:00,11/23/2018,,,,
11/25/2018 0:00,11/24/2018,,,,
11/26/2018 0:00,11/25/2018,,,,
11/27/2018 0:00,11/26/2018,,,,
11/28/2018 0:00,11/27/2018,,,,
11/29/2018 0:00,11/28/2018,,,,
11/30/2018 0:00,11/29/2018,,,,
12/1/2018 0:00,11/30/2018,,,,
12/2/2018 0:00,12/1/2018,,,,
12/3/2018 0:00,12/2/2018,,,,
12/4/2018 0:00,12/3/2018,,,,
12/5/2018 0:00,12/4/2018,,,,
12/6/2018 0:00,12/5/2018,,,,
12/7/2018 0:00,12/6/2018,,,,
12/8/2018 0:00,12/7/2018,,,,
12/9/2018 0:00,12/8/2018,,,,
12/10/2018 0:00,12/9/2018,,,,
12/11/2018 0:00,12/10/2018,,,,
12/12/2018 0:00,12/11/2018,,,,
12/13/2018 0:00,12/12/2018,,,,
12/14/2018 0:00,12/13/2018,,,,
12/15/2018 0:00,12/14/2018,,,,
12/16/2018 0:00,12/15/2018,,,,
12/17/2018 0:00,12/16/2018,,,,
12/18/2018 0:00,12/17/2018,,,,
12/19/2018 0:00,12/18/2018,,,,
12/20/2018 0:00,12/19/2018,,,,
12/21/2018 0:00,12/20/2018,,,,
12/22/2018 0:00,12/21/2018,,,,
12/23/2018 0:00,12/22/2018,,,,
12/24/2018 0:00,12/23/2018,,,,
12/25/2018 0:00,12/24/2018,,,,
12/26/2018 0:00,12/25/2018,,,,
12/27/2018 0:00,12/26/2018,,,,
12/28/2018 0:00,12/27/2018,,,,
12/29/2018 0:00,12/28/2018,,,,
12/30/2018 0:00,12/29/2018,,,,
12/31/2018 0:00,12/30/2018,,,,
1/1/2019 0:00,12/31/2018,,,,
1/2/2019 0:00,1/1/2019,,,,
1/3/2019 0:00,1/2/2019,,,,
1/4/2019 0:00,1/3/2019,,,,
1/5/2019 0:00,1/4/2019,,,,
1/6/2019 0:00,1/5/2019,,,,
1/7/2019 0:00,1/6/2019,,,,
1/8/2019 0:00,1/7/2019,,,,
1/9/2019 0:00,1/8/2019,,,,
1/10/2019 0:00,1/9/2019,,,,
1/11/2019 0:00,1/10/2019,,,,
1/12/2019 0:00,1/11/2019,,,,
1/13/2019 0:00,1/12/2019,,,,
1/14/2019 0:00,1/13/2019,,,,
1/15/2019 0:00,1/14/2019,,,,
1/16/2019 0:00,1/15/2019,,,,
1/17/2019 0:00,1/16/2019,,,,
1/18/2019 0:00,1/17/2019,,,,
1/19/2019 0:00,1/18/2019,,,,
1/20/2019 0:00,1/19/2019,,,,
1/21/2019 0:00,1/20/2019,,,,
1/22/2019 0:00,1/21/2019,,,,
1/23/2019 0:00,1/22/2019,,,,
1/24/2019 0:00,1/23/2019,,,,
1/25/2019 0:00,1/24/2019,,,,
1/26/2019 0:00,1/25/2019,,,,
1/27/2019 0:00,1/26/2019,,,,
1/28/2019 0:00,1/27/2019,,,,
1/29/2019 0:00,1/28/2019,,,,
1/30/2019 0:00,1/29/2019,,,,
1/31/2019 0:00,1/30/2019,,,,
2/1/2019 0:00,1/31/2019,,,,
2/2/2019 0:00,2/1/2019,,,,
2/3/2019 0:00,2/2/2019,,,,
2/4/2019 0:00,2/3/2019,,,,
2/5/2019 0:00,2/4/2019,,,,
2/6/2019 0:00,2/5/2019,,,,
2/7/2019 0:00,2/6/2019,,,,
2/8/2019 0:00,2/7/2019,,,,
2/9/2019 0:00,2/8/2019,,,,
2/10/2019 0:00,2/9/2019,,,,
2/11/2019 0:00,2/10/2019,,,,
2/12/2019 0:00,2/11/2019,,,,
2/13/2019 0:00,2/12/2019,,,,
2/14/2019 0:00,2/13/2019,,,,
2/15/2019 0:00,2/14/2019,,,,
2/16/2019 0:00,2/15/2019,,,,
2/17/2019 0:00,2/16/2019,,,,
2/18/2019 0:00,2/17/2019,,,,
2/19/2019 0:00,2/18/2019,,,,
2/20/2019 0:00,2/19/2019,,,,
2/21/2019 0:00,2/20/2019,,,,
2/22/2019 0:00,2/21/2019,,,,
2/23/2019 0:00,2/22/2019,,,,
2/24/2019 0:00,2/23/2019,,,,
2/25/2019 0:00,2/24/2019,,,,
2/26/2019 0:00,2/25/2019,,,,
2/27/2019 0:00,2/26/2019,,,,
2/28/2019 0:00,2/27/2019,,,,
3/1/2019 0:00,2/28/2019,,,,
3/2/2019 0:00,3/1/2019,,,,
3/3/2019 0:00,3/2/2019,,,,
3/4/2019 0:00,3/3/2019,,,,
3/5/2019 0:00,3/4/2019,,,,
3/6/2019 0:00,3/5/2019,,,,
3/7/2019 0:00,3/6/2019,,,,
3/8/2019 0:00,3/7/2019,,,,
3/9/2019 0:00,3/8/2019,,,,
3/10/2019 0:00,3/9/2019,,,,
3/11/2019 0:00,3/10/2019,,,,
3/12/2019 0:00,3/11/2019,,,,
3/13/2019 0:00,3/12/2019,,,,
3/14/2019 0:00,3/13/2019,,,,
3/15/2019 0:00,3/14/2019,,,,
3/16/2019 0:00,3/15/2019,,,,
3/17/2019 0:00,3/16/2019,,,,
3/18/2019 0:00,3/17/2019,,,,
3/19/2019 0:00,3/18/2019,,,,
3/20/2019 0:00,3/19/2019,,,,
3/21/2019 0:00,3/20/2019,,,,
3/22/2019 0:00,3/21/2019,,,,
3/23/2019 0:00,3/22/2019,,,,
3/24/2019 0:00,3/23/2019,,,,
3/25/2019 0:00,3/24/2019,,,,
3/26/2019 0:00,3/25/2019,,,,
3/27/2019 0:00,3/26/2019,,,,
3/28/2019 0:00,3/27/2019,,,,
3/29/2019 0:00,3/28/2019,,,,
3/30/2019 0:00,3/29/2019,,,,
3/31/2019 0:00,3/30/2019,,,,
4/1/2019 0:00,3/31/2019,,,,
4/2/2019 0:00,4/1/2019,,,,
4/3/2019 0:00,4/2/2019,,,,
4/4/2019 0:00,4/3/2019,,,,
4/5/2019 0:00,4/4/2019,,,,
4/6/2019 0:00,4/5/2019,,,,
4/7/2019 0:00,4/6/2019,,,,
4/8/2019 0:00,4/7/2019,,,,
4/9/2019 0:00,4/8/2019,,,,
4/10/2019 0:00,4/9/2019,,,,
4/11/2019 0:00,4/10/2019,,,,
4/12/2019 0:00,4/11/2019,,,,
4/13/2019 0:00,4/12/2019,,,,
4/14/2019 0:00,4/13/2019,,,,
4/15/2019 0:00,4/14/2019,,,,
4/16/2019 0:00,4/15/2019,,,,
4/17/2019 0:00,4/16/2019,,,,
4/18/2019 0:00,4/17/2019,,,,
4/19/2019 0:00,4/18/2019,,,,
4/20/2019 0:00,4/19/2019,,,,
4/21/2019 0:00,4/20/2019,,,,
4/22/2019 0:00,4/21/2019,,,,
4/23/2019 0:00,4/22/2019,,,,
4/24/2019 0:00,4/23/2019,,,,
4/25/2019 0:00,4/24/2019,,,,
4/26/2019 0:00,4/25/2019,,,,
4/27/2019 0:00,4/26/2019,,,,
4/28/2019 0:00,4/27/2019,,,,
4/29/2019 0:00,4/28/2019,,,,
4/30/2019 0:00,4/29/2019,,,,
5/1/2019 0:00,4/30/2019,,,,
5/2/2019 0:00,5/1/2019,,,,
5/3/2019 0:00,5/2/2019,,,,
5/4/2019 0:00,5/3/2019,,,,
5/5/2019 0:00,5/4/2019,,,,
5/6/2019 0:00,5/5/2019,,,,
5/7/2019 0:00,5/6/2019,,,,
5/8/2019 0:00,5/7/2019,,,,
5/9/2019 0:00,5/8/2019,,,,
5/10/2019 0:00,5/9/2019,,,,
5/11/2019 0:00,5/10/2019,,,,
5/12/2019 0:00,5/11/2019,,,,
5/13/2019 0:00,5/12/2019,,,,
5/14/2019 0:00,5/13/2019,,,,
5/15/2019 0:00,5/14/2019,,,,
5/16/2019 0:00,5/15/2019,,,,
5/17/2019 0:00,5/16/2019,,,,
5/18/2019 0:00,5/17/2019,,,,
5/19/2019 0:00,5/18/2019,,,,
5/20/2019 0:00,5/19/2019,,,,
5/21/2019 0:00,5/20/2019,,,,
5/22/2019 0:00,5/21/2019,,,,
5/23/2019 0:00,5/22/2019,,,,
5/24/2019 0:00,5/23/2019,,,,
5/25/2019 0:00,5/24/2019,,,,
5/26/2019 0:00,5/25/2019,,,,
5/27/2019 0:00,5/26/2019,,,,
5/28/2019 0:00,5/27/2019,,,,
5/29/2019 0:00,5/28/2019,,,,
5/30/2019 0:00,5/29/2019,,,,
5/31/2019 0:00,5/30/2019,,,,
6/1/2019 0:00,5/31/2019,,,,
6/2/2019 0:00,6/1/2019,,,,
6/3/2019 0:00,6/2/2019,,,,
6/4/2019 0:00,6/3/2019,,,,
6/5/2019 0:00,6/4/2019,,,,
6/6/2019 0:00,6/5/2019,,,,
6/7/2019 0:00,6/6/2019,,,,
6/8/2019 0:00,6/7/2019,,,,
6/9/2019 0:00,6/8/2019,,,,
6/10/2019 0:00,6/9/2019,,,,
6/11/2019 0:00,6/10/2019,,,,
6/12/2019 0:00,6/11/2019,,,,
6/13/2019 0:00,6/12/2019,,,,
6/14/2019 0:00,6/13/2019,,,,
6/15/2019 0:00,6/14/2019,,,,
6/16/2019 0:00,6/15/2019,,,,
6/17/2019 0:00,6/16/2019,,,,
6/18/2019 0:00,6/17/2019,,,,
6/19/2019 0:00,6/18/2019,,,,
6/20/2019 0:00,6/19/2019,,,,
6/21/2019 0:00,6/20/2019,,,,
6/22/2019 0:00,6/21/2019,,,,
6/23/2019 0:00,6/22/2019,,,,
6/24/2019 0:00,6/23/2019,,,,
6/25/2019 0:00,6/24/2019,,,,
6/26/2019 0:00,6/25/2019,,,,
6/27/2019 0:00,6/26/2019,,,,
6/28/2019 0:00,6/27/2019,,,,
6/29/2019 0:00,6/28/2019,,,,
6/30/2019 0:00,6/29/2019,,,,
7/1/2019 0:00,6/30/2019,,,,
7/2/2019 0:00,7/1/2019,,,,
7/3/2019 0:00,7/2/2019,,,,
7/4/2019 0:00,7/3/2019,,,,
7/5/2019 0:00,7/4/2019,,,,
7/6/2019 0:00,7/5/2019,,,,
7/7/2019 0:00,7/6/2019,,,,
7/8/2019 0:00,7/7/2019,,,,
7/9/2019 0:00,7/8/2019,,,,
7/10/2019 0:00,7/9/2019,,,,
7/11/2019 0:00,7/10/2019,,,,
7/12/2019 0:00,7/11/2019,,,,
7/13/2019 0:00,7/12/2019,,,,
7/14/2019 0:00,7/13/2019,,,,
7/15/2019 0:00,7/14/2019,,,,
7/16/2019 0:00,7/15/2019,,,,
7/17/2019 0:00,7/16/2019,,,,
7/18/2019 0:00,7/17/2019,,,,
7/19/2019 0:00,7/18/2019,,,,
7/20/2019 0:00,7/19/2019,,,,
7/21/2019 0:00,7/20/2019,,,,
7/22/2019 0:00,7/21/2019,,,,
7/23/2019 0:00,7/22/2019,,,,
7/24/2019 0:00,7/23/2019,,,,
7/25/2019 0:00,7/24/2019,,,,
7/26/2019 0:00,7/25/2019,,,,
7/27/2019 0:00,7/26/2019,,,,
7/28/2019 0:00,7/27/2019,,,,
7/29/2019 0:00,7/28/2019,,,,
7/30/2019 0:00,7/29/2019,,,,
7/31/2019 0:00,7/30/2019,,,,
8/1/2019 0:00,7/31/2019,,,,
8/2/2019 0:00,8/1/2019,,,,
8/3/2019 0:00,8/2/2019,,,,
8/4/2019 0:00,8/3/2019,,,,
8/5/2019 0:00,8/4/2019,,,,
8/6/2019 0:00,8/5/2019,,,,
8/7/2019 0:00,8/6/2019,,,,
8/8/2019 0:00,8/7/2019,,,,
8/9/2019 0:00,8/8/2019,,,,
8/10/2019 0:00,8/9/2019,,,,
8/11/2019 0:00,8/10/2019,,,,
8/12/2019 0:00,8/11/2019,,,,
8/13/2019 0:00,8/12/2019,,,,
8/14/2019 0:00,8/13/2019,,,,
8/15/2019 0:00,8/14/2019,,,,
8/16/2019 0:00,8/15/2019,,,,
8/17/2019 0:00,8/16/2019,,,,
8/18/2019 0:00,8/17/2019,,,,
8/19/2019 0:00,8/18/2019,,,,
8/20/2019 0:00,8/19/2019,,,,
8/21/2019 0:00,8/20/2019,,,,
8/22/2019 0:00,8/21/2019,,,,
8/23/2019 0:00,8/22/2019,,,,
8/24/2019 0:00,8/23/2019,,,,
8/25/2019 0:00,8/24/2019,,,,
8/26/2019 0:00,8/25/2019,,,,
8/27/2019 0:00,8/26/2019,,,,
8/28/2019 0:00,8/27/2019,,,,
8/29/2019 0:00,8/28/2019,,,,
8/30/2019 0:00,8/29/2019,,,,
8/31/2019 0:00,8/30/2019,,,,
9/1/2019 0:00,8/31/2019,,,,
9/2/2019 0:00,9/1/2019,,,,
9/3/2019 0:00,9/2/2019,,,,
9/4/2019 0:00,9/3/2019,,,,
9/5/2019 0:00,9/4/2019,,,,
9/6/2019 0:00,9/5/2019,,,,
9/7/2019 0:00,9/6/2019,,,,
9/8/2019 0:00,9/7/2019,,,,
9/9/2019 0:00,9/8/2019,,,,
9/10/2019 0:00,9/9/2019,,,,
9/11/2019 0:00,9/10/2019,,,,
9/12/2019 0:00,9/11/2019,,,,
9/13/2019 0:00,9/12/2019,,,,
9/14/2019 0:00,9/13/2019,,,,
9/15/2019 0:00,9/14/2019,,,,
9/16/2019 0:00,9/15/2019,,,,
9/17/2019 0:00,9/16/2019,,,,
9/18/2019 0:00,9/17/2019,,,,
9/19/2019 0:00,9/18/2019,,,,
9/20/2019 0:00,9/19/2019,,,,
9/21/2019 0:00,9/20/2019,,,,
9/22/2019 0:00,9/21/2019,,,,
9/23/2019 0:00,9/22/2019,,,,
9/24/2019 0:00,9/23/2019,,,,
9/25/2019 0:00,9/24/2019,,,,
9/26/2019 0:00,9/25/2019,,,,
9/27/2019 0:00,9/26/2019,,,,
9/28/2019 0:00,9/27/2019,,,,
9/29/2019 0:00,9/28/2019,,,,
9/30/2019 0:00,9/29/2019,,,,
10/1/2019 0:00,9/30/2019,,,,
10/2/2019 0:00,10/1/2019,,,,
10/3/2019 0:00,10/2/2019,,,,
10/4/2019 0:00,10/3/2019,,,,
10/5/2019 0:00,10/4/2019,,,,
10/6/2019 0:00,10/5/2019,,,,
10/7/2019 0:00,10/6/2019,,,,
10/8/2019 0:00,10/7/2019,,,,
10/9/2019 0:00,10/8/2019,,,,
10/10/2019 0:00,10/9/2019,,,,
10/11/2019 0:00,10/10/2019,,,,
10/12/2019 0:00,10/11/2019,,,,
10/13/2019 0:00,10/12/2019,,,,
10/14/2019 0:00,10/13/2019,,,,
10/15/2019 0:00,10/14/2019,,,,
10/16/2019 0:00,10/15/2019,,,,
10/17/2019 0:00,10/16/2019,,,,
10/18/2019 0:00,10/17/2019,,,,
10/19/2019 0:00,10/18/2019,,,,
10/20/2019 0:00,10/19/2019,,,,
10/21/2019 0:00,10/20/2019,,,,
10/22/2019 0:00,10/21/2019,,,,
10/23/2019 0:00,10/22/2019,,,,
10/24/2019 0:00,10/23/2019,,,,
10/25/2019 0:00,10/24/2019,,,,
10/26/2019 0:00,10/25/2019,,,,
10/27/2019 0:00,10/26/2019,,,,
10/28/2019 0:00,10/27/2019,,,,
10/29/2019 0:00,10/28/2019,,,,
10/30/2019 0:00,10/29/2019,,,,
10/31/2019 0:00,10/30/2019,,,,
11/1/2019 0:00,10/31/2019,,,,
11/2/2019 0:00,11/1/2019,,,,
11/3/2019 0:00,11/2/2019,,,,
11/4/2019 0:00,11/3/2019,,,,
11/5/2019 0:00,11/4/2019,,,,
11/6/2019 0:00,11/5/2019,,,,
11/7/2019 0:00,11/6/2019,,,,
11/8/2019 0:00,11/7/2019,,,,
11/9/2019 0:00,11/8/2019,,,,
11/10/2019 0:00,11/9/2019,,,,
11/11/2019 0:00,11/10/2019,,,,
11/12/2019 0:00,11/11/2019,,,,
11/13/2019 0:00,11/12/2019,,,,
11/14/2019 0:00,11/13/2019,,,,
11/15/2019 0:00,11/14/2019,,,,
11/16/2019 0:00,11/15/2019,,,,
11/17/2019 0:00,11/16/2019,,,,
11/18/2019 0:00,11/17/2019,,,,
11/19/2019 0:00,11/18/2019,,,,
11/20/2019 0:00,11/19/2019,,,,
11/21/2019 0:00,11/20/2019,,,,
11/22/2019 0:00,11/21/2019,,,,
11/23/2019 0:00,11/22/2019,,,,
11/24/2019 0:00,11/23/2019,,,,
11/25/2019 0:00,11/24/2019,,,,
11/26/2019 0:00,11/25/2019,,,,
11/27/2019 0:00,11/26/2019,,,,
11/28/2019 0:00,11/27/2019,,,,
11/29/2019 0:00,11/28/2019,,,,
11/30/2019 0:00,11/29/2019,,,,
12/1/2019 0:00,11/30/2019,0,Working,50,
12/2/2019 0:00,12/1/2019,0,Working,50,
12/3/2019 0:00,12/2/2019,0,Working,50,
12/4/2019 0:00,12/3/2019,0,Working,50,
12/5/2019 0:00,12/4/2019,0,Working,50,
12/6/2019 0:00,12/5/2019,0,Working,50,
12/7/2019 0:00,12/6/2019,0,Working,50,
12/8/2019 0:00,12/7/2019,0,Working,50,
12/9/2019 0:00,12/8/2019,0,Working,50,
12/10/2019 0:00,12/9/2019,0,Working,50,
12/11/2019 0:00,12/10/2019,0,Working,50,
12/12/2019 0:00,12/11/2019,0,Working,50,
12/13/2019 0:00,12/12/2019,0,Working,50,
12/14/2019 0:00,12/13/2019,0,Working,50,
12/15/2019 0:00,12/14/2019,0,Working,50,
12/16/2019 0:00,12/15/2019,0,Working,50,
12/17/2019 0:00,12/16/2019,0,Working,50,
12/18/2019 0:00,12/17/2019,0,Working,50,
12/19/2019 0:00,12/18/2019,0,Working,50,
12/20/2019 0:00,12/19/2019,0,Working,50,
12/21/2019 0:00,12/20/2019,0,Working,50,
12/22/2019 0:00,12/21/2019,0,Working,50,
12/23/2019 0:00,12/22/2019,0,Working,50,
12/24/2019 0:00,12/23/2019,0,Working,50,
12/25/2019 0:00,12/24/2019,0,Working,50,
12/26/2019 0:00,12/25/2019,0,Working,50,
12/27/2019 0:00,12/26/2019,0,Working,50,
12/28/2019 0:00,12/27/2019,0,Working,50,
12/29/2019 0:00,12/28/2019,0,Working,50,
12/30/2019 0:00,12/29/2019,0,Working,50,
12/31/2019 0:00,12/30/2019,0,Working,50,
1/1/2020 0:00,12/31/2019,0,Working,50,
1/2/2020 0:00,1/1/2020,0,Working,50,
1/3/2020 0:00,1/2/2020,0,Working,50,
1/4/2020 0:00,1/3/2020,0,Working,50,
1/5/2020 0:00,1/4/2020,0,Working,50,
1/6/2020 0:00,1/5/2020,0,Working,50,
1/7/2020 0:00,1/6/2020,0,Working,50,
1/8/2020 0:00,1/7/2020,0,Working,50,
1/9/2020 0:00,1/8/2020,0,Working,50,
1/10/2020 0:00,1/9/2020,0,Working,50,
1/11/2020 0:00,1/10/2020,0,Working,50,
1/12/2020 0:00,1/11/2020,0,Working,50,
1/13/2020 0:00,1/12/2020,0,Working,50,
1/14/2020 0:00,1/13/2020,0,Working,50,
1/15/2020 0:00,1/14/2020,0,Working,50,
1/16/2020 0:00,1/15/2020,0,Working,50,
1/17/2020 0:00,1/16/2020,0,Working,50,
1/18/2020 0:00,1/17/2020,0,Working,50,
1/19/2020 0:00,1/18/2020,0,Working,50,
1/20/2020 0:00,1/19/2020,0,Working,50,
1/21/2020 0:00,1/20/2020,0,Working,50,
1/22/2020 0:00,1/21/2020,0,Working,50,
1/23/2020 0:00,1/22/2020,0,Working,50,
1/24/2020 0:00,1/23/2020,0,Working,50,
1/25/2020 0:00,1/24/2020,0,Working,50,
1/26/2020 0:00,1/25/2020,0,Working,50,
1/27/2020 0:00,1/26/2020,0,Working,50,
1/28/2020 0:00,1/27/2020,0,Working,50,
1/29/2020 0:00,1/28/2020,0,Working,50,
1/30/2020 0:00,1/29/2020,0,Working,50,
1/31/2020 0:00,1/30/2020,0,Working,50,
2/1/2020 0:00,1/31/2020,0,Working,50,
2/2/2020 0:00,2/1/2020,0,Working,50,
2/3/2020 0:00,2/2/2020,0,Working,50,
2/4/2020 0:00,2/3/2020,0,Working,50,
2/5/2020 0:00,2/4/2020,0,Working,50,
2/6/2020 0:00,2/5/2020,0,Working,50,
2/7/2020 0:00,2/6/2020,0,Working,50,
2/8/2020 0:00,2/7/2020,0,Working,50,
2/9/2020 0:00,2/8/2020,0,Working,50,
2/10/2020 0:00,2/9/2020,0,Working,50,
2/11/2020 0:00,2/10/2020,0,Working,50,
2/12/2020 0:00,2/11/2020,0,Working,50,
2/13/2020 0:00,2/12/2020,0,Working,50,
2/14/2020 0:00,2/13/2020,0,Working,50,
2/15/2020 0:00,2/14/2020,0,Working,50,
2/16/2020 0:00,2/15/2020,0,Working,50,
2/17/2020 0:00,2/16/2020,0,Working,50,
2/18/2020 0:00,2/17/2020,0,Working,50,
2/19/2020 0:00,2/18/2020,0,Working,50,
2/20/2020 0:00,2/19/2020,0,Working,50,
2/21/2020 0:00,2/20/2020,0,Working,50,
2/22/2020 0:00,2/21/2020,0,Working,50,
2/23/2020 0:00,2/22/2020,0,Working,50,
2/24/2020 0:00,2/23/2020,0,Working,50,
2/25/2020 0:00,2/24/2020,0,Working,50,
2/26/2020 0:00,2/25/2020,0,Working,50,
2/27/2020 0:00,2/26/2020,0,Working,50,
2/28/2020 0:00,2/27/2020,0,Working,50,
2/29/2020 0:00,2/28/2020,0,Working,50,
3/1/2020 0:00,2/29/2020,0,Working,50,
3/2/2020 0:00,3/1/2020,0,Working,50,
3/3/2020 0:00,3/2/2020,0,Working,50,
3/4/2020 0:00,3/3/2020,0,Working,50,
3/5/2020 0:00,3/4/2020,0,Working,50,
3/6/2020 0:00,3/5/2020,0,Working,50,
3/7/2020 0:00,3/6/2020,0,Working,50,
3/8/2020 0:00,3/7/2020,0,Working,50,
3/9/2020 0:00,3/8/2020,0,Working,50,
3/10/2020 0:00,3/9/2020,0,Working,50,
3/11/2020 0:00,3/10/2020,0,Working,50,
3/12/2020 0:00,3/11/2020,0,Working,50,
3/13/2020 0:00,3/12/2020,0,Working,50,
3/14/2020 0:00,3/13/2020,0,Working,50,
3/15/2020 0:00,3/14/2020,0,Working,50,
3/16/2020 0:00,3/15/2020,0,Working,50,
3/17/2020 0:00,3/16/2020,0,Working,50,
3/18/2020 0:00,3/17/2020,0,Working,50,
3/19/2020 0:00,3/18/2020,0,Working,50,
3/20/2020 0:00,3/19/2020,0,Working,50,
3/21/2020 0:00,3/20/2020,0,Working,50,
3/22/2020 0:00,3/21/2020,0,Working,50,
3/23/2020 0:00,3/22/2020,0,Working,50,
3/24/2020 0:00,3/23/2020,0,Working,50,
3/25/2020 0:00,3/24/2020,0,Working,50,
3/26/2020 0:00,3/25/2020,0,Working,50,
3/27/2020 0:00,3/26/2020,0,Working,50,
3/28/2020 0:00,3/27/2020,0,Working,50,
3/29/2020 0:00,3/28/2020,0,Working,50,
3/30/2020 0:00,3/29/2020,0,Working,50,
3/31/2020 0:00,3/30/2020,0,Working,50,
4/1/2020 0:00,3/31/2020,0,Working,50,
4/2/2020 0:00,4/1/2020,0,Working,50,
4/3/2020 0:00,4/2/2020,0,Working,50,
4/4/2020 0:00,4/3/2020,0,Working,50,
4/5/2020 0:00,4/4/2020,0,Working,50,
4/6/2020 0:00,4/5/2020,0,Working,50,
4/7/2020 0:00,4/6/2020,0,Working,50,
4/8/2020 0:00,4/7/2020,0,Working,50,
4/9/2020 0:00,4/8/2020,0,Working,50,
4/10/2020 0:00,4/9/2020,0,Working,50,
4/11/2020 0:00,4/10/2020,0,Working,50,
4/12/2020 0:00,4/11/2020,0,Working,50,
4/13/2020 0:00,4/12/2020,0,Working,50,
4/14/2020 0:00,4/13/2020,0,Working,50,
4/15/2020 0:00,4/14/2020,0,Working,50,
4/16/2020 0:00,4/15/2020,0,Working,50,
4/17/2020 0:00,4/16/2020,0,Working,50,
4/18/2020 0:00,4/17/2020,0,Working,50,
4/19/2020 0:00,4/18/2020,0,Working,50,
4/20/2020 0:00,4/19/2020,0,Working,50,
4/21/2020 0:00,4/20/2020,0,Working,50,
4/22/2020 0:00,4/21/2020,0,Working,50,
4/23/2020 0:00,4/22/2020,0,Working,50,
4/24/2020 0:00,4/23/2020,0,Working,50,
4/25/2020 0:00,4/24/2020,0,Working,50,
4/26/2020 0:00,4/25/2020,0,Working,50,
4/27/2020 0:00,4/26/2020,0,Working,50,
4/28/2020 0:00,4/27/2020,0,Working,50,
4/29/2020 0:00,4/28/2020,0,Working,50,
4/30/2020 0:00,4/29/2020,0,Working,50,
5/1/2020 0:00,4/30/2020,0,Working,50,
5/2/2020 0:00,5/1/2020,0,Working,50,
5/3/2020 0:00,5/2/2020,0,Working,50,
5/4/2020 0:00,5/3/2020,0,Working,50,
5/5/2020 0:00,5/4/2020,0,Working,50,
5/6/2020 0:00,5/5/2020,0,Working,50,
5/7/2020 0:00,5/6/2020,0,Working,50,
5/8/2020 0:00,5/7/2020,0,Working,50,
5/9/2020 0:00,5/8/2020,0,Working,50,
5/10/2020 0:00,5/9/2020,0,Working,50,
5/11/2020 0:00,5/10/2020,0,Working,50,
5/12/2020 0:00,5/11/2020,0,Working,50,
5/13/2020 0:00,5/12/2020,0,Working,50,
5/14/2020 0:00,5/13/2020,0,Working,50,
5/15/2020 0:00,5/14/2020,0,Working,50,
5/16/2020 0:00,5/15/2020,0,Working,50,
5/17/2020 0:00,5/16/2020,0,Working,50,
5/18/2020 0:00,5/17/2020,0,Working,50,
5/19/2020 0:00,5/18/2020,0,Working,50,
5/20/2020 0:00,5/19/2020,0,Working,50,
5/21/2020 0:00,5/20/2020,0,Working,50,
5/22/2020 0:00,5/21/2020,0,Working,50,
5/23/2020 0:00,5/22/2020,0,Working,50,
5/24/2020 0:00,5/23/2020,0,Working,50,
5/25/2020 0:00,5/24/2020,0,Working,50,
5/26/2020 0:00,5/25/2020,0,Working,50,
5/27/2020 0:00,5/26/2020,0,Working,50,
5/28/2020 0:00,5/27/2020,0,Working,50,
5/29/2020 0:00,5/28/2020,0,Working,50,
5/30/2020 0:00,5/29/2020,0,Working,50,
5/31/2020 0:00,5/30/2020,0,Working,50,
6/1/2020 0:00,5/31/2020,0,Working,50,
6/2/2020 0:00,6/1/2020,0,Working,50,
6/3/2020 0:00,6/2/2020,0,Working,50,
6/4/2020 0:00,6/3/2020,0,Working,50,
6/5/2020 0:00,6/4/2020,0,Working,50,
6/6/2020 0:00,6/5/2020,0,Working,50,
6/7/2020 0:00,6/6/2020,0,Working,50,
6/8/2020 0:00,6/7/2020,0,Working,50,
6/9/2020 0:00,6/8/2020,0,Working,50,
6/10/2020 0:00,6/9/2020,0,Working,50,
6/11/2020 0:00,6/10/2020,0,Working,50,
6/12/2020 0:00,6/11/2020,0,Working,50,
6/13/2020 0:00,6/12/2020,0,Working,50,
6/14/2020 0:00,6/13/2020,0,Working,50,
6/15/2020 0:00,6/14/2020,0,Working,50,
6/16/2020 0:00,6/15/2020,0,Working,50,
6/17/2020 0:00,6/16/2020,0,Working,50,
6/18/2020 0:00,6/17/2020,0,Working,50,
6/19/2020 0:00,6/18/2020,0,Working,50,
6/20/2020 0:00,6/19/2020,0,Working,50,
6/21/2020 0:00,6/20/2020,0,Working,50,
6/22/2020 0:00,6/21/2020,0,Working,50,
6/23/2020 0:00,6/22/2020,0,Working,50,
6/24/2020 0:00,6/23/2020,0,Working,50,
6/25/2020 0:00,6/24/2020,0,Working,50,
6/26/2020 0:00,6/25/2020,0,Working,50,
6/27/2020 0:00,6/26/2020,0,Working,50,
6/28/2020 0:00,6/27/2020,0,Working,50,
6/29/2020 0:00,6/28/2020,0,Working,50,
6/30/2020 0:00,6/29/2020,0,Working,50,
7/1/2020 0:00,6/30/2020,0,Working,50,
7/2/2020 0:00,7/1/2020,0,Working,50,
7/3/2020 0:00,7/2/2020,0,Working,50,
7/4/2020 0:00,7/3/2020,0,Working,50,
7/5/2020 0:00,7/4/2020,0,Working,50,
7/6/2020 0:00,7/5/2020,0,Working,50,
7/7/2020 0:00,7/6/2020,0,Working,50,
7/8/2020 0:00,7/7/2020,0,Working,50,
7/9/2020 0:00,7/8/2020,0,Working,50,
7/10/2020 0:00,7/9/2020,0,Working,50,
7/11/2020 0:00,7/10/2020,0,Working,50,
7/12/2020 0:00,7/11/2020,0,Working,50,
7/13/2020 0:00,7/12/2020,0,Working,50,
7/14/2020 0:00,7/13/2020,0,Working,50,
7/15/2020 0:00,7/14/2020,0,Working,50,
7/16/2020 0:00,7/15/2020,0,Working,50,
7/17/2020 0:00,7/16/2020,0,Working,50,
7/18/2020 0:00,7/17/2020,0,Working,50,
7/19/2020 0:00,7/18/2020,0,Working,50,
7/20/2020 0:00,7/19/2020,0,Working,50,
7/21/2020 0:00,7/20/2020,0,Working,50,
7/22/2020 0:00,7/21/2020,0,Working,50,
7/23/2020 0:00,7/22/2020,0,Working,50,
7/24/2020 0:00,7/23/2020,0,Working,50,
7/25/2020 0:00,7/24/2020,0,Working,50,
7/26/2020 0:00,7/25/2020,0,Working,50,
7/27/2020 0:00,7/26/2020,0,Working,50,
7/28/2020 0:00,7/27/2020,0,Working,50,
7/29/2020 0:00,7/28/2020,0,Working,50,
7/30/2020 0:00,7/29/2020,0,Working,50,
7/31/2020 0:00,7/30/2020,0,Working,50,
8/1/2020 0:00,7/31/2020,0,Working,50,
8/2/2020 0:00,8/1/2020,0,Working,50,
8/3/2020 0:00,8/2/2020,0,Working,50,
8/4/2020 0:00,8/3/2020,0,Working,50,
8/5/2020 0:00,8/4/2020,0,Working,50,
8/6/2020 0:00,8/5/2020,0,Working,50,
8/7/2020 0:00,8/6/2020,0,Working,50,
8/8/2020 0:00,8/7/2020,0,Working,50,
8/9/2020 0:00,8/8/2020,0,Working,50,
8/10/2020 0:00,8/9/2020,0,Working,50,
8/11/2020 0:00,8/10/2020,0,Working,50,
8/12/2020 0:00,8/11/2020,0,Working,50,
8/13/2020 0:00,8/12/2020,0,Working,50,
8/14/2020 0:00,8/13/2020,0,Working,50,
8/15/2020 0:00,8/14/2020,0,Working,50,
8/16/2020 0:00,8/15/2020,0,Working,50,
8/17/2020 0:00,8/16/2020,0,Working,50,
8/18/2020 0:00,8/17/2020,0,Working,50,
8/19/2020 0:00,8/18/2020,0,Working,50,
8/20/2020 0:00,8/19/2020,0,Working,50,
8/21/2020 0:00,8/20/2020,0,Working,50,
8/22/2020 0:00,8/21/2020,0,Working,50,
8/23/2020 0:00,8/22/2020,0,Working,50,
8/24/2020 0:00,8/23/2020,0,Working,50,
8/25/2020 0:00,8/24/2020,0,Working,50,
8/26/2020 0:00,8/25/2020,0,Working,50,
8/27/2020 0:00,8/26/2020,0,Working,50,
8/28/2020 0:00,8/27/2020,0,Working,50,
8/29/2020 0:00,8/28/2020,0,Working,50,
8/30/2020 0:00,8/29/2020,0,Working,50,
8/31/2020 0:00,8/30/2020,0,Working,50,
9/1/2020 0:00,8/31/2020,0,Working,50,
9/2/2020 0:00,9/1/2020,0,Working,50,
9/3/2020 0:00,9/2/2020,0,Working,50,
9/4/2020 0:00,9/3/2020,0,Working,50,
9/5/2020 0:00,9/4/2020,0,Working,50,
9/6/2020 0:00,9/5/2020,0,Working,50,
9/7/2020 0:00,9/6/2020,0,Working,50,
9/8/2020 0:00,9/7/2020,0,Working,50,
9/9/2020 0:00,9/8/2020,0,Working,50,
9/10/2020 0:00,9/9/2020,0,Working,50,
9/11/2020 0:00,9/10/2020,0,Working,50,
9/12/2020 0:00,9/11/2020,0,Working,50,
9/13/2020 0:00,9/12/2020,0,Working,50,
9/14/2020 0:00,9/13/2020,0,Working,50,
9/15/2020 0:00,9/14/2020,0,Working,50,
9/16/2020 0:00,9/15/2020,0,Working,50,
9/17/2020 0:00,9/16/2020,0,Working,50,
9/18/2020 0:00,9/17/2020,0,Working,50,
9/19/2020 0:00,9/18/2020,0,Working,50,
9/20/2020 0:00,9/19/2020,0,Working,50,
9/21/2020 0:00,9/20/2020,0,Working,50,
9/22/2020 0:00,9/21/2020,0,Working,50,
9/23/2020 0:00,9/22/2020,0,Working,50,
9/24/2020 0:00,9/23/2020,0,Working,50,
9/25/2020 0:00,9/24/2020,0,Working,50,
9/26/2020 0:00,9/25/2020,0,Working,50,
9/27/2020 0:00,9/26/2020,0,Working,50,
9/28/2020 0:00,9/27/2020,0,Working,50,
9/29/2020 0:00,9/28/2020,0,Working,50,
9/30/2020 0:00,9/29/2020,0,Working,50,
10/1/2020 0:00,9/30/2020,0,Working,50,
10/2/2020 0:00,10/1/2020,0,Working,50,
10/3/2020 0:00,10/2/2020,0,Working,50,
10/4/2020 0:00,10/3/2020,0,Working,50,
10/5/2020 0:00,10/4/2020,0,Working,50,
10/6/2020 0:00,10/5/2020,0,Working,50,
10/7/2020 0:00,10/6/2020,0,Working,50,
10/8/2020 0:00,10/7/2020,0,Working,50,
10/9/2020 0:00,10/8/2020,0,Working,50,
10/10/2020 0:00,10/9/2020,0,Working,50,
10/11/2020 0:00,10/10/2020,0,Working,50,
10/12/2020 0:00,10/11/2020,0,Working,50,
10/13/2020 0:00,10/12/2020,0,Working,50,
10/14/2020 0:00,10/13/2020,0,Working,50,
10/15/2020 0:00,10/14/2020,0,Working,50,
10/16/2020 0:00,10/15/2020,0,Working,50,
10/17/2020 0:00,10/16/2020,0,Working,50,
10/18/2020 0:00,10/17/2020,0,Working,50,
10/19/2020 0:00,10/18/2020,0,Working,50,
10/20/2020 0:00,10/19/2020,0,Working,50,
10/21/2020 0:00,10/20/2020,0,Working,50,
10/22/2020 0:00,10/21/2020,0,Working,50,
10/23/2020 0:00,10/22/2020,0,Working,50,
10/24/2020 0:00,10/23/2020,0,Working,50,
10/25/2020 0:00,10/24/2020,0,Working,50,
10/26/2020 0:00,10/25/2020,0,Working,50,
10/27/2020 0:00,10/26/2020,0,Working,50,
10/28/2020 0:00,10/27/2020,0,Working,50,
10/29/2020 0:00,10/28/2020,0,Working,50,
10/30/2020 0:00,10/29/2020,0,Working,50,
10/31/2020 0:00,10/30/2020,0,Working,50,
11/1/2020 0:00,10/31/2020,0,Working,50,
11/2/2020 0:00,11/1/2020,0,Working,50,
11/3/2020 0:00,11/2/2020,0,Working,50,
11/4/2020 0:00,11/3/2020,0,Working,50,
11/5/2020 0:00,11/4/2020,0,Working,50,
11/6/2020 0:00,11/5/2020,0,Working,50,
11/7/2020 0:00,11/6/2020,0,Working,50,
11/8/2020 0:00,11/7/2020,0,Working,50,
11/9/2020 0:00,11/8/2020,0,Working,50,
11/10/2020 0:00,11/9/2020,0,Working,50,
11/11/2020 0:00,11/10/2020,0,Working,50,
11/12/2020 0:00,11/11/2020,0,Working,50,
11/13/2020 0:00,11/12/2020,0,Working,50,
11/14/2020 0:00,11/13/2020,0,Working,50,
11/15/2020 0:00,11/14/2020,0,Working,50,
11/16/2020 0:00,11/15/2020,0,Working,50,
11/17/2020 0:00,11/16/2020,0,Working,50,
11/18/2020 0:00,11/17/2020,0,Working,50,
11/19/2020 0:00,11/18/2020,0,Working,50,
11/20/2020 0:00,11/19/2020,0,Working,50,
11/21/2020 0:00,11/20/2020,0,Working,50,
11/22/2020 0:00,11/21/2020,0,Working,50,
11/23/2020 0:00,11/22/2020,0,Working,50,
11/24/2020 0:00,11/23/2020,0,Working,50,
11/25/2020 0:00,11/24/2020,0,Working,50,
11/26/2020 0:00,11/25/2020,0,Working,50,
11/27/2020 0:00,11/26/2020,0,Working,50,
11/28/2020 0:00,11/27/2020,0,Working,50,
11/29/2020 0:00,11/28/2020,0,Working,50,
11/30/2020 0:00,11/29/2020,0,Working,50,
12/1/2020 0:00,11/30/2020,0,Working,50,
12/2/2020 0:00,12/1/2020,0,Working,50,
12/3/2020 0:00,12/2/2020,0,Working,50,
12/4/2020 0:00,12/3/2020,0,Working,50,
12/5/2020 0:00,12/4/2020,0,Working,50,
12/6/2020 0:00,12/5/2020,0,Working,50,
12/7/2020 0:00,12/6/2020,0,Working,50,
12/8/2020 0:00,12/7/2020,0,Working,50,
12/9/2020 0:00,12/8/2020,0,Working,50,
12/10/2020 0:00,12/9/2020,0,Working,50,
12/11/2020 0:00,12/10/2020,0,Working,50,
12/12/2020 0:00,12/11/2020,0,Working,50,
12/13/2020 0:00,12/12/2020,0,Working,50,
12/14/2020 0:00,12/13/2020,0,Working,50,
12/15/2020 0:00,12/14/2020,0,Working,50,
12/16/2020 0:00,12/15/2020,0,Working,50,
12/17/2020 0:00,12/16/2020,0,Working,50,
12/18/2020 0:00,12/17/2020,0,Working,50,
12/19/2020 0:00,12/18/2020,0,Working,50,
12/20/2020 0:00,12/19/2020,0,Working,50,
12/21/2020 0:00,12/20/2020,0,Working,50,
12/22/2020 0:00,12/21/2020,0,Working,50,
12/23/2020 0:00,12/22/2020,0,Working,50,
12/24/2020 0:00,12/23/2020,0,Working,50,
12/25/2020 0:00,12/24/2020,0,Working,50,
12/26/2020 0:00,12/25/2020,0,Working,50,
12/27/2020 0:00,12/26/2020,0,Working,50,
12/28/2020 0:00,12/27/2020,0,Working,50,
12/29/2020 0:00,12/28/2020,0,Working,50,
12/30/2020 0:00,12/29/2020,0,Working,50,
12/31/2020 0:00,12/30/2020,0,Working,50,
1/1/2021 0:00,12/31/2020,0,Working,50,
1/2/2021 0:00,1/1/2021,0,Working,50,
1/3/2021 0:00,1/2/2021,0,Working,50,
1/4/2021 0:00,1/3/2021,0,Working,50,
1/5/2021 0:00,1/4/2021,0,Working,50,
1/6/2021 0:00,1/5/2021,0,Working,50,
1/7/2021 0:00,1/6/2021,0,Working,50,
1/8/2021 0:00,1/7/2021,0,Working,50,
1/9/2021 0:00,1/8/2021,0,Working,50,
1/10/2021 0:00,1/9/2021,0,Working,50,
1/11/2021 0:00,1/10/2021,0,Working,50,
1/12/2021 0:00,1/11/2021,0,Working,50,
1/13/2021 0:00,1/12/2021,0,Working,50,
1/14/2021 0:00,1/13/2021,0,Working,50,
1/15/2021 0:00,1/14/2021,0,Working,50,
1/16/2021 0:00,1/15/2021,0,Working,50,
1/17/2021 0:00,1/16/2021,0,Working,50,
1/18/2021 0:00,1/17/2021,0,Working,50,
1/19/2021 0:00,1/18/2021,0,Working,50,
1/20/2021 0:00,1/19/2021,0,Working,50,
1/21/2021 0:00,1/20/2021,0,Working,50,
1/22/2021 0:00,1/21/2021,0,Working,50,
1/23/2021 0:00,1/22/2021,0,Working,50,
1/24/2021 0:00,1/23/2021,0,Working,50,
1/25/2021 0:00,1/24/2021,0,Working,50,
1/26/2021 0:00,1/25/2021,0,Working,50,
1/27/2021 0:00,1/26/2021,0,Working,50,
1/28/2021 0:00,1/27/2021,0,Working,50,
1/29/2021 0:00,1/28/2021,0,Working,50,
1/30/2021 0:00,1/29/2021,0,Working,50,
1/31/2021 0:00,1/30/2021,0,Working,50,
2/1/2021 0:00,1/31/2021,0,Working,50,
2/2/2021 0:00,2/1/2021,0,Working,50,
2/3/2021 0:00,2/2/2021,0,Working,50,
2/4/2021 0:00,2/3/2021,0,Working,50,
2/5/2021 0:00,2/4/2021,0,Working,50,
2/6/2021 0:00,2/5/2021,0,Working,50,
2/7/2021 0:00,2/6/2021,0,Working,50,
2/8/2021 0:00,2/7/2021,0,Working,50,
2/9/2021 0:00,2/8/2021,0,Working,50,
2/10/2021 0:00,2/9/2021,0,Working,50,
2/11/2021 0:00,2/10/2021,0,Working,50,
2/12/2021 0:00,2/11/2021,0,Working,50,
2/13/2021 0:00,2/12/2021,0,Working,50,
2/14/2021 0:00,2/13/2021,0,Working,50,
2/15/2021 0:00,2/14/2021,0,Working,50,
2/16/2021 0:00,2/15/2021,0,Working,50,
2/17/2021 0:00,2/16/2021,0,Working,50,
2/18/2021 0:00,2/17/2021,0,Working,50,
2/19/2021 0:00,2/18/2021,0,Working,50,
2/20/2021 0:00,2/19/2021,0,Working,50,
2/21/2021 0:00,2/20/2021,0,Working,50,
2/22/2021 0:00,2/21/2021,0,Working,50,
2/23/2021 0:00,2/22/2021,0,Working,50,
2/24/2021 0:00,2/23/2021,0,Working,50,
2/25/2021 0:00,2/24/2021,0,Working,50,
2/26/2021 0:00,2/25/2021,0,Working,50,
2/27/2021 0:00,2/26/2021,0,Working,50,
2/28/2021 0:00,2/27/2021,0,Working,50,
3/1/2021 0:00,2/28/2021,0,Working,50,
3/2/2021 0:00,3/1/2021,0,Working,50,
3/3/2021 0:00,3/2/2021,0,Working,50,
3/4/2021 0:00,3/3/2021,0,Working,50,
3/5/2021 0:00,3/4/2021,0,Working,50,
3/6/2021 0:00,3/5/2021,0,Working,50,
3/7/2021 0:00,3/6/2021,0,Working,50,
3/8/2021 0:00,3/7/2021,0,Working,50,
3/9/2021 0:00,3/8/2021,0,Working,50,
3/10/2021 0:00,3/9/2021,0,Working,50,
3/11/2021 0:00,3/10/2021,0,Working,50,
3/12/2021 0:00,3/11/2021,0,Working,50,
3/13/2021 0:00,3/12/2021,0,Working,50,
3/14/2021 0:00,3/13/2021,0,Working,50,
3/15/2021 0:00,3/14/2021,0,Working,50,
3/16/2021 0:00,3/15/2021,0,Working,50,
3/17/2021 0:00,3/16/2021,0,Working,50,
3/18/2021 0:00,3/17/2021,0,Working,50,
3/19/2021 0:00,3/18/2021,0,Working,50,
3/20/2021 0:00,3/19/2021,0,Working,50,
3/21/2021 0:00,3/20/2021,0,Working,50,
3/22/2021 0:00,3/21/2021,0,Working,50,
3/23/2021 0:00,3/22/2021,0,Working,50,
3/24/2021 0:00,3/23/2021,0,Working,50,
3/25/2021 0:00,3/24/2021,0,Working,50,
3/26/2021 0:00,3/25/2021,0,Working,50,
3/27/2021 0:00,3/26/2021,0,Working,50,
3/28/2021 0:00,3/27/2021,0,Working,50,
3/29/2021 0:00,3/28/2021,0,Working,50,
3/30/2021 0:00,3/29/2021,0,Working,50,
3/31/2021 0:00,3/30/2021,0,Working,50,
4/1/2021 0:00,3/31/2021,0,Working,50,
4/2/2021 0:00,4/1/2021,0,Working,50,
4/3/2021 0:00,4/2/2021,0,Working,50,
4/4/2021 0:00,4/3/2021,0,Working,50,
4/5/2021 0:00,4/4/2021,0,Working,50,
4/6/2021 0:00,4/5/2021,0,Working,50,
4/7/2021 0:00,4/6/2021,0,Working,50,
4/8/2021 0:00,4/7/2021,0,Working,50,
4/9/2021 0:00,4/8/2021,0,Working,50,
4/10/2021 0:00,4/9/2021,0,Working,50,
4/11/2021 0:00,4/10/2021,0,Working,50,
4/12/2021 0:00,4/11/2021,0,Working,50,
4/13/2021 0:00,4/12/2021,0,Working,50,
4/14/2021 0:00,4/13/2021,0,Working,50,
4/15/2021 0:00,4/14/2021,0,Working,50,
4/16/2021 0:00,4/15/2021,0,Working,50,
4/17/2021 0:00,4/16/2021,0,Working,50,
4/18/2021 0:00,4/17/2021,0,Working,50,
4/19/2021 0:00,4/18/2021,0,Working,50,
4/20/2021 0:00,4/19/2021,0,Working,50,
4/21/2021 0:00,4/20/2021,0,Working,50,
4/22/2021 0:00,4/21/2021,0,Working,50,
4/23/2021 0:00,4/22/2021,0,Working,50,
4/24/2021 0:00,4/23/2021,0,Working,50,
4/25/2021 0:00,4/24/2021,0,Working,50,
4/26/2021 0:00,4/25/2021,0,Working,50,
4/27/2021 0:00,4/26/2021,0,Working,50,
4/28/2021 0:00,4/27/2021,0,Working,50,
4/29/2021 0:00,4/28/2021,0,Working,50,
4/30/2021 0:00,4/29/2021,0,Working,50,
5/1/2021 0:00,4/30/2021,0,Working,50,
5/2/2021 0:00,5/1/2021,0,Working,50,
5/3/2021 0:00,5/2/2021,0,Working,50,
5/4/2021 0:00,5/3/2021,0,Working,50,
5/5/2021 0:00,5/4/2021,0,Working,50,
5/6/2021 0:00,5/5/2021,0,Working,50,
5/7/2021 0:00,5/6/2021,0,Working,50,
5/8/2021 0:00,5/7/2021,0,Working,50,
5/9/2021 0:00,5/8/2021,0,Working,50,
5/10/2021 0:00,5/9/2021,0,Working,50,
5/11/2021 0:00,5/10/2021,0,Working,50,
5/12/2021 0:00,5/11/2021,0,Working,50,
5/13/2021 0:00,5/12/2021,0,Working,50,
5/14/2021 0:00,5/13/2021,0,Working,50,
5/15/2021 0:00,5/14/2021,0,Working,50,
5/16/2021 0:00,5/15/2021,0,Working,50,
5/17/2021 0:00,5/16/2021,0,Working,50,
5/18/2021 0:00,5/17/2021,0,Working,50,
5/19/2021 0:00,5/18/2021,0,Working,50,
5/20/2021 0:00,5/19/2021,0,Working,50,
5/21/2021 0:00,5/20/2021,0,Working,50,
5/22/2021 0:00,5/21/2021,0,Working,50,
5/23/2021 0:00,5/22/2021,0,Working,50,
5/24/2021 0:00,5/23/2021,0,Working,50,
5/25/2021 0:00,5/24/2021,0,Working,50,
5/26/2021 0:00,5/25/2021,0,Working,50,
5/27/2021 0:00,5/26/2021,0,Working,50,
5/28/2021 0:00,5/27/2021,0,Working,50,
5/29/2021 0:00,5/28/2021,0,Working,50,
5/30/2021 0:00,5/29/2021,0,Working,50,
5/31/2021 0:00,5/30/2021,0,Working,50,
6/1/2021 0:00,5/31/2021,0,Working,50,
6/2/2021 0:00,6/1/2021,0,Working,50,
6/3/2021 0:00,6/2/2021,0,Working,50,
6/4/2021 0:00,6/3/2021,0,Working,50,
6/5/2021 0:00,6/4/2021,0,Working,50,
6/6/2021 0:00,6/5/2021,0,Working,50,
6/7/2021 0:00,6/6/2021,0,Working,50,
6/8/2021 0:00,6/7/2021,0,Working,50,
6/9/2021 0:00,6/8/2021,0,Working,50,
6/10/2021 0:00,6/9/2021,0,Working,50,
6/11/2021 0:00,6/10/2021,0,Working,50,
6/12/2021 0:00,6/11/2021,0,Working,50,
6/13/2021 0:00,6/12/2021,0,Working,50,
6/14/2021 0:00,6/13/2021,0,Working,50,
6/15/2021 0:00,6/14/2021,0,Working,50,
6/16/2021 0:00,6/15/2021,0,Working,50,
6/17/2021 0:00,6/16/2021,0,Working,50,
6/18/2021 0:00,6/17/2021,0,Working,50,
6/19/2021 0:00,6/18/2021,0,Working,50,
6/20/2021 0:00,6/19/2021,0,Working,50,
6/21/2021 0:00,6/20/2021,0,Working,50,
6/22/2021 0:00,6/21/2021,0,Working,50,
6/23/2021 0:00,6/22/2021,0,Working,50,
6/24/2021 0:00,6/23/2021,0,Working,50,
6/25/2021 0:00,6/24/2021,0,Working,50,
6/26/2021 0:00,6/25/2021,0,Working,50,
6/27/2021 0:00,6/26/2021,0,Working,50,
6/28/2021 0:00,6/27/2021,0,Working,50,
6/29/2021 0:00,6/28/2021,0,Working,50,
6/30/2021 0:00,6/29/2021,0,Working,50,
7/1/2021 0:00,6/30/2021,0,Working,50,
7/2/2021 0:00,7/1/2021,0,Working,50,
7/3/2021 0:00,7/2/2021,0,Working,50,
7/4/2021 0:00,7/3/2021,0,Working,50,
7/5/2021 0:00,7/4/2021,0,Working,50,
7/6/2021 0:00,7/5/2021,0,Working,50,
7/7/2021 0:00,7/6/2021,0,Working,50,
7/8/2021 0:00,7/7/2021,0,Working,50,
7/9/2021 0:00,7/8/2021,0,Working,50,
7/10/2021 0:00,7/9/2021,0,Working,50,
7/11/2021 0:00,7/10/2021,0,Working,50,
7/12/2021 0:00,7/11/2021,0,Working,50,
7/13/2021 0:00,7/12/2021,0,Working,50,
7/14/2021 0:00,7/13/2021,0,Working,50,
7/15/2021 0:00,7/14/2021,0,Working,50,
7/16/2021 0:00,7/15/2021,0,Working,50,
7/17/2021 0:00,7/16/2021,0,Working,50,
7/18/2021 0:00,7/17/2021,0,Working,50,
7/19/2021 0:00,7/18/2021,0,Working,50,
7/20/2021 0:00,7/19/2021,0,Working,50,
7/21/2021 0:00,7/20/2021,0,Working,50,
7/22/2021 0:00,7/21/2021,0,Working,50,
7/23/2021 0:00,7/22/2021,0,Working,50,
7/24/2021 0:00,7/23/2021,0,Working,50,
7/25/2021 0:00,7/24/2021,0,Working,50,
7/26/2021 0:00,7/25/2021,0,Working,50,
7/27/2021 0:00,7/26/2021,0,Working,50,
7/28/2021 0:00,7/27/2021,0,Working,50,
7/29/2021 0:00,7/28/2021,0,Working,50,
7/30/2021 0:00,7/29/2021,0,Working,50,
7/31/2021 0:00,7/30/2021,0,Working,50,
8/1/2021 0:00,7/31/2021,0,Working,50,
8/2/2021 0:00,8/1/2021,0,Working,50,
8/3/2021 0:00,8/2/2021,0,Working,50,
8/4/2021 0:00,8/3/2021,0,Working,50,
8/5/2021 0:00,8/4/2021,0,Working,50,
8/6/2021 0:00,8/5/2021,0,Working,50,
8/7/2021 0:00,8/6/2021,0,Working,50,
8/8/2021 0:00,8/7/2021,0,Working,50,
8/9/2021 0:00,8/8/2021,0,Working,50,
8/10/2021 0:00,8/9/2021,0,Working,50,
8/11/2021 0:00,8/10/2021,0,Working,50,
8/12/2021 0:00,8/11/2021,0,Working,50,
8/13/2021 0:00,8/12/2021,0,Working,50,
8/14/2021 0:00,8/13/2021,0,Working,50,
8/15/2021 0:00,8/14/2021,0,Working,50,
8/16/2021 0:00,8/15/2021,0,Working,50,
8/17/2021 0:00,8/16/2021,0,Working,50,
8/18/2021 0:00,8/17/2021,0,Working,50,
8/19/2021 0:00,8/18/2021,0,Working,50,
8/20/2021 0:00,8/19/2021,0,Working,50,
8/21/2021 0:00,8/20/2021,0,Working,50,
8/22/2021 0:00,8/21/2021,0,Working,50,
8/23/2021 0:00,8/22/2021,0,Working,50,
8/24/2021 0:00,8/23/2021,0,Working,50,
8/25/2021 0:00,8/24/2021,0,Working,50,
8/26/2021 0:00,8/25/2021,0,Working,50,
8/27/2021 0:00,8/26/2021,0,Working,50,
8/28/2021 0:00,8/27/2021,0,Working,50,
8/29/2021 0:00,8/28/2021,0,Working,50,
8/30/2021 0:00,8/29/2021,0,Working,50,
8/31/2021 0:00,8/30/2021,0,Working,50,
9/1/2021 0:00,8/31/2021,0,Working,50,
9/2/2021 0:00,9/1/2021,0,Working,50,
9/3/2021 0:00,9/2/2021,0,Working,50,
9/4/2021 0:00,9/3/2021,0,Working,50,
9/5/2021 0:00,9/4/2021,0,Working,50,
9/6/2021 0:00,9/5/2021,0,Working,50,
9/7/2021 0:00,9/6/2021,0,Working,50,
9/8/2021 0:00,9/7/2021,0,Working,50,
9/9/2021 0:00,9/8/2021,0,Working,50,
9/10/2021 0:00,9/9/2021,0,Working,50,
9/11/2021 0:00,9/10/2021,0,Working,50,
9/12/2021 0:00,9/11/2021,0,Working,50,
9/13/2021 0:00,9/12/2021,0,Working,50,
9/14/2021 0:00,9/13/2021,0,Working,50,
9/15/2021 0:00,9/14/2021,0,Working,50,
9/16/2021 0:00,9/15/2021,0,Working,50,
9/17/2021 0:00,9/16/2021,0,Working,50,
9/18/2021 0:00,9/17/2021,0,Working,50,
9/19/2021 0:00,9/18/2021,0,Working,50,
9/20/2021 0:00,9/19/2021,0,Working,50,
9/21/2021 0:00,9/20/2021,0,Working,50,
9/22/2021 0:00,9/21/2021,0,Working,50,
9/23/2021 0:00,9/22/2021,0,Working,50,
9/24/2021 0:00,9/23/2021,0,Working,50,
9/25/2021 0:00,9/24/2021,0,Working,50,
9/26/2021 0:00,9/25/2021,0,Working,50,
9/27/2021 0:00,9/26/2021,0,Working,50,
9/28/2021 0:00,9/27/2021,0,Working,50,
9/29/2021 0:00,9/28/2021,0,Working,50,
9/30/2021 0:00,9/29/2021,0,Working,50,
10/1/2021 0:00,9/30/2021,0,Working,50,
10/2/2021 0:00,10/1/2021,0,Working,50,
10/3/2021 0:00,10/2/2021,0,Working,50,
10/4/2021 0:00,10/3/2021,0,Working,50,
10/5/2021 0:00,10/4/2021,0,Working,50,
10/6/2021 0:00,10/5/2021,0,Working,50,
10/7/2021 0:00,10/6/2021,0,Working,50,
10/8/2021 0:00,10/7/2021,0,Working,50,
10/9/2021 0:00,10/8/2021,0,Working,50,
10/10/2021 0:00,10/9/2021,0,Working,50,
10/11/2021 0:00,10/10/2021,0,Working,50,
10/12/2021 0:00,10/11/2021,0,Working,50,
10/13/2021 0:00,10/12/2021,0,Working,50,
10/14/2021 0:00,10/13/2021,0,Working,50,
10/15/2021 0:00,10/14/2021,0,Working,50,
10/16/2021 0:00,10/15/2021,0,Working,50,
10/17/2021 0:00,10/16/2021,0,Working,50,
10/18/2021 0:00,10/17/2021,0,Working,50,
10/19/2021 0:00,10/18/2021,0,Working,50,
10/20/2021 0:00,10/19/2021,0,Working,50,
10/21/2021 0:00,10/20/2021,0,Working,50,
10/22/2021 0:00,10/21/2021,0,Working,50,
10/23/2021 0:00,10/22/2021,0,Working,50,
10/24/2021 0:00,10/23/2021,0,Working,50,
10/25/2021 0:00,10/24/2021,0,Working,50,
10/26/2021 0:00,10/25/2021,0,Working,50,
10/27/2021 0:00,10/26/2021,0,Working,50,
10/28/2021 0:00,10/27/2021,0,Working,50,
10/29/2021 0:00,10/28/2021,0,Working,50,
10/30/2021 0:00,10/29/2021,0,Working,50,
10/31/2021 0:00,10/30/2021,0,Working,50,
11/1/2021 0:00,10/31/2021,0,Working,50,
11/2/2021 0:00,11/1/2021,0,Working,50,
11/3/2021 0:00,11/2/2021,0,Working,50,
11/4/2021 0:00,11/3/2021,0,Working,50,
11/5/2021 0:00,11/4/2021,0,Working,50,
11/6/2021 0:00,11/5/2021,0,Working,50,
11/7/2021 0:00,11/6/2021,0,Working,50,
11/8/2021 0:00,11/7/2021,0,Working,50,
11/9/2021 0:00,11/8/2021,0,Working,50,
11/10/2021 0:00,11/9/2021,0,Working,50,
11/11/2021 0:00,11/10/2021,0,Working,50,
11/12/2021 0:00,11/11/2021,0,Working,50,
11/13/2021 0:00,11/12/2021,0,Working,50,
11/14/2021 0:00,11/13/2021,0,Working,50,
11/15/2021 0:00,11/14/2021,0,Working,50,
11/16/2021 0:00,11/15/2021,0,Working,50,
11/17/2021 0:00,11/16/2021,0,Working,50,
11/18/2021 0:00,11/17/2021,0,Working,50,
11/19/2021 0:00,11/18/2021,0,Working,50,
11/20/2021 0:00,11/19/2021,0,Working,50,
11/21/2021 0:00,11/20/2021,0,Working,50,
11/22/2021 0:00,11/21/2021,0,Working,50,
11/23/2021 0:00,11/22/2021,0,Working,50,
11/24/2021 0:00,11/23/2021,0,Working,50,
11/25/2021 0:00,11/24/2021,0,Working,50,
11/26/2021 0:00,11/25/2021,0,Working,50,
11/27/2021 0:00,11/26/2021,0,Working,50,
11/28/2021 0:00,11/27/2021,0,Working,50,
11/29/2021 0:00,11/28/2021,0,Working,50,
11/30/2021 0:00,11/29/2021,0,Working,50,
12/1/2021 0:00,11/30/2021,0,Working,50,
12/2/2021 0:00,12/1/2021,0,Working,50,
12/3/2021 0:00,12/2/2021,0,Working,50,
12/4/2021 0:00,12/3/2021,0,Working,50,
12/5/2021 0:00,12/4/2021,0,Working,50,
12/6/2021 0:00,12/5/2021,0,Working,50,
12/7/2021 0:00,12/6/2021,0,Working,50,
12/8/2021 0:00,12/7/2021,0,Working,50,
12/9/2021 0:00,12/8/2021,0,Working,50,
12/10/2021 0:00,12/9/2021,0,Working,50,
12/11/2021 0:00,12/10/2021,0,Working,50,
12/12/2021 0:00,12/11/2021,0,Working,50,
12/13/2021 0:00,12/12/2021,0,Working,50,
12/14/2021 0:00,12/13/2021,0,Working,50,
12/15/2021 0:00,12/14/2021,0,Working,50,
12/16/2021 0:00,12/15/2021,0,Working,50,
12/17/2021 0:00,12/16/2021,0,Working,50,
12/18/2021 0:00,12/17/2021,0,Working,50,
12/19/2021 0:00,12/18/2021,0,Working,50,
12/20/2021 0:00,12/19/2021,0,Working,50,
12/21/2021 0:00,12/20/2021,0,Working,50,
12/22/2021 0:00,12/21/2021,0,Working,50,
12/23/2021 0:00,12/22/2021,0,Working,50,
12/24/2021 0:00,12/23/2021,0,Working,50,
12/25/2021 0:00,12/24/2021,0,Working,50,
12/26/2021 0:00,12/25/2021,0,Working,50,
12/27/2021 0:00,12/26/2021,0,Working,50,
12/28/2021 0:00,12/27/2021,0,Working,50,
12/29/2021 0:00,12/28/2021,0,Working,50,
12/30/2021 0:00,12/29/2021,0,Working,50,
12/31/2021 0:00,12/30/2021,0,Working,50,
1/1/2022 0:00,12/31/2021,0,Working,50,
1/2/2022 0:00,1/1/2022,0,Working,50,
1/3/2022 0:00,1/2/2022,0,Working,50,
1/4/2022 0:00,1/3/2022,0,Working,50,
1/5/2022 0:00,1/4/2022,0,Working,50,
1/6/2022 0:00,1/5/2022,0,Working,50,
1/7/2022 0:00,1/6/2022,0,Working,50,
1/8/2022 0:00,1/7/2022,0,Working,50,
1/9/2022 0:00,1/8/2022,0,Working,50,
1/10/2022 0:00,1/9/2022,0,Working,50,
1/11/2022 0:00,1/10/2022,0,Working,50,
1/12/2022 0:00,1/11/2022,0,Working,50,
1/13/2022 0:00,1/12/2022,0,Working,50,
1/14/2022 0:00,1/13/2022,0,Working,50,
1/15/2022 0:00,1/14/2022,0,Working,50,
1/16/2022 0:00,1/15/2022,0,Working,50,
1/17/2022 0:00,1/16/2022,0,Working,50,
1/18/2022 0:00,1/17/2022,0,Working,50,
1/19/2022 0:00,1/18/2022,0,Working,50,
1/20/2022 0:00,1/19/2022,0,Working,50,
1/21/2022 0:00,1/20/2022,0,Working,50,
1/22/2022 0:00,1/21/2022,0,Working,50,
1/23/2022 0:00,1/22/2022,0,Working,50,
1/24/2022 0:00,1/23/2022,0,Working,50,
1/25/2022 0:00,1/24/2022,0,Working,50,
1/26/2022 0:00,1/25/2022,0,Working,50,
1/27/2022 0:00,1/26/2022,0,Working,50,
1/28/2022 0:00,1/27/2022,0,Working,50,
1/29/2022 0:00,1/28/2022,0,Working,50,
1/30/2022 0:00,1/29/2022,0,Working,50,
1/31/2022 0:00,1/30/2022,0,Working,50,
2/1/2022 0:00,1/31/2022,0,Working,50,
2/2/2022 0:00,2/1/2022,0,Working,50,
2/3/2022 0:00,2/2/2022,0,Working,50,
2/4/2022 0:00,2/3/2022,0,Working,50,
2/5/2022 0:00,2/4/2022,0,Working,50,
2/6/2022 0:00,2/5/2022,0,Working,50,
2/7/2022 0:00,2/6/2022,0,Working,50,
2/8/2022 0:00,2/7/2022,0,Working,50,
2/9/2022 0:00,2/8/2022,0,Working,50,
2/10/2022 0:00,2/9/2022,0,Working,50,
2/11/2022 0:00,2/10/2022,0,Working,50,
2/12/2022 0:00,2/11/2022,0,Working,50,
2/13/2022 0:00,2/12/2022,0,Working,50,
2/14/2022 0:00,2/13/2022,0,Working,50,
2/15/2022 0:00,2/14/2022,0,Working,50,
2/16/2022 0:00,2/15/2022,0,Working,50,
2/17/2022 0:00,2/16/2022,0,Working,50,
2/18/2022 0:00,2/17/2022,0,Working,50,
2/19/2022 0:00,2/18/2022,0,Working,50,
2/20/2022 0:00,2/19/2022,0,Working,50,
2/21/2022 0:00,2/20/2022,0,Working,50,
2/22/2022 0:00,2/21/2022,0,Working,50,
2/23/2022 0:00,2/22/2022,0,Working,50,
2/24/2022 0:00,2/23/2022,0,Working,50,
2/25/2022 0:00,2/24/2022,0,Working,50,
2/26/2022 0:00,2/25/2022,0,Working,50,
2/27/2022 0:00,2/26/2022,0,Working,50,
2/28/2022 0:00,2/27/2022,0,Working,50,
3/1/2022 0:00,2/28/2022,0,Working,50,
3/2/2022 0:00,3/1/2022,0,Working,50,
3/3/2022 0:00,3/2/2022,0,Working,50,
3/4/2022 0:00,3/3/2022,0,Working,50,
3/5/2022 0:00,3/4/2022,0,Working,50,
3/6/2022 0:00,3/5/2022,0,Working,50,
3/7/2022 0:00,3/6/2022,0,Working,50,
3/8/2022 0:00,3/7/2022,0,Working,50,
3/9/2022 0:00,3/8/2022,0,Working,50,
3/10/2022 0:00,3/9/2022,0,Working,50,
3/11/2022 0:00,3/10/2022,0,Working,50,
3/12/2022 0:00,3/11/2022,0,Working,50,
3/13/2022 0:00,3/12/2022,0,Working,50,
3/14/2022 0:00,3/13/2022,0,Working,50,
3/15/2022 0:00,3/14/2022,0,Working,50,
3/16/2022 0:00,3/15/2022,0,Working,50,
3/17/2022 0:00,3/16/2022,0,Working,50,
3/18/2022 0:00,3/17/2022,0,Working,50,
3/19/2022 0:00,3/18/2022,0,Working,50,
3/20/2022 0:00,3/19/2022,0,Working,50,
3/21/2022 0:00,3/20/2022,0,Working,50,
3/22/2022 0:00,3/21/2022,0,Working,50,
3/23/2022 0:00,3/22/2022,0,Working,50,
3/24/2022 0:00,3/23/2022,0,Working,50,
3/25/2022 0:00,3/24/2022,0,Working,50,
3/26/2022 0:00,3/25/2022,0,Working,50,
3/27/2022 0:00,3/26/2022,0,Working,50,
3/28/2022 0:00,3/27/2022,0,Working,50,
3/29/2022 0:00,3/28/2022,0,Working,50,
3/30/2022 0:00,3/29/2022,0,Working,50,
3/31/2022 0:00,3/30/2022,0,Working,50,
4/1/2022 0:00,3/31/2022,0,Working,50,
4/2/2022 0:00,4/1/2022,0,Working,50,
4/3/2022 0:00,4/2/2022,0,Working,50,
4/4/2022 0:00,4/3/2022,0,Working,50,
4/5/2022 0:00,4/4/2022,0,Working,50,
4/6/2022 0:00,4/5/2022,0,Working,50,
4/7/2022 0:00,4/6/2022,0,Working,50,
4/8/2022 0:00,4/7/2022,0,Working,50,
4/9/2022 0:00,4/8/2022,0,Working,50,
4/10/2022 0:00,4/9/2022,0,Working,50,
4/11/2022 0:00,4/10/2022,0,Working,50,
4/12/2022 0:00,4/11/2022,0,Working,50,
4/13/2022 0:00,4/12/2022,0,Working,50,
4/14/2022 0:00,4/13/2022,0,Working,50,
4/15/2022 0:00,4/14/2022,0,Working,50,
4/16/2022 0:00,4/15/2022,0,Working,50,
4/17/2022 0:00,4/16/2022,0,Working,50,
4/18/2022 0:00,4/17/2022,0,Working,50,
4/19/2022 0:00,4/18/2022,0,Working,50,
4/20/2022 0:00,4/19/2022,0,Working,50,
4/21/2022 0:00,4/20/2022,0,Working,50,
4/22/2022 0:00,4/21/2022,0,Working,50,
4/23/2022 0:00,4/22/2022,0,Working,50,
4/24/2022 0:00,4/23/2022,0,Working,50,
4/25/2022 0:00,4/24/2022,0,Working,50,
4/26/2022 0:00,4/25/2022,0,Working,50,
4/27/2022 0:00,4/26/2022,0,Working,50,
4/28/2022 0:00,4/27/2022,0,Working,50,
4/29/2022 0:00,4/28/2022,0,Working,50,
4/30/2022 0:00,4/29/2022,0,Working,50,
5/1/2022 0:00,4/30/2022,0,Working,50,
5/2/2022 0:00,5/1/2022,0,Working,50,
5/3/2022 0:00,5/2/2022,0,Working,50,
5/4/2022 0:00,5/3/2022,0,Working,50,
5/5/2022 0:00,5/4/2022,0,Working,50,
5/6/2022 0:00,5/5/2022,0,Working,50,
5/7/2022 0:00,5/6/2022,0,Working,50,
5/8/2022 0:00,5/7/2022,0,Working,50,
5/9/2022 0:00,5/8/2022,0,Working,50,
5/10/2022 0:00,5/9/2022,0,Working,50,
5/11/2022 0:00,5/10/2022,0,Working,50,
5/12/2022 0:00,5/11/2022,0,Working,50,
5/13/2022 0:00,5/12/2022,0,Working,50,
5/14/2022 0:00,5/13/2022,0,Working,50,
5/15/2022 0:00,5/14/2022,0,Working,50,
5/16/2022 0:00,5/15/2022,0,Working,50,
5/17/2022 0:00,5/16/2022,0,Working,50,
5/18/2022 0:00,5/17/2022,0,Working,50,
5/19/2022 0:00,5/18/2022,0,Working,50,
5/20/2022 0:00,5/19/2022,0,Working,50,
5/21/2022 0:00,5/20/2022,0,Working,50,
5/22/2022 0:00,5/21/2022,0,Working,50,
5/23/2022 0:00,5/22/2022,0,Working,50,
5/24/2022 0:00,5/23/2022,0,Working,50,
5/25/2022 0:00,5/24/2022,0,Working,50,
5/26/2022 0:00,5/25/2022,0,Working,50,
5/27/2022 0:00,5/26/2022,0,Working,50,
5/28/2022 0:00,5/27/2022,0,Working,50,
5/29/2022 0:00,5/28/2022,0,Working,50,
5/30/2022 0:00,5/29/2022,0,Working,50,
5/31/2022 0:00,5/30/2022,0,Working,50,
6/1/2022 0:00,5/31/2022,0,Working,50,
6/2/2022 0:00,6/1/2022,0,Working,50,
6/3/2022 0:00,6/2/2022,0,Working,50,
6/4/2022 0:00,6/3/2022,0,Working,50,
6/5/2022 0:00,6/4/2022,0,Working,50,
6/6/2022 0:00,6/5/2022,0,Working,50,
6/7/2022 0:00,6/6/2022,0,Working,50,
6/8/2022 0:00,6/7/2022,0,Working,50,
6/9/2022 0:00,6/8/2022,0,Working,50,
6/10/2022 0:00,6/9/2022,0,Working,50,
6/11/2022 0:00,6/10/2022,0,Working,50,
6/12/2022 0:00,6/11/2022,0,Working,50,
6/13/2022 0:00,6/12/2022,0,Working,50,
6/14/2022 0:00,6/13/2022,0,Working,50,
6/15/2022 0:00,6/14/2022,0,Working,50,
6/16/2022 0:00,6/15/2022,0,Working,50,
6/17/2022 0:00,6/16/2022,0,Working,50,
6/18/2022 0:00,6/17/2022,0,Working,50,
6/19/2022 0:00,6/18/2022,0,Working,50,
6/20/2022 0:00,6/19/2022,0,Working,50,
6/21/2022 0:00,6/20/2022,0,Working,50,
6/22/2022 0:00,6/21/2022,0,Working,50,
6/23/2022 0:00,6/22/2022,0,Working,50,
6/24/2022 0:00,6/23/2022,0,Working,50,
6/25/2022 0:00,6/24/2022,0,Working,50,
6/26/2022 0:00,6/25/2022,0,Working,50,
6/27/2022 0:00,6/26/2022,0,Working,50,
6/28/2022 0:00,6/27/2022,0,Working,50,
6/29/2022 0:00,6/28/2022,0,Working,50,
6/30/2022 0:00,6/29/2022,0,Working,50,
7/1/2022 0:00,6/30/2022,0,Working,50,
7/2/2022 0:00,7/1/2022,0,Working,50,
7/3/2022 0:00,7/2/2022,0,Working,50,
7/4/2022 0:00,7/3/2022,0,Working,50,
7/5/2022 0:00,7/4/2022,0,Working,50,
7/6/2022 0:00,7/5/2022,0,Working,50,
7/7/2022 0:00,7/6/2022,0,Working,50,
7/8/2022 0:00,7/7/2022,0,Working,50,
7/9/2022 0:00,7/8/2022,0,Working,50,
7/10/2022 0:00,7/9/2022,0,Working,50,
7/11/2022 0:00,7/10/2022,0,Working,50,
7/12/2022 0:00,7/11/2022,0,Working,50,
7/13/2022 0:00,7/12/2022,0,Working,50,
7/14/2022 0:00,7/13/2022,0,Working,50,
7/15/2022 0:00,7/14/2022,0,Working,50,
7/16/2022 0:00,7/15/2022,0,Working,50,
7/17/2022 0:00,7/16/2022,0,Working,50,
7/18/2022 0:00,7/17/2022,0,Working,50,
7/19/2022 0:00,7/18/2022,0,Working,50,
7/20/2022 0:00,7/19/2022,0,Working,50,
7/21/2022 0:00,7/20/2022,0,Working,50,
7/22/2022 0:00,7/21/2022,0,Working,50,
7/23/2022 0:00,7/22/2022,0,Working,50,
7/24/2022 0:00,7/23/2022,0,Working,50,
7/25/2022 0:00,7/24/2022,0,Working,50,
7/26/2022 0:00,7/25/2022,0,Working,50,
7/27/2022 0:00,7/26/2022,0,Working,50,
7/28/2022 0:00,7/27/2022,0,Working,50,
7/29/2022 0:00,7/28/2022,0,Working,50,
7/30/2022 0:00,7/29/2022,0,Working,50,
7/31/2022 0:00,7/30/2022,0,Working,50,
8/1/2022 0:00,7/31/2022,0,Working,50,
8/2/2022 0:00,8/1/2022,0,Working,50,
8/3/2022 0:00,8/2/2022,0,Working,50,
8/4/2022 0:00,8/3/2022,0,Working,50,
8/5/2022 0:00,8/4/2022,0,Working,50,
8/6/2022 0:00,8/5/2022,0,Working,50,
8/7/2022 0:00,8/6/2022,0,Working,50,
8/8/2022 0:00,8/7/2022,0,Working,50,
8/9/2022 0:00,8/8/2022,0,Working,50,
8/10/2022 0:00,8/9/2022,0,Working,50,
8/11/2022 0:00,8/10/2022,0,Working,50,
8/12/2022 0:00,8/11/2022,0,Working,50,
8/13/2022 0:00,8/12/2022,0,Working,50,
8/14/2022 0:00,8/13/2022,0,Working,50,
8/15/2022 0:00,8/14/2022,0,Working,50,
8/16/2022 0:00,8/15/2022,0,Working,50,
8/17/2022 0:00,8/16/2022,0,Working,50,
8/18/2022 0:00,8/17/2022,0,Working,50,
8/19/2022 0:00,8/18/2022,200,Working,50,
8/20/2022 0:00,8/19/2022,150,Working,50,
8/21/2022 0:00,8/20/2022,150,Working,50,
8/22/2022 0:00,8/21/2022,150,Working,50,
8/23/2022 0:00,8/22/2022,0,Working,50,
8/24/2022 0:00,8/23/2022,0,Working,50,
8/25/2022 0:00,8/24/2022,0,Working,50,
8/26/2022 0:00,8/25/2022,0,Working,50,
8/27/2022 0:00,8/26/2022,0,Working,50,
8/28/2022 0:00,8/27/2022,0,Working,50,
8/29/2022 0:00,8/28/2022,0,Working,50,
8/30/2022 0:00,8/29/2022,0,Working,50,
8/31/2022 0:00,8/30/2022,0,Working,50,
9/1/2022 0:00,8/31/2022,0,Working,50,
9/2/2022 0:00,9/1/2022,0,Working,50,
9/3/2022 0:00,9/2/2022,0,Working,50,
9/4/2022 0:00,9/3/2022,200,Working,50,
9/5/2022 0:00,9/4/2022,0,Working,50,
9/6/2022 0:00,9/5/2022,0,Working,50,
9/7/2022 0:00,9/6/2022,0,Working,50,
9/8/2022 0:00,9/7/2022,0,Working,50,
9/9/2022 0:00,9/8/2022,0,Working,50,
9/10/2022 0:00,9/9/2022,0,Working,50,
9/11/2022 0:00,9/10/2022,0,Working,50,
9/12/2022 0:00,9/11/2022,0,Working,50,
9/13/2022 0:00,9/12/2022,0,Working,50,
9/14/2022 0:00,9/13/2022,0,Working,50,
9/15/2022 0:00,9/14/2022,0,Working,50,
9/16/2022 0:00,9/15/2022,0,Working,50,
9/17/2022 0:00,9/16/2022,0,Working,50,
9/18/2022 0:00,9/17/2022,0,Working,50,
9/19/2022 0:00,9/18/2022,0,Working,50,
9/20/2022 0:00,9/19/2022,0,Working,50,
9/21/2022 0:00,9/20/2022,0,Working,50,
9/22/2022 0:00,9/21/2022,0,Working,50,
9/23/2022 0:00,9/22/2022,0,Working,50,
9/24/2022 0:00,9/23/2022,0,Working,50,
9/25/2022 0:00,9/24/2022,0,Working,50,
9/26/2022 0:00,9/25/2022,0,Working,50,
9/27/2022 0:00,9/26/2022,0,Working,50,
9/28/2022 0:00,9/27/2022,0,Working,50,
9/29/2022 0:00,9/28/2022,0,Working,50,
9/30/2022 0:00,9/29/2022,0,Working,50,
10/1/2022 0:00,9/30/2022,0,Working,50,
10/2/2022 0:00,10/1/2022,0,Working,50,
10/3/2022 0:00,10/2/2022,0,Working,50,
10/4/2022 0:00,10/3/2022,0,Working,50,
10/5/2022 0:00,10/4/2022,0,Working,50,
10/6/2022 0:00,10/5/2022,0,Working,50,
10/7/2022 0:00,10/6/2022,0,Working,50,
10/8/2022 0:00,10/7/2022,0,Working,50,
10/9/2022 0:00,10/8/2022,0,Working,50,
10/10/2022 0:00,10/9/2022,0,Working,50,
10/11/2022 0:00,10/10/2022,0,Working,50,
10/12/2022 0:00,10/11/2022,0,Working,50,
10/13/2022 0:00,10/12/2022,0,Working,50,
10/14/2022 0:00,10/13/2022,0,Working,50,
10/15/2022 0:00,10/14/2022,0,Working,50,
10/16/2022 0:00,10/15/2022,0,Working,50,
10/17/2022 0:00,10/16/2022,0,Working,50,
10/18/2022 0:00,10/17/2022,0,Working,50,
10/19/2022 0:00,10/18/2022,0,Working,50,
10/20/2022 0:00,10/19/2022,0,Working,50,
10/21/2022 0:00,10/20/2022,0,Working,50,
10/22/2022 0:00,10/21/2022,0,Working,50,
10/23/2022 0:00,10/22/2022,0,Working,50,
10/24/2022 0:00,10/23/2022,0,Working,50,
10/25/2022 0:00,10/24/2022,0,Working,50,
10/26/2022 0:00,10/25/2022,0,Working,50,
10/27/2022 0:00,10/26/2022,0,Working,50,
10/28/2022 0:00,10/27/2022,0,Working,50,
10/29/2022 0:00,10/28/2022,0,Working,50,
10/30/2022 0:00,10/29/2022,0,Working,50,
10/31/2022 0:00,10/30/2022,0,Working,50,
11/1/2022 0:00,10/31/2022,0,Working,50,
11/2/2022 0:00,11/1/2022,0,Working,50,
11/3/2022 0:00,11/2/2022,0,Working,50,
11/4/2022 0:00,11/3/2022,0,Working,50,
11/5/2022 0:00,11/4/2022,0,Working,50,
11/6/2022 0:00,11/5/2022,0,Working,50,
11/7/2022 0:00,11/6/2022,0,Working,50,
11/8/2022 0:00,11/7/2022,0,Working,50,
11/9/2022 0:00,11/8/2022,0,Working,50,
11/10/2022 0:00,11/9/2022,0,Working,50,
11/11/2022 0:00,11/10/2022,0,Working,50,
11/12/2022 0:00,11/11/2022,0,Working,50,
11/13/2022 0:00,11/12/2022,0,Working,50,
11/14/2022 0:00,11/13/2022,0,Working,50,
11/15/2022 0:00,11/14/2022,0,Working,50,
11/16/2022 0:00,11/15/2022,0,Working,50,
11/17/2022 0:00,11/16/2022,0,Working,50,
11/18/2022 0:00,11/17/2022,0,Working,50,
11/19/2022 0:00,11/18/2022,0,Working,50,
11/20/2022 0:00,11/19/2022,0,Working,50,
11/21/2022 0:00,11/20/2022,0,Working,50,
11/22/2022 0:00,11/21/2022,0,Working,50,
11/23/2022 0:00,11/22/2022,0,Working,50,
11/24/2022 0:00,11/23/2022,0,Working,50,
11/25/2022 0:00,11/24/2022,0,Working,50,
11/26/2022 0:00,11/25/2022,0,Working,50,
11/27/2022 0:00,11/26/2022,0,Working,50,
11/28/2022 0:00,11/27/2022,0,Working,50,
11/29/2022 0:00,11/28/2022,0,Working,50,
11/30/2022 0:00,11/29/2022,0,Working,50,
12/1/2022 0:00,11/30/2022,0,Working,50,
12/2/2022 0:00,12/1/2022,0,Working,50,
12/3/2022 0:00,12/2/2022,0,Working,50,
12/4/2022 0:00,12/3/2022,0,Working,50,
12/5/2022 0:00,12/4/2022,0,Working,50,
12/6/2022 0:00,12/5/2022,0,Working,50,
12/7/2022 0:00,12/6/2022,0,Working,50,
12/8/2022 0:00,12/7/2022,0,Working,50,
12/9/2022 0:00,12/8/2022,0,Working,50,
12/10/2022 0:00,12/9/2022,0,Working,50,
12/11/2022 0:00,12/10/2022,0,Working,50,
12/12/2022 0:00,12/11/2022,0,Working,50,
12/13/2022 0:00,12/12/2022,0,Working,50,
12/14/2022 0:00,12/13/2022,0,Working,50,
12/15/2022 0:00,12/14/2022,0,Working,50,
12/16/2022 0:00,12/15/2022,0,Working,50,
12/17/2022 0:00,12/16/2022,0,Working,50,
12/18/2022 0:00,12/17/2022,0,Working,50,
12/19/2022 0:00,12/18/2022,0,Working,50,
12/20/2022 0:00,12/19/2022,0,Working,50,
12/21/2022 0:00,12/20/2022,0,Working,50,
12/22/2022 0:00,12/21/2022,0,Working,50,
12/23/2022 0:00,12/22/2022,0,Working,50,
12/24/2022 0:00,12/23/2022,0,Working,50,
12/25/2022 0:00,12/24/2022,0,Working,50,
12/26/2022 0:00,12/25/2022,0,Working,50,
12/27/2022 0:00,12/26/2022,0,Working,50,
12/28/2022 0:00,12/27/2022,0,Working,50,
12/29/2022 0:00,12/28/2022,0,Working,50,
12/30/2022 0:00,12/29/2022,0,Working,50,
12/31/2022 0:00,12/30/2022,0,Working,50,
1/1/2023 0:00,12/31/2022,0,Working,50,
1/2/2023 0:00,1/1/2023,0,Working,50,
1/3/2023 0:00,1/2/2023,0,Working,50,
1/4/2023 0:00,1/3/2023,0,Working,50,
1/5/2023 0:00,1/4/2023,0,Working,50,
1/6/2023 0:00,1/5/2023,0,Working,50,
1/7/2023 0:00,1/6/2023,0,Working,50,
1/8/2023 0:00,1/7/2023,0,Working,50,
1/9/2023 0:00,1/8/2023,0,Working,50,
1/10/2023 0:00,1/9/2023,0,Working,50,
1/11/2023 0:00,1/10/2023,0,Working,50,
1/12/2023 0:00,1/11/2023,0,Working,50,
1/13/2023 0:00,1/12/2023,0,Working,50,
1/14/2023 0:00,1/13/2023,0,Working,50,
1/15/2023 0:00,1/14/2023,0,Working,50,
1/16/2023 0:00,1/15/2023,0,Working,50,
1/17/2023 0:00,1/16/2023,0,Working,50,
1/18/2023 0:00,1/17/2023,0,Working,50,
1/19/2023 0:00,1/18/2023,0,Working,50,
1/20/2023 0:00,1/19/2023,0,Working,50,
1/21/2023 0:00,1/20/2023,0,Working,50,
1/22/2023 0:00,1/21/2023,0,Working,50,
1/23/2023 0:00,1/22/2023,0,Working,50,
1/24/2023 0:00,1/23/2023,0,Working,50,
1/25/2023 0:00,1/24/2023,0,Working,50,
1/26/2023 0:00,1/25/2023,0,Working,50,
1/27/2023 0:00,1/26/2023,0,Working,50,
1/28/2023 0:00,1/27/2023,0,Working,50,
1/29/2023 0:00,1/28/2023,0,Working,50,
1/30/2023 0:00,1/29/2023,0,Working,50,
1/31/2023 0:00,1/30/2023,0,Working,50,
2/1/2023 0:00,1/31/2023,0,Working,50,
2/2/2023 0:00,2/1/2023,0,Working,50,
2/3/2023 0:00,2/2/2023,0,Working,50,
2/4/2023 0:00,2/3/2023,0,Working,50,
2/5/2023 0:00,2/4/2023,0,Working,50,
2/6/2023 0:00,2/5/2023,0,Working,50,
2/7/2023 0:00,2/6/2023,0,Working,50,
2/8/2023 0:00,2/7/2023,0,Working,50,
2/9/2023 0:00,2/8/2023,0,Working,50,
2/10/2023 0:00,2/9/2023,0,Working,50,
2/11/2023 0:00,2/10/2023,0,Working,50,
2/12/2023 0:00,2/11/2023,0,Working,50,
2/13/2023 0:00,2/12/2023,0,Working,50,
2/14/2023 0:00,2/13/2023,0,Working,50,
2/15/2023 0:00,2/14/2023,0,Working,50,
2/16/2023 0:00,2/15/2023,0,Working,50,
2/17/2023 0:00,2/16/2023,0,Working,50,
2/18/2023 0:00,2/17/2023,0,Working,50,
2/19/2023 0:00,2/18/2023,0,Working,50,
2/20/2023 0:00,2/19/2023,0,Working,50,
2/21/2023 0:00,2/20/2023,0,Working,50,
2/22/2023 0:00,2/21/2023,0,Working,50,
2/23/2023 0:00,2/22/2023,0,Working,50,
2/24/2023 0:00,2/23/2023,0,Working,50,
2/25/2023 0:00,2/24/2023,0,Working,50,
2/26/2023 0:00,2/25/2023,0,Working,50,
2/27/2023 0:00,2/26/2023,0,Working,50,
2/28/2023 0:00,2/27/2023,0,Working,50,
3/1/2023 0:00,2/28/2023,0,Working,50,
3/2/2023 0:00,3/1/2023,0,Working,50,
3/3/2023 0:00,3/2/2023,0,Working,50,
3/4/2023 0:00,3/3/2023,0,Working,50,
3/5/2023 0:00,3/4/2023,0,Working,50,
3/6/2023 0:00,3/5/2023,0,Working,50,
3/7/2023 0:00,3/6/2023,0,Working,50,
3/8/2023 0:00,3/7/2023,0,Working,50,
3/9/2023 0:00,3/8/2023,0,Working,50,
3/10/2023 0:00,3/9/2023,0,Working,50,
3/11/2023 0:00,3/10/2023,0,Working,50,
3/12/2023 0:00,3/11/2023,0,Working,50,
3/13/2023 0:00,3/12/2023,0,Working,50,
3/14/2023 0:00,3/13/2023,0,Working,50,
3/15/2023 0:00,3/14/2023,0,Working,50,
3/16/2023 0:00,3/15/2023,0,Working,50,
3/17/2023 0:00,3/16/2023,0,Working,50,
3/18/2023 0:00,3/17/2023,0,Working,50,
3/19/2023 0:00,3/18/2023,0,Working,50,
3/20/2023 0:00,3/19/2023,0,Working,50,
3/21/2023 0:00,3/20/2023,0,Working,50,
3/22/2023 0:00,3/21/2023,0,Working,50,
3/23/2023 0:00,3/22/2023,0,Working,50,
3/24/2023 0:00,3/23/2023,0,Working,50,
3/25/2023 0:00,3/24/2023,0,Working,50,
3/26/2023 0:00,3/25/2023,0,Working,50,
3/27/2023 0:00,3/26/2023,0,Working,50,
3/28/2023 0:00,3/27/2023,0,Working,50,
3/29/2023 0:00,3/28/2023,0,Working,50,
3/30/2023 0:00,3/29/2023,0,Working,50,
3/31/2023 0:00,3/30/2023,0,Working,50,
4/1/2023 0:00,3/31/2023,0,Working,50,
4/2/2023 0:00,4/1/2023,0,Working,50,
4/3/2023 0:00,4/2/2023,0,Working,50,
4/4/2023 0:00,4/3/2023,0,Working,50,
4/5/2023 0:00,4/4/2023,0,Working,50,
4/6/2023 0:00,4/5/2023,0,Working,50,
4/7/2023 0:00,4/6/2023,0,Working,50,
4/8/2023 0:00,4/7/2023,0,Working,50,
4/9/2023 0:00,4/8/2023,0,Working,50,
4/10/2023 0:00,4/9/2023,0,Working,50,
4/11/2023 0:00,4/10/2023,0,Working,50,
4/12/2023 0:00,4/11/2023,0,Working,50,
4/13/2023 0:00,4/12/2023,0,Working,50,
4/14/2023 0:00,4/13/2023,0,Working,50,
4/15/2023 0:00,4/14/2023,0,Working,50,
4/16/2023 0:00,4/15/2023,0,Working,50,
4/17/2023 0:00,4/16/2023,0,Working,50,
4/18/2023 0:00,4/17/2023,0,Working,50,
4/19/2023 0:00,4/18/2023,0,Working,50,
4/20/2023 0:00,4/19/2023,0,Working,50,
4/21/2023 0:00,4/20/2023,0,Working,50,
4/22/2023 0:00,4/21/2023,0,Working,50,
4/23/2023 0:00,4/22/2023,0,Working,50,
4/24/2023 0:00,4/23/2023,0,Working,50,
4/25/2023 0:00,4/24/2023,0,Working,50,
4/26/2023 0:00,4/25/2023,0,Working,50,
4/27/2023 0:00,4/26/2023,0,Working,50,
4/28/2023 0:00,4/27/2023,0,Working,50,
4/29/2023 0:00,4/28/2023,0,Working,50,
4/30/2023 0:00,4/29/2023,0,Working,50,
5/1/2023 0:00,4/30/2023,0,Working,50,
5/2/2023 0:00,5/1/2023,0,Working,50,
5/3/2023 0:00,5/2/2023,0,Working,50,
5/4/2023 0:00,5/3/2023,0,Working,50,
5/5/2023 0:00,5/4/2023,0,Working,50,
5/6/2023 0:00,5/5/2023,0,Working,50,
5/7/2023 0:00,5/6/2023,0,Working,50,
5/8/2023 0:00,5/7/2023,0,Working,50,
5/9/2023 0:00,5/8/2023,0,Working,50,
5/10/2023 0:00,5/9/2023,0,Working,50,
5/11/2023 0:00,5/10/2023,0,Working,50,
5/12/2023 0:00,5/11/2023,0,Working,50,
5/13/2023 0:00,5/12/2023,0,Working,50,
5/14/2023 0:00,5/13/2023,0,Working,50,
5/15/2023 0:00,5/14/2023,0,Working,50,
5/16/2023 0:00,5/15/2023,0,Working,50,
5/17/2023 0:00,5/16/2023,0,Working,50,
5/18/2023 0:00,5/17/2023,0,Working,50,
5/19/2023 0:00,5/18/2023,0,Working,50,
5/20/2023 0:00,5/19/2023,0,Working,50,
5/21/2023 0:00,5/20/2023,0,Working,50,
5/22/2023 0:00,5/21/2023,0,Working,50,
5/23/2023 0:00,5/22/2023,0,Working,50,
5/24/2023 0:00,5/23/2023,0,Working,50,
5/25/2023 0:00,5/24/2023,0,Working,50,
5/26/2023 0:00,5/25/2023,0,Working,50,
5/27/2023 0:00,5/26/2023,0,Working,50,
5/28/2023 0:00,5/27/2023,0,Working,50,
5/29/2023 0:00,5/28/2023,0,Working,50,
5/30/2023 0:00,5/29/2023,0,Working,50,
5/31/2023 0:00,5/30/2023,0,Working,50,
6/1/2023 0:00,5/31/2023,0,Working,50,
6/2/2023 0:00,6/1/2023,0,Working,50,
6/3/2023 0:00,6/2/2023,0,Working,50,
6/4/2023 0:00,6/3/2023,0,Working,50,
6/5/2023 0:00,6/4/2023,0,Working,50,
6/6/2023 0:00,6/5/2023,0,Working,50,
6/7/2023 0:00,6/6/2023,0,Working,50,
6/8/2023 0:00,6/7/2023,0,Working,50,
6/9/2023 0:00,6/8/2023,0,Working,50,
6/10/2023 0:00,6/9/2023,0,Working,50,
6/11/2023 0:00,6/10/2023,0,Working,50,
6/12/2023 0:00,6/11/2023,0,Working,50,
6/13/2023 0:00,6/12/2023,0,Working,50,
6/14/2023 0:00,6/13/2023,0,Working,50,
6/15/2023 0:00,6/14/2023,0,Working,50,
6/16/2023 0:00,6/15/2023,0,Working,50,
6/17/2023 0:00,6/16/2023,0,Working,50,
6/18/2023 0:00,6/17/2023,0,Working,50,
6/19/2023 0:00,6/18/2023,0,Working,50,
6/20/2023 0:00,6/19/2023,0,Working,50,
6/21/2023 0:00,6/20/2023,0,Working,50,
6/22/2023 0:00,6/21/2023,0,Working,50,
6/23/2023 0:00,6/22/2023,0,Working,50,
6/24/2023 0:00,6/23/2023,0,Working,50,
6/25/2023 0:00,6/24/2023,0,Working,50,
6/26/2023 0:00,6/25/2023,0,Working,50,
6/27/2023 0:00,6/26/2023,0,Working,50,
6/28/2023 0:00,6/27/2023,0,Working,50,
6/29/2023 0:00,6/28/2023,0,Working,50,
6/30/2023 0:00,6/29/2023,0,Working,50,
7/1/2023 0:00,6/30/2023,0,Working,50,
7/2/2023 0:00,7/1/2023,0,Working,50,
7/3/2023 0:00,7/2/2023,0,Working,50,
7/4/2023 0:00,7/3/2023,0,Working,50,
7/5/2023 0:00,7/4/2023,0,Working,50,
7/6/2023 0:00,7/5/2023,0,Working,50,
7/7/2023 0:00,7/6/2023,0,Working,50,
7/8/2023 0:00,7/7/2023,0,Working,50,
7/9/2023 0:00,7/8/2023,0,Working,50,
7/10/2023 0:00,7/9/2023,0,Working,50,
7/11/2023 0:00,7/10/2023,0,Working,50,
7/12/2023 0:00,7/11/2023,0,Working,50,
7/13/2023 0:00,7/12/2023,0,Working,50,
7/14/2023 0:00,7/13/2023,0,Working,50,
7/15/2023 0:00,7/14/2023,0,Working,50,
7/16/2023 0:00,7/15/2023,0,Working,50,
7/17/2023 0:00,7/16/2023,0,Working,50,
7/18/2023 0:00,7/17/2023,0,Working,50,
7/19/2023 0:00,7/18/2023,0,Working,50,
7/20/2023 0:00,7/19/2023,0,Working,50,
7/21/2023 0:00,7/20/2023,0,Working,50,
7/22/2023 0:00,7/21/2023,0,Working,50,
7/23/2023 0:00,7/22/2023,0,Working,50,
7/24/2023 0:00,7/23/2023,0,Working,50,
7/25/2023 0:00,7/24/2023,0,Working,50,
7/26/2023 0:00,7/25/2023,0,Working,50,
7/27/2023 0:00,7/26/2023,0,Working,50,
7/28/2023 0:00,7/27/2023,0,Working,50,
7/29/2023 0:00,7/28/2023,0,Working,50,
7/30/2023 0:00,7/29/2023,0,Working,50,
7/31/2023 0:00,7/30/2023,0,Working,50,
8/1/2023 0:00,7/31/2023,0,Working,50,
8/2/2023 0:00,8/1/2023,0,Working,50,
8/3/2023 0:00,8/2/2023,0,Working,50,
8/4/2023 0:00,8/3/2023,0,Working,50,
8/5/2023 0:00,8/4/2023,0,Working,50,
8/6/2023 0:00,8/5/2023,0,Working,50,
8/7/2023 0:00,8/6/2023,0,Working,50,
8/8/2023 0:00,8/7/2023,0,Working,50,
8/9/2023 0:00,8/8/2023,0,Working,50,
8/10/2023 0:00,8/9/2023,0,Working,50,
8/11/2023 0:00,8/10/2023,0,Working,50,
8/12/2023 0:00,8/11/2023,0,Working,50,
8/13/2023 0:00,8/12/2023,0,Working,50,
8/14/2023 0:00,8/13/2023,0,Working,50,
8/15/2023 0:00,8/14/2023,0,Working,50,
8/16/2023 0:00,8/15/2023,0,Working,50,
8/17/2023 0:00,8/16/2023,0,Working,50,
8/18/2023 0:00,8/17/2023,0,Working,50,
8/19/2023 0:00,8/18/2023,0,Working,50,
8/20/2023 0:00,8/19/2023,0,Working,50,
8/21/2023 0:00,8/20/2023,0,Working,50,
8/22/2023 0:00,8/21/2023,0,Working,50,
8/23/2023 0:00,8/22/2023,0,Working,50,
8/24/2023 0:00,8/23/2023,0,Working,50,
8/25/2023 0:00,8/24/2023,0,Working,50,
8/26/2023 0:00,8/25/2023,0,Working,50,
8/27/2023 0:00,8/26/2023,0,Working,50,
8/28/2023 0:00,8/27/2023,0,Working,50,
8/29/2023 0:00,8/28/2023,0,Working,50,
8/30/2023 0:00,8/29/2023,0,Working,50,
8/31/2023 0:00,8/30/2023,0,Working,50,
9/1/2023 0:00,8/31/2023,0,Working,50,
9/2/2023 0:00,9/1/2023,0,Working,50,
9/3/2023 0:00,9/2/2023,0,Working,50,
9/4/2023 0:00,9/3/2023,0,Working,50,
9/5/2023 0:00,9/4/2023,0,Working,50,
9/6/2023 0:00,9/5/2023,0,Working,50,
9/7/2023 0:00,9/6/2023,0,Working,50,
9/8/2023 0:00,9/7/2023,0,Working,50,
9/9/2023 0:00,9/8/2023,0,Working,50,
9/10/2023 0:00,9/9/2023,0,Working,50,
9/11/2023 0:00,9/10/2023,0,Working,50,
9/12/2023 0:00,9/11/2023,0,Working,50,
9/13/2023 0:00,9/12/2023,0,Working,50,
9/14/2023 0:00,9/13/2023,0,Working,50,
9/15/2023 0:00,9/14/2023,0,Working,50,
9/16/2023 0:00,9/15/2023,0,Working,50,
9/17/2023 0:00,9/16/2023,0,Working,50,
9/18/2023 0:00,9/17/2023,0,Working,50,
9/19/2023 0:00,9/18/2023,0,Working,50,
9/20/2023 0:00,9/19/2023,0,Working,50,
9/21/2023 0:00,9/20/2023,0,Working,50,
9/22/2023 0:00,9/21/2023,0,Working,50,
9/23/2023 0:00,9/22/2023,0,Working,50,
9/24/2023 0:00,9/23/2023,0,Working,50,
9/25/2023 0:00,9/24/2023,0,Working,50,
9/26/2023 0:00,9/25/2023,0,Working,50,
9/27/2023 0:00,9/26/2023,0,Working,50,
9/28/2023 0:00,9/27/2023,0,Working,50,
9/29/2023 0:00,9/28/2023,0,Working,50,
9/30/2023 0:00,9/29/2023,0,Working,50,
10/1/2023 0:00,9/30/2023,0,Working,50,
10/2/2023 0:00,10/1/2023,0,Working,50,
10/3/2023 0:00,10/2/2023,0,Working,50,
10/4/2023 0:00,10/3/2023,0,Working,50,
10/5/2023 0:00,10/4/2023,0,Working,50,
10/6/2023 0:00,10/5/2023,0,Working,50,
10/7/2023 0:00,10/6/2023,0,Working,50,
10/8/2023 0:00,10/7/2023,0,Working,50,
10/9/2023 0:00,10/8/2023,0,Working,50,
10/10/2023 0:00,10/9/2023,0,Working,50,
10/11/2023 0:00,10/10/2023,0,Working,50,
10/12/2023 0:00,10/11/2023,0,Working,50,
10/13/2023 0:00,10/12/2023,0,Working,50,
10/14/2023 0:00,10/13/2023,0,Working,50,
10/15/2023 0:00,10/14/2023,0,Working,50,
10/16/2023 0:00,10/15/2023,0,Working,50,
10/17/2023 0:00,10/16/2023,0,Working,50,
10/18/2023 0:00,10/17/2023,0,Working,50,
10/19/2023 0:00,10/18/2023,0,Working,50,
10/20/2023 0:00,10/19/2023,0,Working,50,
10/21/2023 0:00,10/20/2023,0,Working,50,
10/22/2023 0:00,10/21/2023,0,Working,50,
10/23/2023 0:00,10/22/2023,0,Working,50,
10/24/2023 0:00,10/23/2023,0,Working,50,
10/25/2023 0:00,10/24/2023,0,Working,50,
10/26/2023 0:00,10/25/2023,0,Working,50,
10/27/2023 0:00,10/26/2023,0,Working,50,
10/28/2023 0:00,10/27/2023,0,Working,50,
10/29/2023 0:00,10/28/2023,0,Working,50,
10/30/2023 0:00,10/29/2023,0,Working,50,
10/31/2023 0:00,10/30/2023,0,Working,50,
11/1/2023 0:00,10/31/2023,0,Working,50,
11/2/2023 0:00,11/1/2023,0,Working,50,
11/3/2023 0:00,11/2/2023,0,Working,50,
11/4/2023 0:00,11/3/2023,0,Working,50,
11/5/2023 0:00,11/4/2023,0,Working,50,
11/6/2023 0:00,11/5/2023,0,Working,50,
11/7/2023 0:00,11/6/2023,0,Working,50,
11/8/2023 0:00,11/7/2023,0,Working,50,
11/9/2023 0:00,11/8/2023,0,Working,50,
11/10/2023 0:00,11/9/2023,0,Working,50,
11/11/2023 0:00,11/10/2023,0,Working,50,
11/12/2023 0:00,11/11/2023,0,Working,50,
11/13/2023 0:00,11/12/2023,0,Working,50,
11/14/2023 0:00,11/13/2023,0,Working,50,
11/15/2023 0:00,11/14/2023,0,Working,50,
11/16/2023 0:00,11/15/2023,0,Working,50,
11/17/2023 0:00,11/16/2023,0,Working,50,
11/18/2023 0:00,11/17/2023,0,Working,50,
11/19/2023 0:00,11/18/2023,0,Working,50,
11/20/2023 0:00,11/19/2023,0,Working,50,
11/21/2023 0:00,11/20/2023,0,Working,50,
11/22/2023 0:00,11/21/2023,0,Working,50,
11/23/2023 0:00,11/22/2023,0,Working,50,
11/24/2023 0:00,11/23/2023,0,Working,50,
11/25/2023 0:00,11/24/2023,0,Working,50,
11/26/2023 0:00,11/25/2023,0,Working,50,
11/27/2023 0:00,11/26/2023,0,Working,50,
11/28/2023 0:00,11/27/2023,0,Working,50,
11/29/2023 0:00,11/28/2023,0,Working,50,
11/30/2023 0:00,11/29/2023,0,Working,50,
12/1/2023 0:00,11/30/2023,0,Working,50,
12/2/2023 0:00,12/1/2023,0,Working,50,
12/3/2023 0:00,12/2/2023,0,Working,50,
12/4/2023 0:00,12/3/2023,0,Working,50,
12/5/2023 0:00,12/4/2023,0,Working,50,
12/6/2023 0:00,12/5/2023,0,Working,50,
12/7/2023 0:00,12/6/2023,0,Working,50,
12/8/2023 0:00,12/7/2023,0,Working,50,
12/9/2023 0:00,12/8/2023,0,Working,50,
12/10/2023 0:00,12/9/2023,0,Working,50,
12/11/2023 0:00,12/10/2023,0,Working,50,
12/12/2023 0:00,12/11/2023,0,Working,50,
12/13/2023 0:00,12/12/2023,0,Working,50,
12/14/2023 0:00,12/13/2023,0,Working,50,
12/15/2023 0:00,12/14/2023,0,Working,50,
12/16/2023 0:00,12/15/2023,0,Working,50,
12/17/2023 0:00,12/16/2023,0,Working,50,
12/18/2023 0:00,12/17/2023,0,Working,50,
12/19/2023 0:00,12/18/2023,0,Working,50,
12/20/2023 0:00,12/19/2023,0,Working,50,
12/21/2023 0:00,12/20/2023,0,Working,50,
12/22/2023 0:00,12/21/2023,0,Working,50,
12/23/2023 0:00,12/22/2023,0,Working,50,
12/24/2023 0:00,12/23/2023,0,Working,50,
12/25/2023 0:00,12/24/2023,0,Working,50,
12/26/2023 0:00,12/25/2023,0,Working,50,
12/27/2023 0:00,12/26/2023,0,Working,50,
12/28/2023 0:00,12/27/2023,0,Working,50,
12/29/2023 0:00,12/28/2023,0,Working,50,
12/30/2023 0:00,12/29/2023,0,Working,50,
12/31/2023 0:00,12/30/2023,0,Working,50,
1/1/2024 0:00,12/31/2023,0,Working,50,
1/2/2024 0:00,1/1/2024,0,Working,50,
1/3/2024 0:00,1/2/2024,0,Working,50,
1/4/2024 0:00,1/3/2024,0,Working,50,
1/5/2024 0:00,1/4/2024,0,Working,50,
1/6/2024 0:00,1/5/2024,0,Working,50,
1/7/2024 0:00,1/6/2024,0,Working,50,
1/8/2024 0:00,1/7/2024,0,Working,50,
1/9/2024 0:00,1/8/2024,0,Working,50,
1/10/2024 0:00,1/9/2024,0,Working,50,
1/11/2024 0:00,1/10/2024,0,Working,50,
1/12/2024 0:00,1/11/2024,0,Working,50,
1/13/2024 0:00,1/12/2024,0,Working,50,
1/14/2024 0:00,1/13/2024,0,Working,50,
1/15/2024 0:00,1/14/2024,0,Working,50,
1/16/2024 0:00,1/15/2024,0,Working,50,
1/17/2024 0:00,1/16/2024,0,Working,50,
1/18/2024 0:00,1/17/2024,0,Working,50,
1/19/2024 0:00,1/18/2024,0,Working,50,
1/20/2024 0:00,1/19/2024,0,Working,50,
1/21/2024 0:00,1/20/2024,0,Working,50,
1/22/2024 0:00,1/21/2024,0,Working,50,
1/23/2024 0:00,1/22/2024,0,Working,50,
1/24/2024 0:00,1/23/2024,0,Working,50,
1/25/2024 0:00,1/24/2024,0,Working,50,
1/26/2024 0:00,1/25/2024,0,Working,50,
1/27/2024 0:00,1/26/2024,0,Working,50,
1/28/2024 0:00,1/27/2024,0,Working,50,
1/29/2024 0:00,1/28/2024,0,Working,50,
1/30/2024 0:00,1/29/2024,0,Working,50,
1/31/2024 0:00,1/30/2024,0,Working,50,
2/1/2024 0:00,1/31/2024,0,Working,50,
2/2/2024 0:00,2/1/2024,0,Working,50,
2/3/2024 0:00,2/2/2024,0,Working,50,
2/4/2024 0:00,2/3/2024,0,Working,50,
2/5/2024 0:00,2/4/2024,0,Working,50,
2/6/2024 0:00,2/5/2024,0,Working,50,
2/7/2024 0:00,2/6/2024,0,Working,50,
2/8/2024 0:00,2/7/2024,0,Working,50,
2/9/2024 0:00,2/8/2024,0,Working,50,
2/10/2024 0:00,2/9/2024,0,Working,50,
2/11/2024 0:00,2/10/2024,0,Working,50,
2/12/2024 0:00,2/11/2024,0,Working,50,
2/13/2024 0:00,2/12/2024,0,Working,50,
2/14/2024 0:00,2/13/2024,0,Working,50,
2/15/2024 0:00,2/14/2024,0,Working,50,
2/16/2024 0:00,2/15/2024,0,Working,50,
2/17/2024 0:00,2/16/2024,0,Working,50,
2/18/2024 0:00,2/17/2024,0,Working,50,
2/19/2024 0:00,2/18/2024,0,Working,50,
2/20/2024 0:00,2/19/2024,0,Working,50,
2/21/2024 0:00,2/20/2024,0,Working,50,
2/22/2024 0:00,2/21/2024,0,Working,50,
2/23/2024 0:00,2/22/2024,0,Working,50,
2/24/2024 0:00,2/23/2024,0,Working,50,
2/25/2024 0:00,2/24/2024,0,Working,50,
2/26/2024 0:00,2/25/2024,0,Working,50,
2/27/2024 0:00,2/26/2024,0,Working,50,
2/28/2024 0:00,2/27/2024,0,Working,50,
2/29/2024 0:00,2/28/2024,0,Working,50,
3/1/2024 0:00,2/29/2024,0,Working,50,
3/2/2024 0:00,3/1/2024,0,Working,50,
3/3/2024 0:00,3/2/2024,0,Working,50,
3/4/2024 0:00,3/3/2024,0,Working,50,
3/5/2024 0:00,3/4/2024,0,Working,50,
3/6/2024 0:00,3/5/2024,0,Working,50,
3/7/2024 0:00,3/6/2024,0,Working,50,
3/8/2024 0:00,3/7/2024,0,Working,50,
3/9/2024 0:00,3/8/2024,0,Working,50,
3/10/2024 0:00,3/9/2024,0,Working,50,
3/11/2024 0:00,3/10/2024,0,Working,50,
3/12/2024 0:00,3/11/2024,0,Working,50,
3/13/2024 0:00,3/12/2024,0,Working,50,
3/14/2024 0:00,3/13/2024,0,Working,50,
3/15/2024 0:00,3/14/2024,0,Working,50,
3/16/2024 0:00,3/15/2024,0,Working,50,
3/17/2024 0:00,3/16/2024,0,Working,50,
3/18/2024 0:00,3/17/2024,0,Working,50,
3/19/2024 0:00,3/18/2024,0,Working,50,
3/20/2024 0:00,3/19/2024,0,Working,50,
3/21/2024 0:00,3/20/2024,0,Working,50,
3/22/2024 0:00,3/21/2024,0,Working,50,
3/23/2024 0:00,3/22/2024,0,Working,50,
3/24/2024 0:00,3/23/2024,0,Working,50,
3/25/2024 0:00,3/24/2024,0,Working,50,
3/26/2024 0:00,3/25/2024,0,Working,50,
3/27/2024 0:00,3/26/2024,0,Working,50,
3/28/2024 0:00,3/27/2024,0,Working,50,
3/29/2024 0:00,3/28/2024,0,Working,50,
3/30/2024 0:00,3/29/2024,0,Working,50,
3/31/2024 0:00,3/30/2024,0,Working,50,
4/1/2024 0:00,3/31/2024,0,Working,50,
4/2/2024 0:00,4/1/2024,0,Working,50,
4/3/2024 0:00,4/2/2024,0,Working,50,
4/4/2024 0:00,4/3/2024,0,Working,50,
4/5/2024 0:00,4/4/2024,0,Working,50,
4/6/2024 0:00,4/5/2024,0,Working,50,
4/7/2024 0:00,4/6/2024,0,Working,50,
4/8/2024 0:00,4/7/2024,0,Working,50,
4/9/2024 0:00,4/8/2024,0,Working,50,
4/10/2024 0:00,4/9/2024,0,Working,50,
4/11/2024 0:00,4/10/2024,0,Working,50,
4/12/2024 0:00,4/11/2024,0,Working,50,
4/13/2024 0:00,4/12/2024,0,Working,50,
4/14/2024 0:00,4/13/2024,0,Working,50,
4/15/2024 0:00,4/14/2024,0,Working,50,
4/16/2024 0:00,4/15/2024,0,Working,50,
4/17/2024 0:00,4/16/2024,0,Working,50,
4/18/2024 0:00,4/17/2024,0,Working,50,
4/19/2024 0:00,4/18/2024,0,Working,50,
4/20/2024 0:00,4/19/2024,0,Working,50,
4/21/2024 0:00,4/20/2024,0,Working,50,
4/22/2024 0:00,4/21/2024,0,Working,50,
4/23/2024 0:00,4/22/2024,0,Working,50,
4/24/2024 0:00,4/23/2024,0,Working,50,
4/25/2024 0:00,4/24/2024,0,Working,50,
4/26/2024 0:00,4/25/2024,0,Working,50,
4/27/2024 0:00,4/26/2024,0,Working,50,
4/28/2024 0:00,4/27/2024,0,Working,50,
4/29/2024 0:00,4/28/2024,0,Working,50,
4/30/2024 0:00,4/29/2024,0,Working,50,
5/1/2024 0:00,4/30/2024,0,Working,50,
5/2/2024 0:00,5/1/2024,0,Working,50,
5/3/2024 0:00,5/2/2024,0,Working,50,
5/4/2024 0:00,5/3/2024,0,Working,50,
5/5/2024 0:00,5/4/2024,0,Working,50,
5/6/2024 0:00,5/5/2024,0,Working,50,
5/7/2024 0:00,5/6/2024,0,Working,50,
5/8/2024 0:00,5/7/2024,0,Working,50,
5/9/2024 0:00,5/8/2024,0,Working,50,
5/10/2024 0:00,5/9/2024,0,Working,50,
5/11/2024 0:00,5/10/2024,0,Working,50,
5/12/2024 0:00,5/11/2024,0,Working,50,
5/13/2024 0:00,5/12/2024,0,Working,50,
5/14/2024 0:00,5/13/2024,0,Working,50,
5/15/2024 0:00,5/14/2024,0,Working,50,
5/16/2024 0:00,5/15/2024,0,Working,50,
5/17/2024 0:00,5/16/2024,0,Working,50,
5/18/2024 0:00,5/17/2024,0,Working,50,
5/19/2024 0:00,5/18/2024,0,Working,50,
5/20/2024 0:00,5/19/2024,0,Working,50,
5/21/2024 0:00,5/20/2024,0,Working,50,
5/22/2024 0:00,5/21/2024,0,Working,50,
5/23/2024 0:00,5/22/2024,0,Working,50,
5/24/2024 0:00,5/23/2024,0,Working,50,
5/25/2024 0:00,5/24/2024,0,Working,50,
5/26/2024 0:00,5/25/2024,0,Working,50,
5/27/2024 0:00,5/26/2024,0,Working,50,
5/28/2024 0:00,5/27/2024,0,Working,50,
5/29/2024 0:00,5/28/2024,0,Working,50,
5/30/2024 0:00,5/29/2024,0,Working,50,
5/31/2024 0:00,5/30/2024,0,Working,50,
6/1/2024 0:00,5/31/2024,0,Working,50,
6/2/2024 0:00,6/1/2024,0,Working,50,
6/3/2024 0:00,6/2/2024,0,Working,50,
6/4/2024 0:00,6/3/2024,0,Working,50,
6/5/2024 0:00,6/4/2024,0,Working,50,
6/6/2024 0:00,6/5/2024,0,Working,50,
6/7/2024 0:00,6/6/2024,0,Working,50,
6/8/2024 0:00,6/7/2024,0,Working,50,
6/9/2024 0:00,6/8/2024,0,Working,50,
6/10/2024 0:00,6/9/2024,0,Working,50,
6/11/2024 0:00,6/10/2024,0,Working,50,
6/12/2024 0:00,6/11/2024,0,Working,50,
6/13/2024 0:00,6/12/2024,0,Working,50,
6/14/2024 0:00,6/13/2024,0,Working,50,
6/15/2024 0:00,6/14/2024,0,Working,50,
6/16/2024 0:00,6/15/2024,0,Working,50,
6/17/2024 0:00,6/16/2024,0,Working,50,
6/18/2024 0:00,6/17/2024,0,Working,50,
6/19/2024 0:00,6/18/2024,0,Working,50,
6/20/2024 0:00,6/19/2024,0,Working,50,
6/21/2024 0:00,6/20/2024,0,Working,50,
6/22/2024 0:00,6/21/2024,0,Working,50,
6/23/2024 0:00,6/22/2024,0,Working,50,
6/24/2024 0:00,6/23/2024,0,Working,50,
6/25/2024 0:00,6/24/2024,0,Working,50,
6/26/2024 0:00,6/25/2024,0,Working,50,
6/27/2024 0:00,6/26/2024,0,Working,50,
6/28/2024 0:00,6/27/2024,0,Working,50,
6/29/2024 0:00,6/28/2024,0,Working,50,
6/30/2024 0:00,6/29/2024,0,Working,50,
7/1/2024 0:00,6/30/2024,0,Working,50,
7/2/2024 0:00,7/1/2024,0,Working,50,
7/3/2024 0:00,7/2/2024,0,Working,50,
7/4/2024 0:00,7/3/2024,0,Working,50,
7/5/2024 0:00,7/4/2024,0,Working,50,
7/6/2024 0:00,7/5/2024,0,Working,50,
7/7/2024 0:00,7/6/2024,0,Working,50,
7/8/2024 0:00,7/7/2024,0,Working,50,
7/9/2024 0:00,7/8/2024,0,Working,50,
7/10/2024 0:00,7/9/2024,0,Working,50,
7/11/2024 0:00,7/10/2024,0,Working,50,
7/12/2024 0:00,7/11/2024,0,Working,50,
7/13/2024 0:00,7/12/2024,0,Working,50,
7/14/2024 0:00,7/13/2024,0,Working,50,
7/15/2024 0:00,7/14/2024,0,Working,50,
7/16/2024 0:00,7/15/2024,0,Working,50,
7/17/2024 0:00,7/16/2024,0,Working,50,
7/18/2024 0:00,7/17/2024,0,Working,50,
7/19/2024 0:00,7/18/2024,0,Working,50,
7/20/2024 0:00,7/19/2024,0,Working,50,
7/21/2024 0:00,7/20/2024,0,Working,50,
7/22/2024 0:00,7/21/2024,0,Working,50,
7/23/2024 0:00,7/22/2024,0,Working,50,
7/24/2024 0:00,7/23/2024,0,Working,50,
7/25/2024 0:00,7/24/2024,0,Working,50,
7/26/2024 0:00,7/25/2024,0,Working,50,
7/27/2024 0:00,7/26/2024,0,Working,50,
7/28/2024 0:00,7/27/2024,0,Working,50,
7/29/2024 0:00,7/28/2024,0,Working,50,
7/30/2024 0:00,7/29/2024,0,Working,50,
7/31/2024 0:00,7/30/2024,0,Working,50,
8/1/2024 0:00,7/31/2024,0,Working,50,
8/2/2024 0:00,8/1/2024,0,Working,50,
8/3/2024 0:00,8/2/2024,0,Working,50,
8/4/2024 0:00,8/3/2024,0,Working,50,
8/5/2024 0:00,8/4/2024,0,Working,50,
8/6/2024 0:00,8/5/2024,0,Working,50,
8/7/2024 0:00,8/6/2024,0,Working,50,
8/8/2024 0:00,8/7/2024,0,Working,50,
8/9/2024 0:00,8/8/2024,0,Working,50,
8/10/2024 0:00,8/9/2024,0,Working,50,
8/11/2024 0:00,8/10/2024,0,Working,50,
8/12/2024 0:00,8/11/2024,0,Working,50,
8/13/2024 0:00,8/12/2024,0,Working,50,
8/14/2024 0:00,8/13/2024,0,Working,50,
8/15/2024 0:00,8/14/2024,0,Working,50,
8/16/2024 0:00,8/15/2024,0,Working,50,
8/17/2024 0:00,8/16/2024,0,Working,50,
8/18/2024 0:00,8/17/2024,0,Working,50,
8/19/2024 0:00,8/18/2024,0,Working,50,
8/20/2024 0:00,8/19/2024,0,Working,50,
8/21/2024 0:00,8/20/2024,0,Working,50,
8/22/2024 0:00,8/21/2024,0,Working,50,
8/23/2024 0:00,8/22/2024,0,Working,50,
8/24/2024 0:00,8/23/2024,0,Working,50,
8/25/2024 0:00,8/24/2024,0,Working,50,
8/26/2024 0:00,8/25/2024,0,Working,50,
8/27/2024 0:00,8/26/2024,0,Working,50,
8/28/2024 0:00,8/27/2024,0,Working,50,
8/29/2024 0:00,8/28/2024,0,Working,50,
8/30/2024 0:00,8/29/2024,0,Working,50,
8/31/2024 0:00,8/30/2024,0,Working,50,
9/1/2024 0:00,8/31/2024,0,Working,50,
9/2/2024 0:00,9/1/2024,0,Working,50,
9/3/2024 0:00,9/2/2024,0,Working,50,
9/4/2024 0:00,9/3/2024,0,Working,50,
9/5/2024 0:00,9/4/2024,0,Working,50,
9/6/2024 0:00,9/5/2024,0,Working,50,
9/7/2024 0:00,9/6/2024,0,Working,50,
9/8/2024 0:00,9/7/2024,0,Working,50,
9/9/2024 0:00,9/8/2024,0,Working,50,
9/10/2024 0:00,9/9/2024,0,Working,50,
9/11/2024 0:00,9/10/2024,0,Working,50,
9/12/2024 0:00,9/11/2024,0,Working,50,
9/13/2024 0:00,9/12/2024,0,Working,50,
9/14/2024 0:00,9/13/2024,0,Working,50,
9/15/2024 0:00,9/14/2024,0,Working,50,
9/16/2024 0:00,9/15/2024,0,Working,50,
9/17/2024 0:00,9/16/2024,0,Working,50,
9/18/2024 0:00,9/17/2024,0,Working,50,
9/19/2024 0:00,9/18/2024,0,Working,50,
9/20/2024 0:00,9/19/2024,0,Working,50,
9/21/2024 0:00,9/20/2024,0,Working,50,
9/22/2024 0:00,9/21/2024,0,Working,50,
9/23/2024 0:00,9/22/2024,0,Working,50,
9/24/2024 0:00,9/23/2024,0,Working,50,
9/25/2024 0:00,9/24/2024,0,Working,50,
9/26/2024 0:00,9/25/2024,0,Working,50,
9/27/2024 0:00,9/26/2024,0,Working,50,
9/28/2024 0:00,9/27/2024,0,Working,50,
9/29/2024 0:00,9/28/2024,0,Working,50,
9/30/2024 0:00,9/29/2024,0,Working,50,
10/1/2024 0:00,9/30/2024,0,Working,50,
10/2/2024 0:00,10/1/2024,0,Working,50,
10/3/2024 0:00,10/2/2024,0,Working,50,
10/4/2024 0:00,10/3/2024,0,Working,50,
10/5/2024 0:00,10/4/2024,0,Working,50,
10/6/2024 0:00,10/5/2024,0,Working,50,
10/7/2024 0:00,10/6/2024,0,Working,50,
10/8/2024 0:00,10/7/2024,0,Working,50,
10/9/2024 0:00,10/8/2024,0,Working,50,
10/10/2024 0:00,10/9/2024,0,Working,50,
10/11/2024 0:00,10/10/2024,0,Working,50,
10/12/2024 0:00,10/11/2024,0,Working,50,
10/13/2024 0:00,10/12/2024,0,Working,50,
10/14/2024 0:00,10/13/2024,0,Working,50,
10/15/2024 0:00,10/14/2024,0,Working,50,
10/16/2024 0:00,10/15/2024,0,Working,50,
10/17/2024 0:00,10/16/2024,0,Working,50,
10/18/2024 0:00,10/17/2024,0,Working,50,
10/19/2024 0:00,10/18/2024,0,Working,50,
10/20/2024 0:00,10/19/2024,0,Working,50,
10/21/2024 0:00,10/20/2024,0,Working,50,
10/22/2024 0:00,10/21/2024,0,Working,50,
10/23/2024 0:00,10/22/2024,0,Working,50,
10/24/2024 0:00,10/23/2024,0,Working,50,
10/25/2024 0:00,10/24/2024,0,Working,50,
10/26/2024 0:00,10/25/2024,0,Working,50,
10/27/2024 0:00,10/26/2024,0,Working,50,
10/28/2024 0:00,10/27/2024,0,Working,50,
10/29/2024 0:00,10/28/2024,0,Working,50,
10/30/2024 0:00,10/29/2024,0,Working,50,
10/31/2024 0:00,10/30/2024,0,Working,50,
11/1/2024 0:00,10/31/2024,0,Working,50,
11/2/2024 0:00,11/1/2024,0,Working,50,
11/3/2024 0:00,11/2/2024,0,Working,50,
11/4/2024 0:00,11/3/2024,0,Working,50,
11/5/2024 0:00,11/4/2024,0,Working,50,
11/6/2024 0:00,11/5/2024,0,Working,50,
11/7/2024 0:00,11/6/2024,0,Working,50,
11/8/2024 0:00,11/7/2024,0,Working,50,
11/9/2024 0:00,11/8/2024,0,Working,50,
11/10/2024 0:00,11/9/2024,0,Working,50,ESTIMATED
11/11/2024 0:00,11/10/2024,300,Working,50,ESTIMATED
11/12/2024 0:00,11/11/2024,300,Working,50,
11/13/2024 0:00,11/12/2024,300,Working,50,
11/14/2024 0:00,11/13/2024,0,Working,50,
11/15/2024 0:00,11/14/2024,0,Working,50,
11/16/2024 0:00,11/15/2024,0,Working,50,
11/17/2024 0:00,11/16/2024,300,Working,50,
11/18/2024 0:00,11/17/2024,300,Working,50,ESTIMATED
11/19/2024 0:00,11/18/2024,400,Working,50,
11/20/2024 0:00,11/19/2024,400,Working,50,
11/21/2024 0:00,11/20/2024,400,Working,50,
11/22/2024 0:00,11/21/2024,200,Working,50,
11/23/2024 0:00,11/22/2024,0,Working,50,
11/24/2024 0:00,11/23/2024,0,Working,50,
11/25/2024 0:00,11/24/2024,0,Working,50,
11/26/2024 0:00,11/25/2024,0,Working,50,
11/27/2024 0:00,11/26/2024,0,Working,50,
11/28/2024 0:00,11/27/2024,0,Working,50,
11/29/2024 0:00,11/28/2024,0,Working,50,
11/30/2024 0:00,11/29/2024,0,Working,50,
12/1/2024 0:00,11/30/2024,0,Working,50,
12/2/2024 0:00,12/1/2024,0,Working,50,
12/3/2024 0:00,12/2/2024,0,Working,50,
12/4/2024 0:00,12/3/2024,0,Working,50,
12/5/2024 0:00,12/4/2024,0,Working,50,
12/6/2024 0:00,12/5/2024,0,Working,50,
12/7/2024 0:00,12/6/2024,0,Working,50,
12/8/2024 0:00,12/7/2024,0,Working,50,
12/9/2024 0:00,12/8/2024,0,Working,50,
12/10/2024 0:00,12/9/2024,0,Working,50,
12/11/2024 0:00,12/10/2024,0,Working,50,
12/12/2024 0:00,12/11/2024,0,Working,50,
12/13/2024 0:00,12/12/2024,0,Working,50,
12/14/2024 0:00,12/13/2024,0,Working,50,
12/15/2024 0:00,12/14/2024,0,Working,50,
12/16/2024 0:00,12/15/2024,0,Working,50,
12/17/2024 0:00,12/16/2024,0,Working,50,
12/18/2024 0:00,12/17/2024,0,Working,50,
12/19/2024 0:00,12/18/2024,0,Working,50,
12/20/2024 0:00,12/19/2024,0,Working,50,
12/21/2024 0:00,12/20/2024,0,Working,50,
12/22/2024 0:00,12/21/2024,0,Working,50,
12/23/2024 0:00,12/22/2024,0,Working,50,
12/24/2024 0:00,12/23/2024,0,Working,50,
12/25/2024 0:00,12/24/2024,0,Working,50,
12/26/2024 0:00,12/25/2024,0,Working,50,
12/27/2024 0:00,12/26/2024,0,Working,50,
12/28/2024 0:00,12/27/2024,0,Working,50,
12/29/2024 0:00,12/28/2024,0,Working,50,
12/30/2024 0:00,12/29/2024,0,Working,50,
12/31/2024 0:00,12/30/2024,0,Working,50,
1/1/2025 0:00,12/31/2024,0,Working,50,
1/2/2025 0:00,1/1/2025,0,Working,50,
1/3/2025 0:00,1/2/2025,0,Working,50,
1/4/2025 0:00,1/3/2025,0,Working,50,
1/5/2025 0:00,1/4/2025,0,Working,50,
1/6/2025 0:00,1/5/2025,0,Working,50,
1/7/2025 0:00,1/6/2025,0,Working,50,
1/8/2025 0:00,1/7/2025,0,Working,50,
1/9/2025 0:00,1/8/2025,0,Working,50,
1/10/2025 0:00,1/9/2025,0,Working,50,
1/11/2025 0:00,1/10/2025,0,Working,50,
1/12/2025 0:00,1/11/2025,0,Working,50,
1/13/2025 0:00,1/12/2025,0,Working,50,
1/14/2025 0:00,1/13/2025,0,Working,50,
1/15/2025 0:00,1/14/2025,0,Working,50,
1/16/2025 0:00,1/15/2025,0,Working,50,
1/17/2025 0:00,1/16/2025,0,Working,50,
1/18/2025 0:00,1/17/2025,0,Working,50,
1/19/2025 0:00,1/18/2025,0,Working,50,
1/20/2025 0:00,1/19/2025,0,Working,50,
1/21/2025 0:00,1/20/2025,0,Working,50,
1/22/2025 0:00,1/21/2025,0,Working,50,
1/23/2025 0:00,1/22/2025,0,Working,50,
1/24/2025 0:00,1/23/2025,0,Working,50,
1/25/2025 0:00,1/24/2025,0,Working,50,
1/26/2025 0:00,1/25/2025,0,Working,50,
1/27/2025 0:00,1/26/2025,0,Working,50,
1/28/2025 0:00,1/27/2025,0,Working,50,
1/29/2025 0:00,1/28/2025,0,Working,50,
1/30/2025 0:00,1/29/2025,0,Working,50,
1/31/2025 0:00,1/30/2025,0,Working,50,
2/1/2025 0:00,1/31/2025,0,Working,50,
