datetime,delMontague_lag1_regression_disagg,delMontague_lag2_regression_disagg,delTrenton_lag1_regression_disagg,delTrenton_lag2_regression_disagg,delTrenton_lag3_regression_disagg,delTrenton_lag4_regression_disagg
1959-10-01,514.6699540271644,511.5551225926198,2160.639897403151,2160.3190776921147,2000.649173894394,1966.4536067452113
1959-10-02,1138.979113501981,1017.5324364827659,2155.2201474279464,5129.040179351711,4471.203709468638,4259.182103931505
1959-10-03,1318.6346051361306,1126.8782277517614,7473.524188870704,5974.23444236532,5525.863832233469,5200.719510602077
1959-10-04,920.364507646118,803.3205727767023,9683.45616493543,7897.50563937204,7100.825551179252,6720.4364543281
1959-10-05,870.3131579954251,773.0481290076013,7952.760164845862,6688.656783040461,6031.6097059720305,5711.313476350123
1959-10-06,709.9125311746852,601.9636065897104,6027.581425036857,4928.2904473370245,4575.714721794109,4308.642068328218
1959-10-07,1142.7090752460865,1124.626625031863,1698.1355393357792,1433.3347502432482,2111.0945017407603,2083.887122796495
1959-10-08,1108.5841745672383,5630.058783838856,1430.7431856610065,2481.0930670528855,2179.5164173294925,6679.3669236864935
1959-10-09,6987.970300822285,11215.857251340876,2498.1389304241134,3921.5716489906463,9464.613546782793,13652.46819790517
1959-10-10,16589.057949206057,17520.210657411244,3913.762319596064,22485.87839802442,18998.00425994354,19872.49528182993
1959-10-11,18409.192111109867,12819.478546946963,22478.5872490832,23045.148470826996,20484.004786575686,14866.294367902334
1959-10-12,11913.074149789625,8402.322332710019,23044.92278141256,20386.007120970222,13805.687588563469,10256.588683989912
1959-10-13,8516.662605646141,6826.749316713064,29273.132180788605,22319.418943408607,17296.607093414976,15197.635622305392
1959-10-14,7691.757560394142,6239.777172503431,25199.36667007613,20999.869928658856,17866.63940508471,15927.56263395589
1959-10-15,6724.4466594208425,5421.8972979568325,21476.335190292782,18978.91872269015,15816.32411964422,14077.537809905472
1959-10-16,5733.147241596356,4551.345130999538,18722.145604515048,15846.105388870457,13279.234147742554,11742.755822185953
1959-10-17,4838.727677887374,3908.4463056431828,15538.443939413242,13332.75567813538,11104.571035743273,9887.533138486953
1959-10-18,4283.340191515861,3448.1145429694125,13431.684892737188,11646.913267336786,9901.881488326886,8816.157751226112
1959-10-19,3627.6060905972918,3100.183128847789,11869.07053932988,10337.498338047686,8697.233212393185,7945.525090568752
1959-10-20,3307.6880449982764,2848.579321791459,10386.794836287438,8988.050934085273,7781.6648724534825,7128.004936470128
1959-10-21,3090.1472641806467,2717.5969450805896,9002.531644543933,8126.072506449262,7029.103985223231,6489.133961402867
1959-10-22,2975.8044097591946,2568.4457306353747,8306.023066999987,7578.457122251415,6606.473731869316,6046.772830979299
1959-10-23,2765.4050739430145,2380.028777241641,7607.116383493144,6911.146494935709,6010.910399627908,5492.610760167716
1959-10-24,2743.4006323628173,1618.5054606329306,5585.971547040223,4527.363379023404,5083.521993767865,3896.2044554664194
1959-10-25,2427.233707151896,4566.064016152869,3304.121885124125,5796.021213240655,4649.882691015309,6746.1609822130595
1959-10-26,7005.360538464387,8680.824592170948,7357.538985616263,10515.271632229671,10192.863700474914,11780.148034489486
1959-10-27,10390.560906032413,8409.389606542918,11110.4641640949,15062.67530639532,13471.636104533423,11394.995141349209
1959-10-28,8263.366295773787,6492.642667954859,14344.239427058026,13494.696595544207,10244.484530609989,8421.524007683249
1959-10-29,6914.127824165452,5346.101116429509,15697.065888205336,13637.476927644115,10470.383183835696,8765.384792907425
1959-10-30,5638.887291623739,4477.798453493002,17602.825436929576,14791.111798851234,12020.179232313347,10562.421007775021
1959-10-31,4880.714365647828,3791.9009198840413,14744.438613985123,12424.567052390932,10493.471907549349,9155.890506506945
1959-11-01,4346.572019964401,3684.2930294136027,11967.619358566712,10690.086559955445,9026.077686500657,8162.915840809104
1959-11-02,4210.843159635624,4170.669846672937,10629.492783633475,9961.169198240581,8275.621262374903,8067.595622846814
1959-11-03,4502.114155300137,4063.5505965785223,10000.891110775485,9030.94652036973,8117.500152727745,7532.548684998069
1959-11-04,4498.001251305651,3921.6268938175845,8535.57953465051,8595.205022493177,7321.22157731836,6640.081993480307
1959-11-05,4356.928143553998,3922.5590838971243,9061.817285574465,8589.375066180195,7335.116571334302,6788.698604627061
1959-11-06,4295.14104185582,3458.29660686761,7527.193775049036,6483.074456389344,6390.5037241698,5500.123701482765
1959-11-07,4102.329696266027,4712.243342347997,5393.774645629272,6225.086239432859,6102.199284898321,6677.500014201945
1959-11-08,7683.251868976666,9775.68264465141,6795.073789482313,13108.435965928154,10226.30928565291,12257.009353779596
1959-11-09,11791.277576496625,10103.084293882228,16865.413860802444,18886.416376740344,16894.348967415182,15005.883706601779
1959-11-10,10317.447204773287,7703.297574094037,18126.446379605044,17726.83703407479,13998.638824731106,11249.704726446287
1959-11-11,7805.503790528838,6002.5272220411225,20083.743072867597,16943.694874975132,12928.97792835515,10906.900596027046
1959-11-12,6364.231107005544,5040.1671157714845,19302.500591880318,15918.644691952628,12738.094804615374,11119.28449928421
1959-11-13,5423.496719023464,4357.140750805832,17017.270007493476,14396.898995603955,11865.53280341865,10497.171859939022
1959-11-14,4714.186256983576,3804.4516736684836,14353.165906719536,12353.094558079658,10304.168756621508,9139.083464802017
1959-11-15,4247.550167738649,3510.9084198082373,12121.063053191434,10684.336882918547,9039.846498702082,8093.265473208767
1959-11-16,3753.4974798214967,3299.6963162129623,10661.395897414928,9523.125222973122,7931.180171988953,7298.01912869834
1959-11-17,3667.323412334341,3004.7520695637672,9602.058806578145,8578.678496232951,7483.985360005742,6663.796126542622
1959-11-18,3407.762805125859,3103.9947757503887,8575.35095718682,8221.055871468561,6801.98707519826,6360.187152854998
1959-11-19,3445.8270233115327,2998.432129910603,8641.289118234175,7847.420095671292,6801.041127498773,6216.757150463932
1959-11-20,3198.149921539097,2804.198139724796,7821.717249458723,7149.1059274041745,6156.4233647553065,5645.076468283276
1959-11-21,3163.657930020811,2805.7442609322497,7404.626678796156,7053.701927428438,6015.993766715887,5544.844418755258
1959-11-22,3079.202190564454,2681.492648773782,7545.8748520671,6966.154325195339,6021.859875076392,5504.671382361999
1959-11-23,2930.881830512493,2559.7799039311476,7004.672404426435,6532.65667838904,5587.326973269359,5111.173294540821
1959-11-24,2891.0039095255024,2398.9052751256286,7143.941478320807,6643.648239454309,5885.135453471539,5276.971037712515
1959-11-25,2920.9661688862675,2559.088627625947,8333.814055081217,8126.5384845609515,7099.862236259267,6558.489044249582
1959-11-26,2863.302675579953,2727.7379106805192,8041.686526829782,7564.561837413148,6501.00528771992,6214.531808681555
1959-11-27,2998.3302732548054,2516.1874090086303,7931.647507002515,7245.0713803479575,6569.88037285923,5941.4847681574165
1959-11-28,3550.8314432451384,2371.164240917251,4259.116455796104,4590.004375672044,5755.678414754871,4547.416439370325
1959-11-29,2952.4024994655915,17332.555132834088,4577.339757847669,7465.050212456805,5907.66463361753,20216.467917362334
1959-11-30,26107.56873217687,18624.709461155653,12690.850075128641,30365.62030578391,32494.404468674973,24757.829179195567
1959-12-01,16760.122462523585,10583.113033281375,26845.21416562274,27673.44104650966,19078.096823714477,12842.507168575667
1959-12-02,10013.443387524216,7102.685613929845,27413.275303382612,18717.15191425362,11679.245408950865,8730.652757540705
1959-12-03,7688.409819525086,5824.837178465414,29640.595853342224,22824.80667421496,18122.090583359073,15731.827894297476
1959-12-04,6278.937115990075,4954.758096493115,23536.154933283568,19191.588374600233,15822.604034279082,14019.605077855353
1959-12-05,5384.497554658235,4329.209827926425,18083.08778238105,15252.99031352595,12710.87184418262,11302.722052137746
1959-12-06,4724.06376375426,3826.995741551209,14736.62315505524,12750.968907175655,10671.90560541809,9498.66165331269
1959-12-07,5125.458053969717,4173.077663473925,13219.730722542547,12568.361737322808,11488.119436233861,10271.270259836227
1959-12-08,4854.839300510428,4443.5162333119315,13448.22607403651,14288.559869696888,12136.194609693024,11418.516257569623
1959-12-09,5025.008061149859,4343.407124970781,16753.202520447325,15158.459599852058,13075.259979913604,12031.569893755219
1959-12-10,4673.823076797327,4064.9831120433155,15975.42628666429,14283.959803998488,12121.458711156185,11172.99063885743
1959-12-11,4442.987832220595,3934.3061056949996,14581.37648498736,13010.634650377458,11081.142616705667,10271.966057160305
1959-12-12,4459.693751929886,3511.800497472278,12206.724046012994,10805.74139992911,10535.781560613634,9362.9416149688
1959-12-13,4850.861831985495,6309.464121540355,9172.234870754612,12752.487972031005,12513.234281453142,13728.40044238371
1959-12-14,9288.561533951037,13137.762784074852,27525.406442968895,29872.952537998986,26745.13840226924,29739.08005997171
1959-12-15,16408.333277756145,12756.136955948828,31009.277595400858,34518.762689341274,31416.268906078105,27012.767729168976
1959-12-16,12123.573376195987,8661.746481333601,31668.043753590966,28004.305492000472,22335.979116862094,18385.70523006242
1959-12-17,8893.952577496446,6686.012492513088,28435.321170834537,23172.159604220113,17912.534755571483,15273.237051932643
1959-12-18,7127.51031676721,5522.137017154621,26283.45203903648,21374.474558183578,17436.244799968626,15317.258637602887
1959-12-19,6050.512997923989,4853.41690088784,21709.502252860475,18344.073253530187,15193.288631550124,13544.757335006663
1959-12-20,5259.58370969655,4264.762442575095,18012.966852930585,15406.27315092981,12874.01961033844,11513.155485164141
1959-12-21,4622.491146828305,3774.6934186611106,15048.507862825494,13013.738406423869,10949.21400071874,9806.873891837517
1959-12-22,4153.950086670963,3484.0613985426944,13067.470041386485,11551.203886453295,9727.574096334738,8803.297493914291
1959-12-23,3826.4259338741895,3213.1129899318607,11752.48281902778,10442.400191031917,8879.459423134971,8039.07316462089
1959-12-24,3533.8995773466304,2983.094938458646,10550.94214009113,9490.046910451614,8066.748110701361,7316.253132411719
1959-12-25,3304.292349170584,2776.9284149481764,9672.456378810493,8748.299687876912,7450.696750538352,6743.378730063487
1959-12-26,3090.82422259804,2605.523092910542,8929.00229406217,8103.366093594654,6917.165803572129,6269.154612867977
1959-12-27,3005.261925850848,2572.3980540955804,8324.126856362596,7675.7866852427205,6632.805413321195,6048.931939466272
1959-12-28,3111.201732630447,2513.605298809637,7827.853866251424,7718.110611716462,6863.117185945238,6129.121394738413
1959-12-29,3317.931491417173,3034.855561761607,10473.960752335093,12342.108609390281,10653.73263764656,10077.942684883246
1959-12-30,3641.3737233247152,3506.25683927944,20955.228164627424,18943.279776011146,17122.893760754785,16321.796959808946
1959-12-31,3980.0647830167727,3527.980163908096,19887.33271355071,17490.438202162826,15939.598730514816,14897.756501087908
1960-01-01,3949.7877992588537,3484.8948474472477,16835.913616661226,15328.008708240779,13489.866250064402,12565.049667281693
1960-01-02,3902.1321441736313,3313.2447360247693,15186.870337660712,13573.068595118693,11932.568094954833,10963.438071002816
1960-01-03,3870.6340143318967,2387.661696706596,10459.689240954058,8891.956553793676,9939.090224386651,8254.87228227125
1960-01-04,3604.409044554618,8522.345947034755,9439.891676569134,11708.60789004113,10281.926362034135,14962.307823175881
1960-01-05,12987.986880307755,12901.715215389206,18016.64593461505,25206.36099129302,23465.40672478936,22905.632269554953
1960-01-06,13734.07783358619,10761.967366820367,24493.465184648667,25766.860990181296,21830.454196217062,18497.736790820585
1960-01-07,11131.808407067518,8094.430435302209,24680.74163038025,22450.77724588031,17082.17181652791,13790.956619450128
1960-01-08,8315.407192080584,6323.147832337503,27136.255335846297,22046.410574398116,17280.714502758332,14853.917846970156
1960-01-09,6823.196548558496,5362.28052027149,22938.535970953984,18935.864939610972,15256.18154639722,13385.404450124355
1960-01-10,5825.107670150526,4648.573252341461,19429.459084772643,16505.62545748186,13547.536211171006,11999.854083003442
1960-01-11,5053.935482329437,4102.733476844927,16273.181146662273,13987.273452643316,11574.898955557088,10318.606291567532
1960-01-12,4483.735598349614,3675.7439662306515,13977.020748767389,12206.787170278118,10161.935233340897,9093.923665691844
1960-01-13,4039.8501697196602,3347.3584273292554,12368.569334114765,10930.733686504893,9144.098989713459,8222.009397279488
1960-01-14,3695.7449129466786,3092.201869317258,11079.11064997167,9885.369900033165,8304.592843878418,7497.061220592574
1960-01-15,3416.3914397160042,2876.736297175433,10142.586822153618,9088.092955202246,7694.938045695353,6968.722257720461
1960-01-16,3195.974053688129,2690.6079381513127,9387.739710219634,8497.915340617938,7224.485923207063,6544.870939260148
1960-01-17,2972.1843466062655,2519.231637359704,9023.028796380364,8160.663160815058,6969.125414453683,6342.998520904799
1960-01-18,2798.098582803941,2387.8246297673136,8517.536438754625,7722.847116315163,6628.332025671361,6052.610423841651
1960-01-19,2656.5131759168084,2279.32605888759,8273.223235939708,7521.917521834581,6507.4342043598535,5963.768976743866
1960-01-20,2557.687370069479,2196.8605348775927,8142.330142456014,7453.773320127668,6487.067215403817,5954.59795431529
1960-01-21,2433.9446858148613,2097.559136783465,8014.6210988276525,7281.4539056680715,6367.30118728293,5858.062960976434
1960-01-22,2337.854518810541,2019.6154465049437,7560.972431249743,6904.083708585462,6046.726610504398,5567.31825246557
1960-01-23,2263.281635474071,1958.8187346261343,7169.441535537118,6596.842933913895,5769.351534847222,5314.039297095822
1960-01-24,2197.3603093359916,1898.1049597752988,6981.984047535752,6423.93209782815,5623.49553343138,5176.959847660301
1960-01-25,2128.6277767671977,1841.9263072112744,6811.832424711041,6263.429207864456,5489.271033044915,5058.4186167403095
1960-01-26,2059.803890475626,1783.0119444473166,6580.601020520395,6049.249875741438,5308.586030426914,4893.2039236364435
1960-01-27,2015.3471048775903,1744.453222700508,6387.314337954924,5916.770416876209,5190.442119643634,4785.438004452679
1960-01-28,2068.005562669143,1759.6829897081025,6545.359880886399,6312.276183103679,5572.889900622906,5119.850911640642
1960-01-29,2112.1306012791674,1789.0039335166557,6947.889498399305,6828.319197005771,6012.219539023157,5527.307006415571
1960-01-30,2202.768826413606,1898.4044460410912,8253.332541402891,7839.55484746753,6957.178375248403,6446.074128643753
1960-01-31,2217.909810652848,1936.3713712278818,8730.821664137795,8097.529840887727,7153.2102506269,6655.167198163388
1960-02-01,2249.3399379277494,1946.7795455372793,8883.774821084598,8136.3102855561065,7247.686836838119,6724.790453409948
1960-02-02,2265.5089342787273,1989.4361109316128,8576.377829054065,7938.551178621194,7023.976583479474,6538.179242874645
1960-02-03,2257.998162649329,1961.9783178097177,8262.785253765007,7636.9645567981115,6717.714550125447,6227.7801221415375
1960-02-04,2289.0200347473774,1986.1982117738585,7874.483116563135,7307.39449443531,6446.602701016664,5966.457441472781
1960-02-05,2400.151545280878,2063.654301986686,7418.738832857764,7014.499859155834,6218.83566172153,5723.730234724233
1960-02-06,2770.393418312391,2251.0470682034625,7124.589315869402,7246.805589777198,6672.008750445151,6007.84130045786
1960-02-07,2744.2801043411355,2288.705133578532,6931.683381620845,7379.769840316186,6361.6693217279335,5781.037841446114
1960-02-08,2663.2737428037717,2662.050635289622,8554.708237781773,8235.044718208146,6890.942835921571,6730.141539544892
1960-02-09,3235.179307870907,2878.3979409064714,9083.57012796503,8762.23154776663,7735.86015321927,7207.739893123708
1960-02-10,3119.252928914651,2678.7112049737343,8894.58342689467,8233.400851086215,7369.492657437864,6770.727358711533
1960-02-11,4562.91270014286,3720.3116466450924,5223.917359116416,7136.02935850183,8925.546428709245,8013.553473564814
1960-02-12,4607.970895880022,19370.531679039934,7115.265682587758,9822.855878572844,8805.237536348659,23483.772989539604
1960-02-13,29863.67459017056,22227.68809087573,15213.248513115439,38951.83624423338,36894.608989465865,28992.741496852454
1960-02-14,18950.386812895984,11818.85949732967,35838.45026330546,30345.26370022177,21988.749704532587,14773.349255494597
1960-02-15,11244.610898286988,7924.699408276581,32440.874818488854,23792.098674533998,15480.673712480466,12001.979091465255
1960-02-16,8606.16434058738,6455.512254835505,33511.7839292322,25618.204338665557,20200.26083986326,17460.487100048584
1960-02-17,6987.998395537514,5431.724019398313,26003.389349163925,21131.259572944586,17278.76945308899,15207.38577633323
1960-02-18,6046.487512933186,4719.607399264201,19845.15755968183,16890.98353948164,14055.558545153297,12352.902361056345
1960-02-19,5597.265210482063,4817.011463334689,17710.26903264382,16339.689341126374,13685.395431292065,12533.725870484277
1960-02-20,5521.084380445582,5114.520020092745,17764.665454183727,16352.294616765306,13835.946452335218,13038.371224096762
1960-02-21,5861.682377279223,4838.5091304476355,16986.969661934632,15676.138780794889,13476.122820781166,12095.539689897367
1960-02-22,5290.691139399314,4410.6037534875995,15880.140089706709,14395.166946870771,12002.753175215083,10811.816764322466
1960-02-23,4856.286587895172,3995.343157970058,14740.334938521151,13078.42110948934,10969.694192501065,9828.249850203212
1960-02-24,4387.062404505066,3645.9072891420656,13808.597566892498,12232.320754771761,10314.85629967756,9301.247178472968
1960-02-25,4054.7236270078465,3387.4506827575688,12468.614234594223,11153.210096275756,9450.747701647131,8539.915843359686
1960-02-26,4052.3338979114887,3296.7017676785003,12347.646467898645,11443.905703525721,9916.620680715658,8897.570619460334
1960-02-27,3853.6555375506455,3353.7584927636594,11695.585498488112,10943.978551807686,9251.366402766052,8510.086339419937
1960-02-28,3820.4005123619127,3256.026362272069,11220.861746736138,10273.402106252233,8797.200849155015,8014.2744617112385
1960-02-29,3652.0745628630466,3171.3043359173535,10455.905307885247,9646.43538607241,8200.083657940744,7523.0573232966
1960-03-01,3572.4124401551762,3106.616480284342,10118.11070673481,9407.757231960513,7968.064275073972,7312.207377769231
1960-03-02,3453.748088281712,2940.025291622042,9989.195480180115,9138.02142966615,7807.289038319003,7104.178447884864
1960-03-03,3227.169516997145,2741.146951277883,9382.757620414668,8536.288843905588,7262.502070777147,6602.570379436593
1960-03-04,3060.000080083695,2605.258299857715,8861.056449528269,8100.069364481573,6891.869971422297,6272.967701474265
1960-03-05,2906.9996930114366,2482.7738836534354,8491.526054708582,7756.052789128803,6634.858843272281,6051.919354255704
1960-03-06,2769.8632439647386,2369.596024011089,8327.514698345527,7627.020853301086,6554.587736276866,5991.636146550114
1960-03-07,2656.4665732981207,2273.2955183350605,8286.45238497981,7586.301616782006,6552.408021071468,5999.861673248706
1960-03-08,2535.173793289636,2175.9686518521075,7982.0295365584425,7276.899529442226,6307.733800571174,5785.113525415454
1960-03-09,2438.7159908830163,2102.304539985229,7581.2399673136515,6953.111801561317,6033.464974902741,5542.522598286492
1960-03-10,2359.741837203153,2034.8816873554445,7284.166257465742,6701.870330552381,5822.760429362758,5349.776064625302
1960-03-11,2280.805455529982,1967.0600548620546,6999.627867835634,6443.0334534464655,5601.863230683986,5147.071064870426
1960-03-12,2206.2067669435473,1905.4477627299193,6746.04506518201,6213.482396005106,5409.027741343183,4973.049704758897
1960-03-13,2176.883876422421,1877.538318874455,6515.400737706952,6071.251586773901,5280.104572839735,4850.504541457598
1960-03-14,2168.2696220883727,1868.8475795312052,6381.310715723363,5955.642237206219,5192.372256433606,4766.561204041389
1960-03-15,2172.005898516495,1870.3225148265933,6202.706355585143,5833.238472450555,5078.660776333896,4656.870419548051
1960-03-16,2227.6306989135696,1907.2083731770142,6064.515171538689,5759.717158164485,5033.897915606727,4599.284934779771
1960-03-17,2256.990938760403,1937.6695326605964,6154.10439857325,5921.273407922719,5112.433893185231,4676.157689192437
1960-03-18,2254.14584855148,1913.6431733060203,6265.513526204124,5963.856567411594,5122.738802962531,4666.348580134061
1960-03-19,2364.0413315577066,2024.9348848407326,6165.490632045384,5975.916992366023,5177.825690863923,4727.686385805167
1960-03-20,2413.958762826646,2037.8766181955134,6266.808708197737,6088.761516031,5288.1670739954525,4801.682299077696
1960-03-21,2372.936091426778,2005.6534284025645,6507.2801019271665,6246.042899633095,5377.132432504768,4893.63983961007
1960-03-22,2242.828571206968,1888.544476419122,6639.533128141567,6245.048399763811,5288.890466388164,4816.456604368381
1960-03-23,2187.0628079857997,1931.5052121365802,6761.280610521935,6331.3578966001205,5358.416464657767,4977.312263838344
1960-03-24,2238.923149698194,2035.8545844994562,6901.605450810287,6386.4999288293075,5553.245306953425,5217.773969771228
1960-03-25,2323.6696168900685,2144.85028902921,6729.364261755841,6350.324382692499,5613.8487385478,5303.307628083145
1960-03-26,2369.8772640006387,2152.8500377694104,6627.559283844806,6238.831237512396,5508.5926820490495,5165.608123232805
1960-03-27,2462.240104310171,2165.3742007202322,6528.83160606388,6180.546879374615,5527.421831587306,5110.376303776834
1960-03-28,2454.6169320601866,2040.3121563724821,6056.606675854862,5736.400223627274,5230.737099648149,4714.744454390099
1960-03-29,1915.56414247378,1222.2447651737093,4931.02884896425,4219.271136901249,3928.6253555219455,3173.3704209711664
1960-03-30,1248.8665013861485,1186.5390756981574,3448.046222744857,3164.0169733011858,2553.516477644975,2467.7285545095624
1960-03-31,1777.472282586116,1808.342869607425,2829.8789886332897,3541.3946907436743,3739.4926896703296,3740.0212659930003
1960-04-01,2297.4573644538746,5616.718121387426,3578.7132451198427,5062.021353027859,4306.660577761702,7590.06366815553
1960-04-02,7035.254708725308,7132.829901793777,8040.824260807372,9476.666586958905,11008.819420493415,10964.75071828374
1960-04-03,7797.569598980776,6420.142316422898,8583.51950257451,11731.799188121724,10411.365358233645,8952.264701264608
1960-04-04,7433.5399063545665,5622.30604561014,10207.82363957439,11029.86339495365,9697.682643306442,7862.298562553735
1960-04-05,8344.624927076831,7430.966722141022,11072.645335677014,15743.890056496306,14376.639052182314,13308.621515773239
1960-04-06,10859.715516606433,14402.706154721356,25485.73576252596,29718.36356189484,23458.621142717195,26473.530103656703
1960-04-07,17539.59496020141,14204.319086431333,35685.35456933925,35949.08935395699,32253.854478333287,28218.33155798273
1960-04-08,13773.195104624127,10592.409261969115,35094.70169659748,31405.447693815906,25519.747865883088,21796.53839602974
1960-04-09,11523.768220910613,8761.209592875792,31928.32624380968,28325.819473417352,22167.517152308712,18911.149278032783
1960-04-10,8920.029741453158,7023.249341735374,32360.73624460281,26110.751790428534,21068.422464834824,18568.322740166168
1960-04-11,7371.70671475852,6001.07115419693,25773.09637133782,21169.69611479361,17410.90230775817,15550.558206447005
1960-04-12,6439.44268587479,5153.238536175865,21280.105148388422,18084.53777851974,15211.98560869131,13506.832098881894
1960-04-13,5469.067423138259,4555.2693644810715,17777.05469639072,15408.31100959988,12752.805747406903,11498.088690459772
1960-04-14,4886.734006510113,4060.9326271729797,15310.222576544173,13143.77410964221,11105.129437763408,9994.057459240626
1960-04-15,4353.610803876462,3645.848887303403,13115.235008268584,11529.378434512415,9734.084398048115,8784.198855136554
1960-04-16,3939.8141023850203,3248.41666739395,11681.819797553711,10318.980422029368,8765.59839092592,7859.94387953284
1960-04-17,3496.9174658351826,2924.158734402149,10393.618882724026,9204.043383179576,7793.583213789955,7033.825159118758
1960-04-18,3226.378461059412,2685.7870340757513,9296.722046687319,8318.427180772294,7142.550253511585,6436.972825066869
1960-04-19,2910.9542924337784,2485.562925848538,8500.065324108524,7653.164565633405,6530.198943235871,5953.387980094671
1960-04-20,2729.7620506828725,2372.894552587836,7842.4553304249985,7095.7775723566,6084.465425378068,5588.608666108123
1960-04-21,2565.633074899939,2234.5542506623033,7315.165664589897,6579.306104241792,5718.614440031685,5257.823016653381
1960-04-22,2443.102093138194,2141.8879659382255,6731.271231053157,6180.7255866696105,5371.282817260044,4951.182692488559
1960-04-23,2336.4592755157014,2032.4902984680966,6410.80323241025,5882.243036877156,5129.5558726688705,4712.6567842962995
1960-04-24,2200.0109453026316,1897.5644419235773,6056.56707361478,5539.915676666658,4832.4264453508495,4424.649355160687
1960-04-25,2120.682013066299,1836.1214646531232,5617.630627403256,5245.443048146921,4620.940988070459,4242.627126350543
1960-04-26,2112.890308772229,1836.347990900085,5410.089705000391,5172.584428235269,4637.010830780202,4267.299903740325
1960-04-27,2346.055225680188,2094.8799512656424,5219.571145057817,5329.07446838328,5020.257464752758,4684.264521946935
1960-04-28,2086.19093495179,1855.6016084527644,5736.881088417971,5973.057308206748,5087.6403641464485,4758.475654869106
1960-04-29,2010.8382033702887,1791.1605707412261,7596.058432589742,6737.070325949977,6024.063016317449,5648.885237101307
1960-04-30,1875.0217721856084,1654.1536159503778,6405.608024809725,5751.518382618645,5037.593030844742,4699.280020583272
1960-05-01,1798.5088067287038,1569.7057290252849,6176.597326821269,5541.243087609268,4923.65985166423,4576.148917530525
1960-05-02,1713.723306048069,1494.9109598669577,5945.952344633779,5419.053990476841,4793.449175747438,4453.130612311328
1960-05-03,1610.4635055528274,1413.1928097575603,5566.3304758679915,5009.992960335316,4436.15475145438,4128.165031120948
1960-05-04,1529.45071275982,1346.609301496086,5154.054254749944,4666.853838279873,4148.09741191365,3863.272608250755
1960-05-05,1467.3359170102085,1292.6658391602405,4824.403772283093,4419.807777206279,3932.274297105658,3662.2162186688684
1960-05-06,1408.5370225749566,1242.1320122045283,4551.419580954107,4176.238310799407,3722.1628110165357,3467.232191710643
1960-05-07,1357.0199450609807,1199.1260989500238,4299.7610626622445,3958.42513714295,3532.4527654801177,3292.2122698929406
1960-05-08,1313.757628994541,1162.0002315128268,4090.1600778222855,3779.6209974431727,3381.340659323202,3152.4361423368237
1960-05-09,1330.9965793199979,1185.4137210664894,3626.7682779944007,3914.8765542370334,3556.2583199903297,3340.567194657196
1960-05-10,1284.9800892001801,1130.8919195532937,4436.502875463015,4259.772378248027,3786.550640558309,3546.2501053955134
1960-05-11,1487.9093683169676,1294.927615143502,5354.333704821631,5425.64291959557,5192.012931264417,4872.426439644047
1960-05-12,1502.9798666911456,1354.8782225093105,5489.525065327283,5906.485549592928,5137.489773268389,4858.749014291317
1960-05-13,1707.6607767521214,1523.2269465658276,8006.341501609628,7399.228772630088,6759.415104192822,6375.888446362591
1960-05-14,1542.0298011453963,1317.4305593973706,7512.7436880743235,7257.234764345179,6743.31020961715,6333.175873537083
1960-05-15,1419.628558523405,1291.3855118170575,7378.635889347255,7698.992426332385,6697.298740958531,6370.107036331008
1960-05-16,1444.3666040071978,1285.0740063930991,9343.460184227455,7906.489566701312,7047.370189578829,6662.125441664763
1960-05-17,1369.445127261933,1198.6412833534628,9184.833967872913,7646.09608956261,7031.4673704864545,6625.859597461369
1960-05-18,1452.8735363594851,1280.354573450487,6937.916084513454,6844.8990676328895,6388.355727876135,6033.0756742820195
1960-05-19,1338.3831800412786,1262.8912108926493,7202.0415675699005,6402.624299432817,5686.733768459188,5439.600120600234
1960-05-20,1406.3085090629575,1278.502841071259,7396.005723493433,6366.64580492037,5903.723288069334,5588.625656905697
1960-05-21,1741.5103517783768,1613.4147079379657,6009.012194660325,5852.884870882852,5751.643360690843,5476.877818256171
1960-05-22,1585.9754233633112,1462.9518992914395,5398.6095914270445,5459.045437103722,4807.834896359151,4572.168333703906
1960-05-23,1980.6801614897386,1739.0244402829476,5519.945972709502,5353.936392076696,5077.056390542359,4736.922445812808
1960-05-24,2414.909873195157,1996.5224185366642,5693.444021071853,6729.477701477735,5646.653106594089,5124.315225640343
1960-05-25,2598.8523818277226,2003.011131544481,7364.665515374896,7202.591303659043,5996.935668202544,5279.075402790129
1960-05-26,2496.001302717545,2243.747124181314,8202.720030561426,7739.002074455553,6183.949551861104,5787.467172742457
1960-05-27,2449.022539272888,2150.5528481083356,8991.569321618184,7638.848835237708,6686.010387791823,6208.712027675831
1960-05-28,2100.6678956629635,1824.151967113024,8443.127247078315,7173.214181384642,6473.928937423127,6008.227965947783
1960-05-29,1929.9485699363186,1724.9808349080367,7135.3206159512165,6704.77376057816,6067.86827923283,5698.045115113937
1960-05-30,1925.1574481173711,1670.285822516704,7378.030973279021,6940.676997794018,6227.936465305249,5796.441644724135
1960-05-31,1876.6548308992556,1524.9125204353813,9267.993623892835,8828.826036504406,8195.323998755652,7574.233399834809
1960-06-01,1724.597753951702,1582.2454818950703,8699.85320018917,8115.212375521935,7166.299730903435,6793.963869499993
1960-06-02,1805.084523343384,1533.8291408569448,9126.535865047546,8003.448538919637,7264.6582967799795,6751.671441865379
1960-06-03,1542.274327803993,1385.477397680131,8321.212449058356,7142.128297933012,6414.619899670211,6044.2920412096755
1960-06-04,1844.0353279330025,2150.0649458249895,5768.02345667957,5057.606593455786,5574.888036559998,5750.02751285305
1960-06-05,3246.264587427916,3536.924763401283,4821.13232402215,7105.553304857347,6194.333079684837,6382.071280702314
1960-06-06,4369.536086371933,3765.417010444111,8303.688082179542,8949.659228355938,8098.764200007396,7353.097789366502
1960-06-07,4016.755994205606,2999.3999525567883,7603.206233144219,7648.564897743789,6067.46430570558,4986.924111068122
1960-06-08,3135.533285774408,2424.617670401585,7604.913533692721,6619.27872288756,4888.136101555122,4124.641935953017
1960-06-09,2631.0657252861015,2095.599765622872,8229.261535983951,6895.986433715218,5519.071216971592,4870.738641634633
1960-06-10,2214.5962395620513,1815.6648743804471,8087.289290096485,6815.60273213411,5766.302630903288,5217.930853051545
1960-06-11,1928.713884678106,1614.189520165079,7212.808319853699,6213.799584030208,5397.3859150713815,4936.381378349975
1960-06-12,1936.4722086729107,1709.8429851238418,6480.757413880332,5717.150252373575,5303.541680261018,4940.395006378813
1960-06-13,2092.9365075133605,1769.524840196641,6209.518505610002,6369.0211016394105,5494.09691863442,5026.582340455909
1960-06-14,1922.9529872210455,1670.4597829722954,8524.349066766848,7700.8274552640405,6686.778791090905,6216.252382480558
1960-06-15,1519.2150553375664,1233.7605657057597,6213.320283901918,4963.722205141907,4771.029757389819,4363.251688686134
1960-06-16,1800.8166792821187,1503.6094337496438,4851.597987353196,5011.664006998364,4564.842798213018,4159.250388163066
1960-06-17,1999.5492521191616,1924.2246474543103,5545.081644990926,5922.430807488949,4846.312755845924,4658.06573249635
1960-06-18,2061.9245699175444,1615.5775797804617,6936.319179698139,5861.568027773556,5518.983674735099,4929.526521794019
1960-06-19,1770.5797367579476,1625.661602366327,5178.423198550686,5046.628187907962,4171.5412174857,3933.595918289807
1960-06-20,1886.7119622659059,1586.231237848501,6337.078627200217,5740.12766232569,5094.5395053193315,4658.456244429647
1960-06-21,1663.3321199015068,1430.140156453368,5914.012784133471,5256.232037211796,4644.719558481639,4286.933492257452
1960-06-22,1543.0343660319827,1355.3337859281658,4978.987000425858,4480.194190416776,3957.9634719971054,3674.2800559741154
1960-06-23,1484.1918418172818,1291.3196502407031,4659.63786417335,4261.381548101176,3792.9902412187867,3509.0460447318037
1960-06-24,1384.9541656883373,1217.2832561509567,4435.652298799783,4050.044366628712,3606.4443363716064,3352.198467580022
1960-06-25,1353.7727909461598,1178.96699879805,4226.259547701493,3899.1752712817643,3487.0196632835487,3229.1405745733873
1960-06-26,1287.9013972749683,1133.1995001930907,4093.0317495897825,3778.415594574414,3360.521222899347,3125.4193887147076
1960-06-27,1247.6049880540068,1090.8165503462235,3847.209217296496,3552.0285443577277,3162.860603582556,2933.092503829381
1960-06-28,1191.2354487615564,1044.0811381185213,3627.4133032799036,3347.8004611409715,2975.434708843428,2761.4153335489314
1960-06-29,1147.5516211728236,1006.6762728534158,3441.691294595834,3189.690549539647,2836.27806473701,2633.1065383352116
1960-06-30,1105.6533047466098,978.784149710628,3332.9657604369277,3088.612374004213,2747.4691030514273,2560.014553243762
1960-07-01,1071.4606273801594,943.1637825214439,3452.5121556446757,3183.837694721882,2858.067957870051,2661.9202419392773
1960-07-02,1024.7097702612737,902.3581702520037,3690.4705810156347,3396.590396552474,3073.960240726219,2871.2978837753662
1960-07-03,946.0417384393543,846.8663717390168,3362.8050854711064,3024.9585000514053,2737.7451190531074,2569.9322800217433
1960-07-04,1023.3103117124335,867.0714737961121,3486.3709500106647,3244.832050387741,3019.873632539918,2784.562898259336
1960-07-05,922.9889435774896,908.6627176697277,3168.733309471486,2954.5000103768307,2644.7547799129507,2564.7097194269954
1960-07-06,1018.8724679403288,840.0150209525999,2912.7865212574006,2722.4777720196753,2530.3162519612674,2295.7168515718886
1960-07-07,857.5020693135676,750.5680957712368,2785.590897483584,2559.476294752839,2275.1465241265087,2117.2850734995095
1960-07-08,850.7361386723278,758.3650301093792,2660.6813250245054,2475.4317697102806,2217.2532600859495,2076.0814736544316
1960-07-09,856.7957082813614,758.2728032907747,2686.9368346290794,2523.8824413423354,2270.3862583285813,2120.6438132963685
1960-07-10,823.12117389131,730.3042301079431,2598.036495377433,2396.120227237924,2162.7253061732154,2022.0269306300042
1960-07-11,783.947023793869,698.5023959039918,2486.6818261994877,2283.654985736501,2072.084429464539,1941.0066024977436
1960-07-12,739.9668686521892,667.0118699115606,2393.2263493858054,2201.795837591697,1998.4051013982098,1881.026882579507
1960-07-13,711.8444513405873,641.8946780104186,2326.927117645498,2141.6661534571435,1957.0295788683009,1843.1004709564186
1960-07-14,758.8398214852032,650.8112791012234,2602.180412495217,2549.2247444733975,2401.955627231082,2235.5211481182137
1960-07-15,760.9598019337851,800.7354579296286,2902.832253667169,2971.093854451512,2641.7625635660515,2611.8521668984986
1960-07-16,911.7363393159358,717.6046253708065,4400.8371164960345,3931.8968040721456,3736.8523047825865,3422.957378452372
1960-07-17,664.8802419020665,567.5467383893824,3459.401114466279,2994.46107433988,2723.8525888688946,2543.91033857729
1960-07-18,606.3856984631971,548.9598545339477,2695.193803572679,2384.82959457351,2175.7459475281935,2059.1832835612904
1960-07-19,580.4434255816036,499.0820473315657,2553.0077305277173,2272.7156107911132,2121.6715163384297,1982.3241893787188
1960-07-20,603.6033952370283,544.2212878515284,2330.141374800439,2185.4293449098623,2035.4353717912668,1922.4110112307121
1960-07-21,663.9091761886169,641.1945862597606,2307.3886835267167,2242.6957680336855,2049.6588705159097,1975.8199313894775
1960-07-22,722.3109864083756,602.4656798220135,2362.664090559315,2200.4368300810047,2071.8708766553727,1902.4704097840113
1960-07-23,620.3255198798493,537.5937536221242,2136.6690127933102,1977.6235100712443,1792.5628580390887,1668.7871385398714
1960-07-24,590.3525375221781,528.1972110776421,2055.9662217839277,1887.242920506313,1717.9943330177612,1616.5818673385904
1960-07-25,583.3474914286589,520.6550214760266,2055.7934457209367,1898.8441911888353,1746.4476041849664,1642.663947828216
1960-07-26,568.7001031187558,508.63225371612003,2018.935344948425,1874.1355201217593,1724.2686092437186,1623.3404830322756
1960-07-27,415.0073964286545,320.42759444598335,1929.6049421347193,1573.266294223406,1510.7601733048377,1378.2599233272967
1960-07-28,452.42830559649514,366.4713205439346,2276.4664326655593,2083.730940445859,2040.3912301049645,1892.2487485732383
1960-07-29,354.1218612314427,406.33264425496344,1938.1715340490728,1751.4000964326626,1654.1919889668852,1658.349600787556
1960-07-30,448.86462701289196,388.325882699895,2418.7643204749893,2195.418621708413,2198.640882648294,2068.8773846480817
1960-07-31,414.9185780191002,359.05592473678627,2263.750557332357,2070.054984000051,2037.5544988619417,1917.8953107378406
1960-08-01,645.5423240984196,649.7561957710246,1965.8754809817824,2206.6571344574,2005.2632110136556,1958.411624751734
1960-08-02,833.5712876122261,830.3982545943392,2961.6189278932197,2866.770851072869,2690.9804893602814,2611.8728922568507
1960-08-03,813.8311238932037,702.7273390175847,2614.7796896948175,2337.3735992103243,2272.2254871222262,2105.1978512307796
1960-08-04,575.7197786530375,555.0224881245412,1949.8587255210145,1712.4591080710852,1660.848226780182,1604.5393981817256
1960-08-05,856.3521482335171,878.115664068746,1686.345087048182,1588.782270168065,1817.6693617524948,1809.10964482576
1960-08-06,1038.8324093920583,969.3408995886025,2304.4463694120295,2933.4433648152253,2502.7265332230245,2377.757949866178
1960-08-07,1762.241882563092,1773.3517452171302,4359.9888696112075,5099.32233867027,4275.262443476876,4178.5261234763775
1960-08-08,2355.8605167028736,1737.009874763423,4526.476450085789,4820.706249141989,4085.7263360273273,3397.92009547652
1960-08-09,1573.2441106374526,1164.6527761678606,3332.7974966481856,2560.2377872756665,1837.7849573206388,1425.5658720991912
1960-08-10,1071.8788536071236,838.431543719546,2483.3695786228445,1698.4642264485785,1262.1602048224127,1027.2949817434796
1960-08-11,1558.6538774422536,1143.1878960546328,2416.7284637939183,2348.4819276347357,2393.698305710259,1952.4017185916668
1960-08-12,1524.434316578038,1892.4369130590524,3267.85567245152,3868.8105488412166,3051.022571586397,3359.280855732301
1960-08-13,2029.4876739302572,1572.5673110678815,4532.562484399552,3848.2118494611336,3974.394889911273,3439.418291600062
1960-08-14,1306.5495200791827,1012.5018697213437,4297.003371562205,3820.97296562484,3424.0916088315994,3041.445557309423
1960-08-15,1226.771493455363,995.3461266244101,5820.879577186999,5364.230141738807,4767.941563351778,4373.39137020156
1960-08-16,1301.4991838049677,1090.6430162968759,4630.772377781865,4340.770859940301,3795.274377767514,3476.2496043253227
1960-08-17,1155.0882655388473,1045.2095675367377,3984.4299665574217,3488.7848645538525,3065.386481107983,2876.8989594535087
1960-08-18,1120.7524175758897,947.6520569437578,3323.488454048688,2963.5215557591227,2684.52681075924,2449.7725037291148
1960-08-19,974.5038137500909,844.1916115934483,3011.7461096943443,2702.9477593790425,2416.6424256070436,2230.5024151557022
1960-08-20,886.5900628515367,745.7693513402925,2875.5043392289135,2589.939539643708,2328.4219475998107,2131.7843571051353
1960-08-21,902.679561690807,805.1692483615609,3170.597694627368,2989.0402897436525,2688.85077805151,2518.72714556879
1960-08-22,873.9391857514158,723.0810955834243,2815.987064925568,2514.902523741175,2330.273281613009,2123.2010555614347
1960-08-23,846.7778425263857,716.9870512573523,2478.5818717002294,2363.063870390486,2125.4625513723067,1948.0099405659632
1960-08-24,802.6669254668782,710.91706991003,2420.8060593810515,2287.4772081339534,2003.7367173402363,1868.0871454474589
1960-08-25,829.0301527914131,701.859470711929,2401.8982351191735,2254.365484099789,2010.106245345834,1839.8271581427252
1960-08-26,750.0358314725925,687.449714106065,2282.654071241562,2074.077555002572,1842.282388232978,1740.66604307457
1960-08-27,742.4274251867347,690.9022902103375,2106.141785142297,1921.058553034819,1760.6691007304253,1673.5265397069447
1960-08-28,747.10306638091,688.6838696551896,2044.8618834979552,1924.912811902671,1778.7959620571994,1684.0854914940705
1960-08-29,721.0812494984937,662.9988358785963,2011.703418464127,1897.061476432063,1749.2343019984999,1655.5432371779016
1960-08-30,788.5720323933388,655.8793793826823,2060.61080126727,1960.8787440566484,1857.9566848428954,1687.1495808151226
1960-08-31,655.8054831637266,636.752726273359,1938.3465227299587,1988.307364796401,1770.2162402244671,1715.0645374887908
1960-09-01,809.7067583329961,702.017224193546,2615.3321677000245,2377.4434132179613,2236.6920300257143,2072.0941697651056
1960-09-02,666.2625013734812,1008.5822019470312,2483.9664827215097,2177.9512451976043,2013.5679232704324,2304.449480555319
1960-09-03,1122.3043004417527,732.5636237520007,3118.711810135741,2943.0388640480946,3131.707851704122,2657.478434109945
1960-09-04,570.5135713408713,508.7833952188315,2396.3895250958994,2254.856392650013,1894.9358817718448,1782.693302500029
1960-09-05,724.4830782954078,650.2861557809172,2168.1891137230523,2054.4626660230456,1844.3999902374544,1729.3833617734203
1960-09-06,844.9042167747691,741.0065591386531,2402.7863785936415,2433.9389597509726,2150.6001344139368,1997.0504799242194
1960-09-07,792.9261495695447,709.1489568923494,2294.498654334866,2074.645154982437,1852.331005583706,1730.509917704883
1960-09-08,727.1875724681754,650.3339898826773,1947.7834628804335,1741.4307830868045,1581.409478132814,1475.8200880483585
1960-09-09,677.58701326191,600.7739574729255,1828.0323357057991,1678.7226470732585,1534.6774342795384,1429.1311593938976
1960-09-10,642.6798251204403,556.1248811162561,1809.1767736307331,1698.9633154589674,1551.9056894837108,1434.7159412391916
1960-09-11,610.7149477889393,545.750476066719,1884.2055275090784,1752.5321256048774,1586.8317090585886,1487.5777609256343
1960-09-12,826.7659950667365,585.7636458495616,982.7799524264985,1675.4897432044102,2025.123700831655,1764.5408141493037
1960-09-13,814.2590508139018,752.996091329961,1611.1523871714642,3624.5578903172327,3093.123372681988,2973.474880738891
1960-09-14,1073.313150831705,1217.6283942009884,10607.111130416062,8502.098340796903,8417.480895654047,8238.514205747491
1960-09-15,1554.5059250156175,2834.1460143558197,7678.853042917571,7232.3808279772575,6717.298841665133,7770.442024457424
1960-09-16,3376.6881898836746,3943.177597390742,7495.709209773293,7522.400320501301,7892.725824820591,8256.73695697563
1960-09-17,4586.921729214384,3589.4551335126803,6129.451661381983,7828.196004177744,7319.830355854423,6210.6269095941725
1960-09-18,3594.711035720554,2684.968851984691,6573.865463707363,6344.642741387706,4935.9576778666715,3981.586317305506
1960-09-19,3036.227783656971,2306.7450140691085,6919.693906682436,6214.327596148654,4725.995257183157,3934.4241335934094
1960-09-20,2059.047281801481,800.1609810846631,6168.227529896772,3806.972360650463,3595.7438949826796,2283.8437397656417
1960-09-21,825.1583126521176,710.2243406340706,2603.394875008018,2362.4109712068357,1179.9852552867164,1060.1677037394084
1960-09-22,809.1865497641052,1380.6869944920952,4390.412609206201,3255.0040177013916,2868.4285572853687,3359.2231874334675
1960-09-23,1591.2334792480365,3207.240957924891,3835.84009804963,3668.1737523277916,3911.224948377898,5432.733825266106
1960-09-24,4110.415510585164,4021.280535459544,3923.6624871664253,5763.478375876577,6386.787911406627,6204.575867320422
1960-09-25,4385.803802957974,3368.6360722268764,5318.13331254173,6813.63597512295,6039.689186830314,4960.07744592502
1960-09-26,3684.5559984501783,2854.5829598605033,5804.708572872398,5918.106352897232,4315.553845675227,3470.2049872218404
1960-09-27,3095.459326745039,2447.718109179143,6372.839797637904,5408.025786695677,4078.1127903358133,3399.602619942729
1960-09-28,2633.599943998585,2133.048457226014,6318.483409694925,5386.068938928808,4305.500979208739,3741.132356635231
1960-09-29,2310.6992185257723,1893.7348913048513,6415.716514543942,5569.716246212662,4684.128894662106,4168.477477684448
1960-09-30,2055.9137754256453,1270.282820293628,5815.630729346567,5053.6205441232105,4427.285329717552,3545.2707817702303
1960-10-01,1102.6693320907427,643.5531080057478,6428.17804918577,5209.002472549166,4333.357516106231,3731.001363199268
1960-10-02,880.1750270074758,1025.3760917609675,6758.254587989345,5870.24512199506,5013.720155210784,4967.046662680537
1960-10-03,1305.110648287025,1467.1747780811252,5379.3470525250195,4769.889343040766,4523.538615728142,4542.5438972137035
1960-10-04,1571.126250950041,1768.6134346215968,4486.725091549475,4293.279326922189,4175.12685926399,4261.517656560456
1960-10-05,1841.3022354442533,1765.97519207951,3976.498569975559,3897.4105684364017,3890.0722331211737,3731.8657994776922
1960-10-06,1912.4413892013497,1634.1843171056123,3752.4157182147965,3880.999360612488,3627.5741818039633,3283.237302198958
1960-10-07,1875.1163376689217,1653.2018981387173,3976.315600734635,4081.321430348817,3494.856224669351,3211.0947001339823
1960-10-08,1809.2028916799509,1617.7648082810872,4113.622564366737,3805.1777754561654,3296.087202088827,3049.2054281603923
1960-10-09,1757.810948300938,1583.3528776005035,3778.0523135660437,3514.8939356614355,3078.161314168923,2856.604126772564
1960-10-10,1735.3140539538754,1585.3382642101521,3753.3876246339287,3561.093378105701,3133.023578515237,2932.1662243592755
1960-10-11,1722.5036584349314,1533.1393876049656,3916.263263600663,3684.874927040468,3286.1526828770225,3037.358969162424
1960-10-12,1642.4488066076833,1452.9789089004732,3898.649112219422,3636.2137832071485,3231.9583935562737,2981.7628191086656
1960-10-13,1590.4273377286058,1404.8826380218334,3802.163891577651,3577.3024924324436,3161.8466335836674,2916.3966013447716
1960-10-14,1534.4567206151132,1364.571946264412,3733.4541220502488,3488.417395355986,3081.741520161435,2853.046749527268
1960-10-15,1478.611778442636,1314.8361460732203,3588.0770264051735,3333.9725776094724,2956.1909936432758,2736.852212697952
1960-10-16,1494.7111802202949,1325.5543946065509,3445.932434734312,3315.733998029751,2923.945152911523,2701.6561060858876
1960-10-17,1487.0560000117723,1306.138761428209,3450.5381095173925,3324.6114222697224,2892.2612129148274,2659.4390941495494
1960-10-18,1393.8489923619568,1240.5561503828212,3386.6299073241958,3097.833269816122,2715.6662766863756,2514.5020092990035
1960-10-19,1333.8569884860472,1195.7188895845134,3158.3028505311145,2920.201300791772,2584.0090178910714,2401.656758041745
1960-10-20,1458.6562093929606,1082.8721576566659,4843.498616440447,4457.3444937910535,4259.082607857119,3765.5796918610768
1960-10-21,1160.6898187529573,1114.754548726759,4276.862000030111,4178.043476191115,3491.379655133222,3349.0229975497205
1960-10-22,1339.8317094512586,1166.3819374848663,5439.218350365293,4879.640311814099,4471.501925786176,4160.269000616316
1960-10-23,1173.7602540207072,1162.9269878888679,4268.884689996526,3755.977037521007,3444.653841154764,3341.083560466871
1960-10-24,1196.7990741366316,1062.6964519138717,3460.536803838698,3075.466262456658,3002.862760630842,2800.2756280760595
1960-10-25,1021.1575277643218,469.36085977742067,1732.870335767473,1493.0211741661458,1559.791029719348,999.2532287617961
1960-10-26,464.1485732994207,1083.1981155309252,1447.80177623655,1532.668399070101,952.6574073894182,1563.832963567158
1960-10-27,1068.2109400431982,3133.612757163404,2312.8469013121257,1658.8489812597236,2222.1843396095974,4251.918553557871
1960-10-28,3842.0885187803738,3987.8896032310695,1912.3780978170498,3666.482713194391,5116.259766231864,5220.186455753627
1960-10-29,4548.238400710404,3621.449715010248,3209.5837780264424,5887.174281032751,5319.927090355796,4373.494471169995
1960-10-30,3911.4313097286285,3174.439604808205,5438.870724272865,5694.607416236275,4241.47846271162,3500.9325176956913
1960-10-31,3451.2770295880064,2827.0614697338824,5694.284193181373,4981.234449584743,3770.735718720351,3143.216790051374
1960-11-01,3195.621377485631,2448.282671122203,5796.78943868177,5026.903029979743,4517.59606465666,3738.4479023424174
1960-11-02,2945.7610335815248,3345.5321234975563,6931.650802961795,7364.671068983238,6175.876991363271,6456.190962131678
1960-11-03,4184.423248629189,4024.4809208711695,9907.5918130918,9907.543670306619,9306.816163412743,8927.98308310319
1960-11-04,4168.8402256879635,3603.37549227557,9788.223897721637,9269.521081994679,8423.135516349428,7679.655461564436
1960-11-05,4009.7629824608857,3523.475460914554,9356.861127042126,9144.904975888203,7767.082702631687,7127.431534741254
1960-11-06,3842.7668674532606,3295.406950933396,10322.058157631502,9407.87778615619,8154.223521633825,7419.712137083139
1960-11-07,3575.8756448228582,3054.3880696207,10127.411086213306,9163.819328108584,7916.901919829901,7203.683975212331
1960-11-08,3324.261114325761,2796.8147463644946,9656.272197231048,8690.620813108177,7543.273647380067,6829.101386445618
1960-11-09,3033.1565517004046,2550.3272475031013,8904.235997247872,7997.417838587918,6909.871869400149,6256.926996438211
1960-11-10,2869.6153101668333,2258.0259258073943,7942.982807669456,7252.763684605143,6518.731928296822,5761.734688759378
1960-11-11,2467.7640001010045,2458.116801777997,7595.148690112007,7148.38486778116,6045.3705544402,5890.003564037113
1960-11-12,2852.6266251744482,2528.6085425109577,8264.334534897058,7643.114305142944,6965.55954903069,6467.228918455256
1960-11-13,2644.3689962743965,2447.9153584228147,7734.361970478819,7093.086301168063,6343.117082198826,5992.545324760578
1960-11-14,2764.969476926366,2546.894611300737,7148.67843041209,6826.299618480853,6070.090471631401,5716.747355259771
1960-11-15,2772.7039965183208,2455.9106598320864,7302.459754865389,6791.942178306421,6078.609811923587,5624.071763604925
1960-11-16,2684.5123057526657,2346.05471630526,6849.284482743536,6461.375987878706,5687.991083760683,5229.2482169760215
1960-11-17,2717.2880364639686,2333.4929314875253,6721.95524538628,6479.713043589592,5639.720493668905,5137.424337221069
1960-11-18,2521.327838318036,2211.3597962107388,6779.085528752517,6216.066527010423,5360.838871112982,4936.369102553856
1960-11-19,2412.8694249158416,2092.90365848196,6432.4730210418475,5843.70956115603,5119.251796130049,4691.080907781026
1960-11-20,2293.8398386882345,2020.758523595549,6172.92090993673,5696.767147935605,4980.667122775374,4599.392924522936
1960-11-21,2232.3689921444884,1957.1295107671142,6007.97622819281,5554.708079347371,4882.097415841354,4499.646679642969
1960-11-22,2134.567409823807,1870.4630957998988,5753.823098376019,5309.86892270487,4672.075922162945,4306.414715709003
1960-11-23,2087.535922503099,1812.819476071432,5429.596101148511,5078.19447840693,4476.892984815888,4108.736950054863
1960-11-24,1989.2731329383537,1768.6638041854262,5262.9607172284705,4905.420968599567,4281.9532603515645,3971.6855178371734
1960-11-25,1938.6762851714775,1713.9053338244937,5112.827492260993,4725.207324627588,4167.960762095116,3856.5057158311224
1960-11-26,1873.5350084042439,1666.8083934049123,4902.6900202494235,4555.697941604597,4019.8976888634375,3730.116704295382
1960-11-27,1832.996346471142,1638.6935606799543,4751.775323735081,4437.093387452123,3921.4798213569265,3646.6222895736737
1960-11-28,1800.1085872939684,1598.1364535788543,4632.277133438446,4337.3373151537235,3841.5186855286656,3560.973070537855
1960-11-29,1770.1274465202832,1453.9943402091924,4270.404252281831,3946.555142341699,3667.606100771068,3286.2049275249597
1960-11-30,1738.3397542524915,1378.9542409629898,4200.181299385728,4207.544235523781,3831.434859265933,3398.9544419522294
1960-12-01,1615.4663379866515,1585.7072937055507,4284.8506921943845,4389.195776096879,3694.546875904352,3595.0505969122273
1960-12-02,1781.0614879601549,1768.815727408306,5458.109601384491,4983.490062956855,4557.48366445695,4438.5656755418895
1960-12-03,1909.1609837459987,2113.9171053025666,5110.906364657056,4810.793867001594,4474.829309824267,4582.408047558101
1960-12-04,2340.2784030863863,2337.3403614662157,5143.011114971003,5088.594478046994,4896.26555256205,4794.922318027193
1960-12-05,2545.013236761887,2362.1514521073304,5452.64817330625,5501.533924539244,5119.571853302916,4835.7327494594565
1960-12-06,2647.6943547900473,2355.5092963408747,5515.144003344543,5575.805667211271,4947.559670441313,4567.269042158048
1960-12-07,2599.6042531307844,2252.5703785063283,5714.796466036665,5511.825567866976,4774.272219280047,4344.528302427661
1960-12-08,2481.7440507588726,2152.074642499348,5715.118133783015,5361.160141846818,4605.048251471231,4194.8750195182265
1960-12-09,2351.6214426718575,2039.8099719078655,5656.5438596116755,5235.196726037151,4507.218164650799,4112.634296315197
1960-12-10,2231.712789902589,1934.099744493388,5588.991806428814,5153.928228077653,4471.623744788913,4087.118247539585
1960-12-11,2114.0904887023903,1856.0390811664233,5450.913748741422,5026.644346310039,4369.668207504082,4023.3039191106604
1960-12-12,2029.7706751394726,1784.2163814136825,5259.331073210637,4842.083024613066,4242.807161207715,3910.540831447651
1960-12-13,1945.4200885499356,1713.0451314669858,5030.385084091094,4651.401041907188,4089.00878194319,3773.173910306149
1960-12-14,1883.4389057625704,1670.2018588673593,4811.092170428038,4489.258983437331,3947.6999935560616,3654.8835834231586
1960-12-15,1830.6969657835882,1623.0288259519286,4655.635185582554,4342.8963547743915,3824.5045513274963,3540.261017756674
1960-12-16,1779.7256977980244,1579.5222542465638,4494.478664660759,4195.3567515687955,3696.672462465159,3423.405216240908
1960-12-17,1741.6796836121462,1552.8166787989458,4350.472681170204,4082.524201661715,3598.0730995504186,3338.903545516792
1960-12-18,1710.309884877142,1523.99888867114,4322.353616370888,4055.5554606935375,3585.7919228711135,3328.1286237209547
1960-12-19,1670.7368348884443,1489.4159272541983,4192.345672522303,3928.708684333683,3473.753616624219,3224.400907225573
1960-12-20,1633.3622259836784,1456.8969233101157,4061.219190421306,3813.15502251448,3370.2885070603124,3128.781200638392
1960-12-21,1625.544549960336,1421.502507016137,4085.7118293112762,3876.887598374458,3432.0831714781775,3160.3828565785884
1960-12-22,1616.4383445942356,1436.5623121218832,4326.343822370063,4117.027989155836,3628.6118744570704,3370.153126900426
1960-12-23,1574.2831911531835,1393.392405647689,4457.069715406882,4128.468121563362,3668.3040494587044,3404.7817146880006
1960-12-24,1525.6107735476235,1362.1016165393303,4321.294287332741,4002.9505546768287,3563.742893484984,3320.0742780452365
1960-12-25,1500.9935018372305,1347.6660342885289,4229.485451023585,3942.0649353501385,3520.59370487434,3287.9165301553653
1960-12-26,1493.8529579031242,1329.2622893204903,4217.006314876879,3947.707142748568,3538.5020469973883,3293.286929244615
1960-12-27,1486.6521708101834,1313.31223172544,4196.716605076142,3943.8507301201903,3537.898390548362,3283.84783658331
1960-12-28,1445.278080698844,1296.0373117089955,4137.985324981475,3867.2176824020876,3445.9504584191995,3218.143499241635
1960-12-29,1432.2337584536644,1277.248088000901,4076.3040362575125,3804.0669694262224,3404.5650808633814,3172.3461917728837
1960-12-30,1412.7086702863307,1264.7690544016332,4021.884362309603,3765.6619730595644,3364.6715362232308,3140.2492121602054
1960-12-31,1401.5615245295205,1257.8043308132726,3984.7833849605595,3724.732112664533,3335.7356753556933,3116.194797063318
1961-01-01,1407.9744856765935,1255.3966156628996,4586.287456723032,4279.791323302737,3877.222101506087,3623.1045195029187
1961-01-02,1422.975270719586,1261.4433357607036,5543.374230902661,5140.108233891368,4685.352049648427,4380.332626292044
1961-01-03,1405.6724363172862,1248.6548975146297,6098.170068776036,5566.6724761960095,5093.319548457355,4770.241086814996
1961-01-04,1380.6215454229555,1226.5608605526174,5684.3032490745645,5183.228898148749,4734.730537011263,4432.377211006476
1961-01-05,1359.1060319758594,1207.0855041607733,5409.093325214631,4949.8358258524,4513.099352203442,4223.248798674325
1961-01-06,1342.4632358282274,1192.4210088205325,5179.87171685974,4755.989719622537,4332.605696142689,4053.809989051967
1961-01-07,1354.6078215379466,1188.711132224507,4999.9696104953955,4663.522372045091,4246.227894729957,3958.2802916938113
1961-01-08,1391.061179185949,1211.5157197080998,5018.435358546448,4835.7840523000095,4376.302850474245,4072.5667078469846
1961-01-09,1365.941576528589,1203.049102774647,5414.967447667828,5017.83273019331,4519.361360467901,4222.4705068001285
1961-01-10,1339.0374108694175,1182.4857192360319,5574.8646422146185,5031.084390274598,4569.428607359114,4273.828819842805
1961-01-11,1318.265826983145,1175.990406756775,5409.685324477756,4945.8885016429795,4488.182134665425,4209.751645842522
1961-01-12,1319.4706728787878,1175.495177914049,5204.893409186076,4793.833022436556,4347.010105426771,4073.5858214866103
1961-01-13,1311.2459524346273,1167.6807599791982,5028.069483549977,4613.003799751921,4185.125895833346,3919.973839478874
1961-01-14,1334.99115803397,1179.701583075371,4848.567055648135,4514.70821654807,4095.9308953890895,3825.655218510753
1961-01-15,1374.603911803232,1211.9331110517342,4789.8058499700655,4529.333600085277,4097.658553527823,3822.359812118333
1961-01-16,1376.954327864004,1211.2811109077156,4768.36901794417,4459.085569411191,4004.009204271287,3730.1311878736406
1961-01-17,1365.6132046847133,1200.973880310579,4757.732573616242,4419.576125167467,3960.344985783475,3689.2666242693126
1961-01-18,1363.7236838890988,1196.9226235883216,4708.045765000028,4392.027835804545,3936.5290728273058,3664.4221255843777
1961-01-19,1339.4294451392998,1179.575364103463,4702.197204213032,4340.167945327919,3874.9944907072095,3610.6189186529214
1961-01-20,1320.0152405341469,1163.9096284780908,4645.201411313891,4284.991645468194,3831.8146805894075,3572.2485194487526
1961-01-21,1298.814409697643,1146.2987030688882,4522.828947602222,4175.822465299952,3739.0276554348225,3486.4940043988518
1961-01-22,1280.722133004803,1131.0553176840526,4352.118394575286,4029.011574413046,3607.1129914667854,3363.0300559867537
1961-01-23,1265.1586775036749,1118.5494835605502,4204.050147247905,3898.491579269548,3489.65104180014,3253.522834468259
1961-01-24,1248.2687219551258,1103.170774937796,4080.68783835614,3784.5494832343948,3389.3661521719896,3158.7470402239087
1961-01-25,1230.5370544257203,1087.707238318908,3961.275091001822,3679.1060284537507,3293.5499998276573,3068.775563438235
1961-01-26,1213.267898343521,1071.464731354251,3852.367812164292,3589.1235867010673,3209.4876592323744,2988.968307888409
1961-01-27,1198.4999380195654,1057.9218729052361,3762.1620926822848,3509.1930208492176,3134.6544333644924,2918.119163208743
1961-01-28,1182.0200280232534,1044.4064303219732,3674.9910191530635,3423.9022713818704,3059.1796147673895,2848.4859205173643
1961-01-29,1164.257357464958,1029.7004168862065,3583.5943657889493,3344.1020136704656,2986.9034708534264,2781.8832109950854
1961-01-30,1147.803277853494,1016.4601802441159,3511.4809503427996,3279.239033652825,2927.826300714186,2727.927383011909
1961-01-31,1133.3225159735916,1003.3078306453002,3444.4930502535526,3217.287103974816,2874.059387858653,2677.2980506123413
1961-02-01,1118.0595652061268,990.7741468490245,3380.138694430871,3159.0721667885014,2822.2128980787907,2629.829176554107
1961-02-02,1103.5491995689,978.3716051288402,3323.9214678995327,3107.7036697404897,2776.8618340556513,2587.953450417771
1961-02-03,1089.1584844851031,965.6119133643238,3266.6822799698148,3055.072777015378,2731.3842593965805,2545.5307007054116
1961-02-04,1074.4427989899557,952.4158598799488,3226.062124966105,3018.1549626691394,2698.9014018857924,2515.317656878598
1961-02-05,1061.6031207281635,942.3041528967472,3161.786204095462,2962.1203004280915,2647.0765182382574,2467.978645141225
1961-02-06,1047.998571076288,931.427165235955,3116.963424497769,2916.292369405453,2608.429425648781,2433.1701831745213
1961-02-07,1035.0435190480193,920.2320835838261,3067.061154762949,2872.1246945772,2570.464074656469,2398.065016919184
1961-02-08,1023.3636826538552,910.3373976636378,3023.1204071144894,2834.1925296869313,2536.7570082442962,2367.112830790691
1961-02-09,1013.667053498905,901.5818148124997,2989.5213201278675,2804.6946071704733,2511.679618379386,2343.657234158803
1961-02-10,1008.769479854933,895.3402434149375,2994.807078223536,2817.0529869130587,2523.8663480296855,2353.7761770479647
1961-02-11,1005.2277858056041,890.9136044810208,3281.4549974515458,3073.692691354343,2768.6406695285755,2585.5558804469747
1961-02-12,996.0733903083112,883.6990082870565,3432.686242135277,3188.6837997640696,2880.3470331569215,2693.001100812585
1961-02-13,984.808656205521,873.7127907631145,3434.3216271813,3180.1895652627363,2878.305504451694,2691.6803451340656
1961-02-14,988.802016144899,871.6505103407269,3432.651111903224,3205.4075631263377,2902.1685014674167,2709.0724431650333
1961-02-15,1025.3186121354966,895.684138015579,3861.9592201022933,3653.8279683614637,3311.1254260118562,3087.5317285006777
1961-02-16,1037.348188671051,906.6126209097642,4280.148718004276,4040.2780362650656,3652.695939396241,3411.7473162868546
1961-02-17,1028.3887979600356,896.9860453973233,4842.388395292805,4429.960063393939,4036.7463150183544,3774.7346582406226
1961-02-18,1099.8201340257904,930.2087130677556,5121.2231256769865,4853.316819827055,4478.53566894989,4166.3126543790395
1961-02-19,1400.7706412092616,1027.3567675351014,5213.709825258265,6270.611368120675,6413.399609981081,5859.297902596283
1961-02-20,2191.5148255089803,2099.609719867264,10501.368282210442,11033.792318245683,11136.351672455956,10659.165377915224
1961-02-21,2326.287883374044,2238.2663876123684,17529.671169446632,16245.600748216555,14928.933322199391,14227.24703741821
1961-02-22,3653.5276764313903,3557.4491948683904,16201.68221386461,16385.638580323728,14512.944381404515,13908.066444580409
1961-02-23,5544.6363898471545,4953.283208277951,15948.80862311311,16807.243937406703,15762.12498708066,14731.966402025406
1961-02-24,6470.243159728845,5711.127550973466,17292.24882300038,18786.276673252007,16470.73578781246,15300.486626162921
1961-02-25,8352.053439978152,10019.48325646951,19360.867153951116,21152.102923921673,18762.3061628933,20046.056833020535
1961-02-26,15505.81815364517,18514.574951369035,24578.75867123213,33407.73149266154,28970.656562838794,31433.01582474486
1961-02-27,22209.399276625074,19314.971865020387,42322.900177744,47563.433682927236,39888.778212137666,36135.13561562702
1961-02-28,18509.667834866443,13499.137185135682,46267.959272418215,38531.98244907254,31988.211402564477,26332.056825617943
1961-03-01,13442.294127764013,9838.65223977586,39051.53734441096,33058.265792367616,25138.096108981594,20968.542727668875
1961-03-02,10132.187569846777,7703.760117890801,36579.366935167825,28846.48274691923,22917.31964782189,19843.213912417858
1961-03-03,8174.082918660177,6415.605619288268,29234.560161662535,23929.353922759597,19390.505329998858,17070.958714274388
1961-03-04,7056.403423619414,5667.023842310119,23452.66881637649,19878.741917092317,16338.26242842923,14497.01023853204
1961-03-05,6702.6001208444895,5715.321921216427,19114.970436977484,17015.822253245264,14429.00739676331,13089.586242672565
1961-03-06,6420.40757380925,5578.324701367888,16795.14282883264,15831.708318733374,13064.098138968142,11928.737986468785
1961-03-07,6314.26053379655,5456.92958296142,16200.239989911119,14768.744837283826,12447.711778913808,11321.464047604706
1961-03-08,6072.681688450134,5271.370812982526,15455.731567539642,14394.32545035738,11959.897977185276,10900.44118462181
1961-03-09,5832.237540967198,4935.7688258775,15887.606196228478,14362.076545477266,12274.162209039168,11087.87511390309
1961-03-10,5647.484617938593,4839.119091286049,16314.743768240705,15306.339386809079,13067.267813528717,11913.162396444346
1961-03-11,5202.280628884423,4365.211460768078,17572.963265723985,15663.845670038445,13473.344598245796,12236.525754244529
1961-03-12,5126.623886892508,4259.390534391841,15413.12974132437,14151.931182318844,12313.99086607622,11119.274378128946
1961-03-13,5217.567762836759,4446.2289448769825,14148.622318844542,13899.440289830312,11803.91383752126,10741.044480527053
1961-03-14,5399.91246988806,4438.703035469698,14870.95876603032,14438.640510538815,12275.626929060189,11020.511553855882
1961-03-15,6053.8792489182415,4943.674344410575,16849.541605227325,17245.739956601166,14883.304301632441,13387.386824155012
1961-03-16,6281.7692025493725,6689.5316384986045,20934.001751416865,20807.969703704686,17120.86441143706,17013.245046803422
1961-03-17,7966.368025586531,7104.831670976036,22937.607497133286,21537.753840869897,18741.980948246717,17359.22822385329
1961-03-18,7384.008280181286,6173.638179572876,21213.24734685329,18970.886089833664,16270.73482497289,14638.863664946613
1961-03-19,6646.847368562727,5435.9165209305165,19085.30441857614,17306.83074696143,14361.665372215353,12790.020203606558
1961-03-20,6061.596668720858,4901.2099631308065,19067.48765593845,16961.283132812438,14328.074548208882,12776.955224082161
1961-03-21,5592.747005959366,4799.233696046785,17633.873811127654,16033.635589548852,13427.105172801581,12263.100552914486
1961-03-22,5447.302431182553,4504.531460780772,17184.679536264135,15391.191313174677,13177.247902888637,11866.677104647157
1961-03-23,5150.857162436727,4460.704396948306,15551.928689700617,14322.786930917355,12177.39081431695,11168.330752951404
1961-03-24,5146.1996896991695,4652.755803792833,15472.353681781227,14450.906692787288,12522.944653614974,11689.326682810432
1961-03-25,5056.764673126323,4409.019985774891,16496.64706739283,15025.207777429794,13129.38973778072,12097.751104957915
1961-03-26,4784.141789280579,4063.626219089339,14979.477872442545,13599.934625412403,11702.6314886037,10659.992516170758
1961-03-27,4391.45888918996,3743.932667205345,13768.26210011615,12352.32222752307,10513.213053932086,9585.093125520169
1961-03-28,4045.063721740441,3439.2208340294737,12547.605580221443,11149.060848648827,9579.899211875554,8726.179772246553
1961-03-29,4095.3031809439476,3463.306565548918,11341.166559016936,10851.69479770981,9387.154493375954,8528.321008515657
1961-03-30,3752.744932767013,3361.684289700951,11885.435511810861,10913.160800680025,9230.590772458694,8596.467870484055
1961-03-31,3660.5634116795786,3080.390830397254,11214.772009543984,9857.323703680813,8680.448601647291,7881.717578413522
1961-04-01,3612.7673129553436,2990.4411473073546,10445.762656043475,9882.708332061897,8665.534964851568,7826.893517178233
1961-04-02,3450.3830697378303,3083.2772733138527,10639.361056473594,10084.16698721456,8518.879476710954,7929.696647759489
1961-04-03,3431.307026138516,2947.1624086273578,10828.708476143644,9677.377799128732,8497.382633554833,7790.211139204497
1961-04-04,3196.378176222096,2806.5134311510146,9774.259465478332,8932.597909479471,7720.293396574535,7134.512467612829
1961-04-05,3127.9517313730385,2735.541044042029,9392.696962145465,8629.437238907103,7492.402898513763,6910.626559918623
1961-04-06,3046.8876264119494,2638.386826330396,8911.938186208945,8168.259069343111,7153.088041787572,6569.264587621186
1961-04-07,2919.513794033036,2535.576463079999,8235.62294513998,7641.595980924287,6602.575386124608,6063.776001794518
1961-04-08,2792.432853366983,2406.1130531918084,7852.801765584249,7215.2675488790765,6239.261479085264,5709.991909610904
1961-04-09,2628.3084761362024,2317.1851456154304,7394.822656147926,6740.97935023535,5823.2276965546935,5380.557986303452
1961-04-10,2815.4817447522178,2329.8015780658284,6748.511750824497,6321.546106832909,5909.898269615835,5310.014047354371
1961-04-11,2900.5779345569795,2651.0551288121414,6168.810106056337,6881.65117173449,5856.667655669154,5503.338106206587
1961-04-12,3026.61128639426,2826.613969074144,7830.779660663849,7573.119303583502,6586.223700527746,6253.486095699993
1961-04-13,3320.413517483165,2679.4976544155634,7483.1892721611985,7080.661783807425,6748.3898149224915,5996.832194830931
1961-04-14,3237.7199471617973,3318.0017254770837,7163.984599510916,8065.905661930656,6710.205255213436,6674.472579746099
1961-04-15,3870.21675202433,3955.947441563238,10913.452175947561,10431.814143856303,9198.13832436236,9062.005501424204
1961-04-16,4675.280686270576,4338.263698281451,11474.77951960197,11248.118476387115,10481.683022732916,9910.77569483109
1961-04-17,5762.568763009222,5139.0525990090655,12305.981816577867,14310.54375189634,12040.024494735804,11150.001879197542
1961-04-18,6254.965697831105,5480.8930376708995,16936.916489464973,16110.398621991124,14224.361074046401,13108.519686763946
1961-04-19,6357.1405226046245,5417.031834494874,15707.144640938212,15843.968671504168,13525.347514344212,12291.774054459122
1961-04-20,5941.714102113463,5023.8349325130475,18863.577035297716,17418.41393842978,14449.050415225687,13147.559222432114
1961-04-21,5199.420794351748,4475.600256974728,18388.97822817785,15649.547360195993,13172.40489495988,12082.36799506156
1961-04-22,4780.620119773299,4149.965675085394,15939.176816670126,13871.362827165809,11843.583586091441,10889.747780926567
1961-04-23,4926.786649182281,4128.497027479326,14222.88608706828,13028.992649630834,11493.907692444216,10400.035277656636
1961-04-24,4926.528933151782,4433.617281292794,13483.199652389501,13020.567178978483,11015.836076719197,10251.477433756623
1961-04-25,7384.862331335136,7718.422186937289,10228.52822775477,11976.336002234792,12109.699971271499,12307.2437244
1961-04-26,14862.27024647866,14725.135328346547,12687.96024712825,29519.332994640386,22845.64176152306,22443.851726537425
1961-04-27,16197.3123348747,12360.751896090911,48158.141713360485,45480.85850789928,37198.44587213721,32294.344214500805
1961-04-28,11051.176286600214,8404.600155592905,40016.40333079938,30256.44055605044,23602.898802143878,20359.87682043652
1961-04-29,8988.15290807038,6859.745977686721,32034.044320070305,25748.267313386696,21094.599382197976,18381.572887759678
1961-04-30,7801.1715025335,7022.477112486826,28484.391472499265,25342.703215083748,20290.981404712737,18884.486718251857
1961-05-01,7541.463091278316,6205.25108506206,24796.12505828291,20722.59044642417,17745.56187104922,15911.255738655891
1961-05-02,6712.143408516303,5480.11078756169,19637.93571944144,17624.06789192713,14807.33721301454,13201.356927215762
1961-05-03,5735.009671722148,4906.821133240438,19195.946287054925,16848.253651884814,13955.808109948262,12735.909061011655
1961-05-04,5173.9028272958785,4505.11301171797,17148.071904578374,14618.107351162711,12516.36757719344,11501.30348447304
1961-05-05,4910.908717369821,4360.030158251781,14701.894541827998,13210.5662060448,11325.736760070049,10476.709455448425
1961-05-06,4753.363877916131,3920.8717960844006,13497.570418844938,12229.430762496264,10576.325222128336,9476.660926231165
1961-05-07,4407.825859158507,3591.2526600483166,12128.768023867142,11131.101208675258,9538.998771640403,8497.558575917987
1961-05-08,3909.2689268015865,2873.428833920482,12068.667932756453,10982.70213010033,9252.221772217448,7979.311697083354
1961-05-09,3030.7492382491855,2502.8304049075714,11971.533306438112,10386.423292420208,8514.085113319852,7738.251321733162
1961-05-10,2743.959853952149,2459.264712086493,10097.453650135565,8479.883323920934,7346.895267655691,6861.769848401958
1961-05-11,2739.0419868906574,2631.603280316429,9104.517056039904,8314.567416493494,7274.481925941132,6967.510696877769
1961-05-12,3023.7346397090446,2606.2771378778443,8661.979011170928,8191.063499637306,7331.626137048879,6727.4714459973975
1961-05-13,2702.6809807997843,2330.006079414541,7879.52775113553,7103.888822925701,6237.603990001902,5716.723114350461
1961-05-14,2683.749048040896,2327.576189359754,7231.323317522899,6950.254482343688,5902.638950470193,5413.553451134558
1961-05-15,2524.6660489487804,2162.981424051754,7406.804520587064,6640.00860700315,5763.753240657257,5267.193974485577
1961-05-16,2512.9244535675584,2127.3396923869295,6833.634999611302,6502.672185474712,5659.367434632147,5146.8174433259355
1961-05-17,2609.9232286042943,2190.590429531009,7853.49460411262,7725.428782844666,6488.055996994621,5899.8983747986185
1961-05-18,2289.573031054957,1946.0609995370546,8532.806127614129,7331.252880525975,6395.194089553445,5869.875398346157
1961-05-19,2088.8505490857156,1794.65742378133,6445.866310641898,5711.107799996136,4967.083897209577,4555.499138381543
1961-05-20,2017.4713504670158,1739.0568686351703,6165.070138519718,5708.5913977202035,4962.051211607184,4562.006125131889
1961-05-21,1929.0121920496754,1668.2501574985008,6224.899019834089,5693.718139928127,4975.82703029884,4587.473923800408
1961-05-22,1857.7667701809214,1598.091919182991,5697.722772861987,5177.60452582041,4567.479067326129,4197.332128280764
1961-05-23,1958.126480229461,1647.7339637393775,5233.680696039603,5118.315181722326,4418.374708981293,4009.707964217287
1961-05-24,1884.3402972982512,1615.5934775673975,5273.063284616253,4970.1762783243175,4213.691334296131,3852.8803368814188
1961-05-25,1696.3902324830437,1475.4943213651484,5013.189179155332,4404.534220104157,3817.187262530757,3514.3288849516393
1961-05-26,1795.630483587019,1512.8044211974025,4188.140634700912,3931.6231343030113,3701.7437191264708,3355.648251837614
1961-05-27,2559.7213770357343,2037.4414820840414,4997.228692298617,6488.255469574529,5141.914681999924,4514.4981870561205
1961-05-28,2589.088199899145,2125.5136579779182,7923.756847040978,7480.422987114323,6050.723431275654,5437.718352590779
1961-05-29,2005.9806548821061,1710.6478936951617,6578.325584481021,5178.537379624711,4320.1585480973445,3934.571400976375
1961-05-30,1936.4794455779224,1673.896784597788,4795.374252631456,4321.918911284547,3688.5405802877513,3362.582312652189
1961-05-31,1794.9329202128674,1635.2936044270987,5970.183214026032,5443.734923996245,4754.678602232079,4470.166160829234
1961-06-01,1755.7368268572209,1534.7057800751406,6024.196785957545,5388.540556042333,4868.645791258777,4514.403618270409
1961-06-02,1661.1240022829897,1475.5138026163397,5248.564205633326,4853.154887821329,4302.144826754467,4007.339056830767
1961-06-03,1645.3560991119716,1456.9661769406318,4919.9458661143035,4578.057332479434,4056.9486313725693,3770.947539758403
1961-06-04,1585.8343839552936,1399.2056111721722,4715.468902418224,4350.447968113754,3853.564182345471,3576.223345082073
1961-06-05,1521.0500452857887,1339.2673853763654,4415.347524508037,4068.338555398591,3601.3185643039014,3337.9085972746325
1961-06-06,1459.8368913002255,1280.1910751632531,4242.2861534235835,3919.1907915600987,3470.603013840323,3212.539222263179
1961-06-07,1405.8532611129503,1223.4039679129216,4085.2456534614857,3788.125856569791,3348.713049836698,3090.962619396415
1961-06-08,1340.2715054626071,1117.3830481352888,3902.246875521949,3585.0639292303777,3179.8909370368774,2886.6703685919642
1961-06-09,1379.698593618901,1094.8078667788027,3672.046727846761,3560.1757648351368,3117.5397308927286,2767.845043602152
1961-06-10,1413.0326407783764,1476.5892440382972,3744.0636674646585,3848.2748163722813,3141.181666442466,3139.8932993624812
1961-06-11,1566.5337723181578,1198.3965594866752,4145.732015927112,3624.7093175087466,3366.002207114207,2928.870768640744
1961-06-12,1140.0469528947199,1131.950875158095,3432.248228838032,3061.5358998317147,2592.403299125349,2532.4056859391194
1961-06-13,1323.0939808437456,1213.3435428304306,3744.1044832281814,3496.2856469436583,3213.5728686288408,3029.9991062016134
1961-06-14,1366.8576736383661,1212.16838021433,4047.387608372878,3816.458846965361,3533.1570823926722,3291.27253519355
1961-06-15,1306.312731133091,1163.6200116790806,3908.81708026856,3755.7789869330045,3318.84580464024,3095.9715563690324
1961-06-16,1288.110451770876,1130.9421817867665,4854.95217550469,4431.890895187495,4007.116061440075,3733.6350854716584
1961-06-17,1219.4052548972195,1063.922556343917,4373.022895564397,3958.3137244910436,3580.2905808694695,3326.6728448821214
1961-06-18,1167.551678841803,1023.2825035470238,3684.470694010891,3402.356182732171,3038.9129900938215,2820.919535592598
1961-06-19,1124.6304710955274,990.879477158834,3515.183340498785,3240.1384256546744,2895.877860229958,2693.1670613328333
1961-06-20,1081.9400813032007,959.724403683929,3365.8786221897785,3097.088753714771,2776.547743992198,2588.9501968076165
1961-06-21,1054.5121749256605,933.756347348129,3217.5931157263644,2976.2367238201164,2687.716518410475,2505.136187872903
1961-06-22,1019.2620937906028,906.3792101865384,3438.4430072624746,3225.3267837368508,2931.622095843597,2745.2957601777352
1961-06-23,997.6603644446323,891.9180747932498,3373.3582800424947,3167.3989956762034,2851.3439237955263,2673.390835740021
1961-06-24,983.6609948712666,869.0671122105373,3576.0657302132904,3254.557967522195,2961.71401994806,2767.891893505026
1961-06-25,895.2120062044485,815.176671733504,3133.5491135374195,2780.3445930632115,2549.9688795734114,2406.5479481354605
1961-06-26,1036.9968876045546,847.8202088774938,3006.8984052253486,2913.8910242317297,2710.374813636914,2456.3811249045566
1961-06-27,929.0251031350832,834.1076978510505,3122.2861713232055,2972.4292025631007,2604.804122233254,2444.9501732503168
1961-06-28,927.9302815181948,811.2405036115595,3137.732460015092,2838.309191295157,2569.3874805461674,2389.0657403169316
1961-06-29,848.5593170122219,754.9515242165343,2878.7013740984803,2592.7360247569504,2352.993652900047,2202.2820819328194
1961-06-30,823.2467827429452,736.0958450162148,2684.7464020555253,2480.121473057261,2254.4355287258977,2113.592301530797
1961-07-01,811.2909624786116,725.024341943275,2674.066116581137,2488.4590117236785,2264.868211793293,2123.773524815935
1961-07-02,793.7111674357972,709.425784714015,2673.5215675336426,2471.6435900610213,2257.118852113913,2117.3872352338594
1961-07-03,772.753406652051,687.1761110416966,2565.139351197749,2371.622675843677,2168.424788555123,2030.656771166207
1961-07-04,744.4537055973968,669.0598952060013,2456.0377855464103,2278.636249206368,2073.244797625522,1949.0261585265816
1961-07-05,734.731513110575,654.887790459949,2389.284432370134,2219.4069828764614,2026.6107264109041,1899.5581947130759
1961-07-06,714.407219252409,640.9885789566514,2329.8676541071163,2164.5490271571484,1973.6871086406802,1854.483872164391
1961-07-07,697.9750512991544,625.2018156051158,2268.6450232242714,2102.5675452791975,1923.1757349628633,1806.123396462795
1961-07-08,748.1869339097752,658.6193634377119,2241.7184099450515,2122.363888401246,2013.7087515365379,1879.8160401258315
1961-07-09,1010.1586772377119,967.6606054042834,2274.0476640055576,2737.259402249805,2272.902431670179,2184.0233040922117
1961-07-10,942.1028428413165,726.8045637546807,3282.9944918044957,2745.168869191153,2523.981087373516,2246.885376990819
1961-07-11,692.6983962776112,585.4454006142562,2498.7219820964738,2190.746840866635,1909.3940108513016,1758.1851674717561
1961-07-12,645.0353113759395,573.3998386520702,2271.2428533285,2019.9315102618068,1808.206250043233,1694.8892787005589
1961-07-13,656.6867871426624,578.1970903161907,2200.8667545719695,2086.636925461057,1892.2223356267843,1769.7856379004024
1961-07-14,623.3969987472572,523.2019560080005,2404.4918794270216,2197.4547793155243,1993.7475584743931,1841.0989463886426
1961-07-15,584.929764444686,532.6951952626124,2452.1036099446555,2212.05727922928,2025.7388725624965,1918.1278689365156
1961-07-16,772.9033597660092,577.4930951625345,2334.1437068524474,2405.8138466296077,2178.8683290181343,1929.7143703962015
1961-07-17,638.522920908368,503.25394111291587,2356.1212246526566,2201.3221283666353,1857.4132338492993,1677.7122971190138
1961-07-18,499.6632664656122,523.0391245463799,2543.6725001718005,2110.3638754461567,1882.9472808814198,1853.2694063481463
1961-07-19,610.710430654364,551.9756967024254,2148.068325306431,1996.5908590504125,1886.732695899906,1780.4917998885817
1961-07-20,522.5817672051005,451.37951176093463,1983.4204198810562,1776.1257301475525,1661.98590244571,1549.6207567854717
1961-07-21,541.5269511825024,490.19804603124214,1918.0739050831749,1819.6036541120357,1694.3730188346058,1601.2258098757088
1961-07-22,534.6694200686851,492.03238941810355,2070.21318521834,1930.9019326119414,1786.8601391384027,1697.6009392070982
1961-07-23,565.9528023217539,502.5389054236281,2053.7567401932333,1946.0560547344235,1798.061050687765,1688.893431247515
1961-07-24,525.9837670084523,471.39964351710637,1963.7733678787768,1799.2175822497256,1666.4645912899293,1570.9305768716254
1961-07-25,515.3427907641504,455.76899830906723,1815.8121618732512,1727.923768195256,1607.7557883848622,1510.870689506779
1961-07-26,484.8409156808711,427.8534298600363,1826.982802526877,1664.8655367420665,1524.1062598561034,1430.4809781709214
1961-07-27,482.0484716676642,427.83005545915137,1905.4492570276357,1762.447747423091,1621.1550090568885,1525.4684406649267
1961-07-28,471.6628040204107,421.05379558973806,1923.1200895367388,1769.9584705944644,1635.6661725836475,1542.3506804275582
1961-07-29,459.7803131449564,410.5503324825895,3391.914088095728,3038.9054254656894,2872.557647786812,2718.368554438909
1961-07-30,444.9815289400774,398.22777788526065,2163.411677291738,1975.1354034523297,1844.5294877430924,1743.2657303959068
1961-07-31,442.0062408850034,391.79406792823056,1692.33690775613,1557.8385059418817,1463.6029224070746,1377.1998144965828
1961-08-01,428.13847576954186,380.94042422261055,1630.0689582715086,1528.562746609499,1420.838920734497,1338.7886929423091
1961-08-02,406.3867279725306,376.43642202648175,1606.5525960773584,1497.0002274665994,1373.2192680248527,1309.469578738138
1961-08-03,382.58612388653603,287.05114081341856,1604.8692736632288,1427.8761233107239,1355.275001321375,1226.5029169703355
1961-08-04,353.0061723594466,362.8418887435524,2307.4422138539226,2155.803885770488,1977.5855988537867,1921.7046866609714
1961-08-05,405.8157741088356,367.54517060522153,2074.958145729311,1873.7113914925367,1795.8160248913414,1703.419228411536
1961-08-06,385.93275496250556,358.5521025908267,2099.465182189819,1928.4032827339547,1821.3637054466876,1737.4169555099002
1961-08-07,385.23681324525876,336.29868876098556,1656.9599202854188,1524.6801999799482,1440.2794418694416,1353.149986539548
1961-08-08,357.09029223598145,321.7233262393173,1573.86281567573,1453.926675776571,1354.4946509881588,1283.5340499236856
1961-08-09,356.71406457262174,353.7100526046796,1589.9671216330848,1471.3095900506614,1377.3790923044196,1337.6365764919738
1961-08-10,378.978658389367,344.5861844356437,1501.0835476166712,1384.2163412792024,1330.3816486025362,1262.3860923029647
1961-08-11,350.25171547162137,319.4085708000062,1398.5158595689409,1297.9075931616526,1228.9443135212096,1167.8188914728512
1961-08-12,363.6892706831611,323.5180688559925,1381.8918053196335,1306.2794185791154,1235.1910263584205,1164.9538059626072
1961-08-13,383.83842252603495,346.8009887413474,1388.628631702495,1361.3691993346224,1248.711381870436,1181.8558282765846
1961-08-14,375.0271329819376,337.63000365211616,1444.5504292127412,1327.7466892483021,1234.5911311102234,1167.5651482067055
1961-08-15,347.44256071029145,314.92303418003064,1332.0454074094919,1211.9952134436605,1134.360977237728,1075.4180161235827
1961-08-16,334.1688751065864,301.99643324400006,1265.6884366013137,1172.8801915202268,1099.2452626855854,1041.5718595743776
1961-08-17,324.6058916808837,294.60420335479284,1257.5839745914927,1171.148358737581,1096.9676487366603,1041.0923762681946
1961-08-18,318.66407635193644,290.7770009055264,1242.2256542365703,1157.9317038644358,1085.576424300127,1032.0070505896242
1961-08-19,314.04038122729975,287.1216941442561,1229.1704536404739,1145.692451293939,1076.0821257681218,1023.6390361683004
1961-08-20,308.4760912354633,282.6006762951205,1222.531852500861,1138.0638750698968,1070.8570002753304,1019.3869928682524
1961-08-21,302.34945972218617,276.67882928972404,1203.8651137914678,1126.8773158667545,1062.206453942277,1011.2462213498954
1961-08-22,295.4630113136212,272.12334876663243,1186.3738474257023,1097.3601096383613,1034.8473550701353,986.8408750926724
1961-08-23,322.3724076462339,301.6190699004446,1929.9940490567656,1768.938163828273,1720.9868785155031,1645.414742194825
1961-08-24,270.3021469833867,250.84116061857947,3122.994575818333,2768.3822524177745,2643.6505152199784,2519.6252433649147
1961-08-25,277.8125327629269,247.4996810116317,1594.021523236167,1460.148508122787,1391.2526631435514,1319.1718735737454
1961-08-26,194.41346107071723,125.49802042515745,1648.2250004022872,1449.8461444776462,1420.1655007577292,1306.652254984141
1961-08-27,171.88893070472727,204.4691201669471,1135.1883668315247,1182.9349798315939,1109.1602230303065,1113.937101000937
1961-08-28,181.26759502547338,151.69627583363416,1221.859608079022,1088.9412899388728,1074.7853030354486,1017.1016957829737
1961-08-29,221.8439010153911,260.55625785877004,1477.4532868779468,1378.4625652805134,1299.2523635090279,1299.6649068901502
1961-08-30,279.99538164842807,290.74285815036785,1856.2418687049126,1650.2581978772118,1641.3575380164016,1599.2560454775553
1961-08-31,261.9686124597028,247.97837013857412,1397.2634279109327,1270.1259980611114,1257.7358240689155,1208.1300181186168
1961-09-01,313.80266445701,319.25923489717525,1538.1158054993734,1514.2844224533433,1435.0853169272011,1398.8041001809715
1961-09-02,350.6442765645258,343.77466825344914,1576.2008985276568,1461.858081728914,1411.28345422426,1365.3557770068944
1961-09-03,358.6884305592643,308.7979588644364,1275.1720766352441,1174.3415603556473,1193.9720978566284,1116.5037111483045
1961-09-04,278.4773968092139,250.11375839124145,1176.902603187733,1108.0538158736979,1028.3522732020292,975.1684079915113
1961-09-05,257.67018446745533,239.34206889082103,1218.4097130106825,1089.8783386829082,1024.3305957530504,980.3020252896458
1961-09-06,274.7976261086011,241.99743199484507,1198.027510347632,1125.3413412997638,1068.529444631746,1008.7923209383376
1961-09-07,270.2002228388387,237.8893333893702,1249.5622585376777,1177.1358500967704,1103.2058832244275,1042.1968987379355
1961-09-08,272.8427743719155,246.82937379442873,1219.2930877369295,1144.8368795502056,1066.540429380944,1013.4996094041651
1961-09-09,272.42435433438425,251.09842329781384,1157.1367616153152,1075.0122305195896,1007.131650589853,961.3563648691718
1961-09-10,261.69566837215666,242.91650481910864,1095.0861951788029,1002.9452516414057,949.7402011466661,908.4930899656151
1961-09-11,248.12387601199066,231.96306646268647,1046.3941162302822,959.2426932348131,914.4808362705396,876.6911362139352
1961-09-12,236.16661076055902,221.99686406368443,1023.4895157649696,941.4173314093531,902.4393239458784,866.6077124963
1961-09-13,226.21528097310767,211.99529783269116,1012.5858270325282,934.2822635461225,898.8257041571633,862.648795664066
1961-09-14,217.0569864764076,205.19908658704182,1007.5163854883976,932.095137240481,896.5505553286466,862.3957723235671
1961-09-15,217.45471885009457,199.80484450396568,1018.714752846858,945.8115072266364,919.20112408036,878.432452405837
1961-09-16,202.71542134522787,197.6082126190561,1054.772031386552,982.9880752013917,939.2019342862482,909.404913152056
1961-09-17,199.77628761806008,172.68668872652245,991.6924811943275,901.8630406454945,878.8509142028496,829.5087877544979
1961-09-18,190.54665226893127,199.6763562980281,984.0672922073608,935.5856218056347,883.5159654558065,869.7535274245748
1961-09-19,214.77134999390017,204.80756667538287,991.6230691039866,911.8258254127604,896.0093700193071,863.5724746110828
1961-09-20,203.17028419140064,194.80099232594978,931.6931110211991,870.0090902066174,843.9344681343417,814.8232072861966
1961-09-21,208.6847576697207,201.01288408022612,1034.8473638126354,972.1793681008606,939.9347286332213,907.6192253630525
1961-09-22,209.92868682095116,203.970909637363,1049.9386501904785,976.2737303308927,945.5082796774311,914.6571149818374
1961-09-23,207.7540999756652,198.38105329734373,935.0042858497143,867.4458612087965,843.7902793743333,813.8613533027371
1961-09-24,200.99494171722745,190.15233380219667,913.5260588643155,849.3992224640576,824.1264570246097,793.2560805391024
1961-09-25,195.09047942917596,185.04342303490165,909.5038097033797,845.6730382028363,818.7194069205498,788.5893306136518
1961-09-26,192.20759110150328,183.13056274383334,906.3887525228297,844.2461208348388,816.954385092813,787.7216504420642
1961-09-27,191.43203662516197,182.9513315758836,899.6375903478372,839.6646617870732,812.4516219685543,783.9506112338534
1961-09-28,191.9615822688682,183.7216882460912,888.3616702838627,830.265524024778,803.6655772060451,775.7766720537084
1961-09-29,191.60110950088568,183.3744434149204,874.7538744530344,817.5544832833957,791.5290775562777,764.1317269011529
1961-09-30,189.8935709491972,181.98082990204108,861.2442800644901,803.9733765594997,778.7808718707945,752.152880739566
1961-10-01,186.71171931101688,179.27473198264823,848.915993271288,790.3087799054438,766.3644148716766,740.5744166165473
1961-10-02,183.2582249661635,176.36953334439482,835.3300021278881,777.3178331052912,754.9623032162061,730.0375045044809
1961-10-03,182.6658395334919,176.08362018476,823.1403391356167,768.0863511201915,748.7012177661001,724.3300498039937
1961-10-04,177.64456311517029,171.58998908984398,852.0480044783194,794.3206328044917,771.4127301919134,746.378488053659
1961-10-05,177.63336529545018,171.22314583171038,820.6030632682865,766.5482737194601,745.4110234152506,721.1050108187098
1961-10-06,175.76427629939633,169.72454537801795,807.6465427845492,753.2625512899685,733.0031705019996,709.480604327538
1961-10-07,173.42334910571603,167.73869339496667,797.1709921231636,743.7759355124858,723.9093708102027,701.003402274469
1961-10-08,172.01288585370824,166.43142358663977,788.5594491335039,736.2584680518855,717.2586517838922,694.649487796903
1961-10-09,170.31357679060858,164.88112528562033,780.1688971691297,728.6578289646226,710.0842229621608,687.8324332814402
1961-10-10,168.3447422153094,163.21327725976514,770.7455525259677,719.8728189769897,701.6967805171713,679.9944773914274
1961-10-11,166.97087145080323,161.94334340336397,761.655123243062,711.6268164740809,694.2726653908435,672.9079918325253
1961-10-12,164.7975431956425,160.04660122716186,752.8071705988513,703.5756797146137,686.1871594650722,665.3319518494461
1961-10-13,163.52452411321312,158.9181889042991,744.6679274054738,695.9981546777253,679.4715895324848,658.9716325642289
1961-10-14,161.94041065815546,155.8198336455855,737.8818029091143,689.9560256076571,673.7801069384532,651.9242435887184
1961-10-15,158.6658992105693,156.0196489391484,730.558042946364,682.9252664686486,665.4653652999338,647.2726448601802
1961-10-16,158.81155878421174,154.8866733960549,721.3584406138982,672.8742344063788,659.4076676411523,640.1819661112208
1961-10-17,156.98960669925694,153.0356564260066,711.9252102248495,667.1247587443238,652.3951690806198,633.337146622222
1961-10-18,155.36652033524118,151.6348684439311,706.4976554128571,660.9698460098201,646.4167683238636,627.7369160657719
1961-10-19,154.05943049323122,150.27013800625937,701.0879026353573,655.7849376257896,641.771010251135,623.1534344223595
1961-10-20,152.20547244684215,148.72637553501332,694.7463068445919,649.9584775284075,635.9905926314293,617.8313046475797
1961-10-21,150.5587924333377,147.092123201193,688.2230183380741,643.3030263632666,630.1264261721867,612.1372636239147
1961-10-22,148.48613434376855,145.5254622007737,680.7999766868159,636.4180910267505,623.6306059985219,606.3155358022385
1961-10-23,146.64142865251733,143.64524937650435,673.5069254198208,629.6328816387461,617.3655143931528,600.1801732406229
1961-10-24,145.039775413876,142.34559718874124,667.8085738799416,625.0011866720824,612.7788320350994,596.0031292147781
1961-10-25,143.68984652170116,141.0150013631554,664.6588429771061,621.6735137281067,610.0263665210688,593.3127448052809
1961-10-26,141.85033734459114,139.85811064089688,659.2562326182266,616.5660934105852,605.0733844253755,589.1556180518131
1961-10-27,141.05457801049633,138.75501882333782,654.2866551615086,612.115686129873,601.4787917893887,585.3506912225204
1961-10-28,139.6335196386957,137.85645474760682,649.5833419467181,608.0729634603407,597.360702789804,581.847303078874
1961-10-29,138.49142579531542,136.61555620833647,644.0613682823488,602.3319981489963,592.4463605668236,576.9676592307762
1961-10-30,136.97891496440027,135.162717225128,639.0819418829992,598.4637285488965,588.272740962895,572.9599321823489
1961-10-31,135.84527979617204,134.3531265277773,634.9599608905854,594.1053750943079,584.4186132685186,569.5160830778593
1961-11-01,134.34333868295684,132.5812960791637,628.8589453169021,588.3256782645433,578.8663767793374,563.8415369103593
1961-11-02,133.13858627595692,131.68758300947746,622.570665643103,582.9680580298705,573.6248013612184,559.0613705116984
1961-11-03,131.47803720794982,129.98499720272852,617.0383917743688,577.2977302849513,568.1810010319354,553.7159583641147
1961-11-04,130.4192852893266,129.15224134251167,610.7011819755506,571.9646884321666,563.15664701256,549.0665441609979
1961-11-05,126.06277543726137,125.45281527925253,586.8059322987676,570.8618305067206,561.5195833072485,548.7435720559969
1961-11-06,131.28124806656248,124.50955759323621,607.3063539753118,575.061800703183,567.8039230224912,548.2745270752096
1961-11-07,121.1295510560933,112.84324544467283,592.1288943268669,560.6786003825264,546.3327494464942,526.4236097775379
1961-11-08,112.28692962626359,115.38159869002759,592.362587705147,548.5298891131201,533.1170597068995,524.6547061996584
1961-11-09,115.54831841909672,101.34644541520753,617.2212404461543,567.8202460541461,563.5544295330267,536.5446490665204
1961-11-10,101.43807683257923,95.15018108906104,597.237335560766,568.9710949492461,546.0319653507291,526.9819971819916
1961-11-11,95.4953737184125,87.95041254590967,589.886471020501,544.2636265740355,528.7813092751145,508.9077820023838
1961-11-12,88.24156719881493,87.9511232353087,568.5991926015806,529.582024015822,513.6152543351426,501.3896695644439
1961-11-13,88.41271289458169,90.35019869505689,557.3156935352247,519.4352882903547,510.57554597844467,500.739052747864
1961-11-14,91.79781614123696,89.13037096871398,512.8187030891153,488.6098363205384,485.9589854957179,473.0805870858334
1961-11-15,90.14336674164726,89.02672818838987,514.0698785999374,500.49513632729906,488.5584706904265,476.85372581646675
1961-11-16,87.78541973113396,87.87254892592728,513.5957014777223,480.4425757574287,471.7734273880716,462.1652280560077
1961-11-17,96.60916659522923,93.74409269746502,468.12322214480685,460.87380260866865,462.060209466625,450.5257805603195
1961-11-18,92.00723321892889,91.28732254642078,490.06317743672355,475.48383803191905,461.0648233676251,451.24673482121256
1961-11-19,90.47642076400192,90.4231567004965,500.696754642803,462.64037680996415,453.29783250157965,444.34371672932264
1961-11-20,90.77127593700074,90.76727731449188,476.2490746819916,456.2449370812824,451.50529748745254,443.1731823309093
1961-11-21,92.52084660046629,94.85783344358092,473.3990471240317,462.2613355899224,454.2999799469886,447.9467498421054
1961-11-22,95.66816606650441,100.95692897094025,489.8663769910303,463.1312437405162,456.33736163220027,452.7699668252345
1961-11-23,102.82801798408,123.39728484184259,481.88191260942585,455.16792982813195,454.82824496542503,466.92914757613505
1961-11-24,180.05475211863134,150.63464986383428,228.46485486585044,408.4855808197702,484.1790584531144,452.6206838213543
1961-11-25,222.984949924467,221.18302062210108,402.8895210817368,1333.6727162254824,1182.427520397213,1160.0107384149137
1961-11-26,227.33025895024352,225.610882303498,1333.5803911578314,1132.6051284219996,1037.8462088692002,1022.755488268607
1961-11-27,201.45818982101568,293.3563301935809,1132.6503978702872,768.7973056421631,724.1064203465165,810.6281456274529
1961-11-28,284.8177378939674,394.76417756918306,768.8901167535013,569.3326958634938,644.7659463006366,751.5631963660495
1961-11-29,396.3505414773997,661.9852054850305,1378.6958205967344,1307.8772511084499,1392.914641755669,1627.9290069657795
1961-11-30,660.8438361580718,785.9865432467833,1487.1376618104623,1464.5417302236115,1701.0174099848446,1792.1742108742576
1961-12-01,785.7158566990965,731.9156332132842,1235.5328069249376,1408.1508906103998,1513.6305330722817,1438.6307302208609
1961-12-02,731.4994874310074,670.095204678162,1243.5911185436808,1322.6235958608509,1252.160968773366,1177.577256845661
1961-12-03,846.375188461174,755.2173494765806,1341.7911212963038,1517.8887884484739,1337.9641193004136,1234.4712740254986
1961-12-04,830.6530585113549,750.8980030311117,1607.9801358397988,1557.4202620835326,1366.02831455972,1271.9597046150643
1961-12-05,769.8709972507758,551.857748028835,1349.296835485487,1207.3493903405022,1124.7014591526827,900.8334246879613
1961-12-06,499.52644570192615,465.8645148840928,1147.8638439572464,1019.719327712663,779.6140362094975,741.3857210490964
1961-12-07,479.77200475299185,452.3830267821119,1214.541774050414,998.6806832147399,919.4970617616294,882.0316315914713
1961-12-08,496.24643852744714,487.65951425187495,1532.580964123977,1452.3953052641177,1371.3863524701703,1334.219817296207
1961-12-09,483.79776319888504,547.2808868308514,1773.605316692754,1599.452744884065,1554.4903697351529,1580.1106368684123
1961-12-10,549.8143408565003,602.149421852469,1678.5273459330638,1557.0660939738277,1591.326961221262,1607.3306007078502
1961-12-11,587.1502637298827,587.8555045889464,1598.4849201190868,1540.0901533868143,1573.6974133219633,1540.5254405887636
1961-12-12,611.5276437486435,614.1762002978894,1702.2230276721928,1695.5880889066907,1663.6181921848934,1630.2777124041736
1961-12-13,648.5963891200796,593.2526135139586,1812.4636882226482,1747.2440228242149,1714.935818413781,1622.5433243004118
1961-12-14,598.0316123248281,598.7425756528611,1785.8168576502098,1708.0771372927816,1601.2718546298363,1567.565799543313
1961-12-15,634.8300030164592,646.6173270445662,1860.3959412965128,1731.425041605236,1675.480627597373,1651.222969179679
1961-12-16,677.861897280427,668.0938288354904,1810.281887765651,1733.1102272978596,1692.342410696352,1647.3687183000961
1961-12-17,689.7465399408062,682.7505219557929,1822.3944100824947,1745.2783695053681,1690.155186169824,1648.7007208175446
1961-12-18,645.21099691318,179.2661860304971,1465.3614522996331,1385.4000254028317,1422.3318833856908,936.1204188408551
1961-12-19,254.65753090777207,247.08668652098282,877.9024661456306,1133.060709618361,725.6321288617967,712.9056088047008
1961-12-20,273.3032293514629,271.0293454665469,1948.4814186723202,1657.279233155412,1608.750034437895,1568.7096411583127
1961-12-21,311.68786264085696,968.3613238282126,2633.932580616358,2406.4620644012766,2333.1585984843978,2915.3764800920912
1961-12-22,953.7245186442885,1954.4321028089535,3360.768780749265,2964.450408255402,3502.7352951312937,4400.972731084825
1961-12-23,1957.3727418143976,1993.6520122920667,3456.184579727058,3708.2657637688194,4613.73244260301,4541.263616344686
1961-12-24,2327.4037739353907,2055.4747151224287,3454.296131943155,4725.927546967473,4459.014922385451,4103.48791101374
1961-12-25,2385.4613519543473,2022.7548553074703,4821.226958645818,5041.998821617924,4357.107542644082,3918.0359890537093
1961-12-26,2187.6389472221886,1860.7333307747883,4819.01842431604,4439.936634834484,3764.0616755609335,3379.7326552317045
1961-12-27,1986.9156184654094,1684.7870953261756,4331.226346453319,3904.817734152672,3316.362863488785,2968.961321145347
1961-12-28,1799.9590798250183,1557.1702457514932,4688.220319587801,4228.108066220645,3676.2915730891923,3361.1314696155296
1961-12-29,1625.5797389832162,1455.9688065315033,5139.252108634207,4549.622673997328,4067.9347666851486,3797.0710707824346
1961-12-30,1542.801006251861,1375.2847729812215,4893.180712591522,4396.890213500737,4000.539204839957,3730.5892515351024
1961-12-31,1460.5696672402985,1324.683505592114,4570.665735117564,4171.326447482391,3790.770559082761,3558.5242347538933
1962-01-01,1411.2221587293839,1273.8411080563449,4286.578928144122,3913.664517966209,3579.691224998293,3353.8324234338816
1962-01-02,1334.3825273515515,1207.1604512036233,3991.3823499964274,3644.484037857673,3336.3165784272733,3128.9576194981328
1962-01-03,1281.6776525207097,1171.0948155391607,3736.3895498315906,3443.11874681929,3149.382585517901,2965.0929738772447
1962-01-04,1253.5003009750185,1147.9972583405101,3590.630252379947,3330.463251954887,3056.6404199208473,2880.7840613030876
1962-01-05,1222.2931215953813,1119.097894734831,3503.6445009715917,3245.7058462090986,2985.0648834478143,2813.195683247738
1962-01-06,1135.8844679464364,842.0180133166721,3809.783474163453,3505.575259284271,3378.6400721116083,3002.8115986769753
1962-01-07,1095.2579444286148,615.2878161887575,8750.93952981202,9205.172723558042,9031.179547436179,8217.270801319952
1962-01-08,1109.5179312948774,2714.603242282193,12923.365339178195,12509.034516516473,11719.949348337681,12831.371586410294
1962-01-09,2753.106123473041,4613.71827382977,15982.33506534542,13256.752064038905,14251.563566656554,15547.76413280977
1962-01-10,5634.381145233892,5295.8097336031005,12609.734178122715,14465.537597614724,14728.77268471781,13953.69038432217
1962-01-11,6021.109264291772,4850.376406104363,13684.775478644307,14901.655102549867,13108.438406266032,11606.683134833322
1962-01-12,5114.264331121841,4054.507892803822,13561.603513725135,12237.709740011802,10096.597429653564,8817.219826094486
1962-01-13,4306.735324160499,3476.0017618309917,13654.088846045095,11701.502053030332,9803.267191648338,8720.720769731171
1962-01-14,3726.9315212779893,3048.8308836385927,13453.276999793707,11576.947013902354,9969.649425973948,8995.885432529816
1962-01-15,3327.131250172859,2267.7245853848003,11538.693679647342,9892.805076401615,9077.187693607833,7767.0462769871265
1962-01-16,2356.0522112329663,2108.5825091218494,9871.193301953634,8729.612792772185,7729.718294969582,7251.378064238342
1962-01-17,2676.1996663301506,3335.0847992018457,11911.172930547733,11120.775171370398,10035.457509543921,10351.470114165219
1962-01-18,3938.595730469704,4177.4210296270985,11468.341200423267,11086.51250695478,10578.799105781129,10512.63055273763
1962-01-19,4622.165382179542,4211.283779198962,10665.428786991917,10797.005576315834,10000.046707680773,9350.033257085586
1962-01-20,4576.246298054966,3826.605883565262,10568.438044962264,10398.086313108237,9066.703767137644,8122.703944884639
1962-01-21,4175.551259495123,3476.1434288357386,10846.196014289824,10056.500184263226,8467.729126867507,7581.599974448315
1962-01-22,3898.414547222112,2823.825177748876,10416.705128236565,9212.340289462813,8250.621159647846,6999.741332489335
1962-01-23,3203.223834212109,3129.8319841816083,9350.641662156606,8574.52557822739,7332.107844064619,7091.649336765035
1962-01-24,3469.2843924249037,3271.7053760340004,10084.242081295923,9339.860089890068,8386.789570608838,7978.948795987129
1962-01-25,3711.447829419993,3534.697785866216,9860.187745058054,9572.081578241632,8476.516152413806,8096.151049452099
1962-01-26,4013.3552017919556,3583.5641044576378,9608.51797560446,9303.240030092995,8225.615992358504,7619.6455791935405
1962-01-27,3953.145680290072,3176.6379224238617,9108.734304368332,8399.308505243473,7589.869990211293,6667.927748692906
1962-01-28,3412.622911293975,3412.5350884706777,8551.907680108257,8324.240505449787,6703.075582335907,6571.249554893242
1962-01-29,3882.8040963170606,3490.2584918674174,9281.605789407562,8491.438494182454,7589.463706264829,7041.646456993929
1962-01-30,3842.717841598481,3549.089495978743,8634.74201252541,8401.829239777297,7241.090399896315,6807.162551470283
1962-01-31,3926.636699665717,3335.271155342617,8782.964370436042,8328.616907655396,7252.815138349661,6523.373781948858
1962-02-01,3627.494261007438,3077.389575282732,8825.773524012571,8233.997486702212,6987.954178754245,6296.935758257347
1962-02-02,3403.918055037946,2863.2193682611182,8597.299020937762,7890.758660990094,6690.237363525833,6011.623401721478
1962-02-03,3130.3344503925005,2642.604577383892,8284.100521602642,7493.816998226963,6373.160593189001,5749.204946739245
1962-02-04,2938.205865370489,2458.184269745168,7754.559874961857,7056.103563456695,6055.266530979608,5446.439530197578
1962-02-05,2806.8439856202776,2283.6831366502624,7279.430164601915,6548.7597107814445,5802.02687453559,5157.679416857198
1962-02-06,2626.2916454553438,2369.6412972283842,6672.34929954776,6361.347055312447,5419.4154958893105,5049.738597813541
1962-02-07,2738.065496677468,2513.8722111475595,7134.827023308348,6805.34723556405,5850.189862788811,5496.086907313085
1962-02-08,2798.947192544141,2552.394560568853,7190.651384880823,6688.6263645564995,5892.642614122465,5516.82994971317
1962-02-09,2852.664508760556,2628.544889153809,6459.433188614499,6221.155626209397,5410.093684293476,5083.767659976267
1962-02-10,2894.686360204926,2566.825549498937,6586.191475345598,6247.536338274585,5484.549901682054,5051.919402156071
1962-02-11,2836.6515975609186,2489.725724069402,6580.429820607193,6298.540082174886,5428.346763581434,4976.366207828835
1962-02-12,2800.257819449942,2442.8648227762396,6636.024221187185,6289.776960417354,5392.375475693389,4929.32332968074
1962-02-13,2697.6514317314036,2330.141508548165,6570.35457480788,6103.037396601636,5247.37440610614,4776.131768067245
1962-02-14,2555.3791291004372,2200.250900551935,6344.0091058553135,5863.511342923515,5036.666581643838,4581.097384265484
1962-02-15,2431.0750873436796,2096.6803985877214,6259.220039684503,5787.3322633485395,4982.887090366646,4544.175027669227
1962-02-16,2320.1774345837034,2007.7059379042707,6303.56444103357,5793.8083127366135,5026.907494300403,4601.7174065494255
1962-02-17,2221.9146573534767,1927.8660880496404,5916.357191562939,5460.2514817656465,4738.2877022104185,4341.465621628144
1962-02-18,2130.5089350473686,1854.861189404669,5765.7250086352515,5322.588779100226,4632.441946630051,4254.231619254075
1962-02-19,2049.788729383906,1794.706728295199,5689.986044370355,5240.6814388912535,4590.223869288175,4230.4514212460135
1962-02-20,1975.9142426224375,1737.1303490294058,5603.808754853475,5158.045349873434,4545.761256694388,4200.651329890861
1962-02-21,1916.0646204209056,1689.142311459268,5474.015651370659,5058.276976914756,4472.059539950573,4139.301928775138
1962-02-22,1865.383046978982,1644.068034220395,5432.277735669131,5023.4862693097875,4463.8983548493925,4135.197320787799
1962-02-23,1862.404596219017,1600.6588467974668,5385.467471947267,5039.315397519272,4506.641353309751,4135.998418433273
1962-02-24,1767.4596161289323,1570.0273390392156,6042.0465920257475,5571.46827525733,4967.41356636074,4632.540607807078
1962-02-25,1726.0461698683741,1530.7395266830515,6303.02541999184,5742.424938896567,5179.387532029361,4832.504308267593
1962-02-26,1733.3580435469298,1499.8773570756784,7335.211897946292,6768.017460171479,6192.290653725993,5758.816762746425
1962-02-27,1833.5518895463495,1408.6366866949597,8088.228919889856,7637.322838881206,7219.319994434891,6557.612699169268
1962-02-28,1542.1819825494051,1031.9028021498548,11733.198787724981,11117.92645514239,10559.203547559628,9625.927136382104
1962-03-01,1344.33002403593,1235.9249147132755,14304.822156274524,12827.043479940916,11759.64811298384,11135.202969798858
1962-03-02,1585.252614900864,2237.011946880896,13695.143420438919,12188.840473552862,11147.28187495413,11331.435188574458
1962-03-03,2637.437997052969,2934.9659711896893,12128.614059406234,11075.399692157649,10735.764296799307,10644.070000915353
1962-03-04,3166.754051550601,3050.9260054538145,10514.498138530362,10140.051967602836,9671.597817036643,9253.37785467464
1962-03-05,3424.9366398472926,2949.886090332111,9707.388242568453,9602.342683513047,8700.92866998236,7987.712233102799
1962-03-06,3382.319996473643,2822.866748131603,10242.884220599051,9818.766678442615,8589.706605817122,7797.971058787942
1962-03-07,3293.7576563874795,2856.3831191905233,10931.368438509115,10157.739373706183,8835.647953475664,8144.681054898489
1962-03-08,3456.105042935278,2923.080396555084,11156.236710413652,10435.019891673943,9175.346580249196,8379.380143139831
1962-03-09,3509.3324929693404,2891.3452088985196,10483.496990366093,10029.593816068787,8583.380072467466,7737.800103194304
1962-03-10,3481.0234756540012,2810.1679988785995,10199.776220093732,9640.239467556254,8094.0649801615555,7219.964715589756
1962-03-11,3394.8295848096313,2913.9523651860454,9794.2182063276,9161.105300141919,7570.966137982319,6908.271248915327
1962-03-12,3882.2647472081035,3451.7869874689345,9664.388425217585,9288.035702344676,8351.82727974952,7742.356199797792
1962-03-13,4467.26084874509,4568.631475184683,8831.608277429903,9887.91708122437,8879.665572440794,8817.342350339264
1962-03-14,6206.492164025396,7469.317927156382,12813.55260740867,14624.062306861397,12662.642397721254,13652.704702948686
1962-03-15,8645.188456086076,7133.445235243026,15700.251794555415,16502.571417382176,14900.22646011637,13116.24466119735
1962-03-16,7408.232884683781,6243.292102847889,15448.468829284097,14921.826341980406,11858.375400755122,10510.5759268657
1962-03-17,6848.119786391637,5631.1982203902535,15966.022838272882,14384.41555250412,11579.123532544883,10159.579828537531
1962-03-18,6060.08234049362,5009.2795095076335,16658.240044441598,14697.153943950065,12068.982536363006,10740.451186398293
1962-03-19,5422.840140533161,4521.686003721983,15079.642063745596,13219.939551185462,10952.963133830368,9797.465661295104
1962-03-20,4936.498364711607,4107.861461229186,13421.624929196736,11906.0983082694,9959.236156842486,8903.96502917408
1962-03-21,4551.763619522379,3813.353525243563,12230.522009071285,10985.965697283016,9264.893406495517,8317.89643910251
1962-03-22,4294.228956778193,3633.841024091867,11906.180687769553,10907.123628307647,9275.497318868063,8390.939135863735
1962-03-23,3944.8511257902724,3361.738205177628,11423.011762523987,10312.260748274251,8721.834338896946,7923.6503548238
1962-03-24,3633.198120183395,3081.8401171481073,10460.86322307623,9293.13708855895,7947.338827727345,7205.297004798915
1962-03-25,3363.4629753246736,2868.7765724854744,9501.677301712856,8591.970841046134,7333.857841074925,6665.561690233018
1962-03-26,3135.3909245122604,2684.479646207322,8918.26392902093,8064.07130856302,6912.450470064745,6297.109217394896
1962-03-27,2923.7053419696435,2490.99431084665,8222.461357544185,7417.125559862155,6388.057817583862,5806.7946792291605
1962-03-28,2727.8427785587487,2369.69597570473,7552.925841643182,6889.852453476214,5912.667366691784,5419.864257550914
1962-03-29,2593.4754454694075,2259.502950883726,7097.364709433553,6463.223810017797,5595.386119050016,5135.772413489778
1962-03-30,2419.0733242843307,2102.360933945394,6607.148154100104,6007.400960720823,5208.03164577399,4776.263291145518
1962-03-31,2190.7032346802503,1827.531395331156,5860.7619808721865,5022.645678571987,4594.209558993459,4138.625997793455
1962-04-01,2638.4631982030523,2743.427984615573,3039.913714635954,2929.1942078140933,3692.697305661555,3783.6576384533023
1962-04-02,2747.3368712340157,6588.877872599901,2911.397569478185,4110.481860111978,4002.186712010415,7823.670838459215
1962-04-03,9155.428999711525,7941.833285867578,5558.807543454144,11040.875244436604,11613.728811770216,10325.064306228587
1962-04-04,8457.587665593199,7512.968667178483,9761.939185509818,12243.866613299273,9439.197657649624,8479.105587276603
1962-04-05,8153.220864619094,6193.024434124584,12243.805475595338,11450.392451583311,8951.525477180181,6979.517095117326
1962-04-06,6436.331846680559,4961.592032285023,16703.715005285772,14639.792200784685,11537.916601616598,9834.558843902294
1962-04-07,5382.675963604781,4160.4991858145795,15635.46129150485,13150.898538503428,10823.553712212874,9361.885768223847
1962-04-08,5312.53460197307,4287.156807031497,13629.931747965293,13267.864987062483,11266.953949560277,9996.30235526371
1962-04-09,5065.695573673064,5047.039651806664,15392.018398778235,14573.663631180312,12176.029552456965,11845.606440739637
1962-04-10,5832.020761085611,4931.643524046287,15286.522010615166,14392.777242243143,12697.34616070896,11494.331352916259
1962-04-11,5275.21745753868,4605.515232399847,14986.599123483249,13808.41125405738,11839.314781075313,10892.223428590747
1962-04-12,5463.649287163963,4631.028301123764,14710.955572750818,14422.48878973157,12732.416980497233,11602.21444237337
1962-04-13,6101.846516999954,5293.220306447648,18472.40502859778,18932.74942001763,16664.713619701743,15375.534880494783
1962-04-14,6035.287757009999,5567.234986104225,24037.528702149444,21916.954743980677,18922.624401464593,17817.876250507994
1962-04-15,6114.4216757284385,5491.764979895118,21996.31153091898,19447.750798480203,16993.377605777812,15840.856313448603
1962-04-16,6059.730696895698,5302.059746073249,18927.213941248552,17295.1143621053,14857.095713330149,13679.0259960785
1962-04-17,5629.48510498899,4763.436702147321,17389.69385693118,15488.484148235488,13232.824608041337,12006.932457929317
1962-04-18,5111.355578733558,4314.089901903535,15443.5842318246,13732.561472087367,11638.931166697876,10538.636953322453
1962-04-19,4726.552496847379,3896.164040130828,14078.03833375873,12610.88234631859,10715.69536850525,9610.887705923113
1962-04-20,4342.790196449526,3566.82568564372,12730.02215201588,11551.579650927048,9696.514185888103,8679.188496649735
1962-04-21,3800.7011940758102,3216.915410824993,11513.52409804657,10045.14897029341,8469.709250563457,7680.360146306475
1962-04-22,3488.7375137575555,3062.044450177749,10235.227500399064,9140.09357830502,7730.9852200594305,7119.499792035812
1962-04-23,3356.224627241225,2919.5404128584514,9710.027080976699,8746.276860611535,7560.605584486797,6939.9563914256405
1962-04-24,3169.2030568791515,2712.8838974316354,8929.403659242977,8108.822806157946,7022.609036306834,6399.612308217475
1962-04-25,2958.327300212576,2539.3709466013333,8163.744746024333,7463.595692826928,6403.88647655826,5838.628720547573
1962-04-26,2768.6257357493632,2369.1900865489642,7655.653327034185,6961.631873840199,5979.9404621045505,5445.726477485108
1962-04-27,2575.912209514914,2211.14177936404,7125.430472319456,6473.10406204854,5557.2141694708735,5068.6714179421
1962-04-28,2410.0623176161325,2062.3417978054144,6663.671277676936,6061.359350622177,5219.648120792852,4756.5656033677315
1962-04-29,2243.812075756553,1916.9316718074247,6284.700165929986,5718.5142456649355,4933.848008251114,4497.276790977898
1962-04-30,2107.189457516592,1829.7981551044782,5916.77044062499,5403.301058701061,4673.927917889665,4292.8061018716035
1962-05-01,2027.3764108295693,1775.426567586905,5678.547533166863,5211.170825259589,4557.045229559686,4203.319511124189
1962-05-02,1946.502894662297,1644.324219878734,6024.300646769301,5562.349475769366,4895.540841591062,4469.149498391843
1962-05-03,1804.5817522998027,1570.6880572837304,6490.939261635487,5903.822399357141,5228.269502726256,4846.354138585819
1962-05-04,1745.01214388644,1520.0207130570661,5698.09471776843,5194.338000295802,4578.468613080109,4234.72434207569
1962-05-05,1655.4669050286834,1444.886576654698,5272.159944360953,4787.044733714778,4232.687831795862,3916.0615942654927
1962-05-06,1574.5427040553573,1376.9175092998103,4724.676866468756,4322.414059530192,3817.2133183480682,3530.1711783190276
1962-05-07,1511.2912507881035,1321.749546342169,4448.632536788985,4102.305051509946,3622.751777819667,3350.016614456157
1962-05-08,1473.2795245966468,1285.5715217718089,4249.928875830119,3957.991805174558,3494.4908929048242,3228.2970223467246
1962-05-09,1420.2024839486687,1239.4047138006142,4100.843712992046,3814.3582424528404,3358.5569369660852,3102.8669105076488
1962-05-10,1361.4569010913858,1199.6543625642953,3951.1641674925386,3659.6176486454005,3217.174810138271,2984.412041759517
1962-05-11,1318.8302568901702,1162.1320997285077,3834.3068282207014,3538.575138340071,3132.900230466572,2906.9274557420467
1962-05-12,1272.413033995561,1124.4136729753877,3680.4613604098413,3407.6396613240368,3022.9054033000016,2808.5418580771443
1962-05-13,1233.0145706514388,1088.9634836358675,3571.292920512956,3315.07852027766,2947.5000138232417,2738.6451829967536
1962-05-14,1190.7472027331828,1024.4814750091573,3464.5821743183606,3208.9598268575337,2861.24555951202,2632.1067823769504
1962-05-15,1139.5752860510756,1022.1199075313489,3357.7101613115697,3144.9677832613665,2770.425022680084,2591.8181310967348
1962-05-16,1129.5094007311063,993.3489671062243,3281.9829059670806,3037.5452424253226,2717.5401971603533,2522.309018112008
1962-05-17,1069.481268619175,908.3422634305394,3133.6087267824832,2895.8617789403925,2585.7193234553397,2368.6944711870683
1962-05-18,1011.2282433360988,936.0526846667119,3039.237427215557,2846.4610159183762,2498.912757621647,2368.957458721714
1962-05-19,1034.8695861136152,925.7667390189779,3022.09719628909,2783.7469326665996,2525.5909778259174,2361.3580172505763
1962-05-20,1005.6920355790759,900.4998326087131,2895.143956872341,2716.4928998063087,2446.636364098431,2289.2568946950955
1962-05-21,1062.3869740974683,917.3836501411154,2990.6275281507296,2819.788683402833,2596.4870693223193,2394.238664900812
1962-05-22,1062.4577335742974,929.8429983912184,2940.553876491006,2926.235366147891,2544.8868677223886,2356.96994963281
1962-05-23,1051.840388220416,912.5105413655044,2945.910422966162,2753.0817192821355,2405.282158626498,2217.098086297361
1962-05-24,1018.843624136699,875.2429671244095,3035.623948721887,2697.331147781858,2485.0075686905852,2286.956041681183
1962-05-25,1023.509518291231,967.2729606059648,2706.756449546766,2751.472058201439,2350.8024597071085,2246.653800803501
1962-05-26,1109.805689557752,954.4807124725274,2925.4818978085414,2752.133166491534,2455.7723223774565,2251.484307647469
1962-05-27,959.3421653946361,800.6578780767028,2739.1148187327653,2434.0664595002136,2165.093832810475,1963.928567435107
1962-05-28,845.673462634928,750.8091742848543,2510.5088513435608,2277.434224864138,2004.3136382926427,1869.0315043344103
1962-05-29,867.8148052931103,767.416218733633,2531.37881713949,2393.256973891539,2134.0744886986968,1988.064696246693
1962-05-30,850.3989364751651,752.4613835159071,2579.7351912722074,2401.020026353345,2152.3679498072856,2006.9932722554868
1962-05-31,816.8109716158231,728.1895546805891,2536.634812973736,2328.757597109352,2108.136208121852,1972.5277169040696
1962-06-01,804.0692566427258,716.8424880258073,2420.9101811525543,2245.432164131315,2048.3315408534977,1916.0999756966223
1962-06-02,766.0937653487379,658.7886902847243,2277.9486100268496,2131.1755204187757,1918.0903111749442,1770.0327506992498
1962-06-03,756.3682508172749,669.9752378284279,2229.1619951835273,2132.4520573295126,1884.0516597258038,1757.9222513100353
1962-06-04,739.7605434545875,673.7283710433248,2250.8503783711053,2073.169319541285,1863.2133421348792,1757.5283084970836
1962-06-05,722.000937651505,629.03205390373,2224.906884950757,2039.4230541800503,1873.656890091218,1739.7386026659829
1962-06-06,698.6744729579339,578.9345234989123,4392.516002703376,3945.9053316492373,3711.892760140042,3457.126896513722
1962-06-07,670.2659453175092,680.2362594865219,2280.877821022129,2185.60221086796,1927.4076882417598,1891.07724025779
1962-06-08,763.0527516450045,668.5462342929338,2217.188139089869,2045.5288948548186,1924.2923920651465,1787.9222936772198
1962-06-09,688.6901764973915,609.0663975690898,2110.46525829492,1971.096810323717,1794.625114882143,1675.6263928069538
1962-06-10,655.9377069853488,587.9103154086288,1973.6572700902425,1828.0472705297216,1661.401582579124,1558.549529307916
1962-06-11,661.5467242192328,589.5321801464056,1939.121105997444,1844.6460229021197,1671.1004110184676,1563.979997183332
1962-06-12,812.6558311093122,742.6242384458798,2081.2105577240986,1930.2902881924879,1951.3781299676252,1841.5337036331161
1962-06-13,619.7393703488915,637.6280624629544,2621.4530957619213,2480.29502866031,2220.8689341121617,2175.390773494855
1962-06-14,847.7321949780373,785.8967059132207,2478.3143943061573,2487.501788636624,2274.016822884256,2156.699897420291
1962-06-15,864.1803460257731,654.4442965889325,2402.3344556478023,2281.6751269632864,2071.2558032331367,1816.7953861987996
1962-06-16,612.2239963614699,543.8347787671705,2021.8347927451719,1733.5558927563548,1481.013799915476,1383.4558531157395
1962-06-17,639.8335789082412,578.2179960454115,1820.6296542881119,1692.5114451350219,1507.8736077044814,1417.040394974826
1962-06-18,660.3016950223436,591.4481410807834,1918.4129461700686,1825.480090203495,1645.964865610977,1542.4592145982426
1962-06-19,628.7631098186653,564.1835433955355,1866.3513387181874,1714.1606989394863,1559.7095966825002,1462.9036779550195
1962-06-20,592.8421966211531,533.8151559893295,1939.277869540289,1771.185261303568,1631.5389750320787,1535.2782954161146
1962-06-21,575.1615200421182,518.6055186886314,2079.4728625782336,1916.9841834990334,1776.1764933663715,1674.8349536324442
1962-06-22,568.1147722682256,511.70114975780564,1918.536852596344,1790.819336271602,1651.4691816600646,1555.5622498626408
1962-06-23,562.742452615848,506.900214450202,2525.650306967569,2318.206852145072,2160.4958401169415,2040.0073981030373
1962-06-24,543.9792940462165,466.49307131125113,2434.1749049179684,2178.0161608358026,2079.427708453925,1942.2748339758964
1962-06-25,593.7707096397521,579.6378626380433,6742.60511796053,6055.066598801756,5752.714115436341,5484.731867026684
1962-06-26,644.5797120768425,579.626887058688,4416.376260096456,3979.2186438921394,3775.3762608448524,3567.1040371635827
1962-06-27,612.5755334129682,518.953527414264,3528.286207846445,3181.2913357547586,2987.5301287055026,2789.9336605345266
1962-06-28,537.2324132933231,476.2556489889335,2328.7879321956248,2090.6688769020016,1919.3083563853706,1803.7740108141616
1962-06-29,534.2675876847354,477.64648298662416,2005.4930259126413,1851.5268836696364,1701.047538644336,1600.5118087184387
1962-06-30,542.5153468821136,484.7826990971695,1924.903979098819,1806.629576994597,1654.6566424296343,1555.5186031049836
1962-07-01,531.7307102623779,470.5967924671654,1849.5425479957057,1712.337591601618,1571.138843154367,1471.9354686596548
1962-07-02,503.14342742433416,454.1328131210554,1763.8724817077239,1621.8066019770688,1486.912615662502,1402.3483908448734
1962-07-03,489.08757205845535,436.3617112280623,1693.2844055291469,1559.3194737810832,1441.3867412691743,1354.4860162027835
1962-07-04,469.1614141900649,421.49643907448615,1630.8201913790965,1511.1996730510225,1394.0907056453445,1313.4324323919377
1962-07-05,459.53729091858463,413.54667914970526,1579.8530283219498,1470.8793660890108,1357.8385564777,1280.0046602774128
1962-07-06,451.73245795442153,406.49325573256,1549.1483143688934,1445.530114009436,1334.7770295046198,1258.3369322918431
1962-07-07,442.1193006682994,397.56213971187253,1516.0159109822803,1412.374060523172,1304.8853169642703,1229.9961939763448
1962-07-08,431.14870888317887,387.74205830790254,1475.0741365817944,1373.3326947336068,1269.2135152634787,1196.535001812441
1962-07-09,420.57056186743625,378.5047001960605,1517.741116182088,1409.69919537017,1306.8988721172157,1233.3264480822609
1962-07-10,411.06229863653635,370.1379839135908,1441.0613350682902,1341.5983893465027,1242.7220476427594,1172.716003222466
1962-07-11,401.8505492205053,361.96979893057255,1373.0544768147727,1280.6178628044822,1185.1937413495834,1118.3497121169698
1962-07-12,392.2057687325399,353.47029839124707,1344.379000238086,1253.1987255760914,1160.5184210601094,1095.4224981516647
1962-07-13,384.13396553113125,344.6593337317515,1316.2142552840273,1227.5248198527258,1138.4043780740403,1073.1418656542535
1962-07-14,371.694917311773,333.6493209186572,1291.7948058664238,1203.6956259418,1114.5301815487776,1051.160185039341
1962-07-15,361.94423387486836,327.26850899967127,1278.8275869067338,1190.6661356544348,1103.852595513146,1043.8473454803104
1962-07-16,353.6674500884432,322.9339136398629,1249.9311596219527,1162.2417945352179,1081.0521178886556,1025.5909506526145
1962-07-17,345.0667234960852,312.22593986055847,1216.8663488879513,1131.6318682254705,1055.4589422048402,998.590884270556
1962-07-18,247.710199143414,239.73730030552557,1075.0185719592632,901.3462173451799,872.4113674297545,844.9146395279415
1962-07-19,429.850310801345,277.2803735293699,1038.4796084078623,1086.3386379548915,1131.7763777454888,955.5453860899604
1962-07-20,200.4066823417968,118.17942660287626,1061.8178272075124,936.7332246903346,789.6747760319886,688.575165163058
1962-07-21,268.4199304662172,309.205674577771,1106.2808821633878,1134.267122483036,955.252003519468,972.8771602847905
1962-07-22,334.3847548079632,315.0816728519281,1391.841754938085,1198.0018593796676,1182.9039197907252,1133.1656732723202
1962-07-23,279.3303618534075,259.4766292947028,999.8730807572563,894.6028869225247,878.1964648610252,838.9315132168852
1962-07-24,303.6925702210061,297.9394918946391,958.0841636024259,970.3752210122473,907.2137432404197,881.8078005573819
1962-07-25,350.3379061811836,343.94032218319313,1130.1941285144187,1104.7248523014246,1041.06907887699,1011.1774976184079
1962-07-26,368.015736998291,340.62043795586254,1166.8030438642259,1103.555236221217,1051.465715841982,1000.8534528662217
1962-07-27,330.921974688833,294.9042501643251,1056.9346251089369,961.5146488732134,913.9403803370203,859.0391620502909
1962-07-28,290.6778850840991,254.21541790565948,1001.3780805987661,912.7507390967135,859.3498831096476,804.586643412305
1962-07-29,270.50047995302856,238.20707051053816,1008.5578725754547,937.0565469252726,874.7613513682038,822.6053002611018
1962-07-30,269.59417682027413,241.5078874829398,1010.9150995288251,954.2516910959461,886.3346433153699,837.8114521373902
1962-07-31,280.9009825212048,251.87955659263156,998.4971552388816,948.3126807191128,882.989499745301,834.1266157773575
1962-08-01,273.61776157924237,244.3092265453467,971.0757416446854,918.432213508232,844.052572516649,796.2344414070983
1962-08-02,295.85479256066697,262.5019555697489,967.7736565289608,945.0444461595496,861.1015468369558,809.4244302859827
1962-08-03,282.31288593895636,254.7782394643183,1172.5019746264975,1075.078038118229,996.6824520408311,944.2906807213866
1962-08-04,263.95574296885434,239.50249283794818,1125.6961695223408,1020.8199682427578,957.6052269367345,909.1782567921073
1962-08-05,244.8883524549593,225.17613507655705,929.7194963392977,848.102825043013,797.7149788839773,760.1161238872928
1962-08-06,233.00690049471967,216.76052297209054,867.167687051398,799.4776892035839,756.6812953161568,723.7789452213603
1962-08-07,367.97477149551,297.4773490120413,1434.8538836527598,1638.4936960380546,1800.8866578703437,1688.5477188480804
1962-08-08,413.75234468415977,342.5792351470208,6057.664453701459,5540.5791392285255,5139.345789167903,4831.811026660969
1962-08-09,688.125254179665,773.775003534205,4647.1841086769655,4530.365296668105,3963.021761852254,3895.392805652439
1962-08-10,793.4051724463586,539.4696026383556,5355.9641914582735,4494.517023011213,4345.756739221652,3923.502120635985
1962-08-11,277.57661992275047,188.28528243671983,3344.0945949615857,2749.2286823232407,2559.740510819891,2374.4738361824375
1962-08-12,239.59182016579854,137.78695126360532,1511.1539505371488,1244.859829096085,1167.7710642406714,1032.431137603404
1962-08-13,345.2823483688518,223.12301144172582,1996.4014963476877,1985.4176597860514,1805.6812506316405,1624.408602528402
1962-08-14,505.45726562806357,390.0723650502274,2878.162266839331,2937.788923741888,2559.307734576394,2355.841360031071
1962-08-15,536.011145010499,420.580526713254,3314.6965911870375,2964.571840094432,2666.5592971200667,2458.8714941233275
1962-08-16,442.1465682165905,373.42368626526434,2703.8777895987296,2329.1963772632853,2099.25464308801,1961.631437846067
1962-08-17,336.2605123168036,302.32997164905396,2160.286564636329,1786.0072734596863,1671.6402201256324,1584.7091403273773
1962-08-18,527.4669743264521,403.733189353392,1883.4210754561327,1875.2311632366018,1803.255272206075,1629.6749154278477
1962-08-19,432.1737141037629,393.7049315864815,2072.984012083876,1970.9471375441785,1738.8902110052807,1648.3923795459782
1962-08-20,498.44354675866106,435.64870088832964,2805.6317886380316,2563.2791386069894,2367.0815713653965,2224.534153080853
1962-08-21,435.4690709406617,376.5527262589852,2838.9602427343852,2472.729091455543,2323.9977557685206,2184.2078887497164
1962-08-22,432.6382417276367,376.17956969873387,2118.032638608211,1965.592602741322,1807.186404389361,1695.0261370635392
1962-08-23,441.70251837532044,382.80930381841097,1940.465755806595,1802.944172740832,1648.4955798494043,1542.3419584208216
1962-08-24,436.3606982499654,377.1837859365777,1780.8788610615575,1648.1385727216843,1500.291334733059,1400.5438853985231
1962-08-25,420.86975881604474,364.9708374085633,1673.2510154799004,1541.0349248459843,1399.8709361188398,1307.2934504142913
1962-08-26,401.67617491057354,352.2212904362808,1605.3057083395195,1470.318776195043,1340.6776825752386,1256.37717844124
1962-08-27,384.24845940053433,339.1329996125803,1529.5452687051513,1400.6991596287799,1284.3009056720462,1206.104928965323
1962-08-28,325.43135738712516,273.9945260735433,1383.3193583119435,1211.7787896823643,1141.9593767295628,1061.7973403483718
1962-08-29,347.0188244468619,266.74509234263144,1247.2942268873487,1154.6189870825788,1115.2997179207896,1008.1631920658327
1962-08-30,385.4672219820254,328.5365038470469,1201.6068023382525,1320.5905710894217,1118.2750523760967,1035.8992055609237
1962-08-31,434.22044630343873,460.30701796262576,1730.0191138439163,1636.384363065058,1449.0238484369406,1436.7183773898394
1962-09-01,440.93200743215544,378.2762985540147,1473.9664030981758,1251.0901135629053,1229.8796380963972,1139.5799049420993
1962-09-02,402.0716991855012,345.3514269950756,1131.5700394232917,1112.6517499426786,1016.806774978518,939.6871158447209
1962-09-03,489.56742618994804,483.6008366895753,1332.283400886552,1428.1893464390923,1231.152408166712,1199.2193018272444
1962-09-04,591.2096764515519,537.8535285395958,1548.552182408834,1513.8860095964578,1369.4697993137172,1288.4827118747799
1962-09-05,532.6372725960132,458.09658189181374,1491.5661805122113,1334.6735894687872,1221.315783318941,1123.143360437034
1962-09-06,477.3834108950041,382.011538270546,1357.1526643767238,1217.2677639564827,1125.6613211747617,1008.4512662507218
1962-09-07,416.07680781574544,362.11129769853324,1321.687384041505,1253.4913628568934,1097.7290369367668,1020.4185624949528
1962-09-08,450.55833841820663,380.1334889335154,1379.1959025224232,1330.6278577473909,1180.796946726949,1084.8588860939753
1962-09-09,439.60687212361415,377.3217702076453,1412.7655230050968,1334.3338650705052,1175.1191461063995,1087.069644901833
1962-09-10,427.926885343178,371.84711985141155,1362.1506112475768,1266.4326262345253,1121.5674982942805,1041.5796010080544
1962-09-11,411.45041860891985,361.42598996134245,1321.0120290317057,1219.5721520270663,1090.737907318362,1017.4184802038986
1962-09-12,394.1330011072348,350.77907387800394,1263.093944643804,1165.5660489453112,1051.446419208765,985.7597082505952
1962-09-13,380.1492677641651,339.09017474167695,1218.0676016720356,1126.4703352671072,1025.496423207287,962.6101682808196
1962-09-14,367.4713898278722,328.5972291535565,1202.257238649343,1116.8961179896814,1022.3464673932258,961.2192543076507
1962-09-15,358.6476126381144,322.38083169040397,1203.5743463943859,1122.8155040052704,1031.2865192606073,971.9745033719935
1962-09-16,353.48062959416677,318.3536393069996,1198.2290534505114,1120.539447729664,1031.9849112949105,973.5343649597164
1962-09-17,334.6581815992224,305.50385198705123,1160.805304498373,1063.1146718340144,988.3478448845952,936.9842114559817
1962-09-18,391.2538770552453,314.08904571464234,1144.7637041086782,1092.4247459061687,1058.5942307302346,958.5986777924782
1962-09-19,343.3618342005508,316.3698366985202,1169.0575923671631,1172.6691561090047,1017.6761512073108,967.4858570452357
1962-09-20,401.2761830699099,341.79125506642225,1204.6331416907994,1157.4305726819257,1043.5519893970982,962.2589589438437
1962-09-21,357.76571416663035,331.18488644133544,1242.1452306658603,1132.9053232376064,1017.0517504919856,967.8955748676235
1962-09-22,357.6076445922477,323.71255354179243,1119.4740135132433,1026.0043278408177,947.3074453240731,893.8526300957424
1962-09-23,347.57637147833606,317.4880578287531,1066.2032012859647,1002.0719511449222,921.8714872096982,872.8746153565314
1962-09-24,348.85159096464736,321.09437769781715,1053.1720437745048,997.5695632651657,918.952987254127,872.4577872512075
1962-09-25,349.0504053165349,320.6096878850142,1061.2498234663967,999.6525220350941,926.1656479427777,878.6644777696521
1962-09-26,348.9520567662728,318.8727708453222,1062.5628718631094,998.9745775572101,931.7064279997744,882.3084920507076
1962-09-27,333.69989650037974,302.77577117232204,1294.6899014772398,1192.9278933098058,1130.436426788594,1071.2533973736936
1962-09-28,338.37353706913314,308.7081293209604,1895.1877365287546,1718.0404560861857,1667.6098732694777,1584.7219737639816
1962-09-29,288.0389497252595,242.55150495980317,1130.5540566846892,1127.205004273851,1068.3631238360888,998.744118436812
1962-09-30,324.44615482902543,246.54438580481235,1288.283451921985,1339.2669049505962,1208.168633960789,1099.8843952671648
1962-10-01,421.01753956756113,366.5248931969249,1885.5738377533298,1901.751946555045,1664.2594152036654,1562.4456137812676
1962-10-02,488.3810007507699,425.09510738417964,2015.478904210016,1890.1571591853333,1687.1258772060237,1578.3724925508282
1962-10-03,472.86017926871966,418.62228956192905,1771.6778771400195,1594.0744609216933,1439.1284838642173,1350.0730747730136
1962-10-04,443.9251010259295,402.57265271402173,1571.2106105886733,1430.48933737193,1299.642277342607,1228.568822249183
1962-10-05,370.98286248946613,343.88979802466076,1652.8191406600026,1387.9573506099011,1410.6256695560241,1348.719214797725
1962-10-06,967.5774189170498,823.9200139519013,897.9917653769331,1612.8941038307191,1750.6456980615496,1588.502641311676
1962-10-07,10387.820901622586,6814.6367868875295,1652.8161025484674,18881.29398891157,11308.063196313882,7711.636333099992
1962-10-08,5093.763443645331,7066.182132871387,18594.216025374037,9145.200588764335,5603.138416324519,7566.994759039495
1962-10-09,7259.602646665104,6968.055061203159,13207.780610874775,10379.531506240675,11124.9090598408,10662.440193256292
1962-10-10,8364.354453921325,5748.488536684834,19281.653079617812,22072.55849615047,19091.124009418734,15909.160320915438
1962-10-11,5755.894004559181,4109.071550755881,17960.166347645467,15214.517177243588,11563.336760295604,9633.653401152163
1962-10-12,4900.833511408628,3937.020727156042,13649.998006012433,11202.269653636278,8635.19865844339,7500.937844886835
1962-10-13,4272.667616154733,3638.915728628992,13761.724013105093,11792.23259252773,9643.882769502718,8748.438971154916
1962-10-14,3940.0025534800106,3235.635796136049,11753.056619741345,10256.985583911857,8579.227204349236,7653.0626995220955
1962-10-15,3489.763963416576,2859.4611064042665,10058.305246886028,8846.9204544704,7373.039129353812,6561.778480695208
1962-10-16,3103.002636465236,2550.3260560334315,8848.305137963955,7789.702296081499,6511.2871167948015,5803.018496828061
1962-10-17,2771.2854395823883,2281.601804717568,7985.727958378642,7038.220599329443,5918.048192199574,5285.793730257757
1962-10-18,2494.945226789634,2065.1730389379663,7179.865801215551,6369.683929880493,5379.121859530902,4820.48642659605
1962-10-19,2281.209848919102,1902.0509155461923,6458.918166485017,5776.470828783339,4901.521011072444,4407.119918540091
1962-10-20,2083.8306825819345,1761.0700226213212,5853.1340236248325,5233.902732498522,4459.010720480173,4033.395582842384
1962-10-21,1961.6248427296914,1624.4964628497855,5306.690157135248,4785.46828023749,4126.701525972484,3697.4206260102874
1962-10-22,1835.5444782069026,1588.1046182771313,4888.068554587632,4547.369325335528,3844.0943154910246,3512.2256090655674
1962-10-23,1803.3680243358897,1538.7646113115188,4654.726660186762,4287.490475448918,3675.4121002767697,3333.095639402316
1962-10-24,1705.530890233972,1464.0153229281743,4327.965226606841,3964.788900830812,3406.9581158390356,3096.1567849081202
1962-10-25,1628.3328424415624,1420.6156985975304,3996.713869509742,3705.6347019590103,3176.111203865569,2906.529204326966
1962-10-26,1669.220918304625,1432.9450062975734,3917.785686692224,3733.4304962739607,3239.9642416503693,2941.1338283396944
1962-10-27,1639.3567241039827,1422.6064694856439,3859.2155707078446,3693.216210481756,3159.256723980067,2882.614877481874
1962-10-28,1596.6881543169382,1391.8721685571745,3795.318981521418,3572.653833689073,3051.1715501347744,2789.6778397323064
1962-10-29,1561.9386552993155,1351.9563249723399,3722.9897746648176,3494.811850777863,2999.1243904503763,2733.3646148471616
1962-10-30,1505.2617040352065,1329.5563626616045,3593.565917067304,3356.1534602903716,2893.846313348772,2665.384766233964
1962-10-31,1693.1676194392235,1275.9433094341946,3114.05119908912,3024.7498587403356,2890.609205066344,2435.9797379130787
1962-11-01,1607.0900697824354,1526.3806514495582,2548.723238092268,3167.2237657767882,2520.739253018535,2417.6353937894255
1962-11-02,2119.0822372204802,2236.4257361979767,4074.307515955493,4483.525894954071,3703.9344745787585,3767.15065602462
1962-11-03,2858.594294289195,2336.8715244504124,4828.534739165157,5084.150246063931,4689.047669470462,4108.139405609262
1962-11-04,3045.1012691387714,3084.1435349641965,4367.65791325668,5408.578247468686,4514.445032883007,4516.18199575144
1962-11-05,4064.301476835586,4066.188369935835,6782.224272082842,7811.492259320061,6469.952830780985,6384.34714207925
1962-11-06,4734.700913068142,4185.269997935297,9374.545042109341,9436.516161939871,8084.950704864321,7397.318797749438
1962-11-07,4616.859528013688,4057.2955681311287,9377.653434610698,9101.39688376828,7455.523504980985,6781.660670093435
1962-11-08,4423.795424320372,3643.6409661263133,9866.163956829869,9034.495101531991,7557.845365933503,6645.606121404134
1962-11-09,3959.215202204879,3259.9908369210075,9851.695481022205,8968.16389721676,7381.618001861954,6533.0246309683935
1962-11-10,4660.183736925505,3604.867143929733,9850.165554386527,9933.502649815857,9396.615021019325,8161.654741220321
1962-11-11,5595.940707181394,4893.886782782345,10346.250304474097,13711.94292967768,11343.181956821307,10418.993988096381
1962-11-12,5807.603737091795,5386.175488169706,19276.17056293393,18059.566612042083,14787.886257806873,13947.055084122469
1962-11-13,6060.9134550847575,5556.327448941101,18197.13044732986,16555.56439105492,13684.972700292292,12825.40780747519
1962-11-14,5827.482998187683,5254.005129818829,17261.466887060975,15027.48074449435,12881.619418050572,11975.825647907064
1962-11-15,5664.172368781491,4739.007727482651,15245.582471075915,13913.396279686489,11915.404366935803,10697.877771047633
1962-11-16,5101.1007547676945,4216.953911787394,14320.21085465607,12985.437623051519,10840.964098077653,9688.929685780473
1962-11-17,4611.655017559083,3769.3402019402583,12968.270402671791,11518.585796119061,9593.612819587532,8524.059173264282
1962-11-18,4322.068916291588,3639.8916176893163,11654.242422617339,10495.562078805204,8899.649505724272,8016.815408370542
1962-11-19,4291.579641649451,3891.574220419761,11177.6014464481,10683.92380777774,8968.863575612002,8359.43888291739
1962-11-20,4383.611718377248,3637.930795731085,11912.204225811507,11012.788220570332,9468.299491948152,8489.856258313877
1962-11-21,4037.6141610798895,3292.3353544020556,11054.30960997371,10224.838428688621,8543.617381507083,7597.495643450322
1962-11-22,3892.8487098257456,3061.99467818429,11483.901971678279,10434.808933155913,9111.754401623657,8050.351885366193
1962-11-23,3418.661073007328,3320.691650679416,11334.709463144336,10572.122707495058,8781.435561651684,8439.971609706976
1962-11-24,3853.1837683055765,3469.7557079393246,11822.390942479775,10756.229702513963,9580.06108831539,8932.704474705439
1962-11-25,3722.1346827070483,3457.687263001243,10642.397575364263,9832.646989918987,8627.840016190217,8142.809874914683
1962-11-26,3838.16403084752,3471.84461996815,9820.70309865279,9245.291910726544,8126.395254383609,7571.181829942742
1962-11-27,3833.7871695276854,3369.166910981009,9710.933577018943,9148.44776644887,7976.054166973043,7328.328282539702
1962-11-28,3762.5537658663716,3241.5309236742455,9388.681602146396,8874.882206624276,7614.909220850558,6925.819847096143
1962-11-29,3568.186880670991,3021.6859362755677,9187.659175840578,8476.829774390484,7221.924323437166,6516.611998363411
1962-11-30,3322.9739324250468,2801.335672537735,8691.492240863263,7951.458165079592,6731.410744266066,6063.399496060065
1962-12-01,3087.4795663496525,2616.3006236391766,8270.557262198834,7520.332853842487,6368.988157358503,5757.5597007843335
1962-12-02,2883.2999124261496,2449.294236084262,7808.617113571454,7073.177871756395,6027.743020903883,5460.0584825475
1962-12-03,2696.5332191748425,2304.900611536953,7311.852352862035,6651.932360253846,5688.885039017821,5171.235197654304
1962-12-04,2542.226606737837,2183.391909577305,6880.670040137626,6284.625655782928,5391.069944877665,4913.1098368675275
1962-12-05,2399.473603017345,2071.7766797122154,6482.7402374672165,5919.597125753759,5098.580856027391,4659.082726838116
1962-12-06,2468.2801795094133,1995.5852575640533,6040.435621544306,5632.296807946495,5143.452385851515,4569.5242025767675
1962-12-07,2638.277227835986,2348.7491737337486,6212.001710297307,6704.553960254503,5573.85035212452,5165.478653343564
1962-12-08,2742.6909002295943,2376.122025791628,8277.481989841295,7739.8770345468965,6686.962450145713,6149.279329595425
1962-12-09,2587.3499217235612,2282.733845276906,7239.768451835813,6577.040155555871,5673.852810924091,5243.316815477865
1962-12-10,2594.4367143291915,2423.184590858608,6834.558600331969,6478.068136279896,5561.271786439036,5269.755877400743
1962-12-11,2717.3058893389666,2459.6617932634495,7378.211875484938,6883.1881190737095,6109.804298212928,5708.443588183506
1962-12-12,2694.7948922124033,2398.70163404757,7098.307299495718,6671.209080549603,5878.370481043062,5448.692746297376
1962-12-13,2701.916518137432,2362.926978164616,6828.906053193763,6522.104628427864,5659.90350614913,5198.62894437539
1962-12-14,2641.4364321371363,2286.1914194840215,6840.68894925476,6419.488363208572,5537.065914320467,5061.799100469299
1962-12-15,2541.9140787400493,2183.373939797589,6571.241615874626,6101.614313356312,5239.096583145736,4770.041076974877
1962-12-16,2432.0290464512104,2089.6307188561977,6327.75961523435,5868.18464244619,5025.833135728808,4577.979744149237
1962-12-17,2334.5998437427943,2017.1549855519029,6148.8109662504885,5691.3153938115165,4882.985077104882,4461.867383278912
1962-12-18,2254.7443949030276,1955.9061888548515,5926.169609459481,5481.60230484465,4726.490486417766,4327.655394283278
1962-12-19,2205.5011626667706,1904.294207850392,5669.882546176115,5284.7405600581405,4593.594616642023,4197.726046285937
1962-12-20,2188.755994412111,1889.677438494472,5482.283492443557,5211.833726517223,4523.240965958822,4132.304382551276
1962-12-21,2102.493537464797,1855.6520354690483,5491.687914596802,5172.335185106328,4414.924431333122,4076.4424019447342
1962-12-22,2076.0089456770156,1799.4494894754732,5837.752195363837,5382.259505924168,4720.844093914037,4337.109726197114
1962-12-23,2011.7739952155216,1771.2831827589976,5686.938186845278,5304.293968284648,4639.445503933503,4291.7307409722725
1962-12-24,1991.117017362191,1759.7916833128188,5835.955108636163,5438.3325756212225,4778.469679686122,4430.956458702054
1962-12-25,1956.3981822645792,1724.1571854836866,5670.266403449534,5267.033334381189,4629.836473006848,4286.903050091461
1962-12-26,1941.8603441498299,1707.4826595679706,5493.195432470774,5139.007142340263,4524.887038306704,4184.88505207498
1962-12-27,1922.561768722619,1692.7152732755594,5356.472926131797,5046.341759616021,4417.850265185815,4086.3520035693264
1962-12-28,1876.6064193572297,1644.6932367285078,5278.383498450379,4904.194834566684,4294.460170775329,3964.5244618724837
1962-12-29,1833.5003067183497,1607.0012861300318,5189.157724281549,4829.362887282883,4231.598645826489,3907.7398929138717
1962-12-30,1798.2673938483172,1578.3523431164504,5127.156760933734,4779.285653253304,4193.533113521929,3876.374026310121
1962-12-31,1754.2919661895874,1541.2991503547078,4977.965907755095,4627.776294120496,4062.7502260694628,3756.649210307679
1963-01-01,1717.1996159399353,1509.454428876342,4832.17322379963,4502.915633486926,3955.2294617467037,3657.7601858530534
1963-01-02,1679.1739219336318,1477.8340140447176,4703.494602974521,4383.13470911878,3850.4695531131624,3562.4903667111575
1963-01-03,1648.824983484625,1451.8064567826948,4577.85490663607,4276.8324532664865,3759.132270561281,3478.449983893244
1963-01-04,1619.3170756002198,1424.725532205511,4473.373689124704,4187.098263496739,3679.892546255476,3404.109390877423
1963-01-05,1597.307674380821,1403.1021456364542,4382.518745777552,4115.156428061171,3610.0144827691424,3336.621338285183
1963-01-06,1580.286459831646,1385.7553868419634,4331.850851721411,4074.92809185971,3568.347030325664,3295.7022705757436
1963-01-07,1564.513020209461,1369.923575846592,4279.696720979231,4027.890399210274,3522.079716941336,3250.785625611371
1963-01-08,1544.92653166431,1350.5549993886127,4209.631467201999,3958.8620239938296,3461.55588980661,3192.6477414504125
1963-01-09,1540.6370245033404,1344.2175544603049,4164.066044068439,3941.663768939492,3440.9967638921403,3170.7401020631382
1963-01-10,1558.8533519449984,1348.4707764225548,4159.0639613313,3940.3254802253527,3471.9046025362845,3188.316667876935
1963-01-11,1585.6070350319123,1301.310472205824,4127.792676811998,3959.547741771001,3495.9810773990366,3138.9899424233445
1963-01-12,1497.81095762944,1207.3254958855239,4063.5510983804998,3936.6384049037315,3402.713780010741,3044.446088216848
1963-01-13,1335.8099466630902,928.6318229161717,4140.977017014596,3848.9583679087273,3400.8813910197464,2921.9445344259793
1963-01-14,1083.752659145392,1079.9616834986198,4496.688567019079,4244.3388729929065,3523.2141699132562,3427.1215408275543
1963-01-15,1351.7836180933746,1460.3767175665514,5352.6605823979025,4950.663833552446,4476.025384101733,4456.886038876657
1963-01-16,1586.0769175871187,1741.1360143761126,5511.638582997701,5073.945301704871,4830.509725798485,4851.0756771601755
1963-01-17,1858.7703340913736,1882.162635317459,5118.916178535177,4920.413916821695,4762.575794239935,4667.547857095892
1963-01-18,2113.7895167146817,1947.128304488247,5162.774121556133,5255.329296573238,4893.484147953912,4614.142879801442
1963-01-19,2224.7966300509197,1965.7153720897568,5414.459796686566,5423.214289943664,4849.076614764489,4485.133832719064
1963-01-20,2282.6933208570917,1817.8657703152276,5444.065037762633,5312.087955667666,4739.552251042423,4183.219384022073
1963-01-21,2139.9345225706265,1909.0757973993468,5384.729168313091,5276.526370741089,4442.162305324718,4124.156722613602
1963-01-22,2163.926139054349,1987.4282059849616,5881.107158600524,5475.079013246206,4768.540428928188,4491.282118890064
1963-01-23,2227.367446889947,2000.092465484348,6130.39202847635,5746.722455151199,5121.126694293734,4778.403815756286
1963-01-24,2234.5243544386253,2117.6550904043215,6236.70797421353,5939.445114481323,5218.917549369675,4979.9084026504515
1963-01-25,2339.974348508606,2125.12344243759,6377.842808970728,5979.327909641097,5348.268810519166,5009.022113010129
1963-01-26,2334.6951607706906,2107.1466549063484,6223.721212716095,5881.156554175668,5205.975683047446,4860.1988656186
1963-01-27,2367.727337098476,2100.2033680007826,6141.591474355946,5864.9582543295855,5140.917221923487,4759.60759414315
1963-01-28,2320.7451028453825,2023.359956959327,6109.751690416131,5718.978769499889,4997.166150628822,4590.578385659872
1963-01-29,2229.9271052517583,1941.6158239129675,5861.345801683548,5465.720474982316,4738.21155125613,4348.8269350579985
1963-01-30,2152.207057319499,1869.6245596804763,5717.82339625086,5314.472935200447,4608.853822408879,4227.678065027528
1963-01-31,2069.9101010027503,1800.9423180064964,5589.877137875026,5186.741027672331,4498.312385461768,4131.742727415838
1963-02-01,1991.0001951539232,1738.51085536118,5413.809256299484,5003.340479921054,4349.144352101062,4002.0035302336864
1963-02-02,1934.5279963916041,1670.4774265502876,5254.182426893682,4885.717062292326,4280.427232954721,3925.0509969541154
1963-02-03,1962.3922946157152,1647.9031546688611,5726.821458787166,5492.199852125602,4828.798429560638,4396.37470073766
1963-02-04,1814.6006022755314,1599.8536505422805,6456.867810556939,5897.019307572165,5178.760794701942,4819.89155907491
1963-02-05,1747.8320437767716,1539.9231725040463,6259.269293056916,5614.2022806077275,5040.944197913692,4692.609347844821
1963-02-06,1721.4800631340354,1539.0038209930738,5892.711380567363,5458.815159927013,4890.638689694166,4574.869174991533
1963-02-07,1789.866804949531,1601.7653063180896,5891.4616745044095,5565.381072602422,4991.187531013704,4668.060947848049
1963-02-08,1809.018438717884,1603.8072888877534,5939.832509613558,5581.536102554541,4993.593747446541,4654.296733437369
1963-02-09,1776.4225521167255,1575.212795212463,6006.766487638864,5553.201457337398,4960.4941158666215,4624.498457873075
1963-02-10,1791.6959170917855,1582.6840640905693,5950.791298259021,5561.410269259113,4966.3946019269515,4623.832785284789
1963-02-11,1845.4332486369349,1615.2464056079305,5881.369179313095,5581.034903006477,4977.037314012378,4616.865348224697
1963-02-12,1898.6742312043007,1642.9932682600145,6527.437741605607,6201.614717935157,5528.610317335762,5116.962449946575
1963-02-13,1848.4900616344228,1609.10513820914,7244.862021103466,6663.618918069507,5911.982745175508,5491.689153276988
1963-02-14,1805.3623460912138,1571.0287763801855,7624.584094493108,6908.816772335324,6184.125266392499,5751.632190887465
1963-02-15,1768.3453027641,1541.6838299124768,7224.634100419725,6585.510152815434,5881.340146447756,5470.090315553885
1963-02-16,1723.292497615494,1509.1133164006364,6907.864191593645,6279.801768956597,5612.683940790881,5225.394110453843
1963-02-17,1684.6989293946922,1472.6995386136664,6509.807853266531,5934.967789638572,5309.981814969128,4938.631762739609
1963-02-18,1661.9842324096464,1446.3562249849415,6117.163203562137,5631.782515320696,5023.6705515329995,4662.860939130247
1963-02-19,1695.3407478980484,1457.1481359540076,5868.995101326045,5521.78628078873,4902.304321513655,4528.043895683903
1963-02-20,1754.877233957004,1501.7425525721042,6070.577138264175,5808.752509205537,5136.471054043819,4741.617127804671
1963-02-21,1833.6619210963781,1555.7834449634859,6596.584213120836,6394.280462555791,5608.1283734020035,5167.018771399382
1963-02-22,1755.0345316234439,1509.9650869201348,8671.820911826171,7778.839995413225,6941.443867287113,6454.384308941322
1963-02-23,1709.7753403449387,1478.3237652294633,8095.892277875784,7242.5147594348355,6491.832903819213,6039.624657283008
1963-02-24,1675.7611430090055,1456.9485748321022,7508.256857085462,6784.501309283358,6078.821823298098,5659.370389818109
1963-02-25,1654.9694219172118,1438.5539100721116,7068.18599955955,6425.0610792197,5758.155288725036,5356.707698021713
1963-02-26,1610.8621727030222,1406.3845954112685,6689.348496680243,6075.753673884309,5445.0361088898335,5069.552980938123
1963-02-27,1579.0051677633533,1378.742632879644,6242.365363041887,5691.750916745193,5098.634311655127,4743.823277907737
1963-02-28,1550.0073426645235,1353.7204031258188,5876.260215895983,5388.9965452747,4813.103387254048,4475.354248176083
1963-03-01,1530.6392288529432,1335.315816364977,5586.293857454128,5145.892242454611,4583.551465122675,4257.451958843044
1963-03-02,1499.8736992959975,1308.5025459146332,5972.138648630795,5454.575414966519,4898.788999696905,4558.335042353745
1963-03-03,1485.4009792576503,1293.7874866211705,5385.352332718621,4997.155895948428,4455.311940079788,4138.398313910129
1963-03-04,1555.4605825256817,1323.0738956193297,5778.923468347851,5488.519390190613,4940.987130650563,4566.142784507674
1963-03-05,1921.3455178360337,1581.6397830960664,6314.330641931863,7233.461161665967,6539.711253275929,6013.2410872439195
1963-03-06,2441.14778791406,1899.2639478620556,9106.982565587388,10340.27941534989,9308.82234874449,8486.737153817114
1963-03-07,2925.845476430525,2365.119804174229,17746.29458302366,16973.41012443872,15353.170051658497,14191.770150325272
1963-03-08,3242.687705778403,2993.602048280599,21116.648005970612,19405.491948250718,17178.468280816014,16231.098756195735
1963-03-09,3966.177454462255,3472.742576653088,19841.646543226652,18242.290802248015,16164.59500379211,15071.702458683936
1963-03-10,4474.671781784519,3877.327834099704,17085.585239062475,15910.23716376134,14473.685791685373,13421.044310632116
1963-03-11,4825.250695265955,4826.050925256667,14993.071920802224,15025.928766464656,12962.749962783695,12609.856320151943
1963-03-12,6058.800962611656,5492.901697715054,17192.59283245932,17531.753682440176,14862.852402144741,13903.678794225454
1963-03-13,6304.391837883757,5042.838640525877,17829.771390396425,16453.77274073749,14601.78129011557,12983.510546560738
1963-03-14,4973.60345080124,4496.869097568006,14427.620072631678,12131.96810670388,10816.443729244356,10119.172123100203
1963-03-15,6306.713163929655,9016.573157283412,13830.332735947006,15804.07807607433,12854.987379765626,15299.996440272978
1963-03-16,11948.228332608141,10751.746432621869,18397.050107276234,21749.639976711303,19712.36169899848,18174.66547533266
1963-03-17,11971.394612288277,8950.914484621208,18047.5717031141,19059.52198211678,16474.01786531973,13319.918973765372
1963-03-18,10879.55851525662,12265.243221725266,16761.743737306846,19004.33478386549,13386.279652049645,14724.803426877297
1963-03-19,15988.694065669702,16289.555816366597,25664.18349484319,29133.132875294825,23473.699928357593,23456.39804305101
1963-03-20,17497.15035896468,12712.070873352435,32482.572183650413,30556.538202005715,26647.07928804156,21437.543173372964
1963-03-21,12879.141465272794,9072.881403706737,31986.66291335548,29014.88099696391,21997.97606441027,17762.67135704249
1963-03-22,9834.058536944629,8113.078931638844,31016.731019033432,25185.193126340462,19481.80824973408,17296.522539326765
1963-03-23,9301.501667505341,7836.847828580706,26832.96204793814,23215.99664345211,18926.964249243618,16991.918058611434
1963-03-24,8726.408010456182,7390.507947861515,22893.529476965807,20386.661944763815,16771.34140588472,15052.71504661574
1963-03-25,8112.368428919261,7305.528840085156,19329.88213803395,17241.391449271352,14239.982825145966,13156.600901650874
1963-03-26,8105.759075858572,7777.70917099,16559.724180257457,15425.988067821656,12943.893953523359,12408.760521394513
1963-03-27,9207.975928284712,9359.834256474067,13947.240422758765,14533.496346261862,12919.421798817853,12946.688523634664
1963-03-28,10624.413682267112,10051.323429124257,15392.717489821125,17325.89193022807,14589.805184278386,13870.817210710497
1963-03-29,10851.433730330797,8310.861520059021,18308.46907085885,17722.21516188573,15082.919176267336,12376.2425498303
1963-03-30,8293.803210627077,6695.126665421831,18279.15012571046,16036.71854414282,12450.325528068,10684.55090372584
1963-03-31,7306.609016123463,5735.849058392603,18722.64808761803,16206.993001762723,13171.729819153732,11335.802169103781
1963-04-01,6131.602615304067,4982.072293646848,18137.397366385936,15608.393618461734,12808.839691631914,11343.604349461872
1963-04-02,5378.985338496394,4386.829148544493,15253.794808729805,13053.588779984528,10920.069449674342,9674.793238389753
1963-04-03,4715.003282332397,3916.8575022970767,13067.21249443326,11490.183076105986,9557.544571420265,8541.693260026976
1963-04-04,4276.818222973293,3465.793929684772,11707.171705176244,10249.4070298429,8699.166199341626,7692.442338992238
1963-04-05,3827.944139924707,3315.0237505733476,10267.162604045274,9283.010137291447,7742.839933181296,7060.51334297434
1963-04-06,3609.6848212693485,3098.4229926862567,9400.786480896057,8324.058095742492,7167.058958461126,6504.660930140151
1963-04-07,3334.733717502192,2833.57064149903,8370.205178157588,7586.263951888142,6527.80076917977,5893.879439522749
1963-04-08,3144.4244156806117,2703.6160502673347,7865.079375647858,7299.914957274652,6207.707070767525,5640.014164948385
1963-04-09,2969.500345465609,2542.1460327153127,7633.67838236174,6944.479505688724,5974.415705334333,5422.647198996465
1963-04-10,2778.688256267802,2358.370178572349,7021.429530963475,6419.946080229645,5521.813685649573,4990.15457690469
1963-04-11,2597.963517022546,2213.729059712995,6601.567316267693,6068.928285436054,5197.839364351206,4709.075213323438
1963-04-12,2430.85098089539,2105.081860157262,6294.787079413758,5766.186914509533,4940.975780362175,4514.597295596813
1963-04-13,2308.3841923743266,2010.4264081552813,5936.493267417713,5421.6509224251195,4692.886439235808,4300.330485168607
1963-04-14,2189.8819156308723,1918.307845608576,5592.868856653713,5139.547050768484,4468.582854511245,4107.401394561614
1963-04-15,2108.747438305032,1850.4193269439893,5340.974780360792,4953.165345349667,4319.43058085094,3974.5216342015165
1963-04-16,2024.1275729307272,1774.2578331193822,5144.9124608263455,4766.962982003448,4168.37545489436,3834.934650351216
1963-04-17,1933.7348074460351,1690.7385865651127,4899.429129886739,4536.148061813359,3971.101315557714,3649.612883476864
1963-04-18,2089.0942910863737,1817.4253839920339,4531.921899606308,4574.1265714198535,4118.520346942951,3776.225382282456
1963-04-19,2012.816004085726,1793.988767046797,4721.051934046216,4697.593719547383,3889.642795486283,3603.2310394372225
1963-04-20,1966.8374250888355,1701.1422771485418,5143.477251608571,4657.465679081066,4045.874644841174,3702.201384467584
1963-04-21,1797.966754058913,1594.4310143421667,4672.507583513419,4250.181279002954,3682.334170766082,3409.769947660704
1963-04-22,1761.3086367030214,1555.0907398144877,4372.150685317164,4083.207320453983,3562.7492892608007,3291.0825895796465
1963-04-23,1690.9903191169922,1498.2029806016385,4450.2607114649745,4118.020977783669,3642.1434808084914,3377.264408881471
1963-04-24,1656.7524733291614,1446.4398622339672,4308.982067182688,4049.564674223091,3592.277905598649,3309.9586394294024
1963-04-25,1595.185140136518,1421.8757819672678,4185.296962056225,3940.790067354313,3445.886888672868,3203.7966324082035
1963-04-26,1564.88290780757,1400.1412170180045,4051.063368300561,3759.679216396641,3317.2463610222276,3088.132378326757
1963-04-27,1532.3808772519662,1380.9595549110622,3874.938776524775,3621.285094770529,3211.0783898146765,2998.561753915269
1963-04-28,1505.7184818564863,1359.4228863330654,3752.039203984141,3522.795882547878,3131.7180955362687,2926.4554271799075
1963-04-29,1488.2926577133305,1341.316095895332,3672.513383330014,3466.9087667970634,3085.3506474760143,2880.560835170226
1963-04-30,1401.3469708656207,1267.5413936468085,3472.257673979765,3187.3894162805354,2908.775959423174,2725.0722408568636
1963-05-01,1396.2486286171068,1260.7202582135344,3030.849703724576,3096.7154364989005,3024.171275446586,2846.3019583490855
1963-05-02,1741.5067746464795,1865.6777764758876,2970.8817423344767,4114.239875606254,3491.5759438400596,3566.099817811203
1963-05-03,2187.9620591955245,2222.8622365545575,4841.5872487380075,4464.6409065742955,4286.116344400169,4253.238437964096
1963-05-04,2165.6371819217725,1918.300765333883,4456.488716612563,4027.934214167586,3904.0205651275464,3602.594468823914
1963-05-05,2024.946133577943,1769.3215972283126,4519.055125662686,4452.3046836751855,3992.9249415143036,3672.5149107614725
1963-05-06,2117.8417056457492,1833.9951875153065,5194.177909889341,5230.983034746517,4513.089778385431,4138.228703447937
1963-05-07,2053.071767236144,1788.55855632144,5583.809448370281,5127.027590081892,4448.956713739442,4092.477711488966
1963-05-08,1931.1400589099676,1664.3523125453153,4939.384326341367,4475.765123641915,3894.5500504367255,3555.42758735747
1963-05-09,1814.9977339699385,1562.425321224776,4645.629343727371,4250.127295623153,3733.260310273171,3412.331538680423
1963-05-10,1761.280658200711,1521.2832607736532,4256.458699051938,4332.665787737382,3880.360619926777,3575.9403967088147
1963-05-11,2057.828263458532,1673.3786268328486,4360.336616290999,4986.5925251864755,4431.496042118952,3978.9341065729545
1963-05-12,1953.554745105137,1810.2477041933976,5497.243497631212,5718.962345209835,4675.363945175059,4446.559502048684
1963-05-13,2027.7863326061288,1701.9639726779947,6224.340986163515,5423.485725816072,4742.1096086400175,4323.91681335032
1963-05-14,1924.5801693848437,1670.8985097027285,5614.6636488098475,5071.812609719115,4474.228491223639,4133.780844408962
1963-05-15,2002.966855168039,1732.1883320541633,5577.094583165852,5439.868156756472,4588.2562809000465,4221.835098769881
1963-05-16,1933.4563863811163,1670.378955973991,6000.585984374803,5409.507939965409,4645.833921127643,4277.270651286409
1963-05-17,1771.1639184385922,1524.6602890268,5277.752911228198,4657.311225823122,4054.795707064158,3722.3504176520632
1963-05-18,1725.7971248846904,1530.3584584418734,4199.440672481885,4187.047691273823,3909.0458074165854,3654.782710606627
1963-05-19,1869.824996340818,1733.902373195235,4257.202080539623,5253.382200679802,4458.725009939951,4242.49313100703
1963-05-20,2062.947734789661,1930.7861470104463,7046.140972213865,6464.506786976834,5635.443230926993,5367.3346408391935
1963-05-21,2111.2553564696627,1786.3305029148019,7717.863203459764,6721.6115932435705,6145.268058331505,5653.222871443318
1963-05-22,1871.4269491595526,1610.6987062175917,6542.48613933995,5849.512128706141,5175.124793419387,4781.090202347529
1963-05-23,1823.7700463061146,1560.1669097144013,5839.668352824223,5359.50503904403,4707.473979255017,4329.528919510214
1963-05-24,1730.2124763101328,1492.2724998717222,5729.457516696088,5218.146855292299,4592.99907458033,4239.638227656111
1963-05-25,1636.2635343433312,1423.202443862642,5120.636256550353,4646.701728754399,4086.780643224628,3777.9023522352977
1963-05-26,1553.9230807330378,1354.2641912545869,4652.704592050972,4251.509224785845,3745.9350170852686,3462.599058922142
1963-05-27,1479.5968827306524,1293.3163440964868,4380.464114163573,4026.865138413801,3551.835898965858,3287.2046401953357
1963-05-28,1422.2291369718534,1245.86963650386,4167.0363793079305,3853.794501103611,3398.24015443417,3147.62519919656
1963-05-29,1475.1801554175722,1322.4057999201004,3654.711617505065,3510.6774540546626,3340.3704343398153,3130.2455200830063
1963-05-30,1909.0248995052543,1536.8599097076876,3482.4807330420845,4196.467733577618,3793.4750361570386,3356.8343545148664
1963-05-31,1943.0132944354048,1734.220866427985,6801.526455551657,6890.198861767969,5745.029061233681,5374.1073247617405
1963-06-01,1735.9662430382884,1473.5785741766858,7859.262110163132,6524.246979602859,5822.878150539119,5380.766107319024
1963-06-02,1487.150639915807,1301.5088371617355,5629.711750537909,4904.302650233693,4299.525461151116,3999.6943247252775
1963-06-03,1406.9411076056792,1239.619351978397,5159.4954296564465,4598.006450222338,4102.297381021827,3825.326325867285
1963-06-04,1340.6169025606455,1175.6688580404982,5013.960053750425,4534.001137372748,4086.64150460571,3809.1520895427993
1963-06-05,1273.0136298718876,1115.7740408309364,4582.191028859375,4183.059541767148,3762.933149016665,3505.37369000917
1963-06-06,1216.4689412209805,1068.272226953673,4149.015457667014,3804.8637286139788,3399.5721879996704,3165.723460127428
1963-06-07,1237.9856027612248,1124.0159132183098,3784.258884856506,3407.442957826565,3180.9034622404943,2994.4359710331273
1963-06-08,1418.3847352809835,1201.1415891040124,3726.2681363603488,3900.3893246443617,3554.295327744803,3257.8242986867776
1963-06-09,1480.639728672656,1257.4754543789677,4272.509184388553,4493.449243167135,3722.4379221501617,3412.2274745946497
1963-06-10,1693.245031185938,1578.8486573194418,4988.861413649371,4481.696136903958,4112.965779664263,3903.6199195807235
1963-06-11,1934.3384309313333,1852.152554096499,3501.602959674861,4144.84227422232,3747.688802914283,3619.353247054051
1963-06-12,2473.17493862248,1924.8544408214111,4476.152929437298,5353.513676721614,4561.099576006399,3950.5401293271807
1963-06-13,2111.9751066370823,1770.0426168276679,6431.092760838084,6041.735770775802,4740.45788977395,4301.541598424951
1963-06-14,1846.4455479195353,1504.7186460192436,6231.333157927636,5178.1399545193035,4213.013866374637,3782.1025770857295
1963-06-15,1715.0239955864838,1478.995128216141,5442.990642695718,4632.509352420608,4037.633468480849,3714.808530547655
1963-06-16,1677.0933126678035,1431.8293805138128,5041.094662795184,4825.447438692467,4155.950825555135,3814.56113382631
1963-06-17,1658.3395505513472,1408.417119863867,5428.496715712178,5198.564713753189,4329.845314237337,3972.102580258628
1963-06-18,1382.8964544306732,1185.4976354094567,5633.105158154713,4651.244750884215,4097.039679698119,3788.144371013078
1963-06-19,1236.0552444055506,1085.8835153706314,4503.693581467724,3981.7461473651033,3516.95693149663,3276.414182764135
1963-06-20,1037.3491871559863,661.664294075428,3929.511487769565,3317.4669800615175,3037.0613843754636,2585.078959763735
1963-06-21,777.1636311222239,1150.6761779893163,3184.4151008033177,2636.102097234639,2528.3991510645283,2839.2818440196734
1963-06-22,1056.2579771286391,2265.7123829644934,2885.2569334798754,2694.7415631930417,2809.713867589896,3954.453916886701
1963-06-23,2396.0620243531994,1457.5809741127393,3042.2883165551902,3300.404215393959,4254.313945364678,3245.145744671463
1963-06-24,1232.8644749672899,1199.8227203451593,2713.10615349723,3332.4993973284745,2407.8566196083825,2336.938098817948
1963-06-25,2069.8889281043716,1776.2444623030897,3778.2340597765588,4337.788127087416,3519.8413965745212,3175.170375140192
1963-06-26,1806.1045312460353,1518.594368157219,4835.79675528577,4112.125005539605,3539.691631847594,3186.840567249523
1963-06-27,1516.9546817021564,1253.6599534521695,3083.0908863467484,2643.3047989238153,2202.121838948495,1921.9435418615853
1963-06-28,1352.3806550162471,1124.9830202828998,3130.1880636546603,2874.662580826458,2413.3789305596506,2152.4010290545743
1963-06-29,1229.4971876058557,1036.670773751689,3595.370662930064,3265.5743530186473,2810.224088701347,2558.65437920834
1963-06-30,1186.9667064476598,995.0041448443332,3800.7804377925313,3457.200259239743,3062.8213310756655,2797.446856585191
1963-07-01,1066.6516656077677,919.7891071242921,3419.8311620454388,3097.0659670945506,2715.2653782245084,2505.863393008895
1963-07-02,1010.0867609735885,864.0923381943243,3105.4365834509,2832.4148985244165,2499.547763966002,2298.540395613714
1963-07-03,737.1608015826276,982.3017398208851,2673.9294446964404,2052.738123347619,1949.7332972923905,2153.1676703554585
1963-07-04,1160.1102531140705,1693.6572126796902,2382.4962572689956,2507.702434219677,2537.1992112225034,3021.0081026271655
1963-07-05,1572.7929144084487,849.2086215668866,3405.371267885594,3060.598619289385,3571.9285829638784,2767.56466296037
1963-07-06,778.5962738539228,676.7525655889443,2169.051460737543,2538.9170469523388,1812.9253180857731,1676.9679251953157
1963-07-07,1310.2050677888828,1121.5001260925528,3114.516782087182,3366.7668813637474,2739.4180064073626,2497.4285260962292
1963-07-08,1203.8884964329723,998.7567774744255,3578.4636398235416,3045.8505045770003,2669.847931275347,2409.4657453709424
1963-07-09,968.7701568483233,836.0550023151293,2294.0115900256087,1942.2273612706076,1648.9676508504047,1497.3224166294021
1963-07-10,891.3019813952674,774.7627566310708,2177.4837431430024,1975.1253798870514,1724.7699484876914,1582.4742784692987
1963-07-11,830.7393509286354,729.3756215037079,2299.3758975632068,2102.8612183754035,1875.7373440751762,1738.9325023776223
1963-07-12,795.4137027624804,703.6821300925967,2432.729239521412,2278.4758292738734,2057.661996506182,1921.3397975878047
1963-07-13,768.6470610539668,682.4681297885118,2507.998816067816,2372.196511616461,2138.1213650370046,2001.5495232814214
1963-07-14,723.0526959089549,647.9886794385872,2431.758340524309,2143.652148469656,1949.2145335909167,1829.7604119608832
1963-07-15,708.3912295759468,627.2146961135136,2154.3318842932176,1991.7743985929058,1825.020277628836,1704.4448211585157
1963-07-16,669.0432075389265,606.552843557104,2130.8334057079205,1972.7249574243328,1798.9852766845338,1696.3416985654026
1963-07-17,658.8994645987359,594.5180984016451,1991.3613648733772,1854.127551407448,1698.917810765492,1598.4387731113238
1963-07-18,637.2047367289504,576.1478633960339,1911.150972191016,1779.2802906216682,1631.4890434383385,1536.3120950003163
1963-07-19,618.8396214363262,561.2174634848117,1843.3976995411851,1720.0961035837663,1578.8869239246196,1488.5825981041125
1963-07-20,606.2751919208537,550.8237158442091,1785.637144830533,1666.1409026814194,1537.8856782810803,1450.934093474152
1963-07-21,593.6513658340209,579.0902244943554,1846.7269556256763,1724.9295113589915,1596.9480237557468,1547.5007099582053
1963-07-22,623.3103627312119,534.7064170054541,1956.9863156056635,1825.7854985314282,1732.2725835021085,1603.7955392256451
1963-07-23,482.65273767785243,389.8495609615182,1784.7960895133642,1567.9171752084158,1457.561866182233,1331.1617287540516
1963-07-24,536.6606570582351,435.0360963812384,1556.6901750518812,1540.1155552049436,1437.370655605032,1305.9034333613604
1963-07-25,470.93422595996265,488.53117785428526,1707.8977868693041,1606.9269097444821,1427.0726207092916,1411.7762808062585
1963-07-26,584.2144072195288,528.0081851945306,1635.6119434676395,1555.4968502900301,1467.9548081586408,1381.9292181173294
1963-07-27,517.222192780794,469.30933609471737,1560.6411153372078,1422.7860859972266,1326.260206639647,1251.657470822935
1963-07-28,495.5950974793194,470.23100443518933,1433.3861551189536,1343.627065432584,1244.086298896601,1194.6075149369763
1963-07-29,513.4223137190761,485.0854817370429,1505.5346769539187,1428.1588511885202,1339.1352066383513,1283.176078790327
1963-07-30,517.8548348251684,457.9030426209113,1465.2937541577098,1402.9524151803153,1332.8806043212992,1246.1611073205
1963-07-31,480.95678313298333,490.1114555868195,1459.4528762542614,1368.5227060818463,1251.4308003890578,1235.3576055857275
1963-08-01,524.4868672829331,465.3414470500001,1430.5131124963436,1330.2743569004515,1284.2512994924532,1200.3820807433042
1963-08-02,507.55462881229494,456.60839462624443,1406.0595808321937,1395.4866907442524,1278.6515528822601,1202.3412552258173
1963-08-03,480.0258709525883,441.39852024605403,1458.5521396356316,1337.653092325349,1232.253046364714,1169.1268560992326
1963-08-04,338.72046887777526,196.6104343894847,1418.7639876803075,1124.6431208648546,1099.3030050874854,932.3222879093457
1963-08-05,345.7289102333486,610.5167897972558,1540.689528943748,1612.6816645014405,1394.338443017761,1620.9667349617066
1963-08-06,793.7491211337865,765.7188684004169,1629.7134565604185,1669.1656820896696,1757.50494979113,1695.2044152517647
1963-08-07,601.7083735892761,475.9478304984959,1391.6440860001032,1217.251701046081,1238.7302880614702,1093.2395268878158
1963-08-08,442.39054065846796,407.4302807640972,1037.3832769897485,995.3572299014753,872.5599858969065,826.4609025691459
1963-08-09,408.68362954302756,203.29991445462832,1264.8289734654854,1089.135540345701,1044.0251546906961,818.878123083394
1963-08-10,332.3169669671797,414.1990576416516,1279.3100040311651,1368.0980463312221,1080.4122840197497,1137.5353484259074
1963-08-11,550.287856821514,524.8736863602118,1575.4636153280028,1461.8728606748905,1412.676153868641,1357.3031588220647
1963-08-12,474.4476514159899,432.88057247918925,1332.5363432364989,1188.2409187045573,1148.1002384254307,1084.918053989952
1963-08-13,390.35593081449395,372.1901527834535,888.4431674648398,1097.2050350084285,1038.4695913607688,1006.4124837853709
1963-08-14,554.3263803448857,482.4736549812087,1745.969048778427,1625.9794617625462,1565.610984082763,1456.9788762988806
1963-08-15,451.0185051142985,466.64167690594076,3752.183316695521,3266.1089179421024,3092.3217325514706,2990.6368471760056
1963-08-16,521.2272315820908,450.10356210174655,3479.0671658529513,3118.3708094314893,3025.263558268135,2844.0707701896554
1963-08-17,404.5627447148169,377.5487254971915,2113.3888913110804,1861.0315629087686,1767.906698916509,1687.551957126723
1963-08-18,399.94859733389916,379.7575740597576,1535.5878547738719,1414.9987471510426,1353.4500402994067,1299.7706108647849
1963-08-19,421.0020845761941,399.50185348892427,1461.1799714396275,1387.7560566723175,1321.398488344431,1268.44082382234
1963-08-20,441.5804558997886,421.8016630113787,1484.8429227741672,1413.7482945419733,1343.3058255352926,1292.0808411713952
1963-08-21,447.04727993627176,419.4573248183641,1467.1009200823598,1378.5268767967068,1313.5377560231059,1255.977223089521
1963-08-22,454.0151115458152,418.5944763019971,1408.7024435255826,1325.723801012502,1266.2387784273294,1203.2097235575602
1963-08-23,419.8662596309448,392.4624459340706,1372.7430858315618,1267.6181959010528,1200.004853338708,1146.3028738509565
1963-08-24,414.60178125045894,393.5711460231548,1406.6612540705564,1313.395562743784,1246.82511061072,1197.11828199289
1963-08-25,418.38018650614384,397.852811807388,1354.6707859239698,1273.4551562756399,1211.8900069204192,1164.3660650019954
1963-08-26,400.7623752364579,384.4123526388911,1302.9952524518883,1197.0435045284637,1149.5039475647886,1108.082283139238
1963-08-27,399.9755806335152,381.57063130722184,1247.093017047131,1174.2691740406958,1127.5322453834299,1084.959600006945
1963-08-28,403.8020965228929,383.9334062638663,1259.6640705205673,1195.6044358791223,1142.2451992013744,1097.6657001883832
1963-08-29,397.9052243591693,372.7457776358894,1285.9816851894784,1206.4253374619882,1157.2974549326882,1106.754985038874
1963-08-30,390.1538561436075,363.9884796678349,1328.6708840242018,1242.6552263326066,1186.6649757356126,1133.2715557043944
1963-08-31,384.1882468367996,363.14945565450455,1260.768830748154,1186.9897777504943,1126.572286700857,1080.680357600019
1963-09-01,381.1034264948596,359.98383976496723,1315.0579614336566,1223.9500580103122,1168.074326946303,1119.9984042356132
1963-09-02,371.71984297873723,353.9971791035109,1286.0328206633021,1193.763334196628,1142.1888042429794,1098.1873854607686
1963-09-03,367.25348273547695,351.90452839084617,1216.541991032535,1136.6919294097884,1089.7797241218664,1050.246532695308
1963-09-04,360.06068926395426,348.62612387216086,1183.7400962807903,1101.057539549048,1061.2064429112288,1026.503881492096
1963-09-05,362.23602828131715,356.9923856498998,1159.3316667684899,1091.4925154713537,1054.0974519459014,1025.9687378426515
1963-09-06,315.5327166188622,282.2753122875313,1076.2980716716097,1079.9604090671687,1059.269988584525,1003.9095149662805
1963-09-07,281.8744293237387,277.24270812450476,1495.9400189802873,1336.4425645836125,1284.9088885113122,1245.6363466555404
1963-09-08,315.12223245166456,569.0293644987222,1769.7977910286395,1702.5053367085388,1636.7618617749058,1841.1518196222007
1963-09-09,612.5549686601977,923.7644266665036,2206.057000486954,2012.6445607183996,2213.9277615116334,2461.6992326254576
1963-09-10,892.879740680313,696.083693754734,1492.5793514503234,1558.080442936001,1870.4828210675898,1640.1607467564954
1963-09-11,704.5008221695019,591.612321373451,1143.280916994816,1422.1334877650447,1224.4680210175113,1097.6535695164907
1963-09-12,595.5065697485517,545.7024565260207,1628.129679856217,1372.4407609681916,1251.5205865452049,1181.8818433376782
1963-09-13,740.331247930251,655.9839933371959,1500.8577489592976,1635.273566075999,1462.309908717239,1355.209456668199
1963-09-14,714.2181585024862,635.611107796361,1722.6508218893873,1616.5319639321538,1445.6456031427292,1343.3808099194398
1963-09-15,641.0790289686475,581.4278021876332,1505.9306653908707,1331.6846676524738,1208.9127602901635,1132.6009521131232
1963-09-16,590.6186460445506,540.4175720870992,1387.924504825092,1260.7411808127413,1162.8400385862997,1095.5902548931244
1963-09-17,559.7346465159045,516.5240082554144,1358.5488894368395,1260.2609744771294,1170.0663030040669,1108.0600020017464
1963-09-18,540.8974589970371,503.7349722837937,1380.1422736724871,1290.9111209670898,1205.6669828499257,1147.29797475789
1963-09-19,526.9769262216946,490.82032028780753,1477.2748112277723,1377.4355999222983,1297.2409014433313,1235.2116871004616
1963-09-20,510.0214979541969,476.69811325187266,1527.760784888882,1421.4436350680594,1342.7707879831923,1280.7294039772014
1963-09-21,498.8397254959596,460.4939679582937,1479.145932045127,1378.755004946299,1308.5262141964317,1242.5103931776007
1963-09-22,482.40458909312554,464.4689512021223,1416.2267012658317,1332.9160077051256,1253.7459423774944,1209.789389418971
1963-09-23,491.2771196985778,463.93845511406477,1381.986991301318,1298.0380877119183,1237.6118295638264,1185.328187240397
1963-09-24,477.0575484784277,450.1337171330599,1344.9635686655856,1259.5268217653831,1198.542718300299,1147.7162645518767
1963-09-25,466.18735312555464,445.4711363876946,1288.9004457776693,1210.9906142294567,1151.8412426248833,1108.7668685098797
1963-09-26,464.64459568679104,442.68555079400164,1268.1287994783331,1196.2748340301691,1142.4500392944915,1098.4562895670838
1963-09-27,461.2203376846759,437.91982984533047,1247.1201696001604,1180.939121671452,1126.599401709132,1081.7726928107186
1963-09-28,456.07584317846135,431.83634222299384,1226.2674490162071,1160.603959622919,1105.8157947663149,1060.721168433525
1963-09-29,479.6224624879841,420.6048222788288,634.1958210441477,1629.2884175568718,1525.682090055499,1441.1136821398782
1963-09-30,583.5768190582114,536.3648159691298,2648.2688023208802,2620.9378265485766,2312.8186880896083,2210.6837598446946
1963-10-01,745.1800110757567,693.9978183853632,8760.947218811021,7908.889366729198,7318.346267023997,6950.291990541867
1963-10-02,759.4548493144891,669.467179869275,5443.6550604560925,4569.4252612945265,4286.623383253264,4044.9284183995283
1963-10-03,703.3552520214987,661.7069241191529,3379.620146272494,2958.637816715013,2760.3026815593084,2641.139472525869
1963-10-04,714.2490712557499,684.0512209355425,3057.291097690413,2862.408057606285,2676.27351168092,2571.783355458492
1963-10-05,718.6415187322896,687.4508605442862,2930.339911367819,2614.317870445436,2461.6978362371015,2364.188301111378
1963-10-06,718.5695975064045,671.2315079190112,2788.351489831554,2518.793635809506,2390.421093427566,2278.916009868513
1963-10-07,702.8910136738202,664.1679464616701,2635.49869366876,2426.9570537568034,2285.2243088473438,2185.576079044947
1963-10-08,711.8028317585565,661.2632246652892,2481.090080203511,2308.0013267564423,2170.748376167964,2064.6386847594613
1963-10-09,711.5331480950422,654.340474611065,2294.6183109043777,2160.2138728699874,2015.2710821155265,1910.4550827747435
1963-10-10,704.0754904207874,646.6586387048332,2145.4233680329976,2015.9601055945138,1866.134203169936,1767.2113072975708
1963-10-11,694.5288540378192,639.1038756606292,2034.6503120840605,1903.9726626050788,1759.8730255776245,1667.4739195651919
1963-10-12,686.3286773449066,631.0354453465211,1937.4252498021383,1824.8569646098044,1687.6687414812814,1598.2640578979106
1963-10-13,672.7689023962927,621.184024478149,1881.481136555456,1770.8071149023294,1636.5358180637327,1552.4716381979856
1963-10-14,662.868477998772,613.937786303609,1842.474325004116,1730.3754684192318,1601.8621774519115,1521.4240371403953
1963-10-15,654.1076452693829,607.7627314516616,1805.4626386486825,1700.3837465599113,1577.8079044178908,1500.5838064524305
1963-10-16,645.0049203655797,599.6923467774516,1778.8535044703617,1674.0403693809321,1558.188583791469,1482.5508592268443
1963-10-17,636.5375901035362,592.1383850161875,1756.8540970965432,1654.8419499927154,1541.3487215082293,1466.7673934949216
1963-10-18,628.7654840294659,585.3055024441005,1734.0500748425288,1635.6340137835118,1524.8834432383778,1451.6075468992644
1963-10-19,621.5944943121672,578.2507427815117,1708.9729898906312,1613.131051736983,1504.6492160403432,1432.076403188777
1963-10-20,615.3870542268918,572.2552770313557,1685.2042145829823,1594.3766553665769,1486.7832716913313,1414.9536196950453
1963-10-21,608.5913556551968,565.7706536137089,1666.2679983438602,1575.0222798987488,1468.4091158302272,1397.3016482612168
1963-10-22,601.8346896847656,559.2183471016709,1643.382109048139,1552.7176084295918,1447.7735798405877,1377.4582353650112
1963-10-23,595.4037842171533,553.1528839395093,1620.7239339044863,1534.2587111561875,1430.0603206880032,1360.5838064159295
1963-10-24,588.3359267282076,547.4473917427928,1604.310696990834,1516.6539370628198,1414.3441355627401,1346.557894493837
1963-10-25,582.7495119332798,542.4638246579998,1586.073476532153,1500.012441866622,1399.8668451632882,1333.0184783676752
1963-10-26,576.6915163822774,536.7024408671198,1569.0746869679924,1484.772942926931,1385.9109193425707,1319.6870721807386
1963-10-27,569.8055286109104,524.2293312436839,1552.6343751217742,1469.0705265739343,1371.2827271164433,1299.7890150660692
1963-10-28,578.1020724484005,538.575764716251,1541.8797196892046,1482.8866481291948,1377.642992094798,1312.4159146762465
1963-10-29,584.2599639907706,564.3780990166453,1577.238492364671,1520.740915263148,1406.137836321695,1359.6197406910276
1963-10-30,592.8035253249652,542.3905136341472,1656.4094302691,1545.7286403185412,1462.788094495051,1383.350913232996
1963-10-31,570.4643631883434,548.3323483876861,1818.7084981549258,1709.3441129949802,1597.6911078689955,1539.3691415869096
1963-11-01,605.8508048343294,578.0417489196334,1677.8279359318828,1623.8867894920718,1530.9220820532423,1472.3568430344142
1963-11-02,660.6118935827951,609.9052609334326,1625.1097971920033,1652.7125417354755,1540.0901675489995,1461.8599859873568
1963-11-03,628.0438733516837,601.6412713354608,1753.181224579559,1662.9261696787164,1538.3974850444415,1482.9216545926731
1963-11-04,628.6775170856544,645.8260878574449,1952.5041663817492,1795.8900361354663,1704.9592406483116,1685.1879031771791
1963-11-05,682.5889002700275,698.7971238875061,2016.9146486743591,1905.8954054110673,1849.7897294773643,1824.577968611083
1963-11-06,753.7620226832018,725.4255930400536,1998.7053439338092,1958.221411577988,1913.7523679049582,1846.239019145717
1963-11-07,714.6744413122174,285.26561138691557,1090.2315882646412,1152.5250501372584,1251.685357866907,817.0021959884336
1963-11-08,903.041266686318,527.7722680896776,1080.4823350664224,1906.2693884321907,1894.7661518171233,1501.4480891317432
1963-11-09,1628.2923322218248,2861.662362577534,4742.1775054900445,6011.804776648694,4941.852905020274,6049.676398247281
1963-11-10,2755.551241693332,2702.0176592025355,7341.284942345209,5738.411992500867,6687.3836171348175,6470.889897704525
1963-11-11,2456.981037472065,2388.4840960533475,4845.102063800803,5175.534972777108,5141.176402626479,4972.093198583153
1963-11-12,3104.641475267838,2732.8332421691402,6844.973117907555,7712.3656192857325,6825.8478694211535,6294.149857934006
1963-11-13,2899.991400696348,2345.3080881786896,9033.969678660025,8159.016321846402,7248.853440751242,6498.17065280776
1963-11-14,2544.665986700733,2158.4462706972236,7126.3288888080115,6521.689719844446,5490.76938424362,4981.507292623062
1963-11-15,2373.055612226352,1994.5395623416114,7047.075415226191,6261.428660104551,5412.198956740983,4904.48468318569
1963-11-16,2102.3220511546933,1831.0603185593739,6888.980614683784,6055.518793562149,5302.217437283398,4892.051274411306
1963-11-17,1967.0764417416672,1718.7562872559406,6289.280678902218,5611.649849712985,4991.962981489476,4613.436087367215
1963-11-18,1820.8592749154077,1578.4845400734662,5806.7980814408775,5215.903880222984,4667.092138347798,4303.827679272153
1963-11-19,1689.2281974417863,1467.619680859864,5310.978609875516,4812.64075848529,4294.2222289807605,3963.875856842331
1963-11-20,1538.5377047889936,1381.3175167806094,4872.992633581438,4355.121079872264,3904.8238671758136,3650.58561684708
1963-11-21,1485.6408516909482,1320.1659918640466,4454.858149099383,4056.693404239365,3678.2718823109335,3424.4942167406393
1963-11-22,1435.3897914747604,1326.0634411831797,4227.2928901350615,3929.5954335654696,3537.2945759675486,3343.7226595686925
1963-11-23,1458.8317078932664,1188.1978674927302,3751.815321694889,3369.5868802505865,3317.592728695713,2981.6669279413686
1963-11-24,1436.267379784727,1174.7901219113262,3497.8605008501468,3729.403288117901,3395.706165253836,3065.21889957944
1963-11-25,1378.1556396453389,1591.700932766775,4198.76783262542,4181.655504634012,3600.3578193326534,3732.377816586235
1963-11-26,1708.1523693385375,1829.6653108991534,5222.097046121284,4679.8458741364275,4583.4431424024115,4589.950107254705
1963-11-27,1878.6909198983792,2080.4084110796753,4573.172301450937,4441.51430493796,4332.975900395313,4440.351442879839
1963-11-28,2301.9180260531084,2271.9657735798705,4827.03263909191,4963.073508240381,4808.4814258562965,4680.374387020292
1963-11-29,2812.106260806465,2235.608069773973,4504.806955513729,4654.169733635224,5230.395456629291,4587.383428065592
1963-11-30,3336.4106146226222,2118.01697554384,3237.075839334666,5777.61713239847,5582.754338632828,4314.3833328823075
1963-12-01,3412.6080193645266,8547.285452026674,11164.912508073196,12302.0728273114,9948.778156282526,14816.44805417244
1963-12-02,12051.767931344984,11034.553534621858,15434.858635894521,20393.94070777606,19934.742984285534,18558.78197007295
1963-12-03,10853.202046627812,7760.345602735848,20113.003849205565,20202.481685570427,17301.37310825313,13920.842910027775
1963-12-04,7813.318701876137,5876.168244026023,18499.944388433087,16323.008544409187,11986.192478690344,9879.187315528845
1963-12-05,6071.252375918398,4769.193506961495,21213.54918091089,16872.233224119886,13685.542415843502,12015.09922247407
1963-12-06,5100.068582735278,4103.69571414693,18065.61683929859,15086.567247940651,12669.920370472108,11304.998574298803
1963-12-07,4403.7821246481135,3579.2214337017963,15100.506067718637,12925.202608687008,11003.443321045153,9864.748888121041
1963-12-08,3985.972610642334,3213.10502185,12494.179807091241,10957.067555031204,9515.08238475915,8496.039600168022
1963-12-09,4284.392731528862,2640.50317112355,7650.219176362497,6840.414598474865,7588.900057452882,5853.238618791171
1963-12-10,4181.809543171155,9025.200353884296,8766.014316274788,12620.875717395878,9050.066420810086,13716.225520200107
1963-12-11,12226.194214755087,10900.690318085364,17081.22503738445,20420.804127078703,19887.889879163275,18220.003984650946
1963-12-12,10657.293747665488,8127.066515495919,18338.21984452218,18490.227425140478,15426.596990861084,12703.953853071602
1963-12-13,8480.138476869093,6418.157178366423,18151.610482382766,16469.864147743705,12303.905468760484,10092.299307268644
1963-12-14,6710.1587998708765,5261.918970506962,21670.358735257087,17792.02513418657,14304.082147698457,12490.493543132627
1963-12-15,5639.957711375229,4537.419196084464,18514.04214968358,15522.2242651101,12802.543880929064,11356.003847087184
1963-12-16,4892.565801048561,3987.961740324543,15670.829124552234,13404.775814852586,11226.572467313257,10022.378373165764
1963-12-17,4313.70879159078,3551.25986875283,13266.746317423787,11561.012038263685,9727.528478435743,8715.785792799272
1963-12-18,3848.238972897964,3197.060548668352,11541.848142924384,10157.294787448616,8571.270375411594,7707.4758434594105
1963-12-19,3485.3209916549704,2933.052969630434,10219.10584242446,9072.330726518376,7685.777623293479,6948.378568212145
1963-12-20,3210.54005444517,2718.5060471932775,9205.773498981544,8245.075172854727,7023.863328821906,6366.570098750255
1963-12-21,2973.735802925255,2546.066573791176,8395.53059956237,7569.937526820688,6470.371797288088,5893.431705356216
1963-12-22,2798.860840485573,2399.0945834735994,7737.510830569448,7017.7930823805855,6030.50752531437,5494.523046546039
1963-12-23,2633.1948273442304,2264.7798811818916,7208.518207330117,6577.213089889187,5661.757177820209,5167.196264740447
1963-12-24,2488.197550978138,2150.6350956243227,6761.063259252071,6187.4796445886805,5335.325628831943,4880.465871166038
1963-12-25,2365.2187906554473,2055.096993432802,6382.129968947958,5852.118535950311,5058.431323248597,4638.257695454728
1963-12-26,2266.2722350127683,1974.369118820055,6116.745028533605,5630.866298660978,4888.826651430076,4490.094194335208
1963-12-27,2181.7308545385395,1905.0991706033064,5871.149601881765,5428.251876383862,4724.939146384843,4345.303452562293
1963-12-28,2102.115124508852,1840.5690543981718,5651.826774695253,5226.879876797182,4559.68947894842,4199.047988483317
1963-12-29,2028.1459686363771,1774.13246715271,5441.432960753286,5036.361406585218,4403.405652358758,4054.0678220961
1963-12-30,1961.8339932333527,1719.7363778923636,5220.354365035204,4851.668055494428,4239.588671927461,3906.898925863582
1963-12-31,1901.2783836568756,1670.0252874707844,5038.299294824299,4685.84332742349,4097.072119774376,3779.016044323017
1964-01-01,1844.040856230351,1620.0895883269807,4907.201991230166,4561.431831510629,3999.0187185172626,3690.1564616404603
1964-01-02,1793.0966455049597,1574.079559614105,4910.9621083964885,4568.099162469845,4018.7296082724724,3711.12584133623
1964-01-03,1748.110933540271,1529.2916978940752,4834.191487258271,4507.116421810414,3973.8695441418213,3666.9986415631856
1964-01-04,1778.8992752846113,1518.7870556029488,4847.964053497226,4605.854256410982,4093.891214260742,3742.831052637288
1964-01-05,1772.3751513895957,1540.3816096203686,4934.761702910742,4740.078004233585,4145.118423705524,3819.4000072143635
1964-01-06,1765.4531650911626,1532.7171927990132,5253.049933170716,4948.857065635042,4372.0345072716045,4035.5262246804036
1964-01-07,1844.1020479692183,1546.29806037263,5511.223690932915,5316.624590973333,4843.30693533719,4428.872721509335
1964-01-08,1751.565946348198,1590.1435667953488,6115.231786963733,5832.499467868615,5160.751596540815,4857.758597133253
1964-01-09,1950.391041977949,1725.321833110537,7098.389816727325,6770.141534054471,6227.4419173767965,5825.712902120167
1964-01-10,2183.725573569585,1737.7679543622075,6991.9216943460815,7142.385888568333,6712.977311029161,6086.582093050339
1964-01-11,1921.8371897544894,2285.482666965223,8367.414341524143,7946.158945310733,6917.666353050804,7069.102245298684
1964-01-12,2613.2525520909753,2541.3675351914344,9512.602727121975,8661.070142673703,8179.4129611435765,7861.254363297485
1964-01-13,2694.1861580187606,2583.5175292294048,8979.640560970103,8424.541486296188,7743.239390563069,7410.481900927523
1964-01-14,2941.418346888069,2686.2754743756177,8425.09174513159,8183.846832112014,7316.239775616683,6871.359389627138
1964-01-15,2960.019697840339,2584.16467767874,8473.396009045404,7935.607706644929,7022.665265516391,6471.347776045745
1964-01-16,2850.210150792516,2452.8745934364424,7955.080441247401,7418.386620325637,6431.421710294348,5882.132765708642
1964-01-17,2714.6813862893227,2324.816249509003,7772.120498034481,7148.939634368588,6176.820775277765,5640.275014211011
1964-01-18,2554.5377379664283,2186.9611393978116,7510.222614948386,6844.077628620401,5913.622526655083,5403.506460551357
1964-01-19,2410.34283997333,2073.27574102323,7100.91706221473,6471.435026407441,5603.863120311809,5132.640742971255
1964-01-20,2370.478139123228,1860.180672621138,6827.892031490811,6354.405113224689,5638.466932901922,4999.273654506704
1964-01-21,2541.177168349632,1573.3961419253385,7566.98544831384,7809.704183677979,7397.043546789834,6247.835666242873
1964-01-22,2417.899748757279,3460.3747406243256,11594.357907301783,12309.637597591265,10462.739149785859,11143.366728471512
1964-01-23,4978.749024266606,5165.334693916517,16161.179485471279,16086.547429728116,14876.144332311294,14587.263141277897
1964-01-24,6125.308256691913,5398.292237497562,16115.50809375257,16353.445384469404,14672.259677179267,13546.305938417743
1964-01-25,5960.24133917682,4146.484043589988,13729.39838481597,12899.6429703349,12218.426509036302,10170.879708699467
1964-01-26,4801.596016328026,6411.274930985809,13513.807740591292,14101.406944714869,11637.92898960296,12987.1320385268
1964-01-27,8589.213950551482,9862.11425472662,20894.914693383733,21628.88180832752,19687.804455687587,20438.432562383692
1964-01-28,11244.119029518744,8967.591196655898,22747.490745859395,23625.132554681637,21431.2130826255,18665.50560771631
1964-01-29,9365.53691144201,6928.641347597666,22368.002285212737,21368.56442080355,16975.428089610417,14186.965996939793
1964-01-30,7121.352713100981,5515.666233839016,22381.787346557583,18407.06185276218,14510.750214032834,12559.173381694078
1964-01-31,5953.406986224319,4730.921779163243,20133.784172796935,16793.225487272004,13749.10597232655,12151.995857890193
1964-02-01,5160.451268898501,4130.361792739819,17606.18152119917,15029.6062134253,12583.856054316395,11198.019455759175
1964-02-02,4599.660113058344,3734.720403086433,14915.02483448532,13049.590380385944,11005.720841909777,9842.136016959787
1964-02-03,4030.813981878011,3373.981247707562,13035.061056464428,11451.544080669295,9588.733670857091,8677.342112591068
1964-02-04,3735.3221988799937,3114.2845890983754,11518.850281909534,10176.439996931404,8666.518359329471,7825.096581265509
1964-02-05,3590.7444658756103,3031.261250423986,10312.791754141383,9405.686899263157,8084.078301864543,7328.833707051608
1964-02-06,3506.6601120034284,3070.556937127142,9547.91683975985,8964.03250483763,7640.077190062191,7028.646789997749
1964-02-07,3509.6019994706458,3011.326151113539,9555.525492445046,8962.834978677503,7690.742737185524,7014.308567455546
1964-02-08,3505.6581210305803,3155.1541133480914,9291.332609940326,8819.050362262822,7515.685651622027,6995.178191061701
1964-02-09,3606.992366368084,3153.9034489509722,9133.233498586316,8724.043336875155,7393.667067919467,6780.506205486249
1964-02-10,3509.3413074892837,2999.3898930805585,9144.929793780886,8485.11705974179,7210.038010869097,6543.397214978959
1964-02-11,3333.295829005364,2856.5195903626263,8773.235708012255,8114.408059374502,6847.27327124623,6222.910070024755
1964-02-12,3195.8937590060614,2719.624191343242,8603.182165761731,7917.780000766487,6719.428446217484,6094.02686551988
1964-02-13,3043.817694875571,2588.8143405945843,8310.584712137828,7630.7603174720425,6499.786572918812,5898.774529337039
1964-02-14,2922.363113606433,2484.6027976337327,7897.666048013256,7294.264952811464,6220.976631499221,5644.801990432613
1964-02-15,2777.414776850883,2365.793644443666,7615.297701130733,7053.298812027602,5972.155345298228,5426.890282706627
1964-02-16,2661.498785923518,2285.300861331917,7350.880858853376,6748.964630256445,5749.838225387733,5245.20724948623
1964-02-17,2552.710649120318,2203.626990166964,7069.197376752504,6499.851588521974,5566.525718843266,5092.319069133269
1964-02-18,2462.801297944423,2131.1767181184023,7010.177182694367,6459.454129211461,5569.928236534345,5107.800706984304
1964-02-19,2378.1798412818775,2051.3188888929308,7030.82249701271,6472.273931787888,5618.139143576866,5153.387742900149
1964-02-20,2281.660263333257,1976.4841349283263,6760.276335252323,6216.140063617886,5399.94261852853,4963.127733534488
1964-02-21,2215.4403500882527,1921.0057404925833,6678.029844965017,6160.363951266398,5371.513597730903,4942.816285666587
1964-02-22,2140.8610503669415,1859.5824905804302,7055.74137612738,6453.274242812322,5685.705646517333,5249.155168127978
1964-02-23,2073.9097522881166,1804.482100954987,6400.6029927005375,5892.118846993835,5166.53403353083,4765.431759056753
1964-02-24,2023.9376395659383,1763.0724157316808,6119.591878313294,5665.773215274624,4963.742974496076,4579.224772732288
1964-02-25,1981.021627788025,1724.1914630255478,6013.316540223221,5575.878053494232,4885.524290446554,4506.351866769865
1964-02-26,1946.1630511288258,1693.5377109687033,5982.718821467099,5536.787046495477,4868.5264028643205,4492.6375357670495
1964-02-27,1947.4948380028218,1690.670210276775,5960.102065113091,5576.839219946272,4902.7060044678765,4520.595171277241
1964-02-28,1915.0632916195448,1656.9544784902519,6039.230250520604,5645.42844160126,4928.864387748801,4542.24489848697
1964-02-29,1901.2298141318465,1639.4178976845003,6118.556180591328,5685.5173720624225,4970.764503607019,4577.147990119373
1964-03-01,1885.5931804549282,1617.071864198519,6040.615108327704,5604.178752238595,4915.952819371752,4518.56451066599
1964-03-02,2024.0379743505484,1704.2986440047764,6368.880570777008,6142.054647499944,5455.735753058964,4991.082059618405
1964-03-03,2404.0531247002295,1957.1864016118275,6740.267559772562,7134.912900902766,6434.129426299881,5821.965735282432
1964-03-04,2718.535585537741,1946.4393689601839,7817.1622065769425,7680.983194555116,7289.783542995495,6333.863044499105
1964-03-05,2948.961369369009,2891.8592697527383,5786.216383945888,6644.8112225799005,7039.42846358679,6878.40486770572
1964-03-06,3227.4439228993965,4725.985574427827,7376.660804419849,8967.281944691149,8371.912627710835,9723.039162837453
1964-03-07,6566.500081869797,8852.962381074964,14926.743673449564,17208.465164141446,15306.98112354656,17223.717031612854
1964-03-08,10505.750106554253,9089.194592225045,18322.52785473007,19821.398168834574,18671.698318275536,16894.219376079047
1964-03-09,9653.90959113877,6622.131408601397,16838.62086275663,16643.891408506563,14287.052344266707,11083.953315953027
1964-03-10,9090.715796661638,11962.015753431882,13453.6643381146,14969.926516019766,13470.948140945082,16274.99847439494
1964-03-11,18617.90303245656,20362.701322825957,24993.84826946517,39518.99656321495,31673.66530667732,32865.450537357356
1964-03-12,22753.55157497052,15851.353426867336,46341.35238893553,44675.36177395046,38475.437624714716,30815.296246916958
1964-03-13,14650.356069421348,10521.916269569308,42634.36754008355,34972.869272356504,25999.354136303453,21339.02956846195
1964-03-14,11011.1522634629,8178.721696418794,37097.15605908838,28872.62992413751,22266.018428854837,18889.648803182325
1964-03-15,8258.274620250562,6613.054202320961,30581.84242339068,23544.553630544615,19363.514454775257,17174.49779634707
1964-03-16,7213.682291722051,7516.492606046206,23151.6340543869,20018.628194829143,16404.37763814089,16266.055815072938
1964-03-17,8618.482626128265,7723.853236859165,20875.383469922166,19202.08532593064,17248.436104064924,15942.050070292833
1964-03-18,8500.293269183503,6937.233801155697,18615.59325741331,18234.23399554318,15580.384548977767,13691.919822167038
1964-03-19,7290.609436155494,6154.2292210601145,17632.889096334624,15917.166958358943,12890.271216601048,11506.260950812386
1964-03-20,6676.591597293331,5642.193870569541,16722.266749515285,14707.695078952194,12232.848996440573,10949.699528500947
1964-03-21,6184.987477546778,4976.532675507488,15872.448163721221,14370.495396401024,12006.128387229022,10531.284954286313
1964-03-22,5337.438204556675,4320.211802720156,14667.327882340454,12993.453972461404,10694.090061373226,9435.356643955442
1964-03-23,4645.673394905569,3891.3702151195307,13123.630986571825,11448.25136788902,9465.103789014585,8496.76326825973
1964-03-24,4228.2010001793615,3612.6802938387577,11968.224752900309,10532.048314638296,8888.551515952116,8065.998100468199
1964-03-25,3914.862351685818,3262.9791372075597,10831.363107136352,9716.30526369113,8287.5585003074,7444.0543933438785
1964-03-26,3366.7213128589588,2482.0989490247744,9503.67871904792,8260.578357140957,7120.314949140091,6079.728215548914
1964-03-27,2682.131911706264,2181.6586883819464,8061.4330451319365,7106.30780999013,5872.771027826348,5242.548100317857
1964-03-28,2507.2597635046054,2534.834362707857,7712.911210106691,6919.1511051318585,5815.832976295644,5706.836321121868
1964-03-29,3001.8558490062783,2886.4535793003265,7795.545313717749,7239.265622781142,6725.350827830006,6453.686003890831
1964-03-30,3363.7321565316406,3296.9470958872926,7349.12043066989,7632.174220326675,6749.637156937508,6541.354351881688
1964-03-31,3563.9506586742073,3154.6867930285234,7936.767481018506,7478.9978475066455,6812.352444247949,6268.213646917991
1964-04-01,3487.8155954128497,3053.4028096062443,7270.490218664489,7207.0716866074745,6191.914431398973,5649.772102715244
1964-04-02,3403.5507085812615,2904.3562828320164,7771.751316255478,7372.195157337933,6295.3638493981125,5678.798536033629
1964-04-03,3200.9854435809357,2326.6340167030376,7503.507702531539,6802.296113515806,5958.823697024402,4975.779561730937
1964-04-04,2586.6637613273506,2528.300247458019,7007.649904392381,6620.01576735637,5235.580340291304,5072.808776722434
1964-04-05,2843.1334312251024,2671.173203681672,7448.924138032977,6564.096583253721,5909.71074731055,5611.355479838268
1964-04-06,2895.7281413284973,2783.7153128447926,6749.42291262963,6413.125084123847,5786.3648666998615,5557.616285491635
1964-04-07,2851.9543010268394,1902.5338467898157,5611.79738386119,4924.668913423382,5063.869995889126,4045.6931397319368
1964-04-08,2190.503641651976,2704.6005258544933,3463.947366033242,4540.014633381166,3877.497687086781,4361.065652779976
1964-04-09,4063.9148029647513,7194.423921334994,6972.547844352005,8490.87407138069,7695.504598827008,10694.95069223603
1964-04-10,9407.226109246443,7905.214307847738,11296.407511606534,14660.372776695323,14708.52986839469,12981.35261388351
1964-04-11,7913.693481400382,6359.995136521502,12869.65118365848,13487.803612432002,10964.864709117965,9300.427948480212
1964-04-12,6912.978324568678,5332.071282865813,13544.647403659106,12443.48440810494,9591.587448559902,7913.483671106806
1964-04-13,5668.193607446523,4467.823867694066,16907.69568897235,14376.642150518746,11722.51506462789,10240.082314548235
1964-04-14,4831.322874338341,3812.3243944238184,14796.19080554894,12622.079589230103,10538.623763389425,9259.223858179223
1964-04-15,4200.645182162437,3799.9057399845733,12857.5393627273,10869.026366248534,9531.834541175642,8892.561986910121
1964-04-16,4031.7478165021294,4156.869832379646,11033.540686546308,10034.705549840506,8787.39549315007,8702.451741039344
1964-04-17,4535.544628613805,3937.2975864362843,10262.873058085104,9605.898424744455,8880.750803854371,8091.96750284475
1964-04-18,4325.1515785883885,3851.259028954275,9348.67849598268,9324.420114001141,7922.014025308004,7296.052236488589
1964-04-19,4243.229698336121,3569.218528404671,9602.449835334355,8796.225247020158,7727.229629671862,6909.4561357552375
1964-04-20,3842.219494638661,3621.788468028846,9400.905233337558,8712.26018221516,7569.430102444647,7198.759685126106
1964-04-21,3922.582199024846,3494.3512568916503,9746.359326939113,8901.095399782655,8666.095990937696,8050.219218179018
1964-04-22,3859.275372899799,3602.0326846214803,12122.09793642256,12154.58690436797,10911.96715492669,10329.958661431207
1964-04-23,4350.928203600496,4151.005910053731,14090.47505590002,13180.032211433245,11869.972041290972,11311.605391214405
1964-04-24,4680.24978551512,4316.752895687855,13138.23997244626,12507.015622205665,11082.327221692365,10420.565005737943
1964-04-25,4698.728150928612,4039.232321867212,12156.740126508499,11251.879636399615,9953.726801974091,9056.713385047087
1964-04-26,4472.021466015028,3817.5917138743466,11456.108205854776,10813.770854318602,9219.23936277234,8352.280066189227
1964-04-27,4111.331116142308,3406.5667104409217,11443.989082073738,10253.503121437054,8790.118514394602,7875.306176905617
1964-04-28,3678.9060799256645,3066.1916927930242,10452.87970323336,9344.24210840941,7953.633225400343,7151.605466552182
1964-04-29,3359.945128833004,2810.964730267051,9720.870281772253,8703.726041117878,7450.180221358463,6721.968103860364
1964-04-30,3101.6011864826764,2602.816166114686,9287.340522159126,8372.349628632346,7247.344449391023,6566.885265731955
1964-05-01,2789.473741215701,2349.980812925857,8976.230858780369,7976.7147198569655,6922.8925686678485,6299.9998894675755
1964-05-02,2559.248470867653,2175.97200381869,8403.452091944862,7510.135118196714,6546.234022705752,5986.808740110082
1964-05-03,2384.803623308446,2041.9030490124933,7606.042693271507,6847.682304808759,5973.807461814633,5474.893520364424
1964-05-04,2225.986859118895,1918.2610814234774,6961.41215688401,6279.647119524088,5496.900027893972,5049.505740466924
1964-05-05,2087.342754079611,1804.4732010963073,6353.931142177508,5761.483627098565,5050.022671852907,4643.0923441571795
1964-05-06,1971.478698332598,1709.4023394040942,5914.274820799512,5391.681124098803,4732.143589866316,4355.980718035961
1964-05-07,1868.450488577234,1622.0173815640942,5554.529034194891,5082.407029011481,4464.448771129569,4112.04828960416
1964-05-08,1773.1600223701885,1540.273559499226,5239.5635689582505,4802.376586045288,4220.292002610564,3888.7174066273974
1964-05-09,1686.2124085086734,1465.758314613525,4961.974980455667,4555.677100128174,4005.78537778842,3692.6766669690223
1964-05-10,1605.1755000160213,1394.481673439985,4725.5841017665425,4342.091255295711,3821.6316979083203,3523.1843988452633
1964-05-11,1529.60786232193,1333.7208036657116,4515.180511761715,4156.209064476875,3659.8137513152133,3380.2012300502465
1964-05-12,1460.9269311276262,1279.7859929871042,4327.276095780577,3981.740068619655,3513.8733172375196,3252.570651340867
1964-05-13,1431.7271331186555,1261.7974795562357,4116.3322505515625,3790.135348803932,3386.4723849430466,3140.9861187418587
1964-05-14,1516.7370586111801,1316.2421175634543,4063.3650163261423,4002.943348370857,3511.286714593306,3238.4222461106697
1964-05-15,1575.6400253064448,1371.7689361363202,5314.78115188694,5161.118041194742,4464.189389357934,4136.799752895828
1964-05-16,1475.2193974058073,1240.6461540906432,5732.699498379104,5050.727414566483,4511.294523599984,4145.090348244017
1964-05-17,1260.3527945359504,1095.433895088368,4337.78730590765,3783.101166850262,3351.0572449106926,3102.7878714577405
1964-05-18,1204.099821855763,1058.3247901112047,3724.0616626750625,3414.5668903021397,3024.4322179079973,2808.4481146194466
1964-05-19,1168.0829078305258,1018.8640645692981,3879.495117002217,3560.892150719603,3193.916477733367,2964.1049498303537
1964-05-20,1121.4501009770759,966.2596208098464,3823.115043269374,3495.8968963056777,3155.493078540216,2919.1112507715698
1964-05-21,1014.7622296457723,819.6931647024428,3493.2305172776396,3148.001628768676,2830.124699261239,2564.426353126467
1964-05-22,938.3958100201917,913.014408028972,3296.8019947036883,3086.636710821135,2692.0006717775286,2598.818980825812
1964-05-23,1020.484674352091,912.9532865230995,3271.6539529249967,2971.960288043399,2750.400164970744,2576.028133403477
1964-05-24,980.3976333830985,891.1579431341032,3002.0107996904458,2825.7681262461947,2558.3602549935567,2409.471181336051
1964-05-25,994.3286617379297,898.2129706380047,2947.2632596555422,2781.5386793258226,2516.6009935347856,2363.32366444074
1964-05-26,965.892236017361,851.4236070936054,2922.048222704412,2704.5223947032846,2455.143113644973,2284.916175742773
1964-05-27,918.6604240947347,801.9237767881516,2788.660063619113,2581.1355264300137,2330.8833183205775,2162.277935737384
1964-05-28,883.1653048868284,778.4056765169466,2717.0764933706214,2535.9733314293285,2271.7268000595377,2116.116909453701
1964-05-29,868.9085643094863,764.1702462964824,2679.221267670999,2500.605481077665,2242.5040817308327,2087.467702134808
1964-05-30,839.005387471158,741.2635899495139,2610.4834071094774,2416.9119742585367,2171.1868530937027,2024.9573184758412
1964-05-31,808.5070409431411,715.6206474678897,2512.049198620008,2320.197054142091,2091.7587236975605,1952.5562263260567
1964-06-01,780.3857205622674,691.6328932136662,2436.2798255372854,2254.349461089477,2038.2428759299883,1904.2450172898068
1964-06-02,754.7241595610544,669.590627399778,2380.0032114186824,2205.4849689930597,1997.670147428972,1867.8238863886813
1964-06-03,734.3768896492143,651.5609122141489,2332.82660982865,2169.0530833260373,1965.2643375572375,1838.169637470387
1964-06-04,710.094796871718,630.7941556022589,2299.0332133605953,2126.1450506148003,1932.4604569370886,1809.1468494809865
1964-06-05,687.2301004705039,611.6161272430857,2221.832386718124,2058.977445484222,1873.1395898093106,1755.09436102482
1964-06-06,667.7763226124545,594.9255570977458,2154.4931009334005,2000.5888615517572,1821.799616708323,1707.8863227789918
1964-06-07,652.5708233061328,577.7524985425905,2092.8487957800994,1938.2862856863346,1776.0183920190957,1661.4411985110876
1964-06-08,627.6254584759322,553.1113406837727,2010.9436172886667,1854.6069746692265,1708.0783402876282,1595.6893573908094
1964-06-09,675.098620716061,573.1642279317589,1966.5650540606432,1942.9749505596674,1750.7615895935214,1611.0580246110692
1964-06-10,649.2972604703202,566.1719032241767,2052.6110092910644,1944.496819012375,1718.5813848861883,1597.8554643159991
1964-06-11,601.6152671735546,540.8980125226863,1965.2035778609543,1762.8429936869047,1590.412512225122,1495.7031367333864
1964-06-12,570.4881299148318,509.9061976214115,1819.2753842054328,1655.2879624083682,1518.9835026513852,1426.1348069057226
1964-06-13,553.5261290136373,495.7309093600222,1777.1041846734654,1662.7505491449133,1522.4211642737146,1431.369741825831
1964-06-14,544.2443157573168,488.9969867886297,1792.1442508101395,1676.5800928556998,1536.6539837662378,1446.9170744347678
1964-06-15,533.2098236853714,478.6950573536441,1872.274134323532,1739.8572537317661,1603.869670357226,1512.5882436640995
1964-06-16,518.0841402084434,463.83721306355574,2558.7701622269306,2327.9188082042974,2177.4349944231853,2056.481841000863
1964-06-17,502.3631212261373,449.45770965038383,2800.187276088082,2535.7657930683563,2381.0338126990146,2250.190403830644
1964-06-18,489.62332585977646,438.10306744902516,3097.641009566349,2794.0640995918047,2632.836499661027,2489.9727749459444
1964-06-19,479.08158864985234,429.1553361326387,1999.8316824473382,1842.1346943006383,1711.6481856205746,1615.5002776038746
1964-06-20,471.6711284013163,421.8636237812563,1645.5121541846174,1582.7357247978575,1462.9135564321787,1379.6401012193842
1964-06-21,433.04107661794103,394.97097754865706,1750.9740511909413,1575.439593639338,1454.5357061337393,1379.4892172681125
1964-06-22,481.3528046228949,410.0060471751653,1899.3758313649237,1752.9053279068269,1664.323568364794,1548.8380059605051
1964-06-23,424.96917275236075,383.50527472735155,1890.3420938223876,1739.9778429331072,1605.2178990034427,1519.610876487483
1964-06-24,413.72645654859184,349.63958855700037,1964.9588206552935,1806.9495244222344,1691.578557940265,1580.0168820710064
1964-06-25,421.0548275237599,387.6540492525417,1771.5346853015665,1663.0991242390676,1538.7110444066736,1464.1170919712688
1964-06-26,444.4929770072424,425.04401979736,1718.4524176286259,1610.1578780034415,1488.8509427171502,1431.6694176495766
1964-06-27,494.97170177284465,426.1742680608768,1790.662447370738,1708.295586593712,1590.186341153213,1481.1140747242102
1964-06-28,476.17236181079943,407.64742414554826,1677.2699108828044,1592.3139131873425,1437.5088898969952,1334.7282660317169
1964-06-29,431.773106969805,379.56289139407005,1599.1512617880812,1442.5573910778637,1309.7005067096493,1226.9588674780434
1964-06-30,400.68146587754154,357.5879670857116,1514.9497577144966,1369.867841300269,1261.7047642647267,1188.7801462542711
1964-07-01,387.8066550117161,347.3586277627033,1460.2560675326538,1349.933512542062,1249.3573593164863,1178.990942817141
1964-07-02,378.06760657104564,337.7819450811116,1442.1651791155568,1338.2977879467912,1241.4806207457782,1171.1354696478656
1964-07-03,363.12819472025785,324.9131796040079,1421.7280950961676,1316.5597579973146,1225.8933996064184,1157.8028150350854
1964-07-04,348.7274739692156,313.02350014350066,1406.3403926311544,1303.511327054658,1216.2203738891621,1150.570474057406
1964-07-05,342.3884378316254,308.25445700371097,1392.5703284571941,1286.1885552232889,1198.982887527578,1134.936168744483
1964-07-06,335.3333094297494,295.59831434221996,1342.8959382079265,1243.470442202211,1163.259570948486,1094.8517890757037
1964-07-07,317.5830441503383,286.9304129707637,1283.6414928691997,1188.2747339841167,1105.9316502136812,1048.3254384315817
1964-07-08,273.3585348944953,191.57984882434263,1193.432842915559,1046.3900616389274,996.4275465395119,890.5455787323408
1964-07-09,238.2097736419299,262.6933991095152,1137.7835240183663,1107.6551132386276,977.7946448670233,977.39836146632
1964-07-10,314.1012294378149,294.5373592654563,1246.6565774405126,1144.8922282661651,1109.037549374304,1062.0728928881776
1964-07-11,286.4988275979157,261.3748808008432,1132.4500690611487,1044.8986450659131,999.9362785266668,951.01472127898
1964-07-12,286.5475602684787,268.90878747453826,1065.8342258159037,1019.178200098509,956.4419309881077,916.8521110549474
1964-07-13,300.569021217487,283.1421282139705,1490.470235152779,1384.3783837440417,1317.1525093707369,1262.232793205158
1964-07-14,366.3782268639333,335.47744269192674,1288.412651928546,1254.7088252706171,1211.3345572084295,1152.0972350272423
1964-07-15,280.8780363660188,255.0582405223755,1246.364197225911,1132.9794577176099,1047.3104232481776,995.3613345960799
1964-07-16,282.77255560219623,252.1075537473173,2816.0805030137763,2503.305951089896,2395.1121524148407,2272.9086134059994
1964-07-17,262.19261964503073,236.6917669877747,2425.255875313279,2156.174683749581,2062.3749039391582,1960.778230592944
1964-07-18,258.3815282980119,235.06174546222354,1543.7637211265253,1411.1069675274648,1341.1381372042074,1276.8272684968244
1964-07-19,262.5435539834071,238.8937852769245,1239.524917511912,1158.084255073691,1092.3140462385786,1039.2950817594146
1964-07-20,264.4843054367184,240.5522563459607,1140.963407575782,1064.6509484722317,1003.6778130714008,954.4003036182291
1964-07-21,253.00279777774864,231.04255167993742,1086.5738753396997,1004.6722336467947,945.649886252619,900.3611124026768
1964-07-22,224.06120239362733,174.7702946148534,1021.7471277306397,911.013385504263,871.2081791624273,800.54702312777
1964-07-23,183.47169702811854,181.25247203423748,951.3615429428698,907.7195142579378,829.9959041171198,807.027879449397
1964-07-24,219.31796421202267,208.22361769691162,1004.1598942655451,951.9151300470957,911.1785085272481,877.0823548027934
1964-07-25,195.36882693426725,151.27947526587607,983.7646852024507,851.7298390105205,827.0453630845138,762.2027245450149
1964-07-26,164.48047153790517,169.64040385330424,873.7114293014921,825.2161495909288,758.9180489363686,744.8830106440809
1964-07-27,203.0620339416829,223.61714702873095,975.5351900638292,909.1403060794652,877.6609360620753,875.4759891555341
1964-07-28,223.38115978307985,213.16723688221043,973.0990007863957,894.7874722408327,894.4545840282647,861.6236000077188
1964-07-29,219.25476229112604,208.1173886174766,1019.5651818244196,968.4622527155283,939.5576375327928,903.595745951302
1964-07-30,224.5796606667226,216.2542067223906,1737.5286548711524,1586.5172601715221,1531.5385862813378,1470.677497153549
1964-07-31,219.75978236954685,186.46271021817654,916.5853082337262,849.4957729437169,819.6444307969716,766.7362115405186
1964-08-01,207.0172967314804,202.84322152031086,898.9071534016823,859.369833541066,799.074367287104,775.5987935935875
1964-08-02,211.98471833046358,197.25229833348328,928.1796867086169,840.1625025303108,813.7821731026913,779.3003513303454
1964-08-03,194.7333558501766,177.3131296656442,856.5445181629716,789.2159696194512,759.7874766897226,724.16465005225
1964-08-04,197.69059886032232,188.40713348044622,849.9980562706924,810.881798479513,768.4989300183906,740.7396883615327
1964-08-05,212.8580705278896,202.04940452547004,887.3166244108123,841.2342086342046,802.2366974448889,772.1301156819773
1964-08-06,212.6620286134173,197.34093149833697,869.6163593135373,811.737327023171,776.8661036721342,743.3031435930263
1964-08-07,199.53310778532176,182.02889738634576,826.3838845507064,762.5757416545274,729.4166788610376,695.1059777285963
1964-08-08,183.08539103070518,169.23351651556132,808.3915689930591,742.0392018539997,709.422738011918,678.8845836656051
1964-08-09,175.37048074449564,164.25053280796564,804.2377297500533,743.4143825704678,712.6914107152805,684.3969699520887
1964-08-10,173.9971123833559,163.6721047721349,800.1894841338774,745.9387426911276,716.2830329602277,688.5475672112844
1964-08-11,172.943857633834,162.94578754434804,790.0881424259719,737.1560464011864,708.6196852321393,681.4625656598408
1964-08-12,129.15128911254973,90.07417380833108,567.7331911404875,525.1684730536319,517.4515261612846,468.55201547952527
1964-08-13,172.1014870491653,126.81456731043698,582.5644281340799,515.7407556546032,550.2836229032771,494.22608749505014
1964-08-14,122.05921249386627,343.49914457602546,586.1551683836419,584.0389779557286,527.152880726085,736.7879617785634
1964-08-15,379.2849036481098,291.87862329627,857.4819989908394,795.6216544885531,991.5159707476539,883.5682649562399
1964-08-16,262.80084097779263,260.9699250991587,725.0948392614598,850.599627233308,760.873694689491,743.3566424744031
1964-08-17,261.41365230605015,215.07362941890125,864.7552440690871,741.2379091223913,731.4181383834293,670.5467981543618
1964-08-18,274.9157551561173,300.2924577258547,838.8672604016741,873.8663646011787,792.3354492458899,801.165238646429
1964-08-19,390.60417759672873,367.9346153059088,922.8769375712825,955.4753229006574,907.9360569526696,868.7023305563348
1964-08-20,375.7744681066475,316.8654049084215,878.0796666801898,837.9272411865279,783.0488092753363,712.1239489151882
1964-08-21,285.4071759416649,234.4142300541527,736.8953514066386,633.5468964707118,573.2707407337582,514.9555449208483
1964-08-22,223.62066025669196,171.84139106686453,695.4796452357606,603.7470672681429,547.2734179421002,486.7775034283952
1964-08-23,187.03078146569243,157.20174320158378,731.6846022209977,669.5774733440289,600.3722184912483,558.2314394360542
1964-08-24,194.98968794904084,164.25967366118945,763.3296126469734,721.6515225136711,658.3926809164873,613.2660217430588
1964-08-25,198.35585003615188,176.0066698042491,768.9263314058685,734.5334284069704,665.8844389981982,628.9516546922843
1964-08-26,199.9814830430332,181.67467396484327,762.5612080510117,711.1111488962113,654.3987040361412,622.0375654386693
1964-08-27,182.3926285236194,166.2389013000831,751.5820302001755,675.3816056270979,635.8947016995844,605.7089549253469
1964-08-28,148.27675320618508,140.64366908799076,725.4658771882973,633.0701740661589,609.2545132747983,587.2628093953219
1964-08-29,130.3915998600008,127.70832904296404,692.0802321282438,621.5074846824818,605.7565472682285,588.0997581433035
1964-08-30,124.78764467555024,122.11335911677632,682.0831638788843,626.6068254471609,614.241543850579,595.979218349933
1964-08-31,158.94266993491394,130.0202288770907,644.5160975786096,587.9343008663978,628.8688699192828,585.310370058962
1964-09-01,120.36813117830998,197.10371000449814,582.7363182128307,618.6961900757769,572.1526878512358,635.8992184443014
1964-09-02,171.9828837790644,206.37404335025036,719.5379669805512,622.1323856788474,650.1324291362763,669.3790143955134
1964-09-03,223.73483251114166,189.82820651159997,699.4666009104833,713.4629041101671,729.4737778915551,679.2220309713063
1964-09-04,187.54009645491192,145.14309523904052,855.4535595167853,821.2846953045589,774.1645445834079,711.9480549504783
1964-09-05,162.1929871788619,142.74165637632836,889.6596505111174,820.3451282397439,756.8387909048076,717.2015405055329
1964-09-06,158.1391478329059,143.41136864702275,805.888985651304,728.9821311994699,688.1767232122065,656.0181566020364
1964-09-07,159.16469034842868,145.33572589548828,677.9192045244783,635.3271846840984,599.8600383526634,572.3348770752771
1964-09-08,154.36568875418732,142.83496315579825,614.0942257531317,572.6883119359946,541.2927333309415,518.2513401273147
1964-09-09,137.70931689605806,130.27877394728117,576.343883165027,518.9913038878944,498.24287225625613,480.349262708567
1964-09-10,120.25357844680936,116.63205594373179,548.8586108909074,493.02765713056516,480.05702646087553,465.9887919124455
1964-09-11,110.48041781509019,108.55326919506741,552.3629102436694,504.6173311070771,495.34099439689055,481.94762358112683
1964-09-12,105.83093701520747,104.61951208719508,573.7295199749813,530.3260274456061,521.4553696355321,507.5080834114983
1964-09-13,103.15343446829466,102.2482752574954,579.1797136801297,537.2048413446745,528.5736490033206,514.5113151181368
1964-09-14,101.61664792615,100.82176679096874,592.3053693205951,549.7862455700005,541.2497223467076,526.7448177579466
1964-09-15,99.99620240764595,99.24344130104551,672.0450255459476,620.695873739286,610.4419801597413,592.9534546090399
1964-09-16,98.30814293078946,97.65742206491582,614.8815207995472,569.9327744988221,560.488875208226,545.116897929002
1964-09-17,97.51054978250914,96.75592404856249,583.4285101348846,541.8616643388965,533.4789603484044,519.0781760756939
1964-09-18,96.2748410656284,95.65404466558874,578.5633642442368,537.7012187530964,529.0728347459286,514.9249863464723
1964-09-19,95.72346971067229,95.05605963455916,570.1331059734459,530.1042191637775,521.9504132996904,508.0153424271533
1964-09-20,95.3146622289637,94.55998298163802,560.4372733647288,521.6739591686705,513.7360753718496,500.01752766036145
1964-09-21,94.44952651961982,93.8109096954353,551.1082129614185,513.2220351407173,505.1272414894178,491.82472739741024
1964-09-22,93.95514902500231,93.37407031974814,541.6213510691226,504.4717419073916,496.8228179395066,483.88637518242695
1964-09-23,93.44179195690045,92.81310262284339,532.2165911370479,496.18030578471394,488.72415887875644,476.03825387294944
1964-09-24,92.70023364783478,92.0532918706098,524.1428560003999,488.81300612858354,481.3082053736991,468.862606139607
1964-09-25,91.71140912183711,91.2685666775991,516.5213990066281,481.8785529743094,474.1706812085011,462.1680923089963
1964-09-26,91.30269496435797,90.7146868905785,509.71457534686766,475.13457553737953,468.29049774575503,456.35169935313723
1964-09-27,90.89388190826395,90.26788360127385,501.91881459094094,468.9198472932401,462.04461944137336,450.29160663442747
1964-09-28,90.09527938705368,89.8278886048888,496.36070153407434,463.6647032436632,456.6010335930255,445.3911257882365
1964-09-29,89.76257579974471,89.15304517191441,518.1230498534397,535.2537293756013,526.2356635418381,513.4370589029281
1964-09-30,89.30623458585255,88.90236220539487,607.6191480971581,523.9442066747057,514.7215797114745,501.28703658291374
1964-10-01,88.7358569923135,88.25619914825334,819.6273680152561,746.2326381168489,732.635767232034,709.5051154371557
1964-10-02,88.3935849896465,88.05871584082401,1300.89054502128,1198.428640378419,1171.917716249031,1129.8040234281766
1964-10-03,87.91829541855004,87.39701909038492,1545.0411514824277,1388.0154760085038,1353.6438467439266,1302.379109510278
1964-10-04,87.30029587520181,86.94139859669393,1278.1544919874855,1153.2435171711536,1122.9593564582472,1082.264493138318
1964-10-05,86.55875012661065,86.22396448762446,1874.1407677165614,1663.5237768861434,1620.8801842689115,1556.139908772433
1964-10-06,86.18797174295635,85.90095818760545,1363.3415394006097,1223.3439679910466,1196.7889346331215,1152.9578986757804
1964-10-07,85.86477805891658,85.2926161176803,1105.752086270046,1001.6524346495328,981.8932176380102,947.8151027160679
1964-10-08,85.29433874521416,85.24578346515626,1000.7238601299894,911.403916538665,893.0708833939784,863.4153591660353
1964-10-09,85.01867940033043,84.76691787265035,941.0802942096943,856.8003817780289,840.6287770080208,813.1127884033316
1964-10-10,84.88562567818056,84.4848277280542,880.5418977428095,802.3662732011079,787.8371940775935,762.4356344066553
1964-10-11,84.47684286262673,84.48498451832084,826.1759997218142,754.5700934203976,740.8314990527614,717.771020847976
1964-10-12,84.49592449408271,84.26642275897234,782.8507163211088,718.7690201026453,706.3251043205261,684.5538988001354
1964-10-13,84.25829043356474,83.82919533797278,750.6236198412286,690.66497308411,678.6820030646857,657.9259543858532
1964-10-14,83.85898883767995,83.78175705351086,723.8480382895694,666.2194666229906,654.6378561310374,635.2498667927248
1964-10-15,83.68792655713405,83.79791166953147,701.5755211458959,644.4636780500778,633.6478060963748,615.2713634222131
1964-10-16,83.65943675198758,83.65992496273788,677.7636886077398,626.3298436981336,616.0201190734693,598.3237861098736
1964-10-17,83.35527370951385,83.35640511257405,661.8072140271892,609.9521026578032,599.861193671243,582.7948202350008
1964-10-18,83.08905648560392,83.0908603741183,646.6600803104607,597.2847658861418,587.375433074345,570.8168423439976
1964-10-19,82.80393531092885,82.99621625936736,635.4916827858565,587.7500086220907,578.2184044314622,562.2421333293192
1964-10-20,82.96559584049278,83.00575814576618,627.0351176650095,581.0269901017895,571.9586371690051,556.1406768077304
1964-10-21,83.02276849050595,83.00954193727775,627.8083304304766,579.8368957119162,570.8373792315185,554.9724593090788
1964-10-22,83.10835511549608,82.92844196351543,614.0737515570038,569.1979204420024,560.3078087175109,544.7318390645701
1964-10-23,82.6425733049988,82.59809124022767,608.2921239437333,564.2202679379643,555.1063725118665,539.8913448663997
1964-10-24,82.56651304792878,82.74007546120137,606.225271348711,560.4287624097958,551.5647999449634,536.671748425713
1964-10-25,82.51910386842845,82.44558777871801,601.6042718603304,557.5960107464505,549.0331333289324,534.0084482553553
1964-10-26,82.44303594392893,82.35050263467504,598.8654463275184,554.6435792790843,545.9033996131011,530.9642510932097
1964-10-27,82.1198899497221,82.122588365401,594.3407860797491,550.4469050017794,541.7694181572066,527.073880368137
1964-10-28,82.1198899497221,81.97045442375061,588.0039623372415,545.3521165585349,536.8881579976046,522.2478981276786
1964-10-29,81.72067071340605,81.66094700044745,581.6212648865474,539.2678041215722,530.7651138378478,516.4471706759992
1964-10-30,81.81576304058724,81.74289527709631,574.8616872405843,533.26742609695,525.1825602959207,511.08252853888996
1964-10-31,81.445065780962,81.36247581567554,568.9916189267997,528.1124239161579,519.8846860125403,505.97481079953934
1964-11-01,81.52114398398109,81.60928534567859,563.6614614102014,523.2643800632387,515.3832584391514,501.82174463934484
1964-11-02,81.43570679001165,81.43826903159992,558.6639862355672,518.9360213668972,511.2128340736291,497.7357916453741
1964-11-03,81.42620250107676,81.42877083428176,554.1345630397681,515.0386032889007,507.26080303056756,493.9428233812538
1964-11-04,81.19813364741894,81.20087413160644,549.7853004301758,510.78868351328094,503.09544194893425,489.93569392548704
1964-11-05,80.96043341888732,80.96381291925626,545.0942950719981,506.6840874099291,498.87999207866847,485.8781807585233
1964-11-06,80.75138093941486,80.75489426486865,541.2968888819464,502.95522629218993,495.43921677055397,482.5661710579142
1964-11-07,80.58973934166706,80.66631990642644,536.787363844387,499.30516325460405,491.71001759898354,479.05255279968867
1964-11-08,80.6753499055288,80.77881973527163,532.9654450912212,495.5969942404199,488.39869737884936,475.901815367979
1964-11-09,80.52331150244764,80.6268715741896,528.7271958372064,492.03343302286885,484.7726543314711,472.4138103991668
1964-11-10,80.52331116086701,80.6268715741896,524.9637137334065,488.8966969481513,481.69754212739446,469.4675637135383
1964-11-11,80.40927868680429,80.6555378058973,521.772651936802,485.7218411628441,478.59312248872874,466.6237835398854
1964-11-12,80.43787582311715,80.62715710220971,517.9279956862747,482.19880146654936,475.2942359616831,463.3975441285718
1964-11-13,80.52345092687692,80.62715710220971,513.608023030873,478.69485015369764,471.8067002659054,459.96740571795647
1964-11-14,80.35240027331344,80.41818268662433,510.2746819886546,475.41271146443785,468.5167733887102,456.7616971548601
1964-11-15,80.25734910402821,80.3231664882587,506.4609096537042,472.035316415972,465.1745729665397,453.54726088570726
1964-11-16,80.09571467692633,80.31774260392476,502.59894915821684,468.63146095684675,461.72827939087426,450.387876074769
1964-11-17,80.32404571436186,80.114238126827,499.2386712616453,465.14665850923694,458.9225380691921,447.26662088168075
1964-11-18,79.867644843085,80.24738376728179,495.018882568134,462.2761528210778,455.21321030351885,444.27563528307724
1964-11-19,80.05786678264931,80.17143061572277,500.9367875044716,466.71732458590986,460.2942488697685,448.9408231916202
1964-11-20,80.05795429074993,79.26900524167304,498.1338895929473,472.83171914125046,466.2914330459297,454.1015721592455
1964-11-21,79.70614478910198,80.12369018210717,513.5706154697846,476.3934132754804,469.0349241952549,457.7109637811231
1964-11-22,79.56361937267727,80.0215602114437,508.4949122200982,473.0847715546749,466.31789806220866,455.1356152473696
1964-11-23,79.74431596002668,80.01727694527669,504.71767894832095,469.3872839162709,462.90315798368607,451.62931364970655
1964-11-24,79.97251591882797,79.86762054803417,510.15246798100566,475.90894773726467,469.29899669678764,457.40993149853693
1964-11-25,79.52572689333975,79.83614651398072,513.1585213706304,486.68324057213016,479.4716963912855,467.95223381066813
1964-11-26,82.46383589017422,76.18435314844167,486.0755366595289,812.2161857711144,806.7747049913839,787.6305704691608
1964-11-27,82.4638315986398,81.17209313946235,503.30272114249544,1445.3639386700506,1154.8036813982758,1126.8837289408298
1964-11-28,91.60423270508299,90.66205065070038,1578.1333679847785,943.3597507992152,898.3598386389251,885.8101411361429
1964-11-29,94.77326238074056,93.68805080856991,969.6637425241587,765.8655471829929,750.3660766831589,740.1249479069468
1964-11-30,89.37625522915523,89.38014054271845,1323.4549875463658,1105.1943064068214,1077.5737162422038,1050.1649845924048
1964-12-01,88.74859846671713,89.278026334748,1838.0963224857826,1569.18280841835,1534.0461815808903,1483.2284127938685
1964-12-02,92.01950785266827,92.61809156966929,1724.0179318681771,1527.177448203393,1490.703553782269,1439.87511571287
1964-12-03,100.83355771697028,100.90683945818677,1553.2833399634612,1388.7711974231252,1369.4049486231047,1324.0733363482505
1964-12-04,112.9467573929458,112.69211042902988,1707.3738167143972,1644.3691988887322,1621.0818719199215,1567.474367765046
1964-12-05,122.93015594080346,122.72263880497265,2041.2380189146243,2089.4352499357587,2014.4421881405738,1945.934113878915
1964-12-06,123.9377929922134,124.42536678801041,2138.0492052469517,1919.9271569646562,1841.5054525938936,1780.152873832128
1964-12-07,117.97591239297178,118.56243226867137,2512.5715640125954,2160.728364851325,2092.5217649810998,2016.99672774009
1964-12-08,144.28179796637932,139.29937560269136,2772.9449454824435,2462.7653708358735,2384.562427665626,2288.3881494306443
1964-12-09,150.86989295229165,143.3829733244263,2951.797126001779,2618.051975173369,2536.0113645834213,2428.7358174589335
1964-12-10,149.28922933945697,141.11996183567774,2744.656640119878,2435.7696048438424,2353.256358490752,2253.2738918499094
1964-12-11,147.78198462813577,142.75650802601245,2480.9954170631713,2211.388669324651,2139.599906905773,2053.2964764991802
1964-12-12,134.88155102643782,126.08635855306774,2511.215706010727,2379.992796702126,2351.309924328949,2259.5483462761376
1964-12-13,134.1305164597554,141.20662690741273,3025.4626325214545,2859.0136956021065,2742.2038978386613,2643.5970336112596
1964-12-14,160.16821212307485,147.1139547861236,3795.254568196818,3332.6711682737923,3237.93926393578,3094.3505231369886
1964-12-15,189.14274059578793,163.3301700947612,4330.794150578541,3870.2739062050055,3722.547675829318,3540.6800950816437
1964-12-16,183.89396013144344,169.3709952976321,4275.884022638653,3771.8193774322976,3616.1133830643294,3450.172225526304
1964-12-17,188.7420137824928,178.8850597288291,3856.2479207953256,3413.4898298759067,3292.5199578206266,3149.3151447666696
1964-12-18,216.20733404597382,193.73781361359457,3463.840071324285,3174.5197845131365,3056.9213459510506,2914.5728988770184
1964-12-19,206.17315485394474,195.67727846684744,3287.4066841282583,2920.272827248463,2789.55074032633,2671.0610582820636
1964-12-20,228.89015713227224,216.9866945185127,3231.730698854758,2886.501501943272,2772.6032790522977,2654.627708761367
1964-12-21,224.84758753725464,213.50240607267807,3108.385246523065,2775.0007332807577,2671.109677351236,2558.213738759447
1964-12-22,223.91773443416156,214.8895426382327,2934.5350123747235,2627.9615088548026,2531.5192124016335,2427.5761152239684
1964-12-23,228.6483416255273,220.71706310383433,2782.2510910041137,2503.3299353595194,2414.7201442959545,2317.8988869217474
1964-12-24,223.3681083937637,209.31480465819598,2622.15879643262,2357.9210753497864,2299.054054529985,2203.0357408133123
1964-12-25,201.46662983668338,170.10728293616725,2388.1434673185713,2161.9876361322363,2137.5895828327516,2032.733668283221
1964-12-26,198.48589638619754,190.78194786138565,2333.1855823180067,2249.2990283988665,2174.3393851296523,2093.851379416869
1964-12-27,273.43044472176683,253.59789694502604,2610.6681055541553,2634.6051236346943,2632.8276533013523,2533.6104062325226
1964-12-28,477.47225339651953,440.7566373655687,4257.238812998442,4813.880174019665,4657.828346765717,4457.9111174518075
1964-12-29,638.2765963194183,604.2927109792117,7581.226925259512,6934.641833252694,6488.02130576196,6192.823501686313
1964-12-30,729.7573810168008,661.2519605051108,9451.359027281505,8204.383752160998,7769.121444132551,7369.243698188691
1964-12-31,644.9312575897937,563.688061150862,8309.038646585981,7129.582048742562,6823.504689055729,6455.398678211943
1965-01-01,563.2060494647203,595.1762730289913,7156.867602941584,6268.3143328890255,5914.837688616034,5701.755001658952
1965-01-02,676.7648834897102,652.7327230298025,6463.129628284128,5726.972204088774,5503.375493245481,5261.4379367029915
1965-01-03,674.0648607305944,664.7009077381289,5806.078810302059,5183.165477653126,4959.6702262857425,4759.7020187987555
1965-01-04,691.3113308810689,711.2601241141101,5180.124814876947,4631.236954490877,4445.082541120581,4301.454972894173
1965-01-05,770.3062974297238,744.6077537725606,4736.835401967364,4330.285663887029,4169.533503546181,3998.34387398526
1965-01-06,834.636652168771,784.5914903781941,4580.178255718183,4275.024660482019,4047.9341030413907,3861.298768063002
1965-01-07,857.4116971824262,788.606078611826,4436.275998396922,4071.4957214606316,3833.7125888948885,3639.8155313513316
1965-01-08,881.4406477830465,773.1344361504686,4411.112757016418,4071.915376686371,3826.8179230444466,3597.106012040669
1965-01-09,826.8375377221878,519.6550904806741,4415.950939608823,3957.9115103334825,3901.757217748658,3473.679110590955
1965-01-10,517.2674657683447,501.8729145417789,4420.54133264117,4167.076206269162,3790.910522886626,3644.335901696311
1965-01-11,671.8329583641957,742.0127090012352,5468.490156054738,4926.699284767368,4669.414508020758,4569.422081315195
1965-01-12,752.8893442686697,800.1667979198007,5776.5114125898435,5123.3554260589135,4956.795666620374,4819.987941208608
1965-01-13,796.6912353174821,937.4339893242252,5342.141596319405,4808.361236141708,4666.5976673397345,4639.438324931851
1965-01-14,1027.978669688151,1051.9647525099608,5046.090821969154,4716.987897442818,4627.068828410921,4496.174630507004
1965-01-15,1150.0101769312967,1109.5758531165513,4882.137765576835,4664.598770079607,4460.317272473242,4279.024180086004
1965-01-16,1213.750643150026,1120.1656262475396,4738.735967060625,4462.055821191337,4201.853744652137,3983.558575430329
1965-01-17,1214.7549044323341,1084.1945837604435,4535.165576194895,4243.617499337887,3929.039457110299,3687.243962922931
1965-01-18,1174.6863317942812,1039.5977442547996,4357.870593401422,4029.7239110402106,3685.026192675782,3448.5801415373617
1965-01-19,1138.7719104216815,1009.5260493288754,4216.449562821735,3878.1603305308818,3535.6505728409466,3310.4003724893273
1965-01-20,1098.398444575269,978.2021199981231,4155.1991889206,3796.043789719136,3470.1110107926515,3254.7781307873684
1965-01-21,1055.0340526805126,941.9149292309824,4022.016274024393,3673.2120434548115,3367.3239718583773,3161.8430723823067
1965-01-22,1022.2196029148946,907.963429732504,4045.440551315694,3700.513250496146,3411.146434919454,3201.199776900336
1965-01-23,1015.0937902658064,911.4285543680912,4003.850511313556,3710.0676934040594,3426.1756657993164,3225.613893323641
1965-01-24,961.7666906077318,877.7613247842993,4025.4747649668334,3660.0547293933287,3377.6942371212353,3196.1447952210046
1965-01-25,945.8402509388134,859.82619529732,4136.627546586368,3766.8189654996368,3503.693429340212,3312.492121892372
1965-01-26,931.565352770285,853.4976063921533,4245.596969100903,3874.1668656551287,3616.5834381839595,3427.2067995278676
1965-01-27,959.5808024562475,860.7834455799784,5267.439918454433,4829.245115360318,4546.8660054929405,4290.816918332699
1965-01-28,933.6887389305089,853.6104670744106,5016.33733013315,4584.618909872799,4284.774777036501,4060.260353854806
1965-01-29,913.3905511887828,828.7040715144261,5185.442591191024,4665.502625582865,4384.802150861273,4148.642798794183
1965-01-30,897.9722749046648,821.5346791415782,5124.470453926099,4630.527665247353,4346.857533662374,4119.59657317161
1965-01-31,894.0129896696754,821.4451366048676,4897.461745891807,4430.074713562598,4157.295341685415,3942.8706500194576
1965-02-01,891.5102487043597,819.5303866014575,4635.65084911322,4206.797641247987,3946.7925470177647,3743.3358641897285
1965-02-02,889.9917835217977,817.5270100244231,4380.332872983746,3989.749904821731,3741.914642542244,3548.343549184128
1965-02-03,884.3687714471855,810.9216320765813,4158.881339630482,3794.0021982579315,3554.7005941639054,3369.121516189338
1965-02-04,878.2502791147208,802.7378306060572,3959.7981827520016,3627.4070586711323,3392.509366291678,3212.750151749745
1965-02-05,872.964402803189,796.3928207588834,3799.8836933546354,3490.800963965841,3258.5515473663445,3084.1642433414
1965-02-06,863.9457349555164,787.1827944052919,3667.391999319087,3373.040946964652,3142.9045889313757,2973.8212612319394
1965-02-07,882.4087481089389,774.199290759094,3595.5033518422733,3354.8214097220753,3136.0301375177387,2938.9544696909657
1965-02-08,883.9917848966495,542.8609807938825,3541.415052800681,3837.031698152988,4015.534491060712,3579.473377747647
1965-02-09,1160.0829395877497,1119.8424121246976,3824.9063615551286,5894.343146042571,5530.765392491318,5343.366846511194
1965-02-10,1301.5390777067937,2190.0849228791976,12100.669784684505,10225.834003976825,9750.458726132412,10260.765703257608
1965-02-11,2500.2315293180777,2382.287945899838,12554.017597062648,11480.774202028299,11658.396609173611,11116.905066893723
1965-02-12,2904.9093951069663,2772.72373415784,11284.313708674918,11754.44890584904,11049.495917447792,10558.804336323014
1965-02-13,3437.0738348979503,2987.5571742112893,11917.858315411802,11925.352065513882,10836.155026597391,10059.774288024215
1965-02-14,3082.511114385573,3168.7094571279636,13576.619611462575,12066.626866910141,10544.192824143542,10289.091601267126
1965-02-15,3671.9738351114734,3381.3550545781263,12878.100459477533,11843.975120515484,10735.459953154077,10118.837302550583
1965-02-16,3757.0854392293104,3457.2138918881965,12527.68159766151,11642.758176176623,10458.571684642427,9850.378054767789
1965-02-17,3884.3386881685465,3289.016909107032,11512.210351127378,10759.399385863755,9647.738046902108,8793.448745711928
1965-02-18,3673.218771555602,3102.172282547424,11050.99741342539,10328.432188239316,8969.37993191493,8163.982774302636
1965-02-19,3438.8945398511587,2873.4372710967496,10619.497651299313,9793.399983629213,8297.632227635593,7517.942252134292
1965-02-20,3188.7709910800495,2701.012656514989,10227.538780791996,9132.176632883129,7795.399736831747,7104.916904341206
1965-02-21,3023.4247830866266,2523.811930638616,9436.062946024054,8422.64009045693,7333.948408990901,6646.9182135755045
1965-02-22,2769.588922931239,2325.449088469695,8778.139986696255,7995.961734493488,6848.813204118999,6226.744525727132
1965-02-23,2577.608476116332,2195.11527523272,8358.24133205896,7569.662483408143,6467.696092438118,5916.344775783064
1965-02-24,2405.01537925004,2083.409389374325,7809.217592620158,6961.681662641434,6040.187511957025,5562.378311392003
1965-02-25,2544.057721720036,2112.3663422710097,7607.155747881218,7083.95186058316,6520.307501535858,5927.617493847815
1965-02-26,2498.157279006637,2152.0737650856063,8082.430688515232,7903.440855995761,7029.635955595262,6491.763124394738
1965-02-27,2446.1117000974527,2317.7094851091415,9445.670823227058,8781.25666313493,7799.227298835243,7434.202769786694
1965-02-28,2629.968196540619,2363.5203689816203,8748.273655517169,8127.881843610405,7313.208492747954,6846.2385891376825
1965-03-01,2679.0230506437106,2503.5465937746826,8448.9930129882,7932.654127541666,7086.171983352291,6723.0683981959755
1965-03-02,2936.568869446775,2541.549302694399,8255.694137958119,7916.541948899861,7095.90186702579,6524.564338116607
1965-03-03,2822.371421682509,2387.0535412973936,8018.315900862893,7566.061521050916,6575.350966423243,5983.860236390812
1965-03-04,2680.770894257405,2243.2948141505585,7505.69853577923,6914.596056973138,5957.852995555619,5387.45205871784
1965-03-05,2758.400157962759,2344.7849650207268,7123.936719733225,6519.467446913253,6139.470580210448,5603.692623319581
1965-03-06,2935.7361484479984,3039.2396289135577,6518.757394494982,7036.237008493144,6761.863744349686,6732.1898837730605
1965-03-07,3929.2929219338184,5259.563048560653,9781.990085618663,11080.615982520905,9670.5841982841,10764.276341335311
1965-03-08,6279.531989530895,6071.713180971267,12399.474194493338,12947.107526883083,12266.959613841507,11802.075169581865
1965-03-09,6470.072527451415,5556.223266079702,12399.058527394049,12743.653428958301,11138.858033303504,10032.99297752112
1965-03-10,5982.315736447822,4824.822915365941,12893.65241501888,12279.027785203441,10178.711324219617,8850.38312536363
1965-03-11,5187.773622853354,4340.280144102864,13611.062087308334,12134.247043613894,10006.35823774456,8951.081889129342
1965-03-12,4641.935046589708,3897.9656448175356,13119.03201752846,11475.549788879269,9637.481298680115,8671.676742331798
1965-03-13,4207.479119745021,3512.990923041094,12070.597557273251,10658.73654443404,9073.175288265804,8161.5385390497695
1965-03-14,3818.4273950175357,3220.1949634293783,10948.33916753784,9796.691444267824,8330.736559494562,7532.885494836739
1965-03-15,3488.2916152778316,2951.34704835967,10082.27577717307,8979.189744054342,7690.511185640185,6969.504200531655
1965-03-16,3214.210671182206,2737.746100346528,9194.578319200178,8250.056181403657,7104.094883019048,6459.384516964316
1965-03-17,2979.9569170556288,2560.8517257873887,8473.784702586374,7658.856546454586,6617.845758547484,6043.730228308295
1965-03-18,2879.7714313723627,2479.4773143120115,8073.678748230843,7407.565457793892,6492.755166699091,5940.74997248052
1965-03-19,2803.315213958393,2444.0913284111084,7737.6404647961945,7196.453415265143,6330.653751947815,5823.640519711418
1965-03-20,2713.9196544991637,2391.5373245637975,7571.728910218427,7051.59464180122,6144.328521793592,5677.836032996366
1965-03-21,2660.649884188758,2338.859726019081,7442.273136933968,6943.269938964031,6046.165101367724,5582.797517434079
1965-03-22,2590.354033534549,2263.817268316805,7376.960321914383,6790.599497917761,5965.45662495814,5497.5879838584315
1965-03-23,2556.503372593331,2211.662281506883,6983.078200780321,6492.003067753072,5777.971529517963,5303.264307134345
1965-03-24,2625.886576140602,2328.120144543378,6838.625698054293,6717.112973795765,5927.098497704742,5496.395568698905
1965-03-25,2574.809942748524,2286.975382148596,7383.533913485178,6992.180028486573,6077.736552009292,5644.627010691899
1965-03-26,2557.5022863013555,2241.6452270619884,7805.803076725177,7181.55699299188,6362.994745088425,5886.470329118485
1965-03-27,2484.7725747372942,2170.480339355834,7400.768801311146,6862.7492664978345,6025.357806548177,5561.7663123580705
1965-03-28,2385.7663757317,2121.944698209463,7425.448631345991,6817.296406479536,5975.87239269061,5559.063404997774
1965-03-29,2733.529605939748,2435.747024633187,7008.759502543275,6785.350778387383,6263.97923196513,5825.18380626975
1965-03-30,3039.8016989592666,2745.1825110469904,6793.223141520659,7311.480830747581,6290.443307242598,5867.148498936204
1965-03-31,3369.071241267384,3005.189190030157,8233.044499471434,8366.661505345504,7047.330798288482,6532.41986302604
1965-04-01,3434.8862392768324,3006.848911315603,8468.746753274976,8097.191042868134,6770.1034774373675,6207.620360123419
1965-04-02,3438.0696649342017,2927.5958062526993,8185.216170546382,7752.344726986046,6507.764325584687,5877.293220896906
1965-04-03,3351.920670560013,2874.995803249045,8411.724213104251,7971.875001582812,6665.683515322446,6054.109997722899
1965-04-04,3215.561908337347,2806.491884122669,8805.290718460908,8074.9803953002665,6843.061623454779,6281.787232622749
1965-04-05,3105.951668526087,2673.4035346411747,8391.768037566273,7702.139513226863,6584.597824780515,6006.448851661473
1965-04-06,2931.3580491478697,2667.1386284785,7909.435985804244,7320.0293228137525,6194.189023617491,5795.108042625503
1965-04-07,3353.712225033755,2809.6313113619135,7306.509332560523,6918.3046932522475,6507.685679868103,5845.425325516795
1965-04-08,3259.264869688009,3309.5032252174806,6595.34055634435,7110.3229622888175,5884.991117086712,5840.537722842604
1965-04-09,4071.047976383573,3708.464963012055,8289.284227785443,8636.270232615305,7427.401602234866,6932.336806160774
1965-04-10,4155.046478539196,3878.6690557753523,8672.50137661115,8649.736073778895,7163.7665175049715,6771.096221805183
1965-04-11,4236.133316247042,3792.542370334344,8791.2267145983,8236.195965960838,7003.676673290935,6453.678589021549
1965-04-12,4241.09870943496,3436.13859061646,8581.379166241999,8002.515159182087,7086.988336990558,6173.826502431084
1965-04-13,3968.829061784135,3585.0604171858117,8432.426371976622,8767.046525758746,6855.119352366804,6358.624959817147
1965-04-14,4053.522590996404,3577.008347251798,9675.93692592807,8677.839294867164,7372.354256380568,6759.066979945721
1965-04-15,3724.8338305804796,3373.7716069275752,8128.707396327424,7332.280634226489,6224.97662157736,5780.366040352885
1965-04-16,3318.822517739114,2381.1589752536865,6889.068950666895,5583.900708277019,5301.557325144352,4297.219147853302
1965-04-17,2842.4287475003216,3841.3156727052265,6107.20826236752,6607.74661587589,5082.662676124228,6001.409195472949
1965-04-18,4692.620983922011,4015.9044690499004,7947.063877856543,7730.092244298685,7870.4091967249515,7068.4726741769
1965-04-19,4004.0288123319206,3700.894547563184,5784.174682828645,5913.584979354186,5334.251465902812,4997.329591883627
1965-04-20,4179.527369539433,4828.336363244838,5716.637934004136,6299.919044692114,5210.76821136003,5836.946577835727
1965-04-21,5859.710528774696,5601.01132219821,8648.900519954143,9601.670449435134,8768.957685599315,8395.099008396679
1965-04-22,6179.511850600104,4864.5630132665365,10321.615636864039,10823.649996766637,9354.759357166458,7909.204030445079
1965-04-23,5162.15513604002,4091.691619454617,10566.601644665405,9925.71403147469,7762.366982274467,6589.873479565818
1965-04-24,4408.051743163767,3541.439072733342,10867.967273415681,9354.21180880822,7521.125051955391,6525.161762709604
1965-04-25,3832.3838240196874,3158.6430326887526,10257.537332198328,8918.100493765,7352.550414201839,6527.60349547741
1965-04-26,3636.7017853824664,2773.9783238737655,9212.61094371176,8176.450076115061,7101.248714210156,6094.429122813615
1965-04-27,3209.2092329962657,2843.928686983202,8209.288227958494,8021.250066203156,6305.814995136381,5812.488582217571
1965-04-28,3115.5498424183015,2632.059389371322,8426.190151670216,7224.393684282657,6189.882542109449,5578.962264897379
1965-04-29,2795.3153685425063,2597.6976252980007,6940.808512155716,6277.241464175278,5281.49034032736,4985.5792194644
1965-04-30,2913.0373762751015,2697.0338798937946,6708.768660072514,6299.823421357618,5486.641281020002,5166.922743273193
1965-05-01,2885.0343187170993,2570.6605318754882,6846.733314565618,6351.826484013243,5638.278163993166,5210.3872017278945
1965-05-02,2872.242266375718,2492.01813551732,6689.594700923079,6458.753484536497,5635.005032232824,5142.453632227562
1965-05-03,2716.7465006391094,2320.8654287452946,6863.276760716108,6423.552474544442,5509.089096437754,4997.1616613508595
1965-05-04,2494.3925685616614,2098.8047642018237,6729.005153605269,6098.75905045197,5224.272473932109,4715.17196577799
1965-05-05,2373.222254605208,2007.3314016962381,5942.129463802646,5439.180652666376,4677.26569189262,4219.673491300088
1965-05-06,2222.9155396193823,1944.5066508990735,5661.3015649606095,5303.514651483789,4471.30509953592,4103.42927011356
1965-05-07,2084.39440286401,1770.9914857352674,5596.323559464767,4985.863819249719,4347.733124282393,3944.589847664868
1965-05-08,1909.9142360133628,1672.915510749489,5037.069402676225,4631.5192731095,3988.876676933485,3670.527038055861
1965-05-09,1871.6905094050226,1642.619443244965,4922.130392095802,4580.73752455034,3973.936687335312,3662.0537912916875
1965-05-10,1770.1203633690075,1533.2122215846914,4853.413455243554,4421.490473462158,3880.4540093562346,3560.0176128847133
1965-05-11,1681.3785224690132,1458.828366461096,4493.2166653420245,4149.412761939464,3643.482882574919,3345.133344854372
1965-05-12,1582.8253103427644,1379.527369663754,4309.904909115542,3996.8886730830045,3477.228158453434,3200.7675312878373
1965-05-13,1528.0318434565334,1339.909312033014,4307.8376908849405,3981.6956731223954,3487.335110065458,3222.486122218891
1965-05-14,1457.9579671870413,1276.4182640000633,4118.8632870459605,3774.44751774999,3329.4697758298107,3075.3227547844353
1965-05-15,1401.8926969498016,1231.9012566456227,3842.157532943924,3570.70925090293,3139.8073259073135,2903.583325963097
1965-05-16,1349.9892955536652,1187.6808343380933,3727.21998013692,3455.2723001711865,3046.225728257835,2819.4926678055626
1965-05-17,1294.6842737651334,1115.7830543149412,3599.2190449227946,3327.1377844441367,2942.996124476228,2701.7954438273
1965-05-18,1219.8198299166618,1089.221706485526,3462.165286455269,3209.5412374071275,2818.2319245806293,2627.5408107156327
1965-05-19,1192.9694908024078,1051.4352988875546,3351.4099500455495,3090.4290361376306,2753.0778488507235,2553.1019927393877
1965-05-20,1146.722915431408,1021.3259959279842,3227.5300767730646,3004.326760486204,2668.835570165449,2486.6409134655087
1965-05-21,1118.0428739629483,993.4233537653638,3130.7476331110684,2911.736490069892,2597.4137727135867,2417.8594858158967
1965-05-22,1105.3501886924812,981.2364528647229,3012.9504700974376,2839.497700453863,2552.7452746554645,2377.2374123044683
1965-05-23,1084.2237682478808,962.020516893986,2972.0757761244904,2865.5690160689746,2525.6156790700766,2348.4011853674137
1965-05-24,1076.8338199885443,949.3388024480955,3148.442686915678,2928.699549920847,2578.333600753569,2394.2939515637963
1965-05-25,1050.5114272534315,914.2473600485345,3696.6517687383002,3387.344594508761,3049.2253759765426,2831.932688283722
1965-05-26,982.2281087854676,862.7044906052326,3037.967219099287,2746.668055434895,2474.213771431906,2298.514822191283
1965-05-27,958.8235029094126,892.4642894581518,2679.6651088325943,2484.835829188245,2254.8918176107345,2142.310169803362
1965-05-28,1048.6151676862225,895.5441889541352,2776.265088791536,2735.0731144383035,2471.8862250292286,2265.981125174102
1965-05-29,929.3103224016363,809.8969886456232,2864.2687908517787,2643.830203936476,2320.2307859884495,2149.8495332169687
1965-05-30,907.0847259162679,797.3343066324385,2882.0712957084775,2654.631108014439,2363.081487131207,2198.4892147656724
1965-05-31,869.2621580060998,771.8638880633755,2764.4822209966246,2529.308862449765,2270.1466282967376,2120.6118516445817
1965-06-01,839.6814373995179,747.6285194561274,2564.1280187481225,2365.060174441272,2132.815034240636,1993.7760569484558
1965-06-02,813.7252805510132,704.9648109727839,2511.4636876387376,2318.930919150407,2106.6216318345987,1950.816555090014
1965-06-03,771.8708230961896,686.9335867118099,2481.355416582138,2308.377588322528,2078.16823084993,1945.3960398165013
1965-06-04,748.7823150861084,693.7387718416965,2423.316395312804,2231.9734682375592,2024.1880967896313,1922.616890958489
1965-06-05,745.5796806995908,664.7184005810522,2331.8539195263256,2144.9742948755666,1981.602187817635,1855.9344579683152
1965-06-06,722.0726366831058,653.0625266789672,2230.411150436671,2099.216931666935,1911.8158924125564,1800.052992924443
1965-06-07,717.0050230130358,647.2319487363606,2211.1138186851294,2067.4284371169224,1888.6665744707889,1776.8756339057736
1965-06-08,706.3561561554861,634.2752223416627,2156.2241713169724,2019.0509201181826,1842.4756670274464,1729.9227567512444
1965-06-09,697.6691051416575,622.6093881098894,2084.6704289408494,1949.6167710230698,1786.0645432810572,1672.8006679426585
1965-06-10,675.4662908960295,628.5231304796114,2037.9090369263256,1911.6768866106102,1741.5379878817982,1657.2251348737682
1965-06-11,689.0914114464993,609.7639683047078,2020.0663052324749,1900.0514029423503,1747.099667602451,1630.6537082105306
1965-06-12,652.1475548317961,584.2951788663634,1984.9459231071642,1852.644525446609,1685.4510449494958,1581.4997063727617
1965-06-13,640.1140886683233,578.690880370711,1918.2437604952518,1796.950120802473,1635.9873407045047,1540.0979499361824
1965-06-14,637.9855383972869,576.8661814854127,1908.0160194358236,1796.832099979948,1639.631912884974,1543.6967503254295
1965-06-15,628.1528021376107,567.4191075136114,1877.2809831248842,1759.753052111696,1608.7125989989581,1514.0327879500605
1965-06-16,614.0136972474527,554.3254927632851,1827.4474030288525,1710.7976646318898,1565.0253335723603,1472.6611813282298
1965-06-17,596.2261775380608,538.9098026175963,1797.5122275931092,1676.6156768385645,1537.4443935700378,1447.8494679248654
1965-06-18,582.8700950625259,526.5968472421189,1772.6400811251733,1657.8674487615817,1522.9061158045376,1434.289199916503
1965-06-19,570.8875773263422,517.360653650537,1737.0568459358433,1628.8768138691098,1495.2274065179104,1409.9813854151794
1965-06-20,560.7771499065467,507.8755280315569,1715.832343821049,1607.3474035472668,1477.739742819459,1393.370209424387
1965-06-21,550.3698093507866,498.6087541083442,1679.8470920408563,1574.9269767346352,1448.1324035468733,1365.6775610852055
1965-06-22,539.5269431943974,488.9089229265277,1649.0788412951729,1545.2380581691855,1421.6841140848455,1340.9925530064502
1965-06-23,528.5103539315899,479.0643342925577,1616.1799479095775,1514.6022643043702,1394.308812487368,1315.474094818899
1965-06-24,518.2578763767419,469.00989996163526,1582.8350361291186,1486.3316639121522,1369.2049429612555,1291.2370266500088
1965-06-25,506.4006038896461,460.4555490278424,1560.2688044231315,1460.9613892059233,1345.0394539376862,1270.806719993353
1965-06-26,497.9571024568447,451.452715459835,1543.373014530518,1444.5416909012774,1333.2804501203234,1258.5148935707216
1965-06-27,488.1762489965382,442.5384298219303,1514.9865813592817,1421.355597568122,1311.0250655860136,1237.6191489133735
1965-06-28,478.3567442406906,433.4497998654634,1483.6892806730575,1390.8164593335005,1283.076396045044,1211.1454992854333
1965-06-29,468.402831168827,423.34389873794726,1454.7746704509889,1363.6041356695437,1258.2493438719566,1186.7531279085902
1965-06-30,457.2554999467311,414.8404964080772,1428.3991120828546,1338.3464472433252,1234.5465273352597,1166.1919237222246
1965-07-01,448.03337967837535,403.97461552922107,1402.1066344624849,1312.8526069373565,1213.173173503954,1143.6542956744333
1965-07-02,436.0027814856603,396.50645129285084,1376.1759297550375,1289.5405407423677,1189.8284977413414,1125.3126888511254
1965-07-03,427.3449731427306,386.4318444275142,1350.8187989945964,1261.602732913505,1169.2025314173484,1103.733290291158
1965-07-04,416.11969262939846,376.96087806055067,1323.0170723311396,1240.2592444751772,1147.3720903410708,1084.0686818538084
1965-07-05,409.29207506231467,370.70005320459387,1302.720338878397,1220.0286072587787,1131.859087044565,1069.4401676074506
1965-07-06,400.24003159084515,364.66306222259465,1277.8982888609055,1199.4670324894914,1114.2243552183277,1055.2630686612822
1965-07-07,385.0894027479188,349.9607570331853,1257.7711082320814,1171.9591607054099,1085.6926737180788,1027.5866677495142
1965-07-08,378.19721103875065,342.60789808303485,1252.3337065426072,1171.2728686668468,1088.5759792493134,1029.5233260567206
1965-07-09,370.16864245384187,336.16908334157876,1231.5981949304355,1154.3749099679653,1071.8802953801571,1014.7491039346062
1965-07-10,360.91922316403554,328.4239970647464,1270.6864719401794,1185.9469584184621,1106.890248123042,1049.404134766801
1965-07-11,350.6716361710743,319.62984559517184,1362.4560473376714,1259.1317073788869,1181.0331632997131,1121.0748824277887
1965-07-12,341.61504355038755,311.6084582309879,1214.0546466536484,1131.1127382991976,1057.3545276579987,1003.4410730445051
1965-07-13,334.08061745799233,305.0904933884774,1171.664672343451,1093.7145082228453,1022.8973444256372,971.1286298064026
1965-07-14,326.00530201791463,298.0775740518267,1171.8180866056143,1091.8087859244597,1023.2577005996493,972.12873622765
1965-07-15,318.65365345494496,291.5190459570726,1137.7061822291107,1061.7241897268173,995.4667296222547,945.9838209403647
1965-07-16,310.9277786332125,282.2659317161396,1106.9362132944448,1032.6299760522495,968.9016440518003,918.6613934230843
1965-07-17,300.6376448102543,275.744989507155,1082.1456413681847,1008.894626967048,945.4795418783835,899.5364564912034
1965-07-18,218.28301389128052,123.08743217193764,751.4887285206693,598.0238902749476,584.553893561274,479.8761772516208
1965-07-19,264.26482375862156,188.94438004410551,1071.7405829380157,973.2285468826991,1017.022623433505,915.8142395877464
1965-07-20,279.27943275770673,843.6309651151822,825.7752777853391,977.9315099519677,837.4427472169448,1384.3450370167116
1965-07-21,882.17552531059,443.6900302980894,1106.25548943515,992.0462638181539,1506.2237212644982,1047.4136147618556
1965-07-22,356.22084722853754,384.57932568841693,484.6539134438476,892.9056651246439,480.93946267676904,508.13635244607286
1965-07-23,393.1006508198876,342.1022652783718,1248.8415021582687,809.7036917152793,830.0381613483157,766.5119691329849
1965-07-24,685.4075735221261,680.5709794415659,1092.719858133408,1636.5268473725957,1335.4752071482148,1309.0529028373908
1965-07-25,732.9635328959502,617.1119544540594,1696.1213750574314,1500.5046678709841,1378.5201028683096,1241.2403161989419
1965-07-26,519.303279091996,422.1683142074469,1094.754383821427,856.4859039366407,754.7355997360004,652.7548582384808
1965-07-27,391.91505803314436,323.9005329787379,1039.419175021765,878.0843298340851,775.8247053757814,697.2731810845064
1965-07-28,354.3576700608724,295.5556592608035,1147.7753169995117,1049.4012608330231,945.5458724801523,867.5480216017987
1965-07-29,359.79348075063103,297.46992201683025,1133.6618237595158,1094.860169996315,974.0825528767227,891.5292366163305
1965-07-30,348.0649196110244,292.1982415223878,1161.3574872275963,1093.4803788283707,967.3577127803825,891.0078568426561
1965-07-31,323.7026697168342,278.67734960186056,1205.517568450429,1098.3502199603201,986.6592889127728,919.2110660389899
1965-08-01,298.02213454484,261.7088242366312,1162.6819168566644,1050.1159977709915,958.3152590486859,899.6551424410568
1965-08-02,274.09370433904485,240.38663560837898,1066.3759082409758,964.6821073591632,890.4123572806614,836.2347943606263
1965-08-03,249.3227086057584,227.244347348269,987.1962937671644,897.121772576836,831.9989207760167,790.868903414623
1965-08-04,234.32458674926391,214.91010510561335,950.3676998815247,862.8595058164851,813.6116342408995,775.2498837569464
1965-08-05,220.9694683448327,204.25385855262167,925.3380954830675,849.1089638206356,805.1558693263632,769.2475499441833
1965-08-06,210.8609060526309,196.52684186170706,919.6823051960557,845.9543852526879,806.3408044589439,772.2956342849175
1965-08-07,201.63420164324253,189.42338664566373,906.7239043103516,834.0213112726377,798.5351351236748,766.5186192932858
1965-08-08,194.99368256960764,183.82745583403977,878.4871438619709,810.4258524662355,778.9372149931105,748.4838729659
1965-08-09,181.13222897383673,172.51398887500625,839.7461204579693,811.1302782368782,781.176202548508,753.8077410121344
1965-08-10,188.9919766995508,178.87200268995554,909.012838209925,872.4935314500601,825.6417562691176,792.0056175566178
1965-08-11,182.73191537762577,172.52590847636293,856.8508253430487,743.4404481206172,717.9173538179191,690.4656654012045
1965-08-12,179.82752247928678,167.49558569891263,725.9990483522755,678.1355133396047,652.0821268085342,625.0950044794356
1965-08-13,177.70593884745477,167.98504145309724,806.7631073798618,754.4905680597988,723.4108439311306,695.8949593609149
1965-08-14,174.35780704302624,165.55563485847574,788.1703327304814,729.8381377024609,703.1847185123595,677.2758197124127
1965-08-15,170.86011539339998,162.45188325201966,724.1629821998774,674.4871655150769,650.4839580206711,627.0112908299591
1965-08-16,168.49181547730632,160.25430750756564,696.3437455720486,651.0556322201252,628.2172489919453,605.7238788602407
1965-08-17,164.25961626178318,156.77289862192828,683.1531330318049,637.0012096206298,615.0829649178652,593.6884402298429
1965-08-18,177.8307541401637,170.0050123458657,669.1201243380057,623.9636705904829,620.6642171139463,599.2396719691762
1965-08-19,159.73630072534726,155.12767861803405,668.1246099072487,636.596916251912,605.9084064703967,587.5433840765709
1965-08-20,154.6885337144212,152.01392135151733,673.3511409391226,619.2311977437396,597.3087613288857,581.0041724326738
1965-08-21,158.8485340545094,151.0776197897506,732.2955506755592,681.9839704871891,664.5534074181974,640.4971968503964
1965-08-22,157.64218544820847,148.67134217669206,800.6904523951191,748.4074545608275,724.1355519640939,696.2629882983792
1965-08-23,171.5036027890871,163.32459658322423,779.6089523047057,726.2157793794365,716.1147735084282,689.9462770795021
1965-08-24,138.6834978840715,134.75585493688965,727.1144740284371,668.9487331046936,637.4864942855963,617.4854919158877
1965-08-25,151.61602559098424,145.00396307046125,836.2510850239418,778.7946893249144,753.8687964159536,726.7379102355355
1965-08-26,142.36046788471114,134.2608095695134,863.2548208041453,801.9918746711774,778.1222991137282,748.497668909425
1965-08-27,118.47794216890158,85.87031686554946,790.3650443201246,691.5245305314123,680.8446379323726,629.4446937147964
1965-08-28,85.09511344834827,80.3323333538419,716.1868145769521,658.8467522133399,615.2729824220683,593.0547734313927
1965-08-29,100.09494593799546,135.248632429093,944.2785790300528,857.4000547506415,832.690617489166,841.5733739997931
1965-08-30,134.70967293860662,131.5122827615512,1000.8743935462815,905.2355198942162,921.8992377583761,889.9176725921345
1965-08-31,129.13994988008105,142.3540166893335,834.7080821762393,798.4772412401599,781.7374225181499,772.1665041441483
1965-09-01,150.13367164519283,159.80740187289643,778.2593707734862,742.691356755373,739.9184958583435,729.9747357911532
1965-09-02,162.96118016465746,158.03777213387764,785.8821587375962,751.2148498795324,745.9595536061214,721.3793253112715
1965-09-03,149.07226556992902,141.15848260061364,773.2684036285923,699.393441760238,685.3091723309952,659.724452601589
1965-09-04,142.0133894657204,131.96906376892562,700.2811177781675,650.359528184339,633.0333115494045,607.1951640509953
1965-09-05,138.47439931503317,128.61718975442682,716.9784537236693,668.1800917875572,646.3362532895741,619.9522199201908
1965-09-06,139.23505352602788,130.0312918448538,709.9701129994041,664.161058100734,640.2438102311237,614.7723204670917
1965-09-07,139.46577214203285,132.03920355416682,692.5176300999626,647.845947886848,623.5742039542342,600.5957272120149
1965-09-08,137.50210870016872,130.77875458788577,670.6372851483222,622.0612326088591,601.1929807998184,579.7562588010326
1965-09-09,131.8057697731053,126.41974934142321,643.5735462757307,597.3508125261119,579.30400185856,559.9677998002197
1965-09-10,124.19660943971047,120.87036787352096,631.2313285427539,575.9455607926543,561.466013629153,544.4643575410868
1965-09-11,117.69776814189548,114.28797628610879,612.2831611113072,562.8884189727125,551.6418942454043,534.6930319797989
1965-09-12,113.07032694334316,112.1246050034905,603.9205759743907,559.4178030605192,547.7575866649921,533.2278235118883
1965-09-13,102.76185477175657,73.6576265665915,523.2100135974022,479.4820012048797,471.992717641739,432.00714613157777
1965-09-14,100.74712105674344,78.43567139609897,537.6292140536763,511.19427937712544,502.4083133623425,468.2338195097667
1965-09-15,76.62451236240146,141.9394649203022,576.8726716025792,531.0348216762861,499.4011747463212,551.7694019414885
1965-09-16,139.8170007652915,124.4617798261203,652.7970667492245,580.1064510487065,634.15884905449,602.8299646441747
1965-09-17,125.56311741453119,116.66717970594873,710.6708917040505,717.0426178598343,691.7386695381549,663.7905505419799
1965-09-18,116.66342795716005,104.01460892109834,719.8634708755964,654.4454097280678,635.7467021173602,606.0345505444956
1965-09-19,104.42623918876272,108.02932156036455,713.6723591617466,653.245189120907,630.946185875734,617.1571857133695
1965-09-20,114.87544420825101,122.27951509163773,665.9827858228878,615.3213349025823,608.4937023908101,599.9189510468974
1965-09-21,129.24459769994706,134.35367909127024,626.1445264008743,593.2487313577327,589.3675496869905,579.8290350608993
1965-09-22,128.05942454320413,127.55236779014534,606.1816485246501,563.3353659335938,561.2601811004281,547.1981818877474
1965-09-23,122.2546584188153,121.81500398771006,584.5883693551557,547.6619659106938,539.8507948361878,526.5175490217957
1965-09-24,124.955081298673,75.23918225310403,524.6403203643112,551.6474122516925,545.9197054461134,484.71083094397204
1965-09-25,74.98028854882851,74.93537908934336,487.3057999770016,502.3601045900631,431.98142073863875,421.94815321449823
1965-09-26,70.80614476938773,70.78378764599425,535.3654270781781,421.57648780051323,405.0166789879738,396.07506828831606
1965-09-27,85.12583172379523,74.39534435281861,561.4305278569672,522.142543398031,524.5183022855074,501.0624279596698
1965-09-28,81.06576740799933,73.82810004835687,703.4191218887288,654.0664337994699,634.8215104854091,609.6345528879635
1965-09-29,76.75856924487798,121.9106784535172,616.5759766904799,560.91790896832,546.9412930266202,577.7631750148325
1965-09-30,124.87080868656632,171.06461093992056,556.4235694614647,509.2380679337676,548.5003346271802,582.0208305482968
1965-10-01,169.3697995318228,110.38232875885339,436.42570962097216,487.8710885748643,527.1063992639871,459.25832600414805
1965-10-02,137.19371746269965,200.40985131621957,523.955174359238,577.6421008830632,529.5634345388826,582.3286988041555
1965-10-03,202.21078978150663,228.28544803405882,581.5508953121181,517.0829316854125,568.3199119681647,584.8999735706648
1965-10-04,238.77985871595803,225.81329017338982,549.193396276348,578.8260960507818,603.3487081546472,580.8291102898636
1965-10-05,233.72155415511202,229.26636504246878,579.7517585866844,593.7044244956787,579.0336104123057,565.9831766379223
1965-10-06,236.73569565052395,244.06288158781598,630.9487569757906,590.9630183779209,582.5843644020197,580.7571481032481
1965-10-07,244.1427219414175,244.50341929733705,649.1332217924801,622.0328738594128,623.7436070994277,614.4331481254486
1965-10-08,253.49897297565556,145.32315001233923,405.603845733634,602.9971560298036,594.8053773048332,481.9928785771037
1965-10-09,141.68101726315248,206.19505247538194,584.2338987128123,815.740461642354,597.1969540814208,650.3891665364943
1965-10-10,252.21426495385217,225.3622649656334,886.4949469557472,699.102652763546,703.2579135001271,666.53128974042
1965-10-11,210.81385989028632,208.3022402414101,694.2818698586465,599.3357983576948,560.7287983569713,552.1459953264508
1965-10-12,203.8655753270295,185.4767371023245,669.6930994117715,597.8105058825541,582.226016903039,557.3632986438649
1965-10-13,195.5649021842308,234.01509189652552,943.271662429581,870.7611923907485,835.2447890019282,855.0754576236184
1965-10-14,237.3064974524803,284.1696051790856,1028.299932853538,914.7341498099818,937.4828187640285,962.8046360060766
1965-10-15,289.08894360549397,112.99266468701835,804.1190538689605,787.6715688616587,830.6641306603472,640.0130444212393
1965-10-16,137.75437766841827,100.27117347864124,696.5911214113728,770.4281389723321,604.6815119770768,556.2087468627815
1965-10-17,89.57655934382306,134.83911984487165,946.7659547097187,743.1878657202101,671.8311724628772,700.4129733993913
1965-10-18,135.89163739601338,146.58361190353446,878.8204982055488,743.8469610430095,773.1620923280828,764.660546103878
1965-10-19,148.04238664274928,308.1707710281081,802.2619800382296,787.4881010782439,783.6222538791292,924.5024892902594
1965-10-20,319.5679782503858,421.4422249957104,809.5112332005351,780.7564782631785,922.7848469723554,1006.6547132873088
1965-10-21,412.45021740026687,439.04304355059213,770.6867446063773,862.6066970444747,955.0508287813367,966.0116069596102
1965-10-22,440.50931206770156,272.05602122989524,798.6335533795716,870.2771986859656,889.1058378538647,708.9552893702249
1965-10-23,284.26839047848193,91.09226898714228,554.7440563529558,587.3437196237571,426.8184292192451,232.42999349155568
1965-10-24,85.92548801161199,119.88801765853923,753.3821436007051,584.3761723543912,378.0749164390218,406.20256502771053
1965-10-25,120.14597846723946,183.38742973967896,711.7402339809985,473.32537584022543,499.3195592919373,553.224652756585
1965-10-26,183.81379149140668,464.851643858605,518.5180975270919,516.4856715082806,573.2132121758765,844.4377727522608
1965-10-27,472.7263945930704,598.1963118485756,589.0299034925702,625.879245986039,899.1815972693295,1013.3430052673069
1965-10-28,592.2243543546205,618.1038367203529,507.9748281768725,767.0187109570134,888.5428850510614,908.0929099666967
1965-10-29,618.7336784145177,601.7656405955832,756.7157612930721,868.1637429153709,889.6174494639384,867.1462304170898
1965-10-30,668.1163040523484,647.497581033994,954.0743528928301,1051.4294412119796,999.3262123601844,970.9189068360065
1965-10-31,722.8856121884488,655.1285867484901,1136.7714184006072,1187.5035641466975,1106.5272460781557,1028.9200533417466
1965-11-01,692.3677421646639,620.45349748072,1191.6285101109297,1169.5009113149472,1053.9472788039425,973.0618861690598
1965-11-02,651.7262098504856,588.045307689503,1151.9789842134248,1093.8009529012224,977.6235150508049,906.3557142647462
1965-11-03,612.8868850010928,566.495250175024,1138.741105947478,1063.339656760689,959.2606255710149,904.4918662199375
1965-11-04,584.6863967248348,543.9937970816137,1161.7070706761922,1075.9077612909907,993.3877755144194,941.7304484447279
1965-11-05,558.7808971951534,523.3654985027619,1239.7316953868992,1155.7178298598872,1081.4831508527861,1030.418876313747
1965-11-06,536.011531576701,507.54626687457176,1306.0928175250024,1217.5699025974595,1149.8376841084876,1101.8337761958135
1965-11-07,518.4543777454671,458.3068244052662,1307.5208380410718,1216.0920141763147,1160.125693324264,1079.2263869256017
1965-11-08,457.792452753142,419.87151257185883,1259.7135218281446,1171.63375960327,1087.83912875732,1029.781868049666
1965-11-09,378.8006104005138,249.30282037985472,1128.2246783163355,956.8078163580911,930.980339895382,785.0784386421049
1965-11-10,247.27194373517275,312.07045846696917,1006.6132249648064,937.4643036353817,795.4551770052695,843.6527683077068
1965-11-11,349.65679518034455,328.806828735812,1087.2316566031436,946.1980415304615,985.9361650713836,944.8539200061524
1965-11-12,299.45367454655036,350.6038694714304,930.5600748615623,891.7989615880219,867.6830494936851,901.3145125645267
1965-11-13,351.3787030179185,404.0518181526711,890.4264055429692,834.1894006401285,877.1441779060885,914.2700214846975
1965-11-14,404.4448171143411,448.5939961558508,880.1380288788293,883.4117071030005,927.3218663525562,955.8640817168214
1965-11-15,449.18156171064436,480.4492222775669,882.2653151069974,894.5085320761232,931.183902002332,948.5586371935822
1965-11-16,481.5288619449076,458.3410402257525,902.4448936564067,912.166175408406,937.0919149815561,901.1484335170749
1965-11-17,473.55137817747027,343.23084706910356,822.491376074201,842.5428357944803,829.6410869786619,690.8826690701349
1965-11-18,339.037110805756,416.22973357260423,844.9758010865085,816.8796349049303,677.1904254074299,746.5315204839661
1965-11-19,442.1272469902918,427.7516615862704,914.7500378914251,780.7604003224867,842.0176080545848,817.3082420978873
1965-11-20,406.34664833788867,462.2193062220709,799.5800806236693,814.3915444271103,799.4827872149388,845.3829756025799
1965-11-21,465.1951256062957,530.1569889325207,814.8471666892418,781.2562830209188,831.9433262187636,887.7828517177534
1965-11-22,530.7536665334821,502.1708661494098,800.6716774531053,837.0343124151948,899.0609152434138,861.5561200427649
1965-11-23,503.7501644188237,560.1242671655702,851.2233298433614,891.9763893004795,859.1815612834675,906.9393513115068
1965-11-24,558.9365041249355,578.7021849590063,929.0156673076638,876.9892375778414,926.2713963401823,936.9947067334905
1965-11-25,617.5805868059908,634.3551445244956,943.4033272945501,1021.0153156066028,1020.0122445041018,1026.315318547295
1965-11-26,661.6938862488968,650.5427163024505,1074.4908748910557,1093.1119789046359,1083.5287902376253,1061.1393193403528
1965-11-27,626.7689573411535,370.8852475236712,903.0260973407964,846.5482652158797,868.4020945361384,608.5738061304952
1965-11-28,365.8223961585255,415.05887942980985,812.193586111326,834.6858323073241,569.8346146711169,616.1312078231233
1965-11-29,407.30725024464726,454.75134573004317,1009.2490175371247,720.7538632503616,757.1802418813437,796.6038666461626
1965-11-30,462.8262959183908,588.6813266516156,748.662599058472,769.2596644463456,818.7945847344441,936.3226410677257
1965-12-01,592.614490724648,761.0900361866398,848.069447054846,877.8459312294683,998.4049034955718,1156.5620780697304
1965-12-02,783.1281282049933,870.1789388982191,909.0449103214785,1031.7781275555676,1191.299271850793,1267.9705545108618
1965-12-03,890.3947293172478,904.9056514518375,1029.2762755291699,1196.1264330897905,1272.4713472286921,1277.702147227406
1965-12-04,977.9316377408735,919.868306430425,1208.2866438000076,1376.3986719784464,1346.2336293461449,1279.2410694347438
1965-12-05,992.65398922546,924.5849872142885,1427.7123505894303,1506.7027226636546,1382.7513758845348,1304.9454620234544
1965-12-06,982.0388481675518,894.1738476906849,1516.117442801864,1490.8899270600023,1354.3863745342446,1257.3789134034791
1965-12-07,942.876803176845,882.7728632685889,1531.8440482198566,1481.4890122902464,1329.1105602663988,1259.3476271425511
1965-12-08,922.9539303108706,855.8480359094431,1581.5739366197283,1495.6150670944878,1372.3918760860643,1293.0052648167866
1965-12-09,885.7029219564728,831.2127756856452,1625.534437763407,1538.594037663675,1417.4303147750202,1347.2323425168954
1965-12-10,859.7240008375054,814.1019436451015,1678.9906751260974,1578.1561982114624,1472.5814847028882,1407.821620244934
1965-12-11,847.6420838984282,798.9967539689387,1703.1893780037717,1624.4951556916433,1522.6148585159344,1452.3088420417425
1965-12-12,831.8598622640337,768.200119188459,1704.7580845485973,1631.741935783772,1532.4414297575718,1446.389677366567
1965-12-13,792.701951807979,657.927015518417,1568.0356835411562,1484.5618682409624,1439.0957690380585,1286.3515596066104
1965-12-14,656.0219811498719,641.5322063775229,1387.8976593922234,1436.1540336406224,1295.9128672308675,1266.5993097279948
1965-12-15,663.4264604678967,707.0271210720794,1553.9544953360962,1513.7656750015462,1412.9965578263827,1436.3630430969956
1965-12-16,740.1586331293205,743.2611230091559,1860.9130039577326,1735.176069437894,1708.8198986027355,1681.5470318775683
1965-12-17,738.5191448059903,809.7723384418196,1766.0980321495836,1654.2125156650127,1626.8367966831024,1670.8237336368577
1965-12-18,850.5985690681549,891.8677925070572,1932.4115182305172,1878.4982536548036,1894.1418338547355,1900.3719979330763
1965-12-19,905.8907938643739,908.5445932815485,2024.5587010753497,1965.5284292831186,1967.3483087500067,1933.6800466021393
1965-12-20,953.2103874117626,942.5771407899996,1977.6531527710156,1979.7254765750167,1921.019868171759,1877.8525717879752
1965-12-21,1024.5188531062918,964.2216048895597,2070.180419950276,2077.6165511795516,1980.0890551129712,1887.3321035449367
1965-12-22,1027.0603043986303,969.1388955945807,2115.1225241101793,2069.714347858837,1926.596927622945,1838.6762825990763
1965-12-23,1016.0953372141482,955.8379661756816,2072.1775883238242,1974.5856474132925,1840.4744215857459,1753.5913287924955
1965-12-24,1002.2887890652514,931.4688683148886,2046.191456664274,1954.9607600454685,1821.8462707457154,1724.505477344404
1965-12-25,971.7413610694075,774.5602348633345,1860.238012106204,1766.4996117911792,1743.3107037318664,1525.5578287145668
1965-12-26,873.498290830501,937.9840311077946,1879.8413377839188,1988.9912098930358,1747.7918973534465,1787.078758545633
1965-12-27,1001.0647596327066,991.582984888968,2487.786794563417,2329.5435626279104,2252.188501526598,2199.6663107413956
1965-12-28,955.3258491996407,949.3342062528762,3065.2690954330674,2759.7914724493476,2692.1474091272125,2618.708661003958
1965-12-29,953.685916868692,1045.5539368483094,2621.8662977646686,2436.3986312751963,2378.4540713740917,2417.5628161812956
1965-12-30,1139.9589457168,1151.0762838086935,2765.20670189551,2710.956675249544,2697.858655555805,2649.544292910051
1965-12-31,1186.689229862586,1159.5303804338273,2799.795899620075,2722.160554216932,2663.4361632879372,2580.500206713558
1966-01-01,1272.0297677518092,1192.9800481546506,2745.697587632774,2761.4117049358147,2616.8936760644415,2488.659800788263
1966-01-02,1292.031684885883,1231.8206079494823,2865.5570261411203,2839.321179415756,2615.0699941456714,2507.3043224889984
1966-01-03,1326.7516877001424,1110.7346098822793,2852.0037608678585,2785.325659570389,2613.384682089957,2354.095311859639
1966-01-04,1211.6872486312482,1140.0008584941272,3095.0376620994607,3070.109886509333,2751.284143104938,2625.138771038646
1966-01-05,1157.479730499333,1110.7190406381078,4239.208786061785,3765.3193940643796,3542.6314878905437,3398.847579781808
1966-01-06,1138.0878783607166,952.6496465504117,4254.286009167196,3913.8556099966195,3759.067360332233,3468.5620928024414
1966-01-07,1046.095209836778,982.6078571652108,4171.350626341988,3959.111665572854,3709.3834934687866,3538.6333431172816
1966-01-08,1014.238340041892,1128.984088583586,4753.845933321056,4303.663629982166,4048.0636938034413,4034.506549599765
1966-01-09,1193.2357093912426,1227.8406968194051,4960.012810033252,4478.126150300978,4371.209160686563,4269.312730248127
1966-01-10,1327.006591238416,1414.952504494765,4822.032939286012,4592.410958399711,4417.986405520941,4373.365841045893
1966-01-11,1538.0339020210445,1527.6818388539643,4665.776755504993,4471.7617658399995,4332.781075183345,4204.517597006053
1966-01-12,1619.46845948902,1529.5113984550733,4501.3190375903905,4328.883644444578,4114.769739370613,3921.512419129336
1966-01-13,1670.0649515002726,1523.24346430501,4365.335185411681,4247.263339154711,3917.7383478567217,3679.7523824483596
1966-01-14,1654.8447055096883,1484.7557704024962,4374.293335652983,4144.0876917541245,3760.169965618499,3505.760063015622
1966-01-15,1592.1397861520672,1433.3759918259502,4282.800258471872,3982.9463348417257,3591.80944666288,3353.5891233920156
1966-01-16,1534.1959281695154,1375.1292637734464,4178.145852326603,3850.738303614073,3486.7437203483764,3250.46512073776
1966-01-17,1472.2471567876134,1318.106676994288,4088.8196912542926,3772.977233016052,3416.0695762296227,3184.709636641328
1966-01-18,1408.366562090765,1272.0299399965725,3983.359044164416,3669.420227133576,3328.3189905466124,3115.9094183731568
1966-01-19,1355.6493710337093,1231.4797461874437,3837.7842227022657,3530.5541773173804,3216.1751925909957,3018.5858008983837
1966-01-20,1323.772683410789,1202.525195771007,3696.462884268516,3427.099482406409,3135.1560908926567,2942.974879773905
1966-01-21,1292.9500735309866,1176.131510018185,3572.1014484337197,3323.6424425679897,3044.409525103975,2859.440932352232
1966-01-22,1251.9027834871147,1148.5888921474577,3454.383672995805,3217.462183192566,2936.5988937307525,2768.260282984907
1966-01-23,1235.0383842147917,1134.4967468130183,3434.1604002220065,3194.500156397157,2930.860798870831,2764.5983770077805
1966-01-24,1212.9543281206302,1116.5550788621917,3432.539683253306,3192.039314315019,2937.725856053521,2773.994745026132
1966-01-25,1198.3112426216835,1102.2786513327105,3286.360496408703,3072.6150509767017,2827.1827975431424,2668.454540998766
1966-01-26,1182.8391174588328,1086.655881881776,3264.0287862132122,3053.645916214755,2810.680199604493,2651.735905058843
1966-01-27,1163.9454573242615,1066.9958267581876,3222.677102866894,3011.920779943889,2772.10610553019,2613.2998995407124
1966-01-28,1144.3263411214148,1047.481482815387,3147.2307838995093,2942.48569275931,2705.6008436714983,2549.0790422377995
1966-01-29,1123.2583504528156,1029.656029310737,3080.135123766283,2882.2448833711346,2647.2181712412557,2495.66019501038
1966-01-30,1101.7071994948813,1008.2972203368734,3015.4369563837604,2819.2844489816907,2588.749438365305,2439.087366460408
1966-01-31,1081.3303369652592,991.958355888646,2955.7946402234666,2765.444821728287,2539.0808956479777,2394.797563889839
1966-02-01,1063.3623603299486,976.3783515077914,2902.725925479274,2714.444755432252,2494.952845955646,2354.248240432212
1966-02-02,1045.3772439486356,959.2518708018763,2845.607657316814,2663.013179988822,2449.0794385372064,2310.846248996375
1966-02-03,1027.2741803905508,943.3964339692309,2795.3442533047114,2617.4653040800276,2407.611922926366,2272.742171046576
1966-02-04,1011.3352402536724,928.8850557852775,2747.4763017361774,2576.405708776193,2369.760170878941,2237.318234818994
1966-02-05,997.8048291753151,916.5711051334638,2713.8643432682693,2545.139856577333,2343.178957437832,2212.5002255357995
1966-02-06,984.148876591707,904.4099921561514,2683.6902476802247,2516.0483502071024,2318.2977350213723,2189.5874359651834
1966-02-07,970.3259966511731,892.2544140616517,2637.645849231684,2475.1482700145216,2280.496969830806,2154.5285413214624
1966-02-08,957.3922820922573,880.6579219768598,2603.1552922483816,2443.929882874474,2251.4323777173277,2127.493112223695
1966-02-09,944.8480504672398,869.3580913316855,2577.4900108510174,2420.1556067993024,2229.445278337778,2107.1373258610256
1966-02-10,939.9300141671491,838.9630370093262,2575.2925852036533,2426.1027540384007,2235.61664729299,2087.4337172491896
1966-02-11,779.2388030134583,398.87441790767775,2464.2163849102435,2076.349205824389,2038.9701095256491,1615.5824928830166
1966-02-12,493.32412454746753,373.8003211924167,1508.3004288401073,1709.8971418672318,1463.392022053846,1324.8912815244385
1966-02-13,709.1268810811838,686.95843104182,2328.8805588968703,2811.244118442518,2902.531933946204,2823.6646240068894
1966-02-14,1080.2328685784512,1049.6708275081487,5416.996006034847,6385.686003321169,6313.373023185573,6090.111999148912
1966-02-15,1339.6698912635152,3804.000815075715,13742.012394477573,12692.78842679555,12188.193471181334,14140.351223148973
1966-02-16,4753.077427114917,5457.291541334505,13613.83952571715,13632.622754702948,14616.677493480925,14852.412794315795
1966-02-17,6548.468654653292,5370.371295293573,14143.842454165038,16558.3320042033,15265.606124706232,13675.431953740497
1966-02-18,5720.022214120559,4526.07664899349,15755.942893255593,15004.495264042482,12449.933423719836,10946.735515861947
1966-02-19,4735.535814500319,3798.9563966040896,14861.544435988919,12635.509957079987,10407.396546946104,9214.479671716967
1966-02-20,4049.974043078101,3317.322211512323,14874.699520305345,12664.490135111479,10811.58194061149,9757.499475906961
1966-02-21,3558.708201868604,2934.9029337274396,13315.245448997335,11493.74181961974,9951.62676088062,9023.871734989381
1966-02-22,3163.0661977767404,2647.028897837201,11580.468901877459,10087.017617647281,8783.511803770494,8004.55758753919
1966-02-23,2860.0681042347833,2416.4789958867495,10084.17666564864,8898.508057149527,7777.291717501189,7109.210800183893
1966-02-24,2643.693024880407,2253.2609830583788,8978.101646465386,8019.557898948274,7038.6304874387215,6451.855459152864
1966-02-25,2531.256597460807,2177.991503565603,8324.740212453788,7579.451026962591,6694.32855937754,6158.220930609311
1966-02-26,2544.702679786205,2207.2046483726467,7878.417375466614,7300.168210316706,6520.320043477739,6010.802735707945
1966-02-27,2582.1569480047274,2289.961999135839,7735.397151271502,7310.710800808976,6505.917315575267,6045.03186518929
1966-02-28,2702.525623491449,2348.2084159487936,7641.865927301813,7376.151798246817,6521.554776872472,6006.83154402091
1966-03-01,2986.9881618383047,2142.82950459967,6493.458007102185,6149.070299335441,6279.340259359234,5328.231376422716
1966-03-02,2362.5850176902554,4398.394227576404,4827.325254616979,5545.119732656322,4782.834499980688,6756.315701542598
1966-03-03,5867.012435672325,6346.032715358841,7858.574134390881,9426.391097689257,9899.003179398082,10235.454054616514
1966-03-04,7176.894040359107,5814.917271198658,8138.006111917038,10115.711463261418,9760.742781390052,8332.402946911501
1966-03-05,5226.944284232366,7141.83270763736,8929.921825306243,8212.765577538992,7161.525234794068,9041.98860347146
1966-03-06,10399.463761980045,11894.254157976271,9643.611675074413,15205.616746847152,13181.6971057415,14595.695692614163
1966-03-07,13247.583067824846,10330.8089927828,21119.152392077238,22199.37593025855,20413.37128947337,17170.282546296647
1966-03-08,10485.593212124717,7639.146944476942,20624.241652291155,19758.926470637023,15321.171511289467,12269.971783382129
1966-03-09,7899.854779508324,6012.70204401463,22325.636407681493,18304.235386690623,14212.364252122677,12033.47706967454
1966-03-10,6446.44939016953,5099.615877265894,20431.11697677187,16837.134520261436,13683.334874912409,11989.020277605081
1966-03-11,5511.546667762081,4422.123677085696,17220.59677761339,14540.746908787096,12106.99361160566,10703.726121111162
1966-03-12,4781.640492407729,3895.640540924316,14178.977135501806,12203.649215269461,10249.22987862827,9112.018554529806
1966-03-13,4318.406865683397,3593.172311332812,11777.213228060184,10321.923928728607,8784.023487340259,7862.672952402296
1966-03-14,3943.770235417629,3599.9183755355825,10079.123315246854,9201.368823473074,7674.354136106642,7170.9667721786645
1966-03-15,3944.370294653543,3587.8034856369504,9217.58862037507,8308.39466242781,7250.327342461271,6756.0735021090295
1966-03-16,3895.3240240360537,3509.5411892537045,8389.874323667216,7903.8604292750715,6883.364415628124,6374.957618074282
1966-03-17,3862.8109787135695,3320.752954165274,8247.696427740053,7866.06807755092,6810.300560458038,6147.255912158264
1966-03-18,3597.8824297981773,3080.4465868397283,8144.87285286453,7608.965591101203,6455.977713052451,5821.407763778081
1966-03-19,3389.5754957281133,2837.292181918676,7806.183114629097,7162.183698509912,6114.641658936094,5452.257724419729
1966-03-20,3151.925022427335,2656.658442319927,7466.389969679252,6926.931197066539,5861.243855330946,5255.633578789537
1966-03-21,2880.959954655735,2540.9772135444105,7107.595574813565,6436.430397194908,5439.7121572199485,4996.530771442838
1966-03-22,2707.017749676719,2384.0047991157767,6597.939118576237,5873.634012600422,5128.464973351649,4708.88706426866
1966-03-23,2605.856656432624,2361.5486964753823,6069.015072116737,5660.799670409969,4927.139356386298,4590.953933250023
1966-03-24,2675.914662565361,2373.839757601665,5958.5343202831145,5683.2069576319345,5077.11502999209,4683.5704526771215
1966-03-25,2743.291561260573,2378.3496062903932,5538.595959712839,5236.715170776712,4961.83592482608,4516.281058627233
1966-03-26,2560.7450844554387,2831.2983469050987,5392.445796092696,5631.112396970768,4697.830344313286,4892.573493791314
1966-03-27,3129.175321058515,2797.8637844751674,6527.47320227145,6087.787311849152,5832.968859057895,5397.018674225069
1966-03-28,2905.9766243375643,2666.795863854227,5556.188627122613,5558.281517951952,4865.957241795541,4558.110339053762
1966-03-29,3038.5357954959,2699.6774866701826,5809.954179148402,5803.646459004425,5011.456320882026,4602.2829670026695
1966-03-30,2945.8498190140226,2568.7455441907573,6489.72718743718,6091.753857230007,5301.304606048092,4834.333648923896
1966-03-31,2906.479902576371,2499.854034134012,6085.233094682522,5851.027834175988,5091.700660855871,4606.346775463622
1966-04-01,2732.34789302125,2534.40494964994,6167.559634864408,5830.650798435879,4973.318899342154,4691.840837930753
1966-04-02,2767.5454489295184,2392.837256855526,6193.0881738071,5748.798147146588,5124.9684693163545,4662.397918364647
1966-04-03,2599.233712589088,2358.1008558824515,5922.1149197976665,5685.411397974007,4860.207084245866,4534.606976865214
1966-04-04,2698.553586776078,2378.7077033808337,5963.775727267812,5674.628488611031,5026.63545596286,4621.079683796294
1966-04-05,2552.00856452713,2369.2278066499075,5823.635922457121,5504.685002708474,4759.666545564003,4494.693933792643
1966-04-06,2642.007876930547,2358.950978601753,5704.969035031763,5410.085513102091,4797.917374974007,4435.18570755009
1966-04-07,2544.127493447599,2299.761632519308,5710.953886194696,5433.109981950666,4731.68854232428,4405.151377147137
1966-04-08,2587.13993175467,2270.2452453216574,5618.4609838952,5400.477315746445,4746.854965902245,4349.935539004311
1966-04-09,2460.8916484691986,2216.6469717118803,5600.325111800708,5305.33187335812,4569.067634784659,4246.1435628758845
1966-04-10,2432.6041131887946,2111.411815383832,5553.608868618968,5176.259687407553,4535.093263099918,4134.811826399737
1966-04-11,2287.052465578875,2032.0522346078824,5350.590978876089,5007.172930943958,4318.422647371563,3987.1724975209645
1966-04-12,2224.8406056324893,2002.6424708831144,5214.633689346543,4855.974235844132,4221.197180169302,3923.7869832115907
1966-04-13,2436.5956266282637,2111.1645917211317,5237.075842107521,5133.422733900681,4731.755951175756,4325.468360508648
1966-04-14,2620.8090831967943,2329.806166713314,5292.968031715355,5919.643529312538,5186.159657024319,4806.981224629169
1966-04-15,2685.7601791398756,2416.599208723651,7071.726682132583,6968.346435836282,6055.8988924636005,5654.451769920284
1966-04-16,2572.103740839686,2298.287395030149,7939.0957493023125,7231.025138152852,6347.754388037867,5922.824355916734
1966-04-17,2551.4505325212294,2333.401284803772,8078.928298958426,7538.7268324273355,6560.172079381857,6173.322292339805
1966-04-18,2581.623863999815,2354.4926478078605,8259.11844534034,7525.770859897721,6650.47956237942,6248.292371797647
1966-04-19,2583.94261345181,2290.892047649513,7637.488882609692,7005.245346724143,6250.123226490319,5801.63840925552
1966-04-20,2482.995592809481,2191.7693525474087,7095.969039281394,6579.98560243466,5785.083669824882,5355.5409630792
1966-04-21,2411.6657814955556,2098.4090467890273,6799.196344687398,6291.068219959116,5512.392325579409,5070.115607511869
1966-04-22,2375.8543751558277,2024.6013233851531,6354.298132922124,5986.31769692874,5275.33418105322,4809.368833379471
1966-04-23,2300.71098220323,2031.0187816061948,6315.110721300015,5940.350117548923,5182.43499511215,4797.060091173533
1966-04-24,2238.2658642336005,1815.0422100426376,6207.852431058135,5215.97862391371,5046.932222716374,4512.778504419314
1966-04-25,2277.8674555909565,3173.883610377497,4794.462154745437,5429.389122125074,4535.356591870654,5350.95260147413
1966-04-26,4082.882688889115,4126.228724271192,6308.857721716668,7161.06633209152,6816.928190130251,6752.350526701944
1966-04-27,4501.927853408322,3589.2625511911215,6806.875034865875,7352.990440124466,6625.486904897564,5634.880243997328
1966-04-28,3871.579357988632,3084.5689524822865,5842.184562744258,5956.453310781681,4534.272804243845,3736.9995250132165
1966-04-29,3320.362333471036,3035.8468668819696,7259.883680054455,6348.6978142936205,5133.160439688634,4787.4250627532165
1966-04-30,3389.441895715293,3230.7438623039907,8266.009771074841,7627.041403721289,6651.423374512011,6359.058537675305
1966-05-01,4182.10256823895,3811.297474553647,9515.843587991483,9388.24480302441,8851.174159817198,8276.052026775904
1966-05-02,4769.466194830815,5064.916077351939,9341.758783216035,10831.542502495793,8817.70781273075,8938.610142315683
1966-05-03,5639.489563141503,4497.925797075742,10919.842358490305,10247.025829734968,9251.71796918217,7957.245574911617
1966-05-04,4741.904930001674,3949.487888561034,9014.077246602688,8860.807314181433,6888.152099767284,6016.829476950674
1966-05-05,4294.758594745362,3549.728283407424,10202.344073647402,8989.230887591031,7331.341236951859,6460.621177412066
1966-05-06,3761.8430308736324,3041.4967678104426,10144.975907151384,8849.324295581213,7413.937860174021,6534.495977609275
1966-05-07,3279.2855533959937,2717.0081026114094,9339.807553925124,8279.591757626107,6913.031398144722,6191.774744868
1966-05-08,2963.66186223617,2476.7078411421544,8435.891456223357,7431.479271415532,6354.099849394122,5724.370226042365
1966-05-09,2907.42401639622,2176.516125230224,6981.594252575976,6516.152942091212,5800.432519506537,4959.032099970418
1966-05-10,2590.3939851370687,2216.756391358651,6713.6279005799515,6786.459106756391,5367.526732171218,4887.378398782141
1966-05-11,2577.4274665024595,2416.394945558174,8110.807482558759,7288.021848683242,6170.171888217152,5860.346079326331
1966-05-12,2696.6698750870223,2665.8077273360623,7216.366802243556,6577.516686961884,5831.210556139494,5674.854032353131
1966-05-13,2934.2056086775983,2775.3945769703723,6812.648145909619,6548.707864620866,5908.535966716059,5630.859906406549
1966-05-14,3016.590532410398,2738.328289784033,7002.03984896182,6757.01319897543,6027.063200764722,5626.649310261353
1966-05-15,2954.4157042641073,2663.5761380012186,6886.023777169351,6550.757518029426,5724.419402132027,5321.350099737761
1966-05-16,2942.533803313803,2616.034757053377,6702.364941553918,6397.6602835563135,5511.089028036791,5081.5404433195345
1966-05-17,2886.5195790607677,2472.394151750501,6738.869798247075,6329.109440530801,5471.608892903921,4953.198013344931
1966-05-18,2692.9655036133368,2279.4612290432797,6448.234712487315,6000.675834758809,5114.807293465856,4605.6716653187395
1966-05-19,2566.1930764521585,1972.076293281615,5194.550622647946,4224.076288444934,4346.686397748817,3701.3481744556234
1966-05-20,4594.570703554338,4331.302289311208,3120.1843717166043,7447.614606312426,6149.728711275385,5857.196574547881
1966-05-21,6155.854759354432,7052.3480259620665,7775.287390642581,10871.668429073694,7723.148733087055,8587.31513748793
1966-05-22,7919.100630263012,5803.543354935779,11818.724002636267,11098.566887522386,10112.236948705175,7938.774330065122
1966-05-23,5659.219464491462,4791.1614634924645,10269.763684066473,10014.517714906262,6771.342666656152,5881.811969746895
1966-05-24,5064.67181990971,4047.598311464937,13951.32611675615,11409.39262572099,9257.320267303301,8060.646682705177
1966-05-25,4098.150890581564,3339.9430371704057,12858.834861090287,10834.803586476617,8943.106406792038,7966.06859097998
1966-05-26,3900.5233447518567,3190.527117307038,10617.22315795788,9971.74385168925,8768.713559526108,7874.100143213178
1966-05-27,3543.5002825029064,3114.2286836907815,8872.854565507241,10205.249666296686,8229.147715002084,7644.687958574849
1966-05-28,3483.5739421031194,2856.064743632446,13280.088286634018,10755.72534758979,9513.204767686773,8647.527073959418
1966-05-29,4559.503554591662,4020.8360718809326,12929.190052422524,11900.765381451532,11693.765170065471,10850.55895504768
1966-05-30,4246.90349369503,3979.2571873242487,10902.300238419699,11676.69903659373,9407.61081319007,8925.528861374258
1966-05-31,4653.552922246635,3759.3520038470115,12356.778857185156,11556.516383288872,9639.661895182431,8533.781355752046
1966-06-01,3894.326162817487,3191.3773347502047,10912.360538023695,9604.9539835106,7697.864421209117,6840.764090172834
1966-06-02,3424.544982677162,2867.93880439507,9682.478110320493,8485.187254827188,6794.230963595504,6101.327606309333
1966-06-03,2985.326048009865,2497.7263000147595,9644.085086018747,8198.688250085164,6888.762238068788,6232.990784116511
1966-06-04,2613.8094954951594,2213.488784526527,8336.863676887135,7236.467180085934,6148.412438225845,5597.297373086759
1966-06-05,2366.6717041386073,2020.066693372305,7437.7021004794115,6584.348401010154,5652.21431269709,5166.598673317472
1966-06-06,2164.137124432565,1854.4317589456366,6715.78216531464,5986.945365540873,5180.90242705718,4745.306187708518
1966-06-07,2162.965708258357,1876.6678349725878,5896.464415509567,5256.428035603605,4794.53348531277,4403.175877732741
1966-06-08,2421.563748589136,1969.2151543990617,5341.41250740628,5866.973436993616,4838.76424003973,4290.377073351758
1966-06-09,2240.2463039001946,1966.9518044834133,5889.930821690887,5626.726897456525,4568.840514595475,4210.840589895454
1966-06-10,1877.6748869818164,1112.1026314363596,5202.661040455719,3948.1372656962126,3603.856718886909,2773.92008813119
1966-06-11,1831.8518343065439,2167.321670218679,4217.6036286994295,5181.405227983819,3530.538516518957,3804.8552353797913
1966-06-12,2493.050477750574,2004.8172863507248,6929.871820796327,5861.843692258212,5478.479829957765,4863.61361653006
1966-06-13,1851.647506018124,1720.30033119208,4962.997599819723,4405.661287592925,3746.228533710173,3543.208690786525
1966-06-14,2109.5820362816676,1867.290159625806,4430.425589181979,4418.290567864609,3852.393142561117,3547.0781187494013
1966-06-15,2040.7163867028653,1742.1897484793767,5503.761312829104,5136.888114244031,4539.455183983831,4138.571427533005
1966-06-16,1783.2861025233951,1496.0498776626134,5092.706339165498,4606.653675079511,3959.311414760546,3585.699642046437
1966-06-17,1671.7870097033733,1402.985885779911,4789.2105797346885,4372.279761160353,3768.8231944746367,3417.266239263101
1966-06-18,1573.4961475787059,1361.6185277533493,4502.4117390783085,4176.379495498203,3560.114744573867,3270.5689500165727
1966-06-19,1497.5333417704837,1281.341225032706,4320.066261444321,3912.4670176698564,3404.185112765751,3114.409798331706
1966-06-20,1515.815339222493,1286.2821398795231,3988.6888339983943,3798.1054896408036,3290.9818182203753,2993.6298797973905
1966-06-21,1370.4407241818942,1233.1014170733633,3921.869201955545,3558.5595756735133,3067.393402506047,2865.8679021140792
1966-06-22,1334.8534122451867,1160.3669580173623,3704.380645907687,3359.785804320293,2984.6714810217954,2748.0512679571293
1966-06-23,1251.2132188793596,1105.4294620884057,3555.9017704749867,3291.896132026089,2902.393820373316,2694.177869822246
1966-06-24,1224.9700393191656,1079.6744412435648,3468.4109472787777,3233.7205363951743,2860.166015574051,2652.987494320629
1966-06-25,1185.6411082346194,1039.9850443908244,3400.6660452342912,3158.979085609938,2798.1565520791155,2591.488063143902
1966-06-26,1136.5177658000557,996.5358667208066,3240.5555335856734,3002.4026935954953,2656.1284486667455,2459.387330357443
1966-06-27,1094.3325324639627,960.9838423751805,3094.461882222358,2875.0788575254774,2541.127685739158,2354.413435294841
1966-06-28,1067.838438423781,940.1556800581398,2988.9271819791275,2790.297985919302,2477.045198961804,2298.400523395124
1966-06-29,1031.8708009764632,909.1764932808392,2917.749394855726,2733.8227677092655,2415.114873958663,2241.6558429513852
1966-06-30,1004.3804485229368,883.1240941848938,2841.903897099636,2644.3428653084,2335.926095991681,2166.4851058651634
1966-07-01,957.2982314323255,844.8825423203391,2786.397564973678,2560.4352124529987,2279.8503067479733,2119.492895063715
1966-07-02,923.2716033939437,815.3716313483333,2671.2286456359316,2478.7530925743686,2211.6369121435337,2057.238062846285
1966-07-03,892.9552305504744,788.4862856989987,2577.9718032753144,2397.828649823101,2141.236800761004,1991.9870343155267
1966-07-04,863.436241527941,762.3361402129638,2508.8976532603456,2333.83086914479,2086.2552384710616,1941.4029354317386
1966-07-05,834.3388353229052,737.199282697611,2427.518964136244,2290.5472864327894,2055.3690402758407,1916.0143638830145
1966-07-06,808.5744744397866,712.2115427815926,2342.6606202693483,2315.931227452203,2053.3321591571003,1912.0014518673006
1966-07-07,780.7029127172585,687.898173543329,2463.486637987654,2181.8599621882836,1947.205282450872,1812.161048539816
1966-07-08,756.8707662862705,678.513208902353,2342.484915566073,2148.6159241832615,1927.2881035689245,1806.9571494573859
1966-07-09,742.2063042027874,659.2978578796632,2335.2057348002354,2158.579886349604,1957.820816329057,1830.7249812128462
1966-07-10,721.7417216377011,645.8004880729372,2179.4534824805883,2023.9957087690352,1837.9226876318894,1722.334273752086
1966-07-11,727.7974588581559,645.6631210007971,2069.023310173797,1975.2764180615695,1778.2890044996554,1659.4243605691454
1966-07-12,710.1632119226414,603.8430214748927,2051.4129482560847,1943.029013791591,1729.7079156160196,1587.9601167289768
1966-07-13,650.5700274319198,571.2156457133464,2018.9344935494562,1848.0768864111637,1642.8206272066395,1529.1760300913606
1966-07-14,637.189052175756,560.975038415497,1934.1085641954796,1802.3811736124821,1614.046819922951,1504.1329124236725
1966-07-15,617.9458758507683,544.079247304164,1901.5068378979313,1770.7413896352384,1592.10453900033,1484.5545806543332
1966-07-16,588.1804214506092,519.6494344048017,1843.317065546702,1701.1027222491452,1537.0101780846048,1435.84587537471
1966-07-17,561.7345488016905,497.2944592050135,1790.3725210666275,1655.1243183254037,1502.2736393409768,1405.4689592961417
1966-07-18,541.7252440487957,480.73283615725745,1755.1097667608542,1631.1673771203473,1483.8472785251238,1390.3109404062488
1966-07-19,525.6987857958171,467.00403500718073,1712.640691092047,1595.1815675293074,1453.2366790864196,1362.5849180413059
1966-07-20,510.7601922133626,450.12089778733196,1667.371538255944,1556.123861931144,1418.2926685490006,1326.431874312154
1966-07-21,480.5725024070586,407.2420402981465,1612.2330549253347,1482.1517229960887,1354.0585346532644,1250.9659638661828
1966-07-22,440.08651067858165,384.57336761378815,1537.2742080332957,1421.5499328225474,1283.6449975255032,1199.6340159601496
1966-07-23,439.3384312509412,417.461583984203,1521.1168521045372,1428.5745799503288,1294.5829246054377,1243.5963029785212
1966-07-24,455.98665730868345,407.8005238201236,1496.654151651182,1385.862192962561,1294.2661511769204,1217.647722236106
1966-07-25,436.6418301172398,394.74987662255336,1413.9826858441188,1333.9893926682262,1225.3917418663295,1157.2076868040076
1966-07-26,437.37609903862995,396.77509848330453,1406.3185571423737,1329.1953408745164,1220.1947963509824,1153.4837734945065
1966-07-27,409.2431278786011,321.4101686897056,1374.0852876179397,1251.7947785329584,1163.3884946027365,1050.6554882301562
1966-07-28,240.89549623214774,149.13151108495128,1149.5191070560295,897.3849515909608,841.8069958747885,731.7188028674261
1966-07-29,137.78144573667208,131.31515569817122,460.51364347616527,401.5367510358888,306.1601593961578,297.8601117767731
1966-07-30,131.56358975676966,206.8266549309963,994.2009357502799,833.6770975297633,815.0142919326739,868.2602709472968
1966-07-31,207.6878253608768,689.0888192901493,756.2520921480734,700.2566310661375,766.9468971911016,1231.605138484712
1966-08-01,690.0935822046381,493.93698807472697,887.2977687902384,898.0143633129419,1367.9062408031136,1149.8544620851935
1966-08-02,567.9002065036724,755.4128229755598,1059.6698581557175,1572.4428408708045,1328.367920349342,1490.2761217821512
1966-08-03,820.6770424264475,665.7328373819439,1695.4499726797806,1497.2499581255615,1620.6681975022632,1438.2925010801378
1966-08-04,573.949114567174,443.3453968790449,1245.3460821429212,1218.9903082903102,1084.8761442402745,939.315660859239
1966-08-05,444.6264339028707,355.88878246013786,1233.7205248553182,1067.0680220665422,929.5566488443742,826.887769959852
1966-08-06,498.5784227362238,404.6685115802153,1330.2964694108152,1354.7653972559012,1175.6102848504656,1059.5321227836562
1966-08-07,539.8431759130758,433.86258395134485,1425.2242420877585,1444.1124163250875,1220.204876744172,1091.8483098818847
1966-08-08,486.06821882525423,396.7909650980843,1352.4941237355997,1217.6860702828226,1029.2473301855375,923.4395092432126
1966-08-09,386.72430979854505,311.25243873407527,1224.4143547097,1077.4740248277992,937.9080752368244,846.8703703631704
1966-08-10,363.94510633036674,307.2534510497494,1806.4237137064956,1711.6270023582197,1542.2072912572507,1439.846089529459
1966-08-11,395.8021489593039,328.7569083132928,1373.6448400777788,1213.02739228656,1092.062608633877,1001.7158273540942
1966-08-12,362.0576102002319,319.8649363518027,1338.768908074022,1240.8315958816747,1104.3350878688852,1036.777211467346
1966-08-13,333.1964090204608,303.349812261528,1417.3971552384858,1257.0201764912933,1161.5425993228714,1102.4162102920354
1966-08-14,307.53420682923894,274.15353407799313,1290.338838459396,1157.6323023284635,1088.652418720422,1028.0679105839974
1966-08-15,281.68307930569114,254.58293713695542,1207.5086035403438,1103.40864213891,1035.2362266735347,982.1177365238038
1966-08-16,253.68759927713393,208.06333351787134,1083.503095745101,947.9017383372651,922.7048864028468,854.7495908764465
1966-08-17,235.11946618329532,208.94444205994998,1033.6845799614498,977.3347404045878,920.4177161447069,871.1574435955886
1966-08-18,265.4570679871862,262.17209845047637,1105.3503188037544,1102.0391470729235,1001.0649644808245,972.4184619759296
1966-08-19,287.0167864843927,266.61347197525026,1123.5277240856126,1025.2861092246435,975.4481313809506,931.7290520735916
1966-08-20,266.8869329568886,245.38571071903937,985.6672946356193,907.8784825804955,860.6559764438553,819.9206013539003
1966-08-21,253.11987712219644,225.4511522045145,923.734335014231,856.2401715109662,810.7821503060459,765.3867160185989
1966-08-22,240.66511857788657,230.79153548309407,945.3687374555184,890.4954508921605,832.832833679549,803.8120816666246
1966-08-23,279.86932749724474,260.7721350305109,1020.3807646219436,991.4275951825176,943.284196923852,901.9738755299688
1966-08-24,285.92633336961535,266.1930041406156,1013.1920015245734,966.0461635864626,901.0112135246546,860.99692156362
1966-08-25,297.43849582306086,267.08530730437235,940.4404658409989,901.2961139880499,836.8928309662796,789.4359923813569
1966-08-26,267.05164082705096,233.2827631871777,982.2639391884555,888.5269217287672,832.3350627058384,780.308226549201
1966-08-27,230.46562176647615,205.47124876961746,918.9483022805848,828.1028907699152,775.0162305719255,732.6192590578381
1966-08-28,217.10476601242192,198.21266474687752,883.6855575251241,813.9216337925536,764.9579008756766,728.4943160947812
1966-08-29,216.67859045434145,199.1115870153573,873.9890735973188,817.7974161692338,771.2869714786343,735.8332339794738
1966-08-30,217.7853886932208,200.18698458858591,858.1870433976752,807.4354750395948,761.2562237051517,726.2181911409559
1966-08-31,216.14439825851056,198.47376403954033,847.5710286524443,794.4418396439739,749.4067967327951,714.7024804763286
1966-09-01,208.2812532177091,192.22020836930855,842.5198658369093,780.6825313837555,739.3111311924476,706.2848405273908
1966-09-02,198.62996627181445,184.7154748651258,827.3068034794269,763.4436862449803,726.3139671090344,695.5491076073358
1966-09-03,195.5846762991728,183.05800455733578,805.3941783371461,746.6997562678325,716.1643386327339,687.0602834264766
1966-09-04,183.45586225558125,173.31782297417823,770.7291266871587,721.5076613122004,690.1437447443441,664.2323473612776
1966-09-05,189.71600555678523,170.95412761461947,771.5153408206971,727.8767469145121,698.4285826067414,663.482603109501
1966-09-06,160.76226007036502,129.2133387966024,816.1181072206736,727.8674754037213,698.0736912223151,649.1529109055505
1966-09-07,145.56691066908377,147.49290144471348,810.9119712735253,762.6794766297834,710.0108967781603,693.3816492836755
1966-09-08,172.64144757086405,175.38655247386774,860.9879051728592,801.3389629627368,774.219704260709,756.7779542217592
1966-09-09,174.10480478213609,166.14204492870897,790.9058115786031,727.6462276850209,714.474836398645,688.9270720339066
1966-09-10,174.4722877852919,170.7702226977867,720.467196962704,688.8345813446434,663.1947176728031,644.0672349855627
1966-09-11,183.97997008618933,179.21426584380384,736.9585410062579,698.6288994986501,674.7120581410296,654.4139450278026
1966-09-12,181.24394591088583,170.5581726030706,724.8883354646366,674.2975274258006,654.7004263924531,629.1824288499837
1966-09-13,170.04388183326915,157.81597671847985,694.0992729108095,644.9029303166857,622.4299212472127,596.2232552789133
1966-09-14,162.55615321639115,151.92012319494665,703.8180257049269,655.826140452098,630.1363031535143,604.8685792892225
1966-09-15,161.7609547051177,152.2532161105517,701.9946468800223,659.1234172567392,633.0622984862151,608.7879776842999
1966-09-16,163.1174482822958,153.52072366343515,697.457169582809,655.2653038277468,628.3253024766756,604.1510657092169
1966-09-17,162.94981140787547,153.85888318935858,691.2292715318572,648.3881066313838,621.7575741123908,598.3257928623797
1966-09-18,160.72585080915303,152.04293751156115,685.5190682917032,639.4072697139775,614.8189480327849,591.9701184379478
1966-09-19,156.66038737289858,148.74565902572073,676.0115794350991,629.082599985809,606.048872268391,584.143117925405
1966-09-20,152.79854669813483,145.66551393406505,663.7395337222517,618.0895875616537,596.2660677164255,575.3679590807087
1966-09-21,150.06680861026808,143.34538593263983,654.8981456727447,610.2954794999885,590.1170233168955,569.7541157778946
1966-09-22,147.56732590234068,140.97272126549262,649.0814756532116,604.6037096088969,586.2375089896444,566.0406420636671
1966-09-23,146.0681878374548,139.49907825858386,640.7378928515463,600.0991823343122,581.0701146088867,561.0303482852961
1966-09-24,145.7945278104039,139.72454096471756,648.7875015489718,608.6560577753734,588.351049472705,568.477217276118
1966-09-25,144.65157595359446,138.2280870191047,662.5381551070085,618.2157138440041,598.5456550172803,577.832305272557
1966-09-26,141.83116420645393,135.72641554037207,652.9753846558583,607.9281666064841,589.1325592756746,568.9952657666124
1966-09-27,139.56457368297194,133.62221697751812,639.5575120983327,596.2846141069629,578.1991947842843,558.5664385885292
1966-09-28,137.3116801146057,131.60215944670028,632.080728306438,589.5954020248857,571.870978420055,552.6251960359496
1966-09-29,134.5323438455198,129.37960495389538,623.2889057230602,580.6947713896645,563.5771811218555,545.092951348416
1966-09-30,133.32320658348507,128.02952908689602,614.4376571869942,573.4428107372667,557.4254947909053,538.9893880642267
1966-10-01,132.43995321105967,126.23596512227144,618.6942469311664,576.7693590707827,563.4162780308698,543.8161828451398
1966-10-02,130.4570062493015,125.53184201123914,606.8076065474997,580.745822803277,563.5608597636295,545.5045569202679
1966-10-03,135.82899459066817,130.4304453855172,619.8513115041887,583.4214598061437,564.360843002567,545.8403535583582
1966-10-04,137.84320809392992,132.00984363842457,616.8023522139912,581.2707350994199,562.5517650522114,543.7717109826532
1966-10-05,132.77555502867847,127.5853812643619,623.7788095100941,578.2174288515921,561.6307492760633,543.3236611320644
1966-10-06,129.58055461449962,124.72046322681712,613.5630735204114,569.6324772897767,553.7835923231528,535.9228861532977
1966-10-07,127.2336741697864,122.63691821354303,611.5077326970261,570.1964603444277,554.7553571850988,537.0180159055801
1966-10-08,125.93659390583079,121.83864791477171,610.5038888565922,568.1622600296291,552.8076623291843,535.5128624655882
1966-10-09,125.23586787106213,121.27033166268585,602.919297800382,563.5875061710395,548.4156686522101,531.3924756774406
1966-10-10,126.399862126757,122.50019539789915,596.0412316417603,560.7339567464128,547.1730455172448,530.406145845654
1966-10-11,125.58827023581223,122.60509158353622,592.4812525158289,556.0240280378986,541.479213584206,525.8350732866494
1966-10-12,128.25597558736663,125.09864674266349,588.8826244978532,554.8157068318326,540.4014212505473,524.7293758475632
1966-10-13,129.5551929131043,126.42171362211334,596.7880228482361,557.4418127318216,543.1612070411104,527.3361262810687
1966-10-14,129.408024831765,126.19047169119872,587.9149234477172,551.0672844513076,537.6934447322582,522.0174769646544
1966-10-15,129.4910126203407,126.34915230505256,575.024716106688,539.6546717874949,526.2806431913966,511.12541980119374
1966-10-16,129.85204468327174,126.83095442447255,572.8264387507604,540.576501943873,527.0757092637589,512.096281226878
1966-10-17,131.53067881820002,128.17489743817515,568.9211804530656,535.5520457591751,522.2897504200545,507.2100304145634
1966-10-18,132.62180761867,129.0804408827128,564.0173626981463,531.656509574978,518.1820264479295,503.1169412604206
1966-10-19,136.17098173340156,131.68659631850747,1673.2779470761993,1507.7190820451829,1468.0826039361714,1409.0688522758712
1966-10-20,136.73915486545206,125.11426945074484,2188.649327174033,1953.0058841240136,1900.2582120944296,1812.8761688025654
1966-10-21,141.34079109774993,141.25078194352395,1062.1214558328209,990.4155993054665,951.8019805273068,921.8862821302349
1966-10-22,159.87634557548452,150.8110372430874,892.8556683344158,835.0507951414182,808.4277520301888,776.7184253023578
1966-10-23,153.7150974169863,145.67137415558147,844.4860404309279,779.9808100867328,752.0561945929801,723.5513288444772
1966-10-24,148.45225085397018,141.46035135279266,787.4013526556182,727.9471056444065,703.8249176111649,678.3414713284931
1966-10-25,146.11149212452915,139.8150520560718,803.2021895114096,740.8205583016937,715.9554019687604,690.4188731697598
1966-10-26,146.45368766494659,140.38173661693364,759.9613600876983,706.4429171809452,683.2547486629368,659.3488897725884
1966-10-27,144.01137995933522,138.41729254377196,741.7587570421583,687.9765135094973,666.8524278153386,644.0594423201137
1966-10-28,143.8790428513871,138.5580493717497,720.4493538001648,670.9748700663188,650.4633852265067,628.6177931414996
1966-10-29,144.67338542881308,139.79088534494085,709.1359633934277,661.8350972136503,641.5070202220738,620.4894894419799
1966-10-30,146.15759357963262,141.62718791213308,698.5597373469787,654.1379269800268,634.2235520120702,613.9498897238145
1966-10-31,148.76707831627849,144.4978303927732,690.5225790623438,648.4381102680861,628.9354575348527,609.281579205739
1966-11-01,151.65340087989222,147.3819842541174,680.9395170083492,638.7043106204223,619.2241684255432,600.0396691365875
1966-11-02,149.87953279738016,140.3055287009547,733.4340188937637,684.2074560307092,666.4065203813844,640.0343521142552
1966-11-03,132.11629927134987,111.37368580029734,678.3335271895232,634.4165590818185,625.2719307035934,589.6052082871072
1966-11-04,144.75062398158062,162.0008542888548,568.1801079383661,611.3218637555971,564.0298008510451,569.5728563785347
1966-11-05,210.50069625075892,184.23285259924154,663.2177852658999,701.2416866940978,667.2754025415718,627.3894910146098
1966-11-06,164.3028102263978,139.66146029580648,694.3312480546779,631.148869365391,592.9046753448872,556.486111363957
1966-11-07,209.95157064467398,183.1240582879565,594.873752142015,657.488967667066,582.4948243711067,546.2678793646091
1966-11-08,250.28530171452937,211.22399782319363,749.0707133092975,766.7405093623731,681.8477012438393,631.2043597785722
1966-11-09,214.39366025595766,185.31936585494378,733.5156520590529,657.7944685052091,585.4216664411138,547.2429446417539
1966-11-10,188.44200011539255,171.06834269696185,641.9405578294113,572.8762527345846,526.8855694089596,502.2708370879002
1966-11-11,194.90709149962805,194.1998271234272,365.9069418338154,559.0927918608801,606.083832399184,601.6701587359757
1966-11-12,275.97958414159376,226.30585661075122,558.915186981776,878.5245325429318,742.772819005183,683.1615846480058
1966-11-13,405.1537899657743,318.67958691854574,986.656372710625,1093.4038753043367,877.2879539973583,781.0108629194865
1966-11-14,355.6542685805493,318.49415486503943,1255.5103993075445,1021.7260976539126,873.7497256404384,825.3521441651792
1966-11-15,338.8939168914334,352.97138216565054,1296.2846956311407,1107.4927360547404,1023.62523035392,1018.622256432802
1966-11-16,347.42996967473573,374.7119856876657,1456.5052958094902,1279.8408538923886,1257.6139412435773,1254.904978240767
1966-11-17,394.28222145059834,429.311850084298,1397.1272119703367,1327.7233028186747,1313.650381273026,1317.779279295129
1966-11-18,459.0741150427851,443.37247765203523,1446.5254544481045,1417.809971339785,1393.0231171339697,1345.3659728009368
1966-11-19,499.15687212323473,477.2098837198314,1563.5533693650368,1550.7412661598735,1463.1858264308057,1407.1981804876727
1966-11-20,519.2230925318487,480.5412600691414,1549.918093299717,1480.41015922883,1387.7372022768218,1319.0211866208745
1966-11-21,538.0680341771481,489.720586855574,1436.071003592128,1396.6064074515998,1284.53635269207,1211.656376553671
1966-11-22,547.2343446558999,494.38456566863726,1371.8785826702838,1340.2228588285568,1215.9109296100373,1141.9956593046948
1966-11-23,551.7196202253714,503.7471142678452,1333.756683853443,1287.6285821089946,1153.993226271822,1087.4780028081266
1966-11-24,553.7446329765363,498.73538472746816,1304.9240881280875,1245.6179391603157,1120.6045833712024,1048.552205767269
1966-11-25,539.0532871431707,481.6997821650821,1290.623384591575,1227.4592307322885,1103.313574289826,1029.1766109371133
1966-11-26,544.0675379105165,470.214925659897,1308.7040685416716,1264.511015165321,1146.457243859639,1054.367488979297
1966-11-27,503.3495123962483,460.23205598672564,1346.1146301965348,1276.845011934993,1129.7307500218617,1067.1405923479635
1966-11-28,512.7912347724731,458.7542389778423,1298.5014708051492,1245.0794519906156,1160.5366865217297,1088.2902454371238
1966-11-29,560.4401009501165,406.7409182741217,1314.0845789410541,1430.3677747043562,1368.461423631778,1192.813461025152
1966-11-30,530.4985986042778,526.8718473135858,1393.107930388202,1665.216826514274,1292.5004524571932,1268.0476544571438
1966-12-01,641.5168183311429,540.2937854047658,2065.491795088576,1849.6327488315378,1663.8665693599753,1530.0558528875877
1966-12-02,540.5111454488114,478.9797836531528,1934.011009054526,1685.7076439339303,1515.0441968489054,1422.895823246477
1966-12-03,534.2451343946913,513.030573025425,1821.1973931197767,1688.4696980717467,1524.5393234532185,1470.9733445692627
1966-12-04,572.5725110971308,547.7032372546968,1988.9529418004145,1833.886883885137,1716.543479571514,1651.7657319000928
1966-12-05,585.9418489328247,557.2146260111731,1905.825509362762,1782.9200546374698,1679.8528158818203,1612.8662749101752
1966-12-06,608.9481589439516,577.0249781363775,1842.0350273798729,1775.201763792568,1657.0219175333036,1589.203864093819
1966-12-07,642.395451700633,571.8903761017019,1832.0193797849706,1774.6398069363486,1644.0316359097287,1539.0333880403152
1966-12-08,637.3219859697501,578.0884983726776,1772.349644600938,1713.1114341781733,1549.9222650737574,1460.4813242210023
1966-12-09,656.2111028615166,601.6789336421859,1728.0761365125302,1661.8894412242587,1500.3603950388942,1418.4883392870252
1966-12-10,665.5471225985939,605.0184453422535,1696.5273270848097,1630.3046368594346,1474.1154046562237,1388.078517676005
1966-12-11,682.591164536696,471.168500250079,1421.8290929207496,1450.5162825112052,1422.2892064893565,1194.6423963421973
1966-12-12,552.2175367537222,531.4476661343033,1425.1509904730037,1616.580104794407,1231.9642176725579,1194.1958855163646
1966-12-13,688.5964319628317,606.005140636307,1934.034217428833,1816.4309012891986,1588.498941127264,1479.2806725066348
1966-12-14,667.071064968423,610.2948586371803,2282.851297782616,2111.9251738950666,1887.096693359847,1789.4982036175734
1966-12-15,702.3742309458188,714.1749229764639,2222.8681475793737,2140.7979254924303,1921.1603520360154,1892.1063629508399
1966-12-16,793.4735360757617,794.646440269647,2366.9928830869394,2236.089244251626,2091.53619954769,2047.2299657492008
1966-12-17,868.692850443075,794.5973899889872,2362.315234657594,2288.1788893140965,2160.47319774683,2042.342725153705
1966-12-18,911.2631035880501,753.2286128215829,2304.036891311155,2371.0097149721832,2203.0318995093526,2004.5560277918648
1966-12-19,918.2326212534415,803.0655875090154,2412.829163901106,2521.2354158197595,2202.3165273175264,2046.0820861816428
1966-12-20,958.480463277599,841.6338417072768,2698.849016750315,2607.2601280546173,2270.7904446620164,2111.839771561342
1966-12-21,951.5314692694633,860.5024637669205,2945.281042903591,2785.2601058409323,2442.04085031246,2300.1839463815163
1966-12-22,955.7310469103281,915.4017639606038,3047.555162115346,2823.0873512559806,2515.1146388859224,2419.6154942254425
1966-12-23,1017.7220313239322,974.5955294249252,3047.695080702005,2860.9700167775177,2608.918375364731,2508.2100082618545
1966-12-24,1077.9736950787515,1004.1932590913057,3053.082398583083,2915.1439093369318,2672.46436743708,2540.5555152412644
1966-12-25,1102.366298698205,1006.2316270696249,3090.4234526199652,2954.053098630736,2680.470511731825,2526.0536984112614
1966-12-26,1116.9221609357523,999.1382797303968,3049.876346715876,2912.2707368615847,2616.170302250999,2443.515440446635
1966-12-27,1112.3051183793812,987.6036600671018,2999.5978563863696,2854.824930512509,2540.182038739389,2364.2911587920016
1966-12-28,1096.9446366776383,970.4594866500474,2950.0054803739886,2790.5139781823664,2471.6552050406426,2296.628558745364
1966-12-29,1090.8714834922278,953.9310956009319,3267.591949394323,3080.364379913859,2742.7823787004318,2543.44148589669
1966-12-30,1072.1169569315716,945.5290934810653,3411.5306860715555,3188.6941276433445,2837.337657046729,2642.335602289246
1966-12-31,1047.5916804716235,923.9510650050511,3395.2238467173484,3131.640669139637,2803.7951205330637,2611.935254488565
1967-01-01,1029.6057637769147,907.4608932509822,3364.2876172414162,3124.1279630021563,2802.3892212542005,2611.0895852496146
1967-01-02,1034.7471084594536,912.4977821380162,3457.9776478633803,3235.7264436986984,2909.9097636058223,2713.4786157648414
1967-01-03,1043.2595254430921,919.4900399682365,3594.320713016021,3366.7480087791055,3030.1355708451983,2826.5554699146396
1967-01-04,1034.7767837835718,912.454387352426,3653.5882095938423,3394.769969391473,3056.4724871385306,2852.7929679553904
1967-01-05,1041.5540600538075,910.2877233480599,3767.1971102124544,3521.281380689719,3175.1006511013748,2957.0959253686524
1967-01-06,1029.536164158242,908.2624789566164,3906.152374438262,3621.404699750639,3257.386701884788,3044.3138427195718
1967-01-07,1013.1318108598831,890.0301011762471,3952.3208519993195,3623.2611543497446,3277.587119056843,3061.186342814731
1967-01-08,1094.552328009448,857.174202935393,4230.03908468802,4107.683362713658,3775.839007277031,3430.94316036663
1967-01-09,1099.30017806213,903.2651429492441,4762.3131169481185,4906.964116608744,4338.908375066888,4013.626763343381
1967-01-10,1072.2079554078166,859.5898488009707,6730.609660268074,6014.493151166485,5429.39029436089,5023.701527050298
1967-01-11,995.0898895590894,858.8403296681606,7208.482637696814,6361.732451361489,5753.665879833405,5399.480785447174
1967-01-12,994.0880436827829,938.7551923156896,6992.666177982428,6169.655040109097,5651.939518480614,5382.079180713406
1967-01-13,1067.8501614850557,1028.2031022439758,6440.3783916967095,5771.116012538402,5372.856810469659,5137.893838006747
1967-01-14,1210.3393475627718,1123.1479078452817,5876.9885114321405,5494.622511634114,5130.994619997946,4871.176677957516
1967-01-15,1358.2016478093747,1141.011979735815,5530.175298063321,5379.534151023171,5004.043000465626,4635.175491693286
1967-01-16,1383.0806567966674,1183.535650353066,5690.690291985442,5556.020398626137,4946.867253749451,4597.098847868935
1967-01-17,1357.4514032192228,1153.6102070474353,6211.5235312129935,5649.73679293786,5054.2411063958525,4693.489460680874
1967-01-18,1334.9159683998982,1163.2567862328938,6075.314736158121,5594.9992025110605,4977.642087822827,4650.030365720473
1967-01-19,1339.8430319169206,1193.8394657377735,5956.274333749057,5440.213548030873,4834.747181995169,4539.485230781851
1967-01-20,1357.5199146598165,1217.3007357238612,5784.400363956267,5274.0338760366485,4740.190034368456,4456.409963089447
1967-01-21,1395.9738341782493,1225.1110457921984,5424.891906111618,5029.053101920396,4551.053755151182,4249.882742151581
1967-01-22,1499.6585853162917,1257.1147367442968,5081.194883560805,4937.701084639501,4471.643964170153,4111.345432186034
1967-01-23,1530.2367331202968,1117.58059599893,4746.551974284424,4574.765975262639,4264.965121887167,3754.037105462474
1967-01-24,1229.5926894525119,1052.8819972387466,3179.4602568358787,3205.042676900554,3104.007383337635,2886.827313401494
1967-01-25,1462.9320163475427,1354.5327985450515,2681.1267176541414,3567.24752712451,3345.1198881583646,3200.166867390064
1967-01-26,1488.2095454680382,1962.5068263728217,4107.194347174114,3894.624621195604,3587.813547740751,4018.014419202295
1967-01-27,2788.8235377585293,5169.521902712187,5715.094463993613,6756.391622622299,6130.9072446882565,8404.1497352812
1967-01-28,6992.838585595923,6515.302803104908,7870.552467492356,11074.7061167656,10975.431693054852,10350.220105213339
1967-01-29,7130.785369897466,6340.393680428106,10359.336619178837,12035.438478144319,9862.914167511479,8979.714805563697
1967-01-30,6794.092021819689,5437.99524066448,11870.041797474709,11118.697829852501,9020.380517527645,7592.677397699681
1967-01-31,5861.084119817245,4612.160312728212,14060.658641976026,12825.455625283259,10273.928611356852,8835.201784115361
1967-02-01,5022.654689607686,3949.392750066748,14495.502465911097,12561.298069254011,10281.474982700205,8970.653969694878
1967-02-02,4475.883796131843,3544.1251853181516,13054.490303717092,11416.665763329955,9632.771157482053,8474.860367382273
1967-02-03,4039.2832139239854,3625.8006665431753,11772.085126278096,10691.215661233075,8911.778466557127,8282.829851731056
1967-02-04,4045.5426862009144,3506.074232639233,11267.129023437908,10168.706794707301,8783.896479723313,8035.76561341
1967-02-05,3805.8337503340804,3317.7260481691615,10069.635285410248,9274.442602166615,7883.400989517684,7220.577859639068
1967-02-06,3733.5965606231957,3250.811017344563,9510.07220482811,8910.297107448447,7521.173840663716,6877.282380672656
1967-02-07,3554.8484538127686,2989.5462595333324,9379.728201865984,8542.562875092086,7290.246448432306,6565.396527046045
1967-02-08,3271.7892400597366,2768.293029655783,8741.895859686882,7990.997599439599,6736.342612132304,6086.472959228111
1967-02-09,3062.359843476612,2604.366882661615,8309.86988608972,7542.7558276413,6392.774168522448,5794.32074274946
1967-02-10,2859.3044951541606,2444.9085370645726,7793.291761004096,7071.5147384059255,6022.468439974543,5475.602286715954
1967-02-11,2710.1413192284926,2326.5567864042237,7411.9656792057995,6768.352168183972,5808.037457298822,5295.255442015007
1967-02-12,2586.9761545162046,2228.4415801980754,7400.382640613203,6798.097749487655,5872.673431031177,5374.3139635820935
1967-02-13,2461.945509788933,2112.080929701153,7725.548097060924,7044.605042051942,6143.762291365252,5632.352009298165
1967-02-14,2339.9132833430717,2020.0532237828077,6824.834850956419,6241.15093917233,5411.390868168322,4961.986721136811
1967-02-15,2332.999887609237,1943.1065049985284,6486.419903938229,6053.769434861934,5361.267717638735,4849.9729076179265
1967-02-16,2226.636195274523,1680.6461900489169,6071.177008893847,5642.975533120998,5238.926918235534,4581.300695011181
1967-02-17,1875.6637386273705,1834.9407564305684,6310.83015149301,6171.841511875657,5294.414717038824,5121.020704301893
1967-02-18,2293.162062280594,2278.7786990795616,7490.770077448446,7195.20986429273,6430.244698816841,6243.843968637138
1967-02-19,2509.0958916369586,2568.3502518114,7710.830455800999,7181.426605352632,6538.335185783168,6427.995334089901
1967-02-20,2907.5416401795496,2851.01408073852,7179.919572549425,7048.307305839873,6444.9166042818815,6243.19990302566
1967-02-21,3256.3899397501987,2890.3247161382324,7541.933145207053,7589.18504368043,6840.212035218311,6325.827070784695
1967-02-22,3227.6933866202094,2778.7456839940787,7978.27610089705,7798.468583150743,6702.462997266196,6108.165544249981
1967-02-23,3142.666061144393,2658.8120515855126,8364.184615106109,7806.504420486974,6687.066492982878,6053.661990189474
1967-02-24,2982.8237494897776,2533.782861569412,8267.522961057353,7660.7104680648445,6502.471135846001,5903.421797713808
1967-02-25,2826.322510699155,2404.5602531460067,8215.389014908436,7516.507576317446,6400.696203523077,5825.35026717807
1967-02-26,2653.9316980547483,2271.348236444037,7952.644369372376,7190.794495644197,6174.228823018324,5639.911307708684
1967-02-27,2525.376484319531,2171.754573606142,7452.468293835275,6795.171851157289,5863.28984587136,5367.453663320922
1967-02-28,2437.2843140898603,2098.5462147579356,7106.560596257614,6542.643420295519,5676.869314824822,5201.275677168143
1967-03-01,2350.519300020898,2025.9845694941325,6856.51930580015,6350.335771017604,5491.5276283315525,5034.174306065627
1967-03-02,2277.426170637784,1968.3117910697629,6650.330434507847,6141.311330315244,5308.312804471336,4871.619399124382
1967-03-03,2278.7844239895717,1952.918861235316,6384.024988744979,5940.1402607637765,5218.625727210425,4771.8968676457325
1967-03-04,2250.2223388943557,1966.7146335921318,6045.198363640791,5759.554227792314,5001.982809292622,4607.157651371878
1967-03-05,2284.277289386563,1981.8272132175093,6408.744947665617,6143.174212727044,5322.996316303364,4896.428740176407
1967-03-06,2549.492816915812,2135.8792683720644,6883.391106487666,6990.357197312693,6219.773587958574,5663.404357362584
1967-03-07,2856.7159159450885,2461.4279645964507,10266.379994888946,11098.423076211897,9564.340396069292,8871.487342052053
1967-03-08,3024.683298844664,2546.893743528453,20100.729929186513,18085.991288041543,16140.09111341429,14974.601981667924
1967-03-09,3075.8704594741967,2579.6724008004385,19719.424084823848,17315.90367226923,15614.425630564449,14469.599309295274
1967-03-10,3578.5857880986014,2923.8392763951456,15980.618720355,15249.948852852296,13908.066520278106,12760.545047325706
1967-03-11,4502.4591799985055,3471.8614278371106,14555.657727251411,14415.588333746806,13997.596248625472,12555.608372513674
1967-03-12,5881.534585901854,7531.615889666833,14199.510101969758,17545.41383050403,14586.670118087266,15883.513877931258
1967-03-13,10269.418407467063,9864.615043606984,20127.56815845109,23518.43221528078,19659.534265691334,18846.14620579882
1967-03-14,10129.784430138357,8551.305959940653,21750.04856673266,19458.12861269046,16619.42141585366,14780.82334023642
1967-03-15,9013.239647034388,9889.462694538279,18606.586533993603,17210.293193649515,13986.818757769179,14678.001281543897
1967-03-16,11643.329213741252,11058.320463354838,21090.17294177354,22110.194633505704,19141.72497775371,18217.58901213498
1967-03-17,11817.7572391405,8820.848285477437,24213.304210012982,23166.751610757114,19927.55071712202,16548.20073607019
1967-03-18,9169.780519998681,6816.797980320075,23289.548509452485,20963.476672085577,16259.655850376399,13576.20757402615
1967-03-19,7185.06282344858,5563.046798527159,22890.668175598024,18722.002953241354,14908.1298760569,12914.632795528216
1967-03-20,6029.809284316418,4802.492671224822,19763.18625388897,16567.9530423495,13589.499090069168,11998.383743946979
1967-03-21,5343.920851661869,4274.229933843468,17094.94751535326,14846.612973220133,12395.872096239527,10991.20375293649
1967-03-22,4844.578674872386,3892.414023897597,15764.508776264865,14058.160792502993,11734.22979096126,10452.54546689624
1967-03-23,4408.154600764145,3591.6626908562885,14902.870199885538,13193.819081471005,11119.198632616693,9983.958682181968
1967-03-24,4301.608948682788,3635.8123846968683,13645.171011468887,12447.82021735564,10699.588028600232,9739.391429220559
1967-03-25,4797.199535335807,4342.106274490439,13702.842478991306,13558.5840525313,11958.791839068741,11180.839650357051
1967-03-26,5871.828167247274,5288.038089291695,15091.019737486671,15664.705064674403,13835.419997095816,12890.517708076426
1967-03-27,6884.279199123076,6428.81143419627,16453.713917433626,17223.245593968928,14702.804196500392,13901.251997192441
1967-03-28,7415.056900193422,7696.44860752021,17142.68365317834,16731.762690470874,14306.407453112522,14296.341286365854
1967-03-29,8776.233329098322,8490.38861068828,16820.547228551037,16569.937961534968,15043.140890427834,14504.17984787419
1967-03-30,9368.18965035112,9117.366497690782,17408.621757026645,18438.25320306933,15513.18964035681,15004.826720390087
1967-03-31,9823.24427148431,8167.687163710069,19753.588244007882,18740.54565704437,16138.493582848878,14205.704907560232
1967-04-01,8609.366155856325,6826.540848323464,19820.386454091997,18337.673872347492,14935.972458114404,12867.619036930104
1967-04-02,7092.807566091451,5431.786589539744,19419.582422218282,16634.054803257888,13509.320208949935,11554.900248600497
1967-04-03,5646.117025132676,4449.07554620936,17151.997369333105,14353.249769704213,11707.875965379448,10234.224600803977
1967-04-04,4765.372554360983,4140.102033508413,14676.53606053309,12367.816325570993,10296.420147527977,9419.584353834762
1967-04-05,4464.958536233589,4178.586191995411,12645.668676068322,10966.783184340187,9500.626493798874,8988.13303544461
1967-04-06,4852.8702238111155,3863.9355536249054,11176.203197941932,10632.139191064207,9611.638655537694,8417.973600898647
1967-04-07,4201.120677854866,3042.8798982968774,10443.173013713771,9909.680214791422,8309.81871889015,6979.934271023867
1967-04-08,3401.657267787131,3276.3947640171787,9937.737598609208,8818.634703809334,7043.228417023719,6768.687458875632
1967-04-09,3750.198105326003,4194.710159909394,9647.626534301931,8729.608117048243,7630.441663977832,7910.864464685094
1967-04-10,4833.222971153463,4426.865716752867,9225.45001593869,9215.140834862434,8806.496840792392,8236.1603493486
1967-04-11,5067.828095776587,4501.497987757707,9160.861084765802,10135.38838767234,8559.313764435254,7851.551912139897
1967-04-12,4885.4908956420895,4050.271677703925,10155.120966335828,9469.012135494897,7989.55626767132,7031.28968930727
1967-04-13,4400.342275581113,3731.0260791957007,9554.197472690652,8873.25746883636,7226.208110429389,6446.73308592445
1967-04-14,4085.904720093762,3415.8039217469322,9937.623747365666,8953.001008689746,7475.552040389412,6664.049590024114
1967-04-15,3692.5163704079423,3055.7741091535413,9617.296137392503,8606.878999738065,7245.907446883916,6458.103246223567
1967-04-16,3358.996072497267,2703.429960768385,8933.32622694854,8065.798429773328,6784.051369467097,5983.454717989174
1967-04-17,2923.872052730716,2393.2604990376867,8287.638194948187,7372.165618139083,6150.372840106242,5485.329126260948
1967-04-18,2795.7498788831786,2283.3135875452745,7835.695915996006,7067.063010658756,6125.1269194516535,5475.889168067249
1967-04-19,2578.8799178308827,2312.055712217463,7452.0806859608465,6978.765402260882,5851.012686617034,5447.7808694627165
1967-04-20,2543.4102050068996,2185.1449700018834,7165.447647198545,6382.616388219963,5604.872940566835,5120.419394336145
1967-04-21,2357.152666432589,2191.5303542287534,6243.714921523254,5750.357208140384,4954.111849627849,4685.216020337689
1967-04-22,2511.7399995756787,2187.984113121615,6084.405094277647,5728.533759081926,5117.69831099111,4689.95916969389
1967-04-23,2402.817043581129,2133.6136365120087,5985.122863167726,5693.577487320231,4945.969995505479,4575.0308949660175
1967-04-24,2421.301347784828,1935.7424116095128,5559.688385113404,5190.048875105338,4618.884806389988,4051.442861480923
1967-04-25,2161.332325334525,1921.5203155923004,5226.17471708156,4958.581142323181,4187.4766101229925,3873.1807319958543
1967-04-26,2300.2185063277284,2214.8323412959016,5530.459780209143,5430.73140419013,4628.463739044231,4454.258655046179
1967-04-27,2608.1444684751223,2492.8242579690996,5754.454329877215,5511.991893446207,5123.549840180833,4917.293542712114
1967-04-28,2860.120280183663,2870.8264114508142,5752.151112884327,6088.813618798734,5373.966836512343,5290.892985605183
1967-04-29,3182.6707989905717,2826.840466644725,7111.563298539977,6947.073665804659,6284.651595647082,5803.704809128902
1967-04-30,3036.9851564309674,2653.8476398147077,7179.265974282229,6936.810944371307,5972.630312204537,5471.183216099376
1967-05-01,2949.391042722859,2524.417020333626,7352.879706355769,6910.067682283534,5890.521809135284,5345.5081193651295
1967-05-02,2741.8899572027053,2320.132213872183,7347.617066529054,6672.847683819535,5710.589484413162,5166.285094248019
1967-05-03,2676.5331677157524,2181.3160060979044,6919.261825735529,6427.993231776727,5646.079858437695,5033.196981339428
1967-05-04,2447.368573268963,2168.262811065994,6857.461837494966,6575.109986821354,5448.993408052622,5047.794769649821
1967-05-05,2370.8650759986645,2016.2443065850093,7417.182066035755,6510.418918132447,5736.626469780016,5240.205509003679
1967-05-06,2199.1338434867703,1922.2727820352923,6290.669812755872,5790.748828031317,5074.764196079885,4684.674794187093
1967-05-07,2530.4003031138964,2221.6283410964957,6641.588922429753,6707.57323516649,6201.592629581734,5757.970060058338
1967-05-08,3507.698770284089,2990.108347921177,7360.702674378976,9910.108875040687,9040.524098831112,8329.709694455853
1967-05-09,4136.092679115735,3664.916841960534,13357.583101167307,13873.330913244401,11808.906222997808,11018.108320495976
1967-05-10,3971.6015626889525,3288.3031982999473,16377.64827134971,14329.806842308779,12123.641347308341,11066.303594380719
1967-05-11,3650.231290010113,3023.2333070480136,14214.577183704121,12238.669268475654,10756.207994007997,9822.820095788546
1967-05-12,3797.599334042258,3045.7448777076897,12046.854407644225,11890.096477430869,10452.770648146876,9418.574163500665
1967-05-13,3913.246042334741,3933.4477471611026,14824.993495412145,14611.01082140601,11944.48139139621,11595.063558428035
1967-05-14,4437.948737373668,3872.552399191551,15302.55081897455,13314.705449237703,11759.431346140842,10856.390630754666
1967-05-15,4504.595338691217,3897.3806775596167,11796.142990461522,11203.838577199382,10198.725881313545,9372.681944292463
1967-05-16,5079.321544761128,4812.730356833946,12464.306629694627,13772.869478327833,11551.803480386832,11015.80165056229
1967-05-17,5477.806027109796,4856.384228103791,14979.188211307192,14212.677119926324,12005.686245385536,11105.498887170947
1967-05-18,5039.424975017489,4271.872368215557,13958.380294197745,12283.265960799872,10322.347263283806,9332.65303383566
1967-05-19,4587.8183769282805,3848.186890379228,12875.894531226026,11572.837206295375,9603.558928542949,8651.203670996692
1967-05-20,4176.792759328986,3440.9536576471783,12645.467402487813,11181.28960058587,9465.3473796631,8495.236171112267
1967-05-21,3648.5217452797083,2995.8743630453937,11520.295944129695,10081.780375578324,8483.59852955694,7617.3092552680355
1967-05-22,3205.2241905782435,2647.1788414942266,10297.776912052555,8971.004970616908,7627.233742180302,6876.535423106849
1967-05-23,2934.1072290218162,2462.428467689546,9000.078585611365,8043.309260844033,6854.472130116967,6214.852087285541
1967-05-24,2676.013791054514,2267.5163732157457,8233.083089526266,7371.083747864127,6278.4261497078205,5717.297791773349
1967-05-25,2430.70935038327,2115.862990023022,7478.097188389447,6599.234014395729,5704.327791072772,5252.931535465456
1967-05-26,2291.318327275112,2001.8150212494043,6691.225497831185,6035.003945756895,5265.158371858408,4853.481720967842
1967-05-27,2214.3108827618817,1938.1545022977411,6298.833133682662,5839.873130083295,5074.838231323243,4681.570121465309
1967-05-28,2087.658806954298,1798.4997673030234,6003.1788871252975,5448.645754994614,4772.892145931133,4375.116583217119
1967-05-29,1947.4278710045041,1676.9998384368364,5494.786728232465,5034.306775999725,4386.180006835698,4019.8757323146365
1967-05-30,1854.5072780718074,1603.1776990007186,5282.4177762866275,4884.568707132836,4250.4938230318,3904.52999865747
1967-05-31,1754.8793136093848,1528.952737475825,5126.497906667571,4696.736382248404,4094.630583029377,3776.2528159794765
1967-06-01,1675.238714017039,1460.0050689611328,4879.384662848137,4470.102813765069,3919.4960389957796,3616.1974519393693
1967-06-02,1594.788724421775,1392.7277953139064,4599.654183524606,4230.703953932247,3713.0781722873344,3428.834076818119
1967-06-03,1523.5152894801352,1331.303666617146,4414.572428052775,4067.5076163960234,3576.7009637504934,3305.105612803204
1967-06-04,1456.5795539890005,1272.3937247888657,4245.223528880839,3913.685038564099,3447.517034937887,3186.6549649405542
1967-06-05,1393.7821787911862,1220.2206798956818,4078.543386451133,3765.423931673805,3319.031615674815,3071.6722054058
1967-06-06,1337.608093411152,1174.0539111331173,3925.974286151702,3625.184191443662,3201.311724379416,2966.6426238586846
1967-06-07,1284.6451398361346,1128.9935471598585,3773.561126271559,3484.556903724949,3083.8419419670845,2859.9043555672824
1967-06-08,1234.8052718586086,1085.6976523251246,3631.5015006503654,3356.6276979706563,2975.4921531433947,2760.630725176652
1967-06-09,1185.2318699952984,1018.3708018926507,3501.8678326010195,3236.729644366006,2872.7989373880628,2642.4560680191107
1967-06-10,1115.643312000677,997.5599425399023,3378.1043382444805,3121.294903330809,2752.9671809486263,2573.5537525245463
1967-06-11,1116.9901812586056,1007.6486203110863,3253.6098163392453,2978.541979669692,2702.11501359296,2533.6712593429975
1967-06-12,1069.9493016836448,942.266553851209,3111.1306384165946,2914.447212447413,2609.064882368779,2424.229510734279
1967-06-13,1038.2854128368435,872.1888677705249,3072.154642058677,2881.5428007664295,2557.896877936205,2335.3277592383283
1967-06-14,944.1865365127672,688.9511368255475,2940.1497312904994,2675.774434497317,2362.5366126679437,2055.8748438901207
1967-06-15,750.000499715984,710.7635143500813,2795.8973555642337,2526.759124579671,2131.7584148838846,2042.6099237837263
1967-06-16,837.1662271580872,929.7897801302856,2809.2279509185346,2554.25760904036,2322.862945521395,2359.935857609262
1967-06-17,1009.657273104654,890.1939253384726,2620.6764302724932,2460.5486152242006,2403.296908378709,2232.9204827093163
1967-06-18,1002.4883153675592,874.6550238418862,2469.549668910864,2408.126623811898,2283.493591696858,2111.2249593622364
1967-06-19,898.185973554243,818.0684435103417,2937.3893034054904,2799.4211862387883,2499.4796177855424,2357.7080590260957
1967-06-20,983.1804493142538,850.1642895996471,7246.752515652902,6591.796640210361,6114.962752899204,5733.37652565411
1967-06-21,945.4760911362981,794.0713533968037,5049.931873643728,4517.886952072065,4140.224774115271,3845.384271728003
1967-06-22,883.442377538742,760.2082971050835,3012.809144313929,2716.59106007046,2474.240737540758,2290.85603079704
1967-06-23,821.5855501861593,725.5643778276385,2464.873242929763,2300.2588558011084,2056.2893292096137,1916.1994945843005
1967-06-24,764.778687143807,668.2319118249965,2576.7696097338458,2362.530469133094,2072.6468132698947,1928.239852749395
1967-06-25,740.9613298583467,647.1323879454244,3222.1979865612047,2897.365789405417,2643.561113960305,2472.237045141141
1967-06-26,691.715663301526,609.8694270740441,3061.769185521252,2746.673580041346,2524.701622504198,2368.612576509273
1967-06-27,669.898775785906,592.4715527297689,2532.7439923990487,2326.9375104456244,2124.58265385792,1991.2596838343152
1967-06-28,645.6420238863122,573.3732448823256,2360.797437583535,2167.351278526093,1980.4931870538471,1858.3898865458937
1967-06-29,620.9978292097916,553.6016343637532,2229.2458702409995,2046.8834967727557,1875.5659496524918,1762.044448359287
1967-06-30,601.0553252786274,537.2359125307698,2141.968924761544,1974.071631853899,1812.8940494206,1704.848212311229
1967-07-01,584.4201066868256,523.1881902033757,2060.525703924773,1905.549847921554,1751.4454502881474,1647.985289087649
1967-07-02,568.7111773829414,509.98332061107646,1996.275707631719,1849.2038633826373,1701.4430641682723,1602.4970500007435
1967-07-03,728.5199488995239,631.3650844335882,1824.031710702899,2154.47945485016,2026.8855413693982,1888.7973185584574
1967-07-04,647.9399658697203,554.462059577765,2622.92390775092,2286.6788997611197,1972.1736390110345,1828.5129713930828
1967-07-05,644.2975169376485,548.7652804351794,3140.4053198762085,2806.7008442966608,2543.2306271655507,2369.143586272805
1967-07-06,553.0757961096256,491.26792044155957,2846.888032157745,2466.641627773678,2275.0433297678687,2143.282431209984
1967-07-07,521.3260098040546,463.7565144543139,2114.9498800784145,1905.9036023604126,1761.2216286575008,1657.3423538402076
1967-07-08,501.9956427027299,448.3429998205809,1955.437897129892,1797.9423829773618,1661.0474815440996,1564.8262153570845
1967-07-09,499.56478924604784,447.59918038731473,1859.835782550711,1801.592634856502,1682.7510305384453,1590.5282928490494
1967-07-10,483.7453200894505,436.71943652394543,2738.56097551143,2492.3196662862315,2324.4374133379615,2201.931682343275
1967-07-11,396.43461142619674,215.09277565545756,2828.1281571654517,2457.002849960566,2424.2622948019625,2164.2711903901118
1967-07-12,307.9895460085095,291.11044660123105,4364.470940845358,4193.674737898183,3826.715747370526,3649.951908724992
1967-07-13,462.64168095159476,569.7486299533981,9007.39156551361,7843.980296581787,7378.832511389479,7134.914103088817
1967-07-14,669.1977773763285,550.0927054974278,5555.194169377907,4896.210566142448,4749.156258811583,4437.604433595456
1967-07-15,515.5126742734125,443.29470615995444,3730.9550019042495,3287.7220411513385,3132.513214730926,2946.8111458089684
1967-07-16,599.0603956144487,570.5725648426007,2791.002440100034,2763.845060545465,2529.0750384954035,2421.529869006649
1967-07-17,704.9087098805503,729.8261067400902,3523.215939391693,3388.0291542323475,3119.021731988728,3041.0270711481835
1967-07-18,748.798773116062,628.6936151047163,4014.8202545117283,3597.14414143094,3445.5903026021424,3209.3308280743468
1967-07-19,601.0031740025795,439.0512301669311,3370.8339233089864,3049.894477289602,2860.278438469616,2608.4603813187828
1967-07-20,496.8977701778607,383.53601337124906,2968.7265022552865,2683.7505281285403,2409.076883206519,2218.392027747882
1967-07-21,515.1730168027862,429.98226449111405,2917.425913220588,2643.536146523131,2363.743678673454,2205.0333042420552
1967-07-22,615.1841304378286,478.1593302933036,2839.738250334582,2749.5310368487726,2451.5068019822734,2241.6512283744123
1967-07-23,524.6180824307175,426.42988945217337,2945.3784466901234,2600.7774098938944,2323.712909868763,2153.3127428845546
1967-07-24,500.4113404930908,444.05166967613565,2558.397241497387,2286.573463833769,2054.685908290236,1937.7301042530048
1967-07-25,517.1725594028007,451.0122054390406,2356.2176635004444,2162.5548769044403,1970.2171186900136,1848.5635395217091
1967-07-26,412.43694983774884,303.4056064561514,2282.304702675158,1965.2335961644867,1828.5390435840086,1665.3163626073651
1967-07-27,331.4842731972878,293.69549318710574,2040.0981267556529,1837.8771011632712,1653.3767052009755,1565.9500811772969
1967-07-28,337.6348391499955,300.00048034224517,2580.39113732056,2217.4570413614083,2154.986524105565,2043.6444068365327
1967-07-29,329.88527940625426,293.9142134190526,2200.0769175592795,2020.2341468838708,1952.559491813558,1853.0206963766746
1967-07-30,361.72999448706184,429.5774110104982,2181.1826466946827,2163.1520975548174,2029.0739448505299,2034.0767763898739
1967-07-31,552.2396637807326,399.9617798465953,2812.861583778314,2705.355906260587,2596.7850010851457,2361.095459240667
1967-08-01,393.12735321825056,347.7209609824423,2547.4539851003706,2336.0849781987736,2135.8112511634295,2026.1822041782489
1967-08-02,387.9675796650552,382.4002356729329,2499.967750142696,2415.927627092201,2215.9687932172237,2141.7738726161033
1967-08-03,488.14221308956,341.0161797040304,4426.277968489004,3721.9101115944595,3831.9484133142114,3545.8005854993366
1967-08-04,515.571455660622,479.5168731200344,9215.789169835873,8679.687677351496,8255.142165247153,7840.472015924881
1967-08-05,884.4212654224707,816.8292427963523,10605.435161700652,10247.213772183835,9884.878546235677,9395.010856779121
1967-08-06,1206.8513511942365,1285.3731153703225,7579.180117074833,7517.394104567575,6830.329539241542,6664.506476357374
1967-08-07,1678.2681532990528,1785.6951896178175,8970.187057766514,8096.0340167373715,7398.286695595169,7240.424319990669
1967-08-08,1900.7662858513888,2123.3075779892406,10006.05169657862,8759.197825583922,8305.469727974167,8217.642566063558
1967-08-09,2226.4871617488525,1774.2398389472653,9071.046236832783,8102.091075769041,8025.547311569491,7294.173908866773
1967-08-10,1563.6444909251013,1727.640941964976,7269.5888369762415,6544.356311531765,5973.524349018417,5934.26387553307
1967-08-11,2225.120922976249,2226.3010666396694,7900.60760912239,7634.705304343606,7150.485099008268,6916.932649730671
1967-08-12,2219.6085697321164,1596.102600747706,7765.379856623618,6879.081772268408,6594.443888936567,5765.914652899753
1967-08-13,1636.130748896617,1295.3461525235464,5438.128986651597,5124.056485727773,4268.78265346534,3815.56999175307
1967-08-14,1715.3005677443284,1350.578113242592,5271.727265532454,4978.824795873345,4234.416657037284,3764.856911592384
1967-08-15,1386.745448251559,1172.7302765191805,5321.271272475482,4533.006765592683,3882.3269663391884,3562.548313821776
1967-08-16,1237.2296093531036,1067.5453516323385,4737.460458262942,4082.8379219794733,3609.7056741698198,3340.4236806792296
1967-08-17,1169.439359817697,990.3687688478935,4470.491218098617,4008.567961040985,3596.604992342755,3314.8005061692365
1967-08-18,1047.5208259725491,912.2286094037195,4187.77963604818,3716.5366813411465,3350.219278757018,3118.2803118367683
1967-08-19,976.8626660056407,805.7854168791321,3779.8125047292524,3379.3646627302187,3076.0521527754368,2818.5294635609516
1967-08-20,806.2264864359164,610.990991003076,3436.5191901706976,3008.8671541529416,2728.8968641993924,2456.3585555146747
1967-08-21,547.1086680783385,348.201137644179,2916.5228354130595,2422.989370030401,2191.2533396809968,1928.3029833241224
1967-08-22,529.4482996675738,718.177153331201,3063.6887492366286,2935.3664707324892,2549.139189814275,2657.2818158016753
1967-08-23,879.9781703512242,869.3533348626223,4349.258642517569,3923.3027376180635,3866.1101874380247,3723.2365348936028
1967-08-24,903.5737206125314,891.5841501204382,3611.5774746935895,3449.9583160423563,3276.479804056779,3163.7591517011297
1967-08-25,959.7114415422037,843.3558403533816,3217.975856599289,3032.358127205745,2869.699248666615,2675.760914936726
1967-08-26,661.3088253309031,298.0575557671866,2594.0524311900563,2048.7872166083616,1999.1139113641816,1586.6023521925026
1967-08-27,828.9825677007145,626.49329419422,919.5146967511552,1062.3935830525136,1203.2414480673604,998.1180256225157
1967-08-28,974.0711641340554,1635.1460125589338,1050.9781868116127,1734.3458951032808,1725.8796024432029,2377.8295579527844
1967-08-29,2266.0190208441177,5346.028499550278,1718.0265121195714,3354.282139048948,3176.6575856150607,6239.8768607138345
1967-08-30,7481.888907756504,5621.511430723604,3354.6383397726536,7448.140150270222,8077.5039239231355,6209.9672394542
1967-08-31,5320.034222485227,3824.1286054748407,7448.3491742685665,7965.145781775365,5752.452636583258,4252.806757223223
1967-09-01,4062.862811221828,3192.9926942846296,7965.2852710937495,6557.984380172628,4424.145397689852,3550.826579582399
1967-09-02,3417.1612784434155,2686.62175187249,8701.81242504692,7034.021084534263,5564.552640446025,4748.919582772873
1967-09-03,2835.121961801183,2254.085586507834,9367.472195066839,7918.93050175581,6684.316675726641,5927.918849667635
1967-09-04,2430.5912187830986,1985.0240478089236,8030.902674050167,6931.668396613071,5898.061483178622,5296.74615145594
1967-09-05,2140.272267026393,1752.1320485044553,6870.717943241032,5974.040614989,5140.306678341819,4620.756468457085
1967-09-06,1870.2836484809602,1549.1594886271387,5919.147439305301,5186.144790434222,4476.025190163198,4043.5629299499983
1967-09-07,1682.3996866666603,1413.3062754880052,5190.921179702398,4606.863337598021,3993.675908285373,3628.094618903113
1967-09-08,1533.2245965036318,1303.3261629167891,4677.303381938808,4181.160856594588,3649.0692621545686,3332.377917032906
1967-09-09,1412.6317957742745,1203.7163543930847,4240.307708807546,3814.437550176425,3349.425366048841,3062.565961409963
1967-09-10,1148.5368902692358,784.5238648533866,3648.6637452706755,3002.308213480081,2741.4833682304516,2316.4842475564774
1967-09-11,846.991352193099,852.236638958411,3052.3235461266027,2781.1541689501537,2322.772773455381,2272.5381915775793
1967-09-12,1094.2401402810406,1183.8932525263338,3239.428338221471,3075.863901407368,2810.1421209961927,2832.524114693798
1967-09-13,1233.5839952860429,1144.2959114984053,3144.582069375719,2887.1000999955977,2830.8672755880634,2679.9920264146695
1967-09-14,1233.0463687474555,1181.102349106119,2704.6848289461836,2755.657764983123,2516.0802765187773,2417.988054079354
1967-09-15,1328.3464296652648,1152.0364138152247,2918.989746323958,2880.7629326537353,2627.967096908201,2404.6104354440295
1967-09-16,1180.0481169744705,1009.577160966347,2865.3823444871773,2630.1036542808743,2343.7090437487905,2132.4826544708294
1967-09-17,1114.6150204783662,973.5778976032933,2663.565719073131,2522.0705849324304,2201.0476939431164,2022.744488952561
1967-09-18,1093.234500666096,967.4764359657145,2741.8536943611934,2581.814084078608,2268.9935308851304,2101.716882439149
1967-09-19,1053.0066261936217,939.9676019107467,2668.8796573963436,2469.8071953304852,2194.0342594182107,2041.0043237986847
1967-09-20,1002.702969348374,901.313171577885,2558.654802192532,2359.284451446596,2114.8558846484443,1974.7157802632757
1967-09-21,993.1361627995395,875.7135441779221,2504.889807553708,2346.9853154763146,2131.3307212879877,1974.2148664750707
1967-09-22,968.1181751895775,866.9669729308371,2473.82867262028,2332.288636182495,2119.278586656689,1977.6100007568944
1967-09-23,923.8107075289721,840.085259696422,2451.3668301176276,2303.63795667702,2062.1631574720013,1938.2328407682069
1967-09-24,968.7786735206522,874.8464893177013,2434.611940721936,2359.3116549278243,2113.055280046988,1978.6875307958178
1967-09-25,927.0744064665819,841.9297448166335,2435.729242517691,2235.0477924225083,2030.0377030482691,1906.1581413461718
1967-09-26,891.268844174925,815.209909614728,2209.577917607595,2060.3558497151325,1873.1636241532208,1763.9361378808667
1967-09-27,878.5180416804989,806.0624983521168,2166.790202349358,2043.5534960562982,1865.2471163241971,1759.266777748542
1967-09-28,854.5533255993898,787.5032084975484,2143.910513339237,2009.2382972129285,1843.5357839064127,1743.1799492734804
1967-09-29,843.3117609700412,765.5894630548162,2117.8605514468704,1987.807436261076,1852.0606799114764,1740.229342820977
1967-09-30,845.6084987539264,781.1044144594111,2093.6327531170764,2020.0037738438714,1856.835492858542,1757.7959417087445
1967-10-01,837.3886659151267,776.8972938038273,2105.0336893826607,2006.699819792198,1829.8444800055736,1735.56204443424
1967-10-02,868.9064502139347,800.1503629450473,2059.5217053320903,1994.5360330465614,1819.1294784015531,1718.432491164395
1967-10-03,859.5770344398077,792.7324721792584,2037.6854750781272,1930.9379846100985,1768.1673186119642,1671.24808067106
1967-10-04,852.5948517246472,784.4825995710912,1954.7833772983056,1864.268879317653,1705.9257043093642,1610.2081168126604
1967-10-05,844.7547747457871,773.8487209008937,1942.8591302325194,1856.1633997128808,1697.6996202001267,1599.2025336909749
1967-10-06,836.0598745627068,765.6071491612482,1948.0815658010943,1860.872788369823,1700.2107926727163,1601.6584520135239
1967-10-07,828.3961323673077,758.5984457715044,1961.6260533781756,1872.5249798486586,1710.1145305861533,1611.3660084272954
1967-10-08,821.31461191604,752.8289021825744,1961.37568287973,1868.4998621467682,1706.2885039746131,1608.6279868127203
1967-10-09,812.9798551155056,745.5257887129246,1938.9749478251497,1841.732180898909,1684.2084146568673,1588.2451015599818
1967-10-10,803.6974346412456,737.505616741619,1908.8308302607495,1816.1775882919653,1663.0511024475395,1568.9444998057688
1967-10-11,801.6407470815407,734.2793589312969,1892.9008827330867,1809.272812564397,1659.0007638216473,1563.7006803954546
1967-10-12,787.6874567676108,724.4094194055655,1885.7471608381857,1793.032350726512,1638.1936599388491,1547.190862421884
1967-10-13,785.7135536697656,722.2361393421149,1869.3377010878266,1780.0523133620495,1629.8367771616265,1538.8833091383794
1967-10-14,777.9288865637121,715.1998156390636,1852.237088792515,1759.8615405294954,1614.757364332445,1524.8586797300914
1967-10-15,769.1315628620891,707.3186611756225,1824.4499613550213,1734.9679526640289,1593.4110032843791,1504.9985596950844
1967-10-16,759.2060886008416,699.031111284025,1804.1045011494439,1716.6869478799676,1576.176961304186,1489.69712718692
1967-10-17,754.3364665718011,694.2155936260601,1786.8145321154775,1702.4151902546828,1564.5771331034439,1478.420500572659
1967-10-18,747.8504459471731,612.4580287619017,1234.8536249651174,1734.3569214638328,1711.2633249862783,1560.412547614115
1967-10-19,720.4604620337808,762.3883083598521,1559.2120501176396,2303.035940566072,2018.9804299914103,2011.4513944849418
1967-10-20,676.854331202186,751.1932636281831,2793.231209919166,2145.605116696114,1968.7783742043168,2011.925585773429
1967-10-21,909.1668747171884,1112.4396447836025,3644.494725769694,3282.2684207697903,3120.3412694094577,3243.008560474085
1967-10-22,1184.992631622787,1315.5469550343669,2812.9981094216564,2650.7276550274664,2693.7441731690487,2775.049172190648
1967-10-23,1486.1938127334888,1341.0551596557902,2548.9384295564914,2821.636824872742,2738.3663997433073,2553.9685625215257
1967-10-24,1353.4801229966993,1181.8253535321835,2680.7838296156747,2606.3611010630802,2361.8227183683016,2161.023057524533
1967-10-25,1308.2783631224243,1109.197125333565,2201.450512574097,2290.6763246167197,2025.2512783420261,1814.7621886067996
1967-10-26,1211.152515191883,1071.2302687619099,2048.540530777366,2293.1790384882966,2110.173487888039,1954.2731089465603
1967-10-27,1090.1627626004074,1288.1861295602812,2458.6261509461265,2465.6280619719196,2062.5487160453054,2242.0201942192584
1967-10-28,1503.177015365175,1408.220685864532,3364.1239522480837,3186.257612145201,3121.215953007034,2978.620857705131
1967-10-29,1412.9492231756694,1363.4559319165726,3433.6322944103763,3277.4776168651224,3054.873525917965,2954.8606757392827
1967-10-30,1540.4555109778948,1426.6150540231142,3502.139877147651,3456.559720981205,3171.3581549819464,3004.77272868989
1967-10-31,1518.305905837411,1380.6983214647546,3643.6622918647636,3425.1673355821085,3118.6977762277666,2927.8803147057524
1967-11-01,1494.0718296881128,1349.9428659087753,3350.9322636947077,3199.8008328427063,2874.132021051344,2686.2853731214564
1967-11-02,1501.8207922575823,1372.3424980408697,3174.317088561037,3141.948404681006,2893.4277253291366,2726.6192048053044
1967-11-03,1615.989981944003,1629.962410050159,2812.8389495533925,3285.2059215494623,3122.972629287416,3101.16498369945
1967-11-04,1601.5581040673617,1627.1877983063382,3293.476672777917,3348.6860735512155,3116.3475763273805,3107.5141650640535
1967-11-05,1750.2809975590092,1601.5472122920296,4369.1561268988,4187.1447690563855,3930.5949562552632,3713.2300064311967
1967-11-06,1701.1384967621912,1620.1332325468886,4925.176715499211,4626.450551032531,4201.452533543454,4032.9367862995387
1967-11-07,1838.0908836124509,1695.230555074472,4979.727882735294,4739.6770371037865,4324.6556742012535,4091.8027594471373
1967-11-08,1794.1501208278676,1637.0403989201973,4707.867703975228,4343.246576982682,3956.566155633426,3722.618146000059
1967-11-09,1765.2961925798754,1613.0983403021878,4236.42847384354,3987.6359194700694,3603.1196486191693,3388.6552284971494
1967-11-10,1748.1269508811345,1599.3664587281537,4145.88623559312,3949.2108338592557,3550.6166451353124,3339.870890412727
1967-11-11,1714.3999391248121,1566.9699098196907,4122.860606438179,3861.589444947398,3465.225579377039,3256.8307308028284
1967-11-12,1687.8026863049126,1484.9194989454752,3919.619630210293,3675.236007109169,3339.8494433184906,3081.7061357478515
1967-11-13,1625.4555186003536,1513.8397799463853,3708.904607042459,3471.805317700094,3163.151688024213,3000.5839933360894
1967-11-14,1563.6546660377833,1528.7754666542437,3533.3033498517993,3327.091130652617,3006.3305727750526,2924.8339983283636
1967-11-15,1743.7472574534925,1547.0450037855328,3511.003379268873,3477.438280974859,3255.334226814167,3009.5277752674365
1967-11-16,1572.6116737419402,1575.880878738782,3472.30157937781,3298.916134308025,2927.419905331521,2887.4734339860242
1967-11-17,1785.5105286494525,1669.2803811998706,3333.6685647782056,3281.834550777876,3060.8386982870293,2905.2576472738147
1967-11-18,1775.5475736029052,1661.1524386130227,3393.3316770481797,3319.759003116953,3073.119212012435,2919.252105930605
1967-11-19,1816.440297246806,1659.1891726415183,3295.1097423292617,3264.822522888405,3001.296938628898,2808.8316664646563
1967-11-20,1738.492678386108,1748.2354866773044,3455.0362593618393,3378.101332534345,2999.9258807439132,2971.169316777208
1967-11-21,1947.5178908713765,1793.3861413914149,3573.4619479390976,3523.7134741989175,3274.252369388212,3078.0508201677785
1967-11-22,1934.8329511540273,1788.9691299712863,3616.03205255333,3599.371805434178,3263.5813849605915,3077.0033105683515
1967-11-23,1868.78897920409,1492.3320995037404,3087.7651317729888,2728.6723877543413,2799.880379075458,2405.216395836226
1967-11-24,1450.501323384645,1883.921990044609,2418.557359079776,2432.7943932471735,2109.245282236316,2532.852038938062
1967-11-25,2072.8690144651205,2215.7024771665633,2737.829809040114,2679.4143865995675,3125.5873401011922,3248.635764326613
1967-11-26,2445.6449695986885,3444.1863440548686,2914.2415081952763,3818.3707240813505,3675.629983133693,4643.858307462211
1967-11-27,4184.7392465734965,3988.9796940550123,4301.9650402984025,5531.086116127377,5684.618901618061,5444.804339262862
1967-11-28,4324.3984513328705,3970.2438091654726,5269.517628422218,6270.0238613930815,5463.71973807503,5080.581312685116
1967-11-29,4433.84252387368,3691.625746489443,6375.462781490099,6661.920953048529,5554.7757352927365,4782.697243509354
1967-11-30,3945.921829353919,3259.4874402294236,7556.948185131916,7040.797463921349,5732.306964396057,4984.034817190552
1967-12-01,3546.9568044303805,2992.1768135375023,8114.877519227933,7337.028851144018,6067.041903330256,5413.178691538895
1967-12-02,3230.52674749922,2708.355331593517,8169.380742834935,7269.390597142221,6171.793235458223,5527.825694274905
1967-12-03,3142.3345670831113,2330.6624541160254,7308.716394437597,6922.1290146291485,6524.467942418327,5598.518387129303
1967-12-04,2621.4594286835904,2975.55597734153,6850.285494951066,8153.730774253998,6889.380925370707,7096.11584866078
1967-12-05,3883.190124309947,4326.157843524892,14365.404402619955,13267.650671112619,12316.326805291632,12369.946063433303
1967-12-06,4867.33541969472,4497.466256417856,14135.35087467411,13537.00842042782,12634.66564213967,11903.584837409671
1967-12-07,4916.660394161662,4293.059313351636,12544.634486094725,12167.056197236165,10734.23440839403,9853.389435873585
1967-12-08,4682.1435874628105,3922.974090432036,12047.420155139334,11178.49908289033,9620.164339125422,8646.429687884944
1967-12-09,4245.3030277127755,3628.7897589257855,11773.001599646355,10691.777870987627,9017.89326477035,8191.214459643175
1967-12-10,3927.5264049266607,3291.394470968401,11398.889584460594,10080.580452284137,8674.228134797313,7826.196787399566
1967-12-11,3565.5833902781364,2957.9925814326434,10787.532090062701,9715.324169860029,8372.028584007025,7551.408969983951
1967-12-12,2899.5013760434585,1632.7526657276114,9159.344960055823,7292.5704362382285,7126.033963706861,5693.934589805242
1967-12-13,1750.4167662463108,3651.0055367253767,7648.995056529722,7231.824422910971,5977.916043410465,7709.030594459617
1967-12-14,4574.416902670992,5647.674315400817,10894.964212564097,10582.755841565933,11296.62877647294,12060.717462663604
1967-12-15,6879.618091339309,5998.0484721127295,10237.6590485923,13329.243413451537,12407.871706849019,11280.292102001793
1967-12-16,6506.012843303453,5056.8338804619225,12290.662413175798,12624.950050513267,10444.731609609584,8832.676313773736
1967-12-17,5321.583507983075,4273.029882097415,11970.927629561093,10588.376771384861,8228.885717999801,7068.405301354354
1967-12-18,4622.371876304955,3760.316218374041,13227.38600690246,11375.929910527684,9393.12265408575,8318.007290496811
1967-12-19,4067.579508246803,3337.1904831568127,12470.96088191325,10839.670940041902,9163.910591619857,8201.002253084589
1967-12-20,3594.943364027557,3032.1908462429756,11028.562029331288,9659.742343534437,8216.280192020338,7445.652852000085
1967-12-21,3300.333241205156,2827.8947914125483,9754.890421408256,8644.982540249712,7435.640834735539,6780.5929264137285
1967-12-22,3168.5318281758023,2587.044498885057,8820.90905215472,8007.914563305178,7028.088707668414,6282.324102251241
1967-12-23,2854.636626036361,2569.69090640217,8641.353034474738,7951.520712581787,6800.772516489821,6343.767656940058
1967-12-24,2781.477864920583,2440.586440603726,8139.963556513028,7275.503630708965,6424.241542651296,5927.506705699629
1967-12-25,2616.515604826577,2336.5245850618585,7368.4241397338,6709.142377370413,5918.485102708686,5499.970777999848
1967-12-26,2651.7938599614695,2398.403634262906,6989.0414543725965,6633.998928678585,5828.975724434026,5443.222353923948
1967-12-27,2603.9159101328605,2314.0802634863226,6954.783673597028,6413.587718874648,5685.276841849909,5266.727938308047
1967-12-28,2518.8743195579095,2229.7814469794807,6729.039019525699,6246.421377364299,5521.13324823796,5107.142180655137
1967-12-29,2476.581569870106,2196.369918677914,7853.469925531861,7277.186194492542,6486.620951884603,6027.617667422017
1967-12-30,2424.4099814861547,2130.3712221823557,7176.680865610837,6625.499725722063,5877.7931662830415,5434.115961415408
1967-12-31,2327.4705919653024,2039.524665104854,6930.116359112218,6365.593889890684,5641.764465200949,5211.236653692801
1968-01-01,2239.90081474771,1961.466375493706,6524.9562754443505,6012.680779182445,5311.985857072526,4903.227198932294
1968-01-02,2156.0795597435613,1891.7712223104209,6246.258068468525,5755.703254048075,5079.624618494447,4692.3288086099
1968-01-03,2080.0149096108776,1828.2510952668329,5962.668246733615,5497.726454349491,4852.810964281583,4485.548129357137
1968-01-04,2004.2761759103055,1765.3167733807713,5700.414352668364,5256.938670916325,4643.3682897868985,4295.485376878201
1968-01-05,1941.5639843397137,1716.5923745139846,5469.909665122508,5057.418674065807,4473.113811969397,4144.464261297143
1968-01-06,1883.6868177458512,1667.6217147944121,5256.672808625113,4867.405916261709,4310.877294834974,3996.2013235485874
1968-01-07,1827.96055456265,1620.4413121778944,5055.992618753655,4690.919592824435,4154.284365682829,3852.9998988131147
1968-01-08,1784.1031236113877,1582.4467371225091,4881.702576943702,4542.408673663441,4025.7503285610755,3734.373590997836
1968-01-09,1735.4826046356384,1540.2512469480712,4724.8714069389225,4392.864135167959,3896.450994758915,3615.3983660561994
1968-01-10,1691.8386066486537,1503.6549277651177,4570.377225022172,4258.923040886174,3777.3559131415427,3506.9018953458217
1968-01-11,1652.7963806060984,1468.1595902728272,4442.482371265658,4146.999470487512,3678.0720096178184,3413.9705279181508
1968-01-12,1615.3546566565105,1436.2943316719625,4323.920885022908,4039.1980233530417,3582.9425601318367,3327.1262621926535
1968-01-13,1578.91297218838,1405.5431442855822,4209.738389144071,3931.965705787479,3490.7776146800034,3243.271599274044
1968-01-14,1542.096854406583,1369.791617035889,4375.839871900094,4071.3713003673,3636.9138171693503,3381.839448541392
1968-01-15,1516.8514137027692,1287.846175850273,5680.1273633412075,5198.62604495067,4748.816855422506,4378.649208463429
1968-01-16,1430.5826321090744,1313.21331963878,5039.130727293874,4654.5014104498,4158.917774309159,3926.2195886982618
1968-01-17,1447.9729861570677,1298.7487972845643,5075.187965941682,4610.283497689934,4228.8796261527405,3961.5683901553143
1968-01-18,1409.2975847930593,1282.4259924018756,4753.0513440251225,4388.4877697272,4002.3390682353097,3767.0420620228188
1968-01-19,1412.2463803420696,1283.9964585557232,4579.713116069442,4254.329315576186,3892.173320119653,3662.2386651763863
1968-01-20,1442.353538592964,1295.929517266346,4505.474627319503,4259.685741499699,3885.7303435607137,3639.9643370536714
1968-01-21,1472.3540616081832,1314.4435555577095,4684.3536855223865,4453.629355538515,4050.669903616138,3788.08534183379
1968-01-22,1490.641526323099,1327.9567719039483,4922.51015936515,4688.283101109057,4243.062927199718,3967.173480028807
1968-01-23,1513.6961249307442,1332.9261727312173,5236.233835655123,4927.952356728398,4456.13951115433,4153.372895056831
1968-01-24,1534.218961171221,1349.384553217649,5501.675146786512,5141.997955966439,4644.354685391522,4327.844186144884
1968-01-25,1490.9180961627653,1339.7984076958307,5733.955515629724,5235.589248818887,4732.737381483534,4442.1464692430745
1968-01-26,1491.9702359397447,1343.7069626967445,5696.715726198612,5208.119067176402,4744.682162824101,4456.111025890199
1968-01-27,1505.1931122540527,1351.5620617585585,5429.40313444879,5046.144238207486,4592.251038593906,4307.928374210399
1968-01-28,1545.2393038100706,1374.3906031197537,5244.359626461401,4965.128473826908,4481.74092729593,4188.2455997146035
1968-01-29,1593.6308758691575,1395.680461569254,5192.736008106194,4952.485566613851,4451.329592302762,4136.3391151502765
1968-01-30,1695.4606309903043,1360.3319237833384,5087.390955729677,4974.72361940291,4516.783405029768,4073.4918662023965
1968-01-31,1889.4362939573139,1477.186139528927,5067.89783267048,5560.788002979603,4914.182574564706,4393.023219008947
1968-02-01,1895.090566360116,1688.4800586318083,6362.585526117898,6328.383705796132,5362.071380963797,5021.216177475974
1968-02-02,2075.888451062625,1461.0778957000073,7061.3301140440035,6446.485019554015,6102.996848488789,5345.105883442459
1968-02-03,1477.0423356836038,1436.1340360844074,5646.194898208558,5515.286245710498,5117.616102181854,4959.435499033888
1968-02-04,2024.5576388638342,3331.3310581435007,8751.979806855656,8759.593219734845,7744.501770770548,8815.094855888361
1968-02-05,4228.654655594368,4830.4786204038055,11227.610216633975,11369.696777538054,11104.905118626111,11397.108705775288
1968-02-06,5541.125107630121,4979.096693033623,10935.968622024197,11934.17251239757,11094.145863018388,10290.223500382803
1968-02-07,5606.658693386054,4487.476382607077,11064.122519288641,11556.318506221862,9715.694265818647,8427.990220863674
1968-02-08,4936.263337915505,3961.2132233067487,11869.943225235618,11040.412765371859,8796.747456679983,7663.46757795576
1968-02-09,4424.053876310743,3609.2216446635093,12076.29598271955,10670.426258871434,8693.173729225571,7695.972042869394
1968-02-10,4027.8236203657243,3322.8840556469104,11589.664708339424,10321.076355468502,8551.743423231717,7648.095333499805
1968-02-11,3674.185411677379,3042.430739915236,10888.512974512683,9740.600914180934,8106.402578374755,7278.770335728386
1968-02-12,3333.419336967641,2793.8077396412814,9990.202924214425,8851.030797618927,7431.891418947102,6712.904143106189
1968-02-13,3072.601969497041,2591.3636112122263,9004.41729262627,8079.954632324043,6817.249871953223,6174.546025190066
1968-02-14,2863.6895784772523,2419.284413695324,8346.424961252487,7533.983551442441,6395.966902115288,5800.550953490953
1968-02-15,2672.450275883078,2271.066846569968,7716.62700273,6992.210689699266,5958.049122324865,5418.129948368965
1968-02-16,2519.3697637411033,2159.592751848004,7177.7316343393295,6528.998308750461,5585.364454854823,5097.661408952624
1968-02-17,2384.955541048711,2050.788307412936,6722.240452327316,6139.633775648437,5274.971586332293,4821.643789448808
1968-02-18,2270.539986212471,1960.1066030777356,6327.146085899334,5818.0117844139395,5003.94721230221,4581.92704255418
1968-02-19,2173.836328387112,1887.5382752924806,6023.456704319553,5542.602623713612,4781.338771837203,4389.231454617639
1968-02-20,2099.0640770674268,1823.6896627837623,5727.365887666865,5295.026171296218,4578.976810192006,4203.808656002614
1968-02-21,2024.273611375788,1766.033949594178,5475.254782420829,5074.649495953507,4393.167549431761,4040.3800472681123
1968-02-22,1959.2985333959646,1712.6754172841593,5255.472297338281,4876.844195523432,4231.510855284208,3894.8734781098456
1968-02-23,1907.769114801531,1667.7910106332547,5055.21915642897,4717.02177146258,4092.4595575683716,3766.485954903716
1968-02-24,1852.9084319958151,1621.1554854804033,4902.915010328626,4571.250797334549,3967.862715942637,3653.3386269787447
1968-02-25,1811.4723119679534,1586.16904312286,4752.199898380223,4448.252314977723,3862.746725612119,3557.6846959122076
1968-02-26,1785.8828101107226,1562.6554790643122,4620.0844728909005,4344.894121350888,3774.8281182010032,3474.776519867898
1968-02-27,1772.4171339787313,1547.0791408961145,4505.844116828666,4248.379716851985,3698.286001554902,3399.1400655181683
1968-02-28,1765.3605031201114,1528.1311159569573,4388.998573337937,4145.960685598007,3618.417743609715,3310.787139656526
1968-02-29,1776.7566656532367,1528.6935693781547,4282.674662307941,4110.083549923057,3566.294607765859,3250.9971901747776
1968-03-01,1786.7487908349426,1524.8755464534913,4366.2644268059685,4247.42655374475,3622.3957864501026,3291.163018365806
1968-03-02,1756.966713166799,1519.8182387264849,4538.24758716599,4301.105724862926,3655.2001077255527,3345.1285954204013
1968-03-03,1705.2591903762034,1500.5207513835385,4661.860685594693,4304.382790244645,3719.1461071534495,3435.6076378121707
1968-03-04,1683.5023438329686,1493.0540063568394,4462.522773492761,4170.8206202327665,3628.5680875632434,3362.913975401946
1968-03-05,1715.2580418909092,1525.2646883317602,4500.520183159842,4254.115683967351,3748.989651158584,3479.371211054886
1968-03-06,1710.5603600700329,1506.3786742446719,4511.693184072212,4267.733454586065,3757.927825774888,3473.4454926054673
1968-03-07,1712.8355091880453,1503.9928907167505,4444.587946097224,4226.20158175498,3703.8391447302297,3417.307809813158
1968-03-08,1735.8252406646138,1502.1669394266394,4391.908856963114,4197.213899359261,3666.5316772892666,3358.2804564160315
1968-03-09,1808.4523770135693,1515.721016778572,4277.034979729245,4129.578137947659,3645.5828456253103,3284.7281579505143
1968-03-10,1843.429898303143,1523.421367339679,4098.040511515002,4083.161881545782,3541.370735147709,3161.840381744511
1968-03-11,1686.128327073541,1339.5381937979741,4048.6064076468656,3806.6233766972755,3278.3827735562318,2878.059544278865
1968-03-12,1482.7152090568327,1253.066534134202,4274.719581715153,4004.5354555517533,3335.871885395577,3040.435414993766
1968-03-13,1586.6327773232028,1568.6522138461835,7799.713928830802,7277.500019961015,6460.089148153139,6220.434639341915
1968-03-14,1895.9268577745115,1959.246489816846,9224.012898352517,8463.660094469555,7767.790308523015,7550.334212174227
1968-03-15,2196.5189613336943,2207.3389232748023,9090.71380719875,8296.226818044,7871.2710547764145,7615.050490857655
1968-03-16,2672.0831744679163,2339.9486834729987,8112.746241089086,8119.570831810084,7727.6019975872605,7171.406600710694
1968-03-17,2786.442323584487,2282.0112651091426,8311.41389454778,8512.73420628838,8115.813896498252,7397.666415057773
1968-03-18,2514.761526827474,2281.5915664938943,15938.543372389942,16661.58895824175,15729.901319274391,14891.16891722061
1968-03-19,2971.6145797205095,3972.92305172605,29536.872491386166,26444.554778197627,24150.02531719025,24023.216942914314
1968-03-20,5025.983660713746,5303.633094363195,24194.8736065639,21824.04553188156,20640.331486882733,20108.745453816107
1968-03-21,5651.383721451418,4760.099230356251,18925.137381447894,17531.034308972034,16418.189813493696,14993.879929224535
1968-03-22,5002.341504450759,3707.2128081183323,15437.475490502893,14462.37615429756,12478.617232528302,10831.409462410695
1968-03-23,4005.3954905937367,3383.998747959632,14350.221667459598,12445.964691341333,10581.558565117062,9668.97326557546
1968-03-24,3931.320229530467,3851.940924401343,13150.753254953395,11718.137530851192,10373.348814598374,10002.231426192506
1968-03-25,4315.136293125539,4708.67658907018,13737.64062722453,12705.393119806307,11527.046160863403,11582.002039853087
1968-03-26,5399.100423838034,5228.334846827944,12711.169438301631,12601.096282977345,11647.519780361581,11188.724991832662
1968-03-27,5782.719897049017,4818.823042695143,12810.004918236205,12832.643841530178,11387.959148707072,10168.705747216285
1968-03-28,5182.5639461873525,4270.972103528674,12614.924165278895,11847.937189742603,9874.106486956496,8754.508262868789
1968-03-29,4685.977650088107,3777.159365920643,12310.309754683612,10975.096573598808,9219.208979156005,8112.976063726257
1968-03-30,4131.636896560232,3419.6372033059843,11624.910248095428,10489.999499022095,8713.276760443383,7797.903340627454
1968-03-31,3729.19383493266,3149.36439989917,11020.343392409584,9749.606132922274,8183.940636682965,7407.142306610627
1968-04-01,3454.447444938719,2773.951822006808,10131.291150093217,8954.541753432168,7794.377006234623,6927.7928719828
1968-04-02,3026.4899687869297,2723.645705726399,8969.800913629297,8208.905733463595,6874.611553350605,6408.689329721858
1968-04-03,2942.8207898670576,2549.0835398772115,8628.205817117745,7580.282864641347,6680.151667223509,6127.528289442633
1968-04-04,2738.350966420514,2394.267838909261,7698.095539576943,7039.222397686042,6150.079281336981,5664.090746279022
1968-04-05,2319.5451626970485,1434.2289566175841,6609.894300201277,5348.799160182152,4994.420061687237,4004.4208973334944
1968-04-06,1337.6472142675498,1617.3018441335537,5320.602771710575,4743.698587424588,3697.112849365685,3886.626744303007
1968-04-07,2064.4929328479684,2298.44315120317,5770.877079337348,5291.008504566647,5034.974623007143,5146.56229617656
1968-04-08,2550.1346047072525,2831.2730795125385,5568.542571485031,5639.068983102559,5420.32987636118,5583.467423489472
1968-04-09,3178.114463138012,2834.943098642677,5330.558755199188,5731.0370737841995,5476.298671999649,5043.860940181246
1968-04-10,2975.652470616903,2553.3327421712497,5485.922206251093,5556.479361004399,4830.4025508088325,4340.381463989149
1968-04-11,2873.8910635644925,2446.9441450686745,5642.334867498188,5514.933644989923,4620.385543792905,4130.606020815713
1968-04-12,2638.147397345596,2293.02549665472,6032.230864957416,5507.072229441444,4654.723815137597,4233.136912428121
1968-04-13,2458.8806700979644,2137.29329141287,5747.8169778089705,5193.759306961529,4472.743567480033,4074.3159750732607
1968-04-14,2322.7080684018783,2047.596844863784,5657.625509208746,5222.123301634356,4521.384834811725,4159.814703765931
1968-04-15,2241.7222942051867,1953.887086534666,5651.177753068698,5229.25759751444,4572.999876304426,4191.803779565099
1968-04-16,2109.755874697282,1824.9022483356275,5402.520741301376,4965.119632020646,4341.153414404014,3967.7159341729157
1968-04-17,1976.7061244432452,1720.254078102883,5086.928105363466,4686.627637741273,4077.716041486347,3738.951276499753
1968-04-18,1875.2905622415929,1639.1612299561073,4876.454360171041,4488.976670213543,3918.9531354699775,3603.126765193519
1968-04-19,1781.4912130332514,1563.034006780447,4658.737888249871,4289.3186297483935,3758.172830092294,3463.088043919289
1968-04-20,1702.8647447199594,1500.1980975246747,4439.637737972416,4105.47209545935,3603.689093033732,3327.8551000513935
1968-04-21,1633.7133055624681,1434.7756835116822,4267.203734967632,3949.5937187281575,3477.5768532105308,3208.019841293054
1968-04-22,1564.0848084805848,1370.7477436678687,4106.089535873828,3810.620042958227,3353.495876862542,3091.97730284093
1968-04-23,1498.0219067453916,1318.0757676236076,3963.1925252221763,3677.8192839289004,3236.5312451522695,2990.6802920001865
1968-04-24,1451.5421873821338,1263.9260957562453,3596.6283115044826,3537.030124827873,3197.68027299612,2954.5500499726822
1968-04-25,1487.3748172401286,1084.2950186472624,2736.2973901621326,3735.82284994796,3807.763677882574,3345.6456142779293
1968-04-26,1682.6690809858228,2204.395600535817,4594.929311073286,5673.509736117743,4696.999681851462,5134.418125719076
1968-04-27,2651.6414987446074,3384.9479425336167,8497.005257245757,7343.682310638989,7283.539138641273,7838.006434234676
1968-04-28,3194.146261955488,2897.0743867034985,7181.930914704197,6527.989197648101,6959.422195657488,6515.957459410256
1968-04-29,3231.05127061248,3013.63125942769,6034.641296935453,6898.1589410640045,5969.236037235021,5651.032108217002
1968-04-30,3476.360457496263,2796.7237065264158,8196.493818172516,7901.85954444713,6942.02093576343,6120.394552990745
1968-05-01,3080.5094631169372,2488.754741733748,7537.0484436599145,7028.092948036976,5853.807826808296,5154.2830559874865
1968-05-02,2600.1376413903317,2239.088855161326,6852.533776230623,5950.5526836262825,4892.461008841674,4445.231156952182
1968-05-03,2386.2993593375795,2015.130483130759,6930.418789619027,6028.197824490537,5234.074689308553,4746.560234945341
1968-05-04,2005.6410809716026,1421.0533621922868,6138.130833123358,5192.943864594159,4623.043575695455,3933.2226296661224
1968-05-05,1462.2973994798722,1556.9726275566713,5301.827059259388,4719.748124017789,3889.50032396598,3888.0504101315264
1968-05-06,1804.2392375322102,1733.2022434023283,5414.481130731494,4847.378248450936,4570.957284066824,4386.924050455706
1968-05-07,1884.9074577688118,1941.5083714415741,4843.990442450093,4721.030126688007,4341.686343082514,4299.777988783515
1968-05-08,2140.1113545861335,2017.502577500119,4660.660451417798,4564.488627153765,4275.115005536954,4069.6091836863243
1968-05-09,2124.084344130742,1930.431902791047,4526.219350740482,4391.109002403334,4003.404795626505,3739.1460363688584
1968-05-10,2141.7761192362805,1888.5355651275008,4402.541836862361,4375.075672416881,3848.057634479572,3532.62696425603
1968-05-11,2083.583478369834,1786.739361973387,4626.32717108682,4432.777428762165,3846.7971465135106,3485.1018584965036
1968-05-12,1598.5853312301347,521.9496236263735,3903.6236603066345,2938.622717596431,2798.783468902677,1686.0243014153302
1968-05-13,409.16560026385645,381.8972633524971,2118.7389593920116,1873.3858902823813,782.8071853187265,751.0338701179211
1968-05-14,369.52839444087016,766.2671893454361,3346.000075398276,2070.2170316606926,1987.8368118003668,2326.10342117664
1968-05-15,760.8575563576507,2176.6130792881086,2545.289033034458,2279.5137457665983,2622.0511491874877,3967.3460146311913
1968-05-16,2479.0201192558407,2609.187396020787,2786.0908662192146,3414.749426744499,4577.791178942732,4625.395076775459
1968-05-17,2731.09894547737,2040.8230254525788,3240.8756703618255,4489.516821924997,4467.241230400665,3712.037214856784
1968-05-18,2478.0729895596596,2288.249253551441,3999.1616672475175,4812.717291755101,3629.8376697920476,3403.0929967342217
1968-05-19,2527.8028882013514,1992.5508448192581,5060.215590828915,4322.012200823171,3837.3648928502794,3259.450088077884
1968-05-20,1976.3397045419633,1474.7114492293845,3433.9283408462334,3049.6035486624846,2426.902455524923,1918.5233368076456
1968-05-21,1491.989703781304,1661.0354112316131,3580.4336512125737,3059.8049729418735,2378.885077251205,2524.134517229266
1968-05-22,1828.7475768368995,2039.0091897335847,4580.309348377211,4026.3701131468106,3956.7057378440722,4083.475620487775
1968-05-23,2225.3632214818736,2315.1981560127742,4329.747129411186,4482.685153071805,4394.995534427381,4400.365284142674
1968-05-24,2673.4871174576465,2346.3188902272427,4605.2834177011055,5208.9321119941205,4940.155485485782,4531.806416404744
1968-05-25,2497.3177758577012,2200.4283575302525,5016.86952631985,5226.39594190165,4478.190972469033,4109.601424525266
1968-05-26,2411.5483340012315,2023.2868981652298,5897.0874515833975,5385.980487897064,4653.646069480406,4177.769068128284
1968-05-27,2175.0465268813487,1848.7269440658092,5942.7654527207715,5337.952978719941,4593.168187946294,4169.69330119059
1968-05-28,2019.8634081206421,1711.6774785969415,5699.483913844071,5147.986550634577,4472.431814813783,4065.041572373573
1968-05-29,1845.7412499797397,1539.6959170872844,5231.0613948075315,4756.954890394752,4223.237293784218,3827.630228111946
1968-05-30,1695.881828005174,1436.396312711579,4831.711101106808,4560.207936399061,3985.92949115191,3639.1362940450495
1968-05-31,1595.5804716848477,1492.8470516115738,4929.284068908051,4384.132040960336,3979.824130532591,3786.0157420358596
1968-06-01,1620.8553534930456,1784.4788562105837,4875.601043666178,4482.215820507801,4129.933143914799,4193.7853581571435
1968-06-02,2092.119285015919,1957.5885612880684,4587.600573390991,4792.417643933196,4489.827941072277,4263.872945510893
1968-06-03,2280.4146463853313,2035.2046629300767,4912.1039536222415,5141.552756806045,4540.861040659669,4207.533874928842
1968-06-04,2170.1820579022196,2009.39457816442,5136.178641452514,4684.165467426582,4135.047194746199,3900.356376939054
1968-06-05,2200.7786860611227,1981.316819726971,4852.616476279121,4623.748678069514,4079.2073486874237,3789.10658216051
1968-06-06,2199.1113250907883,1842.8330490263347,4882.800477075228,4707.029438167763,4095.4088629861512,3666.876812554091
1968-06-07,1971.9639226312472,1698.3671193427285,4982.606383510299,4572.463418544002,3901.464486725736,3553.4795501420085
1968-06-08,1891.2534978757926,1619.9450433556112,4777.569195652085,4426.599813127574,3795.5683860238064,3450.7199498677137
1968-06-09,1727.4170308818134,1458.1895473623065,4688.445942999209,4205.855702469766,3656.4967732853956,3312.2346027610974
1968-06-10,1561.208716862304,1240.4964034908135,4341.719945027678,3945.682717339683,3446.1541099989918,3054.622754018191
1968-06-11,1370.4314504924307,1524.3093900131555,4201.153406445352,3886.235978718154,3293.0006085885243,3372.4261686218433
1968-06-12,1547.0826706810676,1295.350297358264,3984.9312313724504,3363.2026217952853,3342.8462067673577,3022.793695641954
1968-06-13,1132.3510977049496,1040.885474797714,3214.881108698544,2811.8489159196433,2616.455457039513,2471.790464101622
1968-06-14,1217.961848537343,2079.806745467855,3537.582605018737,3465.092675343969,3162.9670818047853,3948.011199274537
1968-06-15,2419.3435090196867,1776.188484866608,3615.5636804834844,3822.2289336723625,4310.1694223659215,3594.602737001039
1968-06-16,1455.5377623167233,1269.973462148412,3171.94756672127,3194.8846962549233,2639.255989815187,2413.069048120987
1968-06-17,1973.4666342013356,1681.1867173147443,3494.970708471838,4052.1207070659784,3292.5883496404513,2954.412784410523
1968-06-18,1748.0749816553705,1450.1705259980913,5264.255882603848,4521.156550590191,3946.5851552107306,3558.790161062324
1968-06-19,1456.7915982919912,1227.7187630554063,3731.007376942659,3223.2947606784,2748.8173917381864,2474.4193011444486
1968-06-20,1371.0178331280842,1154.0831000457613,3589.720466010771,3244.3007418911893,2852.825547685858,2580.929856616709
1968-06-21,1268.9273182401369,1122.670842051852,3723.4398537066763,3447.547258903138,3009.9471790742255,2795.9184950268836
1968-06-22,1242.2086189877132,1122.6208007324522,3815.926095793267,3485.5196351876093,3114.6863741452885,2920.6406759483243
1968-06-23,1163.1095332286998,1034.0591333206996,3460.019250159464,3088.66509514083,2818.2552266297757,2625.3050708866863
1968-06-24,1105.9417046200033,989.5324278493654,3113.4614633022475,2895.7295536812535,2613.900861116516,2440.6093042601656
1968-06-25,785.7777032056458,712.6619448768112,2593.7528740400016,2098.115306121847,2030.297520090544,1918.607022550707
1968-06-26,1530.0207554484716,1027.8994335577747,2337.507569266516,3305.3376506128475,3250.407226735314,2688.0866807268303
1968-06-27,991.3252650049084,1338.2958375885364,3293.8262080671766,3830.776496699132,2917.635609034442,3193.7094741781934
1968-06-28,1273.0292495070316,1122.4571398801181,4853.396018562358,4372.397305831135,4445.0475090781565,4180.190587415158
1968-06-29,1285.6341694621342,1045.5416347462867,5640.343640299092,5431.52309098698,4937.803113297858,4548.135370484215
1968-06-30,1253.8139740610738,961.8273642635023,7196.59038097226,6195.920692014835,5622.261071486043,5138.3605019932675
1968-07-01,1171.2654821114925,1172.4002276143792,6574.182304304824,5751.667565236232,5154.760018458791,4980.018768899595
1968-07-02,1326.573291383941,1368.8008122362407,5514.9260986772815,4858.873617921589,4577.368441423478,4479.899961525831
1968-07-03,1485.21964867414,1440.249310803064,4610.1304617726055,4343.418358111526,4200.718878822524,4045.597251235524
1968-07-04,1532.3598721940234,1404.846097474151,4151.395220380191,4055.3056149506456,3754.958340521337,3539.148228658627
1968-07-05,1530.6487428040718,1317.1404284882722,4320.523332863348,4065.8513595748364,3707.608041447,3406.950079909427
1968-07-06,1406.0047642159943,1192.8518696153599,4207.803573959194,3874.005481440844,3459.4057727189434,3164.725475994921
1968-07-07,1326.2569148464008,1132.0875264546862,3832.4939096149837,3564.233065681633,3124.941972498319,2861.3422736888924
1968-07-08,1248.912809481441,1076.3113553249793,3692.9618545548396,3377.2709449216486,2969.159859166357,2730.64014054999
1968-07-09,1165.5749990461622,1012.0106642885886,3477.7495053150096,3154.4063523900904,2793.7600976078547,2578.452278856979
1968-07-10,983.4182826593224,780.4728495292535,3098.8745081354205,2588.400124924927,2401.0499324435286,2146.8447652398618
1968-07-11,816.3795076309511,1093.8881018540262,2798.2567190237796,2502.2825679738667,2291.4567294423045,2515.065322505811
1968-07-12,1022.3368835230742,706.0989323654513,2645.0860234525126,2249.7208135596366,2462.6222804456165,2093.4117225464875
1968-07-13,831.5012675306629,1008.4304432707606,2340.348402853712,2629.192684074952,2208.7133384905155,2335.809807462746
1968-07-14,1079.3250935285685,536.1629553880596,2661.766179617212,2347.125505726729,2404.344581691298,1815.7046200364746
1968-07-15,450.6440944789694,433.12572627071324,2302.535729573529,2133.7751961234867,1574.0915849914181,1518.3517590715733
1968-07-16,684.829148992035,899.0053336658553,4493.061733874263,3979.5553009502473,3685.4586964452237,3767.162121179987
1968-07-17,1074.526082420373,1283.787701070207,3194.7474345748205,3101.0447234103513,3068.8821460933427,3197.1919009238454
1968-07-18,1426.7721285784482,1346.5029188775172,2721.388331245207,2892.250229308412,2887.1247203839375,2751.9426050694256
1968-07-19,1328.8430490117498,1081.5313278589438,2826.3203225620823,2763.7569987479687,2590.254542805951,2297.817772041375
1968-07-20,1132.6049818847473,925.5970961485953,2741.8961983140025,2619.1664009360006,2257.0646544935453,2011.2115567608294
1968-07-21,1089.4504915823475,906.518225747933,2917.5826272542918,2770.336188468119,2363.622358737578,2134.6857815039143
1968-07-22,1013.1294628022499,883.385425456137,2979.344233232313,2702.383065172184,2340.648825386539,2162.217015461769
1968-07-23,944.4791850208476,830.5963850506887,2707.9396363251444,2415.3654507316264,2148.0012510974225,1991.1611427339235
1968-07-24,852.2429541973606,584.0992727357287,2317.712514208696,1952.8262002001443,1886.983136698746,1584.8155471872242
1968-07-25,600.6875813181744,442.20681801446443,2080.209213133434,1951.5900788097074,1647.9385388273304,1452.9611009987452
1968-07-26,608.6449659537383,708.8420730013488,2477.4481983061983,2405.2747038698917,1993.5377267478277,2041.604156537725
1968-07-27,783.3996092244107,829.195353430104,2704.7836658659967,2330.9037272998426,2279.9749896054577,2267.8888628497734
1968-07-28,822.163080177142,813.0350793795963,2124.242933927639,2015.5060896695093,1991.0507518814816,1939.9618725678033
1968-07-29,972.8906140236509,900.4632118697606,2182.9752443973994,2360.477491838102,2171.5316513806856,2055.619820179469
1968-07-30,926.0716815551766,766.1809241379436,2421.6595513391057,2230.4427629511683,2061.19109184232,1860.6870911440287
1968-07-31,765.1577312435536,638.4479973016973,2119.92983556131,1918.2205685219235,1700.1880989308556,1541.9944047798642
1968-08-01,725.8681182623928,620.2921110380055,2074.609607708706,1995.3532924057833,1759.392308693174,1619.3087618934524
1968-08-02,747.5965240094291,652.3823792012754,2268.490887791166,2145.5690203322265,1938.2814583748889,1799.6474946368396
1968-08-03,721.3831991458862,631.3800058865157,3143.036097421782,2930.279197454264,2664.512297641528,2496.7067750486362
1968-08-04,762.6713852126095,657.1039607639027,2683.674355156394,2515.23939764478,2223.8194022107164,2060.940287342674
1968-08-05,687.0306448225847,602.3005150717324,2513.4883704209187,2206.582770848451,1987.3938424886446,1853.6384938075428
1968-08-06,614.7138593599743,549.4271003530155,2229.077072192862,1968.639741578559,1803.999308140731,1694.882566246332
1968-08-07,586.9702007479331,528.6040962289194,2181.181726987049,1978.5399644758313,1838.216717958794,1732.9886991848982
1968-08-08,556.3138946516672,502.9535332817379,1963.3148388985774,1809.8955982495108,1671.251437515445,1577.3577356163023
1968-08-09,544.87137251219,496.20536592665485,1926.4126513098531,1781.259895819719,1651.95982292202,1563.0593903269123
1968-08-10,541.141064232716,490.0583161952536,1990.2734169809762,1839.835229619714,1718.8043701323504,1624.1247577146357
1968-08-11,522.5200257830099,469.8228520175836,1893.817590130205,1757.2379389343516,1630.6372933176108,1537.5217732939686
1968-08-12,514.089581953336,463.16712275155874,1768.5691304866104,1654.8680775992698,1526.3561540563283,1439.3991256590593
1968-08-13,512.3534634118492,460.6671720573687,1802.5974088037485,1685.996470267788,1556.2895180420428,1467.0365723410418
1968-08-14,498.2830367253386,448.55454620018037,1710.954638477251,1587.6607368929363,1466.185154007061,1382.3244463998913
1968-08-15,481.6721490668352,434.8065706039118,1606.2387759015369,1490.4654387262342,1377.3457990274742,1299.5779336584942
1968-08-16,467.9394707439096,423.0547396528743,1560.3259757252217,1455.5179086829705,1347.0756537224522,1272.0180309064067
1968-08-17,461.3694333684259,417.4971749605794,1432.678433050092,1604.7510960287423,1505.5896018997241,1433.4468702592926
1968-08-18,444.72679121721455,403.34807495248555,2033.6197580875987,1868.8613642239434,1653.3406131235129,1560.7558098552895
1968-08-19,435.1606930214794,394.6360554360757,4740.680238297259,4000.8961076094265,3819.2762739982227,3622.0334469162362
1968-08-20,428.00976677453104,387.6297992614115,3208.4831922686467,2877.1750071181646,2731.825153205891,2591.123161630703
1968-08-21,426.71593679412234,385.1946565824246,2204.6155812139996,2020.7997508687115,1899.3086623207182,1798.8627047903433
1968-08-22,416.46561577418885,376.08225705172606,1844.0266433684992,1692.6342411882965,1585.3368727341872,1500.9462606232692
1968-08-23,426.8932673429056,388.63841030230174,1633.265978686882,1504.861166196707,1430.5099961620895,1355.938464947371
1968-08-24,387.1038478534596,354.15012002884805,1499.8637610681876,1391.9293308379438,1292.844224498925,1228.0167196724133
1968-08-25,386.756290466123,350.2940542028548,1453.0589763447933,1360.6159355195493,1263.051213028355,1196.0097769017375
1968-08-26,382.9781887774487,346.6258103688668,1447.5567211679524,1346.819997770511,1255.3320154829548,1188.5357314270418
1968-08-27,378.5107091858649,342.15687376336496,1401.1486867207987,1309.5554283129416,1219.206156861836,1153.7844389170575
1968-08-28,364.5957495391282,330.98856915295886,1365.6094876189295,1262.0820660591844,1178.7589142873524,1117.2301126632888
1968-08-29,353.37173793539074,321.89669251701866,1314.3509699175695,1218.9416457852872,1140.7211569114006,1082.4834520938905
1968-08-30,345.0748407810825,314.87110402379807,1283.9203933394238,1194.494830975222,1119.4901807861193,1063.0567625952408
1968-08-31,337.9785799310614,308.81468670931247,1259.282187041255,1173.08590025193,1100.753263209708,1045.8368951974933
1968-09-01,330.8689385765399,302.6091436190764,1236.7130452663623,1152.4084913618037,1082.1960329749443,1028.6501501115604
1968-09-02,341.66021509800555,315.3971051205526,1156.5252734066976,1153.3736571586687,1106.3978157828592,1056.5595905868995
1968-09-03,340.6408572519926,309.1259780950161,1248.991524379404,1251.6668310478851,1128.7373674867608,1066.7741383481552
1968-09-04,309.98797551034534,284.006317977847,1332.3513794950172,1115.9763087280646,1033.3827124758739,983.2518236629372
1968-09-05,328.90027812605825,297.27536992131996,1217.8070240850511,1157.5024987897177,1077.2949847214836,1020.3351730619943
1968-09-06,320.1098994090087,290.3389777461965,1423.4452795844081,1314.2268634608079,1233.0114185808347,1170.4849981429497
1968-09-07,308.404510729351,278.49420510763,1314.4877045898766,1203.6765424428881,1136.3764776746434,1077.500008309847
1968-09-08,292.28793045287625,269.60646858231047,1354.0099755198898,1242.5527111627825,1174.5315812322171,1120.3888646530895
1968-09-09,288.22600899848226,264.80802144605536,1325.8581299244913,1225.669187266398,1160.9341044413072,1106.437155695787
1968-09-10,283.2162942448253,260.4560295948105,1250.925721115972,1158.995592057846,1097.6227696473613,1046.3868205480912
1968-09-11,193.34387251973752,114.58961513516964,1363.767521129398,1133.955464145024,1110.8590575017683,998.9298519668064
1968-09-12,239.3201155250256,233.99558334283344,1098.0770967439312,1132.679886636603,1040.0648613020735,1006.8052876239626
1968-09-13,200.66502309075634,158.6193198674027,1182.4291170716801,989.768429776178,972.420369126437,903.7081995454482
1968-09-14,236.92408098566239,256.5618180475599,1042.9701828815482,1090.382393646716,986.0362241691191,979.9898905736791
1968-09-15,275.50152999798013,265.626641965331,1227.4679413737126,1098.291161412098,1076.6791143274033,1038.7599995961075
1968-09-16,249.3634759080139,238.36830418410023,1031.825861636324,947.1388594919729,921.2052400308236,887.8755287484016
1968-09-17,277.08997858100906,277.4958297000609,1034.2156503191477,1019.6139141010449,966.8722023405712,944.1317845822359
1968-09-18,310.3635014798104,308.8706591788175,1130.2050203659862,1080.1849288969402,1036.168236420578,1009.9137098316944
1968-09-19,317.5333588717186,301.2658666421009,1090.0669091309185,1020.4410235859768,988.3371953101046,949.706745475591
1968-09-20,295.5458097012178,268.26277697185463,1037.0098110823562,958.4043506435025,923.2917513839171,875.4881642796424
1968-09-21,266.0190449281843,235.6792353806352,1022.4562844110563,940.7954505275181,896.6005509167323,845.5939013762625
1968-09-22,248.7665717449908,221.69821724095473,1023.8156806994411,951.5951210191349,898.1587255696224,849.5818498411652
1968-09-23,248.68015665765682,223.5857893792195,1022.2296642277448,963.1072456940835,903.9538520467629,857.0705797743703
1968-09-24,255.04870329805982,228.9303673968324,1012.0440172728199,959.9806239067393,896.7097721286111,849.3717058850044
1968-09-25,255.9359524165112,231.92621308619678,992.4901985179091,935.3194533846499,871.2668329991807,827.1555607654111
1968-09-26,251.45845665620845,229.0781711361768,965.2421125106619,899.654265918643,841.1293307931031,799.7295831860645
1968-09-27,242.16192912120795,222.17629853828106,939.6432166279911,870.0889818936165,817.7063944824506,779.2844237997097
1968-09-28,231.86081025466154,214.28401093608431,917.0044836596819,847.3654416406033,800.7691464312045,765.0143796568046
1968-09-29,221.9384362335876,206.60218964367726,897.0421297012699,828.4221137216254,787.2457731021451,753.8509832815864
1968-09-30,212.839538120198,199.4236854785077,885.2076915007152,817.9001734840351,781.0292868426563,749.4003968474286
1968-10-01,207.2755997778986,194.8428093772111,878.8110552239723,816.4474570869942,781.5132309018244,750.5847621858857
1968-10-02,203.79884725772126,191.96761413328173,877.4027501133316,817.2764118138477,783.3728575753266,752.7935736064934
1968-10-03,201.1207765725469,189.53600165041522,874.9955587058598,815.4755208760988,782.5336991464848,752.0979299582752
1968-10-04,198.04181175790262,186.89026454135384,1002.7163594137658,928.1948885278202,892.8692265440643,857.9068436593618
1968-10-05,195.210556866434,184.4868582033411,853.3173509532168,795.6918998969127,764.0174382046824,734.9355503792074
1968-10-06,192.9379084563846,182.449338615488,831.4759437776718,775.7816275291824,745.6213529144427,717.4403561971532
1968-10-07,190.31840637840693,178.73081313373694,900.705271300084,833.8534158938323,806.6302318205916,774.716811831089
1968-10-08,188.64988742373114,177.62760804694958,894.1023523591639,834.4387421234453,803.981721867856,772.5332512058833
1968-10-09,186.46145438538787,176.56181734631366,832.099769710339,779.1091547729501,747.5547699393013,719.5466568044812
1968-10-10,190.640251947585,179.61473849498088,841.7059726050742,791.9507425128713,759.4801788378227,729.9902455019069
1968-10-11,189.29115877347138,177.96493539285765,833.4869604209666,777.4765764142178,746.9669434124089,717.6418395644794
1968-10-12,185.6317559452338,175.15837173802583,807.0614498821469,753.569222431383,723.0669820919375,695.4473362970245
1968-10-13,183.24152529184911,173.20588501917283,795.2656289630895,742.0247370868167,713.1925153816197,686.319538986045
1968-10-14,180.3072920271688,170.90159582285443,787.5077741483242,734.6506056808216,706.9307770058895,680.8226149725588
1968-10-15,177.78431410212025,168.8804917836003,780.2811279990935,728.7292093233771,701.6729413569683,676.1810902302183
1968-10-16,176.3156282844511,167.50145852929114,775.6692552110725,725.0057545824557,698.9017665860945,673.5526974144886
1968-10-17,174.2211739989315,165.83679684138698,770.2753588449377,719.660172468658,694.1274559701051,669.3172371320087
1968-10-18,172.41821112564452,164.5295060573048,765.5817265781795,715.3961156832448,690.4371537620798,666.1963697723788
1968-10-19,173.29092640721308,165.61602117364865,783.0745133325023,1046.2098990766167,987.4819711953878,955.3505726604803
1968-10-20,179.8451342213421,169.71646500921858,1463.322420891724,1283.6828962868963,1213.171482922634,1166.5334587668872
1968-10-21,171.88385893671253,164.00564866798697,1177.9683390536168,1122.2708600378157,1056.5090792459678,1020.846518224896
1968-10-22,175.50041247570908,166.91863872070428,2504.606647748715,2200.1911212300247,2113.346627904699,2025.280415104962
1968-10-23,177.92568168264813,168.84220403830426,1913.1371916595888,1689.48013476912,1628.3575932961137,1562.9294924026517
1968-10-24,178.05191569014383,168.99703140524352,1583.6035827474702,1417.0529696660851,1367.3699971624017,1313.9080411423856
1968-10-25,175.35668827576453,167.01585803091223,1497.532257580406,1357.360230304509,1312.6287562926905,1262.2691564291817
1968-10-26,173.42752398397604,165.5903235609518,1374.6403531157184,1250.7306369778298,1208.891618173737,1163.278777805639
1968-10-27,172.03899232176195,164.70011472057953,1252.3274489711514,1138.7518501702443,1102.8183216590578,1062.3585450163832
1968-10-28,174.09655405177085,166.8112606295387,1157.363567341121,1071.8959376621356,1042.7068920535953,1005.5449024063462
1968-10-29,172.877861761529,165.58445848458257,1118.5592114196402,1047.3234578546067,1010.5406511255926,974.4061768575173
1968-10-30,174.82268681299843,167.49526904689625,1092.1332149068994,1006.3841085329716,972.1917337394025,937.7692752111657
1968-10-31,177.36701662882234,169.51448392235173,1112.8834320946353,1031.1229138660517,996.743400881116,960.764823651457
1968-11-01,177.55844099781237,169.8361576491193,1149.6895560682235,1058.2551216860966,1024.695739800155,987.6083000948852
1968-11-02,178.58997337319667,170.7865494361161,1112.1784918737376,1030.4394153762605,996.7717325476797,960.7600188999963
1968-11-03,178.84721410767781,171.14316646296072,1088.3175883106596,1006.7860566093386,975.1071013470644,940.2639580632808
1968-11-04,178.6281843970965,171.15859167900086,1062.4190851898886,987.3532378779553,955.3230023428366,921.5010662971921
1968-11-05,179.67874108872434,172.29263404596213,1046.1469089337331,970.3678434989824,939.893290294293,906.8741112280823
1968-11-06,179.87926899148098,172.66990975241006,1034.1818967128909,957.1404526273268,926.7223182035613,894.3423153682756
1968-11-07,186.6630932951087,180.48815195049744,1098.2908264261687,1050.0641277621312,1033.5265807332187,999.5921269025698
1968-11-08,221.32409775670064,195.6029976070575,1355.2448198376264,1387.3210842103695,1391.9284893563367,1328.2890451021658
1968-11-09,202.81566010586099,209.56472153807505,1202.3596927958367,1281.7443788259939,1193.142417635956,1168.4275738106421
1968-11-10,294.12236491538175,277.1524072879381,1784.6617009566087,1799.9968313847635,1739.427822610933,1675.1131004463398
1968-11-11,361.09680215722267,334.5514520189347,2444.8771003060615,2516.5305404386554,2372.1101097319815,2271.3466134191044
1968-11-12,427.9899052426707,389.97456272055547,3492.2514850346624,3437.9937106274037,3228.5745922348106,3082.005296672679
1968-11-13,507.37355129907195,447.4178677190364,4865.075222393265,4579.062433460163,4241.896878485546,4019.884797767664
1968-11-14,616.5986917299695,535.3403607641192,6620.884432873057,5854.513129205546,5511.340459947598,5204.204634420197
1968-11-15,754.191028866124,657.6448226700708,6755.73536444801,6174.06726371283,5832.141818702831,5501.693850668731
1968-11-16,934.3082054618856,857.8815333272087,6135.103341846276,5741.6437549148195,5613.317745522727,5335.638572274758
1968-11-17,1006.08626569857,953.1997569976,5575.97929303456,5295.155589395829,5175.123251584413,4950.219988159653
1968-11-18,1007.7879233784196,955.1334890655764,5129.579661983237,4697.868757464128,4730.11307091152,4539.830859671058
1968-11-19,1054.596727711956,964.9576539262047,5966.479417101791,5874.464504804455,5617.854223272746,5341.049650258788
1968-11-20,1125.5737781485652,971.2524183737916,6312.682480209891,5974.315412324886,5333.217110014051,5004.396238343788
1968-11-21,1341.865010704134,1107.7791616847217,7049.55362919071,6720.303077498318,5855.312462058966,5425.087438462764
1968-11-22,1207.339433997689,1026.2428018843755,6903.505920618625,5979.431328438097,5270.671367154492,4913.746068108844
1968-11-23,1110.5717028179693,1091.9481737921055,5790.929984376042,5055.609095439369,4497.8275143661385,4336.7458358822305
1968-11-24,1129.6050441655798,1172.4846371292356,5424.26981525518,4746.062202093823,4433.641822309291,4338.190410199462
1968-11-25,1227.1195734268917,1048.79547169121,4992.60380457322,4497.686986182502,4397.671957148764,4087.7212982251253
1968-11-26,1048.3246463198568,1028.7039961055182,4540.454338181762,4283.078535635789,3867.534595570338,3732.181558792862
1968-11-27,1251.473045776066,1121.7316116045395,4548.140880488405,4324.390465734771,3980.3434773688023,3739.2370727361795
1968-11-28,1246.080886459964,1176.9712087216872,4239.396503122409,3951.5299148672175,3665.214794734228,3504.363187052739
1968-11-29,1211.6523257806048,745.3028260816494,2803.404292069546,2455.634327035782,2682.7691684456763,2175.4856584191702
1968-11-30,693.1443145886864,855.2822492279912,2613.4661215994865,2820.650257180176,2170.438451674619,2289.4780130902936
1968-12-01,1376.2485303501312,2049.3143333781654,5009.1328691367435,4946.502190692634,4564.670481497458,5109.494189373798
1968-12-02,2473.66692448133,2658.309489016388,5503.48692962906,5744.603098842914,5913.87362814068,5960.741706120912
1968-12-03,2932.07154593529,2657.698634522829,5434.316629527329,6093.085942720798,5685.519899204935,5304.354320318147
1968-12-04,3236.790865529297,2383.2463726605965,6469.425887275081,6597.211851486696,6623.841257215473,5658.712501647151
1968-12-05,2626.472591943435,2556.7629563815944,7002.436133943297,7908.766060964877,7198.503088939193,6968.63000805117
1968-12-06,3642.7911623400123,4919.569116772245,13885.885166080254,13935.836539252852,12289.384728172157,13171.721830345718
1968-12-07,6223.304975855256,5885.825799505663,16310.571871416563,16584.18059983205,15358.246839068088,14583.17097400106
1968-12-08,6272.852183246603,5114.103620796444,15723.671301189434,15264.854208806548,13321.505333066829,11835.644475773439
1968-12-09,5386.944187625286,4336.563723737465,14482.328810096873,13177.458377282353,10830.502747185037,9537.965330875937
1968-12-10,4628.257465727848,3785.533075471214,14567.511650783548,12597.989198511594,10495.01247506952,9381.602611685768
1968-12-11,4091.4497900205533,3346.9859426544926,13386.213391394074,11581.309104293523,9834.213532991915,8822.983521991706
1968-12-12,3622.677956021921,2929.7566774053307,11975.267745753987,10463.139119865235,8963.034767563571,8024.461441756855
1968-12-13,3171.817995941495,2644.3989205448784,10570.143306056276,9303.784458923346,7942.922570141523,7200.073520820211
1968-12-14,3034.9188926151137,2224.543162957402,9002.66992561209,7775.277408160142,7213.874090765921,6231.8626341037125
1968-12-15,2243.0656870539124,1828.665356632233,7521.4750365762175,6854.941624739347,5862.196681081279,5302.679818616038
1968-12-16,2489.9846604127983,2604.7873401262455,9211.03190238517,8998.061835678767,7662.671694586662,7547.933910658478
1968-12-17,3130.7568854264287,3608.1612439252312,10001.66708162402,9386.060596290055,8491.64704272202,8727.244493301907
1968-12-18,3995.947338684112,3829.458718337696,9265.704072779616,9014.216943217845,8583.964001759803,8215.778311438906
1968-12-19,4159.149413360301,3549.390056262494,9084.180799413156,9225.25104904634,8259.282625704414,7474.169507065215
1968-12-20,4087.9789169304613,3291.3367139174998,9612.0489136321,9499.178979170405,8141.870528169324,7174.837642024655
1968-12-21,3647.751373650747,3140.1719259696815,10300.27003790766,9409.291534595855,7919.804055658788,7227.9290564982475
1968-12-22,3428.011889518758,3017.8586688423275,9822.567358600912,8771.20823991701,7550.933396278813,6964.345851818434
1968-12-23,3379.013777073006,2634.025629398976,9117.414090688388,8325.071450063673,7572.27582172875,6657.146388663899
1968-12-24,3043.1868163833988,3291.653010198267,8700.930583930545,8493.420084474365,7109.0149770031685,7188.876766537467
1968-12-25,3902.729305690881,3706.975150418025,9519.58793728775,9131.791055027723,8352.401641616809,7966.5762464231475
1968-12-26,4097.266564266953,3845.325716611469,9182.736942918356,9104.625210813669,8034.886271824191,7617.834296005606
1968-12-27,4291.343350401887,3728.9629012246755,9177.892917478806,8983.188566048562,7826.041142731556,7118.104485816542
1968-12-28,4282.708984812333,3224.187737230188,8987.118086523878,8427.672502997819,7809.4300035854685,6622.542956159854
1968-12-29,3065.6648765522955,2739.4302287165333,7387.794477030121,7237.799675829024,6112.119140242421,5689.215174093319
1968-12-30,3749.2814593359035,4581.458733417681,9937.414765997182,10215.052865684927,8618.521405630163,9255.289963323878
1968-12-31,5528.774254881752,5419.085272585584,11895.941648599579,11851.226688263134,11026.578192924293,10681.457817940594
1969-01-01,5788.085077825402,5070.296751462014,11069.139419367733,11166.209241793305,9857.562967374184,8974.957470115161
1969-01-02,5509.295489385713,4525.8185606575125,11134.671979146115,10879.925214900046,9027.715370996468,7904.371978216037
1969-01-03,4890.124089436313,4033.039102534298,12144.575479759187,10995.599510798711,9035.240967862948,8001.858312966444
1969-01-04,4356.849159149557,3594.9844816563054,11795.447074038588,10375.49920887921,8653.702710016692,7704.731513874797
1969-01-05,3892.386530904889,3229.287554711257,10935.476749246958,9667.531336222368,8136.883026959944,7287.881632405111
1969-01-06,3513.641956405644,2947.0693385155446,10060.808291754991,8941.571941475422,7573.542257671443,6829.439910825197
1969-01-07,3202.2868055341005,2711.085166588037,9123.475917203003,8141.790699481898,6938.88150162906,6286.815975954885
1969-01-08,2957.361678058692,2521.4124137698136,8306.419161132766,7472.872904444994,6396.834193567131,5814.686812359574
1969-01-09,2763.425023861392,2370.815853084164,7666.219251975697,6950.071338816249,5976.83535522534,5449.418230514271
1969-01-10,2592.6847086236367,2237.045762957627,7129.30029783727,6485.962771195673,5596.515348634061,5116.231003061952
1969-01-11,2446.193930953248,2121.2986099406075,6685.479036229071,6103.620484285981,5283.9488561203125,4842.425229985546
1969-01-12,2330.0628037161223,2028.7337179089693,6283.038530834641,5763.821866713732,5000.870328612083,4590.697380756708
1969-01-13,2227.4135069790227,1947.1394730991542,5944.029306459026,5477.341077774797,4765.6586025322285,4383.191121670396
1969-01-14,2138.864912150408,1874.7304636595431,5655.212061643149,5225.537298409068,4558.798040727677,4198.201346155248
1969-01-15,2061.0095637296827,1812.0180780243313,5409.536606332325,5020.713473778796,4382.753309353853,4041.787824109185
1969-01-16,1996.1439033235292,1756.6704215032821,5220.2525591464655,4850.075276535866,4239.569571052608,3911.610634123368
1969-01-17,1934.6548741856172,1703.2813831055996,5041.7549498709195,4690.304925217335,4106.851926038831,3790.2993717951495
1969-01-18,1894.6518485395059,1620.3216246494562,4892.157288834891,4574.023032630562,4019.2397053760533,3662.468949507447
1969-01-19,1888.8639000377477,1624.742035405162,4850.98864646143,4581.264135710956,4055.125691958485,3707.243339346122
1969-01-20,1797.574188497989,1601.3824407896723,4755.938679398686,4544.418951090143,3895.478869396865,3618.1074963738292
1969-01-21,1828.0793404030742,1591.135133356756,4980.5033728060625,4660.233969811631,4080.132487357648,3754.2007436411186
1969-01-22,1759.0062008649913,1555.4280124367106,4869.862119294257,4531.125807052463,3970.4292934647465,3680.3400446188557
1969-01-23,1775.2281480778747,1578.4464969824135,4658.042094045098,4421.181364738876,3877.585442080831,3599.685422282594
1969-01-24,1827.8656910155878,1557.4009940320882,4695.262521057148,4480.283935970432,3979.307590276876,3626.3516199122378
1969-01-25,1783.393464081595,1525.8272417005396,4704.375159630484,4497.960791238707,3919.3290568614602,3579.6913989462746
1969-01-26,1680.8385384914875,1533.2601352210595,4774.558261608381,4445.0811788685405,3834.322921720043,3603.460838600894
1969-01-27,1704.6310625380238,1551.3904237208124,4748.871514422635,4362.393104139441,3904.9340599737397,3666.0819920548265
1969-01-28,1698.4606741083085,1680.3888963415593,4545.96436688843,4262.6056554147135,3830.2541271539794,3729.775672683082
1969-01-29,1875.4292137361613,1816.6684294847464,4540.084372186604,4366.62790920272,4025.77272893595,3883.35441350112
1969-01-30,1977.2152642992023,1607.8082795824942,4585.138014481749,4411.542893109861,4110.370877421125,3659.715965742035
1969-01-31,1417.7440965476367,610.3628605703926,3691.489073369155,2897.1772257756875,2797.231271789739,1945.9629070942174
1969-02-01,659.7579225978967,1190.5739282212157,2884.508946731785,2783.032800680905,1916.9547154112186,2409.141638144841
1969-02-02,1779.1956871353386,2379.7320768439977,4252.029848069667,4216.709375912578,4189.437295411394,4695.247703259307
1969-02-03,2602.4748051363263,2852.632670810467,4264.355629910543,4567.740287315202,4836.908663354818,5002.121638667498
1969-02-04,3294.6846603954577,3042.665138996492,3916.419327122243,5041.617131931026,4756.196866612226,4455.811838058299
1969-02-05,3340.367787068102,2993.2395008296485,5268.346413370629,5639.992943534205,4860.790811192419,4462.371295096569
1969-02-06,3371.500551012811,2959.5703406769453,5883.434919577457,5897.28868598495,4965.821514908252,4498.809468177322
1969-02-07,3309.6324166579784,2825.7568850490643,6517.963263447757,6283.866965389481,5276.434202249382,4718.263445623733
1969-02-08,3082.5235276106205,2596.25001716704,6987.953058219351,6454.069916679828,5444.852271851805,4864.209568770668
1969-02-09,2866.557391886805,2439.680474092408,7211.86388925352,6631.96775025279,5618.299744403077,5077.192388490037
1969-02-10,2690.505327533383,2298.8405305058745,7171.315638974401,6542.1480558611765,5600.083692851325,5085.612630681071
1969-02-11,2520.6640120546717,2155.037904128236,6966.384583437506,6322.68511722828,5461.2709115558555,4970.990157195365
1969-02-12,2367.983083409259,2039.3078725851647,6618.706020274522,6031.9432104593525,5229.403580951537,4780.126659863279
1969-02-13,2253.0511060768627,1951.0139515248661,6358.468301344561,5831.1092614094705,5076.547434014381,4655.593264396211
1969-02-14,2146.441536152808,1866.605782049851,6102.705508916908,5580.369782426174,4878.184754875623,4483.610761850872
1969-02-15,2053.6222899975437,1794.616262814598,5835.930318224329,5355.350690700794,4696.256545487051,4326.82575225235
1969-02-16,1979.5489694247917,1735.4034843029528,5531.554863604226,5107.529962206202,4484.7284317732,4137.175288670998
1969-02-17,1921.0491327582627,1684.0738124299621,5301.6028150501,4918.073250426858,4321.344849081102,3986.0946217544224
1969-02-18,1878.5525191671086,1644.8019040670808,5119.129143403661,4773.311359831723,4196.041513399437,3868.3470230218
1969-02-19,1862.51033936989,1626.9934245211634,5013.024245597813,4724.9400681667785,4139.113561335207,3811.6595601746612
1969-02-20,1868.9166715788074,1612.3513852827657,5011.276043018908,4737.003154548295,4151.620459516931,3803.09878930604
1969-02-21,1899.9828791708628,1626.4497138904221,5022.518793320256,4780.728487457838,4203.172437695608,3837.239717323967
1969-02-22,1969.788774955603,1668.288220385311,5025.591747581871,4913.813160889487,4276.112344594511,3883.1590173798436
1969-02-23,1975.8077230700112,1650.7535773168554,5159.570053730311,4989.415537242706,4262.462296086248,3846.167691996571
1969-02-24,1888.8492598732037,1585.1010853952153,5233.787241800725,4928.371298104899,4176.814987208905,3783.808954138136
1969-02-25,1853.4000299078384,1567.7407675963336,5466.69575867493,5080.57180372059,4419.361077143183,4032.721727604192
1969-02-26,1870.3377885335904,1649.9024437945575,5736.937388888061,5419.330144778641,4794.072054934404,4456.337978659201
1969-02-27,1938.3852659521185,1782.5547217993908,6345.204246901812,6061.564974113946,5369.08574380627,5069.143593888661
1969-02-28,2026.6031437659426,1889.9531436796287,6807.302830981486,6367.1044388431565,5699.63232537673,5406.363624783289
1969-03-01,2145.762881881549,2033.2889398067286,6635.295656662658,6249.615568326204,5646.725733528614,5386.987324834758
1969-03-02,2348.898308128081,2176.552377565112,6470.271870988003,6255.101392696413,5661.218876893507,5351.761434916512
1969-03-03,2532.5626368530175,2240.179135685335,6489.011847279278,6364.342056201691,5706.814665898952,5285.349901075064
1969-03-04,2657.9161613295905,2366.9868399930056,6497.742892328774,6550.763244184473,5628.152918424865,5217.6786555110275
1969-03-05,2668.5322034436385,2361.223825902635,6839.64725008921,6498.548351031506,5536.846601196512,5113.5881367390375
1969-03-06,2637.7685626452135,2320.5161971456732,6748.170809950589,6297.922845072628,5402.027341906614,4973.970791674146
1969-03-07,2657.7103744344195,2363.7541934122373,6798.241782789116,6464.778416089093,5553.670347535999,5141.547418100263
1969-03-08,2634.0724102519707,2289.9536762328785,7041.677782312707,6584.559776268878,5696.732040919609,5224.999579593237
1969-03-09,2543.505370310757,2201.591419785881,6902.452280664729,6411.718561695213,5534.865966901882,5068.806811273214
1969-03-10,2491.364110518427,2153.9866744813935,6719.682658212156,6305.187311685352,5409.898131635681,4951.563411028994
1969-03-11,2405.887827926969,2078.5978529878084,6619.439584195055,6137.723747751283,5270.319669035969,4824.299183181596
1969-03-12,2286.3730012042342,1983.9036414065617,6320.0936686157875,5777.830152414336,4984.251217418621,4570.938219036152
1969-03-13,2219.0257847277335,1922.8734118242091,6001.424607258941,5566.026316980158,4814.2872178619455,4412.394123466831
1969-03-14,2180.861345075902,1888.0643769295775,5841.384101688167,5467.686423087583,4728.4213823359605,4331.854594427007
1969-03-15,2139.6703869629064,1842.979342173993,5661.2927971539375,5324.928130694074,4581.773341488601,4186.520774174507
1969-03-16,2071.0238294314745,1806.7857563069822,5434.148284076809,5039.604212858992,4352.0521117683675,3997.4351517786854
1969-03-17,2010.7421776502067,1763.1876103259642,5139.74725049265,4763.484975098549,4147.585973893828,3816.869702704247
1969-03-18,1947.3776129507976,1671.277580161009,4905.500425891695,4552.288065908609,3990.577613929803,3635.55530500024
1969-03-19,1735.2565661309466,1418.835095808547,4568.691085284048,4032.2536142298404,3581.3904287748665,3195.448395717525
1969-03-20,1339.8917065975809,1111.8520559205683,3928.9794827810347,3326.491072023109,2926.569351543387,2641.4722455834008
1969-03-21,1067.236125180137,965.1946449610333,3371.796513701266,2831.714149570944,2602.39194577079,2448.595018072121
1969-03-22,1185.2915660865842,1572.8099350975772,3357.5341703692593,3400.1332703203398,3042.426525227254,3360.955999218412
1969-03-23,1801.5785452468338,2051.8323982532747,3913.5478064427707,3894.8503043115925,3915.012727699924,4083.581863615823
1969-03-24,2128.369720356883,2178.6165001531726,3590.671088265178,3725.696370664493,3763.9319502786357,3755.7905739570606
1969-03-25,2558.3382774191623,1704.8881637502163,3245.281531192411,3313.897483695515,4003.7193573149784,3117.7322422525726
1969-03-26,2790.2096189571294,3150.2334542784556,2635.9422719307017,5164.367048933634,3999.5674668292886,4335.753139555742
1969-03-27,4050.229029143473,4923.540067356458,8051.581948698709,8499.995963211288,7676.850214348472,8415.89177398942
1969-03-28,5463.591375893759,5244.789373529888,9667.976730565526,10039.043114825317,9529.766483823701,9147.266235117051
1969-03-29,5819.592355214587,4874.22935181106,11121.672870670367,11732.217450673157,10219.008933659086,9086.908285303663
1969-03-30,5284.859755166337,4423.475687437037,12382.859792579948,11693.11777863345,9672.261806335986,8620.265999586893
1969-03-31,4783.136452868972,3962.7074038637675,12346.892231675101,10967.068259903448,9145.009266887128,8132.114865588087
1969-04-01,4252.874809227995,3535.7251693793164,11915.438238566043,10503.831821674436,8859.8941211858,7934.807446838524
1969-04-02,3612.400989732173,2352.3879780670386,10288.370532065695,8438.206706738887,7541.903509253841,6114.076318635172
1969-04-03,2177.787634473966,2382.088552670856,7951.846262116823,6540.150083797968,5282.456158954409,5359.466259687913
1969-04-04,2901.0740175444057,3835.9610386239274,7604.4529331369395,7094.260916429934,6537.080596222751,7316.437708208792
1969-04-05,3587.8879580302532,2558.2193481440495,5828.84905797033,4436.031268625578,5800.223917224752,4692.2434076614445
1969-04-06,3205.0436863947793,8003.089994177646,2748.7343450881444,4551.138153347715,3941.8153073552826,8729.248718742028
1969-04-07,10851.858064234711,10504.553143306946,5362.5459003674205,10823.692213970173,12254.535964908522,11869.008506058928
1969-04-08,11266.052958117032,8424.79233567899,10082.436185250417,14067.924233186724,11884.11739008669,9034.317091495086
1969-04-09,8758.708662748859,6266.050714305151,14066.903995874269,13404.9064925761,9315.288238691997,6815.253398008251
1969-04-10,6432.455754978756,4676.8216087595465,18477.75051120403,14640.872759273734,11226.924261387489,9254.634062037147
1969-04-11,4990.739587017208,3908.7031356763914,16969.637826412843,13682.624482434701,11117.762739615715,9742.195497327608
1969-04-12,4107.332194664253,3518.4636566180525,13786.116816133406,11381.70784661089,9532.115498879808,8688.049703579947
1969-04-13,3783.6647078310293,3375.7943349993334,10967.661825742347,9433.551254479913,8188.551400344973,7581.0629040847
1969-04-14,3784.5838002139844,3343.4563910194793,9489.708582626512,8870.309852990622,7694.560245289832,7079.4124303091385
1969-04-15,3605.5872160598865,3005.53548976036,8873.502440090513,8109.135202756461,7053.51135575996,6303.687621674653
1969-04-16,3251.2339630632514,2735.09531534353,7916.270159429878,7290.522448376503,6144.683170777162,5507.520246003888
1969-04-17,3002.5242923713577,2534.3167125119066,7560.012957242214,6851.123619327216,5799.114448229595,5214.354336291666
1969-04-18,2743.86685602953,2329.4039403277015,7005.178941336599,6300.49870021648,5371.28020950303,4849.526439435267
1969-04-19,2878.7705957289672,2303.489057363775,6956.197636704817,6403.86802197856,5968.74932838862,5272.540209121544
1969-04-20,3044.37528930589,2735.862157277977,7155.692223251817,8408.557755545231,6810.491369129603,6351.625958217472
1969-04-21,3385.4758631788045,3441.1958938921266,9305.511711207315,8791.487462167483,7479.662668635263,7366.414185237452
1969-04-22,3611.32899479288,3170.8307916894296,7619.294227161782,6803.309422705621,6286.314902433989,5756.745908182917
1969-04-23,3555.8370169345217,2776.2048530029997,7600.673591940241,8013.141641312819,7052.599799573121,6146.1535020361825
1969-04-24,3232.546913892038,3221.5871835534053,10104.411647465571,9831.763985076936,8058.255598762236,7841.8698392815695
1969-04-25,3583.1381781238756,2996.829852440003,10691.891979783204,9263.258548356576,8392.688793100722,7597.238821327686
1969-04-26,3158.995584561758,2913.3604950028207,9270.367500986336,8523.837198053692,7294.357348874105,6870.984366361048
1969-04-27,3244.3371231395417,2925.0453012304624,8947.736214662313,8146.869535713113,7195.249259097837,6705.3691606477805
1969-04-28,3164.0718417621674,2730.227817194597,8447.384713147225,7802.972246204545,6877.16115357068,6284.112383087117
1969-04-29,3063.708082603388,2513.4114023420116,7702.982179112372,7207.455218731087,6308.399130001548,5623.905122135235
1969-04-30,2749.363473528102,2400.9499357802106,7358.001147015846,6876.830571373186,5735.293726229829,5264.345353106098
1969-05-01,2638.7938742883107,2246.7024241501676,7062.579301729812,6297.1200343677565,5443.448651796685,4937.420961583948
1969-05-02,2418.624189437015,2126.9538857787365,6396.468485595036,5811.361694458561,4991.523721232314,4596.611053623463
1969-05-03,2386.675336791414,2074.575918793592,6116.056785740885,5703.980359437305,4928.909836154029,4514.367778392381
1969-05-04,2223.4664445681865,1895.2161899078374,6018.648693242672,5452.86055669382,4759.5790510705465,4328.634967980417
1969-05-05,2060.017290385512,1771.5163869318048,5535.910963198268,5085.456909992592,4386.065173473874,4004.961743316545
1969-05-06,1951.7580405839044,1679.2624552077377,5298.281183484836,4865.655999783086,4210.61782197241,3848.5685658931416
1969-05-07,1834.0582128517724,1588.872473286268,5039.687277711129,4608.817712273808,4001.692206810445,3671.169071175358
1969-05-08,1738.6848050544827,1506.0801775410314,4726.919674343104,4339.714044030915,3779.7670823783938,3467.8603778383795
1969-05-09,1722.6979663694624,1368.7624990805675,4434.865545902423,4177.04403258115,3908.9011616068,3479.2682387849754
1969-05-10,1570.2366190265557,1414.9170646585721,4396.605857645336,4550.98789504022,3755.0129364977706,3520.5272582099606
1969-05-11,1714.6716892286556,1583.1318395183237,5487.459818835523,5222.670961838784,4505.730646537013,4264.438420771596
1969-05-12,1580.0343955263186,1419.4217959508899,5328.444501563048,4515.3791279045145,4140.020085705167,3880.9545885536845
1969-05-13,1540.469492304381,1459.1688597638376,4235.240711287209,4006.8187092512253,3590.6453874008284,3434.9355516610267
1969-05-14,1614.988582174717,1466.8427249658014,4606.641040118229,4318.335220936747,3933.9962916769296,3696.624271776236
1969-05-15,1544.2165974211184,1392.2106437662426,4600.820094486877,4212.27446304606,3840.1841185530884,3598.9395614740297
1969-05-16,1513.7185125508065,1367.665995370108,4210.15667039083,3948.4669713068815,3558.0588483342144,3334.2222365568286
1969-05-17,1520.218210056301,1363.229298367507,4043.016485498072,3836.9677445484094,3429.7146725305142,3200.9978648345486
1969-05-18,1492.0143363991165,1322.1696813972817,3934.2400293744313,3686.4878945218184,3286.4154474671586,3049.9969076282096
1969-05-19,1447.6074623439215,1277.6608030407197,3754.3081183969452,3525.4511004884666,3141.44436079278,2911.3730153589995
1969-05-20,1582.6045413331965,1376.4209376356275,3413.409945419875,3653.764561029314,3352.1697313410555,3095.4311007456704
1969-05-21,1911.039695857902,1571.0043988442044,3940.8515325351655,4825.924294840733,3955.768055257273,3550.5174672434023
1969-05-22,1792.595339108633,1556.1842049941674,7135.340138259662,6463.11940822324,5629.797993917991,5235.1164126045405
1969-05-23,1593.1863468723777,1403.6872694596175,6757.899362030437,5731.537543281191,5097.472792296993,4762.221551935941
1969-05-24,1481.1459201357834,1298.3220629230286,6014.196568091799,5285.256272129367,4747.757570057884,4429.244121173157
1969-05-25,1424.4429345109006,1245.716088940947,5875.605518342785,5306.275788702973,4766.278053089564,4445.076838572284
1969-05-26,1376.0217973578463,1198.4485497578783,5459.8348424839405,4943.249584289761,4444.114784591971,4136.906991933162
1969-05-27,1297.7924418922835,1129.5049949604918,4747.269661381646,4297.209431617446,3847.993955304898,3575.9922699741915
1969-05-28,1231.8468601887378,1080.4482491911922,4208.615564852658,3841.618733862353,3426.524610494974,3188.7632102278303
1969-05-29,1180.9920378997608,1040.3686246681661,3894.067783617732,3564.2990026564166,3181.5700362295684,2963.6552527390795
1969-05-30,1137.2690158379885,1003.9327355472553,3673.2290692809374,3375.69502022963,3021.199884312173,2816.010558280279
1969-05-31,1097.464639144614,972.225107990459,3496.365196483077,3226.343716113757,2891.0291636497395,2697.9181368663535
1969-06-01,1064.1567900016298,945.2196553752865,3342.5434244637972,3091.7944751834057,2774.804188316869,2591.739826118951
1969-06-02,1034.4629899942993,920.2742913920915,3209.974466525375,2976.1182815822003,2673.9377877591205,2498.8021699790856
1969-06-03,1010.8105213421733,891.3194480988153,3126.0570310461435,2897.3757012943847,2619.262010793921,2440.2663828087498
1969-06-04,973.931165864757,873.7846513000525,3039.6180442565264,2840.6452765639215,2544.9255205687105,2386.600012371696
1969-06-05,964.1856965788257,854.2411512514932,2951.456562920618,2747.635511680214,2472.852451938693,2307.472584177896
1969-06-06,934.0398251153842,831.4748330541338,2889.810203379523,2686.6119723109514,2415.553856250156,2258.6238027997397
1969-06-07,908.0441133753421,805.9039116375664,2787.6752218797483,2587.636665922192,2331.8189971074876,2178.294784361342
1969-06-08,882.8975553194107,783.474657594225,2712.8097029230403,2526.8433009228056,2275.0046538679953,2125.4777737288096
1969-06-09,857.988239084081,760.3424536678513,2683.734884873805,2489.6649679350944,2249.308547995781,2101.5172035239825
1969-06-10,829.8686056392095,736.2905402704787,2640.678448814065,2453.0345672529475,2214.7776632109653,2071.0423589675192
1969-06-11,805.7888150948068,714.1922455853613,2538.874542027221,2357.3445725602633,2130.1216678371775,1991.0512455302019
1969-06-12,764.4858687609915,685.1150959020492,2451.8560559221523,2263.6904040001536,2042.5874978437678,1917.7512135310358
1969-06-13,768.8244850083879,659.513741194316,2379.3651688814716,2217.173728165405,2023.7278017705685,1869.8682041939428
1969-06-14,691.8488081089529,604.8475610449545,2302.1128156056852,2117.5717405667015,1900.4632160344854,1770.907266528266
1969-06-15,567.1555804087676,477.9521465017535,1952.2447473492682,1710.1647073746058,1646.8381643787761,1525.9432982999542
1969-06-16,666.4974774523887,616.33419677968,2051.0086695332993,2050.8096494914416,1953.3479397941105,1857.3888058732682
1969-06-17,658.9724936048258,757.6056949664,3154.4656268187737,2967.316127474269,2708.2387582741458,2723.52963983315
1969-06-18,833.4554873313997,622.2275731953193,3235.138777967725,2926.553491484893,2891.4257965536513,2597.2195911553313
1969-06-19,613.8623277669227,549.7949181281233,2495.635707841876,2363.545009720496,2084.528433751539,1964.9681115111066
1969-06-20,774.1875923651014,677.5599903663613,2331.616927304526,2296.1259069540633,2065.1585640956064,1923.14828941512
1969-06-21,739.5831004954402,624.7105245411603,2435.8640116290903,2297.3521266732796,2062.203679403111,1899.9271038420432
1969-06-22,525.9944803357256,420.88450116438116,2142.419093707307,1713.5401659726426,1566.4325483385385,1426.500311515605
1969-06-23,406.40476163666574,319.3463968476073,1794.8370087233166,1574.0288303744471,1459.7881061556975,1339.2001558691625
1969-06-24,277.6046802515749,1387.657821353056,1339.011983431047,1118.667609648452,1029.232335031738,2117.0124702674025
1969-06-25,1392.3340754863918,2690.376352074711,1415.4127089661467,1239.0599375033576,2330.484099364987,3598.130577490577
1969-06-26,2705.7400072616206,1462.8434287026178,797.8104548009314,1875.7834888891146,3179.2077269034544,1925.6162293782033
1969-06-27,1477.853303034553,1282.8922405313065,1610.126095479078,2915.366702885158,1682.5242002041837,1485.6502496477997
1969-06-28,2253.9337409794343,1849.3637720116812,3515.46580995533,3991.613560850546,2984.8350544274003,2558.6371511609054
1969-06-29,1759.9648910585274,1390.6309978251095,4083.5669946021544,3051.841582547336,2514.5404912702043,2122.4279585003387
1969-06-30,1384.7515685668895,1145.1496176310252,2483.0418540921078,2054.2586982313096,1579.8917056946145,1338.6398127877237
1969-07-01,1257.7816017264608,1008.7693629839287,2206.9749094175486,1984.437070619463,1587.9914664738828,1333.2969963823919
1969-07-02,1060.5156327768714,972.6050868324729,3333.964380426462,2934.337824073127,2531.843206588521,2387.3344633529937
1969-07-03,1014.0055689057158,888.068756226734,3440.4712562417103,2986.580937012376,2762.598257500889,2566.4460324343645
1969-07-04,924.7439857302144,813.9226176565681,2923.4094785390553,2671.398028076441,2434.2237866846754,2264.760029975041
1969-07-05,867.9912533732961,778.9095164072048,2675.7266454585774,2423.028624084371,2230.28860537685,2090.1228674082245
1969-07-06,847.4789909258636,811.5860579394705,2524.993788064341,2358.941926925518,2157.306644140534,2072.5729547323235
1969-07-07,852.616967562147,759.7264595410984,2459.0827043499144,2263.6610871828243,2119.158978661318,1979.7360099475495
1969-07-08,782.5798468389426,695.4666528576852,2300.6610892957824,2123.441022623135,1955.6014848797818,1825.964384727021
1969-07-09,741.5331915251603,678.0380751448213,2262.3261578586526,2089.788989877865,1918.7710135075345,1812.456139977688
1969-07-10,741.5452532328203,677.3451508563325,2285.4722443236324,2130.640421530028,1970.0931993543531,1860.551314128203
1969-07-11,719.2187419759136,656.927578598392,2110.5865764066157,1955.9901807762642,1811.4099239623888,1710.1266163906757
1969-07-12,636.638947289729,502.78307536235957,1922.2624986613364,1702.1316142824683,1608.3709218068684,1441.3815739614479
1969-07-13,620.5527009586491,599.9114998487623,2058.908536334479,2024.1826201095728,1804.2548247613893,1740.2606929348585
1969-07-14,682.1475410650106,668.6967817964844,2527.3177441512566,2328.9205487039567,2171.934560387501,2099.9318388771817
1969-07-15,656.4734596926412,597.3776345454098,2882.441828373241,2542.7324095323643,2455.4535852828153,2322.4822468685556
1969-07-16,626.4298659179852,590.8552348352569,2324.5589647875195,2179.2608302992403,2045.0097733881726,1954.038177272948
1969-07-17,640.5153582194187,607.0576331661898,2191.498766057365,2040.7792532101635,1922.4280783340691,1840.442245064551
1969-07-18,642.1509949209037,594.0978609605205,2038.332982268229,1897.7231674514915,1793.8742748984146,1703.3666972565102
1969-07-19,613.573210621792,551.8667590889044,1906.848386231417,1765.1643585359407,1661.3112783332726,1561.9286120838615
1969-07-20,564.7560760455019,479.8519800872724,1810.252338933841,1665.952208430157,1560.8324009010216,1440.9271101346706
1969-07-21,599.1258597108261,542.0886482913802,1808.882822877728,1794.4271784653604,1620.0915358692503,1526.9741082322525
1969-07-22,559.6567798664289,489.26019024570746,2147.791932383617,1948.9747138539142,1813.2553745934065,1698.4917980264124
1969-07-23,477.4718356881748,441.96440813412556,3524.9863892321873,3131.4934471910274,2953.6457987891754,2810.8398552063327
1969-07-24,483.7421241479238,464.93516469138217,3505.596367816685,3092.807291159931,2951.8771713445635,2824.48468886541
1969-07-25,499.2515411202106,482.8259305816089,2716.6372271327336,2466.188457524889,2357.7871314364525,2263.916283810653
1969-07-26,499.2814857607534,487.6984381026953,2074.574024462474,2042.0550943727483,1968.652307767455,1904.7366228961896
1969-07-27,502.89115098572194,507.0278495893501,2061.9004064349892,2076.3341976697993,1886.7083351587348,1830.5184593073732
1969-07-28,525.1836061061421,216.77379432531686,1539.0465515036162,1203.7272048893917,1309.7673576658185,981.0086501635457
1969-07-29,406.38440579828875,1939.7227044601982,943.8401384644092,2979.1603086502882,2724.1353696392075,4218.050943525886
1969-07-30,2138.4795348334796,3356.7040122497024,21269.454483661706,18419.993755155025,19127.081256988982,19434.23707691737
1969-07-31,3460.2770217899774,4581.615938578802,9292.778840537561,9079.163843752423,9995.21750309561,10809.24279581364
1969-08-01,6265.063345588557,5893.188258062244,6557.689421574751,10200.625676823145,9558.64458291509,9049.350271225307
1969-08-02,6017.485556294073,3751.124627633436,10438.10017781784,10006.110556426242,9054.354823116164,6666.485253300287
1969-08-03,4311.967232365936,3712.840153273252,7627.596799982427,7207.834835538561,5049.100027665326,4432.61019591842
1969-08-04,3712.1041949700266,2265.6690063598667,14246.104120102347,10907.998068264807,10209.895021337807,8448.097938714523
1969-08-05,2370.929096572343,4934.512057398404,9072.015081345338,8055.815055602225,6780.337853973363,9155.24176865974
1969-08-06,6412.312870999562,9453.093549201809,14628.676957719592,14769.597119798655,15993.176939594083,18553.703603040853
1969-08-07,10793.183468824587,7730.022437011172,15227.897004058483,18864.77460487535,19283.3963356339,15794.597786300776
1969-08-08,7192.961344240347,5511.3283773272115,16613.242035904885,16099.062570373084,12585.046425364253,10652.198060984769
1969-08-09,5918.009682233601,4444.126519929624,16676.497987275652,13741.343098391257,11074.540008209398,9359.308778906172
1969-08-10,4670.878050264252,3871.603260627603,18843.511130817213,15656.235207415084,13345.017901746407,12103.07471850752
1969-08-11,3994.525735514414,3028.936631284384,15513.591974869165,12772.746839826917,11338.411554702021,10002.883605134359
1969-08-12,3114.5634354909757,2469.2602299796745,11850.12085403617,10163.427859261437,8704.711786485295,7788.693261604144
1969-08-13,2649.7923639649025,2188.57396112748,9985.053218887268,8489.10858962921,7357.369357687399,6673.4557253519115
1969-08-14,2319.3254592395992,1945.9865980803634,8500.534680081302,7302.955370243641,6438.654927334689,5874.0696525845215
1969-08-15,2069.437806790644,1757.3383156330801,7223.330530293573,6380.537144200607,5689.059241468485,5215.7370739983
1969-08-16,1843.6033329455872,1575.5792262559798,6621.371080811961,5847.742609444052,5209.676318223364,4789.330935693517
1969-08-17,1665.8417172578452,1425.1566249310767,6222.429335284623,5443.162032589942,4907.720666416852,4523.07073331495
1969-08-18,1618.6807305809436,1450.0098373101323,5642.564878221465,5098.633398040727,4645.526533603975,4343.39588365143
1969-08-19,1469.0659414057582,1341.6849538273777,5002.841388742734,4464.298414040672,4073.0470549974166,3834.9003355593263
1969-08-20,1422.2961080879245,1259.896545673358,4670.461949588816,4256.523842528771,3915.0343611173994,3646.716266457065
1969-08-21,1331.620259592463,1193.7227011059513,4684.4347646025835,4246.812355115613,3889.868480005761,3642.254248426986
1969-08-22,1289.1778747449164,1158.4181813871824,4584.340792840527,4179.156728668535,3836.7923755490647,3596.680541261876
1969-08-23,1236.194328262,1115.7452789949605,3967.763746404321,3625.3011658661726,3317.884257846899,3111.7380242298323
1969-08-24,1180.693761704115,1062.070230066524,3643.0544632282545,3329.595111864913,3052.1605622612556,2858.2310546939216
1969-08-25,1125.0564172270692,1011.3790467162323,3436.8790175194135,3152.69287532381,2887.995757012336,2704.2536695457147
1969-08-26,1080.6517753653677,973.8941494864681,3295.8272767316603,3039.5524604226316,2780.5148492929557,2606.6889155901254
1969-08-27,1042.7463851828747,941.7960550633429,3195.378874489587,2945.75521456815,2696.8676432584593,2530.957434837159
1969-08-28,1005.5065973577646,910.5991033583196,3077.4725572705734,2836.0967545049143,2599.896048644319,2442.837124315792
1969-08-29,970.5549281585776,880.1109562409599,2961.8674079823577,2730.076853404629,2506.801150944754,2356.9216870726063
1969-08-30,936.6033349275165,849.8661237915497,2857.9671215790986,2636.9308817501264,2424.305592556189,2280.3763343785877
1969-08-31,904.6121038348729,821.2976773135531,2768.805533106948,2556.000684574291,2352.8534166764466,2214.1480663831153
1969-09-01,874.499752414283,794.6198675613737,2685.225160573696,2481.243902763661,2285.660293412575,2152.060543241615
1969-09-02,848.9385424790016,771.8379521597344,2625.0295810673433,2432.156155796654,2246.3959128144593,2116.526554339697
1969-09-03,659.0760918754119,240.65652380979006,1528.1376391227302,1772.7333019171242,1736.513726328038,1294.1452827338535
1969-09-04,233.932063496478,1604.5056683199775,1471.7377492316893,1703.9065353051624,1121.616272223226,2472.6874010791485
1969-09-05,1610.4168539055086,3026.5640231698235,2678.2518585684247,2151.597845949697,3410.5527267399534,4776.25891572764
1969-09-06,3030.4832079341595,1676.3209269901324,2888.053962234143,3702.5292673677814,5045.795068122301,3623.370644205571
1969-09-07,1807.312132879493,1586.1107732182609,3314.4928805667723,4432.71078845753,3184.595327104268,2923.2209918072112
1969-09-08,1622.9292778110666,292.76221524041955,3602.5991174927353,3329.376294082941,3103.7122023320703,1756.3086205070028
1969-09-09,517.3113750334252,630.0331422772861,4549.447428134339,6383.535458826827,4786.556335149899,4793.348176800124
1969-09-10,555.1652805641085,2872.044632541665,12481.317176758419,9190.977383945756,8718.052108614847,10683.453023602699
1969-09-11,2868.1740468195953,3823.4684107097164,10410.903515612079,8485.411927956406,10433.998931900685,11044.971141065656
1969-09-12,4565.101893028416,3622.0984162716995,8284.39727620433,10631.810340053455,10715.52091865725,9494.540584437229
1969-09-13,4175.57794409081,2980.8698136059074,9418.575807199362,10184.943964752376,8370.290500857303,6995.504550459233
1969-09-14,3110.0015502530387,2428.927330222674,8874.596338372665,7293.640306377076,5637.839740480276,4860.291585361744
1969-09-15,2618.034124286711,2097.233571709434,7018.626538949591,5721.513101515916,4605.2536373128005,4012.548870094157
1969-09-16,2190.0494261768536,1777.0986398994107,7355.982739582907,6195.267728797729,5316.463551377212,4771.673555752639
1969-09-17,1853.8563632350529,1512.0211208581998,7162.626178022487,6151.572141927227,5418.8747325019185,4920.9459930010535
1969-09-18,1637.4870531242107,1064.2461854755093,5930.902603104966,5182.716843187918,4816.232685728692,4117.372567807658
1969-09-19,976.4921958334124,931.4691853319066,5086.840642571396,4496.656691084207,3683.6883401683926,3531.998446575055
1969-09-20,1107.1931221228301,1078.2705460852349,5024.111631710399,4294.420402700924,3949.32382767374,3805.4083332499827
1969-09-21,1102.4016641751796,1103.078095112183,4565.004841058323,4053.9080681703485,3839.297336543247,3728.9563251317413
1969-09-22,1172.39371485241,1188.1581365887237,3973.911253989764,3710.6832193054715,3530.773142838058,3453.8504041625015
1969-09-23,1227.3914248900555,1137.8154607807305,3812.966014510819,3550.42397872018,3411.918917055167,3237.5287118815545
1969-09-24,1150.8340289944422,1043.1093391625604,3554.4588081855127,3307.312987828498,3104.404665482588,2922.55725982315
1969-09-25,1136.4784011433164,1020.8682321099803,3391.6161956087267,3216.4180297006255,2958.312660250894,2774.5704552134666
1969-09-26,1113.2640262018792,986.5197592217776,3339.4099914244807,3128.0827756482104,2864.01577338204,2673.076551923502
1969-09-27,1060.5873103075928,946.1710826178355,3221.2413545987793,2993.9186873042763,2747.882968618814,2572.821470472822
1969-09-28,965.4231048706027,851.3139120051134,2965.4571486860527,2720.284409749908,2506.4368170542944,2340.36134172831
1969-09-29,903.4353037355551,875.3794311152733,2919.6133575158597,2690.906888059937,2460.0557501858675,2378.0466044910613
1969-09-30,930.8416810579781,870.9278049156281,2920.047561796254,2689.3032875835997,2542.7636516182183,2425.8923713009995
1969-10-01,918.4816579056294,877.9099949876831,2866.8747251965406,2697.705979243936,2522.7947233083714,2424.897041046472
1969-10-02,927.2524039209085,870.9673302937513,2844.399599796534,2645.85546967397,2497.913113981137,2385.5846756669625
1969-10-03,864.9567115672417,491.8411778786174,2335.8675404472706,1982.0239130104617,2094.537075322557,1685.5537209186223
1969-10-04,421.54290597969907,272.7959772917634,1549.4379225602622,1670.0054718465994,1199.6629167573064,1033.353752703667
1969-10-05,284.3205476005811,451.4651816823207,2386.583875394562,1795.6763681771502,1620.6909174187235,1744.7365456273478
1969-10-06,463.89476674964027,744.838882299042,1925.4492074321283,1653.3237526482635,1794.3196893863837,2031.9386033559504
1969-10-07,743.5533301929997,1270.864047109156,1664.6812194603665,1715.334217212028,1961.5218857165255,2450.2063419663955
1969-10-08,1405.6947455851055,1402.5172751330142,1786.5044988134637,2163.028359399442,2587.1201537013626,2547.0450321057624
1969-10-09,1414.5407278265914,1415.9550918498453,2013.6081462195825,2418.6057014212174,2371.5090589734764,2345.481513608332
1969-10-10,1685.3780190002603,1554.3488187753298,2455.4075336018336,2842.730169076732,2601.7960763269652,2445.070083731905
1969-10-11,1672.1654954117307,1501.4438129566493,3097.499512789812,3054.2479636070984,2739.761836473623,2536.3112873352
1969-10-12,1600.3421564402847,1418.6482076734565,2973.0457537064963,2851.2731938082775,2511.720890601211,2303.9795418882222
1969-10-13,1512.4114842504055,1337.022784798587,3106.0452184576106,2920.8535321857207,2575.581640264434,2367.2236632559548
1969-10-14,1415.8881402454622,1258.9086730879217,3285.6179490535055,3032.138823649834,2704.8336318249667,2504.191363656735
1969-10-15,1333.770041861331,1198.5633103377354,3387.351673972623,3116.0061437953887,2806.4042935333846,2618.5509142511264
1969-10-16,1271.2844691066239,1149.5245676270235,3331.227338316513,3070.0490685491613,2787.5567997235257,2610.5784228248426
1969-10-17,1216.7576610575436,1107.7194070187068,3220.439470642589,2974.587296386871,2715.446457658083,2551.9095299055725
1969-10-18,1168.4735459720996,1069.417078741299,3095.4828604787062,2865.8708856096337,2628.1061820701,2476.717842174417
1969-10-19,1127.9420472307256,1038.3968673031723,2977.876546704705,2770.402557750473,2544.7169159646246,2404.770950607089
1969-10-20,1089.7104810931346,943.2736672260621,2867.4973389592687,2658.39129364795,2455.4638141394985,2260.932054467241
1969-10-21,869.7964326010015,280.27154571077824,2313.227591475714,1876.8859011815998,1869.8787814489776,1251.4571375610894
1969-10-22,233.17597056369868,231.39002516237494,1258.5974896252555,1239.6501111412617,595.0434423432891,588.7768257954359
1969-10-23,226.8722565143621,233.90596374526768,1886.3615003247014,1170.9656023457892,1142.2383372342715,1122.3172884524297
1969-10-24,237.51236653427017,1183.8342903974194,1208.236856159754,1126.6187800235857,1115.2668957999338,2035.9778175473557
1969-10-25,1192.1294889617955,1857.00945430665,1194.9173161382096,1130.4734597280462,2064.299033799375,2703.7261003389744
1969-10-26,1880.0219724161245,1999.3895644490078,802.5674000441903,1752.9342717112445,2404.227264610507,2512.7428748402817
1969-10-27,2319.267129561077,2094.797693594779,1547.4893844175097,2739.27400142448,2636.006171549629,2408.0824785000254
1969-10-28,2362.4496209945155,2049.5218286425797,2803.4550457579103,3238.827601041701,2730.5544812141675,2412.443851581594
1969-10-29,2196.9958212672823,1906.2665258678414,3132.0616531737555,2998.119876512296,2456.3372174765523,2163.435782039291
1969-10-30,2027.3461264584716,1772.7080658854652,2998.355099123062,2775.324252763359,2285.021624664528,2028.1934272548654
1969-10-31,1887.6725392309584,1664.4286077823058,3571.2683093122823,3293.392012520787,2837.767029067156,2585.028775381919
1969-11-01,1759.9487158871393,1556.8310926301053,4020.7758656602746,3665.950236339073,3248.3570515711453,2990.0990209914553
1969-11-02,1647.2914978530869,1462.756061941716,3946.3360358507775,3619.176924417693,3233.1067681021686,2988.970202820547
1969-11-03,1566.1031378009616,1328.2812565578115,4164.272866644225,3807.877371319206,3484.236558470311,3171.827862953305
1969-11-04,1374.8171824837698,1160.0274442935868,3394.7832120419653,3078.0203446886753,2826.187677754102,2562.55372340769
1969-11-05,1083.3949436221783,968.8300509546729,2875.9366175833393,2547.451248106996,2356.195092155082,2201.3657056853817
1969-11-06,1454.7189879794535,879.5276401007857,1724.7031021472344,2036.5761454206113,2386.4576084365694,1802.9385247930995
1969-11-07,1365.7253592742559,1900.8588142108931,2040.9929471969717,3050.0238740756863,2717.809791619117,3233.7574854776076
1969-11-08,2220.2485807252338,7224.995745571179,3060.0941754057612,3139.3236616549493,3679.9818442551837,8666.68501378046
1969-11-09,10157.764726566078,6707.17456065545,3160.658816748866,8784.803920053095,11889.322042522905,8417.509214700205
1969-11-10,7100.465826948321,7541.689693767853,8797.46212140952,13724.555168102142,8859.361120697495,9271.056285170884
1969-11-11,8557.909551004619,8443.714157194408,14903.699047073898,12734.931488991546,10844.260429314314,10670.812639294432
1969-11-12,9259.337538622112,7186.6263740483455,20295.616421402912,19723.336573045188,17443.909587349764,14983.628175547845
1969-11-13,7500.903312283587,5750.149974354685,19320.335606905395,17666.50218422824,14302.47423849231,12237.410529669341
1969-11-14,5932.8482872540535,4811.306329778488,17833.06283108747,14701.54471006769,11952.957968752089,10559.975481946283
1969-11-15,5350.675052493302,4314.5961157457505,15378.86975360697,13184.058627159548,11452.384580072565,10145.397328289335
1969-11-16,4536.560150845174,4226.680962563123,13858.533378765942,12465.936884432624,10385.925781426722,9813.473667732767
1969-11-17,4554.587878737953,4091.3295801467157,12593.300245014776,10979.9412777412,9729.71198194959,9038.047584792252
1969-11-18,4441.447810444694,4015.031119082474,11032.84932170566,10382.490016918387,9013.225561677253,8389.055817128377
1969-11-19,4482.303855418851,3725.4972292125594,10541.91195690773,9813.966312865672,8781.607877972165,7849.5754235426175
1969-11-20,4959.1912642188545,4188.013418839538,8883.620996479396,9412.441200482948,8976.778592156426,8072.640872005183
1969-11-21,4878.410092455546,5881.202249527237,9958.563419161355,11305.180393267485,9109.303602991436,9964.09977021117
1969-11-22,6860.244052487774,6032.587503237057,13478.100945600563,13303.333211750589,12177.834677226709,11135.729437842412
1969-11-23,6283.653005709629,5296.977053164759,13711.666819791904,13366.319627256626,11166.756269049043,9981.477889735543
1969-11-24,5660.139393532496,4388.1144813570045,13717.837962527268,12276.190951048939,10224.814663746225,8765.658990142747
1969-11-25,4492.502832977769,4035.4152651234194,13418.695295751262,11606.201170557722,9387.198656369732,8718.984517605313
1969-11-26,4352.593151969202,3925.7616110594613,12403.438884774672,10641.38670721278,9276.313017065524,8632.710421440815
1969-11-27,4293.90155119278,3835.675876283834,11046.018731836712,10217.739476555409,8930.210827520334,8268.228532241286
1969-11-28,4140.650053515076,3531.358791150478,10359.347443734609,9544.59146836795,8326.526415371103,7535.884385224965
1969-11-29,3835.0600509164724,3280.692728171301,9531.520137842417,8847.674586546907,7521.816582058581,6811.88097101273
1969-11-30,3565.9275655664605,3028.265672584862,9039.257815031959,8204.832712723106,6985.960754710039,6305.736544482728
1969-12-01,3306.625079256525,2820.7946327136383,8397.01433571145,7635.861628651448,6512.91645874895,5895.45520002647
1969-12-02,3083.4308089507194,2669.9191473186065,7924.988858623086,7238.635455397564,6172.983278820126,5632.458189339188
1969-12-03,2920.4686097820136,2500.230107104483,7486.255810205839,6805.605886644461,5881.975280065808,5341.471831554511
1969-12-04,2707.3878353492605,2373.441498985076,6992.975951728324,6412.084569460498,5497.910757288323,5051.192336710404
1969-12-05,2611.548829170735,2289.4794598621393,6691.166294186125,6149.456197801666,5327.258431768434,4895.545494074802
1969-12-06,2485.8913148804286,2173.650735091254,6368.711659369157,5843.137604492407,5089.94378379535,4673.238640879007
1969-12-07,2370.6143178762613,2073.4420633065192,5982.467115611147,5535.246888100013,4814.548271498574,4420.502414832249
1969-12-08,2302.9732567532956,1979.9205442047523,5860.2123980791475,5496.740911801004,4827.684297184794,4408.0876398051705
1969-12-09,2437.023991342262,2044.2314771648562,5808.07296902887,5689.785477599417,5067.213965925813,4574.473835411532
1969-12-10,2318.6118666558004,2149.088015841544,6167.207479262563,5944.417571526516,5181.062279496982,4904.124220986032
1969-12-11,2815.8398482630596,2032.296790165751,5025.086154180843,5040.170728888798,5893.25425177726,5032.584001847501
1969-12-12,3420.0596369835284,4273.255037324353,6021.767571865619,9193.570174909733,7441.5960156791825,8162.837766366111
1969-12-13,5326.564948766954,5204.883467026593,14018.281013696185,13813.322509179226,12462.77872843584,12029.531779805438
1969-12-14,5621.430913154243,5172.472095629446,13446.445782742314,13108.398008307611,11327.942769103072,10634.60472562298
1969-12-15,5634.756464095857,4840.2905770331745,13422.379745495384,12668.115723688214,10787.322116854019,9771.353715468686
1969-12-16,5189.44189901143,4327.009761573396,13848.722323565991,12627.615982579686,10634.246680372613,9528.383330261
1969-12-17,4696.19071922837,3898.4522869534103,13494.585772275124,12075.189072110461,10144.564403999582,9099.4347414794
1969-12-18,4257.015191483095,3519.8710945057255,12590.150102449024,11171.099441990169,9431.771800444458,8459.784381301266
1969-12-19,3843.4249707730164,3182.7858532790224,11441.234445618895,10182.203950059029,8607.454958772138,7733.397613421055
1969-12-20,3486.4236433889137,2914.527491312106,10455.232574423408,9333.720384568112,7901.110415720798,7133.3282535802655
1969-12-21,3194.9031592457454,2694.9062152060346,9648.438349549151,8603.115411243945,7339.675688468984,6657.601996207062
1969-12-22,3000.9156804926088,2555.5035329977054,9762.051933103521,8920.021029566251,7726.2588208378165,7075.426113533017
1969-12-23,2990.7703305267096,2515.1018194474186,12541.831766014868,11638.362601049594,10297.69023991772,9469.123937320866
1969-12-24,2816.3449549358907,2380.86320890389,15193.292556716493,13404.617913630682,12041.157406723407,11136.606284256264
1969-12-25,2636.3140848243484,2250.113207594187,11969.598501113382,10528.78140984813,9388.399772088525,8674.888087467663
1969-12-26,2489.4822032775137,2140.2669495724285,10459.420544755272,9306.133584713656,8294.144151956216,7670.017082965149
1969-12-27,2373.0649358212045,2046.866571570813,9376.292692675863,8427.168647034963,7500.010120786733,6935.864280166743
1969-12-28,2278.409740776884,1972.0602600227057,8492.655131433034,7682.194176809105,6823.258210369424,6310.25696658491
1969-12-29,2198.9353851116784,1904.5085361746435,7793.99270507367,7098.435693297252,6290.204236632733,5813.365713033563
1969-12-30,2122.0169062015066,1843.7302067554026,7230.198858258392,6599.304406429971,5833.845465262793,5392.791522385416
1969-12-31,2059.0711604168405,1793.3531353696715,6803.348728164221,6239.4528832753085,5510.520734834128,5095.431762511458
